#wavelengths flux error
3.566974365234375000e+03 8.377839843750000000e+04 0.000000000000000000e+00
3.567794921875000000e+03 8.377839843750000000e+04 0.000000000000000000e+00
3.568617675781250000e+03 8.377839843750000000e+04 0.000000000000000000e+00
3.569438476562500000e+03 8.377839843750000000e+04 0.000000000000000000e+00
3.570261718750000000e+03 8.377839843750000000e+04 0.000000000000000000e+00
3.571083007812500000e+03 8.377839843750000000e+04 0.000000000000000000e+00
3.571906494140625000e+03 8.377839843750000000e+04 0.000000000000000000e+00
3.572728271484375000e+03 8.377839843750000000e+04 0.000000000000000000e+00
3.573550048828125000e+03 8.377839843750000000e+04 0.000000000000000000e+00
3.574374023437500000e+03 8.377839843750000000e+04 0.000000000000000000e+00
3.575196289062500000e+03 8.377839843750000000e+04 0.000000000000000000e+00
3.576020751953125000e+03 8.377839843750000000e+04 0.000000000000000000e+00
3.576843505859375000e+03 8.377839843750000000e+04 0.000000000000000000e+00
3.577668212890625000e+03 8.377839843750000000e+04 0.000000000000000000e+00
3.578491455078125000e+03 8.377839843750000000e+04 0.000000000000000000e+00
3.579314453125000000e+03 8.377839843750000000e+04 0.000000000000000000e+00
3.580139892578125000e+03 -9.544644531250000000e+04 0.000000000000000000e+00
3.580963623046875000e+03 7.457435156250000000e+04 0.000000000000000000e+00
3.581789306640625000e+03 -2.603768750000000000e+04 0.000000000000000000e+00
3.582613281250000000e+03 -2.244169531250000000e+04 0.000000000000000000e+00
3.583439453125000000e+03 3.806811328125000000e+04 0.000000000000000000e+00
3.584263916015625000e+03 -2.423057812500000000e+04 0.000000000000000000e+00
3.585088378906250000e+03 2.157566601562500000e+04 0.000000000000000000e+00
3.585915039062500000e+03 -1.520699218750000000e+04 0.000000000000000000e+00
3.586739990234375000e+03 7.848047851562500000e+03 0.000000000000000000e+00
3.587567138671875000e+03 3.808008056640625000e+03 0.000000000000000000e+00
3.588392333984375000e+03 -8.155909179687500000e+03 0.000000000000000000e+00
3.589219970703125000e+03 1.069528906250000000e+04 0.000000000000000000e+00
3.590045654296875000e+03 -9.183830078125000000e+03 0.000000000000000000e+00
3.590871582031250000e+03 5.924107421875000000e+03 0.000000000000000000e+00
3.591699462890625000e+03 -2.558067871093750000e+03 0.000000000000000000e+00
3.592525878906250000e+03 -6.103761596679687500e+02 0.000000000000000000e+00
3.593354248046875000e+03 3.673556152343750000e+03 0.000000000000000000e+00
3.594180908203125000e+03 -4.541710937500000000e+03 0.000000000000000000e+00
3.595009765625000000e+03 4.027448974609375000e+03 0.000000000000000000e+00
3.595836669921875000e+03 -3.533434814453125000e+03 0.000000000000000000e+00
3.596663818359375000e+03 1.929288696289062500e+03 0.000000000000000000e+00
3.597493408203125000e+03 1.142578247070312500e+03 0.000000000000000000e+00
3.598320800781250000e+03 -1.834345336914062500e+03 0.000000000000000000e+00
3.599150634765625000e+03 2.067602783203125000e+03 0.000000000000000000e+00
3.599978759765625000e+03 -1.596405151367187500e+03 0.000000000000000000e+00
3.600808837890625000e+03 1.042151977539062500e+03 0.000000000000000000e+00
3.601637207031250000e+03 -3.619291992187500000e+02 0.000000000000000000e+00
3.602467773437500000e+03 -1.963565521240234375e+02 0.000000000000000000e+00
3.603296386718750000e+03 5.409886474609375000e+02 0.000000000000000000e+00
3.604125244140625000e+03 -6.498510742187500000e+02 0.000000000000000000e+00
3.604956542968750000e+03 7.396351928710937500e+02 0.000000000000000000e+00
3.605785888671875000e+03 -4.776034851074218750e+02 0.000000000000000000e+00
3.606617187500000000e+03 1.850265655517578125e+02 0.000000000000000000e+00
3.607447021484375000e+03 1.413190002441406250e+02 0.000000000000000000e+00
3.608278808593750000e+03 -2.347169494628906250e+02 0.000000000000000000e+00
3.609108886718750000e+03 2.795264282226562500e+02 0.000000000000000000e+00
3.609939208984375000e+03 -1.625086822509765625e+02 0.000000000000000000e+00
3.610771728515625000e+03 1.767153778076171875e+02 0.000000000000000000e+00
3.611602294921875000e+03 -2.882539939880371094e+01 0.000000000000000000e+00
3.612435058593750000e+03 1.418194580078125000e+01 0.000000000000000000e+00
3.613266113281250000e+03 1.270985565185546875e+02 0.000000000000000000e+00
3.614099365234375000e+03 -5.833202362060546875e+01 0.000000000000000000e+00
3.614930664062500000e+03 1.307840576171875000e+02 0.000000000000000000e+00
3.615762451171875000e+03 -2.417644500732421875e+01 0.000000000000000000e+00
3.616596191406250000e+03 7.766462707519531250e+01 0.000000000000000000e+00
3.617428222656250000e+03 5.489032745361328125e+01 0.000000000000000000e+00
3.618262451171875000e+03 -2.569873094558715820e+00 0.000000000000000000e+00
3.619094726562500000e+03 8.879441833496093750e+01 0.000000000000000000e+00
3.619929199218750000e+03 1.010001754760742188e+01 0.000000000000000000e+00
3.620761962890625000e+03 6.743419647216796875e+01 0.000000000000000000e+00
3.621594970703125000e+03 2.437407112121582031e+01 0.000000000000000000e+00
3.622430175781250000e+03 3.809035491943359375e+01 0.000000000000000000e+00
3.623263427734375000e+03 6.070248413085937500e+01 0.000000000000000000e+00
3.624098876953125000e+03 1.814653968811035156e+01 0.000000000000000000e+00
3.624932617187500000e+03 5.761471557617187500e+01 0.000000000000000000e+00
3.625768554687500000e+03 1.257183265686035156e+01 0.000000000000000000e+00
3.626602783203125000e+03 4.223451614379882812e+01 0.000000000000000000e+00
3.627437011718750000e+03 2.723197746276855469e+01 0.000000000000000000e+00
3.628273437500000000e+03 2.211545562744140625e+01 0.000000000000000000e+00
3.629108154296875000e+03 7.115100860595703125e+01 0.000000000000000000e+00
3.629945068359375000e+03 1.863904190063476562e+01 0.000000000000000000e+00
3.630780029296875000e+03 5.301211929321289062e+01 0.000000000000000000e+00
3.631617431640625000e+03 3.535805892944335938e+01 0.000000000000000000e+00
3.632452880859375000e+03 3.207621002197265625e+01 0.000000000000000000e+00
3.633288330078125000e+03 5.152449035644531250e+01 0.000000000000000000e+00
3.634126220703125000e+03 4.541916656494140625e+01 0.000000000000000000e+00
3.634962158203125000e+03 2.712196922302246094e+01 0.000000000000000000e+00
3.635800537109375000e+03 5.503112030029296875e+01 0.000000000000000000e+00
3.636636962890625000e+03 5.931774520874023438e+01 0.000000000000000000e+00
3.637475585937500000e+03 4.619260787963867188e+01 0.000000000000000000e+00
3.638312255859375000e+03 4.451236724853515625e+01 0.000000000000000000e+00
3.639149169921875000e+03 5.457684707641601562e+01 0.000000000000000000e+00
3.639988525390625000e+03 4.795844650268554688e+01 0.000000000000000000e+00
3.640825927734375000e+03 4.920581817626953125e+01 0.000000000000000000e+00
3.641665283203125000e+03 4.893205261230468750e+01 0.000000000000000000e+00
3.642503173828125000e+03 5.071895217895507812e+01 0.000000000000000000e+00
3.643343017578125000e+03 4.687072753906250000e+01 0.000000000000000000e+00
3.644181152343750000e+03 4.167147064208984375e+01 0.000000000000000000e+00
3.645019531250000000e+03 5.759504699707031250e+01 0.000000000000000000e+00
3.645860107421875000e+03 5.003804397583007812e+01 0.000000000000000000e+00
3.646698974609375000e+03 3.785930252075195312e+01 0.000000000000000000e+00
3.647539794921875000e+03 4.474249267578125000e+01 0.000000000000000000e+00
3.648378906250000000e+03 5.406372070312500000e+01 0.000000000000000000e+00
3.649220214843750000e+03 5.061843490600585938e+01 0.000000000000000000e+00
3.650059570312500000e+03 5.478213882446289062e+01 0.000000000000000000e+00
3.650899414062500000e+03 5.238755416870117188e+01 0.000000000000000000e+00
3.651741210937500000e+03 6.018569946289062500e+01 0.000000000000000000e+00
3.652581298828125000e+03 5.257104110717773438e+01 0.000000000000000000e+00
3.653423583984375000e+03 4.949604797363281250e+01 0.000000000000000000e+00
3.654264160156250000e+03 5.565548324584960938e+01 0.000000000000000000e+00
3.655106689453125000e+03 2.311506080627441406e+01 0.000000000000000000e+00
3.655947509765625000e+03 3.542309570312500000e+01 0.000000000000000000e+00
3.656788574218750000e+03 3.815254974365234375e+01 0.000000000000000000e+00
3.657631835937500000e+03 3.909686279296875000e+01 0.000000000000000000e+00
3.658473388671875000e+03 4.962512207031250000e+01 0.000000000000000000e+00
3.659316894531250000e+03 5.460748672485351562e+01 0.000000000000000000e+00
3.660158691406250000e+03 3.304741668701171875e+01 0.000000000000000000e+00
3.661002929687500000e+03 2.349817848205566406e+01 0.000000000000000000e+00
3.661844970703125000e+03 2.088847160339355469e+01 0.000000000000000000e+00
3.662687500000000000e+03 2.931858253479003906e+01 0.000000000000000000e+00
3.663531982421875000e+03 4.530694961547851562e+01 0.000000000000000000e+00
3.664374755859375000e+03 5.832715988159179688e+01 0.000000000000000000e+00
3.665219726562500000e+03 6.105524826049804688e+01 0.000000000000000000e+00
3.666062988281250000e+03 5.542631530761718750e+01 0.000000000000000000e+00
3.666908447265625000e+03 6.998748016357421875e+01 0.000000000000000000e+00
3.667751953125000000e+03 7.302857208251953125e+01 0.000000000000000000e+00
3.668597656250000000e+03 6.043836212158203125e+01 0.000000000000000000e+00
3.669441650390625000e+03 5.302966308593750000e+01 0.000000000000000000e+00
3.670285888671875000e+03 5.903136444091796875e+01 0.000000000000000000e+00
3.671132080078125000e+03 7.358983612060546875e+01 0.000000000000000000e+00
3.671976806640625000e+03 6.154712677001953125e+01 0.000000000000000000e+00
3.672823486328125000e+03 5.554700088500976562e+01 0.000000000000000000e+00
3.673668457031250000e+03 5.616994094848632812e+01 0.000000000000000000e+00
3.674515625000000000e+03 4.947009277343750000e+01 0.000000000000000000e+00
3.675360839843750000e+03 5.239841842651367188e+01 0.000000000000000000e+00
3.676206298828125000e+03 6.027169418334960938e+01 0.000000000000000000e+00
3.677054199218750000e+03 5.486268615722656250e+01 0.000000000000000000e+00
3.677899902343750000e+03 5.164596557617187500e+01 0.000000000000000000e+00
3.678748046875000000e+03 5.282802581787109375e+01 0.000000000000000000e+00
3.679594482421875000e+03 5.654941558837890625e+01 0.000000000000000000e+00
3.680442871093750000e+03 6.995523071289062500e+01 0.000000000000000000e+00
3.681289550781250000e+03 6.410710144042968750e+01 0.000000000000000000e+00
3.682136474609375000e+03 6.890171051025390625e+01 0.000000000000000000e+00
3.682985595703125000e+03 6.353927612304687500e+01 0.000000000000000000e+00
3.683832763671875000e+03 5.099298095703125000e+01 0.000000000000000000e+00
3.684682373046875000e+03 4.996900939941406250e+01 0.000000000000000000e+00
3.685530029296875000e+03 5.590148544311523438e+01 0.000000000000000000e+00
3.686379882812500000e+03 5.627135086059570312e+01 0.000000000000000000e+00
3.687227783203125000e+03 5.576760101318359375e+01 0.000000000000000000e+00
3.688076171875000000e+03 5.773265075683593750e+01 0.000000000000000000e+00
3.688926513671875000e+03 5.095366287231445312e+01 0.000000000000000000e+00
3.689775146484375000e+03 3.475843811035156250e+01 0.000000000000000000e+00
3.690625976562500000e+03 3.150046348571777344e+01 0.000000000000000000e+00
3.691475097656250000e+03 2.450007438659667969e+01 0.000000000000000000e+00
3.692326416015625000e+03 3.676507949829101562e+01 0.000000000000000000e+00
3.693175781250000000e+03 4.897470474243164062e+01 0.000000000000000000e+00
3.694025390625000000e+03 5.431724548339843750e+01 0.000000000000000000e+00
3.694877197265625000e+03 6.058633041381835938e+01 0.000000000000000000e+00
3.695727294921875000e+03 6.579267883300781250e+01 0.000000000000000000e+00
3.696579345703125000e+03 5.782386016845703125e+01 0.000000000000000000e+00
3.697429931640625000e+03 6.420033264160156250e+01 0.000000000000000000e+00
3.698282470703125000e+03 6.237835693359375000e+01 0.000000000000000000e+00
3.699133300781250000e+03 5.103605270385742188e+01 0.000000000000000000e+00
3.699984130859375000e+03 4.713623428344726562e+01 0.000000000000000000e+00
3.700837402343750000e+03 5.296545791625976562e+01 0.000000000000000000e+00
3.701688720703125000e+03 6.220247650146484375e+01 0.000000000000000000e+00
3.702542480468750000e+03 6.007832717895507812e+01 0.000000000000000000e+00
3.703394287109375000e+03 4.753884887695312500e+01 0.000000000000000000e+00
3.704248291015625000e+03 4.124470138549804688e+01 0.000000000000000000e+00
3.705100341796875000e+03 4.708907699584960938e+01 0.000000000000000000e+00
3.705952636718750000e+03 4.605710601806640625e+01 0.000000000000000000e+00
3.706807373046875000e+03 4.498301315307617188e+01 0.000000000000000000e+00
3.707659912109375000e+03 4.040166473388671875e+01 0.000000000000000000e+00
3.708514892578125000e+03 4.450277328491210938e+01 0.000000000000000000e+00
3.709368164062500000e+03 5.025763702392578125e+01 0.000000000000000000e+00
3.710223388671875000e+03 4.948141860961914062e+01 0.000000000000000000e+00
3.711077148437500000e+03 5.469199371337890625e+01 0.000000000000000000e+00
3.711930664062500000e+03 5.405736923217773438e+01 0.000000000000000000e+00
3.712786621093750000e+03 5.106938934326171875e+01 0.000000000000000000e+00
3.713640869140625000e+03 5.442651367187500000e+01 0.000000000000000000e+00
3.714497314453125000e+03 5.684313201904296875e+01 0.000000000000000000e+00
3.715351806640625000e+03 5.120664215087890625e+01 0.000000000000000000e+00
3.716208496093750000e+03 4.918144226074218750e+01 0.000000000000000000e+00
3.717063476562500000e+03 5.295941162109375000e+01 0.000000000000000000e+00
3.717918457031250000e+03 5.635696029663085938e+01 0.000000000000000000e+00
3.718775878906250000e+03 5.406185913085937500e+01 0.000000000000000000e+00
3.719631347656250000e+03 5.159753417968750000e+01 0.000000000000000000e+00
3.720489013671875000e+03 5.137654113769531250e+01 0.000000000000000000e+00
3.721344970703125000e+03 4.546726226806640625e+01 0.000000000000000000e+00
3.722203125000000000e+03 5.195076370239257812e+01 0.000000000000000000e+00
3.723059326171875000e+03 5.131128311157226562e+01 0.000000000000000000e+00
3.723915771484375000e+03 5.414170455932617188e+01 0.000000000000000000e+00
3.724774658203125000e+03 5.934315109252929688e+01 0.000000000000000000e+00
3.725631591796875000e+03 5.734187698364257812e+01 0.000000000000000000e+00
3.726490478515625000e+03 5.048436355590820312e+01 0.000000000000000000e+00
3.727347900390625000e+03 4.013955688476562500e+01 0.000000000000000000e+00
3.728207275390625000e+03 4.296086502075195312e+01 0.000000000000000000e+00
3.729064941406250000e+03 4.973981857299804688e+01 0.000000000000000000e+00
3.729922851562500000e+03 4.902859878540039062e+01 0.000000000000000000e+00
3.730782958984375000e+03 4.558588027954101562e+01 0.000000000000000000e+00
3.731641357421875000e+03 5.297038650512695312e+01 0.000000000000000000e+00
3.732501708984375000e+03 4.211808395385742188e+01 0.000000000000000000e+00
3.733360351562500000e+03 4.388610458374023438e+01 0.000000000000000000e+00
3.734221435546875000e+03 5.298018646240234375e+01 0.000000000000000000e+00
3.735080322265625000e+03 5.715339279174804688e+01 0.000000000000000000e+00
3.735941650390625000e+03 5.641322708129882812e+01 0.000000000000000000e+00
3.736801269531250000e+03 5.992551040649414062e+01 0.000000000000000000e+00
3.737660888671875000e+03 5.913913345336914062e+01 0.000000000000000000e+00
3.738522705078125000e+03 5.919453048706054688e+01 0.000000000000000000e+00
3.739382812500000000e+03 5.713749694824218750e+01 0.000000000000000000e+00
3.740245117187500000e+03 5.669996643066406250e+01 0.000000000000000000e+00
3.741105468750000000e+03 5.916799163818359375e+01 0.000000000000000000e+00
3.741968261718750000e+03 5.555284500122070312e+01 0.000000000000000000e+00
3.742829101562500000e+03 5.966038131713867188e+01 0.000000000000000000e+00
3.743689941406250000e+03 5.949481964111328125e+01 0.000000000000000000e+00
3.744553222656250000e+03 5.759639358520507812e+01 0.000000000000000000e+00
3.745414794921875000e+03 5.627759552001953125e+01 0.000000000000000000e+00
3.746278564453125000e+03 5.457850265502929688e+01 0.000000000000000000e+00
3.747140380859375000e+03 5.388880157470703125e+01 0.000000000000000000e+00
3.748004394531250000e+03 5.777440643310546875e+01 0.000000000000000000e+00
3.748866699218750000e+03 5.526700973510742188e+01 0.000000000000000000e+00
3.749729003906250000e+03 5.358075332641601562e+01 0.000000000000000000e+00
3.750593750000000000e+03 5.580005264282226562e+01 0.000000000000000000e+00
3.751456542968750000e+03 5.648413467407226562e+01 0.000000000000000000e+00
3.752321533203125000e+03 5.151996994018554688e+01 0.000000000000000000e+00
3.753184814453125000e+03 5.015200805664062500e+01 0.000000000000000000e+00
3.754050292968750000e+03 5.264962768554687500e+01 0.000000000000000000e+00
3.754913818359375000e+03 5.699222564697265625e+01 0.000000000000000000e+00
3.755777587890625000e+03 5.625281906127929688e+01 0.000000000000000000e+00
3.756643798828125000e+03 4.889965438842773438e+01 0.000000000000000000e+00
3.757508056640625000e+03 4.679161834716796875e+01 0.000000000000000000e+00
3.758374511718750000e+03 5.064693450927734375e+01 0.000000000000000000e+00
3.759239013671875000e+03 4.859243011474609375e+01 0.000000000000000000e+00
3.760105957031250000e+03 4.886005783081054688e+01 0.000000000000000000e+00
3.760970947265625000e+03 5.319565200805664062e+01 0.000000000000000000e+00
3.761836181640625000e+03 5.481451797485351562e+01 0.000000000000000000e+00
3.762703613281250000e+03 5.101416778564453125e+01 0.000000000000000000e+00
3.763569335937500000e+03 4.923913192749023438e+01 0.000000000000000000e+00
3.764437011718750000e+03 5.578372573852539062e+01 0.000000000000000000e+00
3.765302978515625000e+03 5.311642074584960938e+01 0.000000000000000000e+00
3.766171386718750000e+03 4.736313629150390625e+01 0.000000000000000000e+00
3.767037841796875000e+03 4.925280761718750000e+01 0.000000000000000000e+00
3.767904296875000000e+03 4.433446884155273438e+01 0.000000000000000000e+00
3.768773193359375000e+03 4.390502166748046875e+01 0.000000000000000000e+00
3.769640136718750000e+03 4.210334396362304688e+01 0.000000000000000000e+00
3.770509521484375000e+03 4.862942886352539062e+01 0.000000000000000000e+00
3.771376953125000000e+03 5.148288726806640625e+01 0.000000000000000000e+00
3.772246582031250000e+03 4.317708206176757812e+01 0.000000000000000000e+00
3.773114501953125000e+03 4.790296173095703125e+01 0.000000000000000000e+00
3.773982421875000000e+03 4.247853851318359375e+01 0.000000000000000000e+00
3.774852783203125000e+03 4.359543991088867188e+01 0.000000000000000000e+00
3.775720947265625000e+03 3.906595611572265625e+01 0.000000000000000000e+00
3.776591796875000000e+03 3.898764038085937500e+01 0.000000000000000000e+00
3.777460449218750000e+03 4.905913925170898438e+01 0.000000000000000000e+00
3.778331542968750000e+03 3.955675125122070312e+01 0.000000000000000000e+00
3.779200927734375000e+03 4.270480346679687500e+01 0.000000000000000000e+00
3.780070312500000000e+03 4.589137649536132812e+01 0.000000000000000000e+00
3.780941894531250000e+03 4.740107345581054688e+01 0.000000000000000000e+00
3.781811767578125000e+03 4.317782211303710938e+01 0.000000000000000000e+00
3.782683837890625000e+03 3.570383834838867188e+01 0.000000000000000000e+00
3.783553955078125000e+03 3.978567886352539062e+01 0.000000000000000000e+00
3.784426513671875000e+03 3.361779022216796875e+01 0.000000000000000000e+00
3.785297119140625000e+03 4.036344528198242188e+01 0.000000000000000000e+00
3.786167968750000000e+03 3.966763305664062500e+01 0.000000000000000000e+00
3.787041015625000000e+03 3.459708404541015625e+01 0.000000000000000000e+00
3.787912109375000000e+03 3.710029983520507812e+01 0.000000000000000000e+00
3.788785644531250000e+03 3.214145278930664062e+01 0.000000000000000000e+00
3.789657226562500000e+03 3.813853073120117188e+01 0.000000000000000000e+00
3.790531005859375000e+03 3.365570831298828125e+01 0.000000000000000000e+00
3.791403076171875000e+03 3.200415802001953125e+01 0.000000000000000000e+00
3.792275390625000000e+03 3.644150161743164062e+01 0.000000000000000000e+00
3.793149902343750000e+03 3.824493408203125000e+01 0.000000000000000000e+00
3.794022460937500000e+03 3.746718597412109375e+01 0.000000000000000000e+00
3.794897216796875000e+03 3.579020690917968750e+01 0.000000000000000000e+00
3.795770263671875000e+03 3.530012893676757812e+01 0.000000000000000000e+00
3.796645507812500000e+03 3.777191543579101562e+01 0.000000000000000000e+00
3.797519042968750000e+03 3.805834960937500000e+01 0.000000000000000000e+00
3.798392578125000000e+03 3.385713577270507812e+01 0.000000000000000000e+00
3.799268554687500000e+03 3.378071975708007812e+01 0.000000000000000000e+00
3.800142578125000000e+03 3.221541595458984375e+01 0.000000000000000000e+00
3.801018798828125000e+03 3.714241409301757812e+01 0.000000000000000000e+00
3.801893310546875000e+03 3.452387237548828125e+01 0.000000000000000000e+00
3.802770019531250000e+03 3.085256576538085938e+01 0.000000000000000000e+00
3.803644775390625000e+03 3.604199981689453125e+01 0.000000000000000000e+00
3.804521972656250000e+03 3.379589080810546875e+01 0.000000000000000000e+00
3.805397216796875000e+03 3.224348068237304688e+01 0.000000000000000000e+00
3.806272705078125000e+03 3.020473480224609375e+01 0.000000000000000000e+00
3.807150390625000000e+03 3.359311676025390625e+01 0.000000000000000000e+00
3.808026123046875000e+03 3.645437240600585938e+01 0.000000000000000000e+00
3.808904296875000000e+03 3.204674530029296875e+01 0.000000000000000000e+00
3.809780517578125000e+03 3.052047157287597656e+01 0.000000000000000000e+00
3.810658935546875000e+03 3.266091918945312500e+01 0.000000000000000000e+00
3.811535644531250000e+03 3.033982276916503906e+01 0.000000000000000000e+00
3.812412597656250000e+03 3.079319953918457031e+01 0.000000000000000000e+00
3.813291748046875000e+03 3.486302185058593750e+01 0.000000000000000000e+00
3.814168945312500000e+03 3.646160507202148438e+01 0.000000000000000000e+00
3.815048339843750000e+03 3.501731491088867188e+01 0.000000000000000000e+00
3.815926025390625000e+03 3.822983551025390625e+01 0.000000000000000000e+00
3.816805908203125000e+03 3.712911605834960938e+01 0.000000000000000000e+00
3.817684082031250000e+03 3.189828681945800781e+01 0.000000000000000000e+00
3.818562255859375000e+03 2.985825538635253906e+01 0.000000000000000000e+00
3.819442871093750000e+03 3.320370483398437500e+01 0.000000000000000000e+00
3.820321533203125000e+03 3.294916915893554688e+01 0.000000000000000000e+00
3.821202392578125000e+03 3.382745361328125000e+01 0.000000000000000000e+00
3.822081542968750000e+03 3.392802429199218750e+01 0.000000000000000000e+00
3.822962890625000000e+03 3.550399398803710938e+01 0.000000000000000000e+00
3.823842285156250000e+03 3.654117584228515625e+01 0.000000000000000000e+00
3.824721923828125000e+03 3.419303131103515625e+01 0.000000000000000000e+00
3.825604003906250000e+03 3.210177993774414062e+01 0.000000000000000000e+00
3.826484130859375000e+03 3.225296020507812500e+01 0.000000000000000000e+00
3.827366455078125000e+03 3.484632110595703125e+01 0.000000000000000000e+00
3.828246826171875000e+03 3.455376815795898438e+01 0.000000000000000000e+00
3.829129638671875000e+03 3.498182296752929688e+01 0.000000000000000000e+00
3.830010498046875000e+03 3.690325164794921875e+01 0.000000000000000000e+00
3.830891601562500000e+03 2.874608993530273438e+01 0.000000000000000000e+00
3.831775146484375000e+03 3.017659378051757812e+01 0.000000000000000000e+00
3.832656494140625000e+03 3.097029304504394531e+01 0.000000000000000000e+00
3.833540283203125000e+03 3.108049011230468750e+01 0.000000000000000000e+00
3.834422363281250000e+03 3.285635375976562500e+01 0.000000000000000000e+00
3.835306396484375000e+03 3.403310012817382812e+01 0.000000000000000000e+00
3.836188720703125000e+03 3.102770423889160156e+01 0.000000000000000000e+00
3.837071289062500000e+03 3.518770217895507812e+01 0.000000000000000000e+00
3.837956054687500000e+03 3.448630142211914062e+01 0.000000000000000000e+00
3.838839111328125000e+03 3.068097496032714844e+01 0.000000000000000000e+00
3.839724365234375000e+03 2.877105522155761719e+01 0.000000000000000000e+00
3.840607666015625000e+03 2.946479797363281250e+01 0.000000000000000000e+00
3.841493164062500000e+03 2.966202735900878906e+01 0.000000000000000000e+00
3.842376953125000000e+03 3.064906501770019531e+01 0.000000000000000000e+00
3.843260986328125000e+03 2.874486160278320312e+01 0.000000000000000000e+00
3.844147216796875000e+03 2.957046890258789062e+01 0.000000000000000000e+00
3.845031494140625000e+03 3.072111511230468750e+01 0.000000000000000000e+00
3.845918212890625000e+03 2.831515693664550781e+01 0.000000000000000000e+00
3.846802978515625000e+03 2.913741683959960938e+01 0.000000000000000000e+00
3.847689941406250000e+03 2.830742073059082031e+01 0.000000000000000000e+00
3.848575195312500000e+03 2.866059494018554688e+01 0.000000000000000000e+00
3.849460449218750000e+03 3.058583641052246094e+01 0.000000000000000000e+00
3.850348144531250000e+03 3.087395095825195312e+01 0.000000000000000000e+00
3.851233886718750000e+03 2.864244270324707031e+01 0.000000000000000000e+00
3.852122070312500000e+03 2.910467147827148438e+01 0.000000000000000000e+00
3.853008300781250000e+03 2.928536224365234375e+01 0.000000000000000000e+00
3.853896728515625000e+03 2.955603981018066406e+01 0.000000000000000000e+00
3.854783203125000000e+03 2.964877700805664062e+01 0.000000000000000000e+00
3.855670166015625000e+03 2.993653678894042969e+01 0.000000000000000000e+00
3.856559082031250000e+03 2.931797409057617188e+01 0.000000000000000000e+00
3.857446289062500000e+03 2.583473587036132812e+01 0.000000000000000000e+00
3.858335937500000000e+03 3.021323204040527344e+01 0.000000000000000000e+00
3.859223388671875000e+03 3.151438713073730469e+01 0.000000000000000000e+00
3.860113525390625000e+03 2.918757820129394531e+01 0.000000000000000000e+00
3.861001464843750000e+03 2.712154006958007812e+01 0.000000000000000000e+00
3.861889648437500000e+03 2.689342498779296875e+01 0.000000000000000000e+00
3.862780273437500000e+03 2.630443763732910156e+01 0.000000000000000000e+00
3.863668945312500000e+03 2.640383338928222656e+01 0.000000000000000000e+00
3.864559814453125000e+03 2.645873260498046875e+01 0.000000000000000000e+00
3.865448730468750000e+03 2.775808334350585938e+01 0.000000000000000000e+00
3.866340087890625000e+03 2.782787704467773438e+01 0.000000000000000000e+00
3.867229736328125000e+03 2.511843681335449219e+01 0.000000000000000000e+00
3.868121337890625000e+03 2.527069091796875000e+01 0.000000000000000000e+00
3.869011230468750000e+03 2.739323616027832031e+01 0.000000000000000000e+00
3.869901367187500000e+03 2.802654457092285156e+01 0.000000000000000000e+00
3.870793701171875000e+03 2.532843399047851562e+01 0.000000000000000000e+00
3.871684082031250000e+03 2.422857284545898438e+01 0.000000000000000000e+00
3.872576904296875000e+03 2.696117401123046875e+01 0.000000000000000000e+00
3.873467773437500000e+03 2.504090881347656250e+01 0.000000000000000000e+00
3.874361083984375000e+03 2.553050422668457031e+01 0.000000000000000000e+00
3.875252441406250000e+03 2.721302986145019531e+01 0.000000000000000000e+00
3.876143798828125000e+03 2.591250228881835938e+01 0.000000000000000000e+00
3.877037597656250000e+03 2.552498435974121094e+01 0.000000000000000000e+00
3.877929687500000000e+03 2.830391883850097656e+01 0.000000000000000000e+00
3.878823730468750000e+03 2.502010536193847656e+01 0.000000000000000000e+00
3.879716064453125000e+03 2.571018981933593750e+01 0.000000000000000000e+00
3.880610839843750000e+03 2.710620880126953125e+01 0.000000000000000000e+00
3.881503662109375000e+03 2.775554466247558594e+01 0.000000000000000000e+00
3.882396484375000000e+03 2.654156112670898438e+01 0.000000000000000000e+00
3.883291748046875000e+03 2.440278053283691406e+01 0.000000000000000000e+00
3.884185058593750000e+03 2.608399391174316406e+01 0.000000000000000000e+00
3.885080810546875000e+03 2.866847991943359375e+01 0.000000000000000000e+00
3.885974609375000000e+03 2.847323036193847656e+01 0.000000000000000000e+00
3.886870605468750000e+03 2.879520988464355469e+01 0.000000000000000000e+00
3.887764892578125000e+03 2.715085220336914062e+01 0.000000000000000000e+00
3.888659179687500000e+03 2.224078941345214844e+01 0.000000000000000000e+00
3.889555908203125000e+03 2.409773635864257812e+01 0.000000000000000000e+00
3.890450683593750000e+03 2.751870346069335938e+01 0.000000000000000000e+00
3.891347900390625000e+03 2.715787506103515625e+01 0.000000000000000000e+00
3.892242919921875000e+03 2.690988159179687500e+01 0.000000000000000000e+00
3.893140625000000000e+03 2.767995262145996094e+01 0.000000000000000000e+00
3.894036132812500000e+03 2.735656547546386719e+01 0.000000000000000000e+00
3.894931884765625000e+03 2.694517898559570312e+01 0.000000000000000000e+00
3.895830078125000000e+03 2.668292617797851562e+01 0.000000000000000000e+00
3.896726318359375000e+03 2.815654945373535156e+01 0.000000000000000000e+00
3.897625000000000000e+03 2.694889831542968750e+01 0.000000000000000000e+00
3.898521484375000000e+03 2.394490242004394531e+01 0.000000000000000000e+00
3.899420654296875000e+03 2.423522377014160156e+01 0.000000000000000000e+00
3.900317626953125000e+03 2.769472694396972656e+01 0.000000000000000000e+00
3.901214843750000000e+03 2.665792274475097656e+01 0.000000000000000000e+00
3.902114501953125000e+03 2.589967536926269531e+01 0.000000000000000000e+00
3.903012207031250000e+03 2.832391929626464844e+01 0.000000000000000000e+00
3.903912109375000000e+03 2.752279853820800781e+01 0.000000000000000000e+00
3.904810302734375000e+03 2.273825073242187500e+01 0.000000000000000000e+00
3.905710693359375000e+03 2.875467491149902344e+01 0.000000000000000000e+00
3.906609375000000000e+03 2.631081581115722656e+01 0.000000000000000000e+00
3.907508056640625000e+03 2.482032966613769531e+01 0.000000000000000000e+00
3.908408935546875000e+03 2.604507255554199219e+01 0.000000000000000000e+00
3.909308105468750000e+03 2.692756271362304688e+01 0.000000000000000000e+00
3.910209716796875000e+03 2.643341636657714844e+01 0.000000000000000000e+00
3.911109130859375000e+03 2.751845550537109375e+01 0.000000000000000000e+00
3.912010986328125000e+03 2.782046318054199219e+01 0.000000000000000000e+00
3.912911132812500000e+03 2.704147911071777344e+01 0.000000000000000000e+00
3.913811279296875000e+03 2.553452301025390625e+01 0.000000000000000000e+00
3.914713623046875000e+03 2.379479217529296875e+01 0.000000000000000000e+00
3.915614257812500000e+03 2.329599189758300781e+01 0.000000000000000000e+00
3.916517089843750000e+03 2.605506896972656250e+01 0.000000000000000000e+00
3.917418212890625000e+03 2.849931526184082031e+01 0.000000000000000000e+00
3.918321533203125000e+03 2.780650329589843750e+01 0.000000000000000000e+00
3.919222900390625000e+03 2.656931114196777344e+01 0.000000000000000000e+00
3.920124511718750000e+03 2.598760414123535156e+01 0.000000000000000000e+00
3.921028564453125000e+03 2.615926170349121094e+01 0.000000000000000000e+00
3.921930664062500000e+03 2.802553367614746094e+01 0.000000000000000000e+00
3.922834960937500000e+03 2.543202209472656250e+01 0.000000000000000000e+00
3.923737304687500000e+03 2.594712448120117188e+01 0.000000000000000000e+00
3.924642089843750000e+03 2.640642929077148438e+01 0.000000000000000000e+00
3.925545166015625000e+03 2.490824890136718750e+01 0.000000000000000000e+00
3.926447998046875000e+03 2.459559440612792969e+01 0.000000000000000000e+00
3.927353515625000000e+03 2.736900329589843750e+01 0.000000000000000000e+00
3.928257080078125000e+03 2.608909606933593750e+01 0.000000000000000000e+00
3.929162841796875000e+03 2.950802803039550781e+01 0.000000000000000000e+00
3.930066894531250000e+03 2.938613128662109375e+01 0.000000000000000000e+00
3.930973144531250000e+03 2.674339485168457031e+01 0.000000000000000000e+00
3.931877441406250000e+03 2.752670478820800781e+01 0.000000000000000000e+00
3.932781982421875000e+03 2.552264213562011719e+01 0.000000000000000000e+00
3.933688720703125000e+03 2.845536613464355469e+01 0.000000000000000000e+00
3.934593750000000000e+03 2.600733947753906250e+01 0.000000000000000000e+00
3.935500976562500000e+03 2.442698669433593750e+01 0.000000000000000000e+00
3.936406250000000000e+03 2.670422554016113281e+01 0.000000000000000000e+00
3.937314208984375000e+03 2.858836555480957031e+01 0.000000000000000000e+00
3.938219970703125000e+03 2.810075569152832031e+01 0.000000000000000000e+00
3.939127929687500000e+03 2.735974311828613281e+01 0.000000000000000000e+00
3.940034179687500000e+03 2.659169960021972656e+01 0.000000000000000000e+00
3.940940673828125000e+03 2.558328056335449219e+01 0.000000000000000000e+00
3.941849365234375000e+03 2.689246559143066406e+01 0.000000000000000000e+00
3.942756103515625000e+03 2.939783668518066406e+01 0.000000000000000000e+00
3.943665283203125000e+03 2.491744041442871094e+01 0.000000000000000000e+00
3.944572509765625000e+03 2.628554344177246094e+01 0.000000000000000000e+00
3.945482177734375000e+03 2.700035858154296875e+01 0.000000000000000000e+00
3.946389892578125000e+03 2.836036682128906250e+01 0.000000000000000000e+00
3.947297851562500000e+03 2.908453750610351562e+01 0.000000000000000000e+00
3.948208007812500000e+03 2.742707633972167969e+01 0.000000000000000000e+00
3.949116210937500000e+03 2.876506423950195312e+01 0.000000000000000000e+00
3.950026855468750000e+03 2.763490867614746094e+01 0.000000000000000000e+00
3.950935546875000000e+03 2.143074035644531250e+01 0.000000000000000000e+00
3.951846679687500000e+03 2.477529525756835938e+01 0.000000000000000000e+00
3.952755859375000000e+03 2.956859970092773438e+01 0.000000000000000000e+00
3.953665039062500000e+03 2.337962532043457031e+01 0.000000000000000000e+00
3.954576904296875000e+03 2.560915565490722656e+01 0.000000000000000000e+00
3.955486572265625000e+03 2.525116157531738281e+01 0.000000000000000000e+00
3.956398681640625000e+03 2.836352920532226562e+01 0.000000000000000000e+00
3.957308837890625000e+03 2.928960609436035156e+01 0.000000000000000000e+00
3.958221435546875000e+03 2.745325851440429688e+01 0.000000000000000000e+00
3.959132080078125000e+03 2.698900413513183594e+01 0.000000000000000000e+00
3.960042724609375000e+03 2.554891586303710938e+01 0.000000000000000000e+00
3.960956054687500000e+03 2.437807655334472656e+01 0.000000000000000000e+00
3.961867187500000000e+03 2.403556632995605469e+01 0.000000000000000000e+00
3.962780761718750000e+03 2.480979728698730469e+01 0.000000000000000000e+00
3.963692382812500000e+03 2.429929351806640625e+01 0.000000000000000000e+00
3.964606445312500000e+03 2.301720619201660156e+01 0.000000000000000000e+00
3.965518554687500000e+03 2.738457489013671875e+01 0.000000000000000000e+00
3.966430664062500000e+03 2.494973182678222656e+01 0.000000000000000000e+00
3.967345458984375000e+03 2.526292037963867188e+01 0.000000000000000000e+00
3.968258056640625000e+03 2.461271858215332031e+01 0.000000000000000000e+00
3.969173095703125000e+03 2.485942840576171875e+01 0.000000000000000000e+00
3.970086181640625000e+03 2.795741653442382812e+01 0.000000000000000000e+00
3.971001708984375000e+03 2.320803070068359375e+01 0.000000000000000000e+00
3.971915283203125000e+03 2.717430877685546875e+01 0.000000000000000000e+00
3.972829101562500000e+03 2.755316925048828125e+01 0.000000000000000000e+00
3.973745117187500000e+03 2.850446701049804688e+01 0.000000000000000000e+00
3.974659179687500000e+03 2.774645042419433594e+01 0.000000000000000000e+00
3.975575927734375000e+03 2.241075515747070312e+01 0.000000000000000000e+00
3.976490478515625000e+03 2.583463859558105469e+01 0.000000000000000000e+00
3.977407470703125000e+03 2.456671524047851562e+01 0.000000000000000000e+00
3.978322509765625000e+03 2.870967864990234375e+01 0.000000000000000000e+00
3.979237548828125000e+03 2.955799674987792969e+01 0.000000000000000000e+00
3.980155273437500000e+03 2.460770416259765625e+01 0.000000000000000000e+00
3.981070800781250000e+03 2.250340270996093750e+01 0.000000000000000000e+00
3.981988769531250000e+03 2.659868240356445312e+01 0.000000000000000000e+00
3.982904785156250000e+03 2.342749214172363281e+01 0.000000000000000000e+00
3.983823242187500000e+03 2.245994377136230469e+01 0.000000000000000000e+00
3.984739746093750000e+03 2.503213310241699219e+01 0.000000000000000000e+00
3.985656494140625000e+03 2.599022483825683594e+01 0.000000000000000000e+00
3.986575683593750000e+03 2.377501296997070312e+01 0.000000000000000000e+00
3.987492675781250000e+03 2.494532585144042969e+01 0.000000000000000000e+00
3.988412109375000000e+03 2.108468627929687500e+01 0.000000000000000000e+00
3.989329833984375000e+03 2.370375061035156250e+01 0.000000000000000000e+00
3.990249755859375000e+03 2.661300849914550781e+01 0.000000000000000000e+00
3.991167724609375000e+03 2.582068252563476562e+01 0.000000000000000000e+00
3.992085693359375000e+03 2.546062088012695312e+01 0.000000000000000000e+00
3.993006347656250000e+03 2.816070747375488281e+01 0.000000000000000000e+00
3.993925048828125000e+03 2.818018531799316406e+01 0.000000000000000000e+00
3.994845947265625000e+03 2.521018218994140625e+01 0.000000000000000000e+00
3.995764892578125000e+03 2.447731781005859375e+01 0.000000000000000000e+00
3.996686279296875000e+03 2.589016342163085938e+01 0.000000000000000000e+00
3.997605712890625000e+03 2.605604934692382812e+01 0.000000000000000000e+00
3.998525390625000000e+03 2.618783569335937500e+01 0.000000000000000000e+00
3.999447509765625000e+03 2.501002311706542969e+01 0.000000000000000000e+00
4.000367431640625000e+03 2.439434051513671875e+01 0.000000000000000000e+00
4.001290039062500000e+03 2.375028228759765625e+01 0.000000000000000000e+00
4.002210449218750000e+03 2.436555480957031250e+01 0.000000000000000000e+00
4.003133300781250000e+03 2.664168357849121094e+01 0.000000000000000000e+00
4.004054443359375000e+03 2.592768669128417969e+01 0.000000000000000000e+00
4.004975341796875000e+03 2.642049217224121094e+01 0.000000000000000000e+00
4.005898925781250000e+03 2.418653678894042969e+01 0.000000000000000000e+00
4.006820556640625000e+03 2.626026153564453125e+01 0.000000000000000000e+00
4.007744628906250000e+03 2.819786262512207031e+01 0.000000000000000000e+00
4.008666503906250000e+03 2.274562454223632812e+01 0.000000000000000000e+00
4.009590820312500000e+03 2.179421424865722656e+01 0.000000000000000000e+00
4.010513183593750000e+03 2.181065177917480469e+01 0.000000000000000000e+00
4.011437988281250000e+03 2.434726524353027344e+01 0.000000000000000000e+00
4.012360839843750000e+03 2.532325553894042969e+01 0.000000000000000000e+00
4.013283935546875000e+03 2.427534675598144531e+01 0.000000000000000000e+00
4.014209472656250000e+03 2.408169555664062500e+01 0.000000000000000000e+00
4.015132812500000000e+03 2.449535179138183594e+01 0.000000000000000000e+00
4.016058837890625000e+03 2.677743530273437500e+01 0.000000000000000000e+00
4.016982666015625000e+03 2.455175781250000000e+01 0.000000000000000000e+00
4.017908935546875000e+03 2.330503082275390625e+01 0.000000000000000000e+00
4.018833251953125000e+03 2.452020835876464844e+01 0.000000000000000000e+00
4.019757812500000000e+03 2.487139701843261719e+01 0.000000000000000000e+00
4.020684814453125000e+03 2.557668495178222656e+01 0.000000000000000000e+00
4.021609619140625000e+03 2.432110023498535156e+01 0.000000000000000000e+00
4.022537109375000000e+03 2.456089401245117188e+01 0.000000000000000000e+00
4.023462402343750000e+03 2.508168411254882812e+01 0.000000000000000000e+00
4.024390136718750000e+03 2.490268898010253906e+01 0.000000000000000000e+00
4.025316162109375000e+03 2.493083381652832031e+01 0.000000000000000000e+00
4.026242187500000000e+03 2.571621894836425781e+01 0.000000000000000000e+00
4.027170410156250000e+03 2.639361381530761719e+01 0.000000000000000000e+00
4.028096923828125000e+03 2.626141929626464844e+01 0.000000000000000000e+00
4.029025878906250000e+03 2.631390762329101562e+01 0.000000000000000000e+00
4.029952636718750000e+03 2.609872245788574219e+01 0.000000000000000000e+00
4.030882080078125000e+03 2.511385726928710938e+01 0.000000000000000000e+00
4.031809326171875000e+03 2.563740921020507812e+01 0.000000000000000000e+00
4.032736816406250000e+03 2.598501968383789062e+01 0.000000000000000000e+00
4.033666748046875000e+03 2.647264671325683594e+01 0.000000000000000000e+00
4.034594726562500000e+03 2.719198036193847656e+01 0.000000000000000000e+00
4.035525146484375000e+03 2.608825492858886719e+01 0.000000000000000000e+00
4.036453369140625000e+03 2.409519386291503906e+01 0.000000000000000000e+00
4.037384277343750000e+03 2.814532279968261719e+01 0.000000000000000000e+00
4.038312988281250000e+03 2.739556121826171875e+01 0.000000000000000000e+00
4.039241943359375000e+03 2.715386199951171875e+01 0.000000000000000000e+00
4.040173583984375000e+03 2.754612731933593750e+01 0.000000000000000000e+00
4.041103027343750000e+03 2.667795944213867188e+01 0.000000000000000000e+00
4.042034667968750000e+03 2.477675437927246094e+01 0.000000000000000000e+00
4.042964599609375000e+03 2.496493721008300781e+01 0.000000000000000000e+00
4.043896972656250000e+03 2.877264785766601562e+01 0.000000000000000000e+00
4.044827148437500000e+03 2.694985580444335938e+01 0.000000000000000000e+00
4.045757812500000000e+03 2.592393684387207031e+01 0.000000000000000000e+00
4.046690673828125000e+03 2.515459060668945312e+01 0.000000000000000000e+00
4.047621582031250000e+03 2.198453330993652344e+01 0.000000000000000000e+00
4.048554931640625000e+03 2.787474060058593750e+01 0.000000000000000000e+00
4.049486328125000000e+03 2.690030479431152344e+01 0.000000000000000000e+00
4.050420166015625000e+03 2.541926193237304688e+01 0.000000000000000000e+00
4.051352050781250000e+03 2.574716186523437500e+01 0.000000000000000000e+00
4.052283935546875000e+03 2.688769531250000000e+01 0.000000000000000000e+00
4.053218505859375000e+03 2.763717460632324219e+01 0.000000000000000000e+00
4.054150878906250000e+03 2.719787788391113281e+01 0.000000000000000000e+00
4.055085693359375000e+03 2.533419227600097656e+01 0.000000000000000000e+00
4.056018554687500000e+03 2.509004592895507812e+01 0.000000000000000000e+00
4.056953857421875000e+03 2.613280296325683594e+01 0.000000000000000000e+00
4.057887207031250000e+03 2.721891403198242188e+01 0.000000000000000000e+00
4.058820800781250000e+03 2.703336906433105469e+01 0.000000000000000000e+00
4.059756591796875000e+03 2.408579635620117188e+01 0.000000000000000000e+00
4.060690673828125000e+03 2.127169227600097656e+01 0.000000000000000000e+00
4.061626953125000000e+03 2.413616561889648438e+01 0.000000000000000000e+00
4.062561279296875000e+03 2.560656929016113281e+01 0.000000000000000000e+00
4.063498291015625000e+03 2.604905509948730469e+01 0.000000000000000000e+00
4.064433105468750000e+03 2.872128486633300781e+01 0.000000000000000000e+00
4.065367919921875000e+03 2.442920494079589844e+01 0.000000000000000000e+00
4.066305419921875000e+03 2.430269050598144531e+01 0.000000000000000000e+00
4.067240966796875000e+03 2.675244331359863281e+01 0.000000000000000000e+00
4.068178710937500000e+03 2.707452392578125000e+01 0.000000000000000000e+00
4.069114746093750000e+03 2.629402160644531250e+01 0.000000000000000000e+00
4.070052978515625000e+03 2.675050354003906250e+01 0.000000000000000000e+00
4.070989257812500000e+03 2.447637939453125000e+01 0.000000000000000000e+00
4.071925781250000000e+03 2.601190185546875000e+01 0.000000000000000000e+00
4.072864746093750000e+03 2.542214012145996094e+01 0.000000000000000000e+00
4.073801757812500000e+03 2.610427665710449219e+01 0.000000000000000000e+00
4.074741210937500000e+03 2.730023193359375000e+01 0.000000000000000000e+00
4.075678710937500000e+03 2.594016647338867188e+01 0.000000000000000000e+00
4.076618408203125000e+03 2.766417121887207031e+01 0.000000000000000000e+00
4.077556152343750000e+03 2.666105079650878906e+01 0.000000000000000000e+00
4.078494384765625000e+03 2.655441665649414062e+01 0.000000000000000000e+00
4.079434814453125000e+03 2.663906478881835938e+01 0.000000000000000000e+00
4.080373291015625000e+03 2.486091232299804688e+01 0.000000000000000000e+00
4.081314208984375000e+03 2.234678840637207031e+01 0.000000000000000000e+00
4.082253173828125000e+03 2.399841880798339844e+01 0.000000000000000000e+00
4.083194335937500000e+03 2.686971473693847656e+01 0.000000000000000000e+00
4.084133789062500000e+03 2.509296226501464844e+01 0.000000000000000000e+00
4.085075683593750000e+03 2.469076919555664062e+01 0.000000000000000000e+00
4.086015380859375000e+03 2.565379333496093750e+01 0.000000000000000000e+00
4.086955322265625000e+03 2.496319770812988281e+01 0.000000000000000000e+00
4.087897705078125000e+03 2.891982460021972656e+01 0.000000000000000000e+00
4.088838134765625000e+03 2.315726661682128906e+01 0.000000000000000000e+00
4.089781005859375000e+03 2.517733955383300781e+01 0.000000000000000000e+00
4.090721923828125000e+03 2.585995864868164062e+01 0.000000000000000000e+00
4.091665283203125000e+03 2.369917297363281250e+01 0.000000000000000000e+00
4.092606445312500000e+03 2.633241844177246094e+01 0.000000000000000000e+00
4.093548095703125000e+03 2.557937431335449219e+01 0.000000000000000000e+00
4.094491943359375000e+03 2.594839668273925781e+01 0.000000000000000000e+00
4.095433837890625000e+03 2.431992912292480469e+01 0.000000000000000000e+00
4.096378417968750000e+03 2.432194137573242188e+01 0.000000000000000000e+00
4.097320800781250000e+03 2.572322845458984375e+01 0.000000000000000000e+00
4.098265625000000000e+03 2.501390075683593750e+01 0.000000000000000000e+00
4.099208496093750000e+03 2.455397033691406250e+01 0.000000000000000000e+00
4.100151367187500000e+03 2.401466751098632812e+01 0.000000000000000000e+00
4.101096679687500000e+03 2.485157203674316406e+01 0.000000000000000000e+00
4.102040039062500000e+03 2.437706756591796875e+01 0.000000000000000000e+00
4.102986328125000000e+03 2.455776786804199219e+01 0.000000000000000000e+00
4.103930175781250000e+03 2.740570259094238281e+01 0.000000000000000000e+00
4.104876464843750000e+03 2.561864280700683594e+01 0.000000000000000000e+00
4.105820800781250000e+03 2.723570060729980469e+01 0.000000000000000000e+00
4.106765136718750000e+03 2.678793334960937500e+01 0.000000000000000000e+00
4.107712402343750000e+03 2.601546859741210938e+01 0.000000000000000000e+00
4.108657226562500000e+03 2.586116790771484375e+01 0.000000000000000000e+00
4.109604492187500000e+03 2.519934272766113281e+01 0.000000000000000000e+00
4.110550292968750000e+03 2.609673500061035156e+01 0.000000000000000000e+00
4.111498046875000000e+03 2.581059265136718750e+01 0.000000000000000000e+00
4.112443847656250000e+03 2.582027435302734375e+01 0.000000000000000000e+00
4.113389648437500000e+03 2.433158874511718750e+01 0.000000000000000000e+00
4.114338378906250000e+03 2.081147956848144531e+01 0.000000000000000000e+00
4.115285156250000000e+03 1.689204025268554688e+01 0.000000000000000000e+00
4.116233886718750000e+03 1.317184829711914062e+01 0.000000000000000000e+00
4.117180664062500000e+03 9.555050849914550781e+00 0.000000000000000000e+00
4.118130371093750000e+03 1.307052803039550781e+01 0.000000000000000000e+00
4.119077636718750000e+03 1.687597084045410156e+01 0.000000000000000000e+00
4.120025390625000000e+03 1.882415580749511719e+01 0.000000000000000000e+00
4.120975097656250000e+03 2.161626052856445312e+01 0.000000000000000000e+00
4.121923339843750000e+03 1.972764396667480469e+01 0.000000000000000000e+00
4.122874023437500000e+03 1.668750572204589844e+01 0.000000000000000000e+00
4.123822265625000000e+03 1.463890457153320312e+01 0.000000000000000000e+00
4.124773437500000000e+03 1.673065376281738281e+01 0.000000000000000000e+00
4.125722167968750000e+03 2.051704406738281250e+01 0.000000000000000000e+00
4.126671386718750000e+03 2.219709587097167969e+01 0.000000000000000000e+00
4.127623046875000000e+03 2.576001167297363281e+01 0.000000000000000000e+00
4.128572265625000000e+03 2.658633804321289062e+01 0.000000000000000000e+00
4.129524414062500000e+03 2.538301467895507812e+01 0.000000000000000000e+00
4.130474609375000000e+03 2.585784149169921875e+01 0.000000000000000000e+00
4.131426757812500000e+03 2.620759010314941406e+01 0.000000000000000000e+00
4.132377441406250000e+03 2.354210662841796875e+01 0.000000000000000000e+00
4.133328125000000000e+03 2.357990455627441406e+01 0.000000000000000000e+00
4.134281250000000000e+03 2.283462905883789062e+01 0.000000000000000000e+00
4.135232421875000000e+03 2.666246223449707031e+01 0.000000000000000000e+00
4.136185546875000000e+03 2.650803947448730469e+01 0.000000000000000000e+00
4.137137207031250000e+03 2.450478172302246094e+01 0.000000000000000000e+00
4.138091308593750000e+03 2.796766853332519531e+01 0.000000000000000000e+00
4.139043457031250000e+03 2.548789024353027344e+01 0.000000000000000000e+00
4.139995605468750000e+03 2.604845428466796875e+01 0.000000000000000000e+00
4.140950195312500000e+03 2.427328300476074219e+01 0.000000000000000000e+00
4.141902832031250000e+03 2.291384506225585938e+01 0.000000000000000000e+00
4.142857910156250000e+03 2.514966392517089844e+01 0.000000000000000000e+00
4.143811035156250000e+03 2.781436729431152344e+01 0.000000000000000000e+00
4.144766601562500000e+03 2.444945526123046875e+01 0.000000000000000000e+00
4.145720214843750000e+03 2.488313102722167969e+01 0.000000000000000000e+00
4.146673828125000000e+03 2.599953842163085938e+01 0.000000000000000000e+00
4.147629882812500000e+03 2.536199569702148438e+01 0.000000000000000000e+00
4.148583984375000000e+03 2.521868133544921875e+01 0.000000000000000000e+00
4.149540527343750000e+03 2.717950248718261719e+01 0.000000000000000000e+00
4.150495117187500000e+03 2.606627655029296875e+01 0.000000000000000000e+00
4.151452636718750000e+03 2.681811904907226562e+01 0.000000000000000000e+00
4.152407226562500000e+03 2.526081275939941406e+01 0.000000000000000000e+00
4.153362792968750000e+03 2.637132263183593750e+01 0.000000000000000000e+00
4.154320312500000000e+03 2.821813392639160156e+01 0.000000000000000000e+00
4.155276367187500000e+03 2.551696014404296875e+01 0.000000000000000000e+00
4.156234375000000000e+03 2.652151679992675781e+01 0.000000000000000000e+00
4.157190429687500000e+03 2.682951736450195312e+01 0.000000000000000000e+00
4.158148925781250000e+03 2.745457267761230469e+01 0.000000000000000000e+00
4.159105468750000000e+03 2.636252784729003906e+01 0.000000000000000000e+00
4.160064941406250000e+03 2.425158309936523438e+01 0.000000000000000000e+00
4.161021972656250000e+03 2.438211441040039062e+01 0.000000000000000000e+00
4.161979003906250000e+03 2.597977638244628906e+01 0.000000000000000000e+00
4.162938964843750000e+03 2.579730987548828125e+01 0.000000000000000000e+00
4.163896484375000000e+03 2.593979644775390625e+01 0.000000000000000000e+00
4.164856445312500000e+03 2.695422363281250000e+01 0.000000000000000000e+00
4.165814941406250000e+03 2.635254287719726562e+01 0.000000000000000000e+00
4.166775390625000000e+03 2.396413803100585938e+01 0.000000000000000000e+00
4.167733886718750000e+03 2.670210838317871094e+01 0.000000000000000000e+00
4.168692871093750000e+03 2.763795089721679688e+01 0.000000000000000000e+00
4.169653808593750000e+03 2.716244888305664062e+01 0.000000000000000000e+00
4.170613281250000000e+03 2.619729614257812500e+01 0.000000000000000000e+00
4.171575195312500000e+03 2.595892906188964844e+01 0.000000000000000000e+00
4.172534667968750000e+03 2.744859695434570312e+01 0.000000000000000000e+00
4.173497070312500000e+03 2.924141502380371094e+01 0.000000000000000000e+00
4.174457031250000000e+03 2.842959594726562500e+01 0.000000000000000000e+00
4.175417480468750000e+03 2.708162307739257812e+01 0.000000000000000000e+00
4.176379882812500000e+03 2.687545204162597656e+01 0.000000000000000000e+00
4.177340820312500000e+03 2.597617340087890625e+01 0.000000000000000000e+00
4.178304199218750000e+03 2.412278747558593750e+01 0.000000000000000000e+00
4.179265136718750000e+03 2.749705123901367188e+01 0.000000000000000000e+00
4.180229003906250000e+03 2.431027221679687500e+01 0.000000000000000000e+00
4.181190917968750000e+03 2.793998336791992188e+01 0.000000000000000000e+00
4.182152832031250000e+03 2.933735847473144531e+01 0.000000000000000000e+00
4.183117187500000000e+03 2.576288604736328125e+01 0.000000000000000000e+00
4.184079589843750000e+03 2.635529899597167969e+01 0.000000000000000000e+00
4.185044433593750000e+03 2.957512474060058594e+01 0.000000000000000000e+00
4.186006835937500000e+03 2.807851028442382812e+01 0.000000000000000000e+00
4.186972167968750000e+03 2.801205635070800781e+01 0.000000000000000000e+00
4.187935546875000000e+03 2.730933761596679688e+01 0.000000000000000000e+00
4.188898925781250000e+03 2.662191963195800781e+01 0.000000000000000000e+00
4.189864746093750000e+03 2.881138610839843750e+01 0.000000000000000000e+00
4.190828613281250000e+03 2.869787025451660156e+01 0.000000000000000000e+00
4.191794921875000000e+03 3.140616798400878906e+01 0.000000000000000000e+00
4.192759277343750000e+03 3.009438896179199219e+01 0.000000000000000000e+00
4.193726074218750000e+03 2.796092796325683594e+01 0.000000000000000000e+00
4.194690917968750000e+03 2.761660766601562500e+01 0.000000000000000000e+00
4.195655761718750000e+03 2.755091094970703125e+01 0.000000000000000000e+00
4.196623535156250000e+03 2.833517456054687500e+01 0.000000000000000000e+00
4.197588867187500000e+03 2.943533134460449219e+01 0.000000000000000000e+00
4.198557128906250000e+03 2.990823554992675781e+01 0.000000000000000000e+00
4.199522949218750000e+03 3.008716392517089844e+01 0.000000000000000000e+00
4.200491210937500000e+03 2.988378334045410156e+01 0.000000000000000000e+00
4.201457519531250000e+03 2.928795051574707031e+01 0.000000000000000000e+00
4.202423828125000000e+03 2.968753051757812500e+01 0.000000000000000000e+00
4.203393066406250000e+03 2.835897064208984375e+01 0.000000000000000000e+00
4.204359863281250000e+03 3.126634407043457031e+01 0.000000000000000000e+00
4.205329589843750000e+03 3.120547294616699219e+01 0.000000000000000000e+00
4.206296875000000000e+03 2.853765869140625000e+01 0.000000000000000000e+00
4.207267089843750000e+03 3.050478553771972656e+01 0.000000000000000000e+00
4.208234863281250000e+03 3.123849296569824219e+01 0.000000000000000000e+00
4.209203125000000000e+03 3.066650772094726562e+01 0.000000000000000000e+00
4.210173828125000000e+03 3.148411369323730469e+01 0.000000000000000000e+00
4.211142089843750000e+03 3.135917282104492188e+01 0.000000000000000000e+00
4.212113281250000000e+03 2.951313400268554688e+01 0.000000000000000000e+00
4.213082031250000000e+03 2.841503524780273438e+01 0.000000000000000000e+00
4.214053710937500000e+03 2.924190139770507812e+01 0.000000000000000000e+00
4.215022949218750000e+03 3.049005699157714844e+01 0.000000000000000000e+00
4.215992675781250000e+03 2.936364746093750000e+01 0.000000000000000000e+00
4.216964843750000000e+03 2.956445121765136719e+01 0.000000000000000000e+00
4.217935058593750000e+03 3.074255943298339844e+01 0.000000000000000000e+00
4.218907714843750000e+03 2.967757034301757812e+01 0.000000000000000000e+00
4.219878417968750000e+03 3.055947113037109375e+01 0.000000000000000000e+00
4.220851562500000000e+03 3.097307014465332031e+01 0.000000000000000000e+00
4.221822265625000000e+03 2.847802162170410156e+01 0.000000000000000000e+00
4.222793457031250000e+03 2.998395729064941406e+01 0.000000000000000000e+00
4.223767578125000000e+03 3.242570495605468750e+01 0.000000000000000000e+00
4.224739257812500000e+03 2.893838882446289062e+01 0.000000000000000000e+00
4.225713378906250000e+03 3.123966217041015625e+01 0.000000000000000000e+00
4.226685546875000000e+03 3.045857429504394531e+01 0.000000000000000000e+00
4.227660156250000000e+03 3.182775688171386719e+01 0.000000000000000000e+00
4.228632812500000000e+03 3.162967681884765625e+01 0.000000000000000000e+00
4.229605468750000000e+03 3.064344978332519531e+01 0.000000000000000000e+00
4.230580566406250000e+03 3.299554824829101562e+01 0.000000000000000000e+00
4.231554199218750000e+03 3.168413734436035156e+01 0.000000000000000000e+00
4.232529785156250000e+03 3.174085044860839844e+01 0.000000000000000000e+00
4.233503417968750000e+03 3.149813270568847656e+01 0.000000000000000000e+00
4.234479980468750000e+03 3.173512840270996094e+01 0.000000000000000000e+00
4.235454101562500000e+03 3.215529251098632812e+01 0.000000000000000000e+00
4.236430664062500000e+03 3.116650199890136719e+01 0.000000000000000000e+00
4.237405273437500000e+03 3.022731208801269531e+01 0.000000000000000000e+00
4.238379882812500000e+03 3.063414001464843750e+01 0.000000000000000000e+00
4.239357421875000000e+03 3.349811172485351562e+01 0.000000000000000000e+00
4.240332519531250000e+03 3.362371444702148438e+01 0.000000000000000000e+00
4.241310546875000000e+03 3.017670440673828125e+01 0.000000000000000000e+00
4.242286132812500000e+03 2.716967201232910156e+01 0.000000000000000000e+00
4.243264160156250000e+03 2.499388122558593750e+01 0.000000000000000000e+00
4.244240722656250000e+03 2.808775711059570312e+01 0.000000000000000000e+00
4.245216796875000000e+03 2.924652099609375000e+01 0.000000000000000000e+00
4.246195800781250000e+03 3.004192733764648438e+01 0.000000000000000000e+00
4.247172851562500000e+03 3.190789985656738281e+01 0.000000000000000000e+00
4.248151855468750000e+03 3.182157707214355469e+01 0.000000000000000000e+00
4.249129394531250000e+03 2.836317062377929688e+01 0.000000000000000000e+00
4.250109375000000000e+03 2.765632438659667969e+01 0.000000000000000000e+00
4.251086914062500000e+03 2.771046638488769531e+01 0.000000000000000000e+00
4.252064941406250000e+03 2.989609718322753906e+01 0.000000000000000000e+00
4.253045410156250000e+03 3.146479606628417969e+01 0.000000000000000000e+00
4.254023925781250000e+03 2.858415794372558594e+01 0.000000000000000000e+00
4.255004882812500000e+03 2.815380096435546875e+01 0.000000000000000000e+00
4.255983398437500000e+03 2.894514846801757812e+01 0.000000000000000000e+00
4.256964843750000000e+03 2.925167846679687500e+01 0.000000000000000000e+00
4.257944335937500000e+03 3.003443908691406250e+01 0.000000000000000000e+00
4.258923828125000000e+03 2.964108276367187500e+01 0.000000000000000000e+00
4.259905761718750000e+03 2.660400772094726562e+01 0.000000000000000000e+00
4.260885742187500000e+03 2.729518127441406250e+01 0.000000000000000000e+00
4.261868652343750000e+03 2.925585174560546875e+01 0.000000000000000000e+00
4.262849121093750000e+03 2.756821250915527344e+01 0.000000000000000000e+00
4.263832031250000000e+03 2.755614852905273438e+01 0.000000000000000000e+00
4.264812988281250000e+03 2.939320182800292969e+01 0.000000000000000000e+00
4.265793945312500000e+03 2.854316139221191406e+01 0.000000000000000000e+00
4.266777832031250000e+03 2.984879493713378906e+01 0.000000000000000000e+00
4.267759277343750000e+03 2.777794075012207031e+01 0.000000000000000000e+00
4.268743164062500000e+03 2.824905776977539062e+01 0.000000000000000000e+00
4.269725585937500000e+03 2.858561897277832031e+01 0.000000000000000000e+00
4.270709960937500000e+03 2.789833641052246094e+01 0.000000000000000000e+00
4.271692382812500000e+03 2.856469345092773438e+01 0.000000000000000000e+00
4.272675292968750000e+03 2.706227874755859375e+01 0.000000000000000000e+00
4.273660156250000000e+03 2.663466835021972656e+01 0.000000000000000000e+00
4.274643554687500000e+03 2.696926116943359375e+01 0.000000000000000000e+00
4.275629394531250000e+03 2.718980598449707031e+01 0.000000000000000000e+00
4.276612792968750000e+03 2.750593757629394531e+01 0.000000000000000000e+00
4.277599121093750000e+03 2.769522476196289062e+01 0.000000000000000000e+00
4.278583007812500000e+03 2.561501884460449219e+01 0.000000000000000000e+00
4.279567382812500000e+03 2.694108390808105469e+01 0.000000000000000000e+00
4.280554199218750000e+03 2.709942245483398438e+01 0.000000000000000000e+00
4.281539062500000000e+03 2.578281402587890625e+01 0.000000000000000000e+00
4.282526367187500000e+03 2.619042968750000000e+01 0.000000000000000000e+00
4.283511718750000000e+03 2.853250312805175781e+01 0.000000000000000000e+00
4.284499023437500000e+03 2.584476089477539062e+01 0.000000000000000000e+00
4.285484863281250000e+03 2.478861236572265625e+01 0.000000000000000000e+00
4.286470703125000000e+03 2.631222534179687500e+01 0.000000000000000000e+00
4.287458984375000000e+03 2.673243331909179688e+01 0.000000000000000000e+00
4.288445312500000000e+03 2.558102607727050781e+01 0.000000000000000000e+00
4.289434570312500000e+03 2.547534179687500000e+01 0.000000000000000000e+00
4.290421386718750000e+03 2.573041725158691406e+01 0.000000000000000000e+00
4.291410644531250000e+03 2.772415542602539062e+01 0.000000000000000000e+00
4.292397949218750000e+03 2.566416740417480469e+01 0.000000000000000000e+00
4.293385253906250000e+03 2.478854560852050781e+01 0.000000000000000000e+00
4.294375488281250000e+03 2.535632324218750000e+01 0.000000000000000000e+00
4.295363281250000000e+03 2.314993667602539062e+01 0.000000000000000000e+00
4.296353515625000000e+03 2.542292976379394531e+01 0.000000000000000000e+00
4.297342285156250000e+03 2.503201675415039062e+01 0.000000000000000000e+00
4.298333007812500000e+03 2.468915748596191406e+01 0.000000000000000000e+00
4.299321777343750000e+03 2.679941749572753906e+01 0.000000000000000000e+00
4.300311035156250000e+03 2.774119377136230469e+01 0.000000000000000000e+00
4.301302734375000000e+03 2.507093429565429688e+01 0.000000000000000000e+00
4.302291992187500000e+03 2.837222480773925781e+01 0.000000000000000000e+00
4.303284179687500000e+03 2.699020385742187500e+01 0.000000000000000000e+00
4.304274414062500000e+03 2.428791236877441406e+01 0.000000000000000000e+00
4.305266601562500000e+03 2.532915115356445312e+01 0.000000000000000000e+00
4.306257324218750000e+03 2.714595794677734375e+01 0.000000000000000000e+00
4.307247558593750000e+03 2.502290534973144531e+01 0.000000000000000000e+00
4.308241210937500000e+03 2.646846008300781250e+01 0.000000000000000000e+00
4.309231933593750000e+03 2.464453506469726562e+01 0.000000000000000000e+00
4.310226074218750000e+03 2.614631462097167969e+01 0.000000000000000000e+00
4.311217285156250000e+03 2.563812446594238281e+01 0.000000000000000000e+00
4.312211425781250000e+03 2.345046615600585938e+01 0.000000000000000000e+00
4.313203613281250000e+03 2.529082489013671875e+01 0.000000000000000000e+00
4.314198242187500000e+03 2.304779624938964844e+01 0.000000000000000000e+00
4.315190429687500000e+03 2.392655563354492188e+01 0.000000000000000000e+00
4.316183593750000000e+03 2.507089042663574219e+01 0.000000000000000000e+00
4.317178710937500000e+03 2.473884201049804688e+01 0.000000000000000000e+00
4.318171875000000000e+03 2.375082206726074219e+01 0.000000000000000000e+00
4.319167480468750000e+03 2.394725990295410156e+01 0.000000000000000000e+00
4.320161132812500000e+03 2.590760612487792969e+01 0.000000000000000000e+00
4.321157226562500000e+03 2.650385856628417969e+01 0.000000000000000000e+00
4.322151367187500000e+03 2.481825637817382812e+01 0.000000000000000000e+00
4.323145996093750000e+03 2.448637962341308594e+01 0.000000000000000000e+00
4.324142578125000000e+03 2.473141670227050781e+01 0.000000000000000000e+00
4.325137695312500000e+03 2.288346290588378906e+01 0.000000000000000000e+00
4.326134765625000000e+03 2.476357841491699219e+01 0.000000000000000000e+00
4.327129882812500000e+03 2.257102012634277344e+01 0.000000000000000000e+00
4.328127929687500000e+03 2.445452499389648438e+01 0.000000000000000000e+00
4.329123535156250000e+03 2.518496131896972656e+01 0.000000000000000000e+00
4.330119628906250000e+03 2.336838722229003906e+01 0.000000000000000000e+00
4.331118164062500000e+03 2.453412818908691406e+01 0.000000000000000000e+00
4.332114257812500000e+03 2.438702583312988281e+01 0.000000000000000000e+00
4.333113281250000000e+03 2.416031455993652344e+01 0.000000000000000000e+00
4.334110351562500000e+03 2.402854728698730469e+01 0.000000000000000000e+00
4.335109863281250000e+03 2.362071990966796875e+01 0.000000000000000000e+00
4.336106933593750000e+03 2.340339469909667969e+01 0.000000000000000000e+00
4.337104492187500000e+03 2.430968666076660156e+01 0.000000000000000000e+00
4.338104492187500000e+03 2.531114959716796875e+01 0.000000000000000000e+00
4.339102539062500000e+03 2.280030059814453125e+01 0.000000000000000000e+00
4.340103027343750000e+03 2.418044853210449219e+01 0.000000000000000000e+00
4.341101562500000000e+03 2.519000244140625000e+01 0.000000000000000000e+00
4.342102539062500000e+03 2.413514328002929688e+01 0.000000000000000000e+00
4.343101562500000000e+03 2.495558357238769531e+01 0.000000000000000000e+00
4.344100585937500000e+03 2.445438766479492188e+01 0.000000000000000000e+00
4.345102539062500000e+03 2.410755538940429688e+01 0.000000000000000000e+00
4.346102050781250000e+03 2.269079399108886719e+01 0.000000000000000000e+00
4.347104003906250000e+03 2.191582298278808594e+01 0.000000000000000000e+00
4.348104003906250000e+03 2.330638313293457031e+01 0.000000000000000000e+00
4.349106933593750000e+03 2.520644950866699219e+01 0.000000000000000000e+00
4.350107421875000000e+03 2.377314376831054688e+01 0.000000000000000000e+00
4.351107910156250000e+03 2.296883392333984375e+01 0.000000000000000000e+00
4.352111328125000000e+03 2.246032524108886719e+01 0.000000000000000000e+00
4.353112792968750000e+03 2.302953338623046875e+01 0.000000000000000000e+00
4.354116699218750000e+03 2.379269599914550781e+01 0.000000000000000000e+00
4.355118164062500000e+03 2.285527229309082031e+01 0.000000000000000000e+00
4.356122558593750000e+03 2.139825248718261719e+01 0.000000000000000000e+00
4.357124511718750000e+03 1.447511672973632812e+01 0.000000000000000000e+00
4.358126953125000000e+03 1.422853851318359375e+01 0.000000000000000000e+00
4.359131835937500000e+03 1.835873985290527344e+01 0.000000000000000000e+00
4.360134765625000000e+03 2.221361923217773438e+01 0.000000000000000000e+00
4.361140136718750000e+03 2.518717384338378906e+01 0.000000000000000000e+00
4.362143554687500000e+03 2.419356536865234375e+01 0.000000000000000000e+00
4.363149414062500000e+03 2.185158729553222656e+01 0.000000000000000000e+00
4.364152832031250000e+03 1.935462188720703125e+01 0.000000000000000000e+00
4.365156738281250000e+03 1.667309570312500000e+01 0.000000000000000000e+00
4.366163574218750000e+03 1.726195907592773438e+01 0.000000000000000000e+00
4.367167968750000000e+03 2.267128181457519531e+01 0.000000000000000000e+00
4.368175292968750000e+03 2.205275726318359375e+01 0.000000000000000000e+00
4.369180175781250000e+03 2.264716339111328125e+01 0.000000000000000000e+00
4.370187500000000000e+03 2.364003181457519531e+01 0.000000000000000000e+00
4.371192871093750000e+03 2.460905838012695312e+01 0.000000000000000000e+00
4.372198242187500000e+03 2.511208152770996094e+01 0.000000000000000000e+00
4.373206542968750000e+03 2.434347724914550781e+01 0.000000000000000000e+00
4.374212890625000000e+03 2.361303329467773438e+01 0.000000000000000000e+00
4.375221191406250000e+03 2.521745872497558594e+01 0.000000000000000000e+00
4.376228027343750000e+03 2.427422714233398438e+01 0.000000000000000000e+00
4.377236816406250000e+03 2.416646766662597656e+01 0.000000000000000000e+00
4.378244140625000000e+03 2.468986320495605469e+01 0.000000000000000000e+00
4.379251464843750000e+03 2.177979660034179688e+01 0.000000000000000000e+00
4.380261230468750000e+03 2.161105155944824219e+01 0.000000000000000000e+00
4.381268554687500000e+03 2.253072929382324219e+01 0.000000000000000000e+00
4.382279296875000000e+03 2.468628501892089844e+01 0.000000000000000000e+00
4.383287109375000000e+03 2.421216011047363281e+01 0.000000000000000000e+00
4.384297851562500000e+03 2.268432235717773438e+01 0.000000000000000000e+00
4.385306640625000000e+03 2.453055381774902344e+01 0.000000000000000000e+00
4.386315429687500000e+03 2.318529510498046875e+01 0.000000000000000000e+00
4.387326660156250000e+03 2.405664062500000000e+01 0.000000000000000000e+00
4.388335937500000000e+03 2.403529739379882812e+01 0.000000000000000000e+00
4.389348144531250000e+03 2.344914054870605469e+01 0.000000000000000000e+00
4.390357910156250000e+03 2.318054962158203125e+01 0.000000000000000000e+00
4.391370117187500000e+03 2.285029411315917969e+01 0.000000000000000000e+00
4.392380371093750000e+03 2.347761535644531250e+01 0.000000000000000000e+00
4.393393554687500000e+03 2.471351623535156250e+01 0.000000000000000000e+00
4.394404296875000000e+03 2.329834556579589844e+01 0.000000000000000000e+00
4.395415039062500000e+03 2.254920959472656250e+01 0.000000000000000000e+00
4.396428710937500000e+03 2.314032745361328125e+01 0.000000000000000000e+00
4.397439941406250000e+03 2.220861816406250000e+01 0.000000000000000000e+00
4.398454101562500000e+03 2.294641494750976562e+01 0.000000000000000000e+00
4.399465820312500000e+03 2.363453292846679688e+01 0.000000000000000000e+00
4.400480468750000000e+03 2.362159538269042969e+01 0.000000000000000000e+00
4.401492675781250000e+03 2.323676872253417969e+01 0.000000000000000000e+00
4.402505371093750000e+03 2.314607810974121094e+01 0.000000000000000000e+00
4.403520507812500000e+03 2.381776237487792969e+01 0.000000000000000000e+00
4.404533691406250000e+03 2.469712829589843750e+01 0.000000000000000000e+00
4.405549316406250000e+03 2.355894088745117188e+01 0.000000000000000000e+00
4.406562500000000000e+03 2.256074333190917969e+01 0.000000000000000000e+00
4.407578613281250000e+03 2.290435028076171875e+01 0.000000000000000000e+00
4.408592773437500000e+03 2.341931152343750000e+01 0.000000000000000000e+00
4.409606933593750000e+03 2.294633483886718750e+01 0.000000000000000000e+00
4.410624023437500000e+03 2.404749488830566406e+01 0.000000000000000000e+00
4.411638671875000000e+03 2.467406272888183594e+01 0.000000000000000000e+00
4.412655761718750000e+03 2.392724227905273438e+01 0.000000000000000000e+00
4.413670898437500000e+03 2.302890968322753906e+01 0.000000000000000000e+00
4.414688476562500000e+03 2.189815711975097656e+01 0.000000000000000000e+00
4.415704101562500000e+03 2.034108352661132812e+01 0.000000000000000000e+00
4.416720214843750000e+03 2.229630661010742188e+01 0.000000000000000000e+00
4.417738769531250000e+03 2.279044914245605469e+01 0.000000000000000000e+00
4.418754882812500000e+03 2.105611038208007812e+01 0.000000000000000000e+00
4.419773925781250000e+03 2.203806686401367188e+01 0.000000000000000000e+00
4.420790527343750000e+03 2.434651374816894531e+01 0.000000000000000000e+00
4.421810058593750000e+03 2.231992530822753906e+01 0.000000000000000000e+00
4.422827148437500000e+03 2.210930633544921875e+01 0.000000000000000000e+00
4.423844726562500000e+03 2.226866340637207031e+01 0.000000000000000000e+00
4.424864746093750000e+03 2.243389129638671875e+01 0.000000000000000000e+00
4.425882812500000000e+03 2.238842964172363281e+01 0.000000000000000000e+00
4.426903320312500000e+03 2.261783027648925781e+01 0.000000000000000000e+00
4.427921875000000000e+03 2.335326385498046875e+01 0.000000000000000000e+00
4.428942871093750000e+03 2.276507377624511719e+01 0.000000000000000000e+00
4.429961914062500000e+03 2.409604644775390625e+01 0.000000000000000000e+00
4.430980957031250000e+03 2.344083023071289062e+01 0.000000000000000000e+00
4.432002441406250000e+03 2.195919418334960938e+01 0.000000000000000000e+00
4.433021972656250000e+03 2.200905227661132812e+01 0.000000000000000000e+00
4.434044433593750000e+03 2.300433158874511719e+01 0.000000000000000000e+00
4.435064453125000000e+03 2.255271530151367188e+01 0.000000000000000000e+00
4.436087402343750000e+03 2.429305648803710938e+01 0.000000000000000000e+00
4.437107910156250000e+03 2.414812850952148438e+01 0.000000000000000000e+00
4.438128417968750000e+03 2.243348503112792969e+01 0.000000000000000000e+00
4.439151855468750000e+03 2.182409667968750000e+01 0.000000000000000000e+00
4.440173339843750000e+03 2.297072601318359375e+01 0.000000000000000000e+00
4.441196777343750000e+03 2.258003807067871094e+01 0.000000000000000000e+00
4.442218750000000000e+03 2.129706954956054688e+01 0.000000000000000000e+00
4.443243164062500000e+03 2.052373504638671875e+01 0.000000000000000000e+00
4.444265136718750000e+03 1.951127624511718750e+01 0.000000000000000000e+00
4.445287597656250000e+03 1.911912918090820312e+01 0.000000000000000000e+00
4.446312500000000000e+03 2.086939048767089844e+01 0.000000000000000000e+00
4.447335449218750000e+03 2.132370948791503906e+01 0.000000000000000000e+00
4.448361328125000000e+03 2.340744400024414062e+01 0.000000000000000000e+00
4.449384277343750000e+03 2.205587768554687500e+01 0.000000000000000000e+00
4.450410644531250000e+03 2.210650825500488281e+01 0.000000000000000000e+00
4.451434082031250000e+03 2.362407684326171875e+01 0.000000000000000000e+00
4.452458496093750000e+03 2.129707717895507812e+01 0.000000000000000000e+00
4.453484863281250000e+03 2.292776679992675781e+01 0.000000000000000000e+00
4.454509765625000000e+03 2.288905143737792969e+01 0.000000000000000000e+00
4.455536621093750000e+03 2.299943351745605469e+01 0.000000000000000000e+00
4.456561523437500000e+03 2.285729026794433594e+01 0.000000000000000000e+00
4.457589355468750000e+03 2.243112945556640625e+01 0.000000000000000000e+00
4.458614746093750000e+03 2.255364418029785156e+01 0.000000000000000000e+00
4.459640625000000000e+03 2.118918228149414062e+01 0.000000000000000000e+00
4.460668945312500000e+03 2.354102516174316406e+01 0.000000000000000000e+00
4.461695312500000000e+03 2.198741531372070312e+01 0.000000000000000000e+00
4.462724121093750000e+03 2.164804458618164062e+01 0.000000000000000000e+00
4.463750488281250000e+03 2.436875534057617188e+01 0.000000000000000000e+00
4.464779785156250000e+03 2.371888732910156250e+01 0.000000000000000000e+00
4.465807128906250000e+03 2.204408836364746094e+01 0.000000000000000000e+00
4.466836914062500000e+03 2.170089340209960938e+01 0.000000000000000000e+00
4.467864257812500000e+03 2.297487831115722656e+01 0.000000000000000000e+00
4.468892089843750000e+03 2.261312103271484375e+01 0.000000000000000000e+00
4.469922851562500000e+03 2.186746788024902344e+01 0.000000000000000000e+00
4.470951171875000000e+03 2.422845840454101562e+01 0.000000000000000000e+00
4.471981933593750000e+03 2.303491783142089844e+01 0.000000000000000000e+00
4.473010742187500000e+03 2.307895278930664062e+01 0.000000000000000000e+00
4.474042480468750000e+03 2.386104965209960938e+01 0.000000000000000000e+00
4.475071777343750000e+03 2.258407020568847656e+01 0.000000000000000000e+00
4.476101074218750000e+03 2.129073905944824219e+01 0.000000000000000000e+00
4.477133300781250000e+03 2.364557266235351562e+01 0.000000000000000000e+00
4.478163085937500000e+03 2.294894027709960938e+01 0.000000000000000000e+00
4.479195800781250000e+03 2.232776641845703125e+01 0.000000000000000000e+00
4.480226562500000000e+03 2.255112838745117188e+01 0.000000000000000000e+00
4.481259277343750000e+03 2.209880447387695312e+01 0.000000000000000000e+00
4.482290527343750000e+03 2.118725395202636719e+01 0.000000000000000000e+00
4.483321289062500000e+03 2.140847396850585938e+01 0.000000000000000000e+00
4.484355468750000000e+03 2.104053306579589844e+01 0.000000000000000000e+00
4.485387207031250000e+03 2.203345489501953125e+01 0.000000000000000000e+00
4.486421386718750000e+03 2.218120002746582031e+01 0.000000000000000000e+00
4.487453613281250000e+03 2.156082344055175781e+01 0.000000000000000000e+00
4.488488281250000000e+03 2.173799324035644531e+01 0.000000000000000000e+00
4.489520996093750000e+03 2.284453201293945312e+01 0.000000000000000000e+00
4.490553710937500000e+03 2.201764869689941406e+01 0.000000000000000000e+00
4.491588867187500000e+03 2.247777748107910156e+01 0.000000000000000000e+00
4.492622558593750000e+03 2.230800628662109375e+01 0.000000000000000000e+00
4.493658203125000000e+03 2.266973304748535156e+01 0.000000000000000000e+00
4.494691894531250000e+03 2.335146713256835938e+01 0.000000000000000000e+00
4.495728515625000000e+03 2.224892997741699219e+01 0.000000000000000000e+00
4.496762695312500000e+03 2.176297569274902344e+01 0.000000000000000000e+00
4.497797363281250000e+03 1.987105941772460938e+01 0.000000000000000000e+00
4.498834472656250000e+03 2.147872734069824219e+01 0.000000000000000000e+00
4.499869628906250000e+03 2.234088897705078125e+01 0.000000000000000000e+00
4.500907226562500000e+03 2.114212989807128906e+01 0.000000000000000000e+00
4.501942382812500000e+03 2.206085014343261719e+01 0.000000000000000000e+00
4.502980468750000000e+03 2.100978851318359375e+01 0.000000000000000000e+00
4.504016601562500000e+03 2.169300842285156250e+01 0.000000000000000000e+00
4.505052734375000000e+03 2.366603469848632812e+01 0.000000000000000000e+00
4.506091308593750000e+03 2.393229866027832031e+01 0.000000000000000000e+00
4.507127929687500000e+03 2.281996154785156250e+01 0.000000000000000000e+00
4.508167480468750000e+03 2.303282356262207031e+01 0.000000000000000000e+00
4.509204589843750000e+03 2.173950386047363281e+01 0.000000000000000000e+00
4.510244628906250000e+03 2.084331703186035156e+01 0.000000000000000000e+00
4.511282226562500000e+03 2.287265586853027344e+01 0.000000000000000000e+00
4.512319824218750000e+03 2.284394454956054688e+01 0.000000000000000000e+00
4.513360351562500000e+03 2.102638626098632812e+01 0.000000000000000000e+00
4.514398437500000000e+03 2.357626914978027344e+01 0.000000000000000000e+00
4.515439453125000000e+03 2.498943519592285156e+01 0.000000000000000000e+00
4.516478515625000000e+03 2.191415596008300781e+01 0.000000000000000000e+00
4.517520019531250000e+03 2.253409576416015625e+01 0.000000000000000000e+00
4.518559082031250000e+03 2.394890213012695312e+01 0.000000000000000000e+00
4.519598632812500000e+03 2.278854179382324219e+01 0.000000000000000000e+00
4.520640625000000000e+03 2.221950531005859375e+01 0.000000000000000000e+00
4.521680664062500000e+03 2.394828414916992188e+01 0.000000000000000000e+00
4.522723632812500000e+03 2.343140220642089844e+01 0.000000000000000000e+00
4.523764160156250000e+03 2.288878822326660156e+01 0.000000000000000000e+00
4.524807128906250000e+03 2.252354812622070312e+01 0.000000000000000000e+00
4.525848144531250000e+03 2.263079071044921875e+01 0.000000000000000000e+00
4.526889160156250000e+03 2.383893013000488281e+01 0.000000000000000000e+00
4.527933105468750000e+03 2.277915000915527344e+01 0.000000000000000000e+00
4.528974609375000000e+03 2.137620925903320312e+01 0.000000000000000000e+00
4.530019042968750000e+03 2.359996414184570312e+01 0.000000000000000000e+00
4.531061035156250000e+03 2.413662910461425781e+01 0.000000000000000000e+00
4.532105957031250000e+03 2.297602653503417969e+01 0.000000000000000000e+00
4.533148925781250000e+03 2.515000534057617188e+01 0.000000000000000000e+00
4.534191406250000000e+03 2.124440383911132812e+01 0.000000000000000000e+00
4.535237304687500000e+03 2.238182067871093750e+01 0.000000000000000000e+00
4.536280273437500000e+03 2.239849662780761719e+01 0.000000000000000000e+00
4.537326660156250000e+03 2.237549018859863281e+01 0.000000000000000000e+00
4.538370117187500000e+03 2.326696586608886719e+01 0.000000000000000000e+00
4.539416992187500000e+03 2.227484512329101562e+01 0.000000000000000000e+00
4.540460937500000000e+03 2.298670196533203125e+01 0.000000000000000000e+00
4.541505859375000000e+03 2.282819938659667969e+01 0.000000000000000000e+00
4.542552734375000000e+03 2.364391708374023438e+01 0.000000000000000000e+00
4.543598144531250000e+03 2.289101219177246094e+01 0.000000000000000000e+00
4.544645507812500000e+03 2.127138900756835938e+01 0.000000000000000000e+00
4.545691406250000000e+03 2.261627006530761719e+01 0.000000000000000000e+00
4.546739257812500000e+03 2.194380187988281250e+01 0.000000000000000000e+00
4.547785156250000000e+03 2.448114204406738281e+01 0.000000000000000000e+00
4.548833984375000000e+03 2.378880882263183594e+01 0.000000000000000000e+00
4.549880371093750000e+03 2.230295562744140625e+01 0.000000000000000000e+00
4.550927246093750000e+03 2.256151962280273438e+01 0.000000000000000000e+00
4.551976562500000000e+03 2.246166229248046875e+01 0.000000000000000000e+00
4.553023925781250000e+03 2.391372108459472656e+01 0.000000000000000000e+00
4.554073730468750000e+03 2.449759292602539062e+01 0.000000000000000000e+00
4.555121582031250000e+03 2.427957534790039062e+01 0.000000000000000000e+00
4.556171875000000000e+03 2.403194236755371094e+01 0.000000000000000000e+00
4.557219726562500000e+03 2.385478973388671875e+01 0.000000000000000000e+00
4.558268554687500000e+03 2.332470512390136719e+01 0.000000000000000000e+00
4.559319335937500000e+03 2.287150955200195312e+01 0.000000000000000000e+00
4.560368164062500000e+03 2.264373588562011719e+01 0.000000000000000000e+00
4.561419921875000000e+03 2.291933441162109375e+01 0.000000000000000000e+00
4.562469238281250000e+03 2.288521766662597656e+01 0.000000000000000000e+00
4.563521484375000000e+03 2.208433723449707031e+01 0.000000000000000000e+00
4.564571289062500000e+03 2.161109924316406250e+01 0.000000000000000000e+00
4.565621093750000000e+03 2.322951316833496094e+01 0.000000000000000000e+00
4.566674316406250000e+03 2.412801551818847656e+01 0.000000000000000000e+00
4.567724609375000000e+03 2.316032600402832031e+01 0.000000000000000000e+00
4.568777832031250000e+03 2.292459106445312500e+01 0.000000000000000000e+00
4.569829101562500000e+03 2.417763328552246094e+01 0.000000000000000000e+00
4.570882812500000000e+03 2.427150726318359375e+01 0.000000000000000000e+00
4.571934570312500000e+03 2.314767837524414062e+01 0.000000000000000000e+00
4.572986328125000000e+03 2.487167739868164062e+01 0.000000000000000000e+00
4.574040527343750000e+03 2.493364334106445312e+01 0.000000000000000000e+00
4.575092773437500000e+03 2.450752067565917969e+01 0.000000000000000000e+00
4.576147949218750000e+03 2.436149787902832031e+01 0.000000000000000000e+00
4.577200683593750000e+03 2.317861938476562500e+01 0.000000000000000000e+00
4.578255859375000000e+03 2.564900207519531250e+01 0.000000000000000000e+00
4.579309082031250000e+03 2.490054321289062500e+01 0.000000000000000000e+00
4.580362792968750000e+03 2.375968742370605469e+01 0.000000000000000000e+00
4.581418945312500000e+03 2.326358985900878906e+01 0.000000000000000000e+00
4.582473144531250000e+03 2.284903526306152344e+01 0.000000000000000000e+00
4.583529785156250000e+03 2.226206398010253906e+01 0.000000000000000000e+00
4.584583984375000000e+03 2.144305801391601562e+01 0.000000000000000000e+00
4.585641113281250000e+03 2.399373817443847656e+01 0.000000000000000000e+00
4.586696289062500000e+03 2.419519615173339844e+01 0.000000000000000000e+00
4.587751464843750000e+03 2.443694686889648438e+01 0.000000000000000000e+00
4.588809082031250000e+03 2.536306190490722656e+01 0.000000000000000000e+00
4.589864746093750000e+03 2.345216369628906250e+01 0.000000000000000000e+00
4.590923339843750000e+03 2.446173667907714844e+01 0.000000000000000000e+00
4.591979492187500000e+03 2.266015625000000000e+01 0.000000000000000000e+00
4.593038574218750000e+03 2.198558998107910156e+01 0.000000000000000000e+00
4.594095214843750000e+03 2.315028190612792969e+01 0.000000000000000000e+00
4.595151855468750000e+03 2.343356895446777344e+01 0.000000000000000000e+00
4.596211425781250000e+03 2.191926002502441406e+01 0.000000000000000000e+00
4.597269042968750000e+03 2.390069389343261719e+01 0.000000000000000000e+00
4.598329101562500000e+03 2.436281585693359375e+01 0.000000000000000000e+00
4.599386718750000000e+03 2.364036750793457031e+01 0.000000000000000000e+00
4.600447265625000000e+03 2.320251655578613281e+01 0.000000000000000000e+00
4.601505859375000000e+03 2.365229988098144531e+01 0.000000000000000000e+00
4.602564453125000000e+03 2.447185707092285156e+01 0.000000000000000000e+00
4.603625488281250000e+03 2.458337783813476562e+01 0.000000000000000000e+00
4.604684570312500000e+03 2.403494834899902344e+01 0.000000000000000000e+00
4.605746582031250000e+03 2.569908714294433594e+01 0.000000000000000000e+00
4.606806152343750000e+03 2.623304748535156250e+01 0.000000000000000000e+00
4.607868652343750000e+03 2.475991439819335938e+01 0.000000000000000000e+00
4.608928222656250000e+03 2.476223373413085938e+01 0.000000000000000000e+00
4.609988769531250000e+03 2.325683021545410156e+01 0.000000000000000000e+00
4.611051757812500000e+03 2.543145942687988281e+01 0.000000000000000000e+00
4.612112792968750000e+03 2.554104423522949219e+01 0.000000000000000000e+00
4.613176269531250000e+03 2.516135406494140625e+01 0.000000000000000000e+00
4.614237304687500000e+03 2.625633811950683594e+01 0.000000000000000000e+00
4.615301269531250000e+03 2.623657798767089844e+01 0.000000000000000000e+00
4.616363281250000000e+03 2.534063148498535156e+01 0.000000000000000000e+00
4.617425292968750000e+03 2.520928001403808594e+01 0.000000000000000000e+00
4.618489746093750000e+03 2.612818145751953125e+01 0.000000000000000000e+00
4.619552246093750000e+03 2.659465026855468750e+01 0.000000000000000000e+00
4.620617675781250000e+03 2.596177101135253906e+01 0.000000000000000000e+00
4.621680664062500000e+03 2.503012657165527344e+01 0.000000000000000000e+00
4.622746582031250000e+03 2.379112243652343750e+01 0.000000000000000000e+00
4.623809570312500000e+03 2.553260421752929688e+01 0.000000000000000000e+00
4.624873535156250000e+03 2.638185310363769531e+01 0.000000000000000000e+00
4.625939941406250000e+03 2.672067451477050781e+01 0.000000000000000000e+00
4.627004394531250000e+03 2.754019546508789062e+01 0.000000000000000000e+00
4.628071289062500000e+03 2.739476776123046875e+01 0.000000000000000000e+00
4.629135742187500000e+03 2.643883895874023438e+01 0.000000000000000000e+00
4.630203125000000000e+03 2.695737266540527344e+01 0.000000000000000000e+00
4.631268554687500000e+03 2.582519912719726562e+01 0.000000000000000000e+00
4.632336425781250000e+03 2.606507492065429688e+01 0.000000000000000000e+00
4.633402343750000000e+03 2.858132553100585938e+01 0.000000000000000000e+00
4.634467773437500000e+03 2.920506095886230469e+01 0.000000000000000000e+00
4.635536621093750000e+03 2.946314620971679688e+01 0.000000000000000000e+00
4.636603027343750000e+03 2.869462394714355469e+01 0.000000000000000000e+00
4.637672363281250000e+03 2.839984321594238281e+01 0.000000000000000000e+00
4.638739257812500000e+03 2.942575454711914062e+01 0.000000000000000000e+00
4.639809082031250000e+03 3.088543510437011719e+01 0.000000000000000000e+00
4.640876464843750000e+03 3.052832031250000000e+01 0.000000000000000000e+00
4.641943847656250000e+03 2.772650527954101562e+01 0.000000000000000000e+00
4.643014160156250000e+03 2.970545005798339844e+01 0.000000000000000000e+00
4.644082519531250000e+03 2.898557662963867188e+01 0.000000000000000000e+00
4.645153320312500000e+03 2.898302841186523438e+01 0.000000000000000000e+00
4.646222167968750000e+03 3.070649719238281250e+01 0.000000000000000000e+00
4.647293457031250000e+03 2.869443702697753906e+01 0.000000000000000000e+00
4.648362304687500000e+03 3.111792373657226562e+01 0.000000000000000000e+00
4.649431640625000000e+03 3.008040237426757812e+01 0.000000000000000000e+00
4.650503906250000000e+03 2.851818275451660156e+01 0.000000000000000000e+00
4.651573730468750000e+03 2.827209472656250000e+01 0.000000000000000000e+00
4.652646484375000000e+03 2.904777908325195312e+01 0.000000000000000000e+00
4.653716796875000000e+03 3.046058082580566406e+01 0.000000000000000000e+00
4.654790039062500000e+03 3.208889007568359375e+01 0.000000000000000000e+00
4.655860839843750000e+03 3.088158607482910156e+01 0.000000000000000000e+00
4.656931640625000000e+03 3.150690841674804688e+01 0.000000000000000000e+00
4.658005859375000000e+03 3.047982025146484375e+01 0.000000000000000000e+00
4.659077148437500000e+03 2.816721343994140625e+01 0.000000000000000000e+00
4.660151855468750000e+03 3.116797256469726562e+01 0.000000000000000000e+00
4.661223632812500000e+03 3.262966537475585938e+01 0.000000000000000000e+00
4.662298339843750000e+03 3.294526672363281250e+01 0.000000000000000000e+00
4.663371093750000000e+03 3.478786849975585938e+01 0.000000000000000000e+00
4.664443847656250000e+03 3.473796844482421875e+01 0.000000000000000000e+00
4.665519531250000000e+03 3.285934448242187500e+01 0.000000000000000000e+00
4.666592773437500000e+03 3.434104156494140625e+01 0.000000000000000000e+00
4.667668945312500000e+03 3.499852752685546875e+01 0.000000000000000000e+00
4.668742675781250000e+03 3.507648849487304688e+01 0.000000000000000000e+00
4.669819335937500000e+03 3.400460433959960938e+01 0.000000000000000000e+00
4.670893554687500000e+03 3.398916625976562500e+01 0.000000000000000000e+00
4.671968261718750000e+03 3.479611206054687500e+01 0.000000000000000000e+00
4.673045410156250000e+03 3.367517471313476562e+01 0.000000000000000000e+00
4.674120605468750000e+03 3.441604232788085938e+01 0.000000000000000000e+00
4.675198242187500000e+03 3.411286163330078125e+01 0.000000000000000000e+00
4.676273925781250000e+03 3.527993392944335938e+01 0.000000000000000000e+00
4.677352050781250000e+03 3.629825592041015625e+01 0.000000000000000000e+00
4.678428222656250000e+03 3.633628082275390625e+01 0.000000000000000000e+00
4.679504394531250000e+03 3.698056030273437500e+01 0.000000000000000000e+00
4.680583496093750000e+03 3.476626968383789062e+01 0.000000000000000000e+00
4.681660156250000000e+03 3.453237152099609375e+01 0.000000000000000000e+00
4.682739746093750000e+03 3.553476333618164062e+01 0.000000000000000000e+00
4.683817382812500000e+03 3.591523361206054688e+01 0.000000000000000000e+00
4.684897460937500000e+03 3.508647918701171875e+01 0.000000000000000000e+00
4.685975097656250000e+03 3.420529556274414062e+01 0.000000000000000000e+00
4.687053222656250000e+03 3.495624923706054688e+01 0.000000000000000000e+00
4.688133789062500000e+03 3.538623046875000000e+01 0.000000000000000000e+00
4.689212402343750000e+03 3.460168838500976562e+01 0.000000000000000000e+00
4.690293457031250000e+03 3.488719177246093750e+01 0.000000000000000000e+00
4.691372558593750000e+03 3.619580078125000000e+01 0.000000000000000000e+00
4.692454589843750000e+03 3.541262817382812500e+01 0.000000000000000000e+00
4.693534179687500000e+03 3.473154830932617188e+01 0.000000000000000000e+00
4.694613769531250000e+03 3.533037948608398438e+01 0.000000000000000000e+00
4.695696289062500000e+03 3.439757156372070312e+01 0.000000000000000000e+00
4.696776367187500000e+03 3.377882003784179688e+01 0.000000000000000000e+00
4.697859375000000000e+03 3.434976196289062500e+01 0.000000000000000000e+00
4.698940429687500000e+03 3.335600662231445312e+01 0.000000000000000000e+00
4.700023925781250000e+03 3.174849891662597656e+01 0.000000000000000000e+00
4.701104980468750000e+03 2.939730072021484375e+01 0.000000000000000000e+00
4.702186523437500000e+03 2.827368927001953125e+01 0.000000000000000000e+00
4.703270996093750000e+03 2.959282112121582031e+01 0.000000000000000000e+00
4.704353027343750000e+03 3.136831474304199219e+01 0.000000000000000000e+00
4.705437500000000000e+03 3.079269027709960938e+01 0.000000000000000000e+00
4.706520019531250000e+03 3.161593246459960938e+01 0.000000000000000000e+00
4.707605468750000000e+03 3.018459701538085938e+01 0.000000000000000000e+00
4.708688476562500000e+03 2.961568641662597656e+01 0.000000000000000000e+00
4.709771972656250000e+03 2.900127410888671875e+01 0.000000000000000000e+00
4.710857910156250000e+03 2.771482849121093750e+01 0.000000000000000000e+00
4.711941406250000000e+03 2.785097122192382812e+01 0.000000000000000000e+00
4.713028320312500000e+03 2.738901710510253906e+01 0.000000000000000000e+00
4.714112304687500000e+03 2.694484329223632812e+01 0.000000000000000000e+00
4.715199218750000000e+03 2.793208503723144531e+01 0.000000000000000000e+00
4.716284179687500000e+03 2.832269287109375000e+01 0.000000000000000000e+00
4.717371582031250000e+03 2.688136863708496094e+01 0.000000000000000000e+00
4.718457031250000000e+03 2.566757011413574219e+01 0.000000000000000000e+00
4.719542480468750000e+03 2.603562736511230469e+01 0.000000000000000000e+00
4.720630859375000000e+03 2.668343353271484375e+01 0.000000000000000000e+00
4.721716796875000000e+03 2.720158004760742188e+01 0.000000000000000000e+00
4.722805664062500000e+03 2.715074157714843750e+01 0.000000000000000000e+00
4.723892089843750000e+03 2.715755462646484375e+01 0.000000000000000000e+00
4.724981445312500000e+03 2.801165199279785156e+01 0.000000000000000000e+00
4.726068359375000000e+03 2.688452529907226562e+01 0.000000000000000000e+00
4.727155273437500000e+03 2.643795776367187500e+01 0.000000000000000000e+00
4.728245605468750000e+03 2.612146377563476562e+01 0.000000000000000000e+00
4.729333496093750000e+03 2.551065063476562500e+01 0.000000000000000000e+00
4.730423828125000000e+03 2.528277587890625000e+01 0.000000000000000000e+00
4.731512207031250000e+03 2.588484764099121094e+01 0.000000000000000000e+00
4.732603027343750000e+03 2.532281112670898438e+01 0.000000000000000000e+00
4.733691894531250000e+03 2.564031410217285156e+01 0.000000000000000000e+00
4.734780761718750000e+03 2.594421577453613281e+01 0.000000000000000000e+00
4.735872558593750000e+03 2.525116729736328125e+01 0.000000000000000000e+00
4.736962402343750000e+03 2.432969093322753906e+01 0.000000000000000000e+00
4.738054687500000000e+03 2.480293655395507812e+01 0.000000000000000000e+00
4.739144531250000000e+03 2.523462295532226562e+01 0.000000000000000000e+00
4.740237304687500000e+03 2.417181587219238281e+01 0.000000000000000000e+00
4.741327636718750000e+03 2.382758712768554688e+01 0.000000000000000000e+00
4.742418457031250000e+03 2.402605628967285156e+01 0.000000000000000000e+00
4.743512207031250000e+03 2.386342239379882812e+01 0.000000000000000000e+00
4.744603515625000000e+03 2.342157363891601562e+01 0.000000000000000000e+00
4.745697265625000000e+03 2.238789367675781250e+01 0.000000000000000000e+00
4.746789062500000000e+03 2.355815315246582031e+01 0.000000000000000000e+00
4.747883789062500000e+03 2.312967872619628906e+01 0.000000000000000000e+00
4.748976074218750000e+03 2.363538169860839844e+01 0.000000000000000000e+00
4.750068359375000000e+03 2.488100433349609375e+01 0.000000000000000000e+00
4.751164062500000000e+03 2.190051078796386719e+01 0.000000000000000000e+00
4.752256835937500000e+03 2.211719703674316406e+01 0.000000000000000000e+00
4.753352539062500000e+03 2.424256134033203125e+01 0.000000000000000000e+00
4.754446289062500000e+03 2.335878181457519531e+01 0.000000000000000000e+00
4.755542480468750000e+03 2.261226844787597656e+01 0.000000000000000000e+00
4.756636718750000000e+03 2.343516349792480469e+01 0.000000000000000000e+00
4.757730957031250000e+03 2.220662498474121094e+01 0.000000000000000000e+00
4.758828125000000000e+03 2.388554000854492188e+01 0.000000000000000000e+00
4.759922851562500000e+03 2.212045478820800781e+01 0.000000000000000000e+00
4.761020507812500000e+03 2.248741149902343750e+01 0.000000000000000000e+00
4.762115722656250000e+03 2.285490417480468750e+01 0.000000000000000000e+00
4.763213867187500000e+03 2.164573097229003906e+01 0.000000000000000000e+00
4.764309570312500000e+03 2.282400321960449219e+01 0.000000000000000000e+00
4.765405761718750000e+03 2.248012351989746094e+01 0.000000000000000000e+00
4.766504394531250000e+03 2.308749008178710938e+01 0.000000000000000000e+00
4.767601074218750000e+03 2.354429435729980469e+01 0.000000000000000000e+00
4.768700195312500000e+03 2.303566360473632812e+01 0.000000000000000000e+00
4.769797363281250000e+03 2.204523468017578125e+01 0.000000000000000000e+00
4.770897460937500000e+03 2.171864891052246094e+01 0.000000000000000000e+00
4.771995117187500000e+03 2.239126968383789062e+01 0.000000000000000000e+00
4.773092773437500000e+03 2.260239791870117188e+01 0.000000000000000000e+00
4.774193359375000000e+03 2.218214797973632812e+01 0.000000000000000000e+00
4.775291503906250000e+03 2.232368469238281250e+01 0.000000000000000000e+00
4.776392578125000000e+03 2.308206176757812500e+01 0.000000000000000000e+00
4.777491699218750000e+03 2.282375526428222656e+01 0.000000000000000000e+00
4.778593261718750000e+03 2.186597824096679688e+01 0.000000000000000000e+00
4.779692382812500000e+03 2.182548141479492188e+01 0.000000000000000000e+00
4.780791992187500000e+03 2.239222526550292969e+01 0.000000000000000000e+00
4.781894531250000000e+03 2.192084693908691406e+01 0.000000000000000000e+00
4.782994628906250000e+03 2.087738227844238281e+01 0.000000000000000000e+00
4.784097656250000000e+03 2.175269699096679688e+01 0.000000000000000000e+00
4.785198242187500000e+03 2.260552597045898438e+01 0.000000000000000000e+00
4.786301757812500000e+03 2.234522247314453125e+01 0.000000000000000000e+00
4.787402832031250000e+03 2.243809318542480469e+01 0.000000000000000000e+00
4.788503906250000000e+03 2.238455200195312500e+01 0.000000000000000000e+00
4.789608398437500000e+03 2.200922203063964844e+01 0.000000000000000000e+00
4.790709960937500000e+03 2.240228080749511719e+01 0.000000000000000000e+00
4.791814941406250000e+03 2.178760337829589844e+01 0.000000000000000000e+00
4.792916992187500000e+03 2.110278320312500000e+01 0.000000000000000000e+00
4.794022460937500000e+03 2.116227722167968750e+01 0.000000000000000000e+00
4.795125488281250000e+03 2.144652175903320312e+01 0.000000000000000000e+00
4.796228515625000000e+03 2.143964195251464844e+01 0.000000000000000000e+00
4.797334472656250000e+03 2.133832359313964844e+01 0.000000000000000000e+00
4.798437988281250000e+03 2.094921493530273438e+01 0.000000000000000000e+00
4.799544433593750000e+03 2.128342437744140625e+01 0.000000000000000000e+00
4.800648925781250000e+03 2.178583335876464844e+01 0.000000000000000000e+00
4.801755859375000000e+03 2.217229270935058594e+01 0.000000000000000000e+00
4.802860351562500000e+03 2.235797882080078125e+01 0.000000000000000000e+00
4.803967773437500000e+03 2.207927703857421875e+01 0.000000000000000000e+00
4.805073242187500000e+03 2.139834976196289062e+01 0.000000000000000000e+00
4.806178222656250000e+03 2.133901596069335938e+01 0.000000000000000000e+00
4.807286621093750000e+03 2.113398551940917969e+01 0.000000000000000000e+00
4.808392578125000000e+03 2.094370651245117188e+01 0.000000000000000000e+00
4.809501464843750000e+03 2.078366088867187500e+01 0.000000000000000000e+00
4.810607910156250000e+03 2.006662178039550781e+01 0.000000000000000000e+00
4.811717285156250000e+03 2.010433387756347656e+01 0.000000000000000000e+00
4.812824218750000000e+03 2.143617057800292969e+01 0.000000000000000000e+00
4.813931152343750000e+03 2.118715858459472656e+01 0.000000000000000000e+00
4.815041503906250000e+03 2.029585456848144531e+01 0.000000000000000000e+00
4.816148925781250000e+03 2.038128471374511719e+01 0.000000000000000000e+00
4.817259765625000000e+03 2.088617324829101562e+01 0.000000000000000000e+00
4.818367675781250000e+03 2.204443931579589844e+01 0.000000000000000000e+00
4.819479003906250000e+03 2.263774299621582031e+01 0.000000000000000000e+00
4.820587890625000000e+03 2.238557052612304688e+01 0.000000000000000000e+00
4.821696777343750000e+03 2.133072471618652344e+01 0.000000000000000000e+00
4.822808593750000000e+03 1.987937355041503906e+01 0.000000000000000000e+00
4.823917968750000000e+03 1.920560646057128906e+01 0.000000000000000000e+00
4.825030273437500000e+03 2.067862892150878906e+01 0.000000000000000000e+00
4.826140136718750000e+03 2.064414596557617188e+01 0.000000000000000000e+00
4.827253417968750000e+03 2.058728790283203125e+01 0.000000000000000000e+00
4.828363769531250000e+03 2.082433128356933594e+01 0.000000000000000000e+00
4.829474609375000000e+03 2.075437927246093750e+01 0.000000000000000000e+00
4.830588378906250000e+03 2.068401336669921875e+01 0.000000000000000000e+00
4.831699707031250000e+03 2.124529838562011719e+01 0.000000000000000000e+00
4.832813476562500000e+03 1.990355110168457031e+01 0.000000000000000000e+00
4.833925292968750000e+03 1.993290328979492188e+01 0.000000000000000000e+00
4.835040039062500000e+03 2.099238586425781250e+01 0.000000000000000000e+00
4.836152343750000000e+03 2.146717643737792969e+01 0.000000000000000000e+00
4.837265136718750000e+03 2.141415405273437500e+01 0.000000000000000000e+00
4.838380371093750000e+03 2.015470504760742188e+01 0.000000000000000000e+00
4.839493652343750000e+03 2.151011085510253906e+01 0.000000000000000000e+00
4.840609375000000000e+03 2.176764297485351562e+01 0.000000000000000000e+00
4.841723144531250000e+03 2.030052566528320312e+01 0.000000000000000000e+00
4.842839355468750000e+03 1.957175064086914062e+01 0.000000000000000000e+00
4.843953613281250000e+03 2.060554885864257812e+01 0.000000000000000000e+00
4.845067871093750000e+03 1.942813110351562500e+01 0.000000000000000000e+00
4.846185058593750000e+03 2.008683586120605469e+01 0.000000000000000000e+00
4.847300292968750000e+03 2.019297218322753906e+01 0.000000000000000000e+00
4.848417968750000000e+03 1.962770652770996094e+01 0.000000000000000000e+00
4.849533203125000000e+03 2.006400299072265625e+01 0.000000000000000000e+00
4.850651367187500000e+03 2.151783180236816406e+01 0.000000000000000000e+00
4.851767578125000000e+03 2.121576881408691406e+01 0.000000000000000000e+00
4.852883789062500000e+03 2.088978385925292969e+01 0.000000000000000000e+00
4.854002441406250000e+03 2.170782661437988281e+01 0.000000000000000000e+00
4.855119140625000000e+03 2.143790435791015625e+01 0.000000000000000000e+00
4.856238769531250000e+03 2.031842994689941406e+01 0.000000000000000000e+00
4.857355957031250000e+03 2.161141014099121094e+01 0.000000000000000000e+00
4.858476074218750000e+03 2.045082473754882812e+01 0.000000000000000000e+00
4.859593750000000000e+03 2.097363662719726562e+01 0.000000000000000000e+00
4.860711914062500000e+03 2.146331405639648438e+01 0.000000000000000000e+00
4.861832519531250000e+03 2.114803695678710938e+01 0.000000000000000000e+00
4.862951171875000000e+03 2.081519699096679688e+01 0.000000000000000000e+00
4.864072265625000000e+03 2.083224105834960938e+01 0.000000000000000000e+00
4.865191406250000000e+03 2.017196846008300781e+01 0.000000000000000000e+00
4.866313476562500000e+03 2.065640449523925781e+01 0.000000000000000000e+00
4.867432617187500000e+03 2.050828552246093750e+01 0.000000000000000000e+00
4.868552734375000000e+03 2.078240203857421875e+01 0.000000000000000000e+00
4.869675292968750000e+03 2.168190956115722656e+01 0.000000000000000000e+00
4.870795410156250000e+03 2.068670463562011719e+01 0.000000000000000000e+00
4.871918945312500000e+03 1.998833465576171875e+01 0.000000000000000000e+00
4.873039550781250000e+03 2.022601318359375000e+01 0.000000000000000000e+00
4.874163085937500000e+03 2.079854583740234375e+01 0.000000000000000000e+00
4.875284667968750000e+03 2.145771217346191406e+01 0.000000000000000000e+00
4.876406250000000000e+03 2.138449096679687500e+01 0.000000000000000000e+00
4.877530761718750000e+03 1.994647789001464844e+01 0.000000000000000000e+00
4.878652832031250000e+03 2.062799644470214844e+01 0.000000000000000000e+00
4.879777832031250000e+03 2.074109077453613281e+01 0.000000000000000000e+00
4.880900390625000000e+03 2.165680885314941406e+01 0.000000000000000000e+00
4.882025878906250000e+03 2.188073539733886719e+01 0.000000000000000000e+00
4.883148925781250000e+03 2.070049095153808594e+01 0.000000000000000000e+00
4.884271972656250000e+03 2.057033920288085938e+01 0.000000000000000000e+00
4.885398437500000000e+03 2.020964050292968750e+01 0.000000000000000000e+00
4.886522460937500000e+03 1.970839500427246094e+01 0.000000000000000000e+00
4.887649414062500000e+03 2.132804107666015625e+01 0.000000000000000000e+00
4.888773437500000000e+03 2.245310401916503906e+01 0.000000000000000000e+00
4.889900878906250000e+03 2.127960968017578125e+01 0.000000000000000000e+00
4.891025878906250000e+03 2.082262420654296875e+01 0.000000000000000000e+00
4.892153808593750000e+03 2.154598617553710938e+01 0.000000000000000000e+00
4.893279296875000000e+03 2.139930534362792969e+01 0.000000000000000000e+00
4.894404785156250000e+03 2.100777626037597656e+01 0.000000000000000000e+00
4.895533691406250000e+03 2.055256652832031250e+01 0.000000000000000000e+00
4.896659667968750000e+03 2.031583595275878906e+01 0.000000000000000000e+00
4.897789062500000000e+03 2.077393150329589844e+01 0.000000000000000000e+00
4.898915527343750000e+03 2.001430702209472656e+01 0.000000000000000000e+00
4.900045410156250000e+03 2.085724830627441406e+01 0.000000000000000000e+00
4.901172363281250000e+03 2.084196662902832031e+01 0.000000000000000000e+00
4.902299804687500000e+03 2.095405197143554688e+01 0.000000000000000000e+00
4.903430664062500000e+03 2.224155807495117188e+01 0.000000000000000000e+00
4.904558593750000000e+03 2.221210670471191406e+01 0.000000000000000000e+00
4.905689453125000000e+03 2.037214469909667969e+01 0.000000000000000000e+00
4.906817871093750000e+03 2.124533653259277344e+01 0.000000000000000000e+00
4.907949707031250000e+03 2.216412544250488281e+01 0.000000000000000000e+00
4.909078613281250000e+03 2.135822868347167969e+01 0.000000000000000000e+00
4.910208007812500000e+03 2.029765129089355469e+01 0.000000000000000000e+00
4.911340332031250000e+03 2.118625640869140625e+01 0.000000000000000000e+00
4.912470214843750000e+03 2.126369667053222656e+01 0.000000000000000000e+00
4.913603027343750000e+03 2.112095832824707031e+01 0.000000000000000000e+00
4.914733398437500000e+03 2.090043258666992188e+01 0.000000000000000000e+00
4.915866699218750000e+03 2.066072273254394531e+01 0.000000000000000000e+00
4.916997558593750000e+03 2.066802787780761719e+01 0.000000000000000000e+00
4.918128417968750000e+03 2.089867591857910156e+01 0.000000000000000000e+00
4.919262695312500000e+03 2.030890464782714844e+01 0.000000000000000000e+00
4.920394531250000000e+03 2.210195159912109375e+01 0.000000000000000000e+00
4.921528808593750000e+03 2.103115653991699219e+01 0.000000000000000000e+00
4.922661132812500000e+03 2.002712059020996094e+01 0.000000000000000000e+00
4.923796386718750000e+03 2.125859451293945312e+01 0.000000000000000000e+00
4.924929199218750000e+03 2.013144111633300781e+01 0.000000000000000000e+00
4.926062011718750000e+03 2.141880989074707031e+01 0.000000000000000000e+00
4.927197753906250000e+03 2.161562728881835938e+01 0.000000000000000000e+00
4.928331542968750000e+03 2.218465805053710938e+01 0.000000000000000000e+00
4.929467773437500000e+03 2.217554664611816406e+01 0.000000000000000000e+00
4.930602050781250000e+03 2.074164199829101562e+01 0.000000000000000000e+00
4.931738769531250000e+03 1.988191413879394531e+01 0.000000000000000000e+00
4.932873535156250000e+03 1.963725280761718750e+01 0.000000000000000000e+00
4.934008300781250000e+03 2.058215904235839844e+01 0.000000000000000000e+00
4.935145996093750000e+03 2.145239448547363281e+01 0.000000000000000000e+00
4.936281250000000000e+03 2.084578514099121094e+01 0.000000000000000000e+00
4.937419433593750000e+03 1.993664169311523438e+01 0.000000000000000000e+00
4.938555664062500000e+03 2.116112327575683594e+01 0.000000000000000000e+00
4.939694335937500000e+03 2.026184463500976562e+01 0.000000000000000000e+00
4.940830566406250000e+03 1.981896400451660156e+01 0.000000000000000000e+00
4.941967285156250000e+03 2.112562751770019531e+01 0.000000000000000000e+00
4.943106933593750000e+03 2.146220207214355469e+01 0.000000000000000000e+00
4.944244140625000000e+03 2.045087242126464844e+01 0.000000000000000000e+00
4.945384277343750000e+03 2.168931770324707031e+01 0.000000000000000000e+00
4.946521972656250000e+03 2.123180770874023438e+01 0.000000000000000000e+00
4.947662597656250000e+03 2.088543319702148438e+01 0.000000000000000000e+00
4.948800781250000000e+03 2.144416618347167969e+01 0.000000000000000000e+00
4.949939453125000000e+03 2.135992622375488281e+01 0.000000000000000000e+00
4.951080566406250000e+03 2.025525093078613281e+01 0.000000000000000000e+00
4.952219726562500000e+03 2.012251853942871094e+01 0.000000000000000000e+00
4.953361816406250000e+03 1.984288597106933594e+01 0.000000000000000000e+00
4.954500976562500000e+03 2.063214111328125000e+01 0.000000000000000000e+00
4.955643554687500000e+03 2.063302230834960938e+01 0.000000000000000000e+00
4.956783691406250000e+03 2.026910400390625000e+01 0.000000000000000000e+00
4.957923828125000000e+03 2.051884078979492188e+01 0.000000000000000000e+00
4.959067382812500000e+03 2.078381729125976562e+01 0.000000000000000000e+00
4.960208007812500000e+03 2.130027008056640625e+01 0.000000000000000000e+00
4.961352050781250000e+03 2.058158683776855469e+01 0.000000000000000000e+00
4.962493164062500000e+03 2.024750328063964844e+01 0.000000000000000000e+00
4.963637695312500000e+03 2.060806846618652344e+01 0.000000000000000000e+00
4.964779296875000000e+03 2.052782440185546875e+01 0.000000000000000000e+00
4.965921386718750000e+03 1.964297676086425781e+01 0.000000000000000000e+00
4.967066894531250000e+03 2.055168724060058594e+01 0.000000000000000000e+00
4.968209472656250000e+03 2.137621498107910156e+01 0.000000000000000000e+00
4.969354980468750000e+03 2.015426254272460938e+01 0.000000000000000000e+00
4.970498046875000000e+03 1.949453544616699219e+01 0.000000000000000000e+00
4.971644531250000000e+03 2.106890296936035156e+01 0.000000000000000000e+00
4.972788085937500000e+03 2.169160461425781250e+01 0.000000000000000000e+00
4.973932128906250000e+03 2.026786422729492188e+01 0.000000000000000000e+00
4.975079101562500000e+03 1.991890907287597656e+01 0.000000000000000000e+00
4.976223632812500000e+03 1.920547294616699219e+01 0.000000000000000000e+00
4.977371093750000000e+03 1.952911758422851562e+01 0.000000000000000000e+00
4.978516113281250000e+03 2.093098258972167969e+01 0.000000000000000000e+00
4.979664062500000000e+03 2.003528976440429688e+01 0.000000000000000000e+00
4.980809570312500000e+03 2.060230827331542969e+01 0.000000000000000000e+00
4.981958496093750000e+03 1.991347694396972656e+01 0.000000000000000000e+00
4.983104492187500000e+03 2.043026733398437500e+01 0.000000000000000000e+00
4.984250976562500000e+03 2.047261619567871094e+01 0.000000000000000000e+00
4.985400390625000000e+03 1.954450607299804688e+01 0.000000000000000000e+00
4.986546875000000000e+03 2.096681976318359375e+01 0.000000000000000000e+00
4.987696777343750000e+03 1.911108779907226562e+01 0.000000000000000000e+00
4.988844238281250000e+03 2.033869743347167969e+01 0.000000000000000000e+00
4.989994628906250000e+03 2.096641349792480469e+01 0.000000000000000000e+00
4.991142578125000000e+03 2.039943122863769531e+01 0.000000000000000000e+00
4.992291015625000000e+03 2.011285591125488281e+01 0.000000000000000000e+00
4.993441894531250000e+03 1.991031646728515625e+01 0.000000000000000000e+00
4.994590820312500000e+03 2.124385452270507812e+01 0.000000000000000000e+00
4.995742675781250000e+03 2.054127120971679688e+01 0.000000000000000000e+00
4.996892089843750000e+03 2.020396614074707031e+01 0.000000000000000000e+00
4.998043945312500000e+03 2.051651191711425781e+01 0.000000000000000000e+00
4.999193847656250000e+03 2.022510337829589844e+01 0.000000000000000000e+00
5.000343750000000000e+03 1.945579719543457031e+01 0.000000000000000000e+00
5.001497070312500000e+03 1.919557762145996094e+01 0.000000000000000000e+00
5.002647460937500000e+03 2.073091125488281250e+01 0.000000000000000000e+00
5.003801269531250000e+03 1.988649368286132812e+01 0.000000000000000000e+00
5.004952148437500000e+03 1.876765441894531250e+01 0.000000000000000000e+00
5.006106445312500000e+03 1.980002021789550781e+01 0.000000000000000000e+00
5.007258300781250000e+03 1.989342117309570312e+01 0.000000000000000000e+00
5.008410156250000000e+03 1.954971313476562500e+01 0.000000000000000000e+00
5.009564941406250000e+03 2.033487510681152344e+01 0.000000000000000000e+00
5.010717285156250000e+03 2.001825523376464844e+01 0.000000000000000000e+00
5.011873046875000000e+03 1.983687400817871094e+01 0.000000000000000000e+00
5.013025878906250000e+03 2.032545089721679688e+01 0.000000000000000000e+00
5.014181640625000000e+03 1.887311172485351562e+01 0.000000000000000000e+00
5.015335449218750000e+03 1.922218132019042969e+01 0.000000000000000000e+00
5.016489257812500000e+03 1.876886177062988281e+01 0.000000000000000000e+00
5.017645996093750000e+03 1.905173110961914062e+01 0.000000000000000000e+00
5.018800292968750000e+03 1.961858749389648438e+01 0.000000000000000000e+00
5.019957519531250000e+03 1.917250633239746094e+01 0.000000000000000000e+00
5.021112304687500000e+03 1.859004211425781250e+01 0.000000000000000000e+00
5.022270019531250000e+03 1.968395614624023438e+01 0.000000000000000000e+00
5.023425781250000000e+03 1.975639533996582031e+01 0.000000000000000000e+00
5.024581054687500000e+03 1.954529762268066406e+01 0.000000000000000000e+00
5.025739746093750000e+03 1.981720733642578125e+01 0.000000000000000000e+00
5.026895996093750000e+03 2.031740951538085938e+01 0.000000000000000000e+00
5.028055175781250000e+03 2.007146072387695312e+01 0.000000000000000000e+00
5.029211914062500000e+03 1.833141136169433594e+01 0.000000000000000000e+00
5.030371582031250000e+03 1.875044441223144531e+01 0.000000000000000000e+00
5.031528808593750000e+03 2.006984329223632812e+01 0.000000000000000000e+00
5.032686523437500000e+03 2.022506332397460938e+01 0.000000000000000000e+00
5.033847167968750000e+03 1.928425598144531250e+01 0.000000000000000000e+00
5.035004882812500000e+03 1.938269996643066406e+01 0.000000000000000000e+00
5.036166015625000000e+03 2.023296165466308594e+01 0.000000000000000000e+00
5.037324707031250000e+03 1.963435363769531250e+01 0.000000000000000000e+00
5.038486328125000000e+03 1.905376434326171875e+01 0.000000000000000000e+00
5.039645507812500000e+03 1.916280937194824219e+01 0.000000000000000000e+00
5.040804687500000000e+03 1.910886001586914062e+01 0.000000000000000000e+00
5.041967285156250000e+03 1.841741943359375000e+01 0.000000000000000000e+00
5.043126953125000000e+03 1.944022750854492188e+01 0.000000000000000000e+00
5.044290039062500000e+03 1.898482513427734375e+01 0.000000000000000000e+00
5.045450195312500000e+03 2.000615692138671875e+01 0.000000000000000000e+00
5.046613769531250000e+03 2.036116981506347656e+01 0.000000000000000000e+00
5.047774902343750000e+03 1.868610000610351562e+01 0.000000000000000000e+00
5.048936035156250000e+03 1.928407287597656250e+01 0.000000000000000000e+00
5.050100097656250000e+03 1.930929756164550781e+01 0.000000000000000000e+00
5.051262207031250000e+03 2.013250541687011719e+01 0.000000000000000000e+00
5.052426757812500000e+03 2.007872772216796875e+01 0.000000000000000000e+00
5.053589355468750000e+03 1.922253227233886719e+01 0.000000000000000000e+00
5.054754394531250000e+03 1.921313476562500000e+01 0.000000000000000000e+00
5.055917480468750000e+03 2.033453369140625000e+01 0.000000000000000000e+00
5.057080566406250000e+03 1.929695892333984375e+01 0.000000000000000000e+00
5.058246582031250000e+03 1.944717407226562500e+01 0.000000000000000000e+00
5.059410156250000000e+03 1.917755317687988281e+01 0.000000000000000000e+00
5.060577148437500000e+03 1.865462303161621094e+01 0.000000000000000000e+00
5.061741210937500000e+03 1.908352661132812500e+01 0.000000000000000000e+00
5.062908203125000000e+03 1.991057968139648438e+01 0.000000000000000000e+00
5.064073242187500000e+03 2.011231613159179688e+01 0.000000000000000000e+00
5.065237792968750000e+03 1.966961097717285156e+01 0.000000000000000000e+00
5.066406250000000000e+03 1.944396591186523438e+01 0.000000000000000000e+00
5.067571777343750000e+03 1.925335884094238281e+01 0.000000000000000000e+00
5.068740234375000000e+03 1.902599334716796875e+01 0.000000000000000000e+00
5.069906250000000000e+03 1.949451255798339844e+01 0.000000000000000000e+00
5.071075195312500000e+03 1.940737342834472656e+01 0.000000000000000000e+00
5.072241699218750000e+03 1.843803977966308594e+01 0.000000000000000000e+00
5.073411621093750000e+03 1.888817977905273438e+01 0.000000000000000000e+00
5.074578613281250000e+03 1.946049308776855469e+01 0.000000000000000000e+00
5.075746093750000000e+03 1.859818077087402344e+01 0.000000000000000000e+00
5.076916503906250000e+03 1.811319923400878906e+01 0.000000000000000000e+00
5.078084472656250000e+03 1.819917297363281250e+01 0.000000000000000000e+00
5.079255371093750000e+03 1.862895584106445312e+01 0.000000000000000000e+00
5.080423828125000000e+03 1.833162117004394531e+01 0.000000000000000000e+00
5.081595703125000000e+03 1.816860580444335938e+01 0.000000000000000000e+00
5.082764648437500000e+03 1.911942863464355469e+01 0.000000000000000000e+00
5.083933593750000000e+03 1.991792488098144531e+01 0.000000000000000000e+00
5.085105957031250000e+03 1.877042198181152344e+01 0.000000000000000000e+00
5.086275878906250000e+03 1.893812370300292969e+01 0.000000000000000000e+00
5.087448730468750000e+03 1.861393737792968750e+01 0.000000000000000000e+00
5.088619140625000000e+03 1.806134796142578125e+01 0.000000000000000000e+00
5.089792480468750000e+03 1.842368888854980469e+01 0.000000000000000000e+00
5.090963378906250000e+03 1.864492034912109375e+01 0.000000000000000000e+00
5.092134765625000000e+03 1.797274780273437500e+01 0.000000000000000000e+00
5.093309082031250000e+03 1.798542976379394531e+01 0.000000000000000000e+00
5.094480468750000000e+03 1.772758293151855469e+01 0.000000000000000000e+00
5.095655273437500000e+03 1.784241485595703125e+01 0.000000000000000000e+00
5.096827636718750000e+03 1.826295471191406250e+01 0.000000000000000000e+00
5.098002929687500000e+03 1.720859718322753906e+01 0.000000000000000000e+00
5.099175781250000000e+03 1.845754241943359375e+01 0.000000000000000000e+00
5.100348632812500000e+03 1.804039955139160156e+01 0.000000000000000000e+00
5.101524902343750000e+03 1.834547996520996094e+01 0.000000000000000000e+00
5.102698730468750000e+03 1.874055099487304688e+01 0.000000000000000000e+00
5.103875000000000000e+03 1.826248359680175781e+01 0.000000000000000000e+00
5.105049316406250000e+03 1.889986419677734375e+01 0.000000000000000000e+00
5.106226562500000000e+03 1.765281867980957031e+01 0.000000000000000000e+00
5.107401367187500000e+03 1.839933204650878906e+01 0.000000000000000000e+00
5.108576171875000000e+03 1.948335075378417969e+01 0.000000000000000000e+00
5.109754394531250000e+03 1.875019073486328125e+01 0.000000000000000000e+00
5.110929687500000000e+03 1.753057098388671875e+01 0.000000000000000000e+00
5.112108398437500000e+03 1.894398307800292969e+01 0.000000000000000000e+00
5.113284179687500000e+03 1.796738624572753906e+01 0.000000000000000000e+00
5.114463378906250000e+03 1.811459732055664062e+01 0.000000000000000000e+00
5.115640136718750000e+03 1.836957168579101562e+01 0.000000000000000000e+00
5.116816894531250000e+03 1.862207603454589844e+01 0.000000000000000000e+00
5.117996582031250000e+03 1.903344535827636719e+01 0.000000000000000000e+00
5.119174316406250000e+03 1.826096153259277344e+01 0.000000000000000000e+00
5.120354492187500000e+03 1.719678497314453125e+01 0.000000000000000000e+00
5.121532714843750000e+03 1.750273323059082031e+01 0.000000000000000000e+00
5.122713378906250000e+03 1.887566184997558594e+01 0.000000000000000000e+00
5.123892089843750000e+03 1.852897834777832031e+01 0.000000000000000000e+00
5.125070800781250000e+03 1.691042327880859375e+01 0.000000000000000000e+00
5.126252441406250000e+03 1.835782051086425781e+01 0.000000000000000000e+00
5.127432128906250000e+03 1.658678436279296875e+01 0.000000000000000000e+00
5.128614257812500000e+03 1.838337707519531250e+01 0.000000000000000000e+00
5.129793945312500000e+03 1.789086151123046875e+01 0.000000000000000000e+00
5.130977050781250000e+03 1.761050415039062500e+01 0.000000000000000000e+00
5.132157226562500000e+03 1.993323135375976562e+01 0.000000000000000000e+00
5.133337890625000000e+03 1.787627983093261719e+01 0.000000000000000000e+00
5.134521972656250000e+03 1.717317008972167969e+01 0.000000000000000000e+00
5.135703125000000000e+03 1.838067626953125000e+01 0.000000000000000000e+00
5.136887207031250000e+03 1.840855216979980469e+01 0.000000000000000000e+00
5.138068847656250000e+03 1.785238075256347656e+01 0.000000000000000000e+00
5.139253906250000000e+03 1.795902633666992188e+01 0.000000000000000000e+00
5.140436035156250000e+03 1.718105697631835938e+01 0.000000000000000000e+00
5.141618652343750000e+03 1.695923805236816406e+01 0.000000000000000000e+00
5.142804199218750000e+03 1.749815368652343750e+01 0.000000000000000000e+00
5.143987304687500000e+03 1.759683418273925781e+01 0.000000000000000000e+00
5.145173828125000000e+03 1.747213554382324219e+01 0.000000000000000000e+00
5.146357421875000000e+03 1.752871513366699219e+01 0.000000000000000000e+00
5.147543945312500000e+03 1.717507743835449219e+01 0.000000000000000000e+00
5.148728027343750000e+03 1.759795379638671875e+01 0.000000000000000000e+00
5.149912597656250000e+03 1.773842239379882812e+01 0.000000000000000000e+00
5.151100097656250000e+03 1.762804222106933594e+01 0.000000000000000000e+00
5.152285156250000000e+03 1.723999404907226562e+01 0.000000000000000000e+00
5.153473144531250000e+03 1.715842437744140625e+01 0.000000000000000000e+00
5.154658691406250000e+03 1.844585609436035156e+01 0.000000000000000000e+00
5.155847656250000000e+03 1.872471809387207031e+01 0.000000000000000000e+00
5.157033691406250000e+03 1.808672142028808594e+01 0.000000000000000000e+00
5.158222656250000000e+03 1.777857780456542969e+01 0.000000000000000000e+00
5.159409179687500000e+03 1.810159683227539062e+01 0.000000000000000000e+00
5.160596191406250000e+03 1.864719772338867188e+01 0.000000000000000000e+00
5.161786132812500000e+03 1.900496864318847656e+01 0.000000000000000000e+00
5.162973632812500000e+03 1.863514709472656250e+01 0.000000000000000000e+00
5.164164550781250000e+03 1.819518280029296875e+01 0.000000000000000000e+00
5.165352539062500000e+03 1.816764068603515625e+01 0.000000000000000000e+00
5.166543457031250000e+03 1.848668098449707031e+01 0.000000000000000000e+00
5.167731933593750000e+03 1.862113189697265625e+01 0.000000000000000000e+00
5.168920898437500000e+03 1.831290817260742188e+01 0.000000000000000000e+00
5.170112792968750000e+03 1.887302017211914062e+01 0.000000000000000000e+00
5.171302246093750000e+03 1.725732421875000000e+01 0.000000000000000000e+00
5.172494628906250000e+03 1.698350334167480469e+01 0.000000000000000000e+00
5.173684570312500000e+03 1.770509910583496094e+01 0.000000000000000000e+00
5.174877929687500000e+03 1.772249221801757812e+01 0.000000000000000000e+00
5.176068359375000000e+03 1.845400619506835938e+01 0.000000000000000000e+00
5.177258789062500000e+03 1.799166107177734375e+01 0.000000000000000000e+00
5.178452636718750000e+03 1.804497909545898438e+01 0.000000000000000000e+00
5.179644042968750000e+03 1.800762939453125000e+01 0.000000000000000000e+00
5.180838378906250000e+03 1.800985717773437500e+01 0.000000000000000000e+00
5.182030273437500000e+03 1.833945655822753906e+01 0.000000000000000000e+00
5.183225097656250000e+03 1.831357955932617188e+01 0.000000000000000000e+00
5.184417480468750000e+03 1.867534446716308594e+01 0.000000000000000000e+00
5.185610351562500000e+03 1.817820549011230469e+01 0.000000000000000000e+00
5.186806152343750000e+03 1.841300010681152344e+01 0.000000000000000000e+00
5.187999511718750000e+03 1.913694190979003906e+01 0.000000000000000000e+00
5.189195800781250000e+03 1.951518440246582031e+01 0.000000000000000000e+00
5.190389648437500000e+03 1.980454063415527344e+01 0.000000000000000000e+00
5.191586425781250000e+03 1.766152763366699219e+01 0.000000000000000000e+00
5.192780761718750000e+03 1.736588287353515625e+01 0.000000000000000000e+00
5.193975097656250000e+03 1.794515800476074219e+01 0.000000000000000000e+00
5.195172851562500000e+03 1.821633148193359375e+01 0.000000000000000000e+00
5.196368164062500000e+03 1.808350372314453125e+01 0.000000000000000000e+00
5.197566406250000000e+03 1.788393974304199219e+01 0.000000000000000000e+00
5.198762207031250000e+03 1.873622322082519531e+01 0.000000000000000000e+00
5.199960937500000000e+03 1.831304359436035156e+01 0.000000000000000000e+00
5.201157226562500000e+03 1.801174354553222656e+01 0.000000000000000000e+00
5.202353515625000000e+03 1.845710563659667969e+01 0.000000000000000000e+00
5.203553222656250000e+03 1.856854438781738281e+01 0.000000000000000000e+00
5.204750488281250000e+03 1.768017768859863281e+01 0.000000000000000000e+00
5.205950683593750000e+03 1.862176322937011719e+01 0.000000000000000000e+00
5.207148437500000000e+03 1.904185867309570312e+01 0.000000000000000000e+00
5.208349121093750000e+03 1.862130355834960938e+01 0.000000000000000000e+00
5.209547363281250000e+03 1.865799522399902344e+01 0.000000000000000000e+00
5.210745605468750000e+03 1.904140663146972656e+01 0.000000000000000000e+00
5.211947265625000000e+03 1.784127044677734375e+01 0.000000000000000000e+00
5.213145996093750000e+03 1.827540779113769531e+01 0.000000000000000000e+00
5.214348144531250000e+03 1.850898551940917969e+01 0.000000000000000000e+00
5.215547851562500000e+03 1.866654968261718750e+01 0.000000000000000000e+00
5.216750488281250000e+03 1.853853988647460938e+01 0.000000000000000000e+00
5.217950683593750000e+03 1.790023612976074219e+01 0.000000000000000000e+00
5.219150878906250000e+03 1.789045524597167969e+01 0.000000000000000000e+00
5.220354492187500000e+03 1.955410003662109375e+01 0.000000000000000000e+00
5.221555664062500000e+03 1.884165763854980469e+01 0.000000000000000000e+00
5.222759765625000000e+03 1.821353912353515625e+01 0.000000000000000000e+00
5.223960937500000000e+03 1.841724395751953125e+01 0.000000000000000000e+00
5.225165527343750000e+03 1.852172088623046875e+01 0.000000000000000000e+00
5.226367675781250000e+03 1.855951118469238281e+01 0.000000000000000000e+00
5.227570312500000000e+03 1.726457023620605469e+01 0.000000000000000000e+00
5.228775390625000000e+03 1.821610641479492188e+01 0.000000000000000000e+00
5.229978515625000000e+03 1.909793090820312500e+01 0.000000000000000000e+00
5.231184570312500000e+03 1.852492141723632812e+01 0.000000000000000000e+00
5.232387695312500000e+03 1.798971748352050781e+01 0.000000000000000000e+00
5.233594238281250000e+03 1.914438438415527344e+01 0.000000000000000000e+00
5.234798339843750000e+03 1.851968765258789062e+01 0.000000000000000000e+00
5.236002929687500000e+03 1.899805641174316406e+01 0.000000000000000000e+00
5.237209960937500000e+03 1.922919845581054688e+01 0.000000000000000000e+00
5.238415039062500000e+03 1.860125541687011719e+01 0.000000000000000000e+00
5.239623046875000000e+03 1.823004913330078125e+01 0.000000000000000000e+00
5.240828125000000000e+03 1.877166938781738281e+01 0.000000000000000000e+00
5.242036621093750000e+03 1.809252166748046875e+01 0.000000000000000000e+00
5.243242675781250000e+03 1.864521598815917969e+01 0.000000000000000000e+00
5.244448730468750000e+03 1.731814956665039062e+01 0.000000000000000000e+00
5.245658203125000000e+03 1.670298767089843750e+01 0.000000000000000000e+00
5.246865234375000000e+03 1.873630523681640625e+01 0.000000000000000000e+00
5.248074707031250000e+03 1.779672050476074219e+01 0.000000000000000000e+00
5.249282226562500000e+03 1.701348686218261719e+01 0.000000000000000000e+00
5.250492675781250000e+03 1.750889015197753906e+01 0.000000000000000000e+00
5.251700683593750000e+03 1.821152877807617188e+01 0.000000000000000000e+00
5.252911621093750000e+03 1.835615158081054688e+01 0.000000000000000000e+00
5.254120117187500000e+03 1.825955390930175781e+01 0.000000000000000000e+00
5.255328613281250000e+03 1.835264396667480469e+01 0.000000000000000000e+00
5.256540527343750000e+03 1.685133552551269531e+01 0.000000000000000000e+00
5.257750000000000000e+03 1.813784790039062500e+01 0.000000000000000000e+00
5.258962402343750000e+03 1.805342292785644531e+01 0.000000000000000000e+00
5.260172363281250000e+03 1.714006614685058594e+01 0.000000000000000000e+00
5.261385253906250000e+03 1.787660408020019531e+01 0.000000000000000000e+00
5.262595703125000000e+03 1.795429229736328125e+01 0.000000000000000000e+00
5.263806152343750000e+03 1.774676895141601562e+01 0.000000000000000000e+00
5.265020019531250000e+03 1.832093811035156250e+01 0.000000000000000000e+00
5.266230957031250000e+03 1.792865180969238281e+01 0.000000000000000000e+00
5.267445800781250000e+03 1.706732559204101562e+01 0.000000000000000000e+00
5.268657226562500000e+03 1.701305007934570312e+01 0.000000000000000000e+00
5.269872070312500000e+03 1.690020370483398438e+01 0.000000000000000000e+00
5.271084472656250000e+03 1.680583381652832031e+01 0.000000000000000000e+00
5.272297363281250000e+03 1.839655494689941406e+01 0.000000000000000000e+00
5.273513183593750000e+03 1.813345909118652344e+01 0.000000000000000000e+00
5.274726074218750000e+03 1.701553726196289062e+01 0.000000000000000000e+00
5.275942382812500000e+03 1.772840118408203125e+01 0.000000000000000000e+00
5.277156250000000000e+03 1.854231262207031250e+01 0.000000000000000000e+00
5.278373046875000000e+03 1.809616661071777344e+01 0.000000000000000000e+00
5.279587402343750000e+03 1.766510963439941406e+01 0.000000000000000000e+00
5.280801757812500000e+03 1.777097702026367188e+01 0.000000000000000000e+00
5.282019531250000000e+03 1.781440925598144531e+01 0.000000000000000000e+00
5.283234863281250000e+03 1.735010147094726562e+01 0.000000000000000000e+00
5.284453125000000000e+03 1.726634597778320312e+01 0.000000000000000000e+00
5.285668945312500000e+03 1.841348266601562500e+01 0.000000000000000000e+00
5.286887695312500000e+03 1.779881286621093750e+01 0.000000000000000000e+00
5.288104003906250000e+03 1.737658119201660156e+01 0.000000000000000000e+00
5.289320312500000000e+03 1.743593215942382812e+01 0.000000000000000000e+00
5.290540039062500000e+03 1.746381759643554688e+01 0.000000000000000000e+00
5.291757324218750000e+03 1.852355766296386719e+01 0.000000000000000000e+00
5.292977539062500000e+03 1.820037651062011719e+01 0.000000000000000000e+00
5.294195312500000000e+03 1.794572067260742188e+01 0.000000000000000000e+00
5.295416015625000000e+03 1.770345687866210938e+01 0.000000000000000000e+00
5.296634277343750000e+03 1.813799667358398438e+01 0.000000000000000000e+00
5.297852539062500000e+03 1.880246925354003906e+01 0.000000000000000000e+00
5.299074218750000000e+03 1.738368606567382812e+01 0.000000000000000000e+00
5.300293457031250000e+03 1.777897071838378906e+01 0.000000000000000000e+00
5.301515625000000000e+03 1.792635154724121094e+01 0.000000000000000000e+00
5.302735351562500000e+03 1.748934555053710938e+01 0.000000000000000000e+00
5.303958007812500000e+03 1.704266929626464844e+01 0.000000000000000000e+00
5.305178222656250000e+03 1.697381019592285156e+01 0.000000000000000000e+00
5.306398437500000000e+03 1.728407287597656250e+01 0.000000000000000000e+00
5.307622070312500000e+03 1.822908401489257812e+01 0.000000000000000000e+00
5.308843261718750000e+03 1.790743637084960938e+01 0.000000000000000000e+00
5.310067382812500000e+03 1.778681182861328125e+01 0.000000000000000000e+00
5.311289062500000000e+03 1.779881095886230469e+01 0.000000000000000000e+00
5.312513671875000000e+03 1.701683044433593750e+01 0.000000000000000000e+00
5.313735839843750000e+03 1.635471343994140625e+01 0.000000000000000000e+00
5.314958496093750000e+03 1.685110092163085938e+01 0.000000000000000000e+00
5.316184082031250000e+03 1.799333381652832031e+01 0.000000000000000000e+00
5.317407226562500000e+03 1.721986389160156250e+01 0.000000000000000000e+00
5.318633300781250000e+03 1.676344108581542969e+01 0.000000000000000000e+00
5.319856933593750000e+03 1.814961624145507812e+01 0.000000000000000000e+00
5.321083496093750000e+03 1.703865623474121094e+01 0.000000000000000000e+00
5.322307617187500000e+03 1.687066078186035156e+01 0.000000000000000000e+00
5.323531738281250000e+03 1.708500289916992188e+01 0.000000000000000000e+00
5.324759765625000000e+03 1.766134262084960938e+01 0.000000000000000000e+00
5.325984375000000000e+03 1.757929801940917969e+01 0.000000000000000000e+00
5.327212890625000000e+03 1.691164970397949219e+01 0.000000000000000000e+00
5.328437988281250000e+03 1.795133972167968750e+01 0.000000000000000000e+00
5.329666992187500000e+03 1.772046470642089844e+01 0.000000000000000000e+00
5.330893066406250000e+03 1.753824043273925781e+01 0.000000000000000000e+00
5.332119140625000000e+03 1.780659866333007812e+01 0.000000000000000000e+00
5.333349121093750000e+03 1.748814964294433594e+01 0.000000000000000000e+00
5.334575683593750000e+03 1.654327774047851562e+01 0.000000000000000000e+00
5.335806152343750000e+03 1.705843353271484375e+01 0.000000000000000000e+00
5.337033691406250000e+03 1.751825141906738281e+01 0.000000000000000000e+00
5.338264160156250000e+03 1.678358459472656250e+01 0.000000000000000000e+00
5.339492187500000000e+03 1.726800727844238281e+01 0.000000000000000000e+00
5.340720703125000000e+03 1.775213813781738281e+01 0.000000000000000000e+00
5.341952148437500000e+03 1.692211532592773438e+01 0.000000000000000000e+00
5.343181152343750000e+03 1.745220184326171875e+01 0.000000000000000000e+00
5.344413085937500000e+03 1.558899593353271484e+01 0.000000000000000000e+00
5.345642578125000000e+03 1.690196990966796875e+01 0.000000000000000000e+00
5.346875488281250000e+03 1.726540184020996094e+01 0.000000000000000000e+00
5.348105468750000000e+03 1.628208160400390625e+01 0.000000000000000000e+00
5.349338867187500000e+03 1.661178207397460938e+01 0.000000000000000000e+00
5.350569335937500000e+03 1.712758445739746094e+01 0.000000000000000000e+00
5.351800292968750000e+03 1.632107543945312500e+01 0.000000000000000000e+00
5.353034179687500000e+03 1.592685031890869141e+01 0.000000000000000000e+00
5.354265625000000000e+03 1.594133281707763672e+01 0.000000000000000000e+00
5.355500488281250000e+03 1.617243766784667969e+01 0.000000000000000000e+00
5.356732421875000000e+03 1.676941680908203125e+01 0.000000000000000000e+00
5.357967773437500000e+03 1.744664764404296875e+01 0.000000000000000000e+00
5.359200195312500000e+03 1.667549514770507812e+01 0.000000000000000000e+00
5.360433105468750000e+03 1.716143226623535156e+01 0.000000000000000000e+00
5.361669433593750000e+03 1.755855751037597656e+01 0.000000000000000000e+00
5.362902832031250000e+03 1.734400177001953125e+01 0.000000000000000000e+00
5.364139160156250000e+03 1.742600059509277344e+01 0.000000000000000000e+00
5.365373535156250000e+03 1.766359710693359375e+01 0.000000000000000000e+00
5.366610839843750000e+03 1.581885814666748047e+01 0.000000000000000000e+00
5.367845214843750000e+03 1.676771545410156250e+01 0.000000000000000000e+00
5.369080078125000000e+03 1.679312896728515625e+01 0.000000000000000000e+00
5.370318359375000000e+03 1.674024772644042969e+01 0.000000000000000000e+00
5.371553710937500000e+03 1.806445312500000000e+01 0.000000000000000000e+00
5.372792480468750000e+03 1.613842391967773438e+01 0.000000000000000000e+00
5.374028320312500000e+03 1.636439895629882812e+01 0.000000000000000000e+00
5.375267578125000000e+03 1.650506401062011719e+01 0.000000000000000000e+00
5.376503906250000000e+03 1.622751235961914062e+01 0.000000000000000000e+00
5.377741210937500000e+03 1.632281112670898438e+01 0.000000000000000000e+00
5.378980957031250000e+03 1.700867271423339844e+01 0.000000000000000000e+00
5.380218261718750000e+03 1.731731605529785156e+01 0.000000000000000000e+00
5.381458984375000000e+03 1.686223220825195312e+01 0.000000000000000000e+00
5.382697265625000000e+03 1.593729114532470703e+01 0.000000000000000000e+00
5.383938476562500000e+03 1.686355781555175781e+01 0.000000000000000000e+00
5.385176757812500000e+03 1.783877944946289062e+01 0.000000000000000000e+00
5.386416015625000000e+03 1.685887527465820312e+01 0.000000000000000000e+00
5.387657714843750000e+03 1.671852302551269531e+01 0.000000000000000000e+00
5.388897460937500000e+03 1.577048778533935547e+01 0.000000000000000000e+00
5.390140136718750000e+03 1.584489345550537109e+01 0.000000000000000000e+00
5.391379882812500000e+03 1.636385726928710938e+01 0.000000000000000000e+00
5.392623046875000000e+03 1.637572479248046875e+01 0.000000000000000000e+00
5.393863769531250000e+03 1.625946998596191406e+01 0.000000000000000000e+00
5.395104492187500000e+03 1.714386749267578125e+01 0.000000000000000000e+00
5.396348632812500000e+03 1.653703498840332031e+01 0.000000000000000000e+00
5.397590332031250000e+03 1.671952247619628906e+01 0.000000000000000000e+00
5.398834960937500000e+03 1.680263519287109375e+01 0.000000000000000000e+00
5.400076660156250000e+03 1.635601043701171875e+01 0.000000000000000000e+00
5.401322265625000000e+03 1.625190734863281250e+01 0.000000000000000000e+00
5.402564453125000000e+03 1.702251434326171875e+01 0.000000000000000000e+00
5.403807617187500000e+03 1.725024223327636719e+01 0.000000000000000000e+00
5.405053710937500000e+03 1.686051750183105469e+01 0.000000000000000000e+00
5.406296875000000000e+03 1.639349174499511719e+01 0.000000000000000000e+00
5.407543945312500000e+03 1.666671180725097656e+01 0.000000000000000000e+00
5.408787597656250000e+03 1.722340965270996094e+01 0.000000000000000000e+00
5.410035156250000000e+03 1.636584091186523438e+01 0.000000000000000000e+00
5.411279785156250000e+03 1.720604324340820312e+01 0.000000000000000000e+00
5.412524414062500000e+03 1.586423301696777344e+01 0.000000000000000000e+00
5.413772460937500000e+03 1.584416580200195312e+01 0.000000000000000000e+00
5.415018066406250000e+03 1.649775123596191406e+01 0.000000000000000000e+00
5.416266601562500000e+03 1.574441623687744141e+01 0.000000000000000000e+00
5.417512695312500000e+03 1.665606880187988281e+01 0.000000000000000000e+00
5.418761718750000000e+03 1.651521301269531250e+01 0.000000000000000000e+00
5.420008300781250000e+03 1.638474655151367188e+01 0.000000000000000000e+00
5.421255371093750000e+03 1.683608818054199219e+01 0.000000000000000000e+00
5.422505371093750000e+03 1.650861930847167969e+01 0.000000000000000000e+00
5.423752929687500000e+03 1.532353305816650391e+01 0.000000000000000000e+00
5.425003417968750000e+03 1.635433578491210938e+01 0.000000000000000000e+00
5.426251464843750000e+03 1.678317451477050781e+01 0.000000000000000000e+00
5.427502929687500000e+03 1.621663856506347656e+01 0.000000000000000000e+00
5.428751464843750000e+03 1.608617019653320312e+01 0.000000000000000000e+00
5.430000488281250000e+03 1.691580009460449219e+01 0.000000000000000000e+00
5.431252441406250000e+03 1.760967063903808594e+01 0.000000000000000000e+00
5.432501953125000000e+03 1.681349563598632812e+01 0.000000000000000000e+00
5.433754882812500000e+03 1.673769378662109375e+01 0.000000000000000000e+00
5.435004882812500000e+03 1.759701728820800781e+01 0.000000000000000000e+00
5.436258300781250000e+03 1.721082496643066406e+01 0.000000000000000000e+00
5.437508789062500000e+03 1.619401168823242188e+01 0.000000000000000000e+00
5.438759765625000000e+03 1.620160102844238281e+01 0.000000000000000000e+00
5.440013671875000000e+03 1.627060317993164062e+01 0.000000000000000000e+00
5.441265136718750000e+03 1.649026489257812500e+01 0.000000000000000000e+00
5.442520019531250000e+03 1.587817287445068359e+01 0.000000000000000000e+00
5.443771972656250000e+03 1.656960105895996094e+01 0.000000000000000000e+00
5.445027343750000000e+03 1.697967147827148438e+01 0.000000000000000000e+00
5.446279785156250000e+03 1.573232269287109375e+01 0.000000000000000000e+00
5.447535644531250000e+03 1.666544914245605469e+01 0.000000000000000000e+00
5.448789062500000000e+03 1.611593055725097656e+01 0.000000000000000000e+00
5.450042480468750000e+03 1.635564613342285156e+01 0.000000000000000000e+00
5.451299316406250000e+03 1.624018478393554688e+01 0.000000000000000000e+00
5.452553222656250000e+03 1.629445838928222656e+01 0.000000000000000000e+00
5.453810546875000000e+03 1.698353385925292969e+01 0.000000000000000000e+00
5.455065429687500000e+03 1.589276981353759766e+01 0.000000000000000000e+00
5.456323242187500000e+03 1.651761245727539062e+01 0.000000000000000000e+00
5.457578613281250000e+03 1.603500747680664062e+01 0.000000000000000000e+00
5.458833984375000000e+03 1.508795547485351562e+01 0.000000000000000000e+00
5.460092773437500000e+03 1.529096698760986328e+01 0.000000000000000000e+00
5.461348632812500000e+03 1.623199653625488281e+01 0.000000000000000000e+00
5.462608398437500000e+03 1.558326625823974609e+01 0.000000000000000000e+00
5.463864746093750000e+03 1.618098640441894531e+01 0.000000000000000000e+00
5.465125000000000000e+03 1.560097503662109375e+01 0.000000000000000000e+00
5.466382324218750000e+03 1.567065811157226562e+01 0.000000000000000000e+00
5.467639648437500000e+03 1.693381500244140625e+01 0.000000000000000000e+00
5.468900390625000000e+03 1.763289642333984375e+01 0.000000000000000000e+00
5.470158691406250000e+03 1.637164497375488281e+01 0.000000000000000000e+00
5.471419921875000000e+03 1.444521331787109375e+01 0.000000000000000000e+00
5.472678710937500000e+03 1.573395633697509766e+01 0.000000000000000000e+00
5.473940429687500000e+03 1.577033233642578125e+01 0.000000000000000000e+00
5.475199707031250000e+03 1.521558094024658203e+01 0.000000000000000000e+00
5.476459472656250000e+03 1.624609184265136719e+01 0.000000000000000000e+00
5.477722167968750000e+03 1.479761600494384766e+01 0.000000000000000000e+00
5.478982421875000000e+03 1.603701591491699219e+01 0.000000000000000000e+00
5.480246093750000000e+03 1.620482063293457031e+01 0.000000000000000000e+00
5.481506835937500000e+03 1.508786487579345703e+01 0.000000000000000000e+00
5.482770507812500000e+03 1.517434024810791016e+01 0.000000000000000000e+00
5.484032226562500000e+03 1.663150405883789062e+01 0.000000000000000000e+00
5.485293457031250000e+03 1.545664787292480469e+01 0.000000000000000000e+00
5.486558593750000000e+03 1.560808277130126953e+01 0.000000000000000000e+00
5.487820800781250000e+03 1.562707233428955078e+01 0.000000000000000000e+00
5.489085937500000000e+03 1.561944293975830078e+01 0.000000000000000000e+00
5.490349121093750000e+03 1.574947929382324219e+01 0.000000000000000000e+00
5.491614746093750000e+03 1.578236293792724609e+01 0.000000000000000000e+00
5.492878417968750000e+03 1.584886264801025391e+01 0.000000000000000000e+00
5.494142089843750000e+03 1.626520156860351562e+01 0.000000000000000000e+00
5.495408691406250000e+03 1.626218414306640625e+01 0.000000000000000000e+00
5.496672851562500000e+03 1.615256118774414062e+01 0.000000000000000000e+00
5.497940429687500000e+03 1.612290954589843750e+01 0.000000000000000000e+00
5.499205566406250000e+03 1.599081897735595703e+01 0.000000000000000000e+00
5.500473632812500000e+03 1.578667926788330078e+01 0.000000000000000000e+00
5.501738769531250000e+03 1.600460433959960938e+01 0.000000000000000000e+00
5.503004394531250000e+03 1.563219928741455078e+01 0.000000000000000000e+00
5.504273437500000000e+03 1.638071632385253906e+01 0.000000000000000000e+00
5.505539550781250000e+03 1.714589500427246094e+01 0.000000000000000000e+00
5.506809570312500000e+03 1.639727592468261719e+01 0.000000000000000000e+00
5.508076171875000000e+03 1.653503417968750000e+01 0.000000000000000000e+00
5.509346191406250000e+03 1.626053237915039062e+01 0.000000000000000000e+00
5.510613769531250000e+03 1.622603988647460938e+01 0.000000000000000000e+00
5.511881347656250000e+03 1.588864135742187500e+01 0.000000000000000000e+00
5.513152343750000000e+03 1.552441024780273438e+01 0.000000000000000000e+00
5.514420898437500000e+03 1.562048149108886719e+01 0.000000000000000000e+00
5.515692382812500000e+03 1.528702926635742188e+01 0.000000000000000000e+00
5.516961425781250000e+03 1.472287464141845703e+01 0.000000000000000000e+00
5.518233398437500000e+03 1.656510353088378906e+01 0.000000000000000000e+00
5.519502929687500000e+03 1.670181465148925781e+01 0.000000000000000000e+00
5.520772460937500000e+03 1.542229557037353516e+01 0.000000000000000000e+00
5.522045898437500000e+03 1.569916629791259766e+01 0.000000000000000000e+00
5.523315917968750000e+03 1.589291858673095703e+01 0.000000000000000000e+00
5.524589843750000000e+03 1.592701339721679688e+01 0.000000000000000000e+00
5.525860839843750000e+03 1.664889335632324219e+01 0.000000000000000000e+00
5.527134765625000000e+03 1.687628746032714844e+01 0.000000000000000000e+00
5.528406250000000000e+03 1.623319816589355469e+01 0.000000000000000000e+00
5.529678222656250000e+03 1.576689434051513672e+01 0.000000000000000000e+00
5.530953613281250000e+03 1.635585975646972656e+01 0.000000000000000000e+00
5.532225585937500000e+03 1.627726364135742188e+01 0.000000000000000000e+00
5.533501464843750000e+03 1.578426074981689453e+01 0.000000000000000000e+00
5.534774414062500000e+03 1.570171642303466797e+01 0.000000000000000000e+00
5.536050781250000000e+03 1.582819843292236328e+01 0.000000000000000000e+00
5.537324218750000000e+03 1.586010837554931641e+01 0.000000000000000000e+00
5.538598144531250000e+03 1.626638412475585938e+01 0.000000000000000000e+00
5.539875488281250000e+03 1.494992160797119141e+01 0.000000000000000000e+00
5.541149902343750000e+03 1.567369747161865234e+01 0.000000000000000000e+00
5.542427734375000000e+03 1.655161857604980469e+01 0.000000000000000000e+00
5.543702636718750000e+03 1.562536907196044922e+01 0.000000000000000000e+00
5.544980957031250000e+03 1.476159477233886719e+01 0.000000000000000000e+00
5.546256835937500000e+03 1.733477973937988281e+01 0.000000000000000000e+00
5.547535644531250000e+03 1.560981178283691406e+01 0.000000000000000000e+00
5.548811523437500000e+03 1.593724918365478516e+01 0.000000000000000000e+00
5.550088378906250000e+03 1.669060897827148438e+01 0.000000000000000000e+00
5.551368164062500000e+03 1.634905242919921875e+01 0.000000000000000000e+00
5.552645019531250000e+03 1.595535278320312500e+01 0.000000000000000000e+00
5.553925781250000000e+03 1.603363990783691406e+01 0.000000000000000000e+00
5.555203125000000000e+03 1.622622489929199219e+01 0.000000000000000000e+00
5.556484375000000000e+03 1.658608627319335938e+01 0.000000000000000000e+00
5.557762695312500000e+03 1.701104736328125000e+01 0.000000000000000000e+00
5.559041015625000000e+03 1.683171272277832031e+01 0.000000000000000000e+00
5.560323242187500000e+03 1.606205940246582031e+01 0.000000000000000000e+00
5.561602050781250000e+03 1.627474403381347656e+01 0.000000000000000000e+00
5.562884765625000000e+03 1.647120094299316406e+01 0.000000000000000000e+00
5.564164550781250000e+03 1.631104278564453125e+01 0.000000000000000000e+00
5.565447265625000000e+03 1.597071743011474609e+01 0.000000000000000000e+00
5.566728027343750000e+03 1.602573966979980469e+01 0.000000000000000000e+00
5.568008300781250000e+03 1.639022445678710938e+01 0.000000000000000000e+00
5.569292480468750000e+03 1.601684951782226562e+01 0.000000000000000000e+00
5.570573730468750000e+03 1.688187789916992188e+01 0.000000000000000000e+00
5.571857910156250000e+03 1.577233028411865234e+01 0.000000000000000000e+00
5.573140136718750000e+03 1.594904422760009766e+01 0.000000000000000000e+00
5.574425292968750000e+03 1.643289947509765625e+01 0.000000000000000000e+00
5.575707519531250000e+03 1.602187347412109375e+01 0.000000000000000000e+00
5.576990234375000000e+03 1.940029525756835938e+01 0.000000000000000000e+00
5.578276367187500000e+03 1.494613838195800781e+01 0.000000000000000000e+00
5.579559570312500000e+03 1.638357162475585938e+01 0.000000000000000000e+00
5.580846191406250000e+03 1.830468177795410156e+01 0.000000000000000000e+00
5.582129882812500000e+03 1.686628532409667969e+01 0.000000000000000000e+00
5.583416992187500000e+03 1.559222221374511719e+01 0.000000000000000000e+00
5.584701660156250000e+03 1.649862098693847656e+01 0.000000000000000000e+00
5.585986328125000000e+03 1.594890499114990234e+01 0.000000000000000000e+00
5.587274414062500000e+03 1.782733345031738281e+01 0.000000000000000000e+00
5.588560058593750000e+03 1.700224876403808594e+01 0.000000000000000000e+00
5.589848632812500000e+03 1.570542907714843750e+01 0.000000000000000000e+00
5.591134765625000000e+03 1.763247108459472656e+01 0.000000000000000000e+00
5.592423828125000000e+03 1.556734371185302734e+01 0.000000000000000000e+00
5.593710449218750000e+03 1.699250984191894531e+01 0.000000000000000000e+00
5.594997070312500000e+03 1.597107315063476562e+01 0.000000000000000000e+00
5.596287597656250000e+03 1.588329315185546875e+01 0.000000000000000000e+00
5.597574707031250000e+03 1.651549339294433594e+01 0.000000000000000000e+00
5.598865722656250000e+03 1.579260063171386719e+01 0.000000000000000000e+00
5.600153808593750000e+03 1.765344238281250000e+01 0.000000000000000000e+00
5.601444824218750000e+03 1.646033096313476562e+01 0.000000000000000000e+00
5.602733398437500000e+03 1.728279685974121094e+01 0.000000000000000000e+00
5.604022460937500000e+03 1.744497680664062500e+01 0.000000000000000000e+00
5.605314941406250000e+03 1.730946922302246094e+01 0.000000000000000000e+00
5.606604492187500000e+03 1.824433326721191406e+01 0.000000000000000000e+00
5.607896972656250000e+03 1.593461990356445312e+01 0.000000000000000000e+00
5.609187011718750000e+03 1.637221908569335938e+01 0.000000000000000000e+00
5.610480468750000000e+03 1.730356788635253906e+01 0.000000000000000000e+00
5.611771484375000000e+03 1.690997314453125000e+01 0.000000000000000000e+00
5.613062500000000000e+03 1.669160461425781250e+01 0.000000000000000000e+00
5.614356933593750000e+03 1.762996673583984375e+01 0.000000000000000000e+00
5.615648437500000000e+03 1.661363220214843750e+01 0.000000000000000000e+00
5.616943359375000000e+03 1.666081619262695312e+01 0.000000000000000000e+00
5.618235351562500000e+03 1.723268127441406250e+01 0.000000000000000000e+00
5.619530761718750000e+03 1.695985984802246094e+01 0.000000000000000000e+00
5.620823730468750000e+03 1.694294548034667969e+01 0.000000000000000000e+00
5.622116699218750000e+03 1.810086250305175781e+01 0.000000000000000000e+00
5.623413085937500000e+03 1.778770828247070312e+01 0.000000000000000000e+00
5.624707031250000000e+03 1.795512771606445312e+01 0.000000000000000000e+00
5.626003906250000000e+03 1.856833457946777344e+01 0.000000000000000000e+00
5.627298339843750000e+03 1.792795181274414062e+01 0.000000000000000000e+00
5.628595703125000000e+03 1.715284347534179688e+01 0.000000000000000000e+00
5.629890625000000000e+03 1.746374702453613281e+01 0.000000000000000000e+00
5.631186035156250000e+03 1.624801826477050781e+01 0.000000000000000000e+00
5.632484375000000000e+03 1.688766288757324219e+01 0.000000000000000000e+00
5.633780273437500000e+03 1.741044998168945312e+01 0.000000000000000000e+00
5.635079101562500000e+03 1.703927230834960938e+01 0.000000000000000000e+00
5.636375488281250000e+03 1.685074615478515625e+01 0.000000000000000000e+00
5.637675292968750000e+03 1.759693717956542969e+01 0.000000000000000000e+00
5.638972167968750000e+03 1.766642951965332031e+01 0.000000000000000000e+00
5.640269531250000000e+03 1.679903984069824219e+01 0.000000000000000000e+00
5.641570312500000000e+03 1.689776611328125000e+01 0.000000000000000000e+00
5.642868164062500000e+03 1.794211578369140625e+01 0.000000000000000000e+00
5.644169433593750000e+03 1.827366447448730469e+01 0.000000000000000000e+00
5.645467773437500000e+03 1.746668243408203125e+01 0.000000000000000000e+00
5.646769531250000000e+03 1.796259689331054688e+01 0.000000000000000000e+00
5.648068359375000000e+03 1.717115402221679688e+01 0.000000000000000000e+00
5.649371093750000000e+03 1.730546569824218750e+01 0.000000000000000000e+00
5.650670410156250000e+03 1.755105590820312500e+01 0.000000000000000000e+00
5.651970703125000000e+03 1.737558555603027344e+01 0.000000000000000000e+00
5.653273925781250000e+03 1.758577919006347656e+01 0.000000000000000000e+00
5.654574218750000000e+03 1.823266410827636719e+01 0.000000000000000000e+00
5.655878417968750000e+03 1.644536781311035156e+01 0.000000000000000000e+00
5.657179199218750000e+03 1.691255187988281250e+01 0.000000000000000000e+00
5.658483886718750000e+03 1.693102455139160156e+01 0.000000000000000000e+00
5.659785644531250000e+03 1.667090225219726562e+01 0.000000000000000000e+00
5.661087890625000000e+03 1.772839736938476562e+01 0.000000000000000000e+00
5.662393066406250000e+03 1.633101844787597656e+01 0.000000000000000000e+00
5.663695800781250000e+03 1.603753662109375000e+01 0.000000000000000000e+00
5.665001953125000000e+03 1.624927520751953125e+01 0.000000000000000000e+00
5.666305175781250000e+03 1.644028282165527344e+01 0.000000000000000000e+00
5.667611816406250000e+03 1.677655601501464844e+01 0.000000000000000000e+00
5.668915527343750000e+03 1.701231384277343750e+01 0.000000000000000000e+00
5.670219726562500000e+03 1.618208312988281250e+01 0.000000000000000000e+00
5.671527343750000000e+03 1.679912948608398438e+01 0.000000000000000000e+00
5.672832031250000000e+03 1.740564346313476562e+01 0.000000000000000000e+00
5.674140136718750000e+03 1.708105659484863281e+01 0.000000000000000000e+00
5.675445312500000000e+03 1.656873321533203125e+01 0.000000000000000000e+00
5.676753906250000000e+03 1.699447631835937500e+01 0.000000000000000000e+00
5.678060058593750000e+03 1.771447563171386719e+01 0.000000000000000000e+00
5.679366210937500000e+03 1.675464057922363281e+01 0.000000000000000000e+00
5.680675781250000000e+03 1.682557296752929688e+01 0.000000000000000000e+00
5.681982910156250000e+03 1.681534767150878906e+01 0.000000000000000000e+00
5.683292968750000000e+03 1.675229454040527344e+01 0.000000000000000000e+00
5.684600585937500000e+03 1.752227401733398438e+01 0.000000000000000000e+00
5.685911132812500000e+03 1.760735321044921875e+01 0.000000000000000000e+00
5.687219238281250000e+03 1.803598976135253906e+01 0.000000000000000000e+00
5.688527832031250000e+03 1.678131294250488281e+01 0.000000000000000000e+00
5.689839355468750000e+03 1.727870559692382812e+01 0.000000000000000000e+00
5.691148437500000000e+03 1.854496383666992188e+01 0.000000000000000000e+00
5.692460937500000000e+03 1.733670997619628906e+01 0.000000000000000000e+00
5.693770507812500000e+03 1.676313591003417969e+01 0.000000000000000000e+00
5.695083496093750000e+03 1.762333297729492188e+01 0.000000000000000000e+00
5.696393554687500000e+03 1.706338310241699219e+01 0.000000000000000000e+00
5.697704101562500000e+03 1.695092964172363281e+01 0.000000000000000000e+00
5.699017578125000000e+03 1.808710861206054688e+01 0.000000000000000000e+00
5.700328613281250000e+03 1.841017913818359375e+01 0.000000000000000000e+00
5.701643066406250000e+03 1.646252250671386719e+01 0.000000000000000000e+00
5.702955078125000000e+03 1.685731315612792969e+01 0.000000000000000000e+00
5.704270019531250000e+03 1.835730743408203125e+01 0.000000000000000000e+00
5.705582519531250000e+03 1.776510238647460938e+01 0.000000000000000000e+00
5.706895019531250000e+03 1.718460083007812500e+01 0.000000000000000000e+00
5.708210937500000000e+03 1.893414306640625000e+01 0.000000000000000000e+00
5.709523925781250000e+03 1.791729545593261719e+01 0.000000000000000000e+00
5.710840820312500000e+03 1.896640205383300781e+01 0.000000000000000000e+00
5.712154296875000000e+03 1.837382316589355469e+01 0.000000000000000000e+00
5.713471679687500000e+03 1.824863624572753906e+01 0.000000000000000000e+00
5.714786132812500000e+03 1.925726127624511719e+01 0.000000000000000000e+00
5.716100585937500000e+03 1.952324485778808594e+01 0.000000000000000000e+00
5.717418945312500000e+03 1.906356048583984375e+01 0.000000000000000000e+00
5.718733886718750000e+03 1.834818649291992188e+01 0.000000000000000000e+00
5.720052734375000000e+03 1.871908950805664062e+01 0.000000000000000000e+00
5.721368652343750000e+03 1.910161209106445312e+01 0.000000000000000000e+00
5.722687988281250000e+03 1.851268005371093750e+01 0.000000000000000000e+00
5.724004394531250000e+03 1.789402961730957031e+01 0.000000000000000000e+00
5.725321289062500000e+03 1.902762413024902344e+01 0.000000000000000000e+00
5.726641601562500000e+03 1.756452941894531250e+01 0.000000000000000000e+00
5.727958984375000000e+03 1.825002288818359375e+01 0.000000000000000000e+00
5.729279785156250000e+03 1.915891456604003906e+01 0.000000000000000000e+00
5.730597656250000000e+03 1.898740577697753906e+01 0.000000000000000000e+00
5.731919433593750000e+03 1.902145767211914062e+01 0.000000000000000000e+00
5.733237792968750000e+03 1.939276504516601562e+01 0.000000000000000000e+00
5.734556640625000000e+03 1.917210769653320312e+01 0.000000000000000000e+00
5.735879394531250000e+03 1.952533721923828125e+01 0.000000000000000000e+00
5.737198730468750000e+03 2.046146011352539062e+01 0.000000000000000000e+00
5.738521484375000000e+03 2.052914810180664062e+01 0.000000000000000000e+00
5.739841796875000000e+03 1.954113578796386719e+01 0.000000000000000000e+00
5.741165527343750000e+03 2.041763114929199219e+01 0.000000000000000000e+00
5.742486328125000000e+03 2.000286102294921875e+01 0.000000000000000000e+00
5.743807128906250000e+03 1.939525985717773438e+01 0.000000000000000000e+00
5.745131835937500000e+03 1.988015365600585938e+01 0.000000000000000000e+00
5.746453613281250000e+03 2.057704353332519531e+01 0.000000000000000000e+00
5.747778320312500000e+03 2.032801055908203125e+01 0.000000000000000000e+00
5.749100585937500000e+03 2.049532318115234375e+01 0.000000000000000000e+00
5.750426757812500000e+03 2.009862136840820312e+01 0.000000000000000000e+00
5.751749511718750000e+03 1.968674659729003906e+01 0.000000000000000000e+00
5.753075683593750000e+03 1.980058479309082031e+01 0.000000000000000000e+00
5.754399414062500000e+03 1.958772087097167969e+01 0.000000000000000000e+00
5.755723144531250000e+03 1.864669609069824219e+01 0.000000000000000000e+00
5.757050292968750000e+03 1.928363418579101562e+01 0.000000000000000000e+00
5.758374511718750000e+03 2.040118980407714844e+01 0.000000000000000000e+00
5.759702636718750000e+03 1.939455413818359375e+01 0.000000000000000000e+00
5.761027343750000000e+03 1.960571098327636719e+01 0.000000000000000000e+00
5.762355957031250000e+03 1.998312568664550781e+01 0.000000000000000000e+00
5.763681640625000000e+03 1.851273918151855469e+01 0.000000000000000000e+00
5.765007812500000000e+03 2.072968482971191406e+01 0.000000000000000000e+00
5.766336914062500000e+03 1.981014060974121094e+01 0.000000000000000000e+00
5.767663574218750000e+03 2.016528701782226562e+01 0.000000000000000000e+00
5.768993652343750000e+03 1.976802253723144531e+01 0.000000000000000000e+00
5.770320800781250000e+03 1.941815376281738281e+01 0.000000000000000000e+00
5.771651367187500000e+03 2.103443717956542969e+01 0.000000000000000000e+00
5.772979003906250000e+03 1.951131439208984375e+01 0.000000000000000000e+00
5.774307128906250000e+03 1.780159950256347656e+01 0.000000000000000000e+00
5.775638671875000000e+03 1.900513076782226562e+01 0.000000000000000000e+00
5.776967285156250000e+03 2.000135993957519531e+01 0.000000000000000000e+00
5.778299316406250000e+03 1.928692245483398438e+01 0.000000000000000000e+00
5.779628906250000000e+03 1.894620132446289062e+01 0.000000000000000000e+00
5.780961425781250000e+03 2.056049346923828125e+01 0.000000000000000000e+00
5.782291503906250000e+03 2.099018478393554688e+01 0.000000000000000000e+00
5.783621582031250000e+03 1.925921630859375000e+01 0.000000000000000000e+00
5.784955566406250000e+03 1.959999084472656250e+01 0.000000000000000000e+00
5.786286132812500000e+03 2.119092750549316406e+01 0.000000000000000000e+00
5.787620605468750000e+03 2.019898223876953125e+01 0.000000000000000000e+00
5.788952148437500000e+03 1.902986145019531250e+01 0.000000000000000000e+00
5.790287109375000000e+03 1.865293502807617188e+01 0.000000000000000000e+00
5.791619140625000000e+03 1.862561225891113281e+01 0.000000000000000000e+00
5.792951171875000000e+03 1.868028259277343750e+01 0.000000000000000000e+00
5.794287109375000000e+03 1.846120452880859375e+01 0.000000000000000000e+00
5.795620117187500000e+03 1.832567024230957031e+01 0.000000000000000000e+00
5.796956542968750000e+03 1.960370445251464844e+01 0.000000000000000000e+00
5.798290039062500000e+03 1.912824249267578125e+01 0.000000000000000000e+00
5.799627441406250000e+03 2.017140769958496094e+01 0.000000000000000000e+00
5.800961425781250000e+03 2.036842536926269531e+01 0.000000000000000000e+00
5.802295898437500000e+03 1.923762702941894531e+01 0.000000000000000000e+00
5.803633789062500000e+03 1.903605651855468750e+01 0.000000000000000000e+00
5.804969238281250000e+03 1.924261856079101562e+01 0.000000000000000000e+00
5.806307617187500000e+03 1.801263999938964844e+01 0.000000000000000000e+00
5.807643554687500000e+03 1.868281364440917969e+01 0.000000000000000000e+00
5.808982421875000000e+03 1.835582733154296875e+01 0.000000000000000000e+00
5.810318847656250000e+03 1.736236190795898438e+01 0.000000000000000000e+00
5.811655761718750000e+03 1.835508918762207031e+01 0.000000000000000000e+00
5.812995605468750000e+03 1.833670997619628906e+01 0.000000000000000000e+00
5.814333007812500000e+03 1.766502952575683594e+01 0.000000000000000000e+00
5.815673828125000000e+03 1.775148391723632812e+01 0.000000000000000000e+00
5.817011718750000000e+03 1.743522262573242188e+01 0.000000000000000000e+00
5.818353027343750000e+03 1.705130577087402344e+01 0.000000000000000000e+00
5.819691406250000000e+03 1.748587036132812500e+01 0.000000000000000000e+00
5.821030273437500000e+03 1.687700653076171875e+01 0.000000000000000000e+00
5.822372558593750000e+03 1.769242858886718750e+01 0.000000000000000000e+00
5.823711914062500000e+03 1.790913772583007812e+01 0.000000000000000000e+00
5.825055175781250000e+03 1.773907089233398438e+01 0.000000000000000000e+00
5.826395019531250000e+03 1.754998970031738281e+01 0.000000000000000000e+00
5.827738769531250000e+03 1.711945915222167969e+01 0.000000000000000000e+00
5.829079101562500000e+03 1.691660881042480469e+01 0.000000000000000000e+00
5.830420410156250000e+03 1.767230606079101562e+01 0.000000000000000000e+00
5.831764648437500000e+03 1.805828475952148438e+01 0.000000000000000000e+00
5.833106445312500000e+03 1.733815002441406250e+01 0.000000000000000000e+00
5.834451660156250000e+03 1.654778099060058594e+01 0.000000000000000000e+00
5.835793457031250000e+03 1.678022003173828125e+01 0.000000000000000000e+00
5.837139648437500000e+03 1.667108917236328125e+01 0.000000000000000000e+00
5.838482421875000000e+03 1.629617118835449219e+01 0.000000000000000000e+00
5.839825195312500000e+03 1.633516120910644531e+01 0.000000000000000000e+00
5.841171875000000000e+03 1.688721466064453125e+01 0.000000000000000000e+00
5.842515625000000000e+03 1.701983642578125000e+01 0.000000000000000000e+00
5.843863281250000000e+03 1.643233680725097656e+01 0.000000000000000000e+00
5.845207519531250000e+03 1.701337623596191406e+01 0.000000000000000000e+00
5.846555175781250000e+03 1.677103233337402344e+01 0.000000000000000000e+00
5.847900390625000000e+03 1.596787166595458984e+01 0.000000000000000000e+00
5.849245605468750000e+03 1.541048431396484375e+01 0.000000000000000000e+00
5.850594238281250000e+03 1.575587844848632812e+01 0.000000000000000000e+00
5.851940429687500000e+03 1.666539192199707031e+01 0.000000000000000000e+00
5.853289550781250000e+03 1.632961845397949219e+01 0.000000000000000000e+00
5.854636230468750000e+03 1.518122005462646484e+01 0.000000000000000000e+00
5.855986328125000000e+03 1.624014663696289062e+01 0.000000000000000000e+00
5.857333496093750000e+03 1.656401252746582031e+01 0.000000000000000000e+00
5.858684082031250000e+03 1.545176029205322266e+01 0.000000000000000000e+00
5.860032226562500000e+03 1.534111118316650391e+01 0.000000000000000000e+00
5.861380371093750000e+03 1.596359443664550781e+01 0.000000000000000000e+00
5.862731933593750000e+03 1.551124572753906250e+01 0.000000000000000000e+00
5.864080566406250000e+03 1.528012943267822266e+01 0.000000000000000000e+00
5.865432617187500000e+03 1.540832614898681641e+01 0.000000000000000000e+00
5.866782226562500000e+03 1.542932891845703125e+01 0.000000000000000000e+00
5.868134765625000000e+03 1.536517906188964844e+01 0.000000000000000000e+00
5.869484863281250000e+03 1.585793876647949219e+01 0.000000000000000000e+00
5.870834960937500000e+03 1.560835742950439453e+01 0.000000000000000000e+00
5.872188964843750000e+03 1.458323097229003906e+01 0.000000000000000000e+00
5.873540039062500000e+03 1.443311786651611328e+01 0.000000000000000000e+00
5.874894042968750000e+03 1.529332923889160156e+01 0.000000000000000000e+00
5.876245605468750000e+03 1.552946090698242188e+01 0.000000000000000000e+00
5.877600585937500000e+03 1.451278114318847656e+01 0.000000000000000000e+00
5.878953125000000000e+03 1.491446304321289062e+01 0.000000000000000000e+00
5.880305175781250000e+03 1.470641803741455078e+01 0.000000000000000000e+00
5.881661132812500000e+03 1.478446197509765625e+01 0.000000000000000000e+00
5.883014648437500000e+03 1.555591869354248047e+01 0.000000000000000000e+00
5.884371093750000000e+03 1.547285175323486328e+01 0.000000000000000000e+00
5.885724609375000000e+03 1.382712745666503906e+01 0.000000000000000000e+00
5.887082031250000000e+03 1.532443809509277344e+01 0.000000000000000000e+00
5.888436523437500000e+03 1.372597980499267578e+01 0.000000000000000000e+00
5.889791015625000000e+03 1.327184867858886719e+01 0.000000000000000000e+00
5.891148925781250000e+03 1.564103603363037109e+01 0.000000000000000000e+00
5.892504394531250000e+03 1.624163055419921875e+01 0.000000000000000000e+00
5.893863281250000000e+03 1.331818485260009766e+01 0.000000000000000000e+00
5.895219238281250000e+03 1.413705635070800781e+01 0.000000000000000000e+00
5.896578613281250000e+03 1.604189872741699219e+01 0.000000000000000000e+00
5.897935058593750000e+03 1.651811599731445312e+01 0.000000000000000000e+00
5.899291992187500000e+03 1.548954963684082031e+01 0.000000000000000000e+00
5.900652343750000000e+03 1.463599586486816406e+01 0.000000000000000000e+00
5.902009765625000000e+03 1.526936435699462891e+01 0.000000000000000000e+00
5.903370605468750000e+03 1.471366882324218750e+01 0.000000000000000000e+00
5.904728515625000000e+03 1.435377502441406250e+01 0.000000000000000000e+00
5.906090332031250000e+03 1.446871566772460938e+01 0.000000000000000000e+00
5.907448730468750000e+03 1.411545658111572266e+01 0.000000000000000000e+00
5.908808105468750000e+03 1.333002758026123047e+01 0.000000000000000000e+00
5.910170410156250000e+03 1.447333908081054688e+01 0.000000000000000000e+00
5.911530273437500000e+03 1.489158248901367188e+01 0.000000000000000000e+00
5.912893066406250000e+03 1.448745059967041016e+01 0.000000000000000000e+00
5.914253417968750000e+03 1.476103401184082031e+01 0.000000000000000000e+00
5.915617187500000000e+03 1.496045303344726562e+01 0.000000000000000000e+00
5.916978027343750000e+03 1.399950218200683594e+01 0.000000000000000000e+00
5.918339355468750000e+03 1.458890056610107422e+01 0.000000000000000000e+00
5.919704101562500000e+03 1.388735198974609375e+01 0.000000000000000000e+00
5.921065917968750000e+03 1.453684043884277344e+01 0.000000000000000000e+00
5.922431152343750000e+03 1.473702144622802734e+01 0.000000000000000000e+00
5.923793945312500000e+03 1.423823165893554688e+01 0.000000000000000000e+00
5.925159667968750000e+03 1.448904323577880859e+01 0.000000000000000000e+00
5.926522949218750000e+03 1.387396812438964844e+01 0.000000000000000000e+00
5.927886230468750000e+03 1.461477947235107422e+01 0.000000000000000000e+00
5.929253417968750000e+03 1.422448253631591797e+01 0.000000000000000000e+00
5.930617187500000000e+03 1.322629928588867188e+01 0.000000000000000000e+00
5.931984863281250000e+03 1.333440017700195312e+01 0.000000000000000000e+00
5.933349609375000000e+03 1.462477970123291016e+01 0.000000000000000000e+00
5.934717773437500000e+03 1.454900455474853516e+01 0.000000000000000000e+00
5.936083007812500000e+03 1.358837223052978516e+01 0.000000000000000000e+00
5.937448730468750000e+03 1.311866760253906250e+01 0.000000000000000000e+00
5.938817871093750000e+03 1.377004909515380859e+01 0.000000000000000000e+00
5.940184082031250000e+03 1.419868278503417969e+01 0.000000000000000000e+00
5.941553710937500000e+03 1.341108131408691406e+01 0.000000000000000000e+00
5.942920410156250000e+03 1.396083164215087891e+01 0.000000000000000000e+00
5.944291015625000000e+03 1.401593303680419922e+01 0.000000000000000000e+00
5.945658691406250000e+03 1.408216381072998047e+01 0.000000000000000000e+00
5.947026367187500000e+03 1.427760219573974609e+01 0.000000000000000000e+00
5.948397460937500000e+03 1.429627037048339844e+01 0.000000000000000000e+00
5.949766113281250000e+03 1.396710300445556641e+01 0.000000000000000000e+00
5.951138183593750000e+03 1.376215553283691406e+01 0.000000000000000000e+00
5.952507324218750000e+03 1.444820499420166016e+01 0.000000000000000000e+00
5.953879882812500000e+03 1.356098937988281250e+01 0.000000000000000000e+00
5.955249511718750000e+03 1.380413532257080078e+01 0.000000000000000000e+00
5.956622558593750000e+03 1.497391605377197266e+01 0.000000000000000000e+00
5.957993164062500000e+03 1.409008502960205078e+01 0.000000000000000000e+00
5.959363769531250000e+03 1.325077629089355469e+01 0.000000000000000000e+00
5.960737792968750000e+03 1.482140350341796875e+01 0.000000000000000000e+00
5.962109375000000000e+03 1.459769725799560547e+01 0.000000000000000000e+00
5.963483886718750000e+03 1.382709884643554688e+01 0.000000000000000000e+00
5.964855957031250000e+03 1.415409183502197266e+01 0.000000000000000000e+00
5.966231445312500000e+03 1.452360439300537109e+01 0.000000000000000000e+00
5.967604003906250000e+03 1.342952346801757812e+01 0.000000000000000000e+00
5.968976562500000000e+03 1.426744174957275391e+01 0.000000000000000000e+00
5.970353027343750000e+03 1.399495506286621094e+01 0.000000000000000000e+00
5.971726562500000000e+03 1.358855628967285156e+01 0.000000000000000000e+00
5.973103515625000000e+03 1.402374267578125000e+01 0.000000000000000000e+00
5.974478027343750000e+03 1.409511947631835938e+01 0.000000000000000000e+00
5.975855468750000000e+03 1.295522880554199219e+01 0.000000000000000000e+00
5.977230468750000000e+03 1.395375823974609375e+01 0.000000000000000000e+00
5.978605468750000000e+03 1.479789543151855469e+01 0.000000000000000000e+00
5.979983886718750000e+03 1.403492355346679688e+01 0.000000000000000000e+00
5.981359863281250000e+03 1.306829643249511719e+01 0.000000000000000000e+00
5.982738769531250000e+03 1.350322055816650391e+01 0.000000000000000000e+00
5.984115234375000000e+03 1.319851398468017578e+01 0.000000000000000000e+00
5.985495117187500000e+03 1.312481880187988281e+01 0.000000000000000000e+00
5.986872070312500000e+03 1.397508907318115234e+01 0.000000000000000000e+00
5.988249511718750000e+03 1.404378604888916016e+01 0.000000000000000000e+00
5.989630371093750000e+03 1.342053222656250000e+01 0.000000000000000000e+00
5.991008300781250000e+03 1.352659702301025391e+01 0.000000000000000000e+00
5.992389648437500000e+03 1.329280662536621094e+01 0.000000000000000000e+00
5.993768066406250000e+03 1.400072002410888672e+01 0.000000000000000000e+00
5.995150390625000000e+03 1.379210281372070312e+01 0.000000000000000000e+00
5.996529785156250000e+03 1.342564201354980469e+01 0.000000000000000000e+00
5.997909179687500000e+03 1.331151008605957031e+01 0.000000000000000000e+00
5.999291992187500000e+03 1.296592044830322266e+01 0.000000000000000000e+00
6.000672363281250000e+03 1.331595134735107422e+01 0.000000000000000000e+00
6.002056152343750000e+03 1.437420368194580078e+01 0.000000000000000000e+00
6.003437011718750000e+03 1.374917316436767578e+01 0.000000000000000000e+00
6.004821289062500000e+03 1.339672374725341797e+01 0.000000000000000000e+00
6.006202636718750000e+03 1.337845039367675781e+01 0.000000000000000000e+00
6.007584472656250000e+03 1.281782150268554688e+01 0.000000000000000000e+00
6.008969726562500000e+03 1.517674922943115234e+01 0.000000000000000000e+00
6.010352050781250000e+03 1.370587348937988281e+01 0.000000000000000000e+00
6.011737792968750000e+03 1.354244804382324219e+01 0.000000000000000000e+00
6.013121093750000000e+03 1.361907005310058594e+01 0.000000000000000000e+00
6.014507812500000000e+03 1.285787677764892578e+01 0.000000000000000000e+00
6.015891113281250000e+03 1.293262577056884766e+01 0.000000000000000000e+00
6.017275390625000000e+03 1.388944911956787109e+01 0.000000000000000000e+00
6.018662597656250000e+03 1.373064041137695312e+01 0.000000000000000000e+00
6.020047363281250000e+03 1.294030761718750000e+01 0.000000000000000000e+00
6.021435546875000000e+03 1.309991550445556641e+01 0.000000000000000000e+00
6.022820800781250000e+03 1.393199729919433594e+01 0.000000000000000000e+00
6.024209472656250000e+03 1.402021789550781250e+01 0.000000000000000000e+00
6.025595703125000000e+03 1.407555294036865234e+01 0.000000000000000000e+00
6.026981445312500000e+03 1.441316890716552734e+01 0.000000000000000000e+00
6.028371582031250000e+03 1.346391391754150391e+01 0.000000000000000000e+00
6.029758300781250000e+03 1.301958942413330078e+01 0.000000000000000000e+00
6.031148925781250000e+03 1.332894515991210938e+01 0.000000000000000000e+00
6.032536132812500000e+03 1.307387924194335938e+01 0.000000000000000000e+00
6.033927246093750000e+03 1.357473182678222656e+01 0.000000000000000000e+00
6.035315429687500000e+03 1.287354946136474609e+01 0.000000000000000000e+00
6.036703613281250000e+03 1.301694011688232422e+01 0.000000000000000000e+00
6.038095703125000000e+03 1.371534061431884766e+01 0.000000000000000000e+00
6.039484863281250000e+03 1.384288978576660156e+01 0.000000000000000000e+00
6.040877441406250000e+03 1.339826202392578125e+01 0.000000000000000000e+00
6.042267089843750000e+03 1.349210453033447266e+01 0.000000000000000000e+00
6.043660644531250000e+03 1.201892662048339844e+01 0.000000000000000000e+00
6.045050781250000000e+03 1.292529678344726562e+01 0.000000000000000000e+00
6.046441406250000000e+03 1.376485157012939453e+01 0.000000000000000000e+00
6.047835937500000000e+03 1.340594100952148438e+01 0.000000000000000000e+00
6.049227050781250000e+03 1.372422218322753906e+01 0.000000000000000000e+00
6.050622070312500000e+03 1.373793315887451172e+01 0.000000000000000000e+00
6.052014160156250000e+03 1.347007179260253906e+01 0.000000000000000000e+00
6.053409667968750000e+03 1.317481899261474609e+01 0.000000000000000000e+00
6.054802246093750000e+03 1.339032649993896484e+01 0.000000000000000000e+00
6.056195312500000000e+03 1.384359931945800781e+01 0.000000000000000000e+00
6.057591796875000000e+03 1.358616542816162109e+01 0.000000000000000000e+00
6.058985351562500000e+03 1.266960525512695312e+01 0.000000000000000000e+00
6.060382324218750000e+03 1.308937740325927734e+01 0.000000000000000000e+00
6.061776367187500000e+03 1.346578502655029297e+01 0.000000000000000000e+00
6.063174316406250000e+03 1.329597949981689453e+01 0.000000000000000000e+00
6.064569335937500000e+03 1.314963054656982422e+01 0.000000000000000000e+00
6.065967773437500000e+03 1.358757209777832031e+01 0.000000000000000000e+00
6.067363281250000000e+03 1.389667701721191406e+01 0.000000000000000000e+00
6.068758789062500000e+03 1.291442203521728516e+01 0.000000000000000000e+00
6.070158203125000000e+03 1.287684917449951172e+01 0.000000000000000000e+00
6.071554687500000000e+03 1.281915092468261719e+01 0.000000000000000000e+00
6.072955078125000000e+03 1.276023864746093750e+01 0.000000000000000000e+00
6.074352050781250000e+03 1.366688632965087891e+01 0.000000000000000000e+00
6.075752929687500000e+03 1.339177322387695312e+01 0.000000000000000000e+00
6.077150390625000000e+03 1.356607437133789062e+01 0.000000000000000000e+00
6.078548339843750000e+03 1.313738059997558594e+01 0.000000000000000000e+00
6.079950195312500000e+03 1.308419036865234375e+01 0.000000000000000000e+00
6.081349121093750000e+03 1.365144157409667969e+01 0.000000000000000000e+00
6.082751464843750000e+03 1.374181461334228516e+01 0.000000000000000000e+00
6.084150390625000000e+03 1.347591400146484375e+01 0.000000000000000000e+00
6.085553710937500000e+03 1.361756801605224609e+01 0.000000000000000000e+00
6.086953613281250000e+03 1.300172710418701172e+01 0.000000000000000000e+00
6.088354003906250000e+03 1.280734539031982422e+01 0.000000000000000000e+00
6.089757812500000000e+03 1.284676647186279297e+01 0.000000000000000000e+00
6.091158691406250000e+03 1.219240188598632812e+01 0.000000000000000000e+00
6.092563476562500000e+03 1.316772460937500000e+01 0.000000000000000000e+00
6.093964843750000000e+03 1.285740470886230469e+01 0.000000000000000000e+00
6.095370117187500000e+03 1.334849166870117188e+01 0.000000000000000000e+00
6.096772460937500000e+03 1.344673919677734375e+01 0.000000000000000000e+00
6.098174804687500000e+03 1.279867458343505859e+01 0.000000000000000000e+00
6.099581054687500000e+03 1.287969875335693359e+01 0.000000000000000000e+00
6.100984375000000000e+03 1.315930652618408203e+01 0.000000000000000000e+00
6.102391113281250000e+03 1.294495582580566406e+01 0.000000000000000000e+00
6.103794921875000000e+03 1.307149314880371094e+01 0.000000000000000000e+00
6.105202636718750000e+03 1.321857929229736328e+01 0.000000000000000000e+00
6.106606933593750000e+03 1.284565448760986328e+01 0.000000000000000000e+00
6.108011718750000000e+03 1.241743183135986328e+01 0.000000000000000000e+00
6.109420410156250000e+03 1.327933788299560547e+01 0.000000000000000000e+00
6.110825683593750000e+03 1.324265193939208984e+01 0.000000000000000000e+00
6.112234863281250000e+03 1.300471210479736328e+01 0.000000000000000000e+00
6.113641113281250000e+03 1.275968265533447266e+01 0.000000000000000000e+00
6.115050781250000000e+03 1.267166233062744141e+01 0.000000000000000000e+00
6.116457519531250000e+03 1.259435176849365234e+01 0.000000000000000000e+00
6.117864746093750000e+03 1.133220863342285156e+01 0.000000000000000000e+00
6.119275390625000000e+03 1.174923801422119141e+01 0.000000000000000000e+00
6.120683105468750000e+03 1.299553871154785156e+01 0.000000000000000000e+00
6.122094726562500000e+03 1.310302352905273438e+01 0.000000000000000000e+00
6.123502929687500000e+03 1.256518554687500000e+01 0.000000000000000000e+00
6.124915039062500000e+03 1.265963172912597656e+01 0.000000000000000000e+00
6.126324218750000000e+03 1.130743503570556641e+01 0.000000000000000000e+00
6.127733398437500000e+03 1.284817218780517578e+01 0.000000000000000000e+00
6.129146484375000000e+03 1.322047519683837891e+01 0.000000000000000000e+00
6.130556640625000000e+03 1.231426715850830078e+01 0.000000000000000000e+00
6.131970214843750000e+03 1.217881488800048828e+01 0.000000000000000000e+00
6.133380859375000000e+03 1.324967479705810547e+01 0.000000000000000000e+00
6.134795410156250000e+03 1.313564586639404297e+01 0.000000000000000000e+00
6.136206542968750000e+03 1.389587593078613281e+01 0.000000000000000000e+00
6.137618164062500000e+03 1.376591205596923828e+01 0.000000000000000000e+00
6.139033691406250000e+03 1.278046798706054688e+01 0.000000000000000000e+00
6.140445800781250000e+03 1.222365093231201172e+01 0.000000000000000000e+00
6.141861816406250000e+03 1.279601001739501953e+01 0.000000000000000000e+00
6.143274902343750000e+03 1.318138217926025391e+01 0.000000000000000000e+00
6.144691406250000000e+03 1.220441341400146484e+01 0.000000000000000000e+00
6.146104980468750000e+03 1.266007518768310547e+01 0.000000000000000000e+00
6.147518554687500000e+03 1.378619480133056641e+01 0.000000000000000000e+00
6.148936523437500000e+03 1.353999328613281250e+01 0.000000000000000000e+00
6.150351074218750000e+03 1.200293922424316406e+01 0.000000000000000000e+00
6.151769042968750000e+03 1.232099056243896484e+01 0.000000000000000000e+00
6.153184570312500000e+03 1.222972965240478516e+01 0.000000000000000000e+00
6.154603515625000000e+03 1.229925346374511719e+01 0.000000000000000000e+00
6.156019042968750000e+03 1.218861198425292969e+01 0.000000000000000000e+00
6.157435546875000000e+03 1.211576843261718750e+01 0.000000000000000000e+00
6.158855468750000000e+03 1.274383163452148438e+01 0.000000000000000000e+00
6.160271972656250000e+03 1.281405830383300781e+01 0.000000000000000000e+00
6.161692871093750000e+03 1.189101314544677734e+01 0.000000000000000000e+00
6.163110351562500000e+03 1.258500099182128906e+01 0.000000000000000000e+00
6.164531250000000000e+03 1.267245292663574219e+01 0.000000000000000000e+00
6.165949707031250000e+03 1.211453819274902344e+01 0.000000000000000000e+00
6.167368164062500000e+03 1.314790916442871094e+01 0.000000000000000000e+00
6.168790039062500000e+03 1.287961864471435547e+01 0.000000000000000000e+00
6.170209472656250000e+03 1.303208255767822266e+01 0.000000000000000000e+00
6.171632324218750000e+03 1.271717739105224609e+01 0.000000000000000000e+00
6.173051757812500000e+03 1.285381126403808594e+01 0.000000000000000000e+00
6.174475585937500000e+03 1.301965236663818359e+01 0.000000000000000000e+00
6.175895996093750000e+03 1.222478580474853516e+01 0.000000000000000000e+00
6.177319824218750000e+03 1.308459186553955078e+01 0.000000000000000000e+00
6.178741210937500000e+03 1.220765781402587891e+01 0.000000000000000000e+00
6.180162597656250000e+03 1.302378654479980469e+01 0.000000000000000000e+00
6.181587402343750000e+03 1.377969837188720703e+01 0.000000000000000000e+00
6.183009765625000000e+03 1.297038841247558594e+01 0.000000000000000000e+00
6.184435546875000000e+03 1.234131431579589844e+01 0.000000000000000000e+00
6.185857910156250000e+03 1.330266189575195312e+01 0.000000000000000000e+00
6.187284667968750000e+03 1.391687011718750000e+01 0.000000000000000000e+00
6.188708007812500000e+03 1.295678138732910156e+01 0.000000000000000000e+00
6.190131835937500000e+03 1.251785659790039062e+01 0.000000000000000000e+00
6.191559082031250000e+03 1.273958015441894531e+01 0.000000000000000000e+00
6.192983398437500000e+03 1.187547206878662109e+01 0.000000000000000000e+00
6.194411621093750000e+03 1.182936859130859375e+01 0.000000000000000000e+00
6.195836425781250000e+03 1.255287837982177734e+01 0.000000000000000000e+00
6.197265136718750000e+03 1.176249313354492188e+01 0.000000000000000000e+00
6.198690917968750000e+03 1.162100505828857422e+01 0.000000000000000000e+00
6.200117187500000000e+03 1.258229351043701172e+01 0.000000000000000000e+00
6.201546875000000000e+03 1.265678405761718750e+01 0.000000000000000000e+00
6.202973144531250000e+03 1.323451137542724609e+01 0.000000000000000000e+00
6.204403808593750000e+03 1.285546207427978516e+01 0.000000000000000000e+00
6.205831054687500000e+03 1.285017871856689453e+01 0.000000000000000000e+00
6.207262207031250000e+03 1.315472888946533203e+01 0.000000000000000000e+00
6.208689941406250000e+03 1.331287384033203125e+01 0.000000000000000000e+00
6.210118164062500000e+03 1.301108551025390625e+01 0.000000000000000000e+00
6.211550292968750000e+03 1.179023075103759766e+01 0.000000000000000000e+00
6.212979492187500000e+03 1.267969989776611328e+01 0.000000000000000000e+00
6.214412109375000000e+03 1.276078224182128906e+01 0.000000000000000000e+00
6.215841796875000000e+03 1.290283203125000000e+01 0.000000000000000000e+00
6.217274902343750000e+03 1.335961246490478516e+01 0.000000000000000000e+00
6.218705566406250000e+03 1.267649364471435547e+01 0.000000000000000000e+00
6.220135742187500000e+03 1.235696697235107422e+01 0.000000000000000000e+00
6.221570312500000000e+03 1.268791007995605469e+01 0.000000000000000000e+00
6.223001464843750000e+03 1.292357063293457031e+01 0.000000000000000000e+00
6.224436523437500000e+03 1.266670513153076172e+01 0.000000000000000000e+00
6.225868652343750000e+03 1.244020271301269531e+01 0.000000000000000000e+00
6.227304199218750000e+03 1.272741222381591797e+01 0.000000000000000000e+00
6.228736816406250000e+03 1.244445705413818359e+01 0.000000000000000000e+00
6.230169433593750000e+03 1.295344924926757812e+01 0.000000000000000000e+00
6.231606445312500000e+03 1.272455883026123047e+01 0.000000000000000000e+00
6.233040039062500000e+03 1.239089298248291016e+01 0.000000000000000000e+00
6.234477050781250000e+03 1.223076152801513672e+01 0.000000000000000000e+00
6.235911621093750000e+03 1.202319145202636719e+01 0.000000000000000000e+00
6.237349609375000000e+03 1.351399898529052734e+01 0.000000000000000000e+00
6.238784179687500000e+03 1.309702014923095703e+01 0.000000000000000000e+00
6.240219726562500000e+03 1.273352241516113281e+01 0.000000000000000000e+00
6.241658691406250000e+03 1.268558406829833984e+01 0.000000000000000000e+00
6.243094238281250000e+03 1.243821048736572266e+01 0.000000000000000000e+00
6.244534179687500000e+03 1.230245876312255859e+01 0.000000000000000000e+00
6.245970703125000000e+03 1.302519893646240234e+01 0.000000000000000000e+00
6.247411132812500000e+03 1.322087669372558594e+01 0.000000000000000000e+00
6.248848144531250000e+03 1.305856418609619141e+01 0.000000000000000000e+00
6.250285644531250000e+03 1.289071083068847656e+01 0.000000000000000000e+00
6.251727050781250000e+03 1.279247379302978516e+01 0.000000000000000000e+00
6.253165039062500000e+03 1.278657341003417969e+01 0.000000000000000000e+00
6.254606933593750000e+03 1.303117847442626953e+01 0.000000000000000000e+00
6.256045898437500000e+03 1.225786399841308594e+01 0.000000000000000000e+00
6.257488769531250000e+03 1.323334503173828125e+01 0.000000000000000000e+00
6.258928222656250000e+03 1.325462722778320312e+01 0.000000000000000000e+00
6.260368164062500000e+03 1.193296051025390625e+01 0.000000000000000000e+00
6.261811523437500000e+03 1.239918994903564453e+01 0.000000000000000000e+00
6.263251953125000000e+03 1.297610759735107422e+01 0.000000000000000000e+00
6.264696289062500000e+03 1.378890419006347656e+01 0.000000000000000000e+00
6.266137695312500000e+03 1.298731517791748047e+01 0.000000000000000000e+00
6.267582519531250000e+03 1.292700576782226562e+01 0.000000000000000000e+00
6.269024414062500000e+03 1.383604240417480469e+01 0.000000000000000000e+00
6.270466796875000000e+03 1.347089862823486328e+01 0.000000000000000000e+00
6.271912597656250000e+03 1.401017379760742188e+01 0.000000000000000000e+00
6.273355468750000000e+03 1.307776641845703125e+01 0.000000000000000000e+00
6.274802246093750000e+03 1.336918830871582031e+01 0.000000000000000000e+00
6.276245605468750000e+03 1.306108665466308594e+01 0.000000000000000000e+00
6.277692871093750000e+03 1.193815422058105469e+01 0.000000000000000000e+00
6.279137207031250000e+03 1.269883632659912109e+01 0.000000000000000000e+00
6.280581542968750000e+03 1.379635620117187500e+01 0.000000000000000000e+00
6.282029785156250000e+03 1.266085433959960938e+01 0.000000000000000000e+00
6.283475097656250000e+03 1.323747634887695312e+01 0.000000000000000000e+00
6.284923828125000000e+03 1.353964710235595703e+01 0.000000000000000000e+00
6.286369628906250000e+03 1.251437950134277344e+01 0.000000000000000000e+00
6.287819335937500000e+03 1.251622200012207031e+01 0.000000000000000000e+00
6.289266113281250000e+03 1.289725399017333984e+01 0.000000000000000000e+00
6.290716308593750000e+03 1.241221141815185547e+01 0.000000000000000000e+00
6.292163574218750000e+03 1.329854488372802734e+01 0.000000000000000000e+00
6.293610839843750000e+03 1.366147994995117188e+01 0.000000000000000000e+00
6.295062011718750000e+03 1.312690830230712891e+01 0.000000000000000000e+00
6.296510253906250000e+03 1.347141551971435547e+01 0.000000000000000000e+00
6.297962402343750000e+03 1.236768531799316406e+01 0.000000000000000000e+00
6.299411132812500000e+03 1.211740016937255859e+01 0.000000000000000000e+00
6.300863769531250000e+03 1.321756172180175781e+01 0.000000000000000000e+00
6.302313476562500000e+03 1.373310470581054688e+01 0.000000000000000000e+00
6.303763183593750000e+03 1.280574226379394531e+01 0.000000000000000000e+00
6.305216796875000000e+03 1.180377960205078125e+01 0.000000000000000000e+00
6.306667480468750000e+03 1.209423828125000000e+01 0.000000000000000000e+00
6.308121582031250000e+03 1.329182434082031250e+01 0.000000000000000000e+00
6.309572753906250000e+03 1.322956752777099609e+01 0.000000000000000000e+00
6.311027832031250000e+03 1.245387554168701172e+01 0.000000000000000000e+00
6.312479492187500000e+03 1.239650630950927734e+01 0.000000000000000000e+00
6.313931640625000000e+03 1.310375976562500000e+01 0.000000000000000000e+00
6.315387695312500000e+03 1.277923011779785156e+01 0.000000000000000000e+00
6.316840332031250000e+03 1.275251674652099609e+01 0.000000000000000000e+00
6.318297363281250000e+03 1.204755592346191406e+01 0.000000000000000000e+00
6.319750976562500000e+03 1.175698852539062500e+01 0.000000000000000000e+00
6.321208007812500000e+03 1.224752807617187500e+01 0.000000000000000000e+00
6.322662109375000000e+03 1.263636684417724609e+01 0.000000000000000000e+00
6.324116699218750000e+03 1.363786029815673828e+01 0.000000000000000000e+00
6.325575195312500000e+03 1.271349906921386719e+01 0.000000000000000000e+00
6.327030273437500000e+03 1.243402767181396484e+01 0.000000000000000000e+00
6.328489257812500000e+03 1.205754184722900391e+01 0.000000000000000000e+00
6.329945312500000000e+03 1.173429965972900391e+01 0.000000000000000000e+00
6.331404785156250000e+03 1.276607036590576172e+01 0.000000000000000000e+00
6.332861328125000000e+03 1.200534343719482422e+01 0.000000000000000000e+00
6.334318359375000000e+03 1.214471054077148438e+01 0.000000000000000000e+00
6.335778808593750000e+03 1.203223228454589844e+01 0.000000000000000000e+00
6.337236328125000000e+03 1.078532791137695312e+01 0.000000000000000000e+00
6.338697753906250000e+03 1.005376052856445312e+01 0.000000000000000000e+00
6.340155761718750000e+03 1.172785377502441406e+01 0.000000000000000000e+00
6.341618164062500000e+03 1.260502910614013672e+01 0.000000000000000000e+00
6.343076660156250000e+03 1.210398960113525391e+01 0.000000000000000000e+00
6.344536132812500000e+03 1.212940883636474609e+01 0.000000000000000000e+00
6.345999023437500000e+03 1.221985054016113281e+01 0.000000000000000000e+00
6.347458984375000000e+03 1.211860942840576172e+01 0.000000000000000000e+00
6.348922851562500000e+03 1.240917587280273438e+01 0.000000000000000000e+00
6.350383300781250000e+03 1.194676685333251953e+01 0.000000000000000000e+00
6.351847656250000000e+03 1.228996753692626953e+01 0.000000000000000000e+00
6.353309082031250000e+03 1.316251373291015625e+01 0.000000000000000000e+00
6.354770507812500000e+03 1.276188373565673828e+01 0.000000000000000000e+00
6.356235839843750000e+03 1.175812244415283203e+01 0.000000000000000000e+00
6.357698242187500000e+03 1.229959487915039062e+01 0.000000000000000000e+00
6.359164062500000000e+03 1.201746273040771484e+01 0.000000000000000000e+00
6.360626953125000000e+03 1.199178409576416016e+01 0.000000000000000000e+00
6.362093750000000000e+03 1.222472476959228516e+01 0.000000000000000000e+00
6.363557617187500000e+03 1.276281547546386719e+01 0.000000000000000000e+00
6.365021484375000000e+03 1.323800659179687500e+01 0.000000000000000000e+00
6.366489257812500000e+03 1.292180442810058594e+01 0.000000000000000000e+00
6.367953613281250000e+03 1.202350711822509766e+01 0.000000000000000000e+00
6.369422363281250000e+03 1.155191612243652344e+01 0.000000000000000000e+00
6.370887695312500000e+03 1.183045005798339844e+01 0.000000000000000000e+00
6.372356445312500000e+03 1.200612545013427734e+01 0.000000000000000000e+00
6.373822753906250000e+03 1.181482410430908203e+01 0.000000000000000000e+00
6.375288574218750000e+03 1.191471195220947266e+01 0.000000000000000000e+00
6.376758789062500000e+03 1.225291061401367188e+01 0.000000000000000000e+00
6.378226074218750000e+03 1.265342235565185547e+01 0.000000000000000000e+00
6.379696777343750000e+03 1.190796470642089844e+01 0.000000000000000000e+00
6.381164550781250000e+03 1.148822689056396484e+01 0.000000000000000000e+00
6.382635742187500000e+03 1.172970962524414062e+01 0.000000000000000000e+00
6.384104003906250000e+03 1.149609375000000000e+01 0.000000000000000000e+00
6.385572753906250000e+03 1.245353794097900391e+01 0.000000000000000000e+00
6.387045410156250000e+03 1.199242591857910156e+01 0.000000000000000000e+00
6.388514648437500000e+03 1.227383136749267578e+01 0.000000000000000000e+00
6.389987792968750000e+03 1.236831092834472656e+01 0.000000000000000000e+00
6.391458007812500000e+03 1.192047786712646484e+01 0.000000000000000000e+00
6.392931640625000000e+03 1.220977497100830078e+01 0.000000000000000000e+00
6.394402343750000000e+03 1.181664657592773438e+01 0.000000000000000000e+00
6.395873535156250000e+03 1.256978225708007812e+01 0.000000000000000000e+00
6.397348144531250000e+03 1.262083530426025391e+01 0.000000000000000000e+00
6.398819824218750000e+03 1.215842533111572266e+01 0.000000000000000000e+00
6.400295410156250000e+03 1.208450126647949219e+01 0.000000000000000000e+00
6.401768066406250000e+03 1.221192169189453125e+01 0.000000000000000000e+00
6.403244140625000000e+03 1.155787467956542969e+01 0.000000000000000000e+00
6.404717285156250000e+03 1.121099090576171875e+01 0.000000000000000000e+00
6.406194335937500000e+03 1.172914695739746094e+01 0.000000000000000000e+00
6.407667968750000000e+03 1.183260536193847656e+01 0.000000000000000000e+00
6.409142089843750000e+03 1.168709564208984375e+01 0.000000000000000000e+00
6.410619628906250000e+03 1.244998359680175781e+01 0.000000000000000000e+00
6.412094726562500000e+03 1.174218940734863281e+01 0.000000000000000000e+00
6.413573242187500000e+03 1.160629940032958984e+01 0.000000000000000000e+00
6.415048828125000000e+03 1.166030883789062500e+01 0.000000000000000000e+00
6.416527832031250000e+03 1.177604866027832031e+01 0.000000000000000000e+00
6.418003906250000000e+03 1.178724193572998047e+01 0.000000000000000000e+00
6.419480468750000000e+03 1.157510948181152344e+01 0.000000000000000000e+00
6.420960937500000000e+03 1.213940143585205078e+01 0.000000000000000000e+00
6.422437988281250000e+03 1.212306404113769531e+01 0.000000000000000000e+00
6.423918945312500000e+03 1.171717166900634766e+01 0.000000000000000000e+00
6.425396972656250000e+03 1.166090869903564453e+01 0.000000000000000000e+00
6.426878417968750000e+03 1.203568744659423828e+01 0.000000000000000000e+00
6.428356933593750000e+03 1.233395767211914062e+01 0.000000000000000000e+00
6.429835937500000000e+03 1.259348583221435547e+01 0.000000000000000000e+00
6.431318359375000000e+03 1.189218425750732422e+01 0.000000000000000000e+00
6.432797851562500000e+03 1.242378234863281250e+01 0.000000000000000000e+00
6.434281250000000000e+03 1.234617900848388672e+01 0.000000000000000000e+00
6.435761718750000000e+03 1.157422256469726562e+01 0.000000000000000000e+00
6.437245605468750000e+03 1.219888019561767578e+01 0.000000000000000000e+00
6.438726562500000000e+03 1.086502265930175781e+01 0.000000000000000000e+00
6.440208007812500000e+03 1.149091243743896484e+01 0.000000000000000000e+00
6.441692871093750000e+03 1.146481800079345703e+01 0.000000000000000000e+00
6.443174804687500000e+03 1.142302799224853516e+01 0.000000000000000000e+00
6.444660644531250000e+03 1.206558799743652344e+01 0.000000000000000000e+00
6.446143066406250000e+03 1.193520832061767578e+01 0.000000000000000000e+00
6.447629394531250000e+03 1.099225425720214844e+01 0.000000000000000000e+00
6.449112792968750000e+03 1.136750698089599609e+01 0.000000000000000000e+00
6.450596679687500000e+03 1.117200374603271484e+01 0.000000000000000000e+00
6.452083984375000000e+03 1.127530479431152344e+01 0.000000000000000000e+00
6.453568359375000000e+03 1.179582500457763672e+01 0.000000000000000000e+00
6.455056640625000000e+03 1.131296539306640625e+01 0.000000000000000000e+00
6.456541503906250000e+03 1.166496086120605469e+01 0.000000000000000000e+00
6.458030273437500000e+03 1.147047615051269531e+01 0.000000000000000000e+00
6.459516113281250000e+03 1.130711555480957031e+01 0.000000000000000000e+00
6.461001953125000000e+03 1.089973068237304688e+01 0.000000000000000000e+00
6.462491699218750000e+03 1.096507263183593750e+01 0.000000000000000000e+00
6.463978515625000000e+03 1.212224769592285156e+01 0.000000000000000000e+00
6.465469238281250000e+03 1.077343082427978516e+01 0.000000000000000000e+00
6.466956542968750000e+03 1.174159908294677734e+01 0.000000000000000000e+00
6.468447753906250000e+03 1.208876419067382812e+01 0.000000000000000000e+00
6.469936035156250000e+03 1.152727222442626953e+01 0.000000000000000000e+00
6.471424316406250000e+03 1.106740283966064453e+01 0.000000000000000000e+00
6.472916503906250000e+03 1.105055999755859375e+01 0.000000000000000000e+00
6.474405761718750000e+03 1.202537250518798828e+01 0.000000000000000000e+00
6.475898437500000000e+03 1.151015853881835938e+01 0.000000000000000000e+00
6.477388183593750000e+03 1.161027050018310547e+01 0.000000000000000000e+00
6.478881835937500000e+03 1.194329166412353516e+01 0.000000000000000000e+00
6.480372558593750000e+03 1.160659027099609375e+01 0.000000000000000000e+00
6.481863281250000000e+03 1.105634593963623047e+01 0.000000000000000000e+00
6.483357910156250000e+03 1.076163768768310547e+01 0.000000000000000000e+00
6.484849609375000000e+03 1.094732570648193359e+01 0.000000000000000000e+00
6.486344726562500000e+03 1.122691822052001953e+01 0.000000000000000000e+00
6.487836914062500000e+03 1.135061073303222656e+01 0.000000000000000000e+00
6.489333007812500000e+03 1.100053596496582031e+01 0.000000000000000000e+00
6.490826171875000000e+03 1.033372211456298828e+01 0.000000000000000000e+00
6.492319335937500000e+03 1.098257350921630859e+01 0.000000000000000000e+00
6.493816406250000000e+03 1.126059818267822266e+01 0.000000000000000000e+00
6.495310058593750000e+03 1.111856937408447266e+01 0.000000000000000000e+00
6.496808105468750000e+03 1.117914962768554688e+01 0.000000000000000000e+00
6.498302734375000000e+03 1.105040740966796875e+01 0.000000000000000000e+00
6.499801269531250000e+03 1.042989253997802734e+01 0.000000000000000000e+00
6.501296386718750000e+03 1.190401649475097656e+01 0.000000000000000000e+00
6.502791992187500000e+03 1.100847911834716797e+01 0.000000000000000000e+00
6.504291503906250000e+03 1.096580505371093750e+01 0.000000000000000000e+00
6.505787597656250000e+03 1.141346359252929688e+01 0.000000000000000000e+00
6.507288085937500000e+03 1.157656002044677734e+01 0.000000000000000000e+00
6.508785156250000000e+03 1.212127685546875000e+01 0.000000000000000000e+00
6.510286132812500000e+03 1.119599819183349609e+01 0.000000000000000000e+00
6.511783691406250000e+03 1.126865768432617188e+01 0.000000000000000000e+00
6.513281738281250000e+03 1.134039974212646484e+01 0.000000000000000000e+00
6.514783691406250000e+03 1.140213298797607422e+01 0.000000000000000000e+00
6.516282226562500000e+03 1.154803848266601562e+01 0.000000000000000000e+00
6.517785156250000000e+03 1.135764026641845703e+01 0.000000000000000000e+00
6.519284179687500000e+03 1.135737991333007812e+01 0.000000000000000000e+00
6.520787597656250000e+03 1.058899307250976562e+01 0.000000000000000000e+00
6.522287597656250000e+03 1.075375080108642578e+01 0.000000000000000000e+00
6.523791992187500000e+03 1.107406234741210938e+01 0.000000000000000000e+00
6.525292480468750000e+03 1.099199485778808594e+01 0.000000000000000000e+00
6.526793945312500000e+03 1.131383132934570312e+01 0.000000000000000000e+00
6.528298828125000000e+03 1.114553451538085938e+01 0.000000000000000000e+00
6.529800781250000000e+03 1.103529167175292969e+01 0.000000000000000000e+00
6.531306152343750000e+03 1.072876548767089844e+01 0.000000000000000000e+00
6.532809082031250000e+03 1.063640880584716797e+01 0.000000000000000000e+00
6.534315429687500000e+03 1.101958656311035156e+01 0.000000000000000000e+00
6.535818359375000000e+03 1.126906681060791016e+01 0.000000000000000000e+00
6.537322265625000000e+03 1.064287662506103516e+01 0.000000000000000000e+00
6.538829589843750000e+03 1.080498504638671875e+01 0.000000000000000000e+00
6.540333984375000000e+03 1.073974704742431641e+01 0.000000000000000000e+00
6.541842285156250000e+03 1.063689994812011719e+01 0.000000000000000000e+00
6.543347167968750000e+03 1.079254150390625000e+01 0.000000000000000000e+00
6.544855957031250000e+03 1.073681735992431641e+01 0.000000000000000000e+00
6.546361328125000000e+03 1.057434177398681641e+01 0.000000000000000000e+00
6.547867675781250000e+03 1.060254287719726562e+01 0.000000000000000000e+00
6.549377441406250000e+03 1.061928462982177734e+01 0.000000000000000000e+00
6.550884277343750000e+03 1.077498531341552734e+01 0.000000000000000000e+00
6.552394531250000000e+03 1.114918231964111328e+01 0.000000000000000000e+00
6.553901855468750000e+03 1.146655368804931641e+01 0.000000000000000000e+00
6.555413574218750000e+03 1.154285526275634766e+01 0.000000000000000000e+00
6.556921386718750000e+03 1.157420825958251953e+01 0.000000000000000000e+00
6.558429687500000000e+03 1.136923313140869141e+01 0.000000000000000000e+00
6.559942382812500000e+03 1.110610008239746094e+01 0.000000000000000000e+00
6.561451171875000000e+03 1.066997814178466797e+01 0.000000000000000000e+00
6.562964355468750000e+03 1.023682594299316406e+01 0.000000000000000000e+00
6.564474121093750000e+03 1.166060161590576172e+01 0.000000000000000000e+00
6.565987792968750000e+03 1.082389640808105469e+01 0.000000000000000000e+00
6.567498535156250000e+03 1.049326992034912109e+01 0.000000000000000000e+00
6.569009277343750000e+03 1.080040168762207031e+01 0.000000000000000000e+00
6.570523925781250000e+03 1.084842205047607422e+01 0.000000000000000000e+00
6.572035644531250000e+03 1.093705940246582031e+01 0.000000000000000000e+00
6.573551269531250000e+03 1.098818397521972656e+01 0.000000000000000000e+00
6.575063476562500000e+03 1.039791774749755859e+01 0.000000000000000000e+00
6.576579589843750000e+03 1.157538700103759766e+01 0.000000000000000000e+00
6.578092285156250000e+03 1.181879997253417969e+01 0.000000000000000000e+00
6.579605957031250000e+03 1.034733390808105469e+01 0.000000000000000000e+00
6.581123046875000000e+03 1.046643638610839844e+01 0.000000000000000000e+00
6.582637207031250000e+03 1.055484580993652344e+01 0.000000000000000000e+00
6.584154785156250000e+03 1.047866535186767578e+01 0.000000000000000000e+00
6.585669433593750000e+03 1.099410438537597656e+01 0.000000000000000000e+00
6.587188476562500000e+03 1.127967453002929688e+01 0.000000000000000000e+00
6.588703613281250000e+03 1.093873500823974609e+01 0.000000000000000000e+00
6.590219238281250000e+03 1.087547779083251953e+01 0.000000000000000000e+00
6.591739257812500000e+03 1.106169891357421875e+01 0.000000000000000000e+00
6.593255371093750000e+03 1.079924297332763672e+01 0.000000000000000000e+00
6.594775878906250000e+03 1.083628082275390625e+01 0.000000000000000000e+00
6.596292968750000000e+03 1.065739250183105469e+01 0.000000000000000000e+00
6.597813964843750000e+03 1.032549571990966797e+01 0.000000000000000000e+00
6.599332031250000000e+03 1.087022304534912109e+01 0.000000000000000000e+00
6.600850097656250000e+03 1.124917984008789062e+01 0.000000000000000000e+00
6.602372070312500000e+03 1.098325347900390625e+01 0.000000000000000000e+00
6.603891113281250000e+03 1.097250461578369141e+01 0.000000000000000000e+00
6.605414062500000000e+03 1.122856140136718750e+01 0.000000000000000000e+00
6.606933593750000000e+03 1.136969852447509766e+01 0.000000000000000000e+00
6.608457031250000000e+03 1.122943592071533203e+01 0.000000000000000000e+00
6.609977050781250000e+03 1.077219772338867188e+01 0.000000000000000000e+00
6.611498046875000000e+03 1.105870723724365234e+01 0.000000000000000000e+00
6.613022460937500000e+03 1.071165752410888672e+01 0.000000000000000000e+00
6.614543945312500000e+03 1.045777702331542969e+01 0.000000000000000000e+00
6.616069335937500000e+03 1.071418762207031250e+01 0.000000000000000000e+00
6.617591308593750000e+03 1.048443603515625000e+01 0.000000000000000000e+00
6.619117187500000000e+03 1.053139209747314453e+01 0.000000000000000000e+00
6.620639648437500000e+03 1.085319137573242188e+01 0.000000000000000000e+00
6.622163085937500000e+03 1.018988704681396484e+01 0.000000000000000000e+00
6.623689941406250000e+03 1.041061115264892578e+01 0.000000000000000000e+00
6.625213867187500000e+03 1.163151168823242188e+01 0.000000000000000000e+00
6.626741699218750000e+03 1.123774337768554688e+01 0.000000000000000000e+00
6.628266113281250000e+03 1.104093647003173828e+01 0.000000000000000000e+00
6.629794433593750000e+03 1.088842105865478516e+01 0.000000000000000000e+00
6.631319824218750000e+03 1.060754585266113281e+01 0.000000000000000000e+00
6.632845214843750000e+03 1.060254383087158203e+01 0.000000000000000000e+00
6.634374511718750000e+03 1.090961170196533203e+01 0.000000000000000000e+00
6.635900878906250000e+03 1.109132194519042969e+01 0.000000000000000000e+00
6.637431152343750000e+03 1.149658489227294922e+01 0.000000000000000000e+00
6.638958007812500000e+03 1.123575210571289062e+01 0.000000000000000000e+00
6.640488769531250000e+03 1.026727676391601562e+01 0.000000000000000000e+00
6.642016601562500000e+03 1.013164997100830078e+01 0.000000000000000000e+00
6.643548339843750000e+03 1.072893905639648438e+01 0.000000000000000000e+00
6.645076660156250000e+03 1.028940582275390625e+01 0.000000000000000000e+00
6.646605468750000000e+03 1.049623107910156250e+01 0.000000000000000000e+00
6.648138183593750000e+03 1.073783683776855469e+01 0.000000000000000000e+00
6.649667480468750000e+03 1.025632762908935547e+01 0.000000000000000000e+00
6.651200683593750000e+03 1.000828647613525391e+01 0.000000000000000000e+00
6.652730957031250000e+03 1.040697669982910156e+01 0.000000000000000000e+00
6.654265136718750000e+03 1.042033863067626953e+01 0.000000000000000000e+00
6.655795898437500000e+03 1.010911750793457031e+01 0.000000000000000000e+00
6.657327148437500000e+03 1.023233604431152344e+01 0.000000000000000000e+00
6.658862304687500000e+03 1.051585483551025391e+01 0.000000000000000000e+00
6.660394042968750000e+03 1.016645145416259766e+01 0.000000000000000000e+00
6.661929687500000000e+03 9.776416778564453125e+00 0.000000000000000000e+00
6.663462402343750000e+03 1.046797370910644531e+01 0.000000000000000000e+00
6.664999023437500000e+03 9.927462577819824219e+00 0.000000000000000000e+00
6.666532226562500000e+03 1.096299648284912109e+01 0.000000000000000000e+00
6.668065917968750000e+03 1.073534870147705078e+01 0.000000000000000000e+00
6.669603515625000000e+03 1.036072063446044922e+01 0.000000000000000000e+00
6.671137695312500000e+03 1.090777778625488281e+01 0.000000000000000000e+00
6.672676269531250000e+03 1.059764099121093750e+01 0.000000000000000000e+00
6.674211425781250000e+03 9.881006240844726562e+00 0.000000000000000000e+00
6.675750488281250000e+03 1.059629154205322266e+01 0.000000000000000000e+00
6.677286132812500000e+03 1.032456111907958984e+01 0.000000000000000000e+00
6.678822265625000000e+03 1.010369491577148438e+01 0.000000000000000000e+00
6.680362304687500000e+03 1.049978828430175781e+01 0.000000000000000000e+00
6.681898925781250000e+03 9.879720687866210938e+00 0.000000000000000000e+00
6.683439941406250000e+03 1.014331626892089844e+01 0.000000000000000000e+00
6.684977539062500000e+03 1.036155509948730469e+01 0.000000000000000000e+00
6.686519042968750000e+03 9.727390289306640625e+00 0.000000000000000000e+00
6.688057128906250000e+03 9.842388153076171875e+00 0.000000000000000000e+00
6.689595703125000000e+03 1.063420295715332031e+01 0.000000000000000000e+00
6.691138183593750000e+03 9.953966140747070312e+00 0.000000000000000000e+00
6.692677734375000000e+03 1.006782436370849609e+01 0.000000000000000000e+00
6.694221191406250000e+03 1.017129611968994141e+01 0.000000000000000000e+00
6.695760742187500000e+03 9.918535232543945312e+00 0.000000000000000000e+00
6.697305175781250000e+03 1.011436843872070312e+01 0.000000000000000000e+00
6.698845703125000000e+03 1.067501831054687500e+01 0.000000000000000000e+00
6.700386718750000000e+03 1.051323795318603516e+01 0.000000000000000000e+00
6.701931640625000000e+03 1.068521118164062500e+01 0.000000000000000000e+00
6.703473632812500000e+03 1.039540004730224609e+01 0.000000000000000000e+00
6.705019531250000000e+03 1.001719093322753906e+01 0.000000000000000000e+00
6.706562011718750000e+03 1.020627975463867188e+01 0.000000000000000000e+00
6.708108398437500000e+03 1.062459850311279297e+01 0.000000000000000000e+00
6.709651855468750000e+03 1.031016826629638672e+01 0.000000000000000000e+00
6.711195312500000000e+03 1.018517303466796875e+01 0.000000000000000000e+00
6.712742675781250000e+03 1.053601837158203125e+01 0.000000000000000000e+00
6.714287109375000000e+03 1.029531955718994141e+01 0.000000000000000000e+00
6.715835449218750000e+03 1.044297599792480469e+01 0.000000000000000000e+00
6.717380371093750000e+03 1.088928127288818359e+01 0.000000000000000000e+00
6.718929199218750000e+03 1.020303916931152344e+01 0.000000000000000000e+00
6.720475097656250000e+03 1.103291034698486328e+01 0.000000000000000000e+00
6.722020996093750000e+03 1.022808742523193359e+01 0.000000000000000000e+00
6.723571289062500000e+03 1.046931266784667969e+01 0.000000000000000000e+00
6.725117675781250000e+03 1.080985069274902344e+01 0.000000000000000000e+00
6.726668457031250000e+03 1.021298694610595703e+01 0.000000000000000000e+00
6.728216308593750000e+03 1.032115077972412109e+01 0.000000000000000000e+00
6.729767578125000000e+03 1.067542076110839844e+01 0.000000000000000000e+00
6.731315917968750000e+03 1.007454586029052734e+01 0.000000000000000000e+00
6.732864257812500000e+03 1.008815097808837891e+01 0.000000000000000000e+00
6.734416992187500000e+03 1.043727016448974609e+01 0.000000000000000000e+00
6.735966308593750000e+03 1.042063617706298828e+01 0.000000000000000000e+00
6.737519531250000000e+03 1.041883945465087891e+01 0.000000000000000000e+00
6.739069335937500000e+03 1.051320552825927734e+01 0.000000000000000000e+00
6.740623535156250000e+03 1.009633255004882812e+01 0.000000000000000000e+00
6.742174316406250000e+03 9.980282783508300781e+00 0.000000000000000000e+00
6.743725097656250000e+03 1.036575222015380859e+01 0.000000000000000000e+00
6.745280273437500000e+03 1.055560779571533203e+01 0.000000000000000000e+00
6.746832031250000000e+03 1.006706428527832031e+01 0.000000000000000000e+00
6.748387695312500000e+03 1.035132884979248047e+01 0.000000000000000000e+00
6.749940429687500000e+03 1.033677101135253906e+01 0.000000000000000000e+00
6.751496582031250000e+03 1.065881156921386719e+01 0.000000000000000000e+00
6.753049804687500000e+03 1.044545269012451172e+01 0.000000000000000000e+00
6.754603515625000000e+03 9.904585838317871094e+00 0.000000000000000000e+00
6.756161132812500000e+03 1.066652393341064453e+01 0.000000000000000000e+00
6.757715332031250000e+03 1.057770633697509766e+01 0.000000000000000000e+00
6.759273437500000000e+03 1.073721408843994141e+01 0.000000000000000000e+00
6.760828613281250000e+03 1.066701698303222656e+01 0.000000000000000000e+00
6.762387695312500000e+03 1.051326179504394531e+01 0.000000000000000000e+00
6.763943359375000000e+03 1.052251243591308594e+01 0.000000000000000000e+00
6.765502929687500000e+03 1.051481723785400391e+01 0.000000000000000000e+00
6.767059570312500000e+03 1.070030307769775391e+01 0.000000000000000000e+00
6.768616210937500000e+03 1.023932933807373047e+01 0.000000000000000000e+00
6.770176757812500000e+03 1.048330688476562500e+01 0.000000000000000000e+00
6.771734375000000000e+03 1.051058483123779297e+01 0.000000000000000000e+00
6.773295898437500000e+03 9.966258049011230469e+00 0.000000000000000000e+00
6.774854003906250000e+03 1.020050144195556641e+01 0.000000000000000000e+00
6.776416503906250000e+03 9.832764625549316406e+00 0.000000000000000000e+00
6.777975585937500000e+03 1.021276855468750000e+01 0.000000000000000000e+00
6.779534667968750000e+03 1.034381866455078125e+01 0.000000000000000000e+00
6.781098144531250000e+03 9.794111251831054688e+00 0.000000000000000000e+00
6.782658203125000000e+03 9.313675880432128906e+00 0.000000000000000000e+00
6.784222167968750000e+03 9.784245491027832031e+00 0.000000000000000000e+00
6.785782714843750000e+03 1.015323829650878906e+01 0.000000000000000000e+00
6.787347656250000000e+03 9.659468650817871094e+00 0.000000000000000000e+00
6.788909179687500000e+03 1.009235954284667969e+01 0.000000000000000000e+00
6.790470703125000000e+03 1.068300437927246094e+01 0.000000000000000000e+00
6.792036621093750000e+03 1.044040775299072266e+01 0.000000000000000000e+00
6.793599121093750000e+03 1.003030586242675781e+01 0.000000000000000000e+00
6.795165527343750000e+03 9.454158782958984375e+00 0.000000000000000000e+00
6.796729003906250000e+03 9.776705741882324219e+00 0.000000000000000000e+00
6.798296386718750000e+03 9.677019119262695312e+00 0.000000000000000000e+00
6.799860351562500000e+03 1.024778366088867188e+01 0.000000000000000000e+00
6.801424316406250000e+03 1.114444541931152344e+01 0.000000000000000000e+00
6.802992675781250000e+03 1.004477500915527344e+01 0.000000000000000000e+00
6.804557617187500000e+03 1.047739124298095703e+01 0.000000000000000000e+00
6.806126953125000000e+03 1.007863235473632812e+01 0.000000000000000000e+00
6.807692871093750000e+03 9.745363235473632812e+00 0.000000000000000000e+00
6.809262695312500000e+03 9.484566688537597656e+00 0.000000000000000000e+00
6.810829101562500000e+03 9.668789863586425781e+00 0.000000000000000000e+00
6.812395996093750000e+03 1.097067165374755859e+01 0.000000000000000000e+00
6.813966796875000000e+03 1.022861671447753906e+01 0.000000000000000000e+00
6.815534179687500000e+03 1.051927280426025391e+01 0.000000000000000000e+00
6.817105957031250000e+03 1.011247920989990234e+01 0.000000000000000000e+00
6.818674316406250000e+03 9.683953285217285156e+00 0.000000000000000000e+00
6.820246582031250000e+03 1.006981754302978516e+01 0.000000000000000000e+00
6.821815429687500000e+03 1.011197948455810547e+01 0.000000000000000000e+00
6.823384765625000000e+03 1.011295890808105469e+01 0.000000000000000000e+00
6.824958496093750000e+03 1.000506782531738281e+01 0.000000000000000000e+00
6.826528320312500000e+03 9.744759559631347656e+00 0.000000000000000000e+00
6.828102539062500000e+03 9.684595108032226562e+00 0.000000000000000000e+00
6.829673339843750000e+03 9.756422996520996094e+00 0.000000000000000000e+00
6.831248535156250000e+03 9.377675056457519531e+00 0.000000000000000000e+00
6.832819824218750000e+03 9.034072875976562500e+00 0.000000000000000000e+00
6.834391601562500000e+03 9.189806938171386719e+00 0.000000000000000000e+00
6.835967773437500000e+03 1.021884536743164062e+01 0.000000000000000000e+00
6.837540527343750000e+03 1.027590465545654297e+01 0.000000000000000000e+00
6.839117187500000000e+03 9.269783020019531250e+00 0.000000000000000000e+00
6.840690429687500000e+03 9.672993659973144531e+00 0.000000000000000000e+00
6.842268066406250000e+03 9.709652900695800781e+00 0.000000000000000000e+00
6.843841796875000000e+03 1.019347858428955078e+01 0.000000000000000000e+00
6.845416503906250000e+03 1.013154792785644531e+01 0.000000000000000000e+00
6.846994628906250000e+03 1.023456001281738281e+01 0.000000000000000000e+00
6.848569824218750000e+03 1.070038509368896484e+01 0.000000000000000000e+00
6.850149414062500000e+03 1.027717494964599609e+01 0.000000000000000000e+00
6.851725097656250000e+03 1.030876731872558594e+01 0.000000000000000000e+00
6.853305175781250000e+03 1.039179420471191406e+01 0.000000000000000000e+00
6.854881835937500000e+03 9.789985656738281250e+00 0.000000000000000000e+00
6.856458496093750000e+03 9.661614418029785156e+00 0.000000000000000000e+00
6.858039550781250000e+03 1.020450687408447266e+01 0.000000000000000000e+00
6.859617675781250000e+03 9.819634437561035156e+00 0.000000000000000000e+00
6.861199218750000000e+03 9.760019302368164062e+00 0.000000000000000000e+00
6.862777832031250000e+03 9.547179222106933594e+00 0.000000000000000000e+00
6.864360351562500000e+03 1.068880271911621094e+01 0.000000000000000000e+00
6.865939453125000000e+03 1.175441265106201172e+01 0.000000000000000000e+00
6.867519042968750000e+03 1.098036193847656250e+01 0.000000000000000000e+00
6.869102539062500000e+03 9.466067314147949219e+00 0.000000000000000000e+00
6.870682617187500000e+03 9.954177856445312500e+00 0.000000000000000000e+00
6.872267089843750000e+03 1.038331317901611328e+01 0.000000000000000000e+00
6.873848144531250000e+03 1.056987667083740234e+01 0.000000000000000000e+00
6.875433105468750000e+03 1.040841388702392578e+01 0.000000000000000000e+00
6.877014648437500000e+03 1.000072765350341797e+01 0.000000000000000000e+00
6.878600585937500000e+03 9.823504447937011719e+00 0.000000000000000000e+00
6.880183105468750000e+03 9.460739135742187500e+00 0.000000000000000000e+00
6.881765625000000000e+03 9.146041870117187500e+00 0.000000000000000000e+00
6.883352539062500000e+03 1.045210456848144531e+01 0.000000000000000000e+00
6.884936035156250000e+03 1.117760944366455078e+01 0.000000000000000000e+00
6.886523925781250000e+03 9.980192184448242188e+00 0.000000000000000000e+00
6.888107910156250000e+03 9.495801925659179688e+00 0.000000000000000000e+00
6.889696289062500000e+03 1.075780677795410156e+01 0.000000000000000000e+00
6.891281250000000000e+03 1.044776439666748047e+01 0.000000000000000000e+00
6.892866699218750000e+03 9.603855133056640625e+00 0.000000000000000000e+00
6.894456542968750000e+03 9.594036102294921875e+00 0.000000000000000000e+00
6.896042480468750000e+03 1.027082061767578125e+01 0.000000000000000000e+00
6.897632812500000000e+03 1.030848407745361328e+01 0.000000000000000000e+00
6.899219238281250000e+03 9.609026908874511719e+00 0.000000000000000000e+00
6.900810546875000000e+03 1.017443561553955078e+01 0.000000000000000000e+00
6.902397949218750000e+03 1.017224597930908203e+01 0.000000000000000000e+00
6.903985839843750000e+03 1.000094699859619141e+01 0.000000000000000000e+00
6.905577636718750000e+03 1.048666572570800781e+01 0.000000000000000000e+00
6.907166503906250000e+03 1.060460281372070312e+01 0.000000000000000000e+00
6.908759277343750000e+03 9.877638816833496094e+00 0.000000000000000000e+00
6.910348632812500000e+03 1.055756282806396484e+01 0.000000000000000000e+00
6.911941894531250000e+03 1.014890003204345703e+01 0.000000000000000000e+00
6.913532226562500000e+03 9.642444610595703125e+00 0.000000000000000000e+00
6.915122558593750000e+03 9.857575416564941406e+00 0.000000000000000000e+00
6.916717285156250000e+03 9.182310104370117188e+00 0.000000000000000000e+00
6.918308105468750000e+03 1.011478710174560547e+01 0.000000000000000000e+00
6.919903808593750000e+03 1.017421436309814453e+01 0.000000000000000000e+00
6.921495605468750000e+03 1.023080921173095703e+01 0.000000000000000000e+00
6.923091796875000000e+03 1.056642341613769531e+01 0.000000000000000000e+00
6.924684570312500000e+03 1.066563892364501953e+01 0.000000000000000000e+00
6.926277343750000000e+03 1.037162685394287109e+01 0.000000000000000000e+00
6.927874511718750000e+03 1.022665119171142578e+01 0.000000000000000000e+00
6.929468261718750000e+03 9.676445960998535156e+00 0.000000000000000000e+00
6.931066406250000000e+03 1.021778106689453125e+01 0.000000000000000000e+00
6.932660644531250000e+03 1.076047801971435547e+01 0.000000000000000000e+00
6.934259277343750000e+03 1.034627532958984375e+01 0.000000000000000000e+00
6.935854492187500000e+03 1.030004692077636719e+01 0.000000000000000000e+00
6.937450195312500000e+03 1.062133598327636719e+01 0.000000000000000000e+00
6.939049804687500000e+03 1.047101211547851562e+01 0.000000000000000000e+00
6.940645996093750000e+03 1.053672313690185547e+01 0.000000000000000000e+00
6.942246582031250000e+03 1.084820270538330078e+01 0.000000000000000000e+00
6.943843750000000000e+03 1.107838916778564453e+01 0.000000000000000000e+00
6.945444824218750000e+03 1.094031238555908203e+01 0.000000000000000000e+00
6.947042968750000000e+03 9.715778350830078125e+00 0.000000000000000000e+00
6.948641113281250000e+03 1.034704399108886719e+01 0.000000000000000000e+00
6.950243164062500000e+03 1.163359069824218750e+01 0.000000000000000000e+00
6.951842285156250000e+03 1.126697540283203125e+01 0.000000000000000000e+00
6.953445312500000000e+03 9.802486419677734375e+00 0.000000000000000000e+00
6.955044921875000000e+03 1.010344791412353516e+01 0.000000000000000000e+00
6.956648925781250000e+03 9.733022689819335938e+00 0.000000000000000000e+00
6.958249023437500000e+03 1.012511730194091797e+01 0.000000000000000000e+00
6.959849609375000000e+03 1.070995807647705078e+01 0.000000000000000000e+00
6.961454589843750000e+03 1.070577812194824219e+01 0.000000000000000000e+00
6.963056152343750000e+03 1.039815902709960938e+01 0.000000000000000000e+00
6.964662109375000000e+03 1.066459560394287109e+01 0.000000000000000000e+00
6.966264160156250000e+03 1.053988933563232422e+01 0.000000000000000000e+00
6.967870605468750000e+03 1.057582950592041016e+01 0.000000000000000000e+00
6.969473632812500000e+03 1.043914318084716797e+01 0.000000000000000000e+00
6.971076660156250000e+03 1.041420364379882812e+01 0.000000000000000000e+00
6.972684082031250000e+03 1.064243221282958984e+01 0.000000000000000000e+00
6.974288574218750000e+03 1.055718803405761719e+01 0.000000000000000000e+00
6.975896484375000000e+03 1.033220958709716797e+01 0.000000000000000000e+00
6.977501464843750000e+03 1.021226596832275391e+01 0.000000000000000000e+00
6.979110351562500000e+03 1.096525669097900391e+01 0.000000000000000000e+00
6.980715820312500000e+03 1.128410625457763672e+01 0.000000000000000000e+00
6.982321777343750000e+03 1.067032718658447266e+01 0.000000000000000000e+00
6.983932128906250000e+03 1.071818828582763672e+01 0.000000000000000000e+00
6.985538574218750000e+03 1.035526084899902344e+01 0.000000000000000000e+00
6.987149414062500000e+03 9.976225852966308594e+00 0.000000000000000000e+00
6.988756835937500000e+03 1.026429653167724609e+01 0.000000000000000000e+00
6.990368164062500000e+03 1.052652740478515625e+01 0.000000000000000000e+00
6.991976562500000000e+03 1.040060710906982422e+01 0.000000000000000000e+00
6.993584960937500000e+03 1.075979232788085938e+01 0.000000000000000000e+00
6.995197753906250000e+03 1.104270458221435547e+01 0.000000000000000000e+00
6.996807128906250000e+03 9.898093223571777344e+00 0.000000000000000000e+00
6.998420410156250000e+03 9.932671546936035156e+00 0.000000000000000000e+00
7.000030273437500000e+03 1.017645263671875000e+01 0.000000000000000000e+00
7.001644531250000000e+03 9.983636856079101562e+00 0.000000000000000000e+00
7.003255371093750000e+03 1.116531658172607422e+01 0.000000000000000000e+00
7.004870117187500000e+03 1.032918262481689453e+01 0.000000000000000000e+00
7.006481933593750000e+03 1.072737216949462891e+01 0.000000000000000000e+00
7.008093750000000000e+03 1.042828273773193359e+01 0.000000000000000000e+00
7.009709472656250000e+03 1.023837566375732422e+01 0.000000000000000000e+00
7.011322265625000000e+03 1.097515201568603516e+01 0.000000000000000000e+00
7.012938964843750000e+03 1.079709434509277344e+01 0.000000000000000000e+00
7.014552246093750000e+03 1.066871833801269531e+01 0.000000000000000000e+00
7.016169921875000000e+03 1.035676193237304688e+01 0.000000000000000000e+00
7.017783691406250000e+03 1.015467834472656250e+01 0.000000000000000000e+00
7.019398437500000000e+03 1.024336624145507812e+01 0.000000000000000000e+00
7.021017089843750000e+03 1.052142143249511719e+01 0.000000000000000000e+00
7.022632324218750000e+03 1.076171779632568359e+01 0.000000000000000000e+00
7.024251464843750000e+03 1.089490890502929688e+01 0.000000000000000000e+00
7.025867675781250000e+03 1.077155017852783203e+01 0.000000000000000000e+00
7.027487792968750000e+03 1.050607109069824219e+01 0.000000000000000000e+00
7.029104492187500000e+03 1.038781356811523438e+01 0.000000000000000000e+00
7.030721191406250000e+03 1.064198684692382812e+01 0.000000000000000000e+00
7.032342773437500000e+03 1.105353641510009766e+01 0.000000000000000000e+00
7.033960449218750000e+03 1.075503158569335938e+01 0.000000000000000000e+00
7.035582519531250000e+03 1.054239177703857422e+01 0.000000000000000000e+00
7.037200683593750000e+03 1.063485145568847656e+01 0.000000000000000000e+00
7.038823730468750000e+03 1.051200008392333984e+01 0.000000000000000000e+00
7.040442871093750000e+03 1.018011760711669922e+01 0.000000000000000000e+00
7.042062500000000000e+03 1.040620899200439453e+01 0.000000000000000000e+00
7.043686523437500000e+03 1.049189090728759766e+01 0.000000000000000000e+00
7.045306640625000000e+03 1.089661693572998047e+01 0.000000000000000000e+00
7.046931640625000000e+03 1.101877975463867188e+01 0.000000000000000000e+00
7.048552734375000000e+03 1.097158050537109375e+01 0.000000000000000000e+00
7.050178222656250000e+03 1.083989810943603516e+01 0.000000000000000000e+00
7.051799804687500000e+03 1.035665702819824219e+01 0.000000000000000000e+00
7.053422363281250000e+03 1.084362602233886719e+01 0.000000000000000000e+00
7.055048828125000000e+03 1.107322502136230469e+01 0.000000000000000000e+00
7.056671875000000000e+03 1.087882709503173828e+01 0.000000000000000000e+00
7.058298828125000000e+03 1.047504425048828125e+01 0.000000000000000000e+00
7.059922851562500000e+03 1.031223011016845703e+01 0.000000000000000000e+00
7.061550781250000000e+03 1.077357578277587891e+01 0.000000000000000000e+00
7.063175292968750000e+03 1.096336364746093750e+01 0.000000000000000000e+00
7.064799804687500000e+03 1.062135314941406250e+01 0.000000000000000000e+00
7.066429199218750000e+03 1.048678874969482422e+01 0.000000000000000000e+00
7.068054687500000000e+03 1.076814556121826172e+01 0.000000000000000000e+00
7.069684570312500000e+03 1.104693126678466797e+01 0.000000000000000000e+00
7.071311035156250000e+03 1.085146808624267578e+01 0.000000000000000000e+00
7.072941894531250000e+03 1.048804283142089844e+01 0.000000000000000000e+00
7.074568847656250000e+03 1.050661373138427734e+01 0.000000000000000000e+00
7.076196289062500000e+03 1.034346294403076172e+01 0.000000000000000000e+00
7.077828125000000000e+03 1.002142906188964844e+01 0.000000000000000000e+00
7.079456054687500000e+03 1.005686950683593750e+01 0.000000000000000000e+00
7.081088867187500000e+03 1.049624061584472656e+01 0.000000000000000000e+00
7.082717773437500000e+03 1.024293231964111328e+01 0.000000000000000000e+00
7.084351074218750000e+03 1.075593566894531250e+01 0.000000000000000000e+00
7.085980957031250000e+03 1.117496871948242188e+01 0.000000000000000000e+00
7.087610839843750000e+03 1.065185356140136719e+01 0.000000000000000000e+00
7.089245117187500000e+03 1.019835758209228516e+01 0.000000000000000000e+00
7.090875976562500000e+03 1.125707435607910156e+01 0.000000000000000000e+00
7.092511230468750000e+03 1.016955566406250000e+01 0.000000000000000000e+00
7.094143066406250000e+03 1.043923377990722656e+01 0.000000000000000000e+00
7.095778808593750000e+03 1.101056194305419922e+01 0.000000000000000000e+00
7.097411132812500000e+03 1.080874919891357422e+01 0.000000000000000000e+00
7.099043945312500000e+03 1.016156578063964844e+01 0.000000000000000000e+00
7.100681152343750000e+03 9.986029624938964844e+00 0.000000000000000000e+00
7.102314453125000000e+03 1.015712070465087891e+01 0.000000000000000000e+00
7.103952148437500000e+03 1.000416183471679688e+01 0.000000000000000000e+00
7.105586425781250000e+03 9.973299026489257812e+00 0.000000000000000000e+00
7.107225097656250000e+03 1.029833984375000000e+01 0.000000000000000000e+00
7.108859863281250000e+03 1.043097686767578125e+01 0.000000000000000000e+00
7.110495605468750000e+03 9.894842147827148438e+00 0.000000000000000000e+00
7.112135253906250000e+03 1.046419811248779297e+01 0.000000000000000000e+00
7.113771484375000000e+03 1.016347789764404297e+01 0.000000000000000000e+00
7.115411621093750000e+03 1.014957618713378906e+01 0.000000000000000000e+00
7.117048339843750000e+03 1.025367259979248047e+01 0.000000000000000000e+00
7.118689941406250000e+03 9.862089157104492188e+00 0.000000000000000000e+00
7.120327148437500000e+03 9.707777976989746094e+00 0.000000000000000000e+00
7.121965332031250000e+03 1.024787425994873047e+01 0.000000000000000000e+00
7.123607910156250000e+03 1.057597923278808594e+01 0.000000000000000000e+00
7.125246582031250000e+03 9.661011695861816406e+00 0.000000000000000000e+00
7.126889648437500000e+03 9.691406250000000000e+00 0.000000000000000000e+00
7.128529296875000000e+03 1.095180511474609375e+01 0.000000000000000000e+00
7.130172851562500000e+03 9.870050430297851562e+00 0.000000000000000000e+00
7.131812988281250000e+03 9.401139259338378906e+00 0.000000000000000000e+00
7.133458007812500000e+03 1.028165340423583984e+01 0.000000000000000000e+00
7.135098632812500000e+03 1.050835037231445312e+01 0.000000000000000000e+00
7.136740234375000000e+03 1.004496288299560547e+01 0.000000000000000000e+00
7.138385742187500000e+03 9.838953971862792969e+00 0.000000000000000000e+00
7.140028320312500000e+03 9.879413604736328125e+00 0.000000000000000000e+00
7.141674804687500000e+03 9.971962928771972656e+00 0.000000000000000000e+00
7.143317382812500000e+03 1.021862506866455078e+01 0.000000000000000000e+00
7.144964843750000000e+03 1.005598068237304688e+01 0.000000000000000000e+00
7.146608398437500000e+03 9.960821151733398438e+00 0.000000000000000000e+00
7.148252441406250000e+03 1.001655673980712891e+01 0.000000000000000000e+00
7.149900878906250000e+03 9.489444732666015625e+00 0.000000000000000000e+00
7.151545898437500000e+03 1.029017734527587891e+01 0.000000000000000000e+00
7.153194824218750000e+03 9.868579864501953125e+00 0.000000000000000000e+00
7.154840332031250000e+03 9.908808708190917969e+00 0.000000000000000000e+00
7.156490234375000000e+03 1.001159477233886719e+01 0.000000000000000000e+00
7.158136718750000000e+03 9.543505668640136719e+00 0.000000000000000000e+00
7.159783203125000000e+03 9.846091270446777344e+00 0.000000000000000000e+00
7.161434570312500000e+03 9.759582519531250000e+00 0.000000000000000000e+00
7.163082031250000000e+03 1.007073307037353516e+01 0.000000000000000000e+00
7.164733886718750000e+03 9.758215904235839844e+00 0.000000000000000000e+00
7.166381835937500000e+03 9.422389030456542969e+00 0.000000000000000000e+00
7.168034667968750000e+03 9.772422790527343750e+00 0.000000000000000000e+00
7.169683593750000000e+03 9.998279571533203125e+00 0.000000000000000000e+00
7.171333007812500000e+03 1.033366489410400391e+01 0.000000000000000000e+00
7.172986328125000000e+03 9.706141471862792969e+00 0.000000000000000000e+00
7.174636718750000000e+03 9.902503967285156250e+00 0.000000000000000000e+00
7.176291015625000000e+03 1.032621479034423828e+01 0.000000000000000000e+00
7.177941894531250000e+03 9.930891036987304688e+00 0.000000000000000000e+00
7.179597167968750000e+03 9.783277511596679688e+00 0.000000000000000000e+00
7.181249023437500000e+03 1.005675506591796875e+01 0.000000000000000000e+00
7.182900878906250000e+03 9.728845596313476562e+00 0.000000000000000000e+00
7.184557128906250000e+03 1.000214004516601562e+01 0.000000000000000000e+00
7.186209960937500000e+03 1.025425148010253906e+01 0.000000000000000000e+00
7.187867187500000000e+03 9.769035339355468750e+00 0.000000000000000000e+00
7.189520996093750000e+03 9.659887313842773438e+00 0.000000000000000000e+00
7.191178710937500000e+03 9.744796752929687500e+00 0.000000000000000000e+00
7.192833007812500000e+03 1.019294261932373047e+01 0.000000000000000000e+00
7.194487792968750000e+03 1.012056350708007812e+01 0.000000000000000000e+00
7.196146972656250000e+03 9.929022789001464844e+00 0.000000000000000000e+00
7.197802246093750000e+03 9.924287796020507812e+00 0.000000000000000000e+00
7.199461914062500000e+03 9.495745658874511719e+00 0.000000000000000000e+00
7.201118164062500000e+03 1.019361782073974609e+01 0.000000000000000000e+00
7.202778808593750000e+03 9.995780944824218750e+00 0.000000000000000000e+00
7.204435546875000000e+03 9.400109291076660156e+00 0.000000000000000000e+00
7.206093261718750000e+03 9.672403335571289062e+00 0.000000000000000000e+00
7.207754882812500000e+03 1.033536529541015625e+01 0.000000000000000000e+00
7.209413085937500000e+03 9.579641342163085938e+00 0.000000000000000000e+00
7.211075683593750000e+03 9.981644630432128906e+00 0.000000000000000000e+00
7.212734375000000000e+03 9.988704681396484375e+00 0.000000000000000000e+00
7.214397460937500000e+03 9.870423316955566406e+00 0.000000000000000000e+00
7.216057128906250000e+03 1.024227142333984375e+01 0.000000000000000000e+00
7.217717285156250000e+03 1.046121597290039062e+01 0.000000000000000000e+00
7.219381835937500000e+03 9.468976974487304688e+00 0.000000000000000000e+00
7.221042480468750000e+03 1.013507747650146484e+01 0.000000000000000000e+00
7.222707519531250000e+03 9.858318328857421875e+00 0.000000000000000000e+00
7.224369140625000000e+03 9.520640373229980469e+00 0.000000000000000000e+00
7.226035156250000000e+03 9.501694679260253906e+00 0.000000000000000000e+00
7.227697265625000000e+03 9.672849655151367188e+00 0.000000000000000000e+00
7.229360351562500000e+03 1.021010208129882812e+01 0.000000000000000000e+00
7.231027343750000000e+03 9.824542045593261719e+00 0.000000000000000000e+00
7.232690917968750000e+03 9.671160697937011719e+00 0.000000000000000000e+00
7.234358398437500000e+03 9.872380256652832031e+00 0.000000000000000000e+00
7.236022949218750000e+03 1.011255264282226562e+01 0.000000000000000000e+00
7.237691406250000000e+03 9.887032508850097656e+00 0.000000000000000000e+00
7.239356445312500000e+03 9.254749298095703125e+00 0.000000000000000000e+00
7.241021972656250000e+03 1.042381381988525391e+01 0.000000000000000000e+00
7.242691894531250000e+03 1.008095169067382812e+01 0.000000000000000000e+00
7.244357910156250000e+03 9.938803672790527344e+00 0.000000000000000000e+00
7.246028320312500000e+03 1.065125083923339844e+01 0.000000000000000000e+00
7.247695312500000000e+03 1.088161468505859375e+01 0.000000000000000000e+00
7.249366699218750000e+03 9.692922592163085938e+00 0.000000000000000000e+00
7.251034179687500000e+03 9.262523651123046875e+00 0.000000000000000000e+00
7.252702636718750000e+03 8.974433898925781250e+00 0.000000000000000000e+00
7.254375000000000000e+03 9.549503326416015625e+00 0.000000000000000000e+00
7.256043945312500000e+03 9.911501884460449219e+00 0.000000000000000000e+00
7.257716796875000000e+03 9.503360748291015625e+00 0.000000000000000000e+00
7.259386718750000000e+03 9.899639129638671875e+00 0.000000000000000000e+00
7.261060546875000000e+03 9.472235679626464844e+00 0.000000000000000000e+00
7.262730957031250000e+03 9.050241470336914062e+00 0.000000000000000000e+00
7.264405761718750000e+03 9.353422164916992188e+00 0.000000000000000000e+00
7.266077148437500000e+03 9.903516769409179688e+00 0.000000000000000000e+00
7.267748535156250000e+03 9.902976036071777344e+00 0.000000000000000000e+00
7.269424316406250000e+03 9.425636291503906250e+00 0.000000000000000000e+00
7.271096679687500000e+03 9.478514671325683594e+00 0.000000000000000000e+00
7.272773437500000000e+03 9.819212913513183594e+00 0.000000000000000000e+00
7.274446289062500000e+03 9.029641151428222656e+00 0.000000000000000000e+00
7.276124023437500000e+03 9.197520256042480469e+00 0.000000000000000000e+00
7.277797851562500000e+03 1.091379165649414062e+01 0.000000000000000000e+00
7.279472167968750000e+03 1.025330066680908203e+01 0.000000000000000000e+00
7.281150878906250000e+03 9.545802116394042969e+00 0.000000000000000000e+00
7.282825683593750000e+03 9.702606201171875000e+00 0.000000000000000000e+00
7.284505371093750000e+03 9.856155395507812500e+00 0.000000000000000000e+00
7.286181152343750000e+03 1.011099338531494141e+01 0.000000000000000000e+00
7.287861328125000000e+03 1.034589958190917969e+01 0.000000000000000000e+00
7.289537597656250000e+03 9.619123458862304688e+00 0.000000000000000000e+00
7.291214843750000000e+03 1.009977245330810547e+01 0.000000000000000000e+00
7.292895996093750000e+03 9.921966552734375000e+00 0.000000000000000000e+00
7.294573730468750000e+03 1.020240879058837891e+01 0.000000000000000000e+00
7.296255859375000000e+03 1.026600933074951172e+01 0.000000000000000000e+00
7.297934082031250000e+03 9.604249954223632812e+00 0.000000000000000000e+00
7.299617187500000000e+03 1.011669635772705078e+01 0.000000000000000000e+00
7.301296386718750000e+03 1.086177444458007812e+01 0.000000000000000000e+00
7.302976074218750000e+03 9.699857711791992188e+00 0.000000000000000000e+00
7.304660156250000000e+03 9.727433204650878906e+00 0.000000000000000000e+00
7.306340820312500000e+03 1.047069263458251953e+01 0.000000000000000000e+00
7.308025390625000000e+03 1.025695323944091797e+01 0.000000000000000000e+00
7.309706542968750000e+03 1.027059936523437500e+01 0.000000000000000000e+00
7.311392089843750000e+03 1.019263076782226562e+01 0.000000000000000000e+00
7.313074218750000000e+03 1.004891014099121094e+01 0.000000000000000000e+00
7.314756347656250000e+03 9.686333656311035156e+00 0.000000000000000000e+00
7.316443359375000000e+03 9.640326499938964844e+00 0.000000000000000000e+00
7.318126464843750000e+03 1.013892650604248047e+01 0.000000000000000000e+00
7.319813964843750000e+03 1.029461288452148438e+01 0.000000000000000000e+00
7.321498046875000000e+03 9.947590827941894531e+00 0.000000000000000000e+00
7.323186035156250000e+03 9.635354995727539062e+00 0.000000000000000000e+00
7.324871093750000000e+03 1.008765506744384766e+01 0.000000000000000000e+00
7.326556152343750000e+03 1.036384868621826172e+01 0.000000000000000000e+00
7.328245605468750000e+03 9.641544342041015625e+00 0.000000000000000000e+00
7.329931152343750000e+03 9.083027839660644531e+00 0.000000000000000000e+00
7.331621582031250000e+03 9.615858078002929688e+00 0.000000000000000000e+00
7.333308105468750000e+03 1.018866729736328125e+01 0.000000000000000000e+00
7.334999511718750000e+03 1.049169254302978516e+01 0.000000000000000000e+00
7.336686523437500000e+03 1.011775112152099609e+01 0.000000000000000000e+00
7.338374511718750000e+03 9.319384574890136719e+00 0.000000000000000000e+00
7.340066894531250000e+03 9.181012153625488281e+00 0.000000000000000000e+00
7.341755371093750000e+03 8.863827705383300781e+00 0.000000000000000000e+00
7.343448242187500000e+03 1.191843891143798828e+01 0.000000000000000000e+00
7.345137695312500000e+03 1.129946613311767578e+01 0.000000000000000000e+00
7.346831542968750000e+03 9.241904258728027344e+00 0.000000000000000000e+00
7.348521484375000000e+03 1.009394359588623047e+01 0.000000000000000000e+00
7.350211914062500000e+03 9.892421722412109375e+00 0.000000000000000000e+00
7.351906738281250000e+03 9.945127487182617188e+00 0.000000000000000000e+00
7.353598144531250000e+03 1.033641433715820312e+01 0.000000000000000000e+00
7.355293945312500000e+03 1.020895767211914062e+01 0.000000000000000000e+00
7.356985839843750000e+03 9.832947731018066406e+00 0.000000000000000000e+00
7.358682617187500000e+03 9.863832473754882812e+00 0.000000000000000000e+00
7.360375488281250000e+03 1.023387241363525391e+01 0.000000000000000000e+00
7.362068847656250000e+03 1.096158504486083984e+01 0.000000000000000000e+00
7.363766601562500000e+03 1.018767929077148438e+01 0.000000000000000000e+00
7.365460449218750000e+03 1.057297801971435547e+01 0.000000000000000000e+00
7.367158691406250000e+03 9.977231025695800781e+00 0.000000000000000000e+00
7.368853515625000000e+03 7.948028087615966797e+00 0.000000000000000000e+00
7.370552734375000000e+03 1.031830501556396484e+01 0.000000000000000000e+00
7.372248535156250000e+03 1.146389961242675781e+01 0.000000000000000000e+00
7.373944335937500000e+03 1.059731769561767578e+01 0.000000000000000000e+00
7.375645019531250000e+03 1.022118091583251953e+01 0.000000000000000000e+00
7.377341796875000000e+03 1.039741516113281250e+01 0.000000000000000000e+00
7.379042968750000000e+03 1.018160057067871094e+01 0.000000000000000000e+00
7.380740234375000000e+03 1.011494159698486328e+01 0.000000000000000000e+00
7.382442382812500000e+03 9.765749931335449219e+00 0.000000000000000000e+00
7.384140625000000000e+03 9.874628067016601562e+00 0.000000000000000000e+00
7.385839355468750000e+03 9.887701988220214844e+00 0.000000000000000000e+00
7.387542480468750000e+03 1.003643512725830078e+01 0.000000000000000000e+00
7.389242187500000000e+03 1.043170452117919922e+01 0.000000000000000000e+00
7.390945800781250000e+03 1.009743881225585938e+01 0.000000000000000000e+00
7.392646484375000000e+03 9.742117881774902344e+00 0.000000000000000000e+00
7.394351074218750000e+03 1.036570358276367188e+01 0.000000000000000000e+00
7.396052246093750000e+03 1.040079689025878906e+01 0.000000000000000000e+00
7.397757324218750000e+03 9.820958137512207031e+00 0.000000000000000000e+00
7.399459472656250000e+03 9.558260917663574219e+00 0.000000000000000000e+00
7.401161621093750000e+03 9.537343025207519531e+00 0.000000000000000000e+00
7.402868164062500000e+03 9.508212089538574219e+00 0.000000000000000000e+00
7.404571289062500000e+03 1.058428764343261719e+01 0.000000000000000000e+00
7.406278808593750000e+03 1.061449813842773438e+01 0.000000000000000000e+00
7.407982421875000000e+03 9.780443191528320312e+00 0.000000000000000000e+00
7.409690917968750000e+03 9.684656143188476562e+00 0.000000000000000000e+00
7.411395507812500000e+03 1.019284915924072266e+01 0.000000000000000000e+00
7.413100585937500000e+03 9.884581565856933594e+00 0.000000000000000000e+00
7.414810058593750000e+03 9.937615394592285156e+00 0.000000000000000000e+00
7.416515625000000000e+03 1.018517017364501953e+01 0.000000000000000000e+00
7.418226074218750000e+03 9.697246551513671875e+00 0.000000000000000000e+00
7.419932617187500000e+03 9.020270347595214844e+00 0.000000000000000000e+00
7.421643554687500000e+03 1.011353206634521484e+01 0.000000000000000000e+00
7.423350585937500000e+03 1.003272438049316406e+01 0.000000000000000000e+00
7.425058593750000000e+03 9.357744216918945312e+00 0.000000000000000000e+00
7.426770507812500000e+03 9.376003265380859375e+00 0.000000000000000000e+00
7.428479492187500000e+03 9.734582901000976562e+00 0.000000000000000000e+00
7.430192382812500000e+03 9.457156181335449219e+00 0.000000000000000000e+00
7.431901367187500000e+03 8.755490303039550781e+00 0.000000000000000000e+00
7.433615234375000000e+03 8.694150924682617188e+00 0.000000000000000000e+00
7.435325683593750000e+03 6.922381401062011719e+00 0.000000000000000000e+00
7.437036132812500000e+03 4.658830642700195312e+00 0.000000000000000000e+00
7.438750976562500000e+03 4.678372859954833984e+00 0.000000000000000000e+00
7.440462402343750000e+03 7.075355052947998047e+00 0.000000000000000000e+00
7.442177734375000000e+03 8.220196723937988281e+00 0.000000000000000000e+00
7.443890136718750000e+03 9.346059799194335938e+00 0.000000000000000000e+00
7.445606445312500000e+03 9.889946937561035156e+00 0.000000000000000000e+00
7.447319335937500000e+03 9.438438415527343750e+00 0.000000000000000000e+00
7.449032714843750000e+03 8.866970062255859375e+00 0.000000000000000000e+00
7.450750488281250000e+03 8.934714317321777344e+00 0.000000000000000000e+00
7.452464355468750000e+03 8.855424880981445312e+00 0.000000000000000000e+00
7.454183105468750000e+03 7.980359077453613281e+00 0.000000000000000000e+00
7.455897949218750000e+03 6.642047405242919922e+00 0.000000000000000000e+00
7.457617187500000000e+03 6.296064853668212891e+00 0.000000000000000000e+00
7.459332519531250000e+03 7.318014144897460938e+00 0.000000000000000000e+00
7.461048828125000000e+03 8.629685401916503906e+00 0.000000000000000000e+00
7.462769042968750000e+03 9.099028587341308594e+00 0.000000000000000000e+00
7.464485839843750000e+03 1.043967914581298828e+01 0.000000000000000000e+00
7.466207031250000000e+03 9.808533668518066406e+00 0.000000000000000000e+00
7.467924804687500000e+03 9.660220146179199219e+00 0.000000000000000000e+00
7.469646972656250000e+03 9.973554611206054688e+00 0.000000000000000000e+00
7.471365234375000000e+03 9.621735572814941406e+00 0.000000000000000000e+00
7.473083984375000000e+03 9.911123275756835938e+00 0.000000000000000000e+00
7.474807617187500000e+03 1.006444358825683594e+01 0.000000000000000000e+00
7.476526855468750000e+03 1.001090908050537109e+01 0.000000000000000000e+00
7.478250976562500000e+03 9.483011245727539062e+00 0.000000000000000000e+00
7.479971191406250000e+03 9.552349090576171875e+00 0.000000000000000000e+00
7.481696289062500000e+03 1.018872547149658203e+01 0.000000000000000000e+00
7.483417480468750000e+03 9.358613014221191406e+00 0.000000000000000000e+00
7.485139160156250000e+03 1.035426807403564453e+01 0.000000000000000000e+00
7.486865234375000000e+03 9.474064826965332031e+00 0.000000000000000000e+00
7.488587402343750000e+03 9.183390617370605469e+00 0.000000000000000000e+00
7.490313964843750000e+03 9.636793136596679688e+00 0.000000000000000000e+00
7.492037109375000000e+03 9.447779655456542969e+00 0.000000000000000000e+00
7.493765136718750000e+03 9.485258102416992188e+00 0.000000000000000000e+00
7.495488769531250000e+03 9.596098899841308594e+00 0.000000000000000000e+00
7.497213378906250000e+03 9.527799606323242188e+00 0.000000000000000000e+00
7.498941894531250000e+03 9.604926109313964844e+00 0.000000000000000000e+00
7.500666992187500000e+03 9.621707916259765625e+00 0.000000000000000000e+00
7.502396972656250000e+03 9.454385757446289062e+00 0.000000000000000000e+00
7.504122558593750000e+03 9.686470031738281250e+00 0.000000000000000000e+00
7.505853027343750000e+03 9.843016624450683594e+00 0.000000000000000000e+00
7.507580078125000000e+03 9.568923950195312500e+00 0.000000000000000000e+00
7.509307128906250000e+03 9.527710914611816406e+00 0.000000000000000000e+00
7.511038574218750000e+03 9.675199508666992188e+00 0.000000000000000000e+00
7.512766601562500000e+03 9.680197715759277344e+00 0.000000000000000000e+00
7.514499023437500000e+03 9.745221138000488281e+00 0.000000000000000000e+00
7.516227539062500000e+03 9.503740310668945312e+00 0.000000000000000000e+00
7.517960937500000000e+03 9.284240722656250000e+00 0.000000000000000000e+00
7.519690429687500000e+03 9.163581848144531250e+00 0.000000000000000000e+00
7.521420410156250000e+03 9.192053794860839844e+00 0.000000000000000000e+00
7.523154785156250000e+03 9.470056533813476562e+00 0.000000000000000000e+00
7.524885253906250000e+03 1.003497600555419922e+01 0.000000000000000000e+00
7.526620605468750000e+03 1.058561038970947266e+01 0.000000000000000000e+00
7.528352050781250000e+03 9.694175720214843750e+00 0.000000000000000000e+00
7.530088378906250000e+03 9.584748268127441406e+00 0.000000000000000000e+00
7.531820312500000000e+03 1.015509223937988281e+01 0.000000000000000000e+00
7.533557128906250000e+03 9.953102111816406250e+00 0.000000000000000000e+00
7.535290527343750000e+03 9.484087944030761719e+00 0.000000000000000000e+00
7.537023925781250000e+03 9.540909767150878906e+00 0.000000000000000000e+00
7.538761718750000000e+03 9.630391120910644531e+00 0.000000000000000000e+00
7.540496093750000000e+03 9.556494712829589844e+00 0.000000000000000000e+00
7.542234863281250000e+03 9.578302383422851562e+00 0.000000000000000000e+00
7.543970214843750000e+03 9.609463691711425781e+00 0.000000000000000000e+00
7.545709472656250000e+03 9.098354339599609375e+00 0.000000000000000000e+00
7.547445312500000000e+03 9.345752716064453125e+00 0.000000000000000000e+00
7.549181640625000000e+03 9.679765701293945312e+00 0.000000000000000000e+00
7.550922851562500000e+03 9.493613243103027344e+00 0.000000000000000000e+00
7.552659667968750000e+03 9.327689170837402344e+00 0.000000000000000000e+00
7.554401367187500000e+03 9.518980026245117188e+00 0.000000000000000000e+00
7.556139160156250000e+03 9.321327209472656250e+00 0.000000000000000000e+00
7.557881835937500000e+03 9.928884506225585938e+00 0.000000000000000000e+00
7.559620117187500000e+03 9.954611778259277344e+00 0.000000000000000000e+00
7.561359375000000000e+03 9.894580841064453125e+00 0.000000000000000000e+00
7.563103027343750000e+03 9.757979393005371094e+00 0.000000000000000000e+00
7.564842773437500000e+03 9.451189994812011719e+00 0.000000000000000000e+00
7.566587402343750000e+03 9.575396537780761719e+00 0.000000000000000000e+00
7.568328125000000000e+03 8.826820373535156250e+00 0.000000000000000000e+00
7.570073242187500000e+03 8.947044372558593750e+00 0.000000000000000000e+00
7.571814941406250000e+03 9.624486923217773438e+00 0.000000000000000000e+00
7.573556640625000000e+03 9.717814445495605469e+00 0.000000000000000000e+00
7.575303222656250000e+03 9.231067657470703125e+00 0.000000000000000000e+00
7.577045898437500000e+03 9.620249748229980469e+00 0.000000000000000000e+00
7.578792968750000000e+03 9.643512725830078125e+00 0.000000000000000000e+00
7.580536621093750000e+03 9.443814277648925781e+00 0.000000000000000000e+00
7.582284667968750000e+03 9.178795814514160156e+00 0.000000000000000000e+00
7.584028808593750000e+03 9.089847564697265625e+00 0.000000000000000000e+00
7.585773437500000000e+03 9.296039581298828125e+00 0.000000000000000000e+00
7.587522949218750000e+03 9.448610305786132812e+00 0.000000000000000000e+00
7.589268554687500000e+03 9.117204666137695312e+00 0.000000000000000000e+00
7.591018554687500000e+03 9.477439880371093750e+00 0.000000000000000000e+00
7.592764648437500000e+03 9.377254486083984375e+00 0.000000000000000000e+00
7.594515625000000000e+03 9.360085487365722656e+00 0.000000000000000000e+00
7.596262695312500000e+03 9.913571357727050781e+00 0.000000000000000000e+00
7.598010253906250000e+03 9.174743652343750000e+00 0.000000000000000000e+00
7.599762207031250000e+03 8.737903594970703125e+00 0.000000000000000000e+00
7.601510742187500000e+03 9.136216163635253906e+00 0.000000000000000000e+00
7.603263671875000000e+03 8.607824325561523438e+00 0.000000000000000000e+00
7.605012695312500000e+03 8.406935691833496094e+00 0.000000000000000000e+00
7.606766113281250000e+03 9.424935340881347656e+00 0.000000000000000000e+00
7.608516113281250000e+03 8.707701683044433594e+00 0.000000000000000000e+00
7.610266601562500000e+03 8.865803718566894531e+00 0.000000000000000000e+00
7.612021484375000000e+03 8.451483726501464844e+00 0.000000000000000000e+00
7.613772460937500000e+03 9.101246833801269531e+00 0.000000000000000000e+00
7.615528320312500000e+03 9.699157714843750000e+00 0.000000000000000000e+00
7.617280273437500000e+03 8.674198150634765625e+00 0.000000000000000000e+00
7.619036621093750000e+03 8.392704963684082031e+00 0.000000000000000000e+00
7.620789550781250000e+03 9.761130332946777344e+00 0.000000000000000000e+00
7.622542480468750000e+03 9.603785514831542969e+00 0.000000000000000000e+00
7.624300292968750000e+03 8.829070091247558594e+00 0.000000000000000000e+00
7.626054199218750000e+03 8.698173522949218750e+00 0.000000000000000000e+00
7.627812988281250000e+03 8.942108154296875000e+00 0.000000000000000000e+00
7.629567871093750000e+03 8.676132202148437500e+00 0.000000000000000000e+00
7.631327148437500000e+03 9.694081306457519531e+00 0.000000000000000000e+00
7.633082519531250000e+03 8.762361526489257812e+00 0.000000000000000000e+00
7.634838867187500000e+03 9.227329254150390625e+00 0.000000000000000000e+00
7.636599121093750000e+03 9.841416358947753906e+00 0.000000000000000000e+00
7.638355957031250000e+03 8.719955444335937500e+00 0.000000000000000000e+00
7.640117187500000000e+03 9.795831680297851562e+00 0.000000000000000000e+00
7.641875000000000000e+03 9.455224990844726562e+00 0.000000000000000000e+00
7.643637207031250000e+03 8.892493247985839844e+00 0.000000000000000000e+00
7.645395507812500000e+03 9.178424835205078125e+00 0.000000000000000000e+00
7.647154296875000000e+03 9.285785675048828125e+00 0.000000000000000000e+00
7.648917968750000000e+03 8.594422340393066406e+00 0.000000000000000000e+00
7.650677246093750000e+03 8.842110633850097656e+00 0.000000000000000000e+00
7.652441894531250000e+03 8.609830856323242188e+00 0.000000000000000000e+00
7.654202148437500000e+03 8.692406654357910156e+00 0.000000000000000000e+00
7.655967285156250000e+03 9.257596969604492188e+00 0.000000000000000000e+00
7.657728515625000000e+03 9.506365776062011719e+00 0.000000000000000000e+00
7.659490234375000000e+03 9.091000556945800781e+00 0.000000000000000000e+00
7.661256347656250000e+03 9.075136184692382812e+00 0.000000000000000000e+00
7.663018554687500000e+03 9.269304275512695312e+00 0.000000000000000000e+00
7.664785644531250000e+03 9.735191345214843750e+00 0.000000000000000000e+00
7.666549316406250000e+03 9.675213813781738281e+00 0.000000000000000000e+00
7.668316894531250000e+03 9.318022727966308594e+00 0.000000000000000000e+00
7.670081054687500000e+03 9.337117195129394531e+00 0.000000000000000000e+00
7.671849609375000000e+03 9.357248306274414062e+00 0.000000000000000000e+00
7.673614746093750000e+03 8.750637054443359375e+00 0.000000000000000000e+00
7.675379882812500000e+03 9.377286911010742188e+00 0.000000000000000000e+00
7.677149902343750000e+03 9.331912040710449219e+00 0.000000000000000000e+00
7.678916015625000000e+03 8.743545532226562500e+00 0.000000000000000000e+00
7.680687011718750000e+03 8.850036621093750000e+00 0.000000000000000000e+00
7.682453613281250000e+03 8.865435600280761719e+00 0.000000000000000000e+00
7.684225097656250000e+03 9.378967285156250000e+00 0.000000000000000000e+00
7.685993164062500000e+03 9.400565147399902344e+00 0.000000000000000000e+00
7.687761230468750000e+03 9.418103218078613281e+00 0.000000000000000000e+00
7.689534179687500000e+03 9.643898963928222656e+00 0.000000000000000000e+00
7.691302734375000000e+03 9.448309898376464844e+00 0.000000000000000000e+00
7.693076660156250000e+03 8.443056106567382812e+00 0.000000000000000000e+00
7.694846191406250000e+03 8.807978630065917969e+00 0.000000000000000000e+00
7.696620605468750000e+03 9.450004577636718750e+00 0.000000000000000000e+00
7.698391113281250000e+03 9.215474128723144531e+00 0.000000000000000000e+00
7.700162109375000000e+03 8.818705558776855469e+00 0.000000000000000000e+00
7.701937988281250000e+03 9.056708335876464844e+00 0.000000000000000000e+00
7.703709960937500000e+03 8.936573028564453125e+00 0.000000000000000000e+00
7.705486328125000000e+03 9.106204986572265625e+00 0.000000000000000000e+00
7.707258789062500000e+03 9.064868927001953125e+00 0.000000000000000000e+00
7.709036132812500000e+03 8.982030868530273438e+00 0.000000000000000000e+00
7.710809570312500000e+03 8.716652870178222656e+00 0.000000000000000000e+00
7.712583496093750000e+03 8.482912063598632812e+00 0.000000000000000000e+00
7.714361816406250000e+03 9.271903038024902344e+00 0.000000000000000000e+00
7.716136718750000000e+03 9.470578193664550781e+00 0.000000000000000000e+00
7.717916015625000000e+03 9.130764007568359375e+00 0.000000000000000000e+00
7.719691406250000000e+03 8.861912727355957031e+00 0.000000000000000000e+00
7.721471679687500000e+03 9.010736465454101562e+00 0.000000000000000000e+00
7.723248046875000000e+03 9.239860534667968750e+00 0.000000000000000000e+00
7.725024902343750000e+03 9.005567550659179688e+00 0.000000000000000000e+00
7.726806152343750000e+03 9.783593177795410156e+00 0.000000000000000000e+00
7.728583496093750000e+03 9.152983665466308594e+00 0.000000000000000000e+00
7.730365722656250000e+03 8.928481101989746094e+00 0.000000000000000000e+00
7.732144042968750000e+03 9.196399688720703125e+00 0.000000000000000000e+00
7.733927246093750000e+03 8.852331161499023438e+00 0.000000000000000000e+00
7.735706542968750000e+03 8.912437438964843750e+00 0.000000000000000000e+00
7.737485839843750000e+03 9.568691253662109375e+00 0.000000000000000000e+00
7.739270019531250000e+03 9.071434974670410156e+00 0.000000000000000000e+00
7.741050781250000000e+03 8.778542518615722656e+00 0.000000000000000000e+00
7.742835449218750000e+03 9.255351066589355469e+00 0.000000000000000000e+00
7.744616699218750000e+03 9.443904876708984375e+00 0.000000000000000000e+00
7.746402832031250000e+03 8.561872482299804688e+00 0.000000000000000000e+00
7.748185058593750000e+03 8.637545585632324219e+00 0.000000000000000000e+00
7.749967285156250000e+03 9.328406333923339844e+00 0.000000000000000000e+00
7.751754394531250000e+03 1.026602935791015625e+01 0.000000000000000000e+00
7.753537597656250000e+03 9.993759155273437500e+00 0.000000000000000000e+00
7.755325683593750000e+03 8.422720909118652344e+00 0.000000000000000000e+00
7.757109863281250000e+03 8.613945007324218750e+00 0.000000000000000000e+00
7.758898437500000000e+03 8.842645645141601562e+00 0.000000000000000000e+00
7.760683593750000000e+03 8.888666152954101562e+00 0.000000000000000000e+00
7.762468750000000000e+03 9.222895622253417969e+00 0.000000000000000000e+00
7.764258789062500000e+03 9.305731773376464844e+00 0.000000000000000000e+00
7.766044921875000000e+03 8.736469268798828125e+00 0.000000000000000000e+00
7.767835937500000000e+03 8.768124580383300781e+00 0.000000000000000000e+00
7.769622558593750000e+03 9.343020439147949219e+00 0.000000000000000000e+00
7.771414550781250000e+03 8.836894035339355469e+00 0.000000000000000000e+00
7.773202148437500000e+03 8.827381134033203125e+00 0.000000000000000000e+00
7.774990234375000000e+03 9.278782844543457031e+00 0.000000000000000000e+00
7.776783203125000000e+03 9.099853515625000000e+00 0.000000000000000000e+00
7.778572265625000000e+03 8.882349967956542969e+00 0.000000000000000000e+00
7.780366210937500000e+03 8.615748405456542969e+00 0.000000000000000000e+00
7.782155761718750000e+03 9.400732994079589844e+00 0.000000000000000000e+00
7.783950683593750000e+03 9.552833557128906250e+00 0.000000000000000000e+00
7.785741210937500000e+03 8.975255012512207031e+00 0.000000000000000000e+00
7.787532226562500000e+03 8.899597167968750000e+00 0.000000000000000000e+00
7.789328125000000000e+03 9.249007225036621094e+00 0.000000000000000000e+00
7.791120117187500000e+03 9.157274246215820312e+00 0.000000000000000000e+00
7.792916503906250000e+03 8.508477210998535156e+00 0.000000000000000000e+00
7.794709472656250000e+03 8.844916343688964844e+00 0.000000000000000000e+00
7.796506835937500000e+03 9.711385726928710938e+00 0.000000000000000000e+00
7.798300292968750000e+03 9.461991310119628906e+00 0.000000000000000000e+00
7.800094238281250000e+03 8.310044288635253906e+00 0.000000000000000000e+00
7.801893066406250000e+03 8.360372543334960938e+00 0.000000000000000000e+00
7.803687988281250000e+03 8.979368209838867188e+00 0.000000000000000000e+00
7.805487304687500000e+03 8.957097053527832031e+00 0.000000000000000000e+00
7.807283203125000000e+03 8.928280830383300781e+00 0.000000000000000000e+00
7.809083496093750000e+03 9.310252189636230469e+00 0.000000000000000000e+00
7.810879882812500000e+03 8.483712196350097656e+00 0.000000000000000000e+00
7.812681152343750000e+03 9.179707527160644531e+00 0.000000000000000000e+00
7.814478515625000000e+03 8.259389877319335938e+00 0.000000000000000000e+00
7.816275878906250000e+03 8.390987396240234375e+00 0.000000000000000000e+00
7.818078613281250000e+03 9.197626113891601562e+00 0.000000000000000000e+00
7.819876953125000000e+03 8.409765243530273438e+00 0.000000000000000000e+00
7.821680175781250000e+03 8.016103744506835938e+00 0.000000000000000000e+00
7.823479492187500000e+03 1.022488498687744141e+01 0.000000000000000000e+00
7.825283691406250000e+03 1.025871467590332031e+01 0.000000000000000000e+00
7.827083984375000000e+03 8.893429756164550781e+00 0.000000000000000000e+00
7.828884277343750000e+03 8.453917503356933594e+00 0.000000000000000000e+00
7.830689941406250000e+03 9.090751647949218750e+00 0.000000000000000000e+00
7.832491210937500000e+03 8.563581466674804688e+00 0.000000000000000000e+00
7.834297363281250000e+03 8.610506057739257812e+00 0.000000000000000000e+00
7.836099609375000000e+03 8.612139701843261719e+00 0.000000000000000000e+00
7.837906738281250000e+03 8.441827774047851562e+00 0.000000000000000000e+00
7.839709960937500000e+03 8.504165649414062500e+00 0.000000000000000000e+00
7.841513183593750000e+03 8.759618759155273438e+00 0.000000000000000000e+00
7.843321289062500000e+03 8.353811264038085938e+00 0.000000000000000000e+00
7.845125976562500000e+03 8.191399574279785156e+00 0.000000000000000000e+00
7.846935058593750000e+03 8.640828132629394531e+00 0.000000000000000000e+00
7.848740234375000000e+03 8.523026466369628906e+00 0.000000000000000000e+00
7.850549804687500000e+03 8.302554130554199219e+00 0.000000000000000000e+00
7.852355957031250000e+03 8.564137458801269531e+00 0.000000000000000000e+00
7.854162597656250000e+03 7.957094192504882812e+00 0.000000000000000000e+00
7.855973632812500000e+03 9.022864341735839844e+00 0.000000000000000000e+00
7.857780761718750000e+03 9.407637596130371094e+00 0.000000000000000000e+00
7.859592773437500000e+03 8.535298347473144531e+00 0.000000000000000000e+00
7.861400878906250000e+03 8.302124977111816406e+00 0.000000000000000000e+00
7.863213867187500000e+03 9.492147445678710938e+00 0.000000000000000000e+00
7.865022460937500000e+03 9.127691268920898438e+00 0.000000000000000000e+00
7.866832031250000000e+03 8.387178421020507812e+00 0.000000000000000000e+00
7.868645996093750000e+03 8.672366142272949219e+00 0.000000000000000000e+00
7.870456054687500000e+03 8.778089523315429688e+00 0.000000000000000000e+00
7.872270996093750000e+03 9.059847831726074219e+00 0.000000000000000000e+00
7.874082031250000000e+03 9.709597587585449219e+00 0.000000000000000000e+00
7.875897949218750000e+03 8.309026718139648438e+00 0.000000000000000000e+00
7.877709960937500000e+03 8.158987998962402344e+00 0.000000000000000000e+00
7.879521972656250000e+03 9.048302650451660156e+00 0.000000000000000000e+00
7.881338867187500000e+03 9.249912261962890625e+00 0.000000000000000000e+00
7.883151855468750000e+03 8.791650772094726562e+00 0.000000000000000000e+00
7.884969726562500000e+03 8.717895507812500000e+00 0.000000000000000000e+00
7.886783691406250000e+03 8.736971855163574219e+00 0.000000000000000000e+00
7.888602539062500000e+03 8.037545204162597656e+00 0.000000000000000000e+00
7.890417480468750000e+03 7.733965873718261719e+00 0.000000000000000000e+00
7.892232421875000000e+03 8.427954673767089844e+00 0.000000000000000000e+00
7.894052246093750000e+03 9.365969657897949219e+00 0.000000000000000000e+00
7.895868652343750000e+03 9.390027046203613281e+00 0.000000000000000000e+00
7.897688964843750000e+03 8.622015953063964844e+00 0.000000000000000000e+00
7.899505859375000000e+03 8.614829063415527344e+00 0.000000000000000000e+00
7.901327636718750000e+03 8.676772117614746094e+00 0.000000000000000000e+00
7.903145507812500000e+03 8.874073982238769531e+00 0.000000000000000000e+00
7.904963378906250000e+03 8.821601867675781250e+00 0.000000000000000000e+00
7.906786132812500000e+03 8.496237754821777344e+00 0.000000000000000000e+00
7.908605468750000000e+03 9.075115203857421875e+00 0.000000000000000000e+00
7.910429199218750000e+03 8.481917381286621094e+00 0.000000000000000000e+00
7.912248535156250000e+03 7.245843410491943359e+00 0.000000000000000000e+00
7.914073242187500000e+03 7.720025062561035156e+00 0.000000000000000000e+00
7.915894042968750000e+03 9.817615509033203125e+00 0.000000000000000000e+00
7.917714843750000000e+03 1.068539237976074219e+01 0.000000000000000000e+00
7.919540527343750000e+03 8.250201225280761719e+00 0.000000000000000000e+00
7.921362792968750000e+03 7.546286582946777344e+00 0.000000000000000000e+00
7.923189453125000000e+03 9.088369369506835938e+00 0.000000000000000000e+00
7.925012207031250000e+03 9.392297744750976562e+00 0.000000000000000000e+00
7.926839355468750000e+03 8.658836364746093750e+00 0.000000000000000000e+00
7.928663085937500000e+03 8.785323143005371094e+00 0.000000000000000000e+00
7.930486816406250000e+03 8.138263702392578125e+00 0.000000000000000000e+00
7.932315917968750000e+03 7.809866905212402344e+00 0.000000000000000000e+00
7.934140625000000000e+03 9.468878746032714844e+00 0.000000000000000000e+00
7.935970214843750000e+03 9.641728401184082031e+00 0.000000000000000000e+00
7.937795898437500000e+03 8.710697174072265625e+00 0.000000000000000000e+00
7.939626464843750000e+03 8.860840797424316406e+00 0.000000000000000000e+00
7.941452636718750000e+03 8.070589065551757812e+00 0.000000000000000000e+00
7.943284179687500000e+03 8.670282363891601562e+00 0.000000000000000000e+00
7.945111328125000000e+03 8.639138221740722656e+00 0.000000000000000000e+00
7.946938964843750000e+03 8.427724838256835938e+00 0.000000000000000000e+00
7.948771972656250000e+03 8.035462379455566406e+00 0.000000000000000000e+00
7.950600585937500000e+03 7.630411148071289062e+00 0.000000000000000000e+00
7.952433593750000000e+03 8.899096488952636719e+00 0.000000000000000000e+00
7.954263183593750000e+03 8.540699005126953125e+00 0.000000000000000000e+00
7.956097656250000000e+03 8.326811790466308594e+00 0.000000000000000000e+00
7.957927734375000000e+03 8.502494812011718750e+00 0.000000000000000000e+00
7.959758300781250000e+03 8.529571533203125000e+00 0.000000000000000000e+00
7.961593750000000000e+03 8.199407577514648438e+00 0.000000000000000000e+00
7.963425292968750000e+03 7.922489643096923828e+00 0.000000000000000000e+00
7.965261718750000000e+03 8.047556877136230469e+00 0.000000000000000000e+00
7.967094238281250000e+03 1.025048160552978516e+01 0.000000000000000000e+00
7.968931640625000000e+03 9.993804931640625000e+00 0.000000000000000000e+00
7.970764648437500000e+03 8.311532974243164062e+00 0.000000000000000000e+00
7.972598144531250000e+03 8.792264938354492188e+00 0.000000000000000000e+00
7.974437011718750000e+03 8.460362434387207031e+00 0.000000000000000000e+00
7.976271484375000000e+03 8.120286941528320312e+00 0.000000000000000000e+00
7.978110839843750000e+03 8.962394714355468750e+00 0.000000000000000000e+00
7.979945800781250000e+03 8.580400466918945312e+00 0.000000000000000000e+00
7.981786132812500000e+03 7.995023727416992188e+00 0.000000000000000000e+00
7.983622558593750000e+03 8.930150985717773438e+00 0.000000000000000000e+00
7.985458984375000000e+03 8.205130577087402344e+00 0.000000000000000000e+00
7.987300292968750000e+03 8.234345436096191406e+00 0.000000000000000000e+00
7.989137695312500000e+03 8.678145408630371094e+00 0.000000000000000000e+00
7.990979980468750000e+03 8.455228805541992188e+00 0.000000000000000000e+00
7.992818359375000000e+03 8.533849716186523438e+00 0.000000000000000000e+00
7.994661621093750000e+03 9.697486877441406250e+00 0.000000000000000000e+00
7.996500488281250000e+03 9.358538627624511719e+00 0.000000000000000000e+00
7.998340332031250000e+03 7.730363368988037109e+00 0.000000000000000000e+00
8.000184570312500000e+03 7.860328197479248047e+00 0.000000000000000000e+00
8.002024902343750000e+03 8.349784851074218750e+00 0.000000000000000000e+00
8.003870605468750000e+03 8.623304367065429688e+00 0.000000000000000000e+00
8.005711425781250000e+03 9.062851905822753906e+00 0.000000000000000000e+00
8.007557617187500000e+03 8.394282341003417969e+00 0.000000000000000000e+00
8.009399902343750000e+03 7.507045745849609375e+00 0.000000000000000000e+00
8.011242675781250000e+03 7.195962905883789062e+00 0.000000000000000000e+00
8.013089843750000000e+03 8.298347473144531250e+00 0.000000000000000000e+00
8.014933105468750000e+03 9.371750831604003906e+00 0.000000000000000000e+00
8.016781250000000000e+03 8.368780136108398438e+00 0.000000000000000000e+00
8.018625488281250000e+03 6.633625030517578125e+00 0.000000000000000000e+00
8.020474609375000000e+03 8.041567802429199219e+00 0.000000000000000000e+00
8.022319824218750000e+03 8.201494216918945312e+00 0.000000000000000000e+00
8.024165527343750000e+03 8.080597877502441406e+00 0.000000000000000000e+00
8.026015625000000000e+03 8.782315254211425781e+00 0.000000000000000000e+00
8.027862304687500000e+03 9.321836471557617188e+00 0.000000000000000000e+00
8.029713378906250000e+03 8.510734558105468750e+00 0.000000000000000000e+00
8.031560546875000000e+03 7.403576850891113281e+00 0.000000000000000000e+00
8.033412597656250000e+03 7.891135692596435547e+00 0.000000000000000000e+00
8.035260742187500000e+03 7.985446929931640625e+00 0.000000000000000000e+00
8.037109375000000000e+03 7.591989040374755859e+00 0.000000000000000000e+00
8.038962402343750000e+03 8.063871383666992188e+00 0.000000000000000000e+00
8.040812011718750000e+03 8.429277420043945312e+00 0.000000000000000000e+00
8.042666015625000000e+03 8.637716293334960938e+00 0.000000000000000000e+00
8.044516113281250000e+03 8.112511634826660156e+00 0.000000000000000000e+00
8.046371093750000000e+03 7.705271720886230469e+00 0.000000000000000000e+00
8.048222167968750000e+03 7.796003818511962891e+00 0.000000000000000000e+00
8.050073730468750000e+03 8.053850173950195312e+00 0.000000000000000000e+00
8.051930175781250000e+03 8.320435523986816406e+00 0.000000000000000000e+00
8.053782714843750000e+03 8.269672393798828125e+00 0.000000000000000000e+00
8.055639648437500000e+03 7.338835716247558594e+00 0.000000000000000000e+00
8.057492675781250000e+03 7.610599040985107422e+00 0.000000000000000000e+00
8.059351074218750000e+03 8.374821662902832031e+00 0.000000000000000000e+00
8.061205078125000000e+03 7.837334156036376953e+00 0.000000000000000000e+00
8.063059570312500000e+03 7.943073749542236328e+00 0.000000000000000000e+00
8.064918945312500000e+03 8.611657142639160156e+00 0.000000000000000000e+00
8.066773925781250000e+03 8.327837944030761719e+00 0.000000000000000000e+00
8.068634277343750000e+03 7.599555492401123047e+00 0.000000000000000000e+00
8.070490234375000000e+03 7.504459381103515625e+00 0.000000000000000000e+00
8.072351562500000000e+03 8.008745193481445312e+00 0.000000000000000000e+00
8.074208496093750000e+03 7.749402046203613281e+00 0.000000000000000000e+00
8.076065917968750000e+03 8.128565788269042969e+00 0.000000000000000000e+00
8.077928222656250000e+03 7.779158592224121094e+00 0.000000000000000000e+00
8.079786621093750000e+03 7.917094230651855469e+00 0.000000000000000000e+00
8.081649902343750000e+03 8.295359611511230469e+00 0.000000000000000000e+00
8.083508789062500000e+03 7.745708942413330078e+00 0.000000000000000000e+00
8.085373046875000000e+03 7.457640171051025391e+00 0.000000000000000000e+00
8.087232910156250000e+03 7.890916347503662109e+00 0.000000000000000000e+00
8.089098144531250000e+03 8.534700393676757812e+00 0.000000000000000000e+00
8.090958984375000000e+03 8.171354293823242188e+00 0.000000000000000000e+00
8.092820312500000000e+03 7.894548892974853516e+00 0.000000000000000000e+00
8.094686523437500000e+03 8.624711990356445312e+00 0.000000000000000000e+00
8.096548339843750000e+03 7.737511157989501953e+00 0.000000000000000000e+00
8.098415527343750000e+03 7.933797836303710938e+00 0.000000000000000000e+00
8.100278808593750000e+03 7.879902839660644531e+00 0.000000000000000000e+00
8.102146484375000000e+03 7.770016193389892578e+00 0.000000000000000000e+00
8.104010253906250000e+03 8.086748123168945312e+00 0.000000000000000000e+00
8.105874511718750000e+03 8.446578025817871094e+00 0.000000000000000000e+00
8.107744140625000000e+03 8.061596870422363281e+00 0.000000000000000000e+00
8.109608886718750000e+03 8.463054656982421875e+00 0.000000000000000000e+00
8.111479003906250000e+03 8.045480728149414062e+00 0.000000000000000000e+00
8.113345214843750000e+03 7.830104827880859375e+00 0.000000000000000000e+00
8.115216308593750000e+03 8.078572273254394531e+00 0.000000000000000000e+00
8.117083007812500000e+03 7.953179359436035156e+00 0.000000000000000000e+00
8.118950195312500000e+03 7.723491191864013672e+00 0.000000000000000000e+00
8.120822753906250000e+03 8.032432556152343750e+00 0.000000000000000000e+00
8.122690917968750000e+03 7.929080486297607422e+00 0.000000000000000000e+00
8.124563964843750000e+03 7.958936691284179688e+00 0.000000000000000000e+00
8.126432617187500000e+03 7.941591739654541016e+00 0.000000000000000000e+00
8.128306640625000000e+03 7.690816402435302734e+00 0.000000000000000000e+00
8.130176757812500000e+03 8.588685989379882812e+00 0.000000000000000000e+00
8.132046875000000000e+03 8.432682991027832031e+00 0.000000000000000000e+00
8.133922363281250000e+03 8.310341835021972656e+00 0.000000000000000000e+00
8.135793457031250000e+03 8.292285919189453125e+00 0.000000000000000000e+00
8.137669433593750000e+03 8.199267387390136719e+00 0.000000000000000000e+00
8.139541503906250000e+03 8.127672195434570312e+00 0.000000000000000000e+00
8.141418457031250000e+03 8.129340171813964844e+00 0.000000000000000000e+00
8.143291503906250000e+03 8.003098487854003906e+00 0.000000000000000000e+00
8.145165039062500000e+03 8.376501083374023438e+00 0.000000000000000000e+00
8.147042968750000000e+03 8.125293731689453125e+00 0.000000000000000000e+00
8.148917480468750000e+03 7.601505756378173828e+00 0.000000000000000000e+00
8.150796386718750000e+03 7.848926544189453125e+00 0.000000000000000000e+00
8.152671386718750000e+03 7.873785495758056641e+00 0.000000000000000000e+00
8.154551269531250000e+03 8.302716255187988281e+00 0.000000000000000000e+00
8.156427246093750000e+03 7.618544101715087891e+00 0.000000000000000000e+00
8.158303710937500000e+03 7.655660629272460938e+00 0.000000000000000000e+00
8.160185058593750000e+03 8.454894065856933594e+00 0.000000000000000000e+00
8.162062500000000000e+03 8.387822151184082031e+00 0.000000000000000000e+00
8.163944335937500000e+03 7.987943172454833984e+00 0.000000000000000000e+00
8.165822753906250000e+03 7.879230499267578125e+00 0.000000000000000000e+00
8.167705566406250000e+03 7.674407958984375000e+00 0.000000000000000000e+00
8.169584472656250000e+03 7.843368053436279297e+00 0.000000000000000000e+00
8.171463867187500000e+03 8.226985931396484375e+00 0.000000000000000000e+00
8.173348144531250000e+03 8.301427841186523438e+00 0.000000000000000000e+00
8.175228515625000000e+03 8.355834007263183594e+00 0.000000000000000000e+00
8.177113769531250000e+03 7.741507053375244141e+00 0.000000000000000000e+00
8.178995117187500000e+03 8.168622016906738281e+00 0.000000000000000000e+00
8.180880859375000000e+03 8.330259323120117188e+00 0.000000000000000000e+00
8.182763183593750000e+03 8.058836936950683594e+00 0.000000000000000000e+00
8.184645507812500000e+03 8.198842048645019531e+00 0.000000000000000000e+00
8.186532714843750000e+03 7.875540256500244141e+00 0.000000000000000000e+00
8.188416015625000000e+03 8.242322921752929688e+00 0.000000000000000000e+00
8.190304199218750000e+03 8.029047966003417969e+00 0.000000000000000000e+00
8.192188476562500000e+03 8.214344024658203125e+00 0.000000000000000000e+00
8.194077148437500000e+03 8.458858489990234375e+00 0.000000000000000000e+00
8.195962890625000000e+03 7.859591007232666016e+00 0.000000000000000000e+00
8.197847656250000000e+03 8.031293869018554688e+00 0.000000000000000000e+00
8.199738281250000000e+03 8.163937568664550781e+00 0.000000000000000000e+00
8.201625000000000000e+03 8.284502029418945312e+00 0.000000000000000000e+00
8.203515625000000000e+03 8.330743789672851562e+00 0.000000000000000000e+00
8.205403320312500000e+03 8.211036682128906250e+00 0.000000000000000000e+00
8.207295898437500000e+03 8.119325637817382812e+00 0.000000000000000000e+00
8.209183593750000000e+03 8.562862396240234375e+00 0.000000000000000000e+00
8.211072265625000000e+03 9.094576835632324219e+00 0.000000000000000000e+00
8.212965820312500000e+03 8.503487586975097656e+00 0.000000000000000000e+00
8.214854492187500000e+03 7.993479728698730469e+00 0.000000000000000000e+00
8.216749023437500000e+03 8.229799270629882812e+00 0.000000000000000000e+00
8.218639648437500000e+03 8.438574790954589844e+00 0.000000000000000000e+00
8.220534179687500000e+03 7.945374965667724609e+00 0.000000000000000000e+00
8.222425781250000000e+03 8.289113044738769531e+00 0.000000000000000000e+00
8.224317382812500000e+03 7.944825172424316406e+00 0.000000000000000000e+00
8.226213867187500000e+03 8.052296638488769531e+00 0.000000000000000000e+00
8.228106445312500000e+03 8.190686225891113281e+00 0.000000000000000000e+00
8.230003906250000000e+03 7.390687465667724609e+00 0.000000000000000000e+00
8.231896484375000000e+03 7.889895439147949219e+00 0.000000000000000000e+00
8.233794921875000000e+03 8.194266319274902344e+00 0.000000000000000000e+00
8.235689453125000000e+03 7.343951702117919922e+00 0.000000000000000000e+00
8.237588867187500000e+03 7.640645027160644531e+00 0.000000000000000000e+00
8.239483398437500000e+03 8.608476638793945312e+00 0.000000000000000000e+00
8.241378906250000000e+03 8.125971794128417969e+00 0.000000000000000000e+00
8.243279296875000000e+03 7.806292533874511719e+00 0.000000000000000000e+00
8.245175781250000000e+03 8.168933868408203125e+00 0.000000000000000000e+00
8.247077148437500000e+03 8.754912376403808594e+00 0.000000000000000000e+00
8.248974609375000000e+03 8.661343574523925781e+00 0.000000000000000000e+00
8.250876953125000000e+03 8.335470199584960938e+00 0.000000000000000000e+00
8.252774414062500000e+03 8.561133384704589844e+00 0.000000000000000000e+00
8.254672851562500000e+03 8.355782508850097656e+00 0.000000000000000000e+00
8.256577148437500000e+03 8.278067588806152344e+00 0.000000000000000000e+00
8.258476562500000000e+03 8.372634887695312500e+00 0.000000000000000000e+00
8.260380859375000000e+03 8.404911994934082031e+00 0.000000000000000000e+00
8.262281250000000000e+03 8.364726066589355469e+00 0.000000000000000000e+00
8.264186523437500000e+03 8.340671539306640625e+00 0.000000000000000000e+00
8.266086914062500000e+03 8.177845954895019531e+00 0.000000000000000000e+00
8.267989257812500000e+03 8.163585662841796875e+00 0.000000000000000000e+00
8.269895507812500000e+03 8.394911766052246094e+00 0.000000000000000000e+00
8.271797851562500000e+03 8.435764312744140625e+00 0.000000000000000000e+00
8.273705078125000000e+03 8.404599189758300781e+00 0.000000000000000000e+00
8.275608398437500000e+03 8.358819007873535156e+00 0.000000000000000000e+00
8.277516601562500000e+03 7.403276920318603516e+00 0.000000000000000000e+00
8.279420898437500000e+03 7.447146892547607422e+00 0.000000000000000000e+00
8.281326171875000000e+03 8.501851081848144531e+00 0.000000000000000000e+00
8.283235351562500000e+03 8.870316505432128906e+00 0.000000000000000000e+00
8.285141601562500000e+03 8.094045639038085938e+00 0.000000000000000000e+00
8.287051757812500000e+03 7.019001007080078125e+00 0.000000000000000000e+00
8.288958007812500000e+03 6.515106201171875000e+00 0.000000000000000000e+00
8.290869140625000000e+03 9.264152526855468750e+00 0.000000000000000000e+00
8.292777343750000000e+03 9.635367393493652344e+00 0.000000000000000000e+00
8.294684570312500000e+03 8.211581230163574219e+00 0.000000000000000000e+00
8.296597656250000000e+03 7.875591754913330078e+00 0.000000000000000000e+00
8.298505859375000000e+03 9.221892356872558594e+00 0.000000000000000000e+00
8.300419921875000000e+03 9.351338386535644531e+00 0.000000000000000000e+00
8.302329101562500000e+03 8.773221969604492188e+00 0.000000000000000000e+00
8.304243164062500000e+03 8.202361106872558594e+00 0.000000000000000000e+00
8.306154296875000000e+03 8.183375358581542969e+00 0.000000000000000000e+00
8.308064453125000000e+03 8.292466163635253906e+00 0.000000000000000000e+00
8.309980468750000000e+03 8.064795494079589844e+00 0.000000000000000000e+00
8.311892578125000000e+03 8.470744132995605469e+00 0.000000000000000000e+00
8.313808593750000000e+03 8.990794181823730469e+00 0.000000000000000000e+00
8.315721679687500000e+03 8.685302734375000000e+00 0.000000000000000000e+00
8.317639648437500000e+03 8.166989326477050781e+00 0.000000000000000000e+00
8.319552734375000000e+03 8.026722908020019531e+00 0.000000000000000000e+00
8.321466796875000000e+03 8.191309928894042969e+00 0.000000000000000000e+00
8.323385742187500000e+03 8.297110557556152344e+00 0.000000000000000000e+00
8.325299804687500000e+03 7.998452663421630859e+00 0.000000000000000000e+00
8.327219726562500000e+03 8.454884529113769531e+00 0.000000000000000000e+00
8.329135742187500000e+03 8.005856513977050781e+00 0.000000000000000000e+00
8.331056640625000000e+03 7.386103630065917969e+00 0.000000000000000000e+00
8.332972656250000000e+03 8.335412979125976562e+00 0.000000000000000000e+00
8.334889648437500000e+03 8.353169441223144531e+00 0.000000000000000000e+00
8.336811523437500000e+03 8.538468360900878906e+00 0.000000000000000000e+00
8.338729492187500000e+03 9.852931976318359375e+00 0.000000000000000000e+00
8.340652343750000000e+03 8.859972953796386719e+00 0.000000000000000000e+00
8.342571289062500000e+03 7.344054698944091797e+00 0.000000000000000000e+00
8.344495117187500000e+03 9.388859748840332031e+00 0.000000000000000000e+00
8.346415039062500000e+03 1.046367835998535156e+01 0.000000000000000000e+00
8.348334960937500000e+03 7.887375831604003906e+00 0.000000000000000000e+00
8.350259765625000000e+03 7.031059265136718750e+00 0.000000000000000000e+00
8.352180664062500000e+03 8.036186218261718750e+00 0.000000000000000000e+00
8.354107421875000000e+03 9.383219718933105469e+00 0.000000000000000000e+00
8.356029296875000000e+03 9.805675506591796875e+00 0.000000000000000000e+00
8.357956054687500000e+03 8.207222938537597656e+00 0.000000000000000000e+00
8.359878906250000000e+03 8.710262298583984375e+00 0.000000000000000000e+00
8.361801757812500000e+03 8.478920936584472656e+00 0.000000000000000000e+00
8.363729492187500000e+03 8.536534309387207031e+00 0.000000000000000000e+00
8.365654296875000000e+03 8.863013267517089844e+00 0.000000000000000000e+00
8.367583007812500000e+03 8.415867805480957031e+00 0.000000000000000000e+00
8.369507812500000000e+03 9.058290481567382812e+00 0.000000000000000000e+00
8.371437500000000000e+03 8.392904281616210938e+00 0.000000000000000000e+00
8.373364257812500000e+03 8.540143966674804688e+00 0.000000000000000000e+00
8.375290039062500000e+03 8.753319740295410156e+00 0.000000000000000000e+00
8.377221679687500000e+03 8.904493331909179688e+00 0.000000000000000000e+00
8.379148437500000000e+03 9.373781204223632812e+00 0.000000000000000000e+00
8.381081054687500000e+03 8.574810028076171875e+00 0.000000000000000000e+00
8.383008789062500000e+03 9.721556663513183594e+00 0.000000000000000000e+00
8.384942382812500000e+03 9.736912727355957031e+00 0.000000000000000000e+00
8.386871093750000000e+03 8.485683441162109375e+00 0.000000000000000000e+00
8.388804687500000000e+03 7.924696445465087891e+00 0.000000000000000000e+00
8.390734375000000000e+03 8.768359184265136719e+00 0.000000000000000000e+00
8.392665039062500000e+03 8.443034172058105469e+00 0.000000000000000000e+00
8.394600585937500000e+03 8.305732727050781250e+00 0.000000000000000000e+00
8.396531250000000000e+03 8.880316734313964844e+00 0.000000000000000000e+00
8.398467773437500000e+03 7.326220512390136719e+00 0.000000000000000000e+00
8.400399414062500000e+03 7.084042549133300781e+00 0.000000000000000000e+00
8.402336914062500000e+03 1.107440853118896484e+01 0.000000000000000000e+00
8.404269531250000000e+03 8.976147651672363281e+00 0.000000000000000000e+00
8.406203125000000000e+03 8.887079238891601562e+00 0.000000000000000000e+00
8.408141601562500000e+03 9.006400108337402344e+00 0.000000000000000000e+00
8.410076171875000000e+03 8.726063728332519531e+00 0.000000000000000000e+00
8.412015625000000000e+03 8.619682312011718750e+00 0.000000000000000000e+00
8.413950195312500000e+03 9.056455612182617188e+00 0.000000000000000000e+00
8.415890625000000000e+03 9.803266525268554688e+00 0.000000000000000000e+00
8.417827148437500000e+03 9.942007064819335938e+00 0.000000000000000000e+00
8.419763671875000000e+03 9.498173713684082031e+00 0.000000000000000000e+00
8.421705078125000000e+03 9.192719459533691406e+00 0.000000000000000000e+00
8.423642578125000000e+03 9.366015434265136719e+00 0.000000000000000000e+00
8.425584960937500000e+03 9.359264373779296875e+00 0.000000000000000000e+00
8.427523437500000000e+03 8.028094291687011719e+00 0.000000000000000000e+00
8.429466796875000000e+03 7.334218502044677734e+00 0.000000000000000000e+00
8.431405273437500000e+03 1.106969547271728516e+01 0.000000000000000000e+00
8.433345703125000000e+03 1.179907703399658203e+01 0.000000000000000000e+00
8.435290039062500000e+03 9.194440841674804688e+00 0.000000000000000000e+00
8.437230468750000000e+03 9.526661872863769531e+00 0.000000000000000000e+00
8.439175781250000000e+03 9.902566909790039062e+00 0.000000000000000000e+00
8.441117187500000000e+03 9.668086051940917969e+00 0.000000000000000000e+00
8.443064453125000000e+03 9.818963050842285156e+00 0.000000000000000000e+00
8.445005859375000000e+03 9.754444122314453125e+00 0.000000000000000000e+00
8.446949218750000000e+03 9.556346893310546875e+00 0.000000000000000000e+00
8.448896484375000000e+03 9.783665657043457031e+00 0.000000000000000000e+00
8.450840820312500000e+03 9.314129829406738281e+00 0.000000000000000000e+00
8.452789062500000000e+03 8.537095069885253906e+00 0.000000000000000000e+00
8.454734375000000000e+03 1.083902072906494141e+01 0.000000000000000000e+00
8.456683593750000000e+03 1.100268554687500000e+01 0.000000000000000000e+00
8.458628906250000000e+03 9.211654663085937500e+00 0.000000000000000000e+00
8.460575195312500000e+03 1.021554946899414062e+01 0.000000000000000000e+00
8.462525390625000000e+03 1.027313327789306641e+01 0.000000000000000000e+00
8.464472656250000000e+03 8.393536567687988281e+00 0.000000000000000000e+00
8.466424804687500000e+03 1.018302631378173828e+01 0.000000000000000000e+00
8.468372070312500000e+03 1.195773315429687500e+01 0.000000000000000000e+00
8.470325195312500000e+03 1.118441104888916016e+01 0.000000000000000000e+00
8.472273437500000000e+03 1.017906856536865234e+01 0.000000000000000000e+00
8.474222656250000000e+03 1.069088745117187500e+01 0.000000000000000000e+00
8.476176757812500000e+03 1.125392055511474609e+01 0.000000000000000000e+00
8.478126953125000000e+03 1.239808368682861328e+01 0.000000000000000000e+00
8.480082031250000000e+03 1.175701427459716797e+01 0.000000000000000000e+00
8.482032226562500000e+03 1.067118167877197266e+01 0.000000000000000000e+00
8.483988281250000000e+03 1.186069011688232422e+01 0.000000000000000000e+00
8.485940429687500000e+03 1.129544925689697266e+01 0.000000000000000000e+00
8.487892578125000000e+03 1.066469383239746094e+01 0.000000000000000000e+00
8.489849609375000000e+03 1.101571369171142578e+01 0.000000000000000000e+00
8.491802734375000000e+03 1.112169265747070312e+01 0.000000000000000000e+00
8.493760742187500000e+03 1.177843570709228516e+01 0.000000000000000000e+00
8.495714843750000000e+03 1.326049327850341797e+01 0.000000000000000000e+00
8.497673828125000000e+03 1.073295211791992188e+01 0.000000000000000000e+00
8.499628906250000000e+03 1.110668563842773438e+01 0.000000000000000000e+00
8.501583984375000000e+03 1.134153938293457031e+01 0.000000000000000000e+00
8.503544921875000000e+03 1.112316989898681641e+01 0.000000000000000000e+00
8.505500976562500000e+03 1.162830162048339844e+01 0.000000000000000000e+00
8.507461914062500000e+03 1.251894569396972656e+01 0.000000000000000000e+00
8.509419921875000000e+03 1.145737075805664062e+01 0.000000000000000000e+00
8.511381835937500000e+03 1.047757816314697266e+01 0.000000000000000000e+00
8.513339843750000000e+03 1.076495933532714844e+01 0.000000000000000000e+00
8.515297851562500000e+03 1.098128795623779297e+01 0.000000000000000000e+00
8.517261718750000000e+03 1.049621200561523438e+01 0.000000000000000000e+00
8.519221679687500000e+03 1.020812320709228516e+01 0.000000000000000000e+00
8.521185546875000000e+03 1.066901874542236328e+01 0.000000000000000000e+00
8.523146484375000000e+03 1.080419158935546875e+01 0.000000000000000000e+00
8.525111328125000000e+03 1.079685688018798828e+01 0.000000000000000000e+00
8.527072265625000000e+03 1.044384098052978516e+01 0.000000000000000000e+00
8.529034179687500000e+03 1.023242092132568359e+01 0.000000000000000000e+00
8.531000976562500000e+03 1.060316753387451172e+01 0.000000000000000000e+00
8.532963867187500000e+03 1.022532272338867188e+01 0.000000000000000000e+00
8.534931640625000000e+03 1.019813251495361328e+01 0.000000000000000000e+00
8.536894531250000000e+03 9.606909751892089844e+00 0.000000000000000000e+00
8.538863281250000000e+03 9.844641685485839844e+00 0.000000000000000000e+00
8.540828125000000000e+03 1.060625743865966797e+01 0.000000000000000000e+00
8.542796875000000000e+03 1.022175502777099609e+01 0.000000000000000000e+00
8.544762695312500000e+03 9.823947906494140625e+00 0.000000000000000000e+00
8.546728515625000000e+03 9.090897560119628906e+00 0.000000000000000000e+00
8.548699218750000000e+03 9.404811859130859375e+00 0.000000000000000000e+00
8.550666015625000000e+03 1.021728801727294922e+01 0.000000000000000000e+00
8.552637695312500000e+03 1.020309257507324219e+01 0.000000000000000000e+00
8.554604492187500000e+03 9.179192543029785156e+00 0.000000000000000000e+00
8.556577148437500000e+03 9.065722465515136719e+00 0.000000000000000000e+00
8.558545898437500000e+03 9.446824073791503906e+00 0.000000000000000000e+00
8.560514648437500000e+03 9.076371192932128906e+00 0.000000000000000000e+00
8.562489257812500000e+03 9.162577629089355469e+00 0.000000000000000000e+00
8.564458984375000000e+03 9.519082069396972656e+00 0.000000000000000000e+00
8.566433593750000000e+03 8.912580490112304688e+00 0.000000000000000000e+00
8.568404296875000000e+03 8.932848930358886719e+00 0.000000000000000000e+00
8.570379882812500000e+03 9.460713386535644531e+00 0.000000000000000000e+00
8.572351562500000000e+03 8.933861732482910156e+00 0.000000000000000000e+00
8.574324218750000000e+03 8.776222229003906250e+00 0.000000000000000000e+00
8.576300781250000000e+03 9.082479476928710938e+00 0.000000000000000000e+00
8.578274414062500000e+03 8.687882423400878906e+00 0.000000000000000000e+00
8.580251953125000000e+03 9.006425857543945312e+00 0.000000000000000000e+00
8.582225585937500000e+03 8.894605636596679688e+00 0.000000000000000000e+00
8.584205078125000000e+03 8.671833038330078125e+00 0.000000000000000000e+00
8.586179687500000000e+03 8.698637962341308594e+00 0.000000000000000000e+00
8.588155273437500000e+03 8.848952293395996094e+00 0.000000000000000000e+00
8.590135742187500000e+03 8.734540939331054688e+00 0.000000000000000000e+00
8.592111328125000000e+03 8.360676765441894531e+00 0.000000000000000000e+00
8.594092773437500000e+03 8.274493217468261719e+00 0.000000000000000000e+00
8.596070312500000000e+03 8.349991798400878906e+00 0.000000000000000000e+00
8.598052734375000000e+03 8.416578292846679688e+00 0.000000000000000000e+00
8.600030273437500000e+03 8.642449378967285156e+00 0.000000000000000000e+00
8.602008789062500000e+03 8.852953910827636719e+00 0.000000000000000000e+00
8.603992187500000000e+03 7.998533725738525391e+00 0.000000000000000000e+00
8.605971679687500000e+03 8.292099952697753906e+00 0.000000000000000000e+00
8.607956054687500000e+03 8.457228660583496094e+00 0.000000000000000000e+00
8.609936523437500000e+03 8.697455406188964844e+00 0.000000000000000000e+00
8.611921875000000000e+03 8.886515617370605469e+00 0.000000000000000000e+00
8.613903320312500000e+03 8.395898818969726562e+00 0.000000000000000000e+00
8.615884765625000000e+03 8.165706634521484375e+00 0.000000000000000000e+00
8.617871093750000000e+03 8.496676445007324219e+00 0.000000000000000000e+00
8.619853515625000000e+03 8.257888793945312500e+00 0.000000000000000000e+00
8.621841796875000000e+03 8.484342575073242188e+00 0.000000000000000000e+00
8.623825195312500000e+03 9.029438972473144531e+00 0.000000000000000000e+00
8.625813476562500000e+03 8.472769737243652344e+00 0.000000000000000000e+00
8.627797851562500000e+03 7.790772914886474609e+00 0.000000000000000000e+00
8.629783203125000000e+03 9.003565788269042969e+00 0.000000000000000000e+00
8.631772460937500000e+03 8.253165245056152344e+00 0.000000000000000000e+00
8.633758789062500000e+03 7.555635929107666016e+00 0.000000000000000000e+00
8.635750000000000000e+03 8.004689216613769531e+00 0.000000000000000000e+00
8.637736328125000000e+03 7.954738616943359375e+00 0.000000000000000000e+00
8.639728515625000000e+03 7.983642101287841797e+00 0.000000000000000000e+00
8.641715820312500000e+03 8.095594406127929688e+00 0.000000000000000000e+00
8.643704101562500000e+03 8.436299324035644531e+00 0.000000000000000000e+00
8.645697265625000000e+03 8.016154289245605469e+00 0.000000000000000000e+00
8.647685546875000000e+03 7.451301574707031250e+00 0.000000000000000000e+00
8.649679687500000000e+03 8.006369590759277344e+00 0.000000000000000000e+00
8.651669921875000000e+03 7.880506038665771484e+00 0.000000000000000000e+00
8.653665039062500000e+03 7.813842296600341797e+00 0.000000000000000000e+00
8.655655273437500000e+03 8.280790328979492188e+00 0.000000000000000000e+00
8.657646484375000000e+03 8.076259613037109375e+00 0.000000000000000000e+00
8.659643554687500000e+03 7.832067489624023438e+00 0.000000000000000000e+00
8.661635742187500000e+03 8.741414070129394531e+00 0.000000000000000000e+00
8.663632812500000000e+03 8.234115600585937500e+00 0.000000000000000000e+00
8.665625976562500000e+03 8.637569427490234375e+00 0.000000000000000000e+00
8.667624023437500000e+03 8.488730430603027344e+00 0.000000000000000000e+00
8.669618164062500000e+03 7.850023269653320312e+00 0.000000000000000000e+00
8.671612304687500000e+03 7.825494289398193359e+00 0.000000000000000000e+00
8.673612304687500000e+03 8.342945098876953125e+00 0.000000000000000000e+00
8.675607421875000000e+03 7.256875038146972656e+00 0.000000000000000000e+00
8.677608398437500000e+03 7.963010311126708984e+00 0.000000000000000000e+00
8.679604492187500000e+03 7.843705177307128906e+00 0.000000000000000000e+00
8.681605468750000000e+03 7.713873386383056641e+00 0.000000000000000000e+00
8.683602539062500000e+03 8.030234336853027344e+00 0.000000000000000000e+00
8.685600585937500000e+03 7.775055408477783203e+00 0.000000000000000000e+00
8.687603515625000000e+03 7.715912818908691406e+00 0.000000000000000000e+00
8.689602539062500000e+03 7.575386524200439453e+00 0.000000000000000000e+00
8.691605468750000000e+03 7.392452239990234375e+00 0.000000000000000000e+00
8.693605468750000000e+03 7.640051841735839844e+00 0.000000000000000000e+00
8.695610351562500000e+03 8.119243621826171875e+00 0.000000000000000000e+00
8.697610351562500000e+03 7.975793361663818359e+00 0.000000000000000000e+00
8.699616210937500000e+03 7.278088092803955078e+00 0.000000000000000000e+00
8.701617187500000000e+03 8.249192237854003906e+00 0.000000000000000000e+00
8.703619140625000000e+03 7.580861091613769531e+00 0.000000000000000000e+00
8.705625976562500000e+03 7.215509414672851562e+00 0.000000000000000000e+00
8.707628906250000000e+03 7.995955944061279297e+00 0.000000000000000000e+00
8.709636718750000000e+03 7.974116802215576172e+00 0.000000000000000000e+00
8.711640625000000000e+03 7.601745128631591797e+00 0.000000000000000000e+00
8.713649414062500000e+03 7.343317508697509766e+00 0.000000000000000000e+00
8.715654296875000000e+03 7.365135669708251953e+00 0.000000000000000000e+00
8.717659179687500000e+03 7.617242813110351562e+00 0.000000000000000000e+00
8.719669921875000000e+03 7.610198974609375000e+00 0.000000000000000000e+00
8.721675781250000000e+03 7.152828693389892578e+00 0.000000000000000000e+00
8.723686523437500000e+03 7.464203834533691406e+00 0.000000000000000000e+00
8.725693359375000000e+03 8.042351722717285156e+00 0.000000000000000000e+00
8.727706054687500000e+03 7.678279876708984375e+00 0.000000000000000000e+00
8.729712890625000000e+03 7.320502281188964844e+00 0.000000000000000000e+00
8.731721679687500000e+03 7.639917850494384766e+00 0.000000000000000000e+00
8.733735351562500000e+03 7.833888530731201172e+00 0.000000000000000000e+00
8.735744140625000000e+03 7.063184261322021484e+00 0.000000000000000000e+00
8.737758789062500000e+03 7.317592620849609375e+00 0.000000000000000000e+00
8.739768554687500000e+03 8.385182380676269531e+00 0.000000000000000000e+00
8.741784179687500000e+03 8.690227508544921875e+00 0.000000000000000000e+00
8.743794921875000000e+03 8.122960090637207031e+00 0.000000000000000000e+00
8.745806640625000000e+03 7.883452415466308594e+00 0.000000000000000000e+00
8.747823242187500000e+03 7.770261287689208984e+00 0.000000000000000000e+00
8.749835937500000000e+03 7.680845260620117188e+00 0.000000000000000000e+00
8.751853515625000000e+03 7.506946563720703125e+00 0.000000000000000000e+00
8.753867187500000000e+03 7.454022407531738281e+00 0.000000000000000000e+00
8.755885742187500000e+03 7.341310977935791016e+00 0.000000000000000000e+00
8.757900390625000000e+03 7.136303424835205078e+00 0.000000000000000000e+00
8.759915039062500000e+03 8.068447113037109375e+00 0.000000000000000000e+00
8.761934570312500000e+03 8.851355552673339844e+00 0.000000000000000000e+00
8.763950195312500000e+03 7.602605819702148438e+00 0.000000000000000000e+00
8.765971679687500000e+03 5.992171287536621094e+00 0.000000000000000000e+00
8.767988281250000000e+03 5.762567043304443359e+00 0.000000000000000000e+00
8.770009765625000000e+03 6.688938617706298828e+00 0.000000000000000000e+00
8.772027343750000000e+03 7.363427162170410156e+00 0.000000000000000000e+00
8.774044921875000000e+03 7.359418392181396484e+00 0.000000000000000000e+00
8.776068359375000000e+03 7.546662807464599609e+00 0.000000000000000000e+00
8.778087890625000000e+03 7.897101402282714844e+00 0.000000000000000000e+00
8.780111328125000000e+03 7.876791477203369141e+00 0.000000000000000000e+00
8.782131835937500000e+03 6.990519523620605469e+00 0.000000000000000000e+00
8.784156250000000000e+03 5.670706272125244141e+00 0.000000000000000000e+00
8.786177734375000000e+03 7.616576194763183594e+00 0.000000000000000000e+00
8.788199218750000000e+03 7.349590301513671875e+00 0.000000000000000000e+00
8.790225585937500000e+03 6.680404663085937500e+00 0.000000000000000000e+00
8.792247070312500000e+03 7.461547374725341797e+00 0.000000000000000000e+00
8.794275390625000000e+03 7.673666477203369141e+00 0.000000000000000000e+00
8.796297851562500000e+03 6.385806560516357422e+00 0.000000000000000000e+00
8.798326171875000000e+03 7.475036621093750000e+00 0.000000000000000000e+00
8.800350585937500000e+03 7.180572032928466797e+00 0.000000000000000000e+00
8.802375000000000000e+03 6.851562023162841797e+00 0.000000000000000000e+00
8.804405273437500000e+03 7.369524955749511719e+00 0.000000000000000000e+00
8.806430664062500000e+03 7.127561569213867188e+00 0.000000000000000000e+00
8.808460937500000000e+03 6.882390499114990234e+00 0.000000000000000000e+00
8.810487304687500000e+03 7.208449840545654297e+00 0.000000000000000000e+00
8.812519531250000000e+03 7.222969055175781250e+00 0.000000000000000000e+00
8.814545898437500000e+03 7.214086055755615234e+00 0.000000000000000000e+00
8.816574218750000000e+03 7.317470073699951172e+00 0.000000000000000000e+00
8.818607421875000000e+03 7.125806808471679688e+00 0.000000000000000000e+00
8.820635742187500000e+03 6.946471691131591797e+00 0.000000000000000000e+00
8.822669921875000000e+03 7.136871814727783203e+00 0.000000000000000000e+00
8.824699218750000000e+03 5.456969261169433594e+00 0.000000000000000000e+00
8.826734375000000000e+03 4.715979576110839844e+00 0.000000000000000000e+00
8.828764648437500000e+03 7.504440307617187500e+00 0.000000000000000000e+00
8.830795898437500000e+03 1.053462696075439453e+01 0.000000000000000000e+00
8.832833007812500000e+03 5.987463951110839844e+00 0.000000000000000000e+00
8.834864257812500000e+03 5.649628162384033203e+00 0.000000000000000000e+00
8.836901367187500000e+03 5.854174137115478516e+00 0.000000000000000000e+00
8.838934570312500000e+03 7.787698745727539062e+00 0.000000000000000000e+00
8.840972656250000000e+03 9.135601043701171875e+00 0.000000000000000000e+00
8.843006835937500000e+03 6.061598777770996094e+00 0.000000000000000000e+00
8.845041015625000000e+03 7.299575805664062500e+00 0.000000000000000000e+00
8.847081054687500000e+03 7.037618637084960938e+00 0.000000000000000000e+00
8.849116210937500000e+03 6.934136390686035156e+00 0.000000000000000000e+00
8.851156250000000000e+03 7.509009838104248047e+00 0.000000000000000000e+00
8.853192382812500000e+03 8.023124694824218750e+00 0.000000000000000000e+00
8.855234375000000000e+03 7.734018325805664062e+00 0.000000000000000000e+00
8.857271484375000000e+03 6.591940879821777344e+00 0.000000000000000000e+00
8.859314453125000000e+03 7.157024383544921875e+00 0.000000000000000000e+00
8.861351562500000000e+03 6.958145141601562500e+00 0.000000000000000000e+00
8.863390625000000000e+03 7.210411071777343750e+00 0.000000000000000000e+00
8.865434570312500000e+03 7.405891895294189453e+00 0.000000000000000000e+00
8.867473632812500000e+03 6.383032798767089844e+00 0.000000000000000000e+00
8.869518554687500000e+03 9.220440864562988281e+00 0.000000000000000000e+00
8.871559570312500000e+03 8.005323410034179688e+00 0.000000000000000000e+00
8.873604492187500000e+03 7.140422344207763672e+00 0.000000000000000000e+00
8.875646484375000000e+03 7.319913864135742188e+00 0.000000000000000000e+00
8.877688476562500000e+03 7.504806518554687500e+00 0.000000000000000000e+00
8.879735351562500000e+03 7.614980220794677734e+00 0.000000000000000000e+00
8.881778320312500000e+03 7.294960498809814453e+00 0.000000000000000000e+00
8.883826171875000000e+03 6.166397094726562500e+00 0.000000000000000000e+00
8.885870117187500000e+03 6.046670913696289062e+00 0.000000000000000000e+00
8.887918945312500000e+03 8.506918907165527344e+00 0.000000000000000000e+00
8.889963867187500000e+03 9.561082839965820312e+00 0.000000000000000000e+00
8.892008789062500000e+03 5.703294754028320312e+00 0.000000000000000000e+00
8.894059570312500000e+03 6.836867809295654297e+00 0.000000000000000000e+00
8.896105468750000000e+03 7.211874961853027344e+00 0.000000000000000000e+00
8.898156250000000000e+03 7.607941150665283203e+00 0.000000000000000000e+00
8.900204101562500000e+03 7.416029453277587891e+00 0.000000000000000000e+00
8.902255859375000000e+03 7.170487403869628906e+00 0.000000000000000000e+00
8.904303710937500000e+03 8.127134323120117188e+00 0.000000000000000000e+00
8.906352539062500000e+03 7.376238822937011719e+00 0.000000000000000000e+00
8.908406250000000000e+03 6.541213512420654297e+00 0.000000000000000000e+00
8.910456054687500000e+03 6.615840435028076172e+00 0.000000000000000000e+00
8.912510742187500000e+03 7.352002620697021484e+00 0.000000000000000000e+00
8.914560546875000000e+03 7.630279541015625000e+00 0.000000000000000000e+00
8.916616210937500000e+03 6.980198860168457031e+00 0.000000000000000000e+00
8.918667968750000000e+03 7.720847606658935547e+00 0.000000000000000000e+00
8.920719726562500000e+03 1.060624027252197266e+01 0.000000000000000000e+00
8.922776367187500000e+03 8.135667800903320312e+00 0.000000000000000000e+00
8.924829101562500000e+03 5.544314861297607422e+00 0.000000000000000000e+00
8.926886718750000000e+03 6.428553581237792969e+00 0.000000000000000000e+00
8.928940429687500000e+03 7.111949443817138672e+00 0.000000000000000000e+00
8.931000000000000000e+03 7.211800575256347656e+00 0.000000000000000000e+00
8.933054687500000000e+03 7.288907051086425781e+00 0.000000000000000000e+00
8.935109375000000000e+03 7.256145000457763672e+00 0.000000000000000000e+00
8.937169921875000000e+03 7.272557258605957031e+00 0.000000000000000000e+00
8.939225585937500000e+03 7.420406341552734375e+00 0.000000000000000000e+00
8.941287109375000000e+03 7.517125129699707031e+00 0.000000000000000000e+00
8.943343750000000000e+03 7.537368774414062500e+00 0.000000000000000000e+00
8.945406250000000000e+03 8.145912170410156250e+00 0.000000000000000000e+00
8.947463867187500000e+03 7.224774837493896484e+00 0.000000000000000000e+00
8.949522460937500000e+03 6.793103694915771484e+00 0.000000000000000000e+00
8.951585937500000000e+03 7.553419589996337891e+00 0.000000000000000000e+00
8.953645507812500000e+03 7.436043262481689453e+00 0.000000000000000000e+00
8.955709960937500000e+03 6.874066829681396484e+00 0.000000000000000000e+00
8.957770507812500000e+03 6.829270839691162109e+00 0.000000000000000000e+00
8.959835937500000000e+03 8.498138427734375000e+00 0.000000000000000000e+00
8.961897460937500000e+03 8.240359306335449219e+00 0.000000000000000000e+00
8.963958984375000000e+03 6.663654327392578125e+00 0.000000000000000000e+00
8.966026367187500000e+03 7.669582843780517578e+00 0.000000000000000000e+00
8.968088867187500000e+03 6.671372890472412109e+00 0.000000000000000000e+00
8.970157226562500000e+03 6.945378303527832031e+00 0.000000000000000000e+00
8.972220703125000000e+03 7.267026901245117188e+00 0.000000000000000000e+00
8.974289062500000000e+03 7.347769260406494141e+00 0.000000000000000000e+00
8.976353515625000000e+03 7.167684555053710938e+00 0.000000000000000000e+00
8.978418945312500000e+03 6.904780864715576172e+00 0.000000000000000000e+00
8.980489257812500000e+03 8.122085571289062500e+00 0.000000000000000000e+00
8.982555664062500000e+03 7.454626560211181641e+00 0.000000000000000000e+00
8.984626953125000000e+03 6.965401649475097656e+00 0.000000000000000000e+00
8.986693359375000000e+03 6.872860908508300781e+00 0.000000000000000000e+00
8.988765625000000000e+03 7.470849037170410156e+00 0.000000000000000000e+00
8.990833984375000000e+03 8.681327819824218750e+00 0.000000000000000000e+00
8.992902343750000000e+03 6.830720901489257812e+00 0.000000000000000000e+00
8.994975585937500000e+03 7.074869632720947266e+00 0.000000000000000000e+00
8.997044921875000000e+03 8.006513595581054688e+00 0.000000000000000000e+00
8.999120117187500000e+03 7.527265548706054688e+00 0.000000000000000000e+00
9.001190429687500000e+03 5.618873119354248047e+00 0.000000000000000000e+00
9.003265625000000000e+03 5.206228256225585938e+00 0.000000000000000000e+00
9.005336914062500000e+03 9.451899528503417969e+00 0.000000000000000000e+00
9.007408203125000000e+03 8.136841773986816406e+00 0.000000000000000000e+00
9.009485351562500000e+03 7.058441638946533203e+00 0.000000000000000000e+00
9.011558593750000000e+03 7.026204586029052734e+00 0.000000000000000000e+00
9.013635742187500000e+03 6.912859439849853516e+00 0.000000000000000000e+00
9.015709960937500000e+03 7.013296604156494141e+00 0.000000000000000000e+00
9.017789062500000000e+03 6.405157566070556641e+00 0.000000000000000000e+00
9.019863281250000000e+03 6.762991428375244141e+00 0.000000000000000000e+00
9.021943359375000000e+03 7.210462570190429688e+00 0.000000000000000000e+00
9.024018554687500000e+03 6.988664627075195312e+00 0.000000000000000000e+00
9.026094726562500000e+03 6.565100669860839844e+00 0.000000000000000000e+00
9.028175781250000000e+03 6.819962024688720703e+00 0.000000000000000000e+00
9.030252929687500000e+03 7.108583450317382812e+00 0.000000000000000000e+00
9.032334960937500000e+03 7.620121002197265625e+00 0.000000000000000000e+00
9.034413085937500000e+03 7.193918704986572266e+00 0.000000000000000000e+00
9.036497070312500000e+03 6.875156879425048828e+00 0.000000000000000000e+00
9.038575195312500000e+03 7.450874805450439453e+00 0.000000000000000000e+00
9.040654296875000000e+03 7.930424213409423828e+00 0.000000000000000000e+00
9.042739257812500000e+03 7.134584426879882812e+00 0.000000000000000000e+00
9.044819335937500000e+03 6.649216651916503906e+00 0.000000000000000000e+00
9.046905273437500000e+03 6.503719329833984375e+00 0.000000000000000000e+00
9.048986328125000000e+03 6.808340072631835938e+00 0.000000000000000000e+00
9.051073242187500000e+03 7.368240833282470703e+00 0.000000000000000000e+00
9.053155273437500000e+03 7.528005599975585938e+00 0.000000000000000000e+00
9.055238281250000000e+03 7.113716602325439453e+00 0.000000000000000000e+00
9.057326171875000000e+03 6.783226490020751953e+00 0.000000000000000000e+00
9.059410156250000000e+03 7.001547813415527344e+00 0.000000000000000000e+00
9.061499023437500000e+03 6.826511383056640625e+00 0.000000000000000000e+00
9.063583984375000000e+03 6.598991394042968750e+00 0.000000000000000000e+00
9.065673828125000000e+03 7.266291618347167969e+00 0.000000000000000000e+00
9.067758789062500000e+03 6.529026985168457031e+00 0.000000000000000000e+00
9.069845703125000000e+03 7.174464225769042969e+00 0.000000000000000000e+00
9.071936523437500000e+03 7.245609760284423828e+00 0.000000000000000000e+00
9.074023437500000000e+03 6.775285720825195312e+00 0.000000000000000000e+00
9.076116210937500000e+03 6.622507095336914062e+00 0.000000000000000000e+00
9.078204101562500000e+03 6.768697261810302734e+00 0.000000000000000000e+00
9.080297851562500000e+03 6.730650901794433594e+00 0.000000000000000000e+00
9.082386718750000000e+03 7.214299201965332031e+00 0.000000000000000000e+00
9.084475585937500000e+03 7.020662307739257812e+00 0.000000000000000000e+00
9.086570312500000000e+03 6.695379257202148438e+00 0.000000000000000000e+00
9.088661132812500000e+03 6.801717281341552734e+00 0.000000000000000000e+00
9.090756835937500000e+03 6.865901470184326172e+00 0.000000000000000000e+00
9.092848632812500000e+03 6.687502861022949219e+00 0.000000000000000000e+00
9.094945312500000000e+03 6.805579662322998047e+00 0.000000000000000000e+00
9.097037109375000000e+03 7.136274337768554688e+00 0.000000000000000000e+00
9.099129882812500000e+03 6.980175971984863281e+00 0.000000000000000000e+00
9.101228515625000000e+03 6.276606559753417969e+00 0.000000000000000000e+00
9.103322265625000000e+03 6.089956283569335938e+00 0.000000000000000000e+00
9.105420898437500000e+03 7.235651493072509766e+00 0.000000000000000000e+00
9.107515625000000000e+03 6.852221488952636719e+00 0.000000000000000000e+00
9.109616210937500000e+03 6.259186744689941406e+00 0.000000000000000000e+00
9.111711914062500000e+03 6.375398635864257812e+00 0.000000000000000000e+00
9.113807617187500000e+03 6.781694889068603516e+00 0.000000000000000000e+00
9.115909179687500000e+03 6.768963813781738281e+00 0.000000000000000000e+00
9.118006835937500000e+03 6.910798072814941406e+00 0.000000000000000000e+00
9.120109375000000000e+03 6.570958614349365234e+00 0.000000000000000000e+00
9.122207031250000000e+03 6.508729457855224609e+00 0.000000000000000000e+00
9.124310546875000000e+03 6.508535861968994141e+00 0.000000000000000000e+00
9.126410156250000000e+03 6.621881008148193359e+00 0.000000000000000000e+00
9.128509765625000000e+03 7.053714275360107422e+00 0.000000000000000000e+00
9.130614257812500000e+03 6.357591629028320312e+00 0.000000000000000000e+00
9.132714843750000000e+03 6.778698444366455078e+00 0.000000000000000000e+00
9.134821289062500000e+03 6.335610389709472656e+00 0.000000000000000000e+00
9.136921875000000000e+03 6.189608573913574219e+00 0.000000000000000000e+00
9.139029296875000000e+03 6.695637226104736328e+00 0.000000000000000000e+00
9.141131835937500000e+03 6.315562248229980469e+00 0.000000000000000000e+00
9.143234375000000000e+03 6.545929431915283203e+00 0.000000000000000000e+00
9.145342773437500000e+03 6.721774101257324219e+00 0.000000000000000000e+00
9.147447265625000000e+03 6.925050735473632812e+00 0.000000000000000000e+00
9.149556640625000000e+03 6.632356166839599609e+00 0.000000000000000000e+00
9.151661132812500000e+03 6.442726135253906250e+00 0.000000000000000000e+00
9.153771484375000000e+03 7.201202869415283203e+00 0.000000000000000000e+00
9.155876953125000000e+03 6.461541652679443359e+00 0.000000000000000000e+00
9.157983398437500000e+03 6.756039142608642578e+00 0.000000000000000000e+00
9.160095703125000000e+03 6.235533714294433594e+00 0.000000000000000000e+00
9.162203125000000000e+03 5.976247310638427734e+00 0.000000000000000000e+00
9.164315429687500000e+03 6.528658390045166016e+00 0.000000000000000000e+00
9.166423828125000000e+03 6.436278343200683594e+00 0.000000000000000000e+00
9.168537109375000000e+03 6.202590465545654297e+00 0.000000000000000000e+00
9.170646484375000000e+03 6.038037300109863281e+00 0.000000000000000000e+00
9.172761718750000000e+03 6.343962669372558594e+00 0.000000000000000000e+00
9.174871093750000000e+03 6.537994384765625000e+00 0.000000000000000000e+00
9.176982421875000000e+03 6.375794410705566406e+00 0.000000000000000000e+00
9.179098632812500000e+03 6.356406688690185547e+00 0.000000000000000000e+00
9.181209960937500000e+03 6.385847568511962891e+00 0.000000000000000000e+00
9.183327148437500000e+03 6.220595359802246094e+00 0.000000000000000000e+00
9.185439453125000000e+03 5.998244762420654297e+00 0.000000000000000000e+00
9.187557617187500000e+03 6.052805423736572266e+00 0.000000000000000000e+00
9.189671875000000000e+03 6.259346485137939453e+00 0.000000000000000000e+00
9.191785156250000000e+03 6.205466270446777344e+00 0.000000000000000000e+00
9.193905273437500000e+03 6.309171199798583984e+00 0.000000000000000000e+00
9.196020507812500000e+03 6.603941440582275391e+00 0.000000000000000000e+00
9.198140625000000000e+03 6.106715202331542969e+00 0.000000000000000000e+00
9.200256835937500000e+03 5.806687355041503906e+00 0.000000000000000000e+00
9.202378906250000000e+03 6.303503990173339844e+00 0.000000000000000000e+00
9.204495117187500000e+03 6.645134925842285156e+00 0.000000000000000000e+00
9.206613281250000000e+03 6.349346160888671875e+00 0.000000000000000000e+00
9.208736328125000000e+03 6.098553657531738281e+00 0.000000000000000000e+00
9.210854492187500000e+03 6.360036849975585938e+00 0.000000000000000000e+00
9.212978515625000000e+03 6.414046287536621094e+00 0.000000000000000000e+00
9.215097656250000000e+03 6.116455078125000000e+00 0.000000000000000000e+00
9.217222656250000000e+03 6.173921585083007812e+00 0.000000000000000000e+00
9.219342773437500000e+03 6.221066951751708984e+00 0.000000000000000000e+00
9.221463867187500000e+03 6.853461265563964844e+00 0.000000000000000000e+00
9.223590820312500000e+03 6.624416828155517578e+00 0.000000000000000000e+00
9.225712890625000000e+03 6.453759193420410156e+00 0.000000000000000000e+00
9.227839843750000000e+03 7.002956867218017578e+00 0.000000000000000000e+00
9.229962890625000000e+03 7.225608825683593750e+00 0.000000000000000000e+00
9.232090820312500000e+03 6.737531661987304688e+00 0.000000000000000000e+00
9.234214843750000000e+03 6.322252750396728516e+00 0.000000000000000000e+00
9.236338867187500000e+03 6.415961265563964844e+00 0.000000000000000000e+00
9.238468750000000000e+03 6.394709587097167969e+00 0.000000000000000000e+00
9.240594726562500000e+03 6.220944881439208984e+00 0.000000000000000000e+00
9.242725585937500000e+03 6.464306831359863281e+00 0.000000000000000000e+00
9.244851562500000000e+03 6.199053764343261719e+00 0.000000000000000000e+00
9.246983398437500000e+03 6.218906402587890625e+00 0.000000000000000000e+00
9.249110351562500000e+03 6.318812847137451172e+00 0.000000000000000000e+00
9.251238281250000000e+03 6.349988937377929688e+00 0.000000000000000000e+00
9.253372070312500000e+03 6.506215095520019531e+00 0.000000000000000000e+00
9.255500976562500000e+03 6.786247730255126953e+00 0.000000000000000000e+00
9.257634765625000000e+03 6.271694660186767578e+00 0.000000000000000000e+00
9.259764648437500000e+03 5.956371784210205078e+00 0.000000000000000000e+00
9.261899414062500000e+03 6.179305553436279297e+00 0.000000000000000000e+00
9.264030273437500000e+03 6.460197448730468750e+00 0.000000000000000000e+00
9.266162109375000000e+03 6.339320659637451172e+00 0.000000000000000000e+00
9.268298828125000000e+03 5.967496871948242188e+00 0.000000000000000000e+00
9.270430664062500000e+03 6.048262119293212891e+00 0.000000000000000000e+00
9.272568359375000000e+03 6.554651737213134766e+00 0.000000000000000000e+00
9.274701171875000000e+03 6.364958286285400391e+00 0.000000000000000000e+00
9.276839843750000000e+03 6.117146015167236328e+00 0.000000000000000000e+00
9.278974609375000000e+03 6.241624832153320312e+00 0.000000000000000000e+00
9.281109375000000000e+03 6.186111927032470703e+00 0.000000000000000000e+00
9.283249023437500000e+03 6.367749691009521484e+00 0.000000000000000000e+00
9.285384765625000000e+03 6.133529663085937500e+00 0.000000000000000000e+00
9.287526367187500000e+03 5.952042579650878906e+00 0.000000000000000000e+00
9.289662109375000000e+03 6.069168567657470703e+00 0.000000000000000000e+00
9.291804687500000000e+03 6.166763305664062500e+00 0.000000000000000000e+00
9.293942382812500000e+03 5.941084861755371094e+00 0.000000000000000000e+00
9.296080078125000000e+03 6.039347648620605469e+00 0.000000000000000000e+00
9.298223632812500000e+03 5.658092021942138672e+00 0.000000000000000000e+00
9.300363281250000000e+03 6.150018215179443359e+00 0.000000000000000000e+00
9.302507812500000000e+03 6.660508155822753906e+00 0.000000000000000000e+00
9.304647460937500000e+03 6.109929084777832031e+00 0.000000000000000000e+00
9.306792968750000000e+03 6.275311946868896484e+00 0.000000000000000000e+00
9.308934570312500000e+03 1.088792610168457031e+01 0.000000000000000000e+00
9.311076171875000000e+03 8.458458900451660156e+00 0.000000000000000000e+00
9.313222656250000000e+03 5.472424507141113281e+00 0.000000000000000000e+00
9.315365234375000000e+03 8.489917755126953125e+00 0.000000000000000000e+00
9.317513671875000000e+03 1.148238372802734375e+01 0.000000000000000000e+00
9.319657226562500000e+03 5.204723834991455078e+00 0.000000000000000000e+00
9.321805664062500000e+03 5.179793357849121094e+00 0.000000000000000000e+00
9.323950195312500000e+03 5.716887474060058594e+00 0.000000000000000000e+00
9.326095703125000000e+03 8.992320060729980469e+00 0.000000000000000000e+00
9.328246093750000000e+03 7.888986587524414062e+00 0.000000000000000000e+00
9.330391601562500000e+03 3.672201395034790039e+00 0.000000000000000000e+00
9.332543945312500000e+03 6.607915401458740234e+00 0.000000000000000000e+00
9.334690429687500000e+03 5.901937484741210938e+00 0.000000000000000000e+00
9.336842773437500000e+03 5.275718688964843750e+00 0.000000000000000000e+00
9.338991210937500000e+03 6.519855976104736328e+00 0.000000000000000000e+00
9.341144531250000000e+03 7.387314796447753906e+00 0.000000000000000000e+00
9.343293945312500000e+03 6.479952812194824219e+00 0.000000000000000000e+00
9.345443359375000000e+03 5.250396728515625000e+00 0.000000000000000000e+00
9.347597656250000000e+03 4.794817447662353516e+00 0.000000000000000000e+00
9.349748046875000000e+03 6.068504810333251953e+00 0.000000000000000000e+00
9.351904296875000000e+03 6.969282150268554688e+00 0.000000000000000000e+00
9.354055664062500000e+03 6.488604068756103516e+00 0.000000000000000000e+00
9.356212890625000000e+03 5.596175193786621094e+00 0.000000000000000000e+00
9.358365234375000000e+03 5.828958034515380859e+00 0.000000000000000000e+00
9.360518554687500000e+03 6.322988510131835938e+00 0.000000000000000000e+00
9.362676757812500000e+03 6.115141391754150391e+00 0.000000000000000000e+00
9.364830078125000000e+03 6.312404632568359375e+00 0.000000000000000000e+00
9.366990234375000000e+03 6.052772045135498047e+00 0.000000000000000000e+00
9.369144531250000000e+03 5.830361843109130859e+00 0.000000000000000000e+00
9.371305664062500000e+03 6.661188602447509766e+00 0.000000000000000000e+00
9.373460937500000000e+03 3.732645988464355469e+00 0.000000000000000000e+00
9.375617187500000000e+03 3.956754446029663086e+00 0.000000000000000000e+00
9.377779296875000000e+03 1.276004028320312500e+01 0.000000000000000000e+00
9.379936523437500000e+03 1.166835880279541016e+01 0.000000000000000000e+00
9.382099609375000000e+03 8.668332695960998535e-01 0.000000000000000000e+00
9.384257812500000000e+03 4.028553962707519531e+00 0.000000000000000000e+00
9.386421875000000000e+03 6.511274814605712891e+00 0.000000000000000000e+00
9.388582031250000000e+03 7.095051288604736328e+00 0.000000000000000000e+00
9.390741210937500000e+03 6.238171100616455078e+00 0.000000000000000000e+00
9.392907226562500000e+03 5.765129089355468750e+00 0.000000000000000000e+00
9.395067382812500000e+03 6.069653034210205078e+00 0.000000000000000000e+00
9.397234375000000000e+03 5.924831867218017578e+00 0.000000000000000000e+00
9.399396484375000000e+03 6.347507953643798828e+00 0.000000000000000000e+00
9.401563476562500000e+03 5.579297542572021484e+00 0.000000000000000000e+00
9.403726562500000000e+03 6.522383689880371094e+00 0.000000000000000000e+00
9.405889648437500000e+03 6.871981620788574219e+00 0.000000000000000000e+00
9.408058593750000000e+03 5.761995792388916016e+00 0.000000000000000000e+00
9.410222656250000000e+03 6.274167060852050781e+00 0.000000000000000000e+00
9.412392578125000000e+03 6.627765178680419922e+00 0.000000000000000000e+00
9.414558593750000000e+03 6.640543460845947266e+00 0.000000000000000000e+00
9.416729492187500000e+03 6.013860225677490234e+00 0.000000000000000000e+00
9.418895507812500000e+03 5.675491809844970703e+00 0.000000000000000000e+00
9.421062500000000000e+03 6.957610130310058594e+00 0.000000000000000000e+00
9.423234375000000000e+03 8.692833900451660156e+00 0.000000000000000000e+00
9.425402343750000000e+03 5.376887321472167969e+00 0.000000000000000000e+00
9.427576171875000000e+03 5.355661869049072266e+00 0.000000000000000000e+00
9.429745117187500000e+03 6.376257896423339844e+00 0.000000000000000000e+00
9.431918945312500000e+03 6.671132564544677734e+00 0.000000000000000000e+00
9.434088867187500000e+03 6.560980319976806641e+00 0.000000000000000000e+00
9.436259765625000000e+03 6.301763057708740234e+00 0.000000000000000000e+00
9.438435546875000000e+03 5.053402900695800781e+00 0.000000000000000000e+00
9.440606445312500000e+03 7.533299446105957031e+00 0.000000000000000000e+00
9.442783203125000000e+03 8.268368721008300781e+00 0.000000000000000000e+00
9.444956054687500000e+03 6.101336479187011719e+00 0.000000000000000000e+00
9.447133789062500000e+03 4.316589832305908203e+00 0.000000000000000000e+00
9.449307617187500000e+03 5.483646392822265625e+00 0.000000000000000000e+00
9.451481445312500000e+03 6.212925434112548828e+00 0.000000000000000000e+00
9.453660156250000000e+03 6.128902912139892578e+00 0.000000000000000000e+00
9.455834960937500000e+03 5.774817943572998047e+00 0.000000000000000000e+00
9.458015625000000000e+03 7.814341545104980469e+00 0.000000000000000000e+00
9.460191406250000000e+03 1.027315521240234375e+01 0.000000000000000000e+00
9.462373046875000000e+03 7.440039157867431641e+00 0.000000000000000000e+00
9.464549804687500000e+03 4.144339561462402344e+00 0.000000000000000000e+00
9.466727539062500000e+03 6.101929187774658203e+00 0.000000000000000000e+00
9.468910156250000000e+03 6.357054710388183594e+00 0.000000000000000000e+00
9.471088867187500000e+03 6.074800014495849609e+00 0.000000000000000000e+00
9.473272460937500000e+03 6.294255256652832031e+00 0.000000000000000000e+00
9.475452148437500000e+03 5.749503612518310547e+00 0.000000000000000000e+00
9.477636718750000000e+03 1.316405773162841797e+01 0.000000000000000000e+00
9.479817382812500000e+03 8.422578811645507812e+00 0.000000000000000000e+00
9.481998046875000000e+03 3.185416698455810547e+00 0.000000000000000000e+00
9.484184570312500000e+03 3.889822721481323242e+00 0.000000000000000000e+00
9.486366210937500000e+03 6.637701511383056641e+00 0.000000000000000000e+00
9.488553710937500000e+03 6.041306495666503906e+00 0.000000000000000000e+00
9.490736328125000000e+03 6.027336597442626953e+00 0.000000000000000000e+00
9.492925781250000000e+03 6.539423465728759766e+00 0.000000000000000000e+00
9.495109375000000000e+03 5.892306804656982422e+00 0.000000000000000000e+00
9.497293945312500000e+03 6.300801753997802734e+00 0.000000000000000000e+00
9.499483398437500000e+03 6.617845535278320312e+00 0.000000000000000000e+00
9.501668945312500000e+03 4.013997077941894531e+00 0.000000000000000000e+00
9.503860351562500000e+03 8.491049766540527344e+00 0.000000000000000000e+00
9.506045898437500000e+03 9.382356643676757812e+00 0.000000000000000000e+00
9.508238281250000000e+03 6.026925086975097656e+00 0.000000000000000000e+00
9.510425781250000000e+03 4.594813823699951172e+00 0.000000000000000000e+00
9.512619140625000000e+03 6.493957042694091797e+00 0.000000000000000000e+00
9.514807617187500000e+03 6.268489360809326172e+00 0.000000000000000000e+00
9.516996093750000000e+03 4.785989284515380859e+00 0.000000000000000000e+00
9.519190429687500000e+03 7.717565059661865234e+00 0.000000000000000000e+00
9.521380859375000000e+03 8.298342704772949219e+00 0.000000000000000000e+00
9.523576171875000000e+03 5.547015190124511719e+00 0.000000000000000000e+00
9.525766601562500000e+03 4.335369110107421875e+00 0.000000000000000000e+00
9.527963867187500000e+03 7.057827472686767578e+00 0.000000000000000000e+00
9.530155273437500000e+03 5.274319171905517578e+00 0.000000000000000000e+00
9.532347656250000000e+03 6.322471618652343750e+00 0.000000000000000000e+00
9.534545898437500000e+03 6.715649604797363281e+00 0.000000000000000000e+00
9.536739257812500000e+03 6.780632495880126953e+00 0.000000000000000000e+00
9.538938476562500000e+03 6.968597412109375000e+00 0.000000000000000000e+00
9.541132812500000000e+03 5.552980899810791016e+00 0.000000000000000000e+00
9.543333007812500000e+03 6.139724254608154297e+00 0.000000000000000000e+00
9.545528320312500000e+03 5.884550094604492188e+00 0.000000000000000000e+00
9.547724609375000000e+03 6.197140216827392578e+00 0.000000000000000000e+00
9.549926757812500000e+03 6.280398368835449219e+00 0.000000000000000000e+00
9.552123046875000000e+03 6.106554985046386719e+00 0.000000000000000000e+00
9.554326171875000000e+03 7.240896224975585938e+00 0.000000000000000000e+00
9.556523437500000000e+03 6.795240402221679688e+00 0.000000000000000000e+00
9.558727539062500000e+03 5.519557476043701172e+00 0.000000000000000000e+00
9.560926757812500000e+03 5.836679935455322266e+00 0.000000000000000000e+00
9.563125976562500000e+03 6.483138561248779297e+00 0.000000000000000000e+00
9.565331054687500000e+03 5.469565391540527344e+00 0.000000000000000000e+00
9.567532226562500000e+03 5.043379783630371094e+00 0.000000000000000000e+00
9.569738281250000000e+03 1.140341377258300781e+01 0.000000000000000000e+00
9.571939453125000000e+03 6.965449333190917969e+00 0.000000000000000000e+00
9.574146484375000000e+03 4.562097072601318359e+00 0.000000000000000000e+00
9.576349609375000000e+03 5.919243335723876953e+00 0.000000000000000000e+00
9.578552734375000000e+03 6.519716262817382812e+00 0.000000000000000000e+00
9.580760742187500000e+03 6.399041175842285156e+00 0.000000000000000000e+00
9.582964843750000000e+03 5.899178028106689453e+00 0.000000000000000000e+00
9.585174804687500000e+03 6.153985500335693359e+00 0.000000000000000000e+00
9.587379882812500000e+03 6.180868148803710938e+00 0.000000000000000000e+00
9.589590820312500000e+03 6.043586730957031250e+00 0.000000000000000000e+00
9.591796875000000000e+03 6.372042179107666016e+00 0.000000000000000000e+00
9.594003906250000000e+03 6.946026802062988281e+00 0.000000000000000000e+00
9.596215820312500000e+03 6.445081233978271484e+00 0.000000000000000000e+00
9.598423828125000000e+03 7.208665370941162109e+00 0.000000000000000000e+00
9.600636718750000000e+03 6.569251060485839844e+00 0.000000000000000000e+00
9.602845703125000000e+03 6.146667003631591797e+00 0.000000000000000000e+00
9.605059570312500000e+03 6.785367965698242188e+00 0.000000000000000000e+00
9.607269531250000000e+03 6.273875713348388672e+00 0.000000000000000000e+00
9.609479492187500000e+03 6.992498397827148438e+00 0.000000000000000000e+00
9.611695312500000000e+03 6.117680072784423828e+00 0.000000000000000000e+00
9.613906250000000000e+03 5.885722160339355469e+00 0.000000000000000000e+00
9.616124023437500000e+03 6.392115592956542969e+00 0.000000000000000000e+00
9.618335937500000000e+03 6.639391422271728516e+00 0.000000000000000000e+00
9.620553710937500000e+03 7.091809749603271484e+00 0.000000000000000000e+00
9.622766601562500000e+03 8.911925315856933594e+00 0.000000000000000000e+00
9.624980468750000000e+03 7.090391159057617188e+00 0.000000000000000000e+00
9.627200195312500000e+03 5.923980712890625000e+00 0.000000000000000000e+00
9.629415039062500000e+03 6.394104480743408203e+00 0.000000000000000000e+00
9.631635742187500000e+03 6.728817939758300781e+00 0.000000000000000000e+00
9.633851562500000000e+03 6.235780715942382812e+00 0.000000000000000000e+00
9.636072265625000000e+03 6.411430835723876953e+00 0.000000000000000000e+00
9.638289062500000000e+03 6.213984966278076172e+00 0.000000000000000000e+00
9.640506835937500000e+03 6.158698558807373047e+00 0.000000000000000000e+00
9.642729492187500000e+03 6.168755531311035156e+00 0.000000000000000000e+00
9.644948242187500000e+03 6.288274765014648438e+00 0.000000000000000000e+00
9.647171875000000000e+03 6.830372810363769531e+00 0.000000000000000000e+00
9.649391601562500000e+03 6.502626419067382812e+00 0.000000000000000000e+00
9.651617187500000000e+03 5.963434696197509766e+00 0.000000000000000000e+00
9.653836914062500000e+03 5.740079402923583984e+00 0.000000000000000000e+00
9.656057617187500000e+03 5.941984653472900391e+00 0.000000000000000000e+00
9.658284179687500000e+03 6.348995685577392578e+00 0.000000000000000000e+00
9.660506835937500000e+03 6.503597736358642578e+00 0.000000000000000000e+00
9.662734375000000000e+03 6.078301906585693359e+00 0.000000000000000000e+00
9.664957031250000000e+03 6.207039356231689453e+00 0.000000000000000000e+00
9.667185546875000000e+03 6.248402595520019531e+00 0.000000000000000000e+00
9.669410156250000000e+03 6.904800415039062500e+00 0.000000000000000000e+00
9.671633789062500000e+03 7.191644191741943359e+00 0.000000000000000000e+00
9.673864257812500000e+03 5.356415748596191406e+00 0.000000000000000000e+00
9.676089843750000000e+03 6.734263420104980469e+00 0.000000000000000000e+00
9.678321289062500000e+03 5.514719963073730469e+00 0.000000000000000000e+00
9.680547851562500000e+03 6.978595733642578125e+00 0.000000000000000000e+00
9.682780273437500000e+03 7.353497505187988281e+00 0.000000000000000000e+00
9.685007812500000000e+03 4.693958759307861328e+00 0.000000000000000000e+00
9.687241210937500000e+03 5.081599712371826172e+00 0.000000000000000000e+00
9.689469726562500000e+03 5.688535690307617188e+00 0.000000000000000000e+00
9.691698242187500000e+03 6.676419734954833984e+00 0.000000000000000000e+00
9.693933593750000000e+03 6.266908168792724609e+00 0.000000000000000000e+00
9.696163085937500000e+03 5.821120738983154297e+00 0.000000000000000000e+00
9.698399414062500000e+03 6.903602123260498047e+00 0.000000000000000000e+00
9.700629882812500000e+03 8.133448600769042969e+00 0.000000000000000000e+00
9.702867187500000000e+03 6.919687747955322266e+00 0.000000000000000000e+00
9.705099609375000000e+03 5.137681007385253906e+00 0.000000000000000000e+00
9.707332031250000000e+03 5.637928485870361328e+00 0.000000000000000000e+00
9.709570312500000000e+03 6.255442619323730469e+00 0.000000000000000000e+00
9.711804687500000000e+03 6.335744380950927734e+00 0.000000000000000000e+00
9.714043945312500000e+03 7.999734401702880859e+00 0.000000000000000000e+00
9.716278320312500000e+03 5.716182708740234375e+00 0.000000000000000000e+00
9.718518554687500000e+03 6.159386634826660156e+00 0.000000000000000000e+00
9.720754882812500000e+03 9.515156745910644531e+00 0.000000000000000000e+00
9.722991210937500000e+03 8.419835090637207031e+00 0.000000000000000000e+00
9.725233398437500000e+03 3.612856149673461914e+00 0.000000000000000000e+00
9.727470703125000000e+03 5.317964076995849609e+00 0.000000000000000000e+00
9.729713867187500000e+03 6.391941070556640625e+00 0.000000000000000000e+00
9.731952148437500000e+03 6.330698490142822266e+00 0.000000000000000000e+00
9.734196289062500000e+03 6.332033157348632812e+00 0.000000000000000000e+00
9.736435546875000000e+03 6.615958690643310547e+00 0.000000000000000000e+00
9.738674804687500000e+03 6.724624633789062500e+00 0.000000000000000000e+00
9.740920898437500000e+03 6.529014587402343750e+00 0.000000000000000000e+00
9.743162109375000000e+03 6.765820026397705078e+00 0.000000000000000000e+00
9.745408203125000000e+03 6.155497550964355469e+00 0.000000000000000000e+00
9.747650390625000000e+03 6.536271572113037109e+00 0.000000000000000000e+00
9.749898437500000000e+03 6.531842708587646484e+00 0.000000000000000000e+00
9.752141601562500000e+03 5.822220802307128906e+00 0.000000000000000000e+00
9.754384765625000000e+03 6.645406246185302734e+00 0.000000000000000000e+00
9.756633789062500000e+03 6.020401000976562500e+00 0.000000000000000000e+00
9.758878906250000000e+03 5.919739723205566406e+00 0.000000000000000000e+00
9.761128906250000000e+03 5.906907558441162109e+00 0.000000000000000000e+00
9.763374023437500000e+03 6.041390419006347656e+00 0.000000000000000000e+00
9.765625976562500000e+03 6.451586723327636719e+00 0.000000000000000000e+00
9.767872070312500000e+03 6.527155876159667969e+00 0.000000000000000000e+00
9.770119140625000000e+03 6.056102752685546875e+00 0.000000000000000000e+00
9.772372070312500000e+03 5.956383228302001953e+00 0.000000000000000000e+00
9.774620117187500000e+03 6.262065887451171875e+00 0.000000000000000000e+00
9.776875000000000000e+03 6.591843128204345703e+00 0.000000000000000000e+00
9.779124023437500000e+03 6.747884273529052734e+00 0.000000000000000000e+00
9.781378906250000000e+03 6.711521625518798828e+00 0.000000000000000000e+00
9.783628906250000000e+03 6.104755401611328125e+00 0.000000000000000000e+00
9.785879882812500000e+03 6.285118103027343750e+00 0.000000000000000000e+00
9.788136718750000000e+03 5.420561313629150391e+00 0.000000000000000000e+00
9.790387695312500000e+03 6.624913215637207031e+00 0.000000000000000000e+00
9.792645507812500000e+03 1.002980136871337891e+01 0.000000000000000000e+00
9.794898437500000000e+03 8.847145080566406250e+00 0.000000000000000000e+00
9.797157226562500000e+03 3.140907287597656250e+00 0.000000000000000000e+00
9.799411132812500000e+03 4.932215690612792969e+00 0.000000000000000000e+00
9.801665039062500000e+03 7.861888408660888672e+00 0.000000000000000000e+00
9.803925781250000000e+03 7.399094581604003906e+00 0.000000000000000000e+00
9.806180664062500000e+03 5.651322841644287109e+00 0.000000000000000000e+00
9.808442382812500000e+03 6.281827449798583984e+00 0.000000000000000000e+00
9.810698242187500000e+03 5.582586288452148438e+00 0.000000000000000000e+00
9.812960937500000000e+03 6.637348651885986328e+00 0.000000000000000000e+00
9.815218750000000000e+03 6.560546398162841797e+00 0.000000000000000000e+00
9.817476562500000000e+03 6.334569931030273438e+00 0.000000000000000000e+00
9.819740234375000000e+03 6.807015895843505859e+00 0.000000000000000000e+00
9.821999023437500000e+03 5.906135559082031250e+00 0.000000000000000000e+00
9.824264648437500000e+03 5.982988834381103516e+00 0.000000000000000000e+00
9.826524414062500000e+03 6.100156307220458984e+00 0.000000000000000000e+00
9.828790039062500000e+03 6.212186813354492188e+00 0.000000000000000000e+00
9.831051757812500000e+03 6.245515823364257812e+00 0.000000000000000000e+00
9.833312500000000000e+03 6.129002094268798828e+00 0.000000000000000000e+00
9.835580078125000000e+03 6.080940723419189453e+00 0.000000000000000000e+00
9.837842773437500000e+03 6.239550113677978516e+00 0.000000000000000000e+00
9.840111328125000000e+03 5.668900966644287109e+00 0.000000000000000000e+00
9.842375000000000000e+03 5.717552185058593750e+00 0.000000000000000000e+00
9.844645507812500000e+03 5.667059898376464844e+00 0.000000000000000000e+00
9.846910156250000000e+03 5.182110309600830078e+00 0.000000000000000000e+00
9.849174804687500000e+03 5.981876373291015625e+00 0.000000000000000000e+00
9.851446289062500000e+03 7.498241424560546875e+00 0.000000000000000000e+00
9.853712890625000000e+03 6.062355995178222656e+00 0.000000000000000000e+00
9.855984375000000000e+03 5.510354995727539062e+00 0.000000000000000000e+00
9.858251953125000000e+03 6.064918994903564453e+00 0.000000000000000000e+00
9.860525390625000000e+03 6.060809135437011719e+00 0.000000000000000000e+00
9.862793945312500000e+03 5.588630676269531250e+00 0.000000000000000000e+00
9.865068359375000000e+03 5.136882305145263672e+00 0.000000000000000000e+00
9.867337890625000000e+03 6.050118923187255859e+00 0.000000000000000000e+00
9.869607421875000000e+03 4.647027015686035156e+00 0.000000000000000000e+00
9.871883789062500000e+03 7.043972969055175781e+00 0.000000000000000000e+00
9.874154296875000000e+03 1.213187313079833984e+01 0.000000000000000000e+00
9.876431640625000000e+03 7.392014503479003906e+00 0.000000000000000000e+00
9.878703125000000000e+03 4.371085166931152344e+00 0.000000000000000000e+00
9.880981445312500000e+03 5.907998085021972656e+00 0.000000000000000000e+00
9.883254882812500000e+03 6.449649810791015625e+00 0.000000000000000000e+00
9.885528320312500000e+03 5.868015766143798828e+00 0.000000000000000000e+00
9.887807617187500000e+03 6.210826396942138672e+00 0.000000000000000000e+00
9.890083007812500000e+03 6.645299911499023438e+00 0.000000000000000000e+00
9.892363281250000000e+03 6.070070266723632812e+00 0.000000000000000000e+00
9.894638671875000000e+03 6.895035743713378906e+00 0.000000000000000000e+00
9.896920898437500000e+03 6.672835350036621094e+00 0.000000000000000000e+00
9.899197265625000000e+03 4.754518985748291016e+00 0.000000000000000000e+00
9.901474609375000000e+03 4.070477008819580078e+00 0.000000000000000000e+00
9.903757812500000000e+03 6.874063014984130859e+00 0.000000000000000000e+00
9.906036132812500000e+03 6.027033805847167969e+00 0.000000000000000000e+00
9.908320312500000000e+03 6.361267089843750000e+00 0.000000000000000000e+00
9.910599609375000000e+03 6.252126216888427734e+00 0.000000000000000000e+00
9.912885742187500000e+03 5.828801631927490234e+00 0.000000000000000000e+00
9.915166015625000000e+03 7.330585002899169922e+00 0.000000000000000000e+00
9.917447265625000000e+03 9.429722785949707031e+00 0.000000000000000000e+00
9.919733398437500000e+03 2.653461456298828125e+00 0.000000000000000000e+00
9.922015625000000000e+03 4.371957302093505859e+00 0.000000000000000000e+00
9.924303710937500000e+03 5.269114017486572266e+00 0.000000000000000000e+00
9.926586914062500000e+03 4.933368206024169922e+00 0.000000000000000000e+00
9.928875976562500000e+03 6.118164062500000000e+00 0.000000000000000000e+00
9.931160156250000000e+03 5.401726245880126953e+00 0.000000000000000000e+00
9.933444335937500000e+03 6.798453330993652344e+00 0.000000000000000000e+00
9.935735351562500000e+03 6.106142997741699219e+00 0.000000000000000000e+00
9.938020507812500000e+03 6.000622749328613281e+00 0.000000000000000000e+00
9.940312500000000000e+03 6.620621681213378906e+00 0.000000000000000000e+00
9.942599609375000000e+03 7.159263610839843750e+00 0.000000000000000000e+00
9.944892578125000000e+03 8.799453735351562500e+00 0.000000000000000000e+00
9.947179687500000000e+03 1.028999996185302734e+01 0.000000000000000000e+00
9.949468750000000000e+03 1.432946681976318359e+00 0.000000000000000000e+00
9.951762695312500000e+03 1.434329032897949219e+00 0.000000000000000000e+00
9.954051757812500000e+03 5.313100337982177734e+00 0.000000000000000000e+00
9.956347656250000000e+03 6.262919425964355469e+00 0.000000000000000000e+00
9.958637695312500000e+03 1.174123001098632812e+01 0.000000000000000000e+00
9.960934570312500000e+03 4.312808036804199219e+00 0.000000000000000000e+00
9.963225585937500000e+03 1.019686508178710938e+01 0.000000000000000000e+00
9.965517578125000000e+03 7.069730281829833984e+00 0.000000000000000000e+00
9.967815429687500000e+03 2.718050241470336914e+00 0.000000000000000000e+00
9.970109375000000000e+03 7.640514373779296875e+00 0.000000000000000000e+00
9.972408203125000000e+03 7.183700561523437500e+00 0.000000000000000000e+00
9.974702148437500000e+03 8.757889747619628906e+00 0.000000000000000000e+00
9.977001953125000000e+03 5.149888038635253906e+00 0.000000000000000000e+00
9.979297851562500000e+03 4.382051467895507812e+00 0.000000000000000000e+00
9.981592773437500000e+03 6.350431442260742188e+00 0.000000000000000000e+00
9.983894531250000000e+03 6.636924743652343750e+00 0.000000000000000000e+00
9.986191406250000000e+03 5.734049797058105469e+00 0.000000000000000000e+00
9.988494140625000000e+03 6.404600143432617188e+00 0.000000000000000000e+00
9.990791992187500000e+03 6.322836875915527344e+00 0.000000000000000000e+00
9.993096679687500000e+03 6.087933063507080078e+00 0.000000000000000000e+00
9.995395507812500000e+03 5.767901897430419922e+00 0.000000000000000000e+00
9.997694335937500000e+03 5.279083728790283203e+00 0.000000000000000000e+00
1.000000000000000000e+04 5.541051387786865234e+00 0.000000000000000000e+00
1.000230566406250000e+04 6.925023078918457031e+00 0.000000000000000000e+00
1.000460156250000000e+04 5.501334190368652344e+00 0.000000000000000000e+00
1.000690820312500000e+04 5.772727966308593750e+00 0.000000000000000000e+00
1.000921582031250000e+04 5.359092712402343750e+00 0.000000000000000000e+00
1.001152441406250000e+04 5.336874961853027344e+00 0.000000000000000000e+00
1.001382226562500000e+04 1.302139568328857422e+01 0.000000000000000000e+00
1.001613085937500000e+04 1.430944252014160156e+01 0.000000000000000000e+00
1.001844042968750000e+04 3.439023494720458984e+00 0.000000000000000000e+00
1.002074023437500000e+04 3.608028888702392578e+00 0.000000000000000000e+00
1.002305078125000000e+04 7.407718181610107422e+00 0.000000000000000000e+00
1.002536230468750000e+04 5.376892089843750000e+00 0.000000000000000000e+00
1.002767382812500000e+04 9.167113304138183594e+00 0.000000000000000000e+00
1.002997558593750000e+04 6.221690654754638672e+00 0.000000000000000000e+00
1.003228808593750000e+04 5.356257438659667969e+00 0.000000000000000000e+00
1.003460156250000000e+04 5.104303359985351562e+00 0.000000000000000000e+00
1.003690429687500000e+04 5.442264080047607422e+00 0.000000000000000000e+00
1.003921875000000000e+04 6.271429061889648438e+00 0.000000000000000000e+00
1.004153417968750000e+04 5.356592655181884766e+00 0.000000000000000000e+00
1.004384960937500000e+04 6.543579578399658203e+00 0.000000000000000000e+00
1.004615429687500000e+04 5.716489791870117188e+00 0.000000000000000000e+00
1.004847070312500000e+04 5.633151054382324219e+00 0.000000000000000000e+00
1.005078808593750000e+04 5.741518020629882812e+00 0.000000000000000000e+00
1.005309472656250000e+04 4.963031768798828125e+00 0.000000000000000000e+00
1.005541308593750000e+04 4.937310218811035156e+00 0.000000000000000000e+00
1.005773242187500000e+04 4.263397216796875000e+00 0.000000000000000000e+00
1.006005078125000000e+04 7.138189792633056641e+00 0.000000000000000000e+00
1.006236035156250000e+04 5.686556339263916016e+00 0.000000000000000000e+00
1.006468066406250000e+04 3.569471836090087891e+00 0.000000000000000000e+00
1.006700097656250000e+04 5.612547874450683594e+00 0.000000000000000000e+00
1.006931152343750000e+04 6.975244045257568359e+00 0.000000000000000000e+00
1.007163378906250000e+04 7.377049922943115234e+00 0.000000000000000000e+00
1.007395605468750000e+04 4.950042724609375000e+00 0.000000000000000000e+00
1.007627929687500000e+04 5.308208465576171875e+00 0.000000000000000000e+00
1.007859179687500000e+04 5.280754089355468750e+00 0.000000000000000000e+00
1.008091601562500000e+04 4.574831485748291016e+00 0.000000000000000000e+00
1.008324023437500000e+04 1.005418586730957031e+01 0.000000000000000000e+00
1.008555468750000000e+04 8.106435775756835938e+00 0.000000000000000000e+00
1.008787988281250000e+04 3.872409582138061523e+00 0.000000000000000000e+00
1.009020605468750000e+04 4.677341938018798828e+00 0.000000000000000000e+00
1.009253320312500000e+04 6.235027313232421875e+00 0.000000000000000000e+00
1.009484960937500000e+04 5.157509326934814453e+00 0.000000000000000000e+00
1.009717773437500000e+04 6.500074386596679688e+00 0.000000000000000000e+00
1.009950585937500000e+04 5.742387294769287109e+00 0.000000000000000000e+00
1.010182324218750000e+04 6.096788883209228516e+00 0.000000000000000000e+00
1.010415332031250000e+04 4.947933197021484375e+00 0.000000000000000000e+00
1.010648339843750000e+04 4.636600971221923828e+00 0.000000000000000000e+00
1.010881347656250000e+04 5.892410755157470703e+00 0.000000000000000000e+00
1.011113378906250000e+04 4.079543113708496094e+00 0.000000000000000000e+00
1.011346484375000000e+04 4.470077037811279297e+00 0.000000000000000000e+00
1.011579687500000000e+04 5.190758228302001953e+00 0.000000000000000000e+00
1.011811914062500000e+04 4.820546627044677734e+00 0.000000000000000000e+00
1.012045214843750000e+04 4.944223880767822266e+00 0.000000000000000000e+00
1.012278613281250000e+04 6.734618663787841797e+00 0.000000000000000000e+00
1.012512011718750000e+04 7.179658889770507812e+00 0.000000000000000000e+00
1.012744335937500000e+04 1.465583562850952148e+00 0.000000000000000000e+00
1.012977929687500000e+04 1.293024539947509766e+00 0.000000000000000000e+00
1.013211523437500000e+04 4.421389102935791016e+00 0.000000000000000000e+00
1.013444042968750000e+04 6.653252124786376953e+00 0.000000000000000000e+00
1.013677734375000000e+04 6.659789562225341797e+00 0.000000000000000000e+00
1.013911523437500000e+04 5.657191276550292969e+00 0.000000000000000000e+00
1.014145312500000000e+04 5.589125156402587891e+00 0.000000000000000000e+00
1.014378027343750000e+04 6.087830066680908203e+00 0.000000000000000000e+00
1.014611914062500000e+04 5.376669883728027344e+00 0.000000000000000000e+00
1.014845898437500000e+04 3.633307218551635742e+00 0.000000000000000000e+00
1.015078808593750000e+04 3.831008911132812500e+00 0.000000000000000000e+00
1.015312890625000000e+04 7.625422000885009766e+00 0.000000000000000000e+00
1.015547070312500000e+04 6.139649868011474609e+00 0.000000000000000000e+00
1.015781250000000000e+04 5.281083106994628906e+00 0.000000000000000000e+00
1.016014355468750000e+04 5.226319313049316406e+00 0.000000000000000000e+00
1.016248632812500000e+04 5.569310188293457031e+00 0.000000000000000000e+00
1.016483007812500000e+04 5.691985607147216797e+00 0.000000000000000000e+00
1.016716210937500000e+04 4.254869937896728516e+00 0.000000000000000000e+00
1.016950683593750000e+04 3.262259960174560547e+00 0.000000000000000000e+00
1.017185253906250000e+04 5.546068668365478516e+00 0.000000000000000000e+00
1.017419726562500000e+04 9.470970153808593750e+00 0.000000000000000000e+00
1.017653222656250000e+04 7.381421566009521484e+00 0.000000000000000000e+00
1.017887890625000000e+04 2.041867256164550781e+00 0.000000000000000000e+00
1.018122656250000000e+04 6.977226734161376953e+00 0.000000000000000000e+00
1.018356347656250000e+04 5.288121223449707031e+00 0.000000000000000000e+00
1.018591113281250000e+04 5.730473518371582031e+00 0.000000000000000000e+00
1.018826074218750000e+04 1.318168640136718750e+00 0.000000000000000000e+00
1.019060937500000000e+04 6.933371424674987793e-01 0.000000000000000000e+00
1.019294824218750000e+04 7.713005065917968750e+00 0.000000000000000000e+00
1.019529882812500000e+04 6.677914142608642578e+00 0.000000000000000000e+00
1.019765039062500000e+04 5.676735401153564453e+00 0.000000000000000000e+00
1.019999023437500000e+04 4.595750331878662109e+00 0.000000000000000000e+00
1.020234277343750000e+04 4.545613765716552734e+00 0.000000000000000000e+00
1.020469531250000000e+04 6.984508514404296875e+00 0.000000000000000000e+00
1.020704785156250000e+04 7.252771377563476562e+00 0.000000000000000000e+00
1.020939062500000000e+04 -2.144710868597030640e-01 0.000000000000000000e+00
1.021174511718750000e+04 4.227439403533935547e+00 0.000000000000000000e+00
1.021409960937500000e+04 9.071634292602539062e+00 0.000000000000000000e+00
1.021644433593750000e+04 7.351668357849121094e+00 0.000000000000000000e+00
1.021879980468750000e+04 5.751790523529052734e+00 0.000000000000000000e+00
1.022115625000000000e+04 7.850536346435546875e+00 0.000000000000000000e+00
1.022351367187500000e+04 4.951149940490722656e+00 0.000000000000000000e+00
1.022585937500000000e+04 1.060417532920837402e+00 0.000000000000000000e+00
1.022821777343750000e+04 9.676822662353515625e+00 0.000000000000000000e+00
1.023057617187500000e+04 9.188998222351074219e+00 0.000000000000000000e+00
1.023292382812500000e+04 5.223303794860839844e+00 0.000000000000000000e+00
1.023528417968750000e+04 7.739538669586181641e+00 0.000000000000000000e+00
1.023764355468750000e+04 4.864600181579589844e+00 0.000000000000000000e+00
1.024000488281250000e+04 6.679344654083251953e+00 0.000000000000000000e+00
1.024235449218750000e+04 6.254481315612792969e+00 0.000000000000000000e+00
1.024471679687500000e+04 5.453714370727539062e+00 0.000000000000000000e+00
1.024707910156250000e+04 4.668715000152587891e+00 0.000000000000000000e+00
1.024943066406250000e+04 3.985748529434204102e+00 0.000000000000000000e+00
1.025179394531250000e+04 5.287775993347167969e+00 0.000000000000000000e+00
1.025415820312500000e+04 4.377826690673828125e+00 0.000000000000000000e+00
1.025652343750000000e+04 3.954646587371826172e+00 0.000000000000000000e+00
1.025887695312500000e+04 4.491055488586425781e+00 0.000000000000000000e+00
1.026124218750000000e+04 5.707952976226806641e+00 0.000000000000000000e+00
1.026360839843750000e+04 6.410732269287109375e+00 0.000000000000000000e+00
1.026596386718750000e+04 5.221819877624511719e+00 0.000000000000000000e+00
1.026833105468750000e+04 4.977332592010498047e+00 0.000000000000000000e+00
1.027069921875000000e+04 4.138601779937744141e+00 0.000000000000000000e+00
1.027306738281250000e+04 4.481322288513183594e+00 0.000000000000000000e+00
1.027542578125000000e+04 6.700979709625244141e+00 0.000000000000000000e+00
1.027779492187500000e+04 7.035265922546386719e+00 0.000000000000000000e+00
1.028016503906250000e+04 2.817936658859252930e+00 0.000000000000000000e+00
1.028252441406250000e+04 8.530255317687988281e+00 0.000000000000000000e+00
1.028489550781250000e+04 2.307445287704467773e+00 0.000000000000000000e+00
1.028726660156250000e+04 3.302489757537841797e+00 0.000000000000000000e+00
1.028963964843750000e+04 2.870066881179809570e+00 0.000000000000000000e+00
1.029200097656250000e+04 -1.869340419769287109e+00 0.000000000000000000e+00
1.029437402343750000e+04 1.306879425048828125e+01 0.000000000000000000e+00
1.029674804687500000e+04 4.258654594421386719e+00 0.000000000000000000e+00
1.029911132812500000e+04 5.432186722755432129e-01 0.000000000000000000e+00
1.030148632812500000e+04 3.175760030746459961e+00 0.000000000000000000e+00
1.030386132812500000e+04 4.902903556823730469e+00 0.000000000000000000e+00
1.030623730468750000e+04 4.832440376281738281e+00 0.000000000000000000e+00
1.030860253906250000e+04 7.321053981781005859e+00 0.000000000000000000e+00
1.031097949218750000e+04 6.514013767242431641e+00 0.000000000000000000e+00
1.031335742187500000e+04 1.002314281463623047e+01 0.000000000000000000e+00
1.031573632812500000e+04 6.108343601226806641e+00 0.000000000000000000e+00
1.031810351562500000e+04 3.732382535934448242e+00 0.000000000000000000e+00
1.032048242187500000e+04 8.420254707336425781e+00 0.000000000000000000e+00
1.032286230468750000e+04 3.395445585250854492e+00 0.000000000000000000e+00
1.032523144531250000e+04 3.324361085891723633e+00 0.000000000000000000e+00
1.032761230468750000e+04 3.324361085891723633e+00 0.000000000000000000e+00
1.032999414062500000e+04 3.324361085891723633e+00 0.000000000000000000e+00
1.033237597656250000e+04 3.324361085891723633e+00 0.000000000000000000e+00
1.033474707031250000e+04 3.324361085891723633e+00 0.000000000000000000e+00
1.033713085937500000e+04 3.324361085891723633e+00 0.000000000000000000e+00
1.033951464843750000e+04 3.324361085891723633e+00 0.000000000000000000e+00
1.034188769531250000e+04 3.324361085891723633e+00 0.000000000000000000e+00
1.034427246093750000e+04 3.324361085891723633e+00 0.000000000000000000e+00
1.034665722656250000e+04 3.324361085891723633e+00 0.000000000000000000e+00
1.034904296875000000e+04 3.324361085891723633e+00 0.000000000000000000e+00
1.035141894531250000e+04 3.324361085891723633e+00 0.000000000000000000e+00
1.035380566406250000e+04 3.324361085891723633e+00 0.000000000000000000e+00
1.035619335937500000e+04 3.324361085891723633e+00 0.000000000000000000e+00
1.035856933593750000e+04 3.324361085891723633e+00 0.000000000000000000e+00
1.036095800781250000e+04 3.324361085891723633e+00 0.000000000000000000e+00
1.036334765625000000e+04 3.324361085891723633e+00 0.000000000000000000e+00
1.036573730468750000e+04 3.324361085891723633e+00 0.000000000000000000e+00
1.036811621093750000e+04 3.324361085891723633e+00 0.000000000000000000e+00
1.037050683593750000e+04 3.324361085891723633e+00 0.000000000000000000e+00
1.037289843750000000e+04 3.324361085891723633e+00 0.000000000000000000e+00
1.037527929687500000e+04 3.324361085891723633e+00 0.000000000000000000e+00
1.037767187500000000e+04 3.324361085891723633e+00 0.000000000000000000e+00
1.038006445312500000e+04 3.324361085891723633e+00 0.000000000000000000e+00
1.038245800781250000e+04 3.324361085891723633e+00 0.000000000000000000e+00
1.038484082031250000e+04 3.324361085891723633e+00 0.000000000000000000e+00
1.038723632812500000e+04 3.324361085891723633e+00 0.000000000000000000e+00
1.038963085937500000e+04 3.324361085891723633e+00 0.000000000000000000e+00
1.039201562500000000e+04 3.324361085891723633e+00 0.000000000000000000e+00
1.039441210937500000e+04 3.324361085891723633e+00 0.000000000000000000e+00
1.039680859375000000e+04 3.324361085891723633e+00 0.000000000000000000e+00
1.039920605468750000e+04 3.324361085891723633e+00 0.000000000000000000e+00
