#wavelengths flux error
3.566974365234375000e+03 2.594950439453125000e+03 0.000000000000000000e+00
3.567794921875000000e+03 2.401796630859375000e+03 0.000000000000000000e+00
3.568617675781250000e+03 -2.338696044921875000e+03 0.000000000000000000e+00
3.569438476562500000e+03 1.669517211914062500e+03 0.000000000000000000e+00
3.570261718750000000e+03 -6.509043579101562500e+02 0.000000000000000000e+00
3.571083007812500000e+03 1.301818542480468750e+02 0.000000000000000000e+00
3.571906494140625000e+03 2.911253051757812500e+02 0.000000000000000000e+00
3.572728271484375000e+03 -2.748481140136718750e+02 0.000000000000000000e+00
3.573550048828125000e+03 2.899801940917968750e+02 0.000000000000000000e+00
3.574374023437500000e+03 -7.816190338134765625e+01 0.000000000000000000e+00
3.575196289062500000e+03 1.236646881103515625e+02 0.000000000000000000e+00
3.576020751953125000e+03 1.016914443969726562e+02 0.000000000000000000e+00
3.576843505859375000e+03 8.404301452636718750e+01 0.000000000000000000e+00
3.577668212890625000e+03 1.161806640625000000e+02 0.000000000000000000e+00
3.578491455078125000e+03 8.151806640625000000e+01 0.000000000000000000e+00
3.579314453125000000e+03 9.859210205078125000e+01 0.000000000000000000e+00
3.580139892578125000e+03 8.681292724609375000e+01 0.000000000000000000e+00
3.580963623046875000e+03 7.998246765136718750e+01 0.000000000000000000e+00
3.581789306640625000e+03 8.745530700683593750e+01 0.000000000000000000e+00
3.582613281250000000e+03 9.536208343505859375e+01 0.000000000000000000e+00
3.583439453125000000e+03 9.484506988525390625e+01 0.000000000000000000e+00
3.584263916015625000e+03 9.221907043457031250e+01 0.000000000000000000e+00
3.585088378906250000e+03 7.843171691894531250e+01 0.000000000000000000e+00
3.585915039062500000e+03 7.431781005859375000e+01 0.000000000000000000e+00
3.586739990234375000e+03 8.842549133300781250e+01 0.000000000000000000e+00
3.587567138671875000e+03 8.763288879394531250e+01 0.000000000000000000e+00
3.588392333984375000e+03 7.122294616699218750e+01 0.000000000000000000e+00
3.589219970703125000e+03 9.359884643554687500e+01 0.000000000000000000e+00
3.590045654296875000e+03 9.003426361083984375e+01 0.000000000000000000e+00
3.590871582031250000e+03 8.151564788818359375e+01 0.000000000000000000e+00
3.591699462890625000e+03 8.368961334228515625e+01 0.000000000000000000e+00
3.592525878906250000e+03 9.002649688720703125e+01 0.000000000000000000e+00
3.593354248046875000e+03 8.844390869140625000e+01 0.000000000000000000e+00
3.594180908203125000e+03 8.210080718994140625e+01 0.000000000000000000e+00
3.595009765625000000e+03 9.089724731445312500e+01 0.000000000000000000e+00
3.595836669921875000e+03 8.677294158935546875e+01 0.000000000000000000e+00
3.596663818359375000e+03 7.879313659667968750e+01 0.000000000000000000e+00
3.597493408203125000e+03 7.984938812255859375e+01 0.000000000000000000e+00
3.598320800781250000e+03 8.485594940185546875e+01 0.000000000000000000e+00
3.599150634765625000e+03 7.652008819580078125e+01 0.000000000000000000e+00
3.599978759765625000e+03 6.789878082275390625e+01 0.000000000000000000e+00
3.600808837890625000e+03 5.980982589721679688e+01 0.000000000000000000e+00
3.601637207031250000e+03 6.156906890869140625e+01 0.000000000000000000e+00
3.602467773437500000e+03 6.706980895996093750e+01 0.000000000000000000e+00
3.603296386718750000e+03 6.477970886230468750e+01 0.000000000000000000e+00
3.604125244140625000e+03 5.791341400146484375e+01 0.000000000000000000e+00
3.604956542968750000e+03 6.279580688476562500e+01 0.000000000000000000e+00
3.605785888671875000e+03 6.489480590820312500e+01 0.000000000000000000e+00
3.606617187500000000e+03 5.693050384521484375e+01 0.000000000000000000e+00
3.607447021484375000e+03 4.988518905639648438e+01 0.000000000000000000e+00
3.608278808593750000e+03 5.233638000488281250e+01 0.000000000000000000e+00
3.609108886718750000e+03 5.569268035888671875e+01 0.000000000000000000e+00
3.609939208984375000e+03 5.949614334106445312e+01 0.000000000000000000e+00
3.610771728515625000e+03 5.831089401245117188e+01 0.000000000000000000e+00
3.611602294921875000e+03 6.062920761108398438e+01 0.000000000000000000e+00
3.612435058593750000e+03 6.080619430541992188e+01 0.000000000000000000e+00
3.613266113281250000e+03 5.741139221191406250e+01 0.000000000000000000e+00
3.614099365234375000e+03 6.367459869384765625e+01 0.000000000000000000e+00
3.614930664062500000e+03 5.722033309936523438e+01 0.000000000000000000e+00
3.615762451171875000e+03 6.604007720947265625e+01 0.000000000000000000e+00
3.616596191406250000e+03 7.228997802734375000e+01 0.000000000000000000e+00
3.617428222656250000e+03 6.128779220581054688e+01 0.000000000000000000e+00
3.618262451171875000e+03 5.132677078247070312e+01 0.000000000000000000e+00
3.619094726562500000e+03 6.961186218261718750e+01 0.000000000000000000e+00
3.619929199218750000e+03 5.885026931762695312e+01 0.000000000000000000e+00
3.620761962890625000e+03 6.618822479248046875e+01 0.000000000000000000e+00
3.621594970703125000e+03 6.820119476318359375e+01 0.000000000000000000e+00
3.622430175781250000e+03 5.952772140502929688e+01 0.000000000000000000e+00
3.623263427734375000e+03 5.561885833740234375e+01 0.000000000000000000e+00
3.624098876953125000e+03 5.968389129638671875e+01 0.000000000000000000e+00
3.624932617187500000e+03 6.541556549072265625e+01 0.000000000000000000e+00
3.625768554687500000e+03 6.666419219970703125e+01 0.000000000000000000e+00
3.626602783203125000e+03 6.000754928588867188e+01 0.000000000000000000e+00
3.627437011718750000e+03 5.836320114135742188e+01 0.000000000000000000e+00
3.628273437500000000e+03 6.645065307617187500e+01 0.000000000000000000e+00
3.629108154296875000e+03 6.591693115234375000e+01 0.000000000000000000e+00
3.629945068359375000e+03 6.414796447753906250e+01 0.000000000000000000e+00
3.630780029296875000e+03 6.111121749877929688e+01 0.000000000000000000e+00
3.631617431640625000e+03 5.483047485351562500e+01 0.000000000000000000e+00
3.632452880859375000e+03 5.272931671142578125e+01 0.000000000000000000e+00
3.633288330078125000e+03 5.821909713745117188e+01 0.000000000000000000e+00
3.634126220703125000e+03 5.885530090332031250e+01 0.000000000000000000e+00
3.634962158203125000e+03 4.939100265502929688e+01 0.000000000000000000e+00
3.635800537109375000e+03 5.059301757812500000e+01 0.000000000000000000e+00
3.636636962890625000e+03 5.949089431762695312e+01 0.000000000000000000e+00
3.637475585937500000e+03 6.412499237060546875e+01 0.000000000000000000e+00
3.638312255859375000e+03 5.880925750732421875e+01 0.000000000000000000e+00
3.639149169921875000e+03 5.230839538574218750e+01 0.000000000000000000e+00
3.639988525390625000e+03 5.948292160034179688e+01 0.000000000000000000e+00
3.640825927734375000e+03 6.676882934570312500e+01 0.000000000000000000e+00
3.641665283203125000e+03 6.406481933593750000e+01 0.000000000000000000e+00
3.642503173828125000e+03 6.105013275146484375e+01 0.000000000000000000e+00
3.643343017578125000e+03 6.552539062500000000e+01 0.000000000000000000e+00
3.644181152343750000e+03 6.662696075439453125e+01 0.000000000000000000e+00
3.645019531250000000e+03 6.634513092041015625e+01 0.000000000000000000e+00
3.645860107421875000e+03 6.331231307983398438e+01 0.000000000000000000e+00
3.646698974609375000e+03 7.181136322021484375e+01 0.000000000000000000e+00
3.647539794921875000e+03 7.596302795410156250e+01 0.000000000000000000e+00
3.648378906250000000e+03 6.657974243164062500e+01 0.000000000000000000e+00
3.649220214843750000e+03 6.856549072265625000e+01 0.000000000000000000e+00
3.650059570312500000e+03 5.799723052978515625e+01 0.000000000000000000e+00
3.650899414062500000e+03 6.211280059814453125e+01 0.000000000000000000e+00
3.651741210937500000e+03 6.808462524414062500e+01 0.000000000000000000e+00
3.652581298828125000e+03 6.859490203857421875e+01 0.000000000000000000e+00
3.653423583984375000e+03 6.858679199218750000e+01 0.000000000000000000e+00
3.654264160156250000e+03 6.882278442382812500e+01 0.000000000000000000e+00
3.655106689453125000e+03 5.881355285644531250e+01 0.000000000000000000e+00
3.655947509765625000e+03 6.519766998291015625e+01 0.000000000000000000e+00
3.656788574218750000e+03 6.944920349121093750e+01 0.000000000000000000e+00
3.657631835937500000e+03 7.016707611083984375e+01 0.000000000000000000e+00
3.658473388671875000e+03 7.171668243408203125e+01 0.000000000000000000e+00
3.659316894531250000e+03 6.502138519287109375e+01 0.000000000000000000e+00
3.660158691406250000e+03 7.481117248535156250e+01 0.000000000000000000e+00
3.661002929687500000e+03 6.242399597167968750e+01 0.000000000000000000e+00
3.661844970703125000e+03 5.805384063720703125e+01 0.000000000000000000e+00
3.662687500000000000e+03 6.245805740356445312e+01 0.000000000000000000e+00
3.663531982421875000e+03 6.185445022583007812e+01 0.000000000000000000e+00
3.664374755859375000e+03 6.809656524658203125e+01 0.000000000000000000e+00
3.665219726562500000e+03 7.014862060546875000e+01 0.000000000000000000e+00
3.666062988281250000e+03 6.693898010253906250e+01 0.000000000000000000e+00
3.666908447265625000e+03 6.097837829589843750e+01 0.000000000000000000e+00
3.667751953125000000e+03 5.400733184814453125e+01 0.000000000000000000e+00
3.668597656250000000e+03 5.361143493652343750e+01 0.000000000000000000e+00
3.669441650390625000e+03 6.635936737060546875e+01 0.000000000000000000e+00
3.670285888671875000e+03 5.890514755249023438e+01 0.000000000000000000e+00
3.671132080078125000e+03 5.148001480102539062e+01 0.000000000000000000e+00
3.671976806640625000e+03 4.441838455200195312e+01 0.000000000000000000e+00
3.672823486328125000e+03 4.405873489379882812e+01 0.000000000000000000e+00
3.673668457031250000e+03 5.139648437500000000e+01 0.000000000000000000e+00
3.674515625000000000e+03 5.044429397583007812e+01 0.000000000000000000e+00
3.675360839843750000e+03 5.181755828857421875e+01 0.000000000000000000e+00
3.676206298828125000e+03 5.571097946166992188e+01 0.000000000000000000e+00
3.677054199218750000e+03 5.671256637573242188e+01 0.000000000000000000e+00
3.677899902343750000e+03 5.561590576171875000e+01 0.000000000000000000e+00
3.678748046875000000e+03 5.314495468139648438e+01 0.000000000000000000e+00
3.679594482421875000e+03 4.489208984375000000e+01 0.000000000000000000e+00
3.680442871093750000e+03 3.867748260498046875e+01 0.000000000000000000e+00
3.681289550781250000e+03 4.297387313842773438e+01 0.000000000000000000e+00
3.682136474609375000e+03 4.462735366821289062e+01 0.000000000000000000e+00
3.682985595703125000e+03 4.558711624145507812e+01 0.000000000000000000e+00
3.683832763671875000e+03 4.743658447265625000e+01 0.000000000000000000e+00
3.684682373046875000e+03 3.881908416748046875e+01 0.000000000000000000e+00
3.685530029296875000e+03 4.566390991210937500e+01 0.000000000000000000e+00
3.686379882812500000e+03 4.308214569091796875e+01 0.000000000000000000e+00
3.687227783203125000e+03 4.337907028198242188e+01 0.000000000000000000e+00
3.688076171875000000e+03 4.279087448120117188e+01 0.000000000000000000e+00
3.688926513671875000e+03 3.625693511962890625e+01 0.000000000000000000e+00
3.689775146484375000e+03 3.932622146606445312e+01 0.000000000000000000e+00
3.690625976562500000e+03 3.503976440429687500e+01 0.000000000000000000e+00
3.691475097656250000e+03 3.838805770874023438e+01 0.000000000000000000e+00
3.692326416015625000e+03 3.408558654785156250e+01 0.000000000000000000e+00
3.693175781250000000e+03 3.227242660522460938e+01 0.000000000000000000e+00
3.694025390625000000e+03 4.090623474121093750e+01 0.000000000000000000e+00
3.694877197265625000e+03 3.533131408691406250e+01 0.000000000000000000e+00
3.695727294921875000e+03 3.207173538208007812e+01 0.000000000000000000e+00
3.696579345703125000e+03 3.680976486206054688e+01 0.000000000000000000e+00
3.697429931640625000e+03 3.493077468872070312e+01 0.000000000000000000e+00
3.698282470703125000e+03 3.015750122070312500e+01 0.000000000000000000e+00
3.699133300781250000e+03 3.309117507934570312e+01 0.000000000000000000e+00
3.699984130859375000e+03 3.803609085083007812e+01 0.000000000000000000e+00
3.700837402343750000e+03 3.730340576171875000e+01 0.000000000000000000e+00
3.701688720703125000e+03 4.125119018554687500e+01 0.000000000000000000e+00
3.702542480468750000e+03 4.358615112304687500e+01 0.000000000000000000e+00
3.703394287109375000e+03 3.873450088500976562e+01 0.000000000000000000e+00
3.704248291015625000e+03 3.258706283569335938e+01 0.000000000000000000e+00
3.705100341796875000e+03 3.829975509643554688e+01 0.000000000000000000e+00
3.705952636718750000e+03 4.755494308471679688e+01 0.000000000000000000e+00
3.706807373046875000e+03 4.114826583862304688e+01 0.000000000000000000e+00
3.707659912109375000e+03 4.119431304931640625e+01 0.000000000000000000e+00
3.708514892578125000e+03 4.080229187011718750e+01 0.000000000000000000e+00
3.709368164062500000e+03 3.175826072692871094e+01 0.000000000000000000e+00
3.710223388671875000e+03 3.618187332153320312e+01 0.000000000000000000e+00
3.711077148437500000e+03 2.778481292724609375e+01 0.000000000000000000e+00
3.711930664062500000e+03 4.691724395751953125e+01 0.000000000000000000e+00
3.712786621093750000e+03 4.931915283203125000e+01 0.000000000000000000e+00
3.713640869140625000e+03 3.954279327392578125e+01 0.000000000000000000e+00
3.714497314453125000e+03 4.327239990234375000e+01 0.000000000000000000e+00
3.715351806640625000e+03 4.004098510742187500e+01 0.000000000000000000e+00
3.716208496093750000e+03 3.061244392395019531e+01 0.000000000000000000e+00
3.717063476562500000e+03 3.035946083068847656e+01 0.000000000000000000e+00
3.717918457031250000e+03 3.635400009155273438e+01 0.000000000000000000e+00
3.718775878906250000e+03 3.850979232788085938e+01 0.000000000000000000e+00
3.719631347656250000e+03 3.386019134521484375e+01 0.000000000000000000e+00
3.720489013671875000e+03 3.107242965698242188e+01 0.000000000000000000e+00
3.721344970703125000e+03 3.059499740600585938e+01 0.000000000000000000e+00
3.722203125000000000e+03 3.301917648315429688e+01 0.000000000000000000e+00
3.723059326171875000e+03 3.308345413208007812e+01 0.000000000000000000e+00
3.723915771484375000e+03 3.137032890319824219e+01 0.000000000000000000e+00
3.724774658203125000e+03 3.036693954467773438e+01 0.000000000000000000e+00
3.725631591796875000e+03 2.859281730651855469e+01 0.000000000000000000e+00
3.726490478515625000e+03 3.007135200500488281e+01 0.000000000000000000e+00
3.727347900390625000e+03 3.577401733398437500e+01 0.000000000000000000e+00
3.728207275390625000e+03 3.228812408447265625e+01 0.000000000000000000e+00
3.729064941406250000e+03 2.911606788635253906e+01 0.000000000000000000e+00
3.729922851562500000e+03 3.641276168823242188e+01 0.000000000000000000e+00
3.730782958984375000e+03 3.817644500732421875e+01 0.000000000000000000e+00
3.731641357421875000e+03 3.550114059448242188e+01 0.000000000000000000e+00
3.732501708984375000e+03 2.840458297729492188e+01 0.000000000000000000e+00
3.733360351562500000e+03 3.005431175231933594e+01 0.000000000000000000e+00
3.734221435546875000e+03 3.773474502563476562e+01 0.000000000000000000e+00
3.735080322265625000e+03 3.975316238403320312e+01 0.000000000000000000e+00
3.735941650390625000e+03 3.528672027587890625e+01 0.000000000000000000e+00
3.736801269531250000e+03 3.453337097167968750e+01 0.000000000000000000e+00
3.737660888671875000e+03 3.289889144897460938e+01 0.000000000000000000e+00
3.738522705078125000e+03 3.146248435974121094e+01 0.000000000000000000e+00
3.739382812500000000e+03 3.193396949768066406e+01 0.000000000000000000e+00
3.740245117187500000e+03 3.266921234130859375e+01 0.000000000000000000e+00
3.741105468750000000e+03 3.168871688842773438e+01 0.000000000000000000e+00
3.741968261718750000e+03 3.845080947875976562e+01 0.000000000000000000e+00
3.742829101562500000e+03 4.099228668212890625e+01 0.000000000000000000e+00
3.743689941406250000e+03 3.802895355224609375e+01 0.000000000000000000e+00
3.744553222656250000e+03 3.496912765502929688e+01 0.000000000000000000e+00
3.745414794921875000e+03 3.418569564819335938e+01 0.000000000000000000e+00
3.746278564453125000e+03 3.154113388061523438e+01 0.000000000000000000e+00
3.747140380859375000e+03 3.027882385253906250e+01 0.000000000000000000e+00
3.748004394531250000e+03 3.147844505310058594e+01 0.000000000000000000e+00
3.748866699218750000e+03 3.271332931518554688e+01 0.000000000000000000e+00
3.749729003906250000e+03 2.988724327087402344e+01 0.000000000000000000e+00
3.750593750000000000e+03 2.449843406677246094e+01 0.000000000000000000e+00
3.751456542968750000e+03 2.760635185241699219e+01 0.000000000000000000e+00
3.752321533203125000e+03 4.205281448364257812e+01 0.000000000000000000e+00
3.753184814453125000e+03 3.759409713745117188e+01 0.000000000000000000e+00
3.754050292968750000e+03 3.079592895507812500e+01 0.000000000000000000e+00
3.754913818359375000e+03 2.575759124755859375e+01 0.000000000000000000e+00
3.755777587890625000e+03 1.703005218505859375e+01 0.000000000000000000e+00
3.756643798828125000e+03 1.435531425476074219e+01 0.000000000000000000e+00
3.757508056640625000e+03 2.110519218444824219e+01 0.000000000000000000e+00
3.758374511718750000e+03 2.457484245300292969e+01 0.000000000000000000e+00
3.759239013671875000e+03 2.587471961975097656e+01 0.000000000000000000e+00
3.760105957031250000e+03 2.615775299072265625e+01 0.000000000000000000e+00
3.760970947265625000e+03 2.411343765258789062e+01 0.000000000000000000e+00
3.761836181640625000e+03 2.000122833251953125e+01 0.000000000000000000e+00
3.762703613281250000e+03 1.499523925781250000e+01 0.000000000000000000e+00
3.763569335937500000e+03 1.120712947845458984e+01 0.000000000000000000e+00
3.764437011718750000e+03 2.239253616333007812e+01 0.000000000000000000e+00
3.765302978515625000e+03 3.083429336547851562e+01 0.000000000000000000e+00
3.766171386718750000e+03 2.465595626831054688e+01 0.000000000000000000e+00
3.767037841796875000e+03 3.040654754638671875e+01 0.000000000000000000e+00
3.767904296875000000e+03 2.432304763793945312e+01 0.000000000000000000e+00
3.768773193359375000e+03 2.817215156555175781e+01 0.000000000000000000e+00
3.769640136718750000e+03 3.198205184936523438e+01 0.000000000000000000e+00
3.770509521484375000e+03 3.364585113525390625e+01 0.000000000000000000e+00
3.771376953125000000e+03 3.173030853271484375e+01 0.000000000000000000e+00
3.772246582031250000e+03 1.751122665405273438e+01 0.000000000000000000e+00
3.773114501953125000e+03 3.074030303955078125e+01 0.000000000000000000e+00
3.773982421875000000e+03 2.878841972351074219e+01 0.000000000000000000e+00
3.774852783203125000e+03 3.030169486999511719e+01 0.000000000000000000e+00
3.775720947265625000e+03 3.679280853271484375e+01 0.000000000000000000e+00
3.776591796875000000e+03 3.453598022460937500e+01 0.000000000000000000e+00
3.777460449218750000e+03 3.085230827331542969e+01 0.000000000000000000e+00
3.778331542968750000e+03 3.355644989013671875e+01 0.000000000000000000e+00
3.779200927734375000e+03 3.137957954406738281e+01 0.000000000000000000e+00
3.780070312500000000e+03 2.533123397827148438e+01 0.000000000000000000e+00
3.780941894531250000e+03 2.540082740783691406e+01 0.000000000000000000e+00
3.781811767578125000e+03 3.096372413635253906e+01 0.000000000000000000e+00
3.782683837890625000e+03 2.632421302795410156e+01 0.000000000000000000e+00
3.783553955078125000e+03 2.969559860229492188e+01 0.000000000000000000e+00
3.784426513671875000e+03 3.079899597167968750e+01 0.000000000000000000e+00
3.785297119140625000e+03 3.470350265502929688e+01 0.000000000000000000e+00
3.786167968750000000e+03 3.266865158081054688e+01 0.000000000000000000e+00
3.787041015625000000e+03 2.415660285949707031e+01 0.000000000000000000e+00
3.787912109375000000e+03 3.351998901367187500e+01 0.000000000000000000e+00
3.788785644531250000e+03 3.426205062866210938e+01 0.000000000000000000e+00
3.789657226562500000e+03 3.192980384826660156e+01 0.000000000000000000e+00
3.790531005859375000e+03 3.040598106384277344e+01 0.000000000000000000e+00
3.791403076171875000e+03 3.257910919189453125e+01 0.000000000000000000e+00
3.792275390625000000e+03 3.399983978271484375e+01 0.000000000000000000e+00
3.793149902343750000e+03 2.520722007751464844e+01 0.000000000000000000e+00
3.794022460937500000e+03 2.871075820922851562e+01 0.000000000000000000e+00
3.794897216796875000e+03 2.823170661926269531e+01 0.000000000000000000e+00
3.795770263671875000e+03 2.952205467224121094e+01 0.000000000000000000e+00
3.796645507812500000e+03 3.027987861633300781e+01 0.000000000000000000e+00
3.797519042968750000e+03 2.846728324890136719e+01 0.000000000000000000e+00
3.798392578125000000e+03 3.497117614746093750e+01 0.000000000000000000e+00
3.799268554687500000e+03 3.258231353759765625e+01 0.000000000000000000e+00
3.800142578125000000e+03 3.048895835876464844e+01 0.000000000000000000e+00
3.801018798828125000e+03 2.612802314758300781e+01 0.000000000000000000e+00
3.801893310546875000e+03 2.422752952575683594e+01 0.000000000000000000e+00
3.802770019531250000e+03 2.991852760314941406e+01 0.000000000000000000e+00
3.803644775390625000e+03 3.396466445922851562e+01 0.000000000000000000e+00
3.804521972656250000e+03 2.888165092468261719e+01 0.000000000000000000e+00
3.805397216796875000e+03 2.428824234008789062e+01 0.000000000000000000e+00
3.806272705078125000e+03 3.254264450073242188e+01 0.000000000000000000e+00
3.807150390625000000e+03 3.455983352661132812e+01 0.000000000000000000e+00
3.808026123046875000e+03 2.413491630554199219e+01 0.000000000000000000e+00
3.808904296875000000e+03 3.600626373291015625e+01 0.000000000000000000e+00
3.809780517578125000e+03 2.638990211486816406e+01 0.000000000000000000e+00
3.810658935546875000e+03 3.363269424438476562e+01 0.000000000000000000e+00
3.811535644531250000e+03 3.277720642089843750e+01 0.000000000000000000e+00
3.812412597656250000e+03 2.459057235717773438e+01 0.000000000000000000e+00
3.813291748046875000e+03 2.771675872802734375e+01 0.000000000000000000e+00
3.814168945312500000e+03 3.279431533813476562e+01 0.000000000000000000e+00
3.815048339843750000e+03 3.428749084472656250e+01 0.000000000000000000e+00
3.815926025390625000e+03 3.143020629882812500e+01 0.000000000000000000e+00
3.816805908203125000e+03 3.112398529052734375e+01 0.000000000000000000e+00
3.817684082031250000e+03 3.190489387512207031e+01 0.000000000000000000e+00
3.818562255859375000e+03 2.966248321533203125e+01 0.000000000000000000e+00
3.819442871093750000e+03 2.854925155639648438e+01 0.000000000000000000e+00
3.820321533203125000e+03 3.056465911865234375e+01 0.000000000000000000e+00
3.821202392578125000e+03 2.806494712829589844e+01 0.000000000000000000e+00
3.822081542968750000e+03 3.049035263061523438e+01 0.000000000000000000e+00
3.822962890625000000e+03 3.276005554199218750e+01 0.000000000000000000e+00
3.823842285156250000e+03 2.934165191650390625e+01 0.000000000000000000e+00
3.824721923828125000e+03 3.264207077026367188e+01 0.000000000000000000e+00
3.825604003906250000e+03 2.989497375488281250e+01 0.000000000000000000e+00
3.826484130859375000e+03 2.983604049682617188e+01 0.000000000000000000e+00
3.827366455078125000e+03 3.240317916870117188e+01 0.000000000000000000e+00
3.828246826171875000e+03 3.259373474121093750e+01 0.000000000000000000e+00
3.829129638671875000e+03 3.097510528564453125e+01 0.000000000000000000e+00
3.830010498046875000e+03 3.521748352050781250e+01 0.000000000000000000e+00
3.830891601562500000e+03 3.551034927368164062e+01 0.000000000000000000e+00
3.831775146484375000e+03 3.460498809814453125e+01 0.000000000000000000e+00
3.832656494140625000e+03 3.005591392517089844e+01 0.000000000000000000e+00
3.833540283203125000e+03 2.868027877807617188e+01 0.000000000000000000e+00
3.834422363281250000e+03 3.387373352050781250e+01 0.000000000000000000e+00
3.835306396484375000e+03 3.273122406005859375e+01 0.000000000000000000e+00
3.836188720703125000e+03 3.135951042175292969e+01 0.000000000000000000e+00
3.837071289062500000e+03 3.496582031250000000e+01 0.000000000000000000e+00
3.837956054687500000e+03 3.258113098144531250e+01 0.000000000000000000e+00
3.838839111328125000e+03 3.167056465148925781e+01 0.000000000000000000e+00
3.839724365234375000e+03 3.721940612792968750e+01 0.000000000000000000e+00
3.840607666015625000e+03 3.098642539978027344e+01 0.000000000000000000e+00
3.841493164062500000e+03 3.546899032592773438e+01 0.000000000000000000e+00
3.842376953125000000e+03 3.027450752258300781e+01 0.000000000000000000e+00
3.843260986328125000e+03 3.616277313232421875e+01 0.000000000000000000e+00
3.844147216796875000e+03 4.009534835815429688e+01 0.000000000000000000e+00
3.845031494140625000e+03 2.865456390380859375e+01 0.000000000000000000e+00
3.845918212890625000e+03 3.500102615356445312e+01 0.000000000000000000e+00
3.846802978515625000e+03 3.319112396240234375e+01 0.000000000000000000e+00
3.847689941406250000e+03 3.345304489135742188e+01 0.000000000000000000e+00
3.848575195312500000e+03 3.219150543212890625e+01 0.000000000000000000e+00
3.849460449218750000e+03 2.981910514831542969e+01 0.000000000000000000e+00
3.850348144531250000e+03 3.037138175964355469e+01 0.000000000000000000e+00
3.851233886718750000e+03 3.142186546325683594e+01 0.000000000000000000e+00
3.852122070312500000e+03 3.035131454467773438e+01 0.000000000000000000e+00
3.853008300781250000e+03 2.719015312194824219e+01 0.000000000000000000e+00
3.853896728515625000e+03 2.748024559020996094e+01 0.000000000000000000e+00
3.854783203125000000e+03 2.715355110168457031e+01 0.000000000000000000e+00
3.855670166015625000e+03 2.523184585571289062e+01 0.000000000000000000e+00
3.856559082031250000e+03 3.316522216796875000e+01 0.000000000000000000e+00
3.857446289062500000e+03 3.341309356689453125e+01 0.000000000000000000e+00
3.858335937500000000e+03 3.440243911743164062e+01 0.000000000000000000e+00
3.859223388671875000e+03 3.299303054809570312e+01 0.000000000000000000e+00
3.860113525390625000e+03 3.292389678955078125e+01 0.000000000000000000e+00
3.861001464843750000e+03 3.512557983398437500e+01 0.000000000000000000e+00
3.861889648437500000e+03 2.830390930175781250e+01 0.000000000000000000e+00
3.862780273437500000e+03 3.113340377807617188e+01 0.000000000000000000e+00
3.863668945312500000e+03 2.837183570861816406e+01 0.000000000000000000e+00
3.864559814453125000e+03 2.522279930114746094e+01 0.000000000000000000e+00
3.865448730468750000e+03 2.739191627502441406e+01 0.000000000000000000e+00
3.866340087890625000e+03 3.180350875854492188e+01 0.000000000000000000e+00
3.867229736328125000e+03 3.184831237792968750e+01 0.000000000000000000e+00
3.868121337890625000e+03 3.226384353637695312e+01 0.000000000000000000e+00
3.869011230468750000e+03 3.123128128051757812e+01 0.000000000000000000e+00
3.869901367187500000e+03 2.948661994934082031e+01 0.000000000000000000e+00
3.870793701171875000e+03 3.017680740356445312e+01 0.000000000000000000e+00
3.871684082031250000e+03 3.167062187194824219e+01 0.000000000000000000e+00
3.872576904296875000e+03 2.748186492919921875e+01 0.000000000000000000e+00
3.873467773437500000e+03 3.141316986083984375e+01 0.000000000000000000e+00
3.874361083984375000e+03 2.908686065673828125e+01 0.000000000000000000e+00
3.875252441406250000e+03 2.904244041442871094e+01 0.000000000000000000e+00
3.876143798828125000e+03 3.153145027160644531e+01 0.000000000000000000e+00
3.877037597656250000e+03 3.146794700622558594e+01 0.000000000000000000e+00
3.877929687500000000e+03 3.309087753295898438e+01 0.000000000000000000e+00
3.878823730468750000e+03 2.963320350646972656e+01 0.000000000000000000e+00
3.879716064453125000e+03 2.900313377380371094e+01 0.000000000000000000e+00
3.880610839843750000e+03 2.893379020690917969e+01 0.000000000000000000e+00
3.881503662109375000e+03 2.904637336730957031e+01 0.000000000000000000e+00
3.882396484375000000e+03 2.991297912597656250e+01 0.000000000000000000e+00
3.883291748046875000e+03 2.882646560668945312e+01 0.000000000000000000e+00
3.884185058593750000e+03 3.195648765563964844e+01 0.000000000000000000e+00
3.885080810546875000e+03 2.917560768127441406e+01 0.000000000000000000e+00
3.885974609375000000e+03 2.644658660888671875e+01 0.000000000000000000e+00
3.886870605468750000e+03 2.750513458251953125e+01 0.000000000000000000e+00
3.887764892578125000e+03 2.949324417114257812e+01 0.000000000000000000e+00
3.888659179687500000e+03 2.946513366699218750e+01 0.000000000000000000e+00
3.889555908203125000e+03 2.994888114929199219e+01 0.000000000000000000e+00
3.890450683593750000e+03 2.829798316955566406e+01 0.000000000000000000e+00
3.891347900390625000e+03 2.791993331909179688e+01 0.000000000000000000e+00
3.892242919921875000e+03 2.931467056274414062e+01 0.000000000000000000e+00
3.893140625000000000e+03 3.012326431274414062e+01 0.000000000000000000e+00
3.894036132812500000e+03 2.905443954467773438e+01 0.000000000000000000e+00
3.894931884765625000e+03 2.459632873535156250e+01 0.000000000000000000e+00
3.895830078125000000e+03 2.863562202453613281e+01 0.000000000000000000e+00
3.896726318359375000e+03 2.816776275634765625e+01 0.000000000000000000e+00
3.897625000000000000e+03 2.792852592468261719e+01 0.000000000000000000e+00
3.898521484375000000e+03 3.224674987792968750e+01 0.000000000000000000e+00
3.899420654296875000e+03 2.199901771545410156e+01 0.000000000000000000e+00
3.900317626953125000e+03 2.623276138305664062e+01 0.000000000000000000e+00
3.901214843750000000e+03 2.864280128479003906e+01 0.000000000000000000e+00
3.902114501953125000e+03 2.923720741271972656e+01 0.000000000000000000e+00
3.903012207031250000e+03 3.213656616210937500e+01 0.000000000000000000e+00
3.903912109375000000e+03 3.322842788696289062e+01 0.000000000000000000e+00
3.904810302734375000e+03 2.491431045532226562e+01 0.000000000000000000e+00
3.905710693359375000e+03 2.722867202758789062e+01 0.000000000000000000e+00
3.906609375000000000e+03 2.826456451416015625e+01 0.000000000000000000e+00
3.907508056640625000e+03 2.719153404235839844e+01 0.000000000000000000e+00
3.908408935546875000e+03 2.586889839172363281e+01 0.000000000000000000e+00
3.909308105468750000e+03 2.626708984375000000e+01 0.000000000000000000e+00
3.910209716796875000e+03 3.031624031066894531e+01 0.000000000000000000e+00
3.911109130859375000e+03 2.837455177307128906e+01 0.000000000000000000e+00
3.912010986328125000e+03 3.100438117980957031e+01 0.000000000000000000e+00
3.912911132812500000e+03 3.212714004516601562e+01 0.000000000000000000e+00
3.913811279296875000e+03 3.036190605163574219e+01 0.000000000000000000e+00
3.914713623046875000e+03 2.871041679382324219e+01 0.000000000000000000e+00
3.915614257812500000e+03 2.568188858032226562e+01 0.000000000000000000e+00
3.916517089843750000e+03 2.797520065307617188e+01 0.000000000000000000e+00
3.917418212890625000e+03 3.164660453796386719e+01 0.000000000000000000e+00
3.918321533203125000e+03 3.133060073852539062e+01 0.000000000000000000e+00
3.919222900390625000e+03 2.968872642517089844e+01 0.000000000000000000e+00
3.920124511718750000e+03 3.082479858398437500e+01 0.000000000000000000e+00
3.921028564453125000e+03 3.081957626342773438e+01 0.000000000000000000e+00
3.921930664062500000e+03 2.757916641235351562e+01 0.000000000000000000e+00
3.922834960937500000e+03 2.522004508972167969e+01 0.000000000000000000e+00
3.923737304687500000e+03 2.865000343322753906e+01 0.000000000000000000e+00
3.924642089843750000e+03 3.236574935913085938e+01 0.000000000000000000e+00
3.925545166015625000e+03 3.051538467407226562e+01 0.000000000000000000e+00
3.926447998046875000e+03 3.006720352172851562e+01 0.000000000000000000e+00
3.927353515625000000e+03 3.252428054809570312e+01 0.000000000000000000e+00
3.928257080078125000e+03 2.947724342346191406e+01 0.000000000000000000e+00
3.929162841796875000e+03 2.907296752929687500e+01 0.000000000000000000e+00
3.930066894531250000e+03 3.078053283691406250e+01 0.000000000000000000e+00
3.930973144531250000e+03 2.889676856994628906e+01 0.000000000000000000e+00
3.931877441406250000e+03 2.791625404357910156e+01 0.000000000000000000e+00
3.932781982421875000e+03 3.054833412170410156e+01 0.000000000000000000e+00
3.933688720703125000e+03 2.890694808959960938e+01 0.000000000000000000e+00
3.934593750000000000e+03 2.830918502807617188e+01 0.000000000000000000e+00
3.935500976562500000e+03 2.873421287536621094e+01 0.000000000000000000e+00
3.936406250000000000e+03 2.779583549499511719e+01 0.000000000000000000e+00
3.937314208984375000e+03 3.025204086303710938e+01 0.000000000000000000e+00
3.938219970703125000e+03 3.123721122741699219e+01 0.000000000000000000e+00
3.939127929687500000e+03 2.919048881530761719e+01 0.000000000000000000e+00
3.940034179687500000e+03 2.938257980346679688e+01 0.000000000000000000e+00
3.940940673828125000e+03 3.079095840454101562e+01 0.000000000000000000e+00
3.941849365234375000e+03 3.043227767944335938e+01 0.000000000000000000e+00
3.942756103515625000e+03 3.202226638793945312e+01 0.000000000000000000e+00
3.943665283203125000e+03 3.348829269409179688e+01 0.000000000000000000e+00
3.944572509765625000e+03 2.978590202331542969e+01 0.000000000000000000e+00
3.945482177734375000e+03 3.127550315856933594e+01 0.000000000000000000e+00
3.946389892578125000e+03 3.077499580383300781e+01 0.000000000000000000e+00
3.947297851562500000e+03 2.330442428588867188e+01 0.000000000000000000e+00
3.948208007812500000e+03 2.996259498596191406e+01 0.000000000000000000e+00
3.949116210937500000e+03 3.171734619140625000e+01 0.000000000000000000e+00
3.950026855468750000e+03 2.869517135620117188e+01 0.000000000000000000e+00
3.950935546875000000e+03 2.709915351867675781e+01 0.000000000000000000e+00
3.951846679687500000e+03 2.748429298400878906e+01 0.000000000000000000e+00
3.952755859375000000e+03 2.908935356140136719e+01 0.000000000000000000e+00
3.953665039062500000e+03 3.354185104370117188e+01 0.000000000000000000e+00
3.954576904296875000e+03 2.719997215270996094e+01 0.000000000000000000e+00
3.955486572265625000e+03 2.943441772460937500e+01 0.000000000000000000e+00
3.956398681640625000e+03 3.116658401489257812e+01 0.000000000000000000e+00
3.957308837890625000e+03 3.112924766540527344e+01 0.000000000000000000e+00
3.958221435546875000e+03 3.301848220825195312e+01 0.000000000000000000e+00
3.959132080078125000e+03 2.870088195800781250e+01 0.000000000000000000e+00
3.960042724609375000e+03 2.966008377075195312e+01 0.000000000000000000e+00
3.960956054687500000e+03 2.901428794860839844e+01 0.000000000000000000e+00
3.961867187500000000e+03 2.565162658691406250e+01 0.000000000000000000e+00
3.962780761718750000e+03 2.460134506225585938e+01 0.000000000000000000e+00
3.963692382812500000e+03 2.755673217773437500e+01 0.000000000000000000e+00
3.964606445312500000e+03 2.693229675292968750e+01 0.000000000000000000e+00
3.965518554687500000e+03 2.454508972167968750e+01 0.000000000000000000e+00
3.966430664062500000e+03 2.779772377014160156e+01 0.000000000000000000e+00
3.967345458984375000e+03 2.994814872741699219e+01 0.000000000000000000e+00
3.968258056640625000e+03 2.854153251647949219e+01 0.000000000000000000e+00
3.969173095703125000e+03 2.704487419128417969e+01 0.000000000000000000e+00
3.970086181640625000e+03 2.682697677612304688e+01 0.000000000000000000e+00
3.971001708984375000e+03 2.751408004760742188e+01 0.000000000000000000e+00
3.971915283203125000e+03 2.869972229003906250e+01 0.000000000000000000e+00
3.972829101562500000e+03 3.062495231628417969e+01 0.000000000000000000e+00
3.973745117187500000e+03 3.093232536315917969e+01 0.000000000000000000e+00
3.974659179687500000e+03 2.929324340820312500e+01 0.000000000000000000e+00
3.975575927734375000e+03 3.033125686645507812e+01 0.000000000000000000e+00
3.976490478515625000e+03 2.716517829895019531e+01 0.000000000000000000e+00
3.977407470703125000e+03 2.650129318237304688e+01 0.000000000000000000e+00
3.978322509765625000e+03 2.959692001342773438e+01 0.000000000000000000e+00
3.979237548828125000e+03 3.002492141723632812e+01 0.000000000000000000e+00
3.980155273437500000e+03 2.579610252380371094e+01 0.000000000000000000e+00
3.981070800781250000e+03 2.749578857421875000e+01 0.000000000000000000e+00
3.981988769531250000e+03 2.987863540649414062e+01 0.000000000000000000e+00
3.982904785156250000e+03 2.856800079345703125e+01 0.000000000000000000e+00
3.983823242187500000e+03 2.694104957580566406e+01 0.000000000000000000e+00
3.984739746093750000e+03 2.759185600280761719e+01 0.000000000000000000e+00
3.985656494140625000e+03 2.900921249389648438e+01 0.000000000000000000e+00
3.986575683593750000e+03 2.791556167602539062e+01 0.000000000000000000e+00
3.987492675781250000e+03 2.725932312011718750e+01 0.000000000000000000e+00
3.988412109375000000e+03 2.957001686096191406e+01 0.000000000000000000e+00
3.989329833984375000e+03 3.037328910827636719e+01 0.000000000000000000e+00
3.990249755859375000e+03 2.797068595886230469e+01 0.000000000000000000e+00
3.991167724609375000e+03 2.646820068359375000e+01 0.000000000000000000e+00
3.992085693359375000e+03 2.978582954406738281e+01 0.000000000000000000e+00
3.993006347656250000e+03 2.666669082641601562e+01 0.000000000000000000e+00
3.993925048828125000e+03 2.752859115600585938e+01 0.000000000000000000e+00
3.994845947265625000e+03 2.964878082275390625e+01 0.000000000000000000e+00
3.995764892578125000e+03 2.838388824462890625e+01 0.000000000000000000e+00
3.996686279296875000e+03 2.712597274780273438e+01 0.000000000000000000e+00
3.997605712890625000e+03 3.303075790405273438e+01 0.000000000000000000e+00
3.998525390625000000e+03 2.757464599609375000e+01 0.000000000000000000e+00
3.999447509765625000e+03 2.554463386535644531e+01 0.000000000000000000e+00
4.000367431640625000e+03 2.727078056335449219e+01 0.000000000000000000e+00
4.001290039062500000e+03 2.825908279418945312e+01 0.000000000000000000e+00
4.002210449218750000e+03 2.791088676452636719e+01 0.000000000000000000e+00
4.003133300781250000e+03 2.917593193054199219e+01 0.000000000000000000e+00
4.004054443359375000e+03 2.796996498107910156e+01 0.000000000000000000e+00
4.004975341796875000e+03 2.509613418579101562e+01 0.000000000000000000e+00
4.005898925781250000e+03 2.535338973999023438e+01 0.000000000000000000e+00
4.006820556640625000e+03 2.810101699829101562e+01 0.000000000000000000e+00
4.007744628906250000e+03 2.837738609313964844e+01 0.000000000000000000e+00
4.008666503906250000e+03 2.489443969726562500e+01 0.000000000000000000e+00
4.009590820312500000e+03 2.558847045898437500e+01 0.000000000000000000e+00
4.010513183593750000e+03 2.846129608154296875e+01 0.000000000000000000e+00
4.011437988281250000e+03 2.853520584106445312e+01 0.000000000000000000e+00
4.012360839843750000e+03 2.600550460815429688e+01 0.000000000000000000e+00
4.013283935546875000e+03 2.490571022033691406e+01 0.000000000000000000e+00
4.014209472656250000e+03 2.684111404418945312e+01 0.000000000000000000e+00
4.015132812500000000e+03 2.781929779052734375e+01 0.000000000000000000e+00
4.016058837890625000e+03 2.890277671813964844e+01 0.000000000000000000e+00
4.016982666015625000e+03 2.722180366516113281e+01 0.000000000000000000e+00
4.017908935546875000e+03 2.439173698425292969e+01 0.000000000000000000e+00
4.018833251953125000e+03 2.484944152832031250e+01 0.000000000000000000e+00
4.019757812500000000e+03 2.735733795166015625e+01 0.000000000000000000e+00
4.020684814453125000e+03 2.387628936767578125e+01 0.000000000000000000e+00
4.021609619140625000e+03 2.579984855651855469e+01 0.000000000000000000e+00
4.022537109375000000e+03 2.655554008483886719e+01 0.000000000000000000e+00
4.023462402343750000e+03 2.593531227111816406e+01 0.000000000000000000e+00
4.024390136718750000e+03 2.761133956909179688e+01 0.000000000000000000e+00
4.025316162109375000e+03 2.623291587829589844e+01 0.000000000000000000e+00
4.026242187500000000e+03 2.937418365478515625e+01 0.000000000000000000e+00
4.027170410156250000e+03 2.743862342834472656e+01 0.000000000000000000e+00
4.028096923828125000e+03 2.630795288085937500e+01 0.000000000000000000e+00
4.029025878906250000e+03 2.855117225646972656e+01 0.000000000000000000e+00
4.029952636718750000e+03 2.958090782165527344e+01 0.000000000000000000e+00
4.030882080078125000e+03 2.700124168395996094e+01 0.000000000000000000e+00
4.031809326171875000e+03 2.716583442687988281e+01 0.000000000000000000e+00
4.032736816406250000e+03 2.811384010314941406e+01 0.000000000000000000e+00
4.033666748046875000e+03 2.695936775207519531e+01 0.000000000000000000e+00
4.034594726562500000e+03 2.698076057434082031e+01 0.000000000000000000e+00
4.035525146484375000e+03 3.021863174438476562e+01 0.000000000000000000e+00
4.036453369140625000e+03 2.944125556945800781e+01 0.000000000000000000e+00
4.037384277343750000e+03 2.799089431762695312e+01 0.000000000000000000e+00
4.038312988281250000e+03 2.908829689025878906e+01 0.000000000000000000e+00
4.039241943359375000e+03 2.913504981994628906e+01 0.000000000000000000e+00
4.040173583984375000e+03 2.950680541992187500e+01 0.000000000000000000e+00
4.041103027343750000e+03 3.090246582031250000e+01 0.000000000000000000e+00
4.042034667968750000e+03 2.619306755065917969e+01 0.000000000000000000e+00
4.042964599609375000e+03 2.636997032165527344e+01 0.000000000000000000e+00
4.043896972656250000e+03 2.764978027343750000e+01 0.000000000000000000e+00
4.044827148437500000e+03 2.661199569702148438e+01 0.000000000000000000e+00
4.045757812500000000e+03 2.572774505615234375e+01 0.000000000000000000e+00
4.046690673828125000e+03 2.806632041931152344e+01 0.000000000000000000e+00
4.047621582031250000e+03 2.987590408325195312e+01 0.000000000000000000e+00
4.048554931640625000e+03 2.763464164733886719e+01 0.000000000000000000e+00
4.049486328125000000e+03 3.123364830017089844e+01 0.000000000000000000e+00
4.050420166015625000e+03 2.875553703308105469e+01 0.000000000000000000e+00
4.051352050781250000e+03 2.591326522827148438e+01 0.000000000000000000e+00
4.052283935546875000e+03 3.155611419677734375e+01 0.000000000000000000e+00
4.053218505859375000e+03 2.842494201660156250e+01 0.000000000000000000e+00
4.054150878906250000e+03 2.970134353637695312e+01 0.000000000000000000e+00
4.055085693359375000e+03 2.836948585510253906e+01 0.000000000000000000e+00
4.056018554687500000e+03 2.944385337829589844e+01 0.000000000000000000e+00
4.056953857421875000e+03 3.101506614685058594e+01 0.000000000000000000e+00
4.057887207031250000e+03 2.877376937866210938e+01 0.000000000000000000e+00
4.058820800781250000e+03 2.964083290100097656e+01 0.000000000000000000e+00
4.059756591796875000e+03 2.951754188537597656e+01 0.000000000000000000e+00
4.060690673828125000e+03 3.099867057800292969e+01 0.000000000000000000e+00
4.061626953125000000e+03 3.102959251403808594e+01 0.000000000000000000e+00
4.062561279296875000e+03 2.921140289306640625e+01 0.000000000000000000e+00
4.063498291015625000e+03 2.834734535217285156e+01 0.000000000000000000e+00
4.064433105468750000e+03 2.951452636718750000e+01 0.000000000000000000e+00
4.065367919921875000e+03 3.159527778625488281e+01 0.000000000000000000e+00
4.066305419921875000e+03 3.055267906188964844e+01 0.000000000000000000e+00
4.067240966796875000e+03 2.955039787292480469e+01 0.000000000000000000e+00
4.068178710937500000e+03 2.939702606201171875e+01 0.000000000000000000e+00
4.069114746093750000e+03 2.926036071777343750e+01 0.000000000000000000e+00
4.070052978515625000e+03 3.139885520935058594e+01 0.000000000000000000e+00
4.070989257812500000e+03 3.240493774414062500e+01 0.000000000000000000e+00
4.071925781250000000e+03 2.837251853942871094e+01 0.000000000000000000e+00
4.072864746093750000e+03 3.030541419982910156e+01 0.000000000000000000e+00
4.073801757812500000e+03 3.228645706176757812e+01 0.000000000000000000e+00
4.074741210937500000e+03 2.722846031188964844e+01 0.000000000000000000e+00
4.075678710937500000e+03 3.246094512939453125e+01 0.000000000000000000e+00
4.076618408203125000e+03 3.258414077758789062e+01 0.000000000000000000e+00
4.077556152343750000e+03 3.080626487731933594e+01 0.000000000000000000e+00
4.078494384765625000e+03 3.257947921752929688e+01 0.000000000000000000e+00
4.079434814453125000e+03 3.449708938598632812e+01 0.000000000000000000e+00
4.080373291015625000e+03 3.244569778442382812e+01 0.000000000000000000e+00
4.081314208984375000e+03 3.197341918945312500e+01 0.000000000000000000e+00
4.082253173828125000e+03 2.869822120666503906e+01 0.000000000000000000e+00
4.083194335937500000e+03 3.531871414184570312e+01 0.000000000000000000e+00
4.084133789062500000e+03 3.634132766723632812e+01 0.000000000000000000e+00
4.085075683593750000e+03 3.142965507507324219e+01 0.000000000000000000e+00
4.086015380859375000e+03 3.199303627014160156e+01 0.000000000000000000e+00
4.086955322265625000e+03 3.313533020019531250e+01 0.000000000000000000e+00
4.087897705078125000e+03 3.281880950927734375e+01 0.000000000000000000e+00
4.088838134765625000e+03 3.157035636901855469e+01 0.000000000000000000e+00
4.089781005859375000e+03 3.265181732177734375e+01 0.000000000000000000e+00
4.090721923828125000e+03 3.430525970458984375e+01 0.000000000000000000e+00
4.091665283203125000e+03 3.379006958007812500e+01 0.000000000000000000e+00
4.092606445312500000e+03 3.399900817871093750e+01 0.000000000000000000e+00
4.093548095703125000e+03 3.148492622375488281e+01 0.000000000000000000e+00
4.094491943359375000e+03 3.632484054565429688e+01 0.000000000000000000e+00
4.095433837890625000e+03 3.707961654663085938e+01 0.000000000000000000e+00
4.096378417968750000e+03 3.415822601318359375e+01 0.000000000000000000e+00
4.097320800781250000e+03 3.513871002197265625e+01 0.000000000000000000e+00
4.098265625000000000e+03 3.382977294921875000e+01 0.000000000000000000e+00
4.099208496093750000e+03 3.810099792480468750e+01 0.000000000000000000e+00
4.100151367187500000e+03 3.467585754394531250e+01 0.000000000000000000e+00
4.101096679687500000e+03 3.396406173706054688e+01 0.000000000000000000e+00
4.102040039062500000e+03 3.691093444824218750e+01 0.000000000000000000e+00
4.102986328125000000e+03 3.653940200805664062e+01 0.000000000000000000e+00
4.103930175781250000e+03 3.706104660034179688e+01 0.000000000000000000e+00
4.104876464843750000e+03 3.206800079345703125e+01 0.000000000000000000e+00
4.105820800781250000e+03 2.955129432678222656e+01 0.000000000000000000e+00
4.106765136718750000e+03 3.072964286804199219e+01 0.000000000000000000e+00
4.107712402343750000e+03 3.308203887939453125e+01 0.000000000000000000e+00
4.108657226562500000e+03 3.591480636596679688e+01 0.000000000000000000e+00
4.109604492187500000e+03 4.038468551635742188e+01 0.000000000000000000e+00
4.110550292968750000e+03 3.641881561279296875e+01 0.000000000000000000e+00
4.111498046875000000e+03 3.507729721069335938e+01 0.000000000000000000e+00
4.112443847656250000e+03 3.381444168090820312e+01 0.000000000000000000e+00
4.113389648437500000e+03 3.275549316406250000e+01 0.000000000000000000e+00
4.114338378906250000e+03 3.529892349243164062e+01 0.000000000000000000e+00
4.115285156250000000e+03 3.782765960693359375e+01 0.000000000000000000e+00
4.116233886718750000e+03 3.774526977539062500e+01 0.000000000000000000e+00
4.117180664062500000e+03 3.877112960815429688e+01 0.000000000000000000e+00
4.118130371093750000e+03 3.770008087158203125e+01 0.000000000000000000e+00
4.119077636718750000e+03 3.671728134155273438e+01 0.000000000000000000e+00
4.120025390625000000e+03 3.791625595092773438e+01 0.000000000000000000e+00
4.120975097656250000e+03 3.457920455932617188e+01 0.000000000000000000e+00
4.121923339843750000e+03 3.865174102783203125e+01 0.000000000000000000e+00
4.122874023437500000e+03 3.959811019897460938e+01 0.000000000000000000e+00
4.123822265625000000e+03 3.782969665527343750e+01 0.000000000000000000e+00
4.124773437500000000e+03 3.576432037353515625e+01 0.000000000000000000e+00
4.125722167968750000e+03 3.602585983276367188e+01 0.000000000000000000e+00
4.126671386718750000e+03 4.163011932373046875e+01 0.000000000000000000e+00
4.127623046875000000e+03 3.722520828247070312e+01 0.000000000000000000e+00
4.128572265625000000e+03 3.786812210083007812e+01 0.000000000000000000e+00
4.129524414062500000e+03 4.010315704345703125e+01 0.000000000000000000e+00
4.130474609375000000e+03 3.963332366943359375e+01 0.000000000000000000e+00
4.131426757812500000e+03 3.805704498291015625e+01 0.000000000000000000e+00
4.132377441406250000e+03 3.717636871337890625e+01 0.000000000000000000e+00
4.133328125000000000e+03 3.756167221069335938e+01 0.000000000000000000e+00
4.134281250000000000e+03 3.790998077392578125e+01 0.000000000000000000e+00
4.135232421875000000e+03 3.690335845947265625e+01 0.000000000000000000e+00
4.136185546875000000e+03 3.654255676269531250e+01 0.000000000000000000e+00
4.137137207031250000e+03 3.711553192138671875e+01 0.000000000000000000e+00
4.138091308593750000e+03 3.212891769409179688e+01 0.000000000000000000e+00
4.139043457031250000e+03 2.508444213867187500e+01 0.000000000000000000e+00
4.139995605468750000e+03 2.445713806152343750e+01 0.000000000000000000e+00
4.140950195312500000e+03 2.802914237976074219e+01 0.000000000000000000e+00
4.141902832031250000e+03 3.317401123046875000e+01 0.000000000000000000e+00
4.142857910156250000e+03 3.797731781005859375e+01 0.000000000000000000e+00
4.143811035156250000e+03 3.774944686889648438e+01 0.000000000000000000e+00
4.144766601562500000e+03 3.439009475708007812e+01 0.000000000000000000e+00
4.145720214843750000e+03 3.069187736511230469e+01 0.000000000000000000e+00
4.146673828125000000e+03 2.772134590148925781e+01 0.000000000000000000e+00
4.147629882812500000e+03 2.771359062194824219e+01 0.000000000000000000e+00
4.148583984375000000e+03 3.107068061828613281e+01 0.000000000000000000e+00
4.149540527343750000e+03 3.281475448608398438e+01 0.000000000000000000e+00
4.150495117187500000e+03 3.453393554687500000e+01 0.000000000000000000e+00
4.151452636718750000e+03 3.506208801269531250e+01 0.000000000000000000e+00
4.152407226562500000e+03 3.385511398315429688e+01 0.000000000000000000e+00
4.153362792968750000e+03 3.333998870849609375e+01 0.000000000000000000e+00
4.154320312500000000e+03 3.438938140869140625e+01 0.000000000000000000e+00
4.155276367187500000e+03 3.257679748535156250e+01 0.000000000000000000e+00
4.156234375000000000e+03 3.312772750854492188e+01 0.000000000000000000e+00
4.157190429687500000e+03 3.231690597534179688e+01 0.000000000000000000e+00
4.158148925781250000e+03 3.299446487426757812e+01 0.000000000000000000e+00
4.159105468750000000e+03 3.396804046630859375e+01 0.000000000000000000e+00
4.160064941406250000e+03 3.243180847167968750e+01 0.000000000000000000e+00
4.161021972656250000e+03 3.238493347167968750e+01 0.000000000000000000e+00
4.161979003906250000e+03 3.165302467346191406e+01 0.000000000000000000e+00
4.162938964843750000e+03 3.100403404235839844e+01 0.000000000000000000e+00
4.163896484375000000e+03 3.142882537841796875e+01 0.000000000000000000e+00
4.164856445312500000e+03 3.223176956176757812e+01 0.000000000000000000e+00
4.165814941406250000e+03 3.178377723693847656e+01 0.000000000000000000e+00
4.166775390625000000e+03 2.993243408203125000e+01 0.000000000000000000e+00
4.167733886718750000e+03 2.929141616821289062e+01 0.000000000000000000e+00
4.168692871093750000e+03 3.009288406372070312e+01 0.000000000000000000e+00
4.169653808593750000e+03 2.957837867736816406e+01 0.000000000000000000e+00
4.170613281250000000e+03 2.966479301452636719e+01 0.000000000000000000e+00
4.171575195312500000e+03 3.268663024902343750e+01 0.000000000000000000e+00
4.172534667968750000e+03 3.354950332641601562e+01 0.000000000000000000e+00
4.173497070312500000e+03 3.262963485717773438e+01 0.000000000000000000e+00
4.174457031250000000e+03 2.917115783691406250e+01 0.000000000000000000e+00
4.175417480468750000e+03 2.842429542541503906e+01 0.000000000000000000e+00
4.176379882812500000e+03 3.124097633361816406e+01 0.000000000000000000e+00
4.177340820312500000e+03 3.378079605102539062e+01 0.000000000000000000e+00
4.178304199218750000e+03 3.365328979492187500e+01 0.000000000000000000e+00
4.179265136718750000e+03 2.945854377746582031e+01 0.000000000000000000e+00
4.180229003906250000e+03 3.009156036376953125e+01 0.000000000000000000e+00
4.181190917968750000e+03 3.163845825195312500e+01 0.000000000000000000e+00
4.182152832031250000e+03 3.086190414428710938e+01 0.000000000000000000e+00
4.183117187500000000e+03 3.010997390747070312e+01 0.000000000000000000e+00
4.184079589843750000e+03 3.127786827087402344e+01 0.000000000000000000e+00
4.185044433593750000e+03 2.736749267578125000e+01 0.000000000000000000e+00
4.186006835937500000e+03 3.136519241333007812e+01 0.000000000000000000e+00
4.186972167968750000e+03 3.041424942016601562e+01 0.000000000000000000e+00
4.187935546875000000e+03 2.735714149475097656e+01 0.000000000000000000e+00
4.188898925781250000e+03 3.149629020690917969e+01 0.000000000000000000e+00
4.189864746093750000e+03 2.770065116882324219e+01 0.000000000000000000e+00
4.190828613281250000e+03 2.968361663818359375e+01 0.000000000000000000e+00
4.191794921875000000e+03 3.037085533142089844e+01 0.000000000000000000e+00
4.192759277343750000e+03 2.971925735473632812e+01 0.000000000000000000e+00
4.193726074218750000e+03 2.941376304626464844e+01 0.000000000000000000e+00
4.194690917968750000e+03 2.927495002746582031e+01 0.000000000000000000e+00
4.195655761718750000e+03 2.897608566284179688e+01 0.000000000000000000e+00
4.196623535156250000e+03 2.963382530212402344e+01 0.000000000000000000e+00
4.197588867187500000e+03 2.940124511718750000e+01 0.000000000000000000e+00
4.198557128906250000e+03 2.796654129028320312e+01 0.000000000000000000e+00
4.199522949218750000e+03 2.755153656005859375e+01 0.000000000000000000e+00
4.200491210937500000e+03 2.916100311279296875e+01 0.000000000000000000e+00
4.201457519531250000e+03 2.912049865722656250e+01 0.000000000000000000e+00
4.202423828125000000e+03 2.880635643005371094e+01 0.000000000000000000e+00
4.203393066406250000e+03 2.850071907043457031e+01 0.000000000000000000e+00
4.204359863281250000e+03 2.953719329833984375e+01 0.000000000000000000e+00
4.205329589843750000e+03 3.055327224731445312e+01 0.000000000000000000e+00
4.206296875000000000e+03 2.933867073059082031e+01 0.000000000000000000e+00
4.207267089843750000e+03 2.808531761169433594e+01 0.000000000000000000e+00
4.208234863281250000e+03 3.070091438293457031e+01 0.000000000000000000e+00
4.209203125000000000e+03 2.903661918640136719e+01 0.000000000000000000e+00
4.210173828125000000e+03 2.957644271850585938e+01 0.000000000000000000e+00
4.211142089843750000e+03 3.080414772033691406e+01 0.000000000000000000e+00
4.212113281250000000e+03 2.772630119323730469e+01 0.000000000000000000e+00
4.213082031250000000e+03 2.896922874450683594e+01 0.000000000000000000e+00
4.214053710937500000e+03 2.816765594482421875e+01 0.000000000000000000e+00
4.215022949218750000e+03 2.955472946166992188e+01 0.000000000000000000e+00
4.215992675781250000e+03 2.896514320373535156e+01 0.000000000000000000e+00
4.216964843750000000e+03 2.820417976379394531e+01 0.000000000000000000e+00
4.217935058593750000e+03 3.025600433349609375e+01 0.000000000000000000e+00
4.218907714843750000e+03 2.709359359741210938e+01 0.000000000000000000e+00
4.219878417968750000e+03 2.605568695068359375e+01 0.000000000000000000e+00
4.220851562500000000e+03 2.847101593017578125e+01 0.000000000000000000e+00
4.221822265625000000e+03 2.928517532348632812e+01 0.000000000000000000e+00
4.222793457031250000e+03 2.860948944091796875e+01 0.000000000000000000e+00
4.223767578125000000e+03 2.946169853210449219e+01 0.000000000000000000e+00
4.224739257812500000e+03 2.909260940551757812e+01 0.000000000000000000e+00
4.225713378906250000e+03 2.777959632873535156e+01 0.000000000000000000e+00
4.226685546875000000e+03 3.053158760070800781e+01 0.000000000000000000e+00
4.227660156250000000e+03 3.112948036193847656e+01 0.000000000000000000e+00
4.228632812500000000e+03 2.933242034912109375e+01 0.000000000000000000e+00
4.229605468750000000e+03 2.889860725402832031e+01 0.000000000000000000e+00
4.230580566406250000e+03 2.647291183471679688e+01 0.000000000000000000e+00
4.231554199218750000e+03 2.917156600952148438e+01 0.000000000000000000e+00
4.232529785156250000e+03 2.963980674743652344e+01 0.000000000000000000e+00
4.233503417968750000e+03 3.022774124145507812e+01 0.000000000000000000e+00
4.234479980468750000e+03 2.959440422058105469e+01 0.000000000000000000e+00
4.235454101562500000e+03 2.682715225219726562e+01 0.000000000000000000e+00
4.236430664062500000e+03 3.084062194824218750e+01 0.000000000000000000e+00
4.237405273437500000e+03 2.735149765014648438e+01 0.000000000000000000e+00
4.238379882812500000e+03 2.763157081604003906e+01 0.000000000000000000e+00
4.239357421875000000e+03 2.895889091491699219e+01 0.000000000000000000e+00
4.240332519531250000e+03 2.917893028259277344e+01 0.000000000000000000e+00
4.241310546875000000e+03 3.015296936035156250e+01 0.000000000000000000e+00
4.242286132812500000e+03 3.021925735473632812e+01 0.000000000000000000e+00
4.243264160156250000e+03 3.042956924438476562e+01 0.000000000000000000e+00
4.244240722656250000e+03 2.938412857055664062e+01 0.000000000000000000e+00
4.245216796875000000e+03 2.763567733764648438e+01 0.000000000000000000e+00
4.246195800781250000e+03 2.697670173645019531e+01 0.000000000000000000e+00
4.247172851562500000e+03 2.863033866882324219e+01 0.000000000000000000e+00
4.248151855468750000e+03 3.054776000976562500e+01 0.000000000000000000e+00
4.249129394531250000e+03 2.655642318725585938e+01 0.000000000000000000e+00
4.250109375000000000e+03 2.829238128662109375e+01 0.000000000000000000e+00
4.251086914062500000e+03 2.802750205993652344e+01 0.000000000000000000e+00
4.252064941406250000e+03 2.677994537353515625e+01 0.000000000000000000e+00
4.253045410156250000e+03 3.044299125671386719e+01 0.000000000000000000e+00
4.254023925781250000e+03 2.892881965637207031e+01 0.000000000000000000e+00
4.255004882812500000e+03 2.980955886840820312e+01 0.000000000000000000e+00
4.255983398437500000e+03 2.666814041137695312e+01 0.000000000000000000e+00
4.256964843750000000e+03 2.588615989685058594e+01 0.000000000000000000e+00
4.257944335937500000e+03 2.761026763916015625e+01 0.000000000000000000e+00
4.258923828125000000e+03 2.702481079101562500e+01 0.000000000000000000e+00
4.259905761718750000e+03 2.810849952697753906e+01 0.000000000000000000e+00
4.260885742187500000e+03 2.702529525756835938e+01 0.000000000000000000e+00
4.261868652343750000e+03 2.826767349243164062e+01 0.000000000000000000e+00
4.262849121093750000e+03 2.821984672546386719e+01 0.000000000000000000e+00
4.263832031250000000e+03 2.799943923950195312e+01 0.000000000000000000e+00
4.264812988281250000e+03 2.945514297485351562e+01 0.000000000000000000e+00
4.265793945312500000e+03 2.565674018859863281e+01 0.000000000000000000e+00
4.266777832031250000e+03 2.931232070922851562e+01 0.000000000000000000e+00
4.267759277343750000e+03 2.875531387329101562e+01 0.000000000000000000e+00
4.268743164062500000e+03 2.814592361450195312e+01 0.000000000000000000e+00
4.269725585937500000e+03 2.954120445251464844e+01 0.000000000000000000e+00
4.270709960937500000e+03 2.936881446838378906e+01 0.000000000000000000e+00
4.271692382812500000e+03 2.855769729614257812e+01 0.000000000000000000e+00
4.272675292968750000e+03 2.629279899597167969e+01 0.000000000000000000e+00
4.273660156250000000e+03 2.693907165527343750e+01 0.000000000000000000e+00
4.274643554687500000e+03 2.773171234130859375e+01 0.000000000000000000e+00
4.275629394531250000e+03 2.714629173278808594e+01 0.000000000000000000e+00
4.276612792968750000e+03 2.667042160034179688e+01 0.000000000000000000e+00
4.277599121093750000e+03 2.684230422973632812e+01 0.000000000000000000e+00
4.278583007812500000e+03 2.824627876281738281e+01 0.000000000000000000e+00
4.279567382812500000e+03 2.811027717590332031e+01 0.000000000000000000e+00
4.280554199218750000e+03 2.729764747619628906e+01 0.000000000000000000e+00
4.281539062500000000e+03 2.721218490600585938e+01 0.000000000000000000e+00
4.282526367187500000e+03 2.762241172790527344e+01 0.000000000000000000e+00
4.283511718750000000e+03 2.701188278198242188e+01 0.000000000000000000e+00
4.284499023437500000e+03 2.637594795227050781e+01 0.000000000000000000e+00
4.285484863281250000e+03 2.758512878417968750e+01 0.000000000000000000e+00
4.286470703125000000e+03 2.894581604003906250e+01 0.000000000000000000e+00
4.287458984375000000e+03 2.851558494567871094e+01 0.000000000000000000e+00
4.288445312500000000e+03 2.734839820861816406e+01 0.000000000000000000e+00
4.289434570312500000e+03 2.913570976257324219e+01 0.000000000000000000e+00
4.290421386718750000e+03 2.910406303405761719e+01 0.000000000000000000e+00
4.291410644531250000e+03 2.857710266113281250e+01 0.000000000000000000e+00
4.292397949218750000e+03 2.777402305603027344e+01 0.000000000000000000e+00
4.293385253906250000e+03 2.693953895568847656e+01 0.000000000000000000e+00
4.294375488281250000e+03 2.753228950500488281e+01 0.000000000000000000e+00
4.295363281250000000e+03 3.047621154785156250e+01 0.000000000000000000e+00
4.296353515625000000e+03 2.985523223876953125e+01 0.000000000000000000e+00
4.297342285156250000e+03 2.678021430969238281e+01 0.000000000000000000e+00
4.298333007812500000e+03 2.775061035156250000e+01 0.000000000000000000e+00
4.299321777343750000e+03 2.996398735046386719e+01 0.000000000000000000e+00
4.300311035156250000e+03 2.834482574462890625e+01 0.000000000000000000e+00
4.301302734375000000e+03 3.022558212280273438e+01 0.000000000000000000e+00
4.302291992187500000e+03 2.885069847106933594e+01 0.000000000000000000e+00
4.303284179687500000e+03 2.646375846862792969e+01 0.000000000000000000e+00
4.304274414062500000e+03 2.531309890747070312e+01 0.000000000000000000e+00
4.305266601562500000e+03 2.535377693176269531e+01 0.000000000000000000e+00
4.306257324218750000e+03 2.576769447326660156e+01 0.000000000000000000e+00
4.307247558593750000e+03 2.699529647827148438e+01 0.000000000000000000e+00
4.308241210937500000e+03 2.826514816284179688e+01 0.000000000000000000e+00
4.309231933593750000e+03 2.804556274414062500e+01 0.000000000000000000e+00
4.310226074218750000e+03 2.708143043518066406e+01 0.000000000000000000e+00
4.311217285156250000e+03 2.764651107788085938e+01 0.000000000000000000e+00
4.312211425781250000e+03 2.912697410583496094e+01 0.000000000000000000e+00
4.313203613281250000e+03 2.624694061279296875e+01 0.000000000000000000e+00
4.314198242187500000e+03 2.701449203491210938e+01 0.000000000000000000e+00
4.315190429687500000e+03 2.783715438842773438e+01 0.000000000000000000e+00
4.316183593750000000e+03 2.697284317016601562e+01 0.000000000000000000e+00
4.317178710937500000e+03 2.692278671264648438e+01 0.000000000000000000e+00
4.318171875000000000e+03 2.932470512390136719e+01 0.000000000000000000e+00
4.319167480468750000e+03 2.940438842773437500e+01 0.000000000000000000e+00
4.320161132812500000e+03 2.728809928894042969e+01 0.000000000000000000e+00
4.321157226562500000e+03 2.914808273315429688e+01 0.000000000000000000e+00
4.322151367187500000e+03 2.825997543334960938e+01 0.000000000000000000e+00
4.323145996093750000e+03 2.633676910400390625e+01 0.000000000000000000e+00
4.324142578125000000e+03 2.874592971801757812e+01 0.000000000000000000e+00
4.325137695312500000e+03 2.648100852966308594e+01 0.000000000000000000e+00
4.326134765625000000e+03 2.720700263977050781e+01 0.000000000000000000e+00
4.327129882812500000e+03 2.998564338684082031e+01 0.000000000000000000e+00
4.328127929687500000e+03 3.034183692932128906e+01 0.000000000000000000e+00
4.329123535156250000e+03 2.879015541076660156e+01 0.000000000000000000e+00
4.330119628906250000e+03 2.836258697509765625e+01 0.000000000000000000e+00
4.331118164062500000e+03 2.759443855285644531e+01 0.000000000000000000e+00
4.332114257812500000e+03 2.908557319641113281e+01 0.000000000000000000e+00
4.333113281250000000e+03 2.766562461853027344e+01 0.000000000000000000e+00
4.334110351562500000e+03 2.803447914123535156e+01 0.000000000000000000e+00
4.335109863281250000e+03 2.951344871520996094e+01 0.000000000000000000e+00
4.336106933593750000e+03 2.795793533325195312e+01 0.000000000000000000e+00
4.337104492187500000e+03 2.850609016418457031e+01 0.000000000000000000e+00
4.338104492187500000e+03 2.922174835205078125e+01 0.000000000000000000e+00
4.339102539062500000e+03 2.833323097229003906e+01 0.000000000000000000e+00
4.340103027343750000e+03 2.810480308532714844e+01 0.000000000000000000e+00
4.341101562500000000e+03 2.848681259155273438e+01 0.000000000000000000e+00
4.342102539062500000e+03 2.834642601013183594e+01 0.000000000000000000e+00
4.343101562500000000e+03 2.990651702880859375e+01 0.000000000000000000e+00
4.344100585937500000e+03 2.851991844177246094e+01 0.000000000000000000e+00
4.345102539062500000e+03 2.732980346679687500e+01 0.000000000000000000e+00
4.346102050781250000e+03 2.743426322937011719e+01 0.000000000000000000e+00
4.347104003906250000e+03 2.810486221313476562e+01 0.000000000000000000e+00
4.348104003906250000e+03 2.829100799560546875e+01 0.000000000000000000e+00
4.349106933593750000e+03 2.757681846618652344e+01 0.000000000000000000e+00
4.350107421875000000e+03 2.672237396240234375e+01 0.000000000000000000e+00
4.351107910156250000e+03 2.734806823730468750e+01 0.000000000000000000e+00
4.352111328125000000e+03 2.861251258850097656e+01 0.000000000000000000e+00
4.353112792968750000e+03 2.797206687927246094e+01 0.000000000000000000e+00
4.354116699218750000e+03 2.585851287841796875e+01 0.000000000000000000e+00
4.355118164062500000e+03 2.804072952270507812e+01 0.000000000000000000e+00
4.356122558593750000e+03 2.750386238098144531e+01 0.000000000000000000e+00
4.357124511718750000e+03 2.775309181213378906e+01 0.000000000000000000e+00
4.358126953125000000e+03 2.846393585205078125e+01 0.000000000000000000e+00
4.359131835937500000e+03 2.800824737548828125e+01 0.000000000000000000e+00
4.360134765625000000e+03 2.670901298522949219e+01 0.000000000000000000e+00
4.361140136718750000e+03 2.702970695495605469e+01 0.000000000000000000e+00
4.362143554687500000e+03 2.845742607116699219e+01 0.000000000000000000e+00
4.363149414062500000e+03 3.079514884948730469e+01 0.000000000000000000e+00
4.364152832031250000e+03 2.868815803527832031e+01 0.000000000000000000e+00
4.365156738281250000e+03 2.588963317871093750e+01 0.000000000000000000e+00
4.366163574218750000e+03 2.818313407897949219e+01 0.000000000000000000e+00
4.367167968750000000e+03 2.734930801391601562e+01 0.000000000000000000e+00
4.368175292968750000e+03 3.099995994567871094e+01 0.000000000000000000e+00
4.369180175781250000e+03 2.923386192321777344e+01 0.000000000000000000e+00
4.370187500000000000e+03 2.894592857360839844e+01 0.000000000000000000e+00
4.371192871093750000e+03 3.085364341735839844e+01 0.000000000000000000e+00
4.372198242187500000e+03 2.878481292724609375e+01 0.000000000000000000e+00
4.373206542968750000e+03 2.765616989135742188e+01 0.000000000000000000e+00
4.374212890625000000e+03 2.886065864562988281e+01 0.000000000000000000e+00
4.375221191406250000e+03 2.779770088195800781e+01 0.000000000000000000e+00
4.376228027343750000e+03 2.762269020080566406e+01 0.000000000000000000e+00
4.377236816406250000e+03 2.904348564147949219e+01 0.000000000000000000e+00
4.378244140625000000e+03 2.929582786560058594e+01 0.000000000000000000e+00
4.379251464843750000e+03 2.896095466613769531e+01 0.000000000000000000e+00
4.380261230468750000e+03 2.767908859252929688e+01 0.000000000000000000e+00
4.381268554687500000e+03 2.882670021057128906e+01 0.000000000000000000e+00
4.382279296875000000e+03 2.897204780578613281e+01 0.000000000000000000e+00
4.383287109375000000e+03 2.749968910217285156e+01 0.000000000000000000e+00
4.384297851562500000e+03 2.646852874755859375e+01 0.000000000000000000e+00
4.385306640625000000e+03 2.397060966491699219e+01 0.000000000000000000e+00
4.386315429687500000e+03 2.396985435485839844e+01 0.000000000000000000e+00
4.387326660156250000e+03 2.708935928344726562e+01 0.000000000000000000e+00
4.388335937500000000e+03 3.042427635192871094e+01 0.000000000000000000e+00
4.389348144531250000e+03 3.046337127685546875e+01 0.000000000000000000e+00
4.390357910156250000e+03 2.749503898620605469e+01 0.000000000000000000e+00
4.391370117187500000e+03 2.749871063232421875e+01 0.000000000000000000e+00
4.392380371093750000e+03 2.687915039062500000e+01 0.000000000000000000e+00
4.393393554687500000e+03 2.746444511413574219e+01 0.000000000000000000e+00
4.394404296875000000e+03 2.794742012023925781e+01 0.000000000000000000e+00
4.395415039062500000e+03 2.815942764282226562e+01 0.000000000000000000e+00
4.396428710937500000e+03 2.946274185180664062e+01 0.000000000000000000e+00
4.397439941406250000e+03 3.074857521057128906e+01 0.000000000000000000e+00
4.398454101562500000e+03 2.928640174865722656e+01 0.000000000000000000e+00
4.399465820312500000e+03 2.727911567687988281e+01 0.000000000000000000e+00
4.400480468750000000e+03 2.738405799865722656e+01 0.000000000000000000e+00
4.401492675781250000e+03 2.930011940002441406e+01 0.000000000000000000e+00
4.402505371093750000e+03 3.010692596435546875e+01 0.000000000000000000e+00
4.403520507812500000e+03 2.837029457092285156e+01 0.000000000000000000e+00
4.404533691406250000e+03 2.978061103820800781e+01 0.000000000000000000e+00
4.405549316406250000e+03 2.894864845275878906e+01 0.000000000000000000e+00
4.406562500000000000e+03 2.725314712524414062e+01 0.000000000000000000e+00
4.407578613281250000e+03 2.746531295776367188e+01 0.000000000000000000e+00
4.408592773437500000e+03 2.930789375305175781e+01 0.000000000000000000e+00
4.409606933593750000e+03 2.991854286193847656e+01 0.000000000000000000e+00
4.410624023437500000e+03 2.935232734680175781e+01 0.000000000000000000e+00
4.411638671875000000e+03 3.058152198791503906e+01 0.000000000000000000e+00
4.412655761718750000e+03 2.965486335754394531e+01 0.000000000000000000e+00
4.413670898437500000e+03 2.848403167724609375e+01 0.000000000000000000e+00
4.414688476562500000e+03 3.107062530517578125e+01 0.000000000000000000e+00
4.415704101562500000e+03 3.054828834533691406e+01 0.000000000000000000e+00
4.416720214843750000e+03 3.091611862182617188e+01 0.000000000000000000e+00
4.417738769531250000e+03 2.979063224792480469e+01 0.000000000000000000e+00
4.418754882812500000e+03 2.922084617614746094e+01 0.000000000000000000e+00
4.419773925781250000e+03 2.906064605712890625e+01 0.000000000000000000e+00
4.420790527343750000e+03 2.863433456420898438e+01 0.000000000000000000e+00
4.421810058593750000e+03 3.206835937500000000e+01 0.000000000000000000e+00
4.422827148437500000e+03 3.031064605712890625e+01 0.000000000000000000e+00
4.423844726562500000e+03 2.871783256530761719e+01 0.000000000000000000e+00
4.424864746093750000e+03 2.883649444580078125e+01 0.000000000000000000e+00
4.425882812500000000e+03 2.882260131835937500e+01 0.000000000000000000e+00
4.426903320312500000e+03 2.865914154052734375e+01 0.000000000000000000e+00
4.427921875000000000e+03 3.176368522644042969e+01 0.000000000000000000e+00
4.428942871093750000e+03 2.953298568725585938e+01 0.000000000000000000e+00
4.429961914062500000e+03 3.128988265991210938e+01 0.000000000000000000e+00
4.430980957031250000e+03 3.120228195190429688e+01 0.000000000000000000e+00
4.432002441406250000e+03 2.821329116821289062e+01 0.000000000000000000e+00
4.433021972656250000e+03 2.881996917724609375e+01 0.000000000000000000e+00
4.434044433593750000e+03 3.126026153564453125e+01 0.000000000000000000e+00
4.435064453125000000e+03 3.000258445739746094e+01 0.000000000000000000e+00
4.436087402343750000e+03 2.959513854980468750e+01 0.000000000000000000e+00
4.437107910156250000e+03 2.986588287353515625e+01 0.000000000000000000e+00
4.438128417968750000e+03 3.019495582580566406e+01 0.000000000000000000e+00
4.439151855468750000e+03 3.077070617675781250e+01 0.000000000000000000e+00
4.440173339843750000e+03 3.012752151489257812e+01 0.000000000000000000e+00
4.441196777343750000e+03 3.026427078247070312e+01 0.000000000000000000e+00
4.442218750000000000e+03 3.136065101623535156e+01 0.000000000000000000e+00
4.443243164062500000e+03 3.165854835510253906e+01 0.000000000000000000e+00
4.444265136718750000e+03 3.053641128540039062e+01 0.000000000000000000e+00
4.445287597656250000e+03 2.961515998840332031e+01 0.000000000000000000e+00
4.446312500000000000e+03 3.071641921997070312e+01 0.000000000000000000e+00
4.447335449218750000e+03 2.985350990295410156e+01 0.000000000000000000e+00
4.448361328125000000e+03 3.150685501098632812e+01 0.000000000000000000e+00
4.449384277343750000e+03 3.129099082946777344e+01 0.000000000000000000e+00
4.450410644531250000e+03 2.970732688903808594e+01 0.000000000000000000e+00
4.451434082031250000e+03 3.086947441101074219e+01 0.000000000000000000e+00
4.452458496093750000e+03 3.004493904113769531e+01 0.000000000000000000e+00
4.453484863281250000e+03 3.032104110717773438e+01 0.000000000000000000e+00
4.454509765625000000e+03 3.002775001525878906e+01 0.000000000000000000e+00
4.455536621093750000e+03 3.134396743774414062e+01 0.000000000000000000e+00
4.456561523437500000e+03 3.199876022338867188e+01 0.000000000000000000e+00
4.457589355468750000e+03 2.969054222106933594e+01 0.000000000000000000e+00
4.458614746093750000e+03 3.199395561218261719e+01 0.000000000000000000e+00
4.459640625000000000e+03 3.000357246398925781e+01 0.000000000000000000e+00
4.460668945312500000e+03 3.016262054443359375e+01 0.000000000000000000e+00
4.461695312500000000e+03 3.159319686889648438e+01 0.000000000000000000e+00
4.462724121093750000e+03 3.194104385375976562e+01 0.000000000000000000e+00
4.463750488281250000e+03 3.189793395996093750e+01 0.000000000000000000e+00
4.464779785156250000e+03 3.328389739990234375e+01 0.000000000000000000e+00
4.465807128906250000e+03 3.398892974853515625e+01 0.000000000000000000e+00
4.466836914062500000e+03 3.358654785156250000e+01 0.000000000000000000e+00
4.467864257812500000e+03 3.106870079040527344e+01 0.000000000000000000e+00
4.468892089843750000e+03 2.919005203247070312e+01 0.000000000000000000e+00
4.469922851562500000e+03 3.100283622741699219e+01 0.000000000000000000e+00
4.470951171875000000e+03 3.228004074096679688e+01 0.000000000000000000e+00
4.471981933593750000e+03 3.364555740356445312e+01 0.000000000000000000e+00
4.473010742187500000e+03 3.326614761352539062e+01 0.000000000000000000e+00
4.474042480468750000e+03 3.311670303344726562e+01 0.000000000000000000e+00
4.475071777343750000e+03 3.364313888549804688e+01 0.000000000000000000e+00
4.476101074218750000e+03 3.310707092285156250e+01 0.000000000000000000e+00
4.477133300781250000e+03 3.224929046630859375e+01 0.000000000000000000e+00
4.478163085937500000e+03 3.459248352050781250e+01 0.000000000000000000e+00
4.479195800781250000e+03 3.423373794555664062e+01 0.000000000000000000e+00
4.480226562500000000e+03 3.354860305786132812e+01 0.000000000000000000e+00
4.481259277343750000e+03 3.305527877807617188e+01 0.000000000000000000e+00
4.482290527343750000e+03 3.168280601501464844e+01 0.000000000000000000e+00
4.483321289062500000e+03 3.446526718139648438e+01 0.000000000000000000e+00
4.484355468750000000e+03 3.465699768066406250e+01 0.000000000000000000e+00
4.485387207031250000e+03 3.497993850708007812e+01 0.000000000000000000e+00
4.486421386718750000e+03 3.482894515991210938e+01 0.000000000000000000e+00
4.487453613281250000e+03 3.408227539062500000e+01 0.000000000000000000e+00
4.488488281250000000e+03 3.447432708740234375e+01 0.000000000000000000e+00
4.489520996093750000e+03 3.584022140502929688e+01 0.000000000000000000e+00
4.490553710937500000e+03 3.467610549926757812e+01 0.000000000000000000e+00
4.491588867187500000e+03 3.535519027709960938e+01 0.000000000000000000e+00
4.492622558593750000e+03 3.498730468750000000e+01 0.000000000000000000e+00
4.493658203125000000e+03 3.425687789916992188e+01 0.000000000000000000e+00
4.494691894531250000e+03 3.613989639282226562e+01 0.000000000000000000e+00
4.495728515625000000e+03 3.544793701171875000e+01 0.000000000000000000e+00
4.496762695312500000e+03 3.543618392944335938e+01 0.000000000000000000e+00
4.497797363281250000e+03 3.570475769042968750e+01 0.000000000000000000e+00
4.498834472656250000e+03 3.746492767333984375e+01 0.000000000000000000e+00
4.499869628906250000e+03 3.868431472778320312e+01 0.000000000000000000e+00
4.500907226562500000e+03 3.676877212524414062e+01 0.000000000000000000e+00
4.501942382812500000e+03 3.616083526611328125e+01 0.000000000000000000e+00
4.502980468750000000e+03 3.683371734619140625e+01 0.000000000000000000e+00
4.504016601562500000e+03 3.780170822143554688e+01 0.000000000000000000e+00
4.505052734375000000e+03 3.673577117919921875e+01 0.000000000000000000e+00
4.506091308593750000e+03 3.592232894897460938e+01 0.000000000000000000e+00
4.507127929687500000e+03 3.805275726318359375e+01 0.000000000000000000e+00
4.508167480468750000e+03 3.724065780639648438e+01 0.000000000000000000e+00
4.509204589843750000e+03 3.652881240844726562e+01 0.000000000000000000e+00
4.510244628906250000e+03 3.609307098388671875e+01 0.000000000000000000e+00
4.511282226562500000e+03 3.751537704467773438e+01 0.000000000000000000e+00
4.512319824218750000e+03 3.885360336303710938e+01 0.000000000000000000e+00
4.513360351562500000e+03 3.745067977905273438e+01 0.000000000000000000e+00
4.514398437500000000e+03 3.751589965820312500e+01 0.000000000000000000e+00
4.515439453125000000e+03 3.764822769165039062e+01 0.000000000000000000e+00
4.516478515625000000e+03 3.764345932006835938e+01 0.000000000000000000e+00
4.517520019531250000e+03 3.757638549804687500e+01 0.000000000000000000e+00
4.518559082031250000e+03 3.843112182617187500e+01 0.000000000000000000e+00
4.519598632812500000e+03 3.930186080932617188e+01 0.000000000000000000e+00
4.520640625000000000e+03 3.588508224487304688e+01 0.000000000000000000e+00
4.521680664062500000e+03 3.829549407958984375e+01 0.000000000000000000e+00
4.522723632812500000e+03 4.023500061035156250e+01 0.000000000000000000e+00
4.523764160156250000e+03 4.002384185791015625e+01 0.000000000000000000e+00
4.524807128906250000e+03 3.957419586181640625e+01 0.000000000000000000e+00
4.525848144531250000e+03 4.016776657104492188e+01 0.000000000000000000e+00
4.526889160156250000e+03 4.053358840942382812e+01 0.000000000000000000e+00
4.527933105468750000e+03 4.087465286254882812e+01 0.000000000000000000e+00
4.528974609375000000e+03 4.165330505371093750e+01 0.000000000000000000e+00
4.530019042968750000e+03 4.181324768066406250e+01 0.000000000000000000e+00
4.531061035156250000e+03 4.144284439086914062e+01 0.000000000000000000e+00
4.532105957031250000e+03 4.162328720092773438e+01 0.000000000000000000e+00
4.533148925781250000e+03 4.207086563110351562e+01 0.000000000000000000e+00
4.534191406250000000e+03 4.342084121704101562e+01 0.000000000000000000e+00
4.535237304687500000e+03 4.362146377563476562e+01 0.000000000000000000e+00
4.536280273437500000e+03 4.333210754394531250e+01 0.000000000000000000e+00
4.537326660156250000e+03 4.401405715942382812e+01 0.000000000000000000e+00
4.538370117187500000e+03 4.494004821777343750e+01 0.000000000000000000e+00
4.539416992187500000e+03 4.298972320556640625e+01 0.000000000000000000e+00
4.540460937500000000e+03 4.357784271240234375e+01 0.000000000000000000e+00
4.541505859375000000e+03 4.267926406860351562e+01 0.000000000000000000e+00
4.542552734375000000e+03 4.305970764160156250e+01 0.000000000000000000e+00
4.543598144531250000e+03 4.469575881958007812e+01 0.000000000000000000e+00
4.544645507812500000e+03 4.481660079956054688e+01 0.000000000000000000e+00
4.545691406250000000e+03 4.655630874633789062e+01 0.000000000000000000e+00
4.546739257812500000e+03 4.554487609863281250e+01 0.000000000000000000e+00
4.547785156250000000e+03 4.587420272827148438e+01 0.000000000000000000e+00
4.548833984375000000e+03 4.628406524658203125e+01 0.000000000000000000e+00
4.549880371093750000e+03 4.642307281494140625e+01 0.000000000000000000e+00
4.550927246093750000e+03 4.737618255615234375e+01 0.000000000000000000e+00
4.551976562500000000e+03 4.664883422851562500e+01 0.000000000000000000e+00
4.553023925781250000e+03 4.830275726318359375e+01 0.000000000000000000e+00
4.554073730468750000e+03 5.039466857910156250e+01 0.000000000000000000e+00
4.555121582031250000e+03 5.084774780273437500e+01 0.000000000000000000e+00
4.556171875000000000e+03 5.006424331665039062e+01 0.000000000000000000e+00
4.557219726562500000e+03 4.982172775268554688e+01 0.000000000000000000e+00
4.558268554687500000e+03 5.017810440063476562e+01 0.000000000000000000e+00
4.559319335937500000e+03 5.006047821044921875e+01 0.000000000000000000e+00
4.560368164062500000e+03 4.991707992553710938e+01 0.000000000000000000e+00
4.561419921875000000e+03 5.050547409057617188e+01 0.000000000000000000e+00
4.562469238281250000e+03 5.166909408569335938e+01 0.000000000000000000e+00
4.563521484375000000e+03 5.209509658813476562e+01 0.000000000000000000e+00
4.564571289062500000e+03 5.077006530761718750e+01 0.000000000000000000e+00
4.565621093750000000e+03 5.099652481079101562e+01 0.000000000000000000e+00
4.566674316406250000e+03 5.016685485839843750e+01 0.000000000000000000e+00
4.567724609375000000e+03 5.115882492065429688e+01 0.000000000000000000e+00
4.568777832031250000e+03 5.245726776123046875e+01 0.000000000000000000e+00
4.569829101562500000e+03 4.997032928466796875e+01 0.000000000000000000e+00
4.570882812500000000e+03 4.900667572021484375e+01 0.000000000000000000e+00
4.571934570312500000e+03 5.065606307983398438e+01 0.000000000000000000e+00
4.572986328125000000e+03 5.168727493286132812e+01 0.000000000000000000e+00
4.574040527343750000e+03 5.052478790283203125e+01 0.000000000000000000e+00
4.575092773437500000e+03 4.904223632812500000e+01 0.000000000000000000e+00
4.576147949218750000e+03 4.931972122192382812e+01 0.000000000000000000e+00
4.577200683593750000e+03 4.879455947875976562e+01 0.000000000000000000e+00
4.578255859375000000e+03 4.860603713989257812e+01 0.000000000000000000e+00
4.579309082031250000e+03 4.702334594726562500e+01 0.000000000000000000e+00
4.580362792968750000e+03 4.610292434692382812e+01 0.000000000000000000e+00
4.581418945312500000e+03 4.585742950439453125e+01 0.000000000000000000e+00
4.582473144531250000e+03 4.445812988281250000e+01 0.000000000000000000e+00
4.583529785156250000e+03 4.383265686035156250e+01 0.000000000000000000e+00
4.584583984375000000e+03 4.268647384643554688e+01 0.000000000000000000e+00
4.585641113281250000e+03 4.292154693603515625e+01 0.000000000000000000e+00
4.586696289062500000e+03 4.240456390380859375e+01 0.000000000000000000e+00
4.587751464843750000e+03 4.053708267211914062e+01 0.000000000000000000e+00
4.588809082031250000e+03 3.968435668945312500e+01 0.000000000000000000e+00
4.589864746093750000e+03 4.043373489379882812e+01 0.000000000000000000e+00
4.590923339843750000e+03 3.890691375732421875e+01 0.000000000000000000e+00
4.591979492187500000e+03 3.943304824829101562e+01 0.000000000000000000e+00
4.593038574218750000e+03 4.000122070312500000e+01 0.000000000000000000e+00
4.594095214843750000e+03 3.902690124511718750e+01 0.000000000000000000e+00
4.595151855468750000e+03 3.815639114379882812e+01 0.000000000000000000e+00
4.596211425781250000e+03 3.801111602783203125e+01 0.000000000000000000e+00
4.597269042968750000e+03 3.693270111083984375e+01 0.000000000000000000e+00
4.598329101562500000e+03 3.614248275756835938e+01 0.000000000000000000e+00
4.599386718750000000e+03 3.635698318481445312e+01 0.000000000000000000e+00
4.600447265625000000e+03 3.656245803833007812e+01 0.000000000000000000e+00
4.601505859375000000e+03 3.572464752197265625e+01 0.000000000000000000e+00
4.602564453125000000e+03 3.547375488281250000e+01 0.000000000000000000e+00
4.603625488281250000e+03 3.534077453613281250e+01 0.000000000000000000e+00
4.604684570312500000e+03 3.570280456542968750e+01 0.000000000000000000e+00
4.605746582031250000e+03 3.600055313110351562e+01 0.000000000000000000e+00
4.606806152343750000e+03 3.545024490356445312e+01 0.000000000000000000e+00
4.607868652343750000e+03 3.427796936035156250e+01 0.000000000000000000e+00
4.608928222656250000e+03 3.411440277099609375e+01 0.000000000000000000e+00
4.609988769531250000e+03 3.393819808959960938e+01 0.000000000000000000e+00
4.611051757812500000e+03 3.520998001098632812e+01 0.000000000000000000e+00
4.612112792968750000e+03 3.437995147705078125e+01 0.000000000000000000e+00
4.613176269531250000e+03 3.295703125000000000e+01 0.000000000000000000e+00
4.614237304687500000e+03 3.458793640136718750e+01 0.000000000000000000e+00
4.615301269531250000e+03 3.308178710937500000e+01 0.000000000000000000e+00
4.616363281250000000e+03 3.435085296630859375e+01 0.000000000000000000e+00
4.617425292968750000e+03 3.329755020141601562e+01 0.000000000000000000e+00
4.618489746093750000e+03 3.281021118164062500e+01 0.000000000000000000e+00
4.619552246093750000e+03 3.291722869873046875e+01 0.000000000000000000e+00
4.620617675781250000e+03 3.075030899047851562e+01 0.000000000000000000e+00
4.621680664062500000e+03 3.146484947204589844e+01 0.000000000000000000e+00
4.622746582031250000e+03 3.194588661193847656e+01 0.000000000000000000e+00
4.623809570312500000e+03 3.231880950927734375e+01 0.000000000000000000e+00
4.624873535156250000e+03 3.181743049621582031e+01 0.000000000000000000e+00
4.625939941406250000e+03 3.141953086853027344e+01 0.000000000000000000e+00
4.627004394531250000e+03 3.237284088134765625e+01 0.000000000000000000e+00
4.628071289062500000e+03 3.169364166259765625e+01 0.000000000000000000e+00
4.629135742187500000e+03 3.109333801269531250e+01 0.000000000000000000e+00
4.630203125000000000e+03 3.255542755126953125e+01 0.000000000000000000e+00
4.631268554687500000e+03 3.095544624328613281e+01 0.000000000000000000e+00
4.632336425781250000e+03 2.933554840087890625e+01 0.000000000000000000e+00
4.633402343750000000e+03 3.324098587036132812e+01 0.000000000000000000e+00
4.634467773437500000e+03 3.089563941955566406e+01 0.000000000000000000e+00
4.635536621093750000e+03 2.821492195129394531e+01 0.000000000000000000e+00
4.636603027343750000e+03 2.818220710754394531e+01 0.000000000000000000e+00
4.637672363281250000e+03 3.023043823242187500e+01 0.000000000000000000e+00
4.638739257812500000e+03 3.185950279235839844e+01 0.000000000000000000e+00
4.639809082031250000e+03 3.125629615783691406e+01 0.000000000000000000e+00
4.640876464843750000e+03 3.043386268615722656e+01 0.000000000000000000e+00
4.641943847656250000e+03 3.117729568481445312e+01 0.000000000000000000e+00
4.643014160156250000e+03 3.190310287475585938e+01 0.000000000000000000e+00
4.644082519531250000e+03 3.095364379882812500e+01 0.000000000000000000e+00
4.645153320312500000e+03 3.009858131408691406e+01 0.000000000000000000e+00
4.646222167968750000e+03 3.139630126953125000e+01 0.000000000000000000e+00
4.647293457031250000e+03 3.076717567443847656e+01 0.000000000000000000e+00
4.648362304687500000e+03 2.979826927185058594e+01 0.000000000000000000e+00
4.649431640625000000e+03 2.939868354797363281e+01 0.000000000000000000e+00
4.650503906250000000e+03 2.998266029357910156e+01 0.000000000000000000e+00
4.651573730468750000e+03 2.980609321594238281e+01 0.000000000000000000e+00
4.652646484375000000e+03 2.846060943603515625e+01 0.000000000000000000e+00
4.653716796875000000e+03 3.114960670471191406e+01 0.000000000000000000e+00
4.654790039062500000e+03 2.948827362060546875e+01 0.000000000000000000e+00
4.655860839843750000e+03 3.003597831726074219e+01 0.000000000000000000e+00
4.656931640625000000e+03 2.976562690734863281e+01 0.000000000000000000e+00
4.658005859375000000e+03 2.867450332641601562e+01 0.000000000000000000e+00
4.659077148437500000e+03 3.051859283447265625e+01 0.000000000000000000e+00
4.660151855468750000e+03 2.976438331604003906e+01 0.000000000000000000e+00
4.661223632812500000e+03 2.871784973144531250e+01 0.000000000000000000e+00
4.662298339843750000e+03 2.919773483276367188e+01 0.000000000000000000e+00
4.663371093750000000e+03 2.975993728637695312e+01 0.000000000000000000e+00
4.664443847656250000e+03 2.944308662414550781e+01 0.000000000000000000e+00
4.665519531250000000e+03 2.937258911132812500e+01 0.000000000000000000e+00
4.666592773437500000e+03 3.062196159362792969e+01 0.000000000000000000e+00
4.667668945312500000e+03 2.964669799804687500e+01 0.000000000000000000e+00
4.668742675781250000e+03 2.970545578002929688e+01 0.000000000000000000e+00
4.669819335937500000e+03 2.890665054321289062e+01 0.000000000000000000e+00
4.670893554687500000e+03 2.777780914306640625e+01 0.000000000000000000e+00
4.671968261718750000e+03 2.902277946472167969e+01 0.000000000000000000e+00
4.673045410156250000e+03 2.902435493469238281e+01 0.000000000000000000e+00
4.674120605468750000e+03 2.921326828002929688e+01 0.000000000000000000e+00
4.675198242187500000e+03 2.940451622009277344e+01 0.000000000000000000e+00
4.676273925781250000e+03 2.971922683715820312e+01 0.000000000000000000e+00
4.677352050781250000e+03 2.986044883728027344e+01 0.000000000000000000e+00
4.678428222656250000e+03 2.975838279724121094e+01 0.000000000000000000e+00
4.679504394531250000e+03 3.053747940063476562e+01 0.000000000000000000e+00
4.680583496093750000e+03 2.801874351501464844e+01 0.000000000000000000e+00
4.681660156250000000e+03 2.856517791748046875e+01 0.000000000000000000e+00
4.682739746093750000e+03 2.875325775146484375e+01 0.000000000000000000e+00
4.683817382812500000e+03 2.777523040771484375e+01 0.000000000000000000e+00
4.684897460937500000e+03 2.895822525024414062e+01 0.000000000000000000e+00
4.685975097656250000e+03 2.844575309753417969e+01 0.000000000000000000e+00
4.687053222656250000e+03 2.891505622863769531e+01 0.000000000000000000e+00
4.688133789062500000e+03 2.735374259948730469e+01 0.000000000000000000e+00
4.689212402343750000e+03 2.708313941955566406e+01 0.000000000000000000e+00
4.690293457031250000e+03 2.871305847167968750e+01 0.000000000000000000e+00
4.691372558593750000e+03 2.850396156311035156e+01 0.000000000000000000e+00
4.692454589843750000e+03 2.714504623413085938e+01 0.000000000000000000e+00
4.693534179687500000e+03 2.853815460205078125e+01 0.000000000000000000e+00
4.694613769531250000e+03 2.829102134704589844e+01 0.000000000000000000e+00
4.695696289062500000e+03 2.810006332397460938e+01 0.000000000000000000e+00
4.696776367187500000e+03 2.878370285034179688e+01 0.000000000000000000e+00
4.697859375000000000e+03 2.832832717895507812e+01 0.000000000000000000e+00
4.698940429687500000e+03 2.801158142089843750e+01 0.000000000000000000e+00
4.700023925781250000e+03 2.925260353088378906e+01 0.000000000000000000e+00
4.701104980468750000e+03 2.900046730041503906e+01 0.000000000000000000e+00
4.702186523437500000e+03 2.804271316528320312e+01 0.000000000000000000e+00
4.703270996093750000e+03 2.795091629028320312e+01 0.000000000000000000e+00
4.704353027343750000e+03 2.861022186279296875e+01 0.000000000000000000e+00
4.705437500000000000e+03 2.894230079650878906e+01 0.000000000000000000e+00
4.706520019531250000e+03 2.983387184143066406e+01 0.000000000000000000e+00
4.707605468750000000e+03 2.988110733032226562e+01 0.000000000000000000e+00
4.708688476562500000e+03 2.896533966064453125e+01 0.000000000000000000e+00
4.709771972656250000e+03 2.851431846618652344e+01 0.000000000000000000e+00
4.710857910156250000e+03 2.927034378051757812e+01 0.000000000000000000e+00
4.711941406250000000e+03 2.867229270935058594e+01 0.000000000000000000e+00
4.713028320312500000e+03 2.752505493164062500e+01 0.000000000000000000e+00
4.714112304687500000e+03 2.918253898620605469e+01 0.000000000000000000e+00
4.715199218750000000e+03 3.016127014160156250e+01 0.000000000000000000e+00
4.716284179687500000e+03 2.874826240539550781e+01 0.000000000000000000e+00
4.717371582031250000e+03 2.763553619384765625e+01 0.000000000000000000e+00
4.718457031250000000e+03 2.785491752624511719e+01 0.000000000000000000e+00
4.719542480468750000e+03 2.772066116333007812e+01 0.000000000000000000e+00
4.720630859375000000e+03 2.847360038757324219e+01 0.000000000000000000e+00
4.721716796875000000e+03 2.819713783264160156e+01 0.000000000000000000e+00
4.722805664062500000e+03 2.839318847656250000e+01 0.000000000000000000e+00
4.723892089843750000e+03 3.059720802307128906e+01 0.000000000000000000e+00
4.724981445312500000e+03 2.724387168884277344e+01 0.000000000000000000e+00
4.726068359375000000e+03 2.933025360107421875e+01 0.000000000000000000e+00
4.727155273437500000e+03 3.003098106384277344e+01 0.000000000000000000e+00
4.728245605468750000e+03 2.939210700988769531e+01 0.000000000000000000e+00
4.729333496093750000e+03 2.930111694335937500e+01 0.000000000000000000e+00
4.730423828125000000e+03 2.895654487609863281e+01 0.000000000000000000e+00
4.731512207031250000e+03 2.779140853881835938e+01 0.000000000000000000e+00
4.732603027343750000e+03 2.732998847961425781e+01 0.000000000000000000e+00
4.733691894531250000e+03 2.866868591308593750e+01 0.000000000000000000e+00
4.734780761718750000e+03 2.907098197937011719e+01 0.000000000000000000e+00
4.735872558593750000e+03 2.784215736389160156e+01 0.000000000000000000e+00
4.736962402343750000e+03 2.751228141784667969e+01 0.000000000000000000e+00
4.738054687500000000e+03 2.864347457885742188e+01 0.000000000000000000e+00
4.739144531250000000e+03 2.795568084716796875e+01 0.000000000000000000e+00
4.740237304687500000e+03 2.781719970703125000e+01 0.000000000000000000e+00
4.741327636718750000e+03 2.795499229431152344e+01 0.000000000000000000e+00
4.742418457031250000e+03 2.845856666564941406e+01 0.000000000000000000e+00
4.743512207031250000e+03 2.923534774780273438e+01 0.000000000000000000e+00
4.744603515625000000e+03 2.669942474365234375e+01 0.000000000000000000e+00
4.745697265625000000e+03 2.777672576904296875e+01 0.000000000000000000e+00
4.746789062500000000e+03 2.806899833679199219e+01 0.000000000000000000e+00
4.747883789062500000e+03 2.810489082336425781e+01 0.000000000000000000e+00
4.748976074218750000e+03 2.855772972106933594e+01 0.000000000000000000e+00
4.750068359375000000e+03 2.843824005126953125e+01 0.000000000000000000e+00
4.751164062500000000e+03 2.926107215881347656e+01 0.000000000000000000e+00
4.752256835937500000e+03 2.806174278259277344e+01 0.000000000000000000e+00
4.753352539062500000e+03 2.812422561645507812e+01 0.000000000000000000e+00
4.754446289062500000e+03 2.853436660766601562e+01 0.000000000000000000e+00
4.755542480468750000e+03 2.841372299194335938e+01 0.000000000000000000e+00
4.756636718750000000e+03 2.832543373107910156e+01 0.000000000000000000e+00
4.757730957031250000e+03 2.741035842895507812e+01 0.000000000000000000e+00
4.758828125000000000e+03 2.970929718017578125e+01 0.000000000000000000e+00
4.759922851562500000e+03 2.926041603088378906e+01 0.000000000000000000e+00
4.761020507812500000e+03 2.838661193847656250e+01 0.000000000000000000e+00
4.762115722656250000e+03 2.849874305725097656e+01 0.000000000000000000e+00
4.763213867187500000e+03 2.754183387756347656e+01 0.000000000000000000e+00
4.764309570312500000e+03 2.786136817932128906e+01 0.000000000000000000e+00
4.765405761718750000e+03 2.828392601013183594e+01 0.000000000000000000e+00
4.766504394531250000e+03 2.722386932373046875e+01 0.000000000000000000e+00
4.767601074218750000e+03 2.747074127197265625e+01 0.000000000000000000e+00
4.768700195312500000e+03 2.915407180786132812e+01 0.000000000000000000e+00
4.769797363281250000e+03 2.890845870971679688e+01 0.000000000000000000e+00
4.770897460937500000e+03 2.727170944213867188e+01 0.000000000000000000e+00
4.771995117187500000e+03 2.846808624267578125e+01 0.000000000000000000e+00
4.773092773437500000e+03 2.874410438537597656e+01 0.000000000000000000e+00
4.774193359375000000e+03 2.778014945983886719e+01 0.000000000000000000e+00
4.775291503906250000e+03 2.751156616210937500e+01 0.000000000000000000e+00
4.776392578125000000e+03 2.844900703430175781e+01 0.000000000000000000e+00
4.777491699218750000e+03 2.774917793273925781e+01 0.000000000000000000e+00
4.778593261718750000e+03 2.642848014831542969e+01 0.000000000000000000e+00
4.779692382812500000e+03 2.700894546508789062e+01 0.000000000000000000e+00
4.780791992187500000e+03 2.765732574462890625e+01 0.000000000000000000e+00
4.781894531250000000e+03 2.780269813537597656e+01 0.000000000000000000e+00
4.782994628906250000e+03 2.821035766601562500e+01 0.000000000000000000e+00
4.784097656250000000e+03 2.614509010314941406e+01 0.000000000000000000e+00
4.785198242187500000e+03 2.720436477661132812e+01 0.000000000000000000e+00
4.786301757812500000e+03 2.826092910766601562e+01 0.000000000000000000e+00
4.787402832031250000e+03 2.823694610595703125e+01 0.000000000000000000e+00
4.788503906250000000e+03 2.747280883789062500e+01 0.000000000000000000e+00
4.789608398437500000e+03 2.675513458251953125e+01 0.000000000000000000e+00
4.790709960937500000e+03 2.787763595581054688e+01 0.000000000000000000e+00
4.791814941406250000e+03 2.847471427917480469e+01 0.000000000000000000e+00
4.792916992187500000e+03 2.737576484680175781e+01 0.000000000000000000e+00
4.794022460937500000e+03 2.692372131347656250e+01 0.000000000000000000e+00
4.795125488281250000e+03 2.843389701843261719e+01 0.000000000000000000e+00
4.796228515625000000e+03 2.968742561340332031e+01 0.000000000000000000e+00
4.797334472656250000e+03 2.742835426330566406e+01 0.000000000000000000e+00
4.798437988281250000e+03 2.707621002197265625e+01 0.000000000000000000e+00
4.799544433593750000e+03 2.823007583618164062e+01 0.000000000000000000e+00
4.800648925781250000e+03 2.836113739013671875e+01 0.000000000000000000e+00
4.801755859375000000e+03 2.774699783325195312e+01 0.000000000000000000e+00
4.802860351562500000e+03 2.834730720520019531e+01 0.000000000000000000e+00
4.803967773437500000e+03 2.821815299987792969e+01 0.000000000000000000e+00
4.805073242187500000e+03 2.761026382446289062e+01 0.000000000000000000e+00
4.806178222656250000e+03 2.800292778015136719e+01 0.000000000000000000e+00
4.807286621093750000e+03 2.778153991699218750e+01 0.000000000000000000e+00
4.808392578125000000e+03 2.734584617614746094e+01 0.000000000000000000e+00
4.809501464843750000e+03 2.870565223693847656e+01 0.000000000000000000e+00
4.810607910156250000e+03 2.921759033203125000e+01 0.000000000000000000e+00
4.811717285156250000e+03 2.956425285339355469e+01 0.000000000000000000e+00
4.812824218750000000e+03 2.822169876098632812e+01 0.000000000000000000e+00
4.813931152343750000e+03 2.799539375305175781e+01 0.000000000000000000e+00
4.815041503906250000e+03 2.841485977172851562e+01 0.000000000000000000e+00
4.816148925781250000e+03 2.678665351867675781e+01 0.000000000000000000e+00
4.817259765625000000e+03 2.759221839904785156e+01 0.000000000000000000e+00
4.818367675781250000e+03 2.622282791137695312e+01 0.000000000000000000e+00
4.819479003906250000e+03 2.810573577880859375e+01 0.000000000000000000e+00
4.820587890625000000e+03 2.853893852233886719e+01 0.000000000000000000e+00
4.821696777343750000e+03 2.732760238647460938e+01 0.000000000000000000e+00
4.822808593750000000e+03 2.910718917846679688e+01 0.000000000000000000e+00
4.823917968750000000e+03 2.682970428466796875e+01 0.000000000000000000e+00
4.825030273437500000e+03 2.732215118408203125e+01 0.000000000000000000e+00
4.826140136718750000e+03 2.704892158508300781e+01 0.000000000000000000e+00
4.827253417968750000e+03 2.749389839172363281e+01 0.000000000000000000e+00
4.828363769531250000e+03 2.827969741821289062e+01 0.000000000000000000e+00
4.829474609375000000e+03 2.688191795349121094e+01 0.000000000000000000e+00
4.830588378906250000e+03 2.784419822692871094e+01 0.000000000000000000e+00
4.831699707031250000e+03 2.877231597900390625e+01 0.000000000000000000e+00
4.832813476562500000e+03 2.915841293334960938e+01 0.000000000000000000e+00
4.833925292968750000e+03 2.790625190734863281e+01 0.000000000000000000e+00
4.835040039062500000e+03 2.657880783081054688e+01 0.000000000000000000e+00
4.836152343750000000e+03 2.782863426208496094e+01 0.000000000000000000e+00
4.837265136718750000e+03 2.850301742553710938e+01 0.000000000000000000e+00
4.838380371093750000e+03 2.676253509521484375e+01 0.000000000000000000e+00
4.839493652343750000e+03 2.767173194885253906e+01 0.000000000000000000e+00
4.840609375000000000e+03 2.970996856689453125e+01 0.000000000000000000e+00
4.841723144531250000e+03 2.947174072265625000e+01 0.000000000000000000e+00
4.842839355468750000e+03 2.703703498840332031e+01 0.000000000000000000e+00
4.843953613281250000e+03 2.670762252807617188e+01 0.000000000000000000e+00
4.845067871093750000e+03 2.853400230407714844e+01 0.000000000000000000e+00
4.846185058593750000e+03 2.803328323364257812e+01 0.000000000000000000e+00
4.847300292968750000e+03 2.689236068725585938e+01 0.000000000000000000e+00
4.848417968750000000e+03 2.713100242614746094e+01 0.000000000000000000e+00
4.849533203125000000e+03 2.787164306640625000e+01 0.000000000000000000e+00
4.850651367187500000e+03 2.811624526977539062e+01 0.000000000000000000e+00
4.851767578125000000e+03 2.710774993896484375e+01 0.000000000000000000e+00
4.852883789062500000e+03 2.635755157470703125e+01 0.000000000000000000e+00
4.854002441406250000e+03 2.643910408020019531e+01 0.000000000000000000e+00
4.855119140625000000e+03 2.708308792114257812e+01 0.000000000000000000e+00
4.856238769531250000e+03 2.733341407775878906e+01 0.000000000000000000e+00
4.857355957031250000e+03 2.617954635620117188e+01 0.000000000000000000e+00
4.858476074218750000e+03 2.792438125610351562e+01 0.000000000000000000e+00
4.859593750000000000e+03 2.639349746704101562e+01 0.000000000000000000e+00
4.860711914062500000e+03 2.639483451843261719e+01 0.000000000000000000e+00
4.861832519531250000e+03 2.830574035644531250e+01 0.000000000000000000e+00
4.862951171875000000e+03 2.640274238586425781e+01 0.000000000000000000e+00
4.864072265625000000e+03 2.648029708862304688e+01 0.000000000000000000e+00
4.865191406250000000e+03 2.712896156311035156e+01 0.000000000000000000e+00
4.866313476562500000e+03 2.534313392639160156e+01 0.000000000000000000e+00
4.867432617187500000e+03 2.544716644287109375e+01 0.000000000000000000e+00
4.868552734375000000e+03 2.778795051574707031e+01 0.000000000000000000e+00
4.869675292968750000e+03 2.738348960876464844e+01 0.000000000000000000e+00
4.870795410156250000e+03 2.613444900512695312e+01 0.000000000000000000e+00
4.871918945312500000e+03 2.678411293029785156e+01 0.000000000000000000e+00
4.873039550781250000e+03 2.612700271606445312e+01 0.000000000000000000e+00
4.874163085937500000e+03 2.521017646789550781e+01 0.000000000000000000e+00
4.875284667968750000e+03 2.565388870239257812e+01 0.000000000000000000e+00
4.876406250000000000e+03 2.665971946716308594e+01 0.000000000000000000e+00
4.877530761718750000e+03 2.684579086303710938e+01 0.000000000000000000e+00
4.878652832031250000e+03 2.818123817443847656e+01 0.000000000000000000e+00
4.879777832031250000e+03 2.600990104675292969e+01 0.000000000000000000e+00
4.880900390625000000e+03 2.491961479187011719e+01 0.000000000000000000e+00
4.882025878906250000e+03 2.662494659423828125e+01 0.000000000000000000e+00
4.883148925781250000e+03 2.659616661071777344e+01 0.000000000000000000e+00
4.884271972656250000e+03 2.561605453491210938e+01 0.000000000000000000e+00
4.885398437500000000e+03 2.604174232482910156e+01 0.000000000000000000e+00
4.886522460937500000e+03 2.700216102600097656e+01 0.000000000000000000e+00
4.887649414062500000e+03 2.724003028869628906e+01 0.000000000000000000e+00
4.888773437500000000e+03 2.646919250488281250e+01 0.000000000000000000e+00
4.889900878906250000e+03 2.577788925170898438e+01 0.000000000000000000e+00
4.891025878906250000e+03 2.672174644470214844e+01 0.000000000000000000e+00
4.892153808593750000e+03 2.668387413024902344e+01 0.000000000000000000e+00
4.893279296875000000e+03 2.711518669128417969e+01 0.000000000000000000e+00
4.894404785156250000e+03 2.649447441101074219e+01 0.000000000000000000e+00
4.895533691406250000e+03 2.594656562805175781e+01 0.000000000000000000e+00
4.896659667968750000e+03 2.770689201354980469e+01 0.000000000000000000e+00
4.897789062500000000e+03 2.619037628173828125e+01 0.000000000000000000e+00
4.898915527343750000e+03 2.630268859863281250e+01 0.000000000000000000e+00
4.900045410156250000e+03 2.719264411926269531e+01 0.000000000000000000e+00
4.901172363281250000e+03 2.767831039428710938e+01 0.000000000000000000e+00
4.902299804687500000e+03 2.742344665527343750e+01 0.000000000000000000e+00
4.903430664062500000e+03 2.675660324096679688e+01 0.000000000000000000e+00
4.904558593750000000e+03 2.644993209838867188e+01 0.000000000000000000e+00
4.905689453125000000e+03 2.625148773193359375e+01 0.000000000000000000e+00
4.906817871093750000e+03 2.690276527404785156e+01 0.000000000000000000e+00
4.907949707031250000e+03 2.664979553222656250e+01 0.000000000000000000e+00
4.909078613281250000e+03 2.592633438110351562e+01 0.000000000000000000e+00
4.910208007812500000e+03 2.696877288818359375e+01 0.000000000000000000e+00
4.911340332031250000e+03 2.712071418762207031e+01 0.000000000000000000e+00
4.912470214843750000e+03 2.554586791992187500e+01 0.000000000000000000e+00
4.913603027343750000e+03 2.582022285461425781e+01 0.000000000000000000e+00
4.914733398437500000e+03 2.675637054443359375e+01 0.000000000000000000e+00
4.915866699218750000e+03 2.627856636047363281e+01 0.000000000000000000e+00
4.916997558593750000e+03 2.440257835388183594e+01 0.000000000000000000e+00
4.918128417968750000e+03 2.278543663024902344e+01 0.000000000000000000e+00
4.919262695312500000e+03 2.585074234008789062e+01 0.000000000000000000e+00
4.920394531250000000e+03 2.669798851013183594e+01 0.000000000000000000e+00
4.921528808593750000e+03 2.646370887756347656e+01 0.000000000000000000e+00
4.922661132812500000e+03 2.619215583801269531e+01 0.000000000000000000e+00
4.923796386718750000e+03 2.483757972717285156e+01 0.000000000000000000e+00
4.924929199218750000e+03 2.729518890380859375e+01 0.000000000000000000e+00
4.926062011718750000e+03 2.622105789184570312e+01 0.000000000000000000e+00
4.927197753906250000e+03 2.608254623413085938e+01 0.000000000000000000e+00
4.928331542968750000e+03 2.566604995727539062e+01 0.000000000000000000e+00
4.929467773437500000e+03 2.536973571777343750e+01 0.000000000000000000e+00
4.930602050781250000e+03 2.733898544311523438e+01 0.000000000000000000e+00
4.931738769531250000e+03 2.519075584411621094e+01 0.000000000000000000e+00
4.932873535156250000e+03 2.662740707397460938e+01 0.000000000000000000e+00
4.934008300781250000e+03 2.672561836242675781e+01 0.000000000000000000e+00
4.935145996093750000e+03 2.535759353637695312e+01 0.000000000000000000e+00
4.936281250000000000e+03 2.527531433105468750e+01 0.000000000000000000e+00
4.937419433593750000e+03 2.645020103454589844e+01 0.000000000000000000e+00
4.938555664062500000e+03 2.454183197021484375e+01 0.000000000000000000e+00
4.939694335937500000e+03 2.484524726867675781e+01 0.000000000000000000e+00
4.940830566406250000e+03 2.538599777221679688e+01 0.000000000000000000e+00
4.941967285156250000e+03 2.520865821838378906e+01 0.000000000000000000e+00
4.943106933593750000e+03 2.461416244506835938e+01 0.000000000000000000e+00
4.944244140625000000e+03 2.449360847473144531e+01 0.000000000000000000e+00
4.945384277343750000e+03 2.620035171508789062e+01 0.000000000000000000e+00
4.946521972656250000e+03 2.603310394287109375e+01 0.000000000000000000e+00
4.947662597656250000e+03 2.528496742248535156e+01 0.000000000000000000e+00
4.948800781250000000e+03 2.473587226867675781e+01 0.000000000000000000e+00
4.949939453125000000e+03 2.441796302795410156e+01 0.000000000000000000e+00
4.951080566406250000e+03 2.436811447143554688e+01 0.000000000000000000e+00
4.952219726562500000e+03 2.441029167175292969e+01 0.000000000000000000e+00
4.953361816406250000e+03 2.318650245666503906e+01 0.000000000000000000e+00
4.954500976562500000e+03 2.350399589538574219e+01 0.000000000000000000e+00
4.955643554687500000e+03 2.520566368103027344e+01 0.000000000000000000e+00
4.956783691406250000e+03 2.541618347167968750e+01 0.000000000000000000e+00
4.957923828125000000e+03 2.323096847534179688e+01 0.000000000000000000e+00
4.959067382812500000e+03 2.429432106018066406e+01 0.000000000000000000e+00
4.960208007812500000e+03 2.349855041503906250e+01 0.000000000000000000e+00
4.961352050781250000e+03 2.341741943359375000e+01 0.000000000000000000e+00
4.962493164062500000e+03 2.307295608520507812e+01 0.000000000000000000e+00
4.963637695312500000e+03 2.287709236145019531e+01 0.000000000000000000e+00
4.964779296875000000e+03 2.470405960083007812e+01 0.000000000000000000e+00
4.965921386718750000e+03 2.421681022644042969e+01 0.000000000000000000e+00
4.967066894531250000e+03 2.463365936279296875e+01 0.000000000000000000e+00
4.968209472656250000e+03 2.448278808593750000e+01 0.000000000000000000e+00
4.969354980468750000e+03 2.331583213806152344e+01 0.000000000000000000e+00
4.970498046875000000e+03 2.273774719238281250e+01 0.000000000000000000e+00
4.971644531250000000e+03 2.373173522949218750e+01 0.000000000000000000e+00
4.972788085937500000e+03 2.319300270080566406e+01 0.000000000000000000e+00
4.973932128906250000e+03 2.380590057373046875e+01 0.000000000000000000e+00
4.975079101562500000e+03 2.452957344055175781e+01 0.000000000000000000e+00
4.976223632812500000e+03 2.414788055419921875e+01 0.000000000000000000e+00
4.977371093750000000e+03 2.352433395385742188e+01 0.000000000000000000e+00
4.978516113281250000e+03 2.399696350097656250e+01 0.000000000000000000e+00
4.979664062500000000e+03 2.347703552246093750e+01 0.000000000000000000e+00
4.980809570312500000e+03 2.402720069885253906e+01 0.000000000000000000e+00
4.981958496093750000e+03 2.429733848571777344e+01 0.000000000000000000e+00
4.983104492187500000e+03 2.396508789062500000e+01 0.000000000000000000e+00
4.984250976562500000e+03 2.376972770690917969e+01 0.000000000000000000e+00
4.985400390625000000e+03 2.417499351501464844e+01 0.000000000000000000e+00
4.986546875000000000e+03 2.418954086303710938e+01 0.000000000000000000e+00
4.987696777343750000e+03 2.345523643493652344e+01 0.000000000000000000e+00
4.988844238281250000e+03 2.327088737487792969e+01 0.000000000000000000e+00
4.989994628906250000e+03 2.415784072875976562e+01 0.000000000000000000e+00
4.991142578125000000e+03 2.521136474609375000e+01 0.000000000000000000e+00
4.992291015625000000e+03 2.476178932189941406e+01 0.000000000000000000e+00
4.993441894531250000e+03 2.284095191955566406e+01 0.000000000000000000e+00
4.994590820312500000e+03 2.418709373474121094e+01 0.000000000000000000e+00
4.995742675781250000e+03 2.490761947631835938e+01 0.000000000000000000e+00
4.996892089843750000e+03 2.488720321655273438e+01 0.000000000000000000e+00
4.998043945312500000e+03 2.456046485900878906e+01 0.000000000000000000e+00
4.999193847656250000e+03 2.338919639587402344e+01 0.000000000000000000e+00
5.000343750000000000e+03 2.377778053283691406e+01 0.000000000000000000e+00
5.001497070312500000e+03 2.416840362548828125e+01 0.000000000000000000e+00
5.002647460937500000e+03 2.447632217407226562e+01 0.000000000000000000e+00
5.003801269531250000e+03 2.356518173217773438e+01 0.000000000000000000e+00
5.004952148437500000e+03 2.268219375610351562e+01 0.000000000000000000e+00
5.006106445312500000e+03 2.389503097534179688e+01 0.000000000000000000e+00
5.007258300781250000e+03 2.327050781250000000e+01 0.000000000000000000e+00
5.008410156250000000e+03 2.402874183654785156e+01 0.000000000000000000e+00
5.009564941406250000e+03 2.305566978454589844e+01 0.000000000000000000e+00
5.010717285156250000e+03 2.311767196655273438e+01 0.000000000000000000e+00
5.011873046875000000e+03 2.401157569885253906e+01 0.000000000000000000e+00
5.013025878906250000e+03 2.241205787658691406e+01 0.000000000000000000e+00
5.014181640625000000e+03 2.418831634521484375e+01 0.000000000000000000e+00
5.015335449218750000e+03 2.346939849853515625e+01 0.000000000000000000e+00
5.016489257812500000e+03 2.304696846008300781e+01 0.000000000000000000e+00
5.017645996093750000e+03 2.391295051574707031e+01 0.000000000000000000e+00
5.018800292968750000e+03 2.456627655029296875e+01 0.000000000000000000e+00
5.019957519531250000e+03 2.392037773132324219e+01 0.000000000000000000e+00
5.021112304687500000e+03 2.399057388305664062e+01 0.000000000000000000e+00
5.022270019531250000e+03 2.411497497558593750e+01 0.000000000000000000e+00
5.023425781250000000e+03 2.499930763244628906e+01 0.000000000000000000e+00
5.024581054687500000e+03 2.478848266601562500e+01 0.000000000000000000e+00
5.025739746093750000e+03 2.357674980163574219e+01 0.000000000000000000e+00
5.026895996093750000e+03 2.370926856994628906e+01 0.000000000000000000e+00
5.028055175781250000e+03 2.358081054687500000e+01 0.000000000000000000e+00
5.029211914062500000e+03 2.267012596130371094e+01 0.000000000000000000e+00
5.030371582031250000e+03 2.495522117614746094e+01 0.000000000000000000e+00
5.031528808593750000e+03 2.512739372253417969e+01 0.000000000000000000e+00
5.032686523437500000e+03 2.330318069458007812e+01 0.000000000000000000e+00
5.033847167968750000e+03 2.562396049499511719e+01 0.000000000000000000e+00
5.035004882812500000e+03 2.479098320007324219e+01 0.000000000000000000e+00
5.036166015625000000e+03 2.491875648498535156e+01 0.000000000000000000e+00
5.037324707031250000e+03 2.478273582458496094e+01 0.000000000000000000e+00
5.038486328125000000e+03 2.393881988525390625e+01 0.000000000000000000e+00
5.039645507812500000e+03 2.347763061523437500e+01 0.000000000000000000e+00
5.040804687500000000e+03 2.408961105346679688e+01 0.000000000000000000e+00
5.041967285156250000e+03 2.387881851196289062e+01 0.000000000000000000e+00
5.043126953125000000e+03 2.326656150817871094e+01 0.000000000000000000e+00
5.044290039062500000e+03 2.470228385925292969e+01 0.000000000000000000e+00
5.045450195312500000e+03 2.550316429138183594e+01 0.000000000000000000e+00
5.046613769531250000e+03 2.432582092285156250e+01 0.000000000000000000e+00
5.047774902343750000e+03 2.356502532958984375e+01 0.000000000000000000e+00
5.048936035156250000e+03 2.359398651123046875e+01 0.000000000000000000e+00
5.050100097656250000e+03 2.468438529968261719e+01 0.000000000000000000e+00
5.051262207031250000e+03 2.414493179321289062e+01 0.000000000000000000e+00
5.052426757812500000e+03 2.368389892578125000e+01 0.000000000000000000e+00
5.053589355468750000e+03 2.412693595886230469e+01 0.000000000000000000e+00
5.054754394531250000e+03 2.381544876098632812e+01 0.000000000000000000e+00
5.055917480468750000e+03 2.402547073364257812e+01 0.000000000000000000e+00
5.057080566406250000e+03 2.386861801147460938e+01 0.000000000000000000e+00
5.058246582031250000e+03 2.482572364807128906e+01 0.000000000000000000e+00
5.059410156250000000e+03 2.514845657348632812e+01 0.000000000000000000e+00
5.060577148437500000e+03 2.447968864440917969e+01 0.000000000000000000e+00
5.061741210937500000e+03 2.445711708068847656e+01 0.000000000000000000e+00
5.062908203125000000e+03 2.330945396423339844e+01 0.000000000000000000e+00
5.064073242187500000e+03 2.563350296020507812e+01 0.000000000000000000e+00
5.065237792968750000e+03 2.475498008728027344e+01 0.000000000000000000e+00
5.066406250000000000e+03 2.403110694885253906e+01 0.000000000000000000e+00
5.067571777343750000e+03 2.537951278686523438e+01 0.000000000000000000e+00
5.068740234375000000e+03 2.476750373840332031e+01 0.000000000000000000e+00
5.069906250000000000e+03 2.459259796142578125e+01 0.000000000000000000e+00
5.071075195312500000e+03 2.466802978515625000e+01 0.000000000000000000e+00
5.072241699218750000e+03 2.494711685180664062e+01 0.000000000000000000e+00
5.073411621093750000e+03 2.460532569885253906e+01 0.000000000000000000e+00
5.074578613281250000e+03 2.439024162292480469e+01 0.000000000000000000e+00
5.075746093750000000e+03 2.536478805541992188e+01 0.000000000000000000e+00
5.076916503906250000e+03 2.415373420715332031e+01 0.000000000000000000e+00
5.078084472656250000e+03 2.392045021057128906e+01 0.000000000000000000e+00
5.079255371093750000e+03 2.402289009094238281e+01 0.000000000000000000e+00
5.080423828125000000e+03 2.483216094970703125e+01 0.000000000000000000e+00
5.081595703125000000e+03 2.569396018981933594e+01 0.000000000000000000e+00
5.082764648437500000e+03 2.488102722167968750e+01 0.000000000000000000e+00
5.083933593750000000e+03 2.404668998718261719e+01 0.000000000000000000e+00
5.085105957031250000e+03 2.450133705139160156e+01 0.000000000000000000e+00
5.086275878906250000e+03 2.483492279052734375e+01 0.000000000000000000e+00
5.087448730468750000e+03 2.428864288330078125e+01 0.000000000000000000e+00
5.088619140625000000e+03 2.392240142822265625e+01 0.000000000000000000e+00
5.089792480468750000e+03 2.471562004089355469e+01 0.000000000000000000e+00
5.090963378906250000e+03 2.400014495849609375e+01 0.000000000000000000e+00
5.092134765625000000e+03 2.344470024108886719e+01 0.000000000000000000e+00
5.093309082031250000e+03 2.279495048522949219e+01 0.000000000000000000e+00
5.094480468750000000e+03 2.331336021423339844e+01 0.000000000000000000e+00
5.095655273437500000e+03 2.430387496948242188e+01 0.000000000000000000e+00
5.096827636718750000e+03 2.332459831237792969e+01 0.000000000000000000e+00
5.098002929687500000e+03 2.272107696533203125e+01 0.000000000000000000e+00
5.099175781250000000e+03 2.461725425720214844e+01 0.000000000000000000e+00
5.100348632812500000e+03 2.416326904296875000e+01 0.000000000000000000e+00
5.101524902343750000e+03 2.334661674499511719e+01 0.000000000000000000e+00
5.102698730468750000e+03 2.413147735595703125e+01 0.000000000000000000e+00
5.103875000000000000e+03 2.449101257324218750e+01 0.000000000000000000e+00
5.105049316406250000e+03 2.426373481750488281e+01 0.000000000000000000e+00
5.106226562500000000e+03 2.430427360534667969e+01 0.000000000000000000e+00
5.107401367187500000e+03 2.490149116516113281e+01 0.000000000000000000e+00
5.108576171875000000e+03 2.479071998596191406e+01 0.000000000000000000e+00
5.109754394531250000e+03 2.370064163208007812e+01 0.000000000000000000e+00
5.110929687500000000e+03 2.306313323974609375e+01 0.000000000000000000e+00
5.112108398437500000e+03 2.346184730529785156e+01 0.000000000000000000e+00
5.113284179687500000e+03 2.454290008544921875e+01 0.000000000000000000e+00
5.114463378906250000e+03 2.428988647460937500e+01 0.000000000000000000e+00
5.115640136718750000e+03 2.434086227416992188e+01 0.000000000000000000e+00
5.116816894531250000e+03 2.507001495361328125e+01 0.000000000000000000e+00
5.117996582031250000e+03 2.435358810424804688e+01 0.000000000000000000e+00
5.119174316406250000e+03 2.355555152893066406e+01 0.000000000000000000e+00
5.120354492187500000e+03 2.393646430969238281e+01 0.000000000000000000e+00
5.121532714843750000e+03 2.404644966125488281e+01 0.000000000000000000e+00
5.122713378906250000e+03 2.426979446411132812e+01 0.000000000000000000e+00
5.123892089843750000e+03 2.447561264038085938e+01 0.000000000000000000e+00
5.125070800781250000e+03 2.381925010681152344e+01 0.000000000000000000e+00
5.126252441406250000e+03 2.443306159973144531e+01 0.000000000000000000e+00
5.127432128906250000e+03 2.491431236267089844e+01 0.000000000000000000e+00
5.128614257812500000e+03 2.454555511474609375e+01 0.000000000000000000e+00
5.129793945312500000e+03 2.381587791442871094e+01 0.000000000000000000e+00
5.130977050781250000e+03 2.377068328857421875e+01 0.000000000000000000e+00
5.132157226562500000e+03 2.441315650939941406e+01 0.000000000000000000e+00
5.133337890625000000e+03 2.346522521972656250e+01 0.000000000000000000e+00
5.134521972656250000e+03 2.480212211608886719e+01 0.000000000000000000e+00
5.135703125000000000e+03 2.427901649475097656e+01 0.000000000000000000e+00
5.136887207031250000e+03 2.345960044860839844e+01 0.000000000000000000e+00
5.138068847656250000e+03 2.380729103088378906e+01 0.000000000000000000e+00
5.139253906250000000e+03 2.350675392150878906e+01 0.000000000000000000e+00
5.140436035156250000e+03 2.367261123657226562e+01 0.000000000000000000e+00
5.141618652343750000e+03 2.425570297241210938e+01 0.000000000000000000e+00
5.142804199218750000e+03 2.399135017395019531e+01 0.000000000000000000e+00
5.143987304687500000e+03 2.448322486877441406e+01 0.000000000000000000e+00
5.145173828125000000e+03 2.515955543518066406e+01 0.000000000000000000e+00
5.146357421875000000e+03 2.357848548889160156e+01 0.000000000000000000e+00
5.147543945312500000e+03 2.356584930419921875e+01 0.000000000000000000e+00
5.148728027343750000e+03 2.368895149230957031e+01 0.000000000000000000e+00
5.149912597656250000e+03 2.391463661193847656e+01 0.000000000000000000e+00
5.151100097656250000e+03 2.485607147216796875e+01 0.000000000000000000e+00
5.152285156250000000e+03 2.476512527465820312e+01 0.000000000000000000e+00
5.153473144531250000e+03 2.201107406616210938e+01 0.000000000000000000e+00
5.154658691406250000e+03 2.262057113647460938e+01 0.000000000000000000e+00
5.155847656250000000e+03 2.473055458068847656e+01 0.000000000000000000e+00
5.157033691406250000e+03 2.421981620788574219e+01 0.000000000000000000e+00
5.158222656250000000e+03 2.403103446960449219e+01 0.000000000000000000e+00
5.159409179687500000e+03 2.472509002685546875e+01 0.000000000000000000e+00
5.160596191406250000e+03 2.306418228149414062e+01 0.000000000000000000e+00
5.161786132812500000e+03 2.393301010131835938e+01 0.000000000000000000e+00
5.162973632812500000e+03 2.460968971252441406e+01 0.000000000000000000e+00
5.164164550781250000e+03 2.345156669616699219e+01 0.000000000000000000e+00
5.165352539062500000e+03 2.358685111999511719e+01 0.000000000000000000e+00
5.166543457031250000e+03 2.506071662902832031e+01 0.000000000000000000e+00
5.167731933593750000e+03 2.411371231079101562e+01 0.000000000000000000e+00
5.168920898437500000e+03 2.347622680664062500e+01 0.000000000000000000e+00
5.170112792968750000e+03 2.274720573425292969e+01 0.000000000000000000e+00
5.171302246093750000e+03 2.349948883056640625e+01 0.000000000000000000e+00
5.172494628906250000e+03 2.442194366455078125e+01 0.000000000000000000e+00
5.173684570312500000e+03 2.405903053283691406e+01 0.000000000000000000e+00
5.174877929687500000e+03 2.311738014221191406e+01 0.000000000000000000e+00
5.176068359375000000e+03 2.313894081115722656e+01 0.000000000000000000e+00
5.177258789062500000e+03 2.340381240844726562e+01 0.000000000000000000e+00
5.178452636718750000e+03 2.358253860473632812e+01 0.000000000000000000e+00
5.179644042968750000e+03 2.363619232177734375e+01 0.000000000000000000e+00
5.180838378906250000e+03 2.344020462036132812e+01 0.000000000000000000e+00
5.182030273437500000e+03 2.310838508605957031e+01 0.000000000000000000e+00
5.183225097656250000e+03 2.347920989990234375e+01 0.000000000000000000e+00
5.184417480468750000e+03 2.235117912292480469e+01 0.000000000000000000e+00
5.185610351562500000e+03 2.239849090576171875e+01 0.000000000000000000e+00
5.186806152343750000e+03 2.342357254028320312e+01 0.000000000000000000e+00
5.187999511718750000e+03 2.376606369018554688e+01 0.000000000000000000e+00
5.189195800781250000e+03 2.304363441467285156e+01 0.000000000000000000e+00
5.190389648437500000e+03 2.275432777404785156e+01 0.000000000000000000e+00
5.191586425781250000e+03 2.273294639587402344e+01 0.000000000000000000e+00
5.192780761718750000e+03 2.265858459472656250e+01 0.000000000000000000e+00
5.193975097656250000e+03 2.307285308837890625e+01 0.000000000000000000e+00
5.195172851562500000e+03 2.331480026245117188e+01 0.000000000000000000e+00
5.196368164062500000e+03 2.279519081115722656e+01 0.000000000000000000e+00
5.197566406250000000e+03 2.504920005798339844e+01 0.000000000000000000e+00
5.198762207031250000e+03 2.299916839599609375e+01 0.000000000000000000e+00
5.199960937500000000e+03 2.328339576721191406e+01 0.000000000000000000e+00
5.201157226562500000e+03 2.445334815979003906e+01 0.000000000000000000e+00
5.202353515625000000e+03 2.379978752136230469e+01 0.000000000000000000e+00
5.203553222656250000e+03 2.296038818359375000e+01 0.000000000000000000e+00
5.204750488281250000e+03 2.189545249938964844e+01 0.000000000000000000e+00
5.205950683593750000e+03 2.326140975952148438e+01 0.000000000000000000e+00
5.207148437500000000e+03 2.300870704650878906e+01 0.000000000000000000e+00
5.208349121093750000e+03 2.287517547607421875e+01 0.000000000000000000e+00
5.209547363281250000e+03 2.397092628479003906e+01 0.000000000000000000e+00
5.210745605468750000e+03 2.365629577636718750e+01 0.000000000000000000e+00
5.211947265625000000e+03 2.310842132568359375e+01 0.000000000000000000e+00
5.213145996093750000e+03 2.300033378601074219e+01 0.000000000000000000e+00
5.214348144531250000e+03 2.339497184753417969e+01 0.000000000000000000e+00
5.215547851562500000e+03 2.347719192504882812e+01 0.000000000000000000e+00
5.216750488281250000e+03 2.276115417480468750e+01 0.000000000000000000e+00
5.217950683593750000e+03 2.215431594848632812e+01 0.000000000000000000e+00
5.219150878906250000e+03 2.342050361633300781e+01 0.000000000000000000e+00
5.220354492187500000e+03 2.379903793334960938e+01 0.000000000000000000e+00
5.221555664062500000e+03 2.233478736877441406e+01 0.000000000000000000e+00
5.222759765625000000e+03 2.228658485412597656e+01 0.000000000000000000e+00
5.223960937500000000e+03 2.373094177246093750e+01 0.000000000000000000e+00
5.225165527343750000e+03 2.287211036682128906e+01 0.000000000000000000e+00
5.226367675781250000e+03 2.228586959838867188e+01 0.000000000000000000e+00
5.227570312500000000e+03 2.287413597106933594e+01 0.000000000000000000e+00
5.228775390625000000e+03 2.300826454162597656e+01 0.000000000000000000e+00
5.229978515625000000e+03 2.239369392395019531e+01 0.000000000000000000e+00
5.231184570312500000e+03 2.247057533264160156e+01 0.000000000000000000e+00
5.232387695312500000e+03 2.415182113647460938e+01 0.000000000000000000e+00
5.233594238281250000e+03 2.415604019165039062e+01 0.000000000000000000e+00
5.234798339843750000e+03 2.207558631896972656e+01 0.000000000000000000e+00
5.236002929687500000e+03 2.269430732727050781e+01 0.000000000000000000e+00
5.237209960937500000e+03 2.327839088439941406e+01 0.000000000000000000e+00
5.238415039062500000e+03 2.212905693054199219e+01 0.000000000000000000e+00
5.239623046875000000e+03 2.235502052307128906e+01 0.000000000000000000e+00
5.240828125000000000e+03 2.239115524291992188e+01 0.000000000000000000e+00
5.242036621093750000e+03 2.156566619873046875e+01 0.000000000000000000e+00
5.243242675781250000e+03 2.168488883972167969e+01 0.000000000000000000e+00
5.244448730468750000e+03 2.229838180541992188e+01 0.000000000000000000e+00
5.245658203125000000e+03 2.258674621582031250e+01 0.000000000000000000e+00
5.246865234375000000e+03 2.288886642456054688e+01 0.000000000000000000e+00
5.248074707031250000e+03 2.323213386535644531e+01 0.000000000000000000e+00
5.249282226562500000e+03 2.287695121765136719e+01 0.000000000000000000e+00
5.250492675781250000e+03 2.227037429809570312e+01 0.000000000000000000e+00
5.251700683593750000e+03 2.209087753295898438e+01 0.000000000000000000e+00
5.252911621093750000e+03 2.207496261596679688e+01 0.000000000000000000e+00
5.254120117187500000e+03 2.175199508666992188e+01 0.000000000000000000e+00
5.255328613281250000e+03 2.277940177917480469e+01 0.000000000000000000e+00
5.256540527343750000e+03 2.313593864440917969e+01 0.000000000000000000e+00
5.257750000000000000e+03 2.322946166992187500e+01 0.000000000000000000e+00
5.258962402343750000e+03 2.281899070739746094e+01 0.000000000000000000e+00
5.260172363281250000e+03 2.215657806396484375e+01 0.000000000000000000e+00
5.261385253906250000e+03 2.237182998657226562e+01 0.000000000000000000e+00
5.262595703125000000e+03 2.305626106262207031e+01 0.000000000000000000e+00
5.263806152343750000e+03 2.393029975891113281e+01 0.000000000000000000e+00
5.265020019531250000e+03 2.367770957946777344e+01 0.000000000000000000e+00
5.266230957031250000e+03 2.305455589294433594e+01 0.000000000000000000e+00
5.267445800781250000e+03 2.272953414916992188e+01 0.000000000000000000e+00
5.268657226562500000e+03 2.261242866516113281e+01 0.000000000000000000e+00
5.269872070312500000e+03 2.395307350158691406e+01 0.000000000000000000e+00
5.271084472656250000e+03 2.297845268249511719e+01 0.000000000000000000e+00
5.272297363281250000e+03 2.271147155761718750e+01 0.000000000000000000e+00
5.273513183593750000e+03 2.301170730590820312e+01 0.000000000000000000e+00
5.274726074218750000e+03 2.265133666992187500e+01 0.000000000000000000e+00
5.275942382812500000e+03 2.249477195739746094e+01 0.000000000000000000e+00
5.277156250000000000e+03 2.402450180053710938e+01 0.000000000000000000e+00
5.278373046875000000e+03 2.344221878051757812e+01 0.000000000000000000e+00
5.279587402343750000e+03 2.229148292541503906e+01 0.000000000000000000e+00
5.280801757812500000e+03 2.230001068115234375e+01 0.000000000000000000e+00
5.282019531250000000e+03 2.306409835815429688e+01 0.000000000000000000e+00
5.283234863281250000e+03 2.296232414245605469e+01 0.000000000000000000e+00
5.284453125000000000e+03 2.259554862976074219e+01 0.000000000000000000e+00
5.285668945312500000e+03 2.282402610778808594e+01 0.000000000000000000e+00
5.286887695312500000e+03 2.380369377136230469e+01 0.000000000000000000e+00
5.288104003906250000e+03 2.331983375549316406e+01 0.000000000000000000e+00
5.289320312500000000e+03 2.232635688781738281e+01 0.000000000000000000e+00
5.290540039062500000e+03 2.376323890686035156e+01 0.000000000000000000e+00
5.291757324218750000e+03 2.212482833862304688e+01 0.000000000000000000e+00
5.292977539062500000e+03 2.169121551513671875e+01 0.000000000000000000e+00
5.294195312500000000e+03 2.180416107177734375e+01 0.000000000000000000e+00
5.295416015625000000e+03 2.221805572509765625e+01 0.000000000000000000e+00
5.296634277343750000e+03 2.284578323364257812e+01 0.000000000000000000e+00
5.297852539062500000e+03 2.284797096252441406e+01 0.000000000000000000e+00
5.299074218750000000e+03 2.217219543457031250e+01 0.000000000000000000e+00
5.300293457031250000e+03 2.270981788635253906e+01 0.000000000000000000e+00
5.301515625000000000e+03 2.388492012023925781e+01 0.000000000000000000e+00
5.302735351562500000e+03 2.343665695190429688e+01 0.000000000000000000e+00
5.303958007812500000e+03 2.186733436584472656e+01 0.000000000000000000e+00
5.305178222656250000e+03 2.211514854431152344e+01 0.000000000000000000e+00
5.306398437500000000e+03 2.232011032104492188e+01 0.000000000000000000e+00
5.307622070312500000e+03 2.290621948242187500e+01 0.000000000000000000e+00
5.308843261718750000e+03 2.240535354614257812e+01 0.000000000000000000e+00
5.310067382812500000e+03 2.179166603088378906e+01 0.000000000000000000e+00
5.311289062500000000e+03 2.195564842224121094e+01 0.000000000000000000e+00
5.312513671875000000e+03 2.212334251403808594e+01 0.000000000000000000e+00
5.313735839843750000e+03 2.225157165527343750e+01 0.000000000000000000e+00
5.314958496093750000e+03 2.193994522094726562e+01 0.000000000000000000e+00
5.316184082031250000e+03 2.235214042663574219e+01 0.000000000000000000e+00
5.317407226562500000e+03 2.318387222290039062e+01 0.000000000000000000e+00
5.318633300781250000e+03 2.313020133972167969e+01 0.000000000000000000e+00
5.319856933593750000e+03 2.202569198608398438e+01 0.000000000000000000e+00
5.321083496093750000e+03 2.270463371276855469e+01 0.000000000000000000e+00
5.322307617187500000e+03 2.294287300109863281e+01 0.000000000000000000e+00
5.323531738281250000e+03 2.230816078186035156e+01 0.000000000000000000e+00
5.324759765625000000e+03 2.235939788818359375e+01 0.000000000000000000e+00
5.325984375000000000e+03 2.300430679321289062e+01 0.000000000000000000e+00
5.327212890625000000e+03 2.247346496582031250e+01 0.000000000000000000e+00
5.328437988281250000e+03 2.257884979248046875e+01 0.000000000000000000e+00
5.329666992187500000e+03 2.212962722778320312e+01 0.000000000000000000e+00
5.330893066406250000e+03 2.233954811096191406e+01 0.000000000000000000e+00
5.332119140625000000e+03 2.196007347106933594e+01 0.000000000000000000e+00
5.333349121093750000e+03 2.141771697998046875e+01 0.000000000000000000e+00
5.334575683593750000e+03 2.277979278564453125e+01 0.000000000000000000e+00
5.335806152343750000e+03 2.179726982116699219e+01 0.000000000000000000e+00
5.337033691406250000e+03 2.155933570861816406e+01 0.000000000000000000e+00
5.338264160156250000e+03 2.219354248046875000e+01 0.000000000000000000e+00
5.339492187500000000e+03 2.331691360473632812e+01 0.000000000000000000e+00
5.340720703125000000e+03 2.334144592285156250e+01 0.000000000000000000e+00
5.341952148437500000e+03 2.124741363525390625e+01 0.000000000000000000e+00
5.343181152343750000e+03 2.198596191406250000e+01 0.000000000000000000e+00
5.344413085937500000e+03 2.298689460754394531e+01 0.000000000000000000e+00
5.345642578125000000e+03 2.268164062500000000e+01 0.000000000000000000e+00
5.346875488281250000e+03 2.187740707397460938e+01 0.000000000000000000e+00
5.348105468750000000e+03 2.176513481140136719e+01 0.000000000000000000e+00
5.349338867187500000e+03 2.247090911865234375e+01 0.000000000000000000e+00
5.350569335937500000e+03 2.315348625183105469e+01 0.000000000000000000e+00
5.351800292968750000e+03 2.290639114379882812e+01 0.000000000000000000e+00
5.353034179687500000e+03 2.271779441833496094e+01 0.000000000000000000e+00
5.354265625000000000e+03 2.261322975158691406e+01 0.000000000000000000e+00
5.355500488281250000e+03 2.279450225830078125e+01 0.000000000000000000e+00
5.356732421875000000e+03 2.370935249328613281e+01 0.000000000000000000e+00
5.357967773437500000e+03 2.350194168090820312e+01 0.000000000000000000e+00
5.359200195312500000e+03 2.297689819335937500e+01 0.000000000000000000e+00
5.360433105468750000e+03 2.221191978454589844e+01 0.000000000000000000e+00
5.361669433593750000e+03 2.220343399047851562e+01 0.000000000000000000e+00
5.362902832031250000e+03 2.279137039184570312e+01 0.000000000000000000e+00
5.364139160156250000e+03 2.244181442260742188e+01 0.000000000000000000e+00
5.365373535156250000e+03 2.216028022766113281e+01 0.000000000000000000e+00
5.366610839843750000e+03 2.237234687805175781e+01 0.000000000000000000e+00
5.367845214843750000e+03 2.256746864318847656e+01 0.000000000000000000e+00
5.369080078125000000e+03 2.242459869384765625e+01 0.000000000000000000e+00
5.370318359375000000e+03 2.221490097045898438e+01 0.000000000000000000e+00
5.371553710937500000e+03 2.249190139770507812e+01 0.000000000000000000e+00
5.372792480468750000e+03 2.293726921081542969e+01 0.000000000000000000e+00
5.374028320312500000e+03 2.221608734130859375e+01 0.000000000000000000e+00
5.375267578125000000e+03 2.218270874023437500e+01 0.000000000000000000e+00
5.376503906250000000e+03 2.239515304565429688e+01 0.000000000000000000e+00
5.377741210937500000e+03 2.220285034179687500e+01 0.000000000000000000e+00
5.378980957031250000e+03 2.209154129028320312e+01 0.000000000000000000e+00
5.380218261718750000e+03 2.138288879394531250e+01 0.000000000000000000e+00
5.381458984375000000e+03 2.323472785949707031e+01 0.000000000000000000e+00
5.382697265625000000e+03 2.268718338012695312e+01 0.000000000000000000e+00
5.383938476562500000e+03 2.264637374877929688e+01 0.000000000000000000e+00
5.385176757812500000e+03 2.405217552185058594e+01 0.000000000000000000e+00
5.386416015625000000e+03 2.215148162841796875e+01 0.000000000000000000e+00
5.387657714843750000e+03 2.169119262695312500e+01 0.000000000000000000e+00
5.388897460937500000e+03 2.219355010986328125e+01 0.000000000000000000e+00
5.390140136718750000e+03 2.210093879699707031e+01 0.000000000000000000e+00
5.391379882812500000e+03 2.158019638061523438e+01 0.000000000000000000e+00
5.392623046875000000e+03 2.176517105102539062e+01 0.000000000000000000e+00
5.393863769531250000e+03 2.289912605285644531e+01 0.000000000000000000e+00
5.395104492187500000e+03 2.275388336181640625e+01 0.000000000000000000e+00
5.396348632812500000e+03 2.163437843322753906e+01 0.000000000000000000e+00
5.397590332031250000e+03 2.255048942565917969e+01 0.000000000000000000e+00
5.398834960937500000e+03 2.270873641967773438e+01 0.000000000000000000e+00
5.400076660156250000e+03 2.143900108337402344e+01 0.000000000000000000e+00
5.401322265625000000e+03 2.246683502197265625e+01 0.000000000000000000e+00
5.402564453125000000e+03 2.221981048583984375e+01 0.000000000000000000e+00
5.403807617187500000e+03 2.166400718688964844e+01 0.000000000000000000e+00
5.405053710937500000e+03 2.253153991699218750e+01 0.000000000000000000e+00
5.406296875000000000e+03 2.300062942504882812e+01 0.000000000000000000e+00
5.407543945312500000e+03 2.186766052246093750e+01 0.000000000000000000e+00
5.408787597656250000e+03 2.126539611816406250e+01 0.000000000000000000e+00
5.410035156250000000e+03 2.277385520935058594e+01 0.000000000000000000e+00
5.411279785156250000e+03 2.248187255859375000e+01 0.000000000000000000e+00
5.412524414062500000e+03 2.193309593200683594e+01 0.000000000000000000e+00
5.413772460937500000e+03 2.227820205688476562e+01 0.000000000000000000e+00
5.415018066406250000e+03 2.263699531555175781e+01 0.000000000000000000e+00
5.416266601562500000e+03 2.177053260803222656e+01 0.000000000000000000e+00
5.417512695312500000e+03 2.160579681396484375e+01 0.000000000000000000e+00
5.418761718750000000e+03 2.264056205749511719e+01 0.000000000000000000e+00
5.420008300781250000e+03 2.247376632690429688e+01 0.000000000000000000e+00
5.421255371093750000e+03 2.237814521789550781e+01 0.000000000000000000e+00
5.422505371093750000e+03 2.297477912902832031e+01 0.000000000000000000e+00
5.423752929687500000e+03 2.259958839416503906e+01 0.000000000000000000e+00
5.425003417968750000e+03 2.340265846252441406e+01 0.000000000000000000e+00
5.426251464843750000e+03 2.256453132629394531e+01 0.000000000000000000e+00
5.427502929687500000e+03 2.277752113342285156e+01 0.000000000000000000e+00
5.428751464843750000e+03 2.326547622680664062e+01 0.000000000000000000e+00
5.430000488281250000e+03 2.314124870300292969e+01 0.000000000000000000e+00
5.431252441406250000e+03 2.352176856994628906e+01 0.000000000000000000e+00
5.432501953125000000e+03 2.262921714782714844e+01 0.000000000000000000e+00
5.433754882812500000e+03 2.312294578552246094e+01 0.000000000000000000e+00
5.435004882812500000e+03 2.321248435974121094e+01 0.000000000000000000e+00
5.436258300781250000e+03 2.292342948913574219e+01 0.000000000000000000e+00
5.437508789062500000e+03 2.230910301208496094e+01 0.000000000000000000e+00
5.438759765625000000e+03 2.119476699829101562e+01 0.000000000000000000e+00
5.440013671875000000e+03 2.340216064453125000e+01 0.000000000000000000e+00
5.441265136718750000e+03 2.350137901306152344e+01 0.000000000000000000e+00
5.442520019531250000e+03 2.297238159179687500e+01 0.000000000000000000e+00
5.443771972656250000e+03 2.320244789123535156e+01 0.000000000000000000e+00
5.445027343750000000e+03 2.359739112854003906e+01 0.000000000000000000e+00
5.446279785156250000e+03 2.328190994262695312e+01 0.000000000000000000e+00
5.447535644531250000e+03 2.391284370422363281e+01 0.000000000000000000e+00
5.448789062500000000e+03 2.345396041870117188e+01 0.000000000000000000e+00
5.450042480468750000e+03 2.334910583496093750e+01 0.000000000000000000e+00
5.451299316406250000e+03 2.334678840637207031e+01 0.000000000000000000e+00
5.452553222656250000e+03 2.342669486999511719e+01 0.000000000000000000e+00
5.453810546875000000e+03 2.440162086486816406e+01 0.000000000000000000e+00
5.455065429687500000e+03 2.381238365173339844e+01 0.000000000000000000e+00
5.456323242187500000e+03 2.362672424316406250e+01 0.000000000000000000e+00
5.457578613281250000e+03 2.314266586303710938e+01 0.000000000000000000e+00
5.458833984375000000e+03 2.255790901184082031e+01 0.000000000000000000e+00
5.460092773437500000e+03 2.299058532714843750e+01 0.000000000000000000e+00
5.461348632812500000e+03 2.440112304687500000e+01 0.000000000000000000e+00
5.462608398437500000e+03 2.366174888610839844e+01 0.000000000000000000e+00
5.463864746093750000e+03 2.333221626281738281e+01 0.000000000000000000e+00
5.465125000000000000e+03 2.462949752807617188e+01 0.000000000000000000e+00
5.466382324218750000e+03 2.529232215881347656e+01 0.000000000000000000e+00
5.467639648437500000e+03 2.464964294433593750e+01 0.000000000000000000e+00
5.468900390625000000e+03 2.478990554809570312e+01 0.000000000000000000e+00
5.470158691406250000e+03 2.398958206176757812e+01 0.000000000000000000e+00
5.471419921875000000e+03 2.479108810424804688e+01 0.000000000000000000e+00
5.472678710937500000e+03 2.425735282897949219e+01 0.000000000000000000e+00
5.473940429687500000e+03 2.324564743041992188e+01 0.000000000000000000e+00
5.475199707031250000e+03 2.363694763183593750e+01 0.000000000000000000e+00
5.476459472656250000e+03 2.475729370117187500e+01 0.000000000000000000e+00
5.477722167968750000e+03 2.519729423522949219e+01 0.000000000000000000e+00
5.478982421875000000e+03 2.513148498535156250e+01 0.000000000000000000e+00
5.480246093750000000e+03 2.500063705444335938e+01 0.000000000000000000e+00
5.481506835937500000e+03 2.442611694335937500e+01 0.000000000000000000e+00
5.482770507812500000e+03 2.347280693054199219e+01 0.000000000000000000e+00
5.484032226562500000e+03 2.349435424804687500e+01 0.000000000000000000e+00
5.485293457031250000e+03 2.540838813781738281e+01 0.000000000000000000e+00
5.486558593750000000e+03 2.546781539916992188e+01 0.000000000000000000e+00
5.487820800781250000e+03 2.400549697875976562e+01 0.000000000000000000e+00
5.489085937500000000e+03 2.421181869506835938e+01 0.000000000000000000e+00
5.490349121093750000e+03 2.550513076782226562e+01 0.000000000000000000e+00
5.491614746093750000e+03 2.401930046081542969e+01 0.000000000000000000e+00
5.492878417968750000e+03 2.429311180114746094e+01 0.000000000000000000e+00
5.494142089843750000e+03 2.393200111389160156e+01 0.000000000000000000e+00
5.495408691406250000e+03 2.385188102722167969e+01 0.000000000000000000e+00
5.496672851562500000e+03 2.393894195556640625e+01 0.000000000000000000e+00
5.497940429687500000e+03 2.396908569335937500e+01 0.000000000000000000e+00
5.499205566406250000e+03 2.454209518432617188e+01 0.000000000000000000e+00
5.500473632812500000e+03 2.494447326660156250e+01 0.000000000000000000e+00
5.501738769531250000e+03 2.504462623596191406e+01 0.000000000000000000e+00
5.503004394531250000e+03 2.510081863403320312e+01 0.000000000000000000e+00
5.504273437500000000e+03 2.486468887329101562e+01 0.000000000000000000e+00
5.505539550781250000e+03 2.429710769653320312e+01 0.000000000000000000e+00
5.506809570312500000e+03 2.388883972167968750e+01 0.000000000000000000e+00
5.508076171875000000e+03 2.367670822143554688e+01 0.000000000000000000e+00
5.509346191406250000e+03 2.420180702209472656e+01 0.000000000000000000e+00
5.510613769531250000e+03 2.431992340087890625e+01 0.000000000000000000e+00
5.511881347656250000e+03 2.404715347290039062e+01 0.000000000000000000e+00
5.513152343750000000e+03 2.450561523437500000e+01 0.000000000000000000e+00
5.514420898437500000e+03 2.550648689270019531e+01 0.000000000000000000e+00
5.515692382812500000e+03 2.309858131408691406e+01 0.000000000000000000e+00
5.516961425781250000e+03 2.349993896484375000e+01 0.000000000000000000e+00
5.518233398437500000e+03 2.380094909667968750e+01 0.000000000000000000e+00
5.519502929687500000e+03 2.385798263549804688e+01 0.000000000000000000e+00
5.520772460937500000e+03 2.462116050720214844e+01 0.000000000000000000e+00
5.522045898437500000e+03 2.505694580078125000e+01 0.000000000000000000e+00
5.523315917968750000e+03 2.493662643432617188e+01 0.000000000000000000e+00
5.524589843750000000e+03 2.318490409851074219e+01 0.000000000000000000e+00
5.525860839843750000e+03 2.362732124328613281e+01 0.000000000000000000e+00
5.527134765625000000e+03 2.452387237548828125e+01 0.000000000000000000e+00
5.528406250000000000e+03 2.420673179626464844e+01 0.000000000000000000e+00
5.529678222656250000e+03 2.479962730407714844e+01 0.000000000000000000e+00
5.530953613281250000e+03 2.505243301391601562e+01 0.000000000000000000e+00
5.532225585937500000e+03 2.558614349365234375e+01 0.000000000000000000e+00
5.533501464843750000e+03 2.506721687316894531e+01 0.000000000000000000e+00
5.534774414062500000e+03 2.446543121337890625e+01 0.000000000000000000e+00
5.536050781250000000e+03 2.485249137878417969e+01 0.000000000000000000e+00
5.537324218750000000e+03 2.536883163452148438e+01 0.000000000000000000e+00
5.538598144531250000e+03 2.518012046813964844e+01 0.000000000000000000e+00
5.539875488281250000e+03 2.451299476623535156e+01 0.000000000000000000e+00
5.541149902343750000e+03 2.505168533325195312e+01 0.000000000000000000e+00
5.542427734375000000e+03 2.555302619934082031e+01 0.000000000000000000e+00
5.543702636718750000e+03 2.478487777709960938e+01 0.000000000000000000e+00
5.544980957031250000e+03 2.412357139587402344e+01 0.000000000000000000e+00
5.546256835937500000e+03 2.510427093505859375e+01 0.000000000000000000e+00
5.547535644531250000e+03 2.527674102783203125e+01 0.000000000000000000e+00
5.548811523437500000e+03 2.547896194458007812e+01 0.000000000000000000e+00
5.550088378906250000e+03 2.598043060302734375e+01 0.000000000000000000e+00
5.551368164062500000e+03 2.653561592102050781e+01 0.000000000000000000e+00
5.552645019531250000e+03 2.691609191894531250e+01 0.000000000000000000e+00
5.553925781250000000e+03 2.625132560729980469e+01 0.000000000000000000e+00
5.555203125000000000e+03 2.673694610595703125e+01 0.000000000000000000e+00
5.556484375000000000e+03 2.562531471252441406e+01 0.000000000000000000e+00
5.557762695312500000e+03 2.449993896484375000e+01 0.000000000000000000e+00
5.559041015625000000e+03 2.534771156311035156e+01 0.000000000000000000e+00
5.560323242187500000e+03 2.643966293334960938e+01 0.000000000000000000e+00
5.561602050781250000e+03 2.620135688781738281e+01 0.000000000000000000e+00
5.562884765625000000e+03 2.710106849670410156e+01 0.000000000000000000e+00
5.564164550781250000e+03 2.707976913452148438e+01 0.000000000000000000e+00
5.565447265625000000e+03 2.617945861816406250e+01 0.000000000000000000e+00
5.566728027343750000e+03 2.584947776794433594e+01 0.000000000000000000e+00
5.568008300781250000e+03 2.641604995727539062e+01 0.000000000000000000e+00
5.569292480468750000e+03 2.647952079772949219e+01 0.000000000000000000e+00
5.570573730468750000e+03 2.679016685485839844e+01 0.000000000000000000e+00
5.571857910156250000e+03 2.661549949645996094e+01 0.000000000000000000e+00
5.573140136718750000e+03 2.723366928100585938e+01 0.000000000000000000e+00
5.574425292968750000e+03 2.811311912536621094e+01 0.000000000000000000e+00
5.575707519531250000e+03 2.668458747863769531e+01 0.000000000000000000e+00
5.576990234375000000e+03 2.641280555725097656e+01 0.000000000000000000e+00
5.578276367187500000e+03 2.240412139892578125e+01 0.000000000000000000e+00
5.579559570312500000e+03 2.809956359863281250e+01 0.000000000000000000e+00
5.580846191406250000e+03 3.430139923095703125e+01 0.000000000000000000e+00
5.582129882812500000e+03 3.089222526550292969e+01 0.000000000000000000e+00
5.583416992187500000e+03 2.677514266967773438e+01 0.000000000000000000e+00
5.584701660156250000e+03 2.863962936401367188e+01 0.000000000000000000e+00
5.585986328125000000e+03 2.801733970642089844e+01 0.000000000000000000e+00
5.587274414062500000e+03 2.800175857543945312e+01 0.000000000000000000e+00
5.588560058593750000e+03 2.816301536560058594e+01 0.000000000000000000e+00
5.589848632812500000e+03 2.770244598388671875e+01 0.000000000000000000e+00
5.591134765625000000e+03 2.873756027221679688e+01 0.000000000000000000e+00
5.592423828125000000e+03 2.865434646606445312e+01 0.000000000000000000e+00
5.593710449218750000e+03 2.843232345581054688e+01 0.000000000000000000e+00
5.594997070312500000e+03 2.839821815490722656e+01 0.000000000000000000e+00
5.596287597656250000e+03 2.869844055175781250e+01 0.000000000000000000e+00
5.597574707031250000e+03 2.850668144226074219e+01 0.000000000000000000e+00
5.598865722656250000e+03 2.725620651245117188e+01 0.000000000000000000e+00
5.600153808593750000e+03 2.870574378967285156e+01 0.000000000000000000e+00
5.601444824218750000e+03 2.916865730285644531e+01 0.000000000000000000e+00
5.602733398437500000e+03 2.816651916503906250e+01 0.000000000000000000e+00
5.604022460937500000e+03 2.804631042480468750e+01 0.000000000000000000e+00
5.605314941406250000e+03 2.912180519104003906e+01 0.000000000000000000e+00
5.606604492187500000e+03 2.896552467346191406e+01 0.000000000000000000e+00
5.607896972656250000e+03 2.938447189331054688e+01 0.000000000000000000e+00
5.609187011718750000e+03 2.893176460266113281e+01 0.000000000000000000e+00
5.610480468750000000e+03 2.767192840576171875e+01 0.000000000000000000e+00
5.611771484375000000e+03 2.852543640136718750e+01 0.000000000000000000e+00
5.613062500000000000e+03 3.025078773498535156e+01 0.000000000000000000e+00
5.614356933593750000e+03 2.801998901367187500e+01 0.000000000000000000e+00
5.615648437500000000e+03 2.874412536621093750e+01 0.000000000000000000e+00
5.616943359375000000e+03 2.904730606079101562e+01 0.000000000000000000e+00
5.618235351562500000e+03 2.921175384521484375e+01 0.000000000000000000e+00
5.619530761718750000e+03 2.952259635925292969e+01 0.000000000000000000e+00
5.620823730468750000e+03 2.937299156188964844e+01 0.000000000000000000e+00
5.622116699218750000e+03 2.875677108764648438e+01 0.000000000000000000e+00
5.623413085937500000e+03 2.994737625122070312e+01 0.000000000000000000e+00
5.624707031250000000e+03 2.981221961975097656e+01 0.000000000000000000e+00
5.626003906250000000e+03 3.001257133483886719e+01 0.000000000000000000e+00
5.627298339843750000e+03 2.980418777465820312e+01 0.000000000000000000e+00
5.628595703125000000e+03 2.949426841735839844e+01 0.000000000000000000e+00
5.629890625000000000e+03 3.126169967651367188e+01 0.000000000000000000e+00
5.631186035156250000e+03 3.045231628417968750e+01 0.000000000000000000e+00
5.632484375000000000e+03 3.070660781860351562e+01 0.000000000000000000e+00
5.633780273437500000e+03 3.006154060363769531e+01 0.000000000000000000e+00
5.635079101562500000e+03 2.943067741394042969e+01 0.000000000000000000e+00
5.636375488281250000e+03 2.978561973571777344e+01 0.000000000000000000e+00
5.637675292968750000e+03 2.953461647033691406e+01 0.000000000000000000e+00
5.638972167968750000e+03 2.954648399353027344e+01 0.000000000000000000e+00
5.640269531250000000e+03 2.905648612976074219e+01 0.000000000000000000e+00
5.641570312500000000e+03 2.927746772766113281e+01 0.000000000000000000e+00
5.642868164062500000e+03 2.863905715942382812e+01 0.000000000000000000e+00
5.644169433593750000e+03 2.777173233032226562e+01 0.000000000000000000e+00
5.645467773437500000e+03 2.971574211120605469e+01 0.000000000000000000e+00
5.646769531250000000e+03 2.844131469726562500e+01 0.000000000000000000e+00
5.648068359375000000e+03 2.898026657104492188e+01 0.000000000000000000e+00
5.649371093750000000e+03 2.856561470031738281e+01 0.000000000000000000e+00
5.650670410156250000e+03 2.742927169799804688e+01 0.000000000000000000e+00
5.651970703125000000e+03 2.739059448242187500e+01 0.000000000000000000e+00
5.653273925781250000e+03 2.771667861938476562e+01 0.000000000000000000e+00
5.654574218750000000e+03 2.622426414489746094e+01 0.000000000000000000e+00
5.655878417968750000e+03 2.710199356079101562e+01 0.000000000000000000e+00
5.657179199218750000e+03 2.658986282348632812e+01 0.000000000000000000e+00
5.658483886718750000e+03 2.576799392700195312e+01 0.000000000000000000e+00
5.659785644531250000e+03 2.631640052795410156e+01 0.000000000000000000e+00
5.661087890625000000e+03 2.623151206970214844e+01 0.000000000000000000e+00
5.662393066406250000e+03 2.627691459655761719e+01 0.000000000000000000e+00
5.663695800781250000e+03 2.511317443847656250e+01 0.000000000000000000e+00
5.665001953125000000e+03 2.510769653320312500e+01 0.000000000000000000e+00
5.666305175781250000e+03 2.488111114501953125e+01 0.000000000000000000e+00
5.667611816406250000e+03 2.385017204284667969e+01 0.000000000000000000e+00
5.668915527343750000e+03 2.467958259582519531e+01 0.000000000000000000e+00
5.670219726562500000e+03 2.503672027587890625e+01 0.000000000000000000e+00
5.671527343750000000e+03 2.439286231994628906e+01 0.000000000000000000e+00
5.672832031250000000e+03 2.462577629089355469e+01 0.000000000000000000e+00
5.674140136718750000e+03 2.449554824829101562e+01 0.000000000000000000e+00
5.675445312500000000e+03 2.364686965942382812e+01 0.000000000000000000e+00
5.676753906250000000e+03 2.427499389648437500e+01 0.000000000000000000e+00
5.678060058593750000e+03 2.378832435607910156e+01 0.000000000000000000e+00
5.679366210937500000e+03 2.347764205932617188e+01 0.000000000000000000e+00
5.680675781250000000e+03 2.388644409179687500e+01 0.000000000000000000e+00
5.681982910156250000e+03 2.423168563842773438e+01 0.000000000000000000e+00
5.683292968750000000e+03 2.392154312133789062e+01 0.000000000000000000e+00
5.684600585937500000e+03 2.342027091979980469e+01 0.000000000000000000e+00
5.685911132812500000e+03 2.312273979187011719e+01 0.000000000000000000e+00
5.687219238281250000e+03 2.331135368347167969e+01 0.000000000000000000e+00
5.688527832031250000e+03 2.318274497985839844e+01 0.000000000000000000e+00
5.689839355468750000e+03 2.344854354858398438e+01 0.000000000000000000e+00
5.691148437500000000e+03 2.381718826293945312e+01 0.000000000000000000e+00
5.692460937500000000e+03 2.264575386047363281e+01 0.000000000000000000e+00
5.693770507812500000e+03 2.286109924316406250e+01 0.000000000000000000e+00
5.695083496093750000e+03 2.407609367370605469e+01 0.000000000000000000e+00
5.696393554687500000e+03 2.409536552429199219e+01 0.000000000000000000e+00
5.697704101562500000e+03 2.354436111450195312e+01 0.000000000000000000e+00
5.699017578125000000e+03 2.302906608581542969e+01 0.000000000000000000e+00
5.700328613281250000e+03 2.206149101257324219e+01 0.000000000000000000e+00
5.701643066406250000e+03 2.377561759948730469e+01 0.000000000000000000e+00
5.702955078125000000e+03 2.245701408386230469e+01 0.000000000000000000e+00
5.704270019531250000e+03 2.228289985656738281e+01 0.000000000000000000e+00
5.705582519531250000e+03 2.230351829528808594e+01 0.000000000000000000e+00
5.706895019531250000e+03 2.154368209838867188e+01 0.000000000000000000e+00
5.708210937500000000e+03 2.289140701293945312e+01 0.000000000000000000e+00
5.709523925781250000e+03 2.215569877624511719e+01 0.000000000000000000e+00
5.710840820312500000e+03 2.205408477783203125e+01 0.000000000000000000e+00
5.712154296875000000e+03 2.203444099426269531e+01 0.000000000000000000e+00
5.713471679687500000e+03 2.177872085571289062e+01 0.000000000000000000e+00
5.714786132812500000e+03 2.197562217712402344e+01 0.000000000000000000e+00
5.716100585937500000e+03 2.281455802917480469e+01 0.000000000000000000e+00
5.717418945312500000e+03 2.205882453918457031e+01 0.000000000000000000e+00
5.718733886718750000e+03 2.217128944396972656e+01 0.000000000000000000e+00
5.720052734375000000e+03 2.176079940795898438e+01 0.000000000000000000e+00
5.721368652343750000e+03 2.204455947875976562e+01 0.000000000000000000e+00
5.722687988281250000e+03 2.281076431274414062e+01 0.000000000000000000e+00
5.724004394531250000e+03 2.105212783813476562e+01 0.000000000000000000e+00
5.725321289062500000e+03 2.084439468383789062e+01 0.000000000000000000e+00
5.726641601562500000e+03 2.215299797058105469e+01 0.000000000000000000e+00
5.727958984375000000e+03 2.198434638977050781e+01 0.000000000000000000e+00
5.729279785156250000e+03 2.129630661010742188e+01 0.000000000000000000e+00
5.730597656250000000e+03 2.161455535888671875e+01 0.000000000000000000e+00
5.731919433593750000e+03 2.163090324401855469e+01 0.000000000000000000e+00
5.733237792968750000e+03 2.075338554382324219e+01 0.000000000000000000e+00
5.734556640625000000e+03 2.162122344970703125e+01 0.000000000000000000e+00
5.735879394531250000e+03 2.205004310607910156e+01 0.000000000000000000e+00
5.737198730468750000e+03 2.146646881103515625e+01 0.000000000000000000e+00
5.738521484375000000e+03 2.050242233276367188e+01 0.000000000000000000e+00
5.739841796875000000e+03 1.971274375915527344e+01 0.000000000000000000e+00
5.741165527343750000e+03 2.094615745544433594e+01 0.000000000000000000e+00
5.742486328125000000e+03 2.136103820800781250e+01 0.000000000000000000e+00
5.743807128906250000e+03 2.123241233825683594e+01 0.000000000000000000e+00
5.745131835937500000e+03 2.080863952636718750e+01 0.000000000000000000e+00
5.746453613281250000e+03 2.049867630004882812e+01 0.000000000000000000e+00
5.747778320312500000e+03 2.091112327575683594e+01 0.000000000000000000e+00
5.749100585937500000e+03 2.032306289672851562e+01 0.000000000000000000e+00
5.750426757812500000e+03 2.018143081665039062e+01 0.000000000000000000e+00
5.751749511718750000e+03 2.060731887817382812e+01 0.000000000000000000e+00
5.753075683593750000e+03 2.093066024780273438e+01 0.000000000000000000e+00
5.754399414062500000e+03 2.083984947204589844e+01 0.000000000000000000e+00
5.755723144531250000e+03 2.058090209960937500e+01 0.000000000000000000e+00
5.757050292968750000e+03 1.985816001892089844e+01 0.000000000000000000e+00
5.758374511718750000e+03 2.071511077880859375e+01 0.000000000000000000e+00
5.759702636718750000e+03 2.109922027587890625e+01 0.000000000000000000e+00
5.761027343750000000e+03 2.109857940673828125e+01 0.000000000000000000e+00
5.762355957031250000e+03 2.157807350158691406e+01 0.000000000000000000e+00
5.763681640625000000e+03 2.164154815673828125e+01 0.000000000000000000e+00
5.765007812500000000e+03 2.024726104736328125e+01 0.000000000000000000e+00
5.766336914062500000e+03 1.992053604125976562e+01 0.000000000000000000e+00
5.767663574218750000e+03 2.010747909545898438e+01 0.000000000000000000e+00
5.768993652343750000e+03 2.061359977722167969e+01 0.000000000000000000e+00
5.770320800781250000e+03 2.072998619079589844e+01 0.000000000000000000e+00
5.771651367187500000e+03 1.925823020935058594e+01 0.000000000000000000e+00
5.772979003906250000e+03 1.918501853942871094e+01 0.000000000000000000e+00
5.774307128906250000e+03 2.108059692382812500e+01 0.000000000000000000e+00
5.775638671875000000e+03 2.042459297180175781e+01 0.000000000000000000e+00
5.776967285156250000e+03 1.961773872375488281e+01 0.000000000000000000e+00
5.778299316406250000e+03 2.079214286804199219e+01 0.000000000000000000e+00
5.779628906250000000e+03 2.036187553405761719e+01 0.000000000000000000e+00
5.780961425781250000e+03 1.986793327331542969e+01 0.000000000000000000e+00
5.782291503906250000e+03 2.072780799865722656e+01 0.000000000000000000e+00
5.783621582031250000e+03 2.058993911743164062e+01 0.000000000000000000e+00
5.784955566406250000e+03 2.030253219604492188e+01 0.000000000000000000e+00
5.786286132812500000e+03 2.083385276794433594e+01 0.000000000000000000e+00
5.787620605468750000e+03 2.060131454467773438e+01 0.000000000000000000e+00
5.788952148437500000e+03 2.050692939758300781e+01 0.000000000000000000e+00
5.790287109375000000e+03 2.030191040039062500e+01 0.000000000000000000e+00
5.791619140625000000e+03 2.001926422119140625e+01 0.000000000000000000e+00
5.792951171875000000e+03 1.970422554016113281e+01 0.000000000000000000e+00
5.794287109375000000e+03 1.935818099975585938e+01 0.000000000000000000e+00
5.795620117187500000e+03 1.922184371948242188e+01 0.000000000000000000e+00
5.796956542968750000e+03 1.988414764404296875e+01 0.000000000000000000e+00
5.798290039062500000e+03 1.911369132995605469e+01 0.000000000000000000e+00
5.799627441406250000e+03 1.976008033752441406e+01 0.000000000000000000e+00
5.800961425781250000e+03 2.077578163146972656e+01 0.000000000000000000e+00
5.802295898437500000e+03 2.012656974792480469e+01 0.000000000000000000e+00
5.803633789062500000e+03 1.929089546203613281e+01 0.000000000000000000e+00
5.804969238281250000e+03 2.048631668090820312e+01 0.000000000000000000e+00
5.806307617187500000e+03 1.937372398376464844e+01 0.000000000000000000e+00
5.807643554687500000e+03 1.942595672607421875e+01 0.000000000000000000e+00
5.808982421875000000e+03 1.983315658569335938e+01 0.000000000000000000e+00
5.810318847656250000e+03 1.914805221557617188e+01 0.000000000000000000e+00
5.811655761718750000e+03 1.947350692749023438e+01 0.000000000000000000e+00
5.812995605468750000e+03 1.945917701721191406e+01 0.000000000000000000e+00
5.814333007812500000e+03 1.927011871337890625e+01 0.000000000000000000e+00
5.815673828125000000e+03 1.965103721618652344e+01 0.000000000000000000e+00
5.817011718750000000e+03 1.946062278747558594e+01 0.000000000000000000e+00
5.818353027343750000e+03 1.866270065307617188e+01 0.000000000000000000e+00
5.819691406250000000e+03 1.920970916748046875e+01 0.000000000000000000e+00
5.821030273437500000e+03 1.894432449340820312e+01 0.000000000000000000e+00
5.822372558593750000e+03 1.964452362060546875e+01 0.000000000000000000e+00
5.823711914062500000e+03 1.943015289306640625e+01 0.000000000000000000e+00
5.825055175781250000e+03 1.897458839416503906e+01 0.000000000000000000e+00
5.826395019531250000e+03 1.926935958862304688e+01 0.000000000000000000e+00
5.827738769531250000e+03 1.921030616760253906e+01 0.000000000000000000e+00
5.829079101562500000e+03 1.947966003417968750e+01 0.000000000000000000e+00
5.830420410156250000e+03 1.984779167175292969e+01 0.000000000000000000e+00
5.831764648437500000e+03 1.990727233886718750e+01 0.000000000000000000e+00
5.833106445312500000e+03 1.924864196777343750e+01 0.000000000000000000e+00
5.834451660156250000e+03 1.874104690551757812e+01 0.000000000000000000e+00
5.835793457031250000e+03 1.973148536682128906e+01 0.000000000000000000e+00
5.837139648437500000e+03 1.930607604980468750e+01 0.000000000000000000e+00
5.838482421875000000e+03 1.923686981201171875e+01 0.000000000000000000e+00
5.839825195312500000e+03 1.957834243774414062e+01 0.000000000000000000e+00
5.841171875000000000e+03 1.917601203918457031e+01 0.000000000000000000e+00
5.842515625000000000e+03 1.832863426208496094e+01 0.000000000000000000e+00
5.843863281250000000e+03 1.893999290466308594e+01 0.000000000000000000e+00
5.845207519531250000e+03 1.929117202758789062e+01 0.000000000000000000e+00
5.846555175781250000e+03 1.902820014953613281e+01 0.000000000000000000e+00
5.847900390625000000e+03 1.861259841918945312e+01 0.000000000000000000e+00
5.849245605468750000e+03 1.944339370727539062e+01 0.000000000000000000e+00
5.850594238281250000e+03 2.081501579284667969e+01 0.000000000000000000e+00
5.851940429687500000e+03 1.978548812866210938e+01 0.000000000000000000e+00
5.853289550781250000e+03 1.887192153930664062e+01 0.000000000000000000e+00
5.854636230468750000e+03 1.976270103454589844e+01 0.000000000000000000e+00
5.855986328125000000e+03 2.050687789916992188e+01 0.000000000000000000e+00
5.857333496093750000e+03 2.022676086425781250e+01 0.000000000000000000e+00
5.858684082031250000e+03 1.962551689147949219e+01 0.000000000000000000e+00
5.860032226562500000e+03 1.956849670410156250e+01 0.000000000000000000e+00
5.861380371093750000e+03 1.945675086975097656e+01 0.000000000000000000e+00
5.862731933593750000e+03 1.924480628967285156e+01 0.000000000000000000e+00
5.864080566406250000e+03 1.854006767272949219e+01 0.000000000000000000e+00
5.865432617187500000e+03 1.872859764099121094e+01 0.000000000000000000e+00
5.866782226562500000e+03 1.971314048767089844e+01 0.000000000000000000e+00
5.868134765625000000e+03 1.905610466003417969e+01 0.000000000000000000e+00
5.869484863281250000e+03 1.925514411926269531e+01 0.000000000000000000e+00
5.870834960937500000e+03 1.900827217102050781e+01 0.000000000000000000e+00
5.872188964843750000e+03 1.910051727294921875e+01 0.000000000000000000e+00
5.873540039062500000e+03 1.892083358764648438e+01 0.000000000000000000e+00
5.874894042968750000e+03 1.850403404235839844e+01 0.000000000000000000e+00
5.876245605468750000e+03 1.932375335693359375e+01 0.000000000000000000e+00
5.877600585937500000e+03 1.871464729309082031e+01 0.000000000000000000e+00
5.878953125000000000e+03 1.888830757141113281e+01 0.000000000000000000e+00
5.880305175781250000e+03 1.886186027526855469e+01 0.000000000000000000e+00
5.881661132812500000e+03 1.894490432739257812e+01 0.000000000000000000e+00
5.883014648437500000e+03 1.936549949645996094e+01 0.000000000000000000e+00
5.884371093750000000e+03 1.888369560241699219e+01 0.000000000000000000e+00
5.885724609375000000e+03 1.864448356628417969e+01 0.000000000000000000e+00
5.887082031250000000e+03 1.938607978820800781e+01 0.000000000000000000e+00
5.888436523437500000e+03 1.897595977783203125e+01 0.000000000000000000e+00
5.889791015625000000e+03 1.734603691101074219e+01 0.000000000000000000e+00
5.891148925781250000e+03 1.669452095031738281e+01 0.000000000000000000e+00
5.892504394531250000e+03 1.831523132324218750e+01 0.000000000000000000e+00
5.893863281250000000e+03 1.802432632446289062e+01 0.000000000000000000e+00
5.895219238281250000e+03 1.874267768859863281e+01 0.000000000000000000e+00
5.896578613281250000e+03 1.796738815307617188e+01 0.000000000000000000e+00
5.897935058593750000e+03 1.707974815368652344e+01 0.000000000000000000e+00
5.899291992187500000e+03 1.816807937622070312e+01 0.000000000000000000e+00
5.900652343750000000e+03 1.931731605529785156e+01 0.000000000000000000e+00
5.902009765625000000e+03 1.888252639770507812e+01 0.000000000000000000e+00
5.903370605468750000e+03 1.917814445495605469e+01 0.000000000000000000e+00
5.904728515625000000e+03 1.860610961914062500e+01 0.000000000000000000e+00
5.906090332031250000e+03 1.856774711608886719e+01 0.000000000000000000e+00
5.907448730468750000e+03 1.967412376403808594e+01 0.000000000000000000e+00
5.908808105468750000e+03 1.930002593994140625e+01 0.000000000000000000e+00
5.910170410156250000e+03 2.009817314147949219e+01 0.000000000000000000e+00
5.911530273437500000e+03 1.856569480895996094e+01 0.000000000000000000e+00
5.912893066406250000e+03 1.818273162841796875e+01 0.000000000000000000e+00
5.914253417968750000e+03 1.924570655822753906e+01 0.000000000000000000e+00
5.915617187500000000e+03 1.978119659423828125e+01 0.000000000000000000e+00
5.916978027343750000e+03 1.947951889038085938e+01 0.000000000000000000e+00
5.918339355468750000e+03 1.917665481567382812e+01 0.000000000000000000e+00
5.919704101562500000e+03 1.874225044250488281e+01 0.000000000000000000e+00
5.921065917968750000e+03 1.814661026000976562e+01 0.000000000000000000e+00
5.922431152343750000e+03 1.862057495117187500e+01 0.000000000000000000e+00
5.923793945312500000e+03 1.961270904541015625e+01 0.000000000000000000e+00
5.925159667968750000e+03 1.856587982177734375e+01 0.000000000000000000e+00
5.926522949218750000e+03 1.874870872497558594e+01 0.000000000000000000e+00
5.927886230468750000e+03 1.890836143493652344e+01 0.000000000000000000e+00
5.929253417968750000e+03 1.911165809631347656e+01 0.000000000000000000e+00
5.930617187500000000e+03 1.947893333435058594e+01 0.000000000000000000e+00
5.931984863281250000e+03 1.937580299377441406e+01 0.000000000000000000e+00
5.933349609375000000e+03 1.849168777465820312e+01 0.000000000000000000e+00
5.934717773437500000e+03 1.946281623840332031e+01 0.000000000000000000e+00
5.936083007812500000e+03 1.857577705383300781e+01 0.000000000000000000e+00
5.937448730468750000e+03 1.891503906250000000e+01 0.000000000000000000e+00
5.938817871093750000e+03 1.895181274414062500e+01 0.000000000000000000e+00
5.940184082031250000e+03 1.785210609436035156e+01 0.000000000000000000e+00
5.941553710937500000e+03 1.945671463012695312e+01 0.000000000000000000e+00
5.942920410156250000e+03 1.944032478332519531e+01 0.000000000000000000e+00
5.944291015625000000e+03 1.918652534484863281e+01 0.000000000000000000e+00
5.945658691406250000e+03 1.908446884155273438e+01 0.000000000000000000e+00
5.947026367187500000e+03 1.874084663391113281e+01 0.000000000000000000e+00
5.948397460937500000e+03 1.797455596923828125e+01 0.000000000000000000e+00
5.949766113281250000e+03 1.754287338256835938e+01 0.000000000000000000e+00
5.951138183593750000e+03 1.871068382263183594e+01 0.000000000000000000e+00
5.952507324218750000e+03 1.849965476989746094e+01 0.000000000000000000e+00
5.953879882812500000e+03 1.927099800109863281e+01 0.000000000000000000e+00
5.955249511718750000e+03 1.940570068359375000e+01 0.000000000000000000e+00
5.956622558593750000e+03 1.792621803283691406e+01 0.000000000000000000e+00
5.957993164062500000e+03 1.851505088806152344e+01 0.000000000000000000e+00
5.959363769531250000e+03 1.934597015380859375e+01 0.000000000000000000e+00
5.960737792968750000e+03 1.835068321228027344e+01 0.000000000000000000e+00
5.962109375000000000e+03 1.829593658447265625e+01 0.000000000000000000e+00
5.963483886718750000e+03 1.916851234436035156e+01 0.000000000000000000e+00
5.964855957031250000e+03 1.921481513977050781e+01 0.000000000000000000e+00
5.966231445312500000e+03 1.862199974060058594e+01 0.000000000000000000e+00
5.967604003906250000e+03 1.967736053466796875e+01 0.000000000000000000e+00
5.968976562500000000e+03 1.840715217590332031e+01 0.000000000000000000e+00
5.970353027343750000e+03 1.798830223083496094e+01 0.000000000000000000e+00
5.971726562500000000e+03 1.814313888549804688e+01 0.000000000000000000e+00
5.973103515625000000e+03 1.807734489440917969e+01 0.000000000000000000e+00
5.974478027343750000e+03 1.939663314819335938e+01 0.000000000000000000e+00
5.975855468750000000e+03 1.766259956359863281e+01 0.000000000000000000e+00
5.977230468750000000e+03 1.818151855468750000e+01 0.000000000000000000e+00
5.978605468750000000e+03 1.813415145874023438e+01 0.000000000000000000e+00
5.979983886718750000e+03 1.785166740417480469e+01 0.000000000000000000e+00
5.981359863281250000e+03 1.827546882629394531e+01 0.000000000000000000e+00
5.982738769531250000e+03 1.753886222839355469e+01 0.000000000000000000e+00
5.984115234375000000e+03 1.878367042541503906e+01 0.000000000000000000e+00
5.985495117187500000e+03 1.952372169494628906e+01 0.000000000000000000e+00
5.986872070312500000e+03 1.906612205505371094e+01 0.000000000000000000e+00
5.988249511718750000e+03 1.850843429565429688e+01 0.000000000000000000e+00
5.989630371093750000e+03 1.836303138732910156e+01 0.000000000000000000e+00
5.991008300781250000e+03 1.807312965393066406e+01 0.000000000000000000e+00
5.992389648437500000e+03 1.949240112304687500e+01 0.000000000000000000e+00
5.993768066406250000e+03 1.820705413818359375e+01 0.000000000000000000e+00
5.995150390625000000e+03 1.850667381286621094e+01 0.000000000000000000e+00
5.996529785156250000e+03 1.949294281005859375e+01 0.000000000000000000e+00
5.997909179687500000e+03 1.853168678283691406e+01 0.000000000000000000e+00
5.999291992187500000e+03 1.779877090454101562e+01 0.000000000000000000e+00
6.000672363281250000e+03 1.917997550964355469e+01 0.000000000000000000e+00
6.002056152343750000e+03 1.993045806884765625e+01 0.000000000000000000e+00
6.003437011718750000e+03 1.884249305725097656e+01 0.000000000000000000e+00
6.004821289062500000e+03 1.841529655456542969e+01 0.000000000000000000e+00
6.006202636718750000e+03 1.923343086242675781e+01 0.000000000000000000e+00
6.007584472656250000e+03 1.800642967224121094e+01 0.000000000000000000e+00
6.008969726562500000e+03 1.837870407104492188e+01 0.000000000000000000e+00
6.010352050781250000e+03 1.877332115173339844e+01 0.000000000000000000e+00
6.011737792968750000e+03 1.772165298461914062e+01 0.000000000000000000e+00
6.013121093750000000e+03 1.746312522888183594e+01 0.000000000000000000e+00
6.014507812500000000e+03 1.860450363159179688e+01 0.000000000000000000e+00
6.015891113281250000e+03 1.780998229980468750e+01 0.000000000000000000e+00
6.017275390625000000e+03 1.832695579528808594e+01 0.000000000000000000e+00
6.018662597656250000e+03 1.828462219238281250e+01 0.000000000000000000e+00
6.020047363281250000e+03 1.849820137023925781e+01 0.000000000000000000e+00
6.021435546875000000e+03 1.892783355712890625e+01 0.000000000000000000e+00
6.022820800781250000e+03 1.898019409179687500e+01 0.000000000000000000e+00
6.024209472656250000e+03 1.887671279907226562e+01 0.000000000000000000e+00
6.025595703125000000e+03 1.872811508178710938e+01 0.000000000000000000e+00
6.026981445312500000e+03 1.851540946960449219e+01 0.000000000000000000e+00
6.028371582031250000e+03 1.931991577148437500e+01 0.000000000000000000e+00
6.029758300781250000e+03 1.952344131469726562e+01 0.000000000000000000e+00
6.031148925781250000e+03 1.877555847167968750e+01 0.000000000000000000e+00
6.032536132812500000e+03 1.969849395751953125e+01 0.000000000000000000e+00
6.033927246093750000e+03 1.863106155395507812e+01 0.000000000000000000e+00
6.035315429687500000e+03 1.820608139038085938e+01 0.000000000000000000e+00
6.036703613281250000e+03 1.835786819458007812e+01 0.000000000000000000e+00
6.038095703125000000e+03 1.905463981628417969e+01 0.000000000000000000e+00
6.039484863281250000e+03 1.937508010864257812e+01 0.000000000000000000e+00
6.040877441406250000e+03 1.783197975158691406e+01 0.000000000000000000e+00
6.042267089843750000e+03 1.856554412841796875e+01 0.000000000000000000e+00
6.043660644531250000e+03 1.843819808959960938e+01 0.000000000000000000e+00
6.045050781250000000e+03 1.846664237976074219e+01 0.000000000000000000e+00
6.046441406250000000e+03 1.924383735656738281e+01 0.000000000000000000e+00
6.047835937500000000e+03 1.930919265747070312e+01 0.000000000000000000e+00
6.049227050781250000e+03 1.771267700195312500e+01 0.000000000000000000e+00
6.050622070312500000e+03 1.952581596374511719e+01 0.000000000000000000e+00
6.052014160156250000e+03 2.057058143615722656e+01 0.000000000000000000e+00
6.053409667968750000e+03 1.910979461669921875e+01 0.000000000000000000e+00
6.054802246093750000e+03 1.882704925537109375e+01 0.000000000000000000e+00
6.056195312500000000e+03 2.035862922668457031e+01 0.000000000000000000e+00
6.057591796875000000e+03 1.829692649841308594e+01 0.000000000000000000e+00
6.058985351562500000e+03 1.810578346252441406e+01 0.000000000000000000e+00
6.060382324218750000e+03 1.903264045715332031e+01 0.000000000000000000e+00
6.061776367187500000e+03 1.877726554870605469e+01 0.000000000000000000e+00
6.063174316406250000e+03 1.844318580627441406e+01 0.000000000000000000e+00
6.064569335937500000e+03 1.882295417785644531e+01 0.000000000000000000e+00
6.065967773437500000e+03 1.819420814514160156e+01 0.000000000000000000e+00
6.067363281250000000e+03 1.962426185607910156e+01 0.000000000000000000e+00
6.068758789062500000e+03 1.913117599487304688e+01 0.000000000000000000e+00
6.070158203125000000e+03 1.895851516723632812e+01 0.000000000000000000e+00
6.071554687500000000e+03 1.917328643798828125e+01 0.000000000000000000e+00
6.072955078125000000e+03 1.887700271606445312e+01 0.000000000000000000e+00
6.074352050781250000e+03 1.905177688598632812e+01 0.000000000000000000e+00
6.075752929687500000e+03 1.847441482543945312e+01 0.000000000000000000e+00
6.077150390625000000e+03 1.865445899963378906e+01 0.000000000000000000e+00
6.078548339843750000e+03 1.936150741577148438e+01 0.000000000000000000e+00
6.079950195312500000e+03 1.945318603515625000e+01 0.000000000000000000e+00
6.081349121093750000e+03 1.887563514709472656e+01 0.000000000000000000e+00
6.082751464843750000e+03 1.883487319946289062e+01 0.000000000000000000e+00
6.084150390625000000e+03 1.793720626831054688e+01 0.000000000000000000e+00
6.085553710937500000e+03 1.828291130065917969e+01 0.000000000000000000e+00
6.086953613281250000e+03 1.855071258544921875e+01 0.000000000000000000e+00
6.088354003906250000e+03 1.883221626281738281e+01 0.000000000000000000e+00
6.089757812500000000e+03 1.958704566955566406e+01 0.000000000000000000e+00
6.091158691406250000e+03 1.965598487854003906e+01 0.000000000000000000e+00
6.092563476562500000e+03 1.908520126342773438e+01 0.000000000000000000e+00
6.093964843750000000e+03 1.904012107849121094e+01 0.000000000000000000e+00
6.095370117187500000e+03 1.927248573303222656e+01 0.000000000000000000e+00
6.096772460937500000e+03 1.943628120422363281e+01 0.000000000000000000e+00
6.098174804687500000e+03 1.896879768371582031e+01 0.000000000000000000e+00
6.099581054687500000e+03 1.785844039916992188e+01 0.000000000000000000e+00
6.100984375000000000e+03 1.956855964660644531e+01 0.000000000000000000e+00
6.102391113281250000e+03 1.921787261962890625e+01 0.000000000000000000e+00
6.103794921875000000e+03 1.818167114257812500e+01 0.000000000000000000e+00
6.105202636718750000e+03 1.844582366943359375e+01 0.000000000000000000e+00
6.106606933593750000e+03 1.989331054687500000e+01 0.000000000000000000e+00
6.108011718750000000e+03 2.048289871215820312e+01 0.000000000000000000e+00
6.109420410156250000e+03 1.884218406677246094e+01 0.000000000000000000e+00
6.110825683593750000e+03 1.822705078125000000e+01 0.000000000000000000e+00
6.112234863281250000e+03 1.883998107910156250e+01 0.000000000000000000e+00
6.113641113281250000e+03 1.923637199401855469e+01 0.000000000000000000e+00
6.115050781250000000e+03 1.867101478576660156e+01 0.000000000000000000e+00
6.116457519531250000e+03 1.841469955444335938e+01 0.000000000000000000e+00
6.117864746093750000e+03 1.986326408386230469e+01 0.000000000000000000e+00
6.119275390625000000e+03 1.890343284606933594e+01 0.000000000000000000e+00
6.120683105468750000e+03 1.889313888549804688e+01 0.000000000000000000e+00
6.122094726562500000e+03 1.937282752990722656e+01 0.000000000000000000e+00
6.123502929687500000e+03 1.881864929199218750e+01 0.000000000000000000e+00
6.124915039062500000e+03 1.915690422058105469e+01 0.000000000000000000e+00
6.126324218750000000e+03 1.861293983459472656e+01 0.000000000000000000e+00
6.127733398437500000e+03 1.847806930541992188e+01 0.000000000000000000e+00
6.129146484375000000e+03 1.854819297790527344e+01 0.000000000000000000e+00
6.130556640625000000e+03 1.833125114440917969e+01 0.000000000000000000e+00
6.131970214843750000e+03 1.846855354309082031e+01 0.000000000000000000e+00
6.133380859375000000e+03 1.985896110534667969e+01 0.000000000000000000e+00
6.134795410156250000e+03 1.916257095336914062e+01 0.000000000000000000e+00
6.136206542968750000e+03 1.853629302978515625e+01 0.000000000000000000e+00
6.137618164062500000e+03 1.883406257629394531e+01 0.000000000000000000e+00
6.139033691406250000e+03 1.965644645690917969e+01 0.000000000000000000e+00
6.140445800781250000e+03 1.999983406066894531e+01 0.000000000000000000e+00
6.141861816406250000e+03 1.945229721069335938e+01 0.000000000000000000e+00
6.143274902343750000e+03 2.015488433837890625e+01 0.000000000000000000e+00
6.144691406250000000e+03 1.906425476074218750e+01 0.000000000000000000e+00
6.146104980468750000e+03 1.876899337768554688e+01 0.000000000000000000e+00
6.147518554687500000e+03 1.911416244506835938e+01 0.000000000000000000e+00
6.148936523437500000e+03 1.849335670471191406e+01 0.000000000000000000e+00
6.150351074218750000e+03 1.772020721435546875e+01 0.000000000000000000e+00
6.151769042968750000e+03 1.783044433593750000e+01 0.000000000000000000e+00
6.153184570312500000e+03 1.931176567077636719e+01 0.000000000000000000e+00
6.154603515625000000e+03 1.927666091918945312e+01 0.000000000000000000e+00
6.156019042968750000e+03 1.855157089233398438e+01 0.000000000000000000e+00
6.157435546875000000e+03 1.926437377929687500e+01 0.000000000000000000e+00
6.158855468750000000e+03 2.028857231140136719e+01 0.000000000000000000e+00
6.160271972656250000e+03 1.915376853942871094e+01 0.000000000000000000e+00
6.161692871093750000e+03 1.820390892028808594e+01 0.000000000000000000e+00
6.163110351562500000e+03 1.863011741638183594e+01 0.000000000000000000e+00
6.164531250000000000e+03 1.857129096984863281e+01 0.000000000000000000e+00
6.165949707031250000e+03 1.758427047729492188e+01 0.000000000000000000e+00
6.167368164062500000e+03 1.861445617675781250e+01 0.000000000000000000e+00
6.168790039062500000e+03 1.877980804443359375e+01 0.000000000000000000e+00
6.170209472656250000e+03 1.785655784606933594e+01 0.000000000000000000e+00
6.171632324218750000e+03 1.867362403869628906e+01 0.000000000000000000e+00
6.173051757812500000e+03 1.932812881469726562e+01 0.000000000000000000e+00
6.174475585937500000e+03 1.807694435119628906e+01 0.000000000000000000e+00
6.175895996093750000e+03 1.798124885559082031e+01 0.000000000000000000e+00
6.177319824218750000e+03 1.774539375305175781e+01 0.000000000000000000e+00
6.178741210937500000e+03 1.867615318298339844e+01 0.000000000000000000e+00
6.180162597656250000e+03 1.816460037231445312e+01 0.000000000000000000e+00
6.181587402343750000e+03 1.797420120239257812e+01 0.000000000000000000e+00
6.183009765625000000e+03 1.935342216491699219e+01 0.000000000000000000e+00
6.184435546875000000e+03 1.866837501525878906e+01 0.000000000000000000e+00
6.185857910156250000e+03 1.883612251281738281e+01 0.000000000000000000e+00
6.187284667968750000e+03 1.787627601623535156e+01 0.000000000000000000e+00
6.188708007812500000e+03 1.808319282531738281e+01 0.000000000000000000e+00
6.190131835937500000e+03 1.845080566406250000e+01 0.000000000000000000e+00
6.191559082031250000e+03 1.772520446777343750e+01 0.000000000000000000e+00
6.192983398437500000e+03 1.822633743286132812e+01 0.000000000000000000e+00
6.194411621093750000e+03 1.852965354919433594e+01 0.000000000000000000e+00
6.195836425781250000e+03 1.847201347351074219e+01 0.000000000000000000e+00
6.197265136718750000e+03 1.856200599670410156e+01 0.000000000000000000e+00
6.198690917968750000e+03 1.861080741882324219e+01 0.000000000000000000e+00
6.200117187500000000e+03 1.855429458618164062e+01 0.000000000000000000e+00
6.201546875000000000e+03 1.883587074279785156e+01 0.000000000000000000e+00
6.202973144531250000e+03 1.797852897644042969e+01 0.000000000000000000e+00
6.204403808593750000e+03 1.718133735656738281e+01 0.000000000000000000e+00
6.205831054687500000e+03 1.703612709045410156e+01 0.000000000000000000e+00
6.207262207031250000e+03 1.769364166259765625e+01 0.000000000000000000e+00
6.208689941406250000e+03 1.843562698364257812e+01 0.000000000000000000e+00
6.210118164062500000e+03 1.808603096008300781e+01 0.000000000000000000e+00
6.211550292968750000e+03 1.821360969543457031e+01 0.000000000000000000e+00
6.212979492187500000e+03 1.790682601928710938e+01 0.000000000000000000e+00
6.214412109375000000e+03 1.768791580200195312e+01 0.000000000000000000e+00
6.215841796875000000e+03 1.795254707336425781e+01 0.000000000000000000e+00
6.217274902343750000e+03 1.817081832885742188e+01 0.000000000000000000e+00
6.218705566406250000e+03 1.762504386901855469e+01 0.000000000000000000e+00
6.220135742187500000e+03 1.791789817810058594e+01 0.000000000000000000e+00
6.221570312500000000e+03 1.879959869384765625e+01 0.000000000000000000e+00
6.223001464843750000e+03 1.850207328796386719e+01 0.000000000000000000e+00
6.224436523437500000e+03 1.765832328796386719e+01 0.000000000000000000e+00
6.225868652343750000e+03 1.734231758117675781e+01 0.000000000000000000e+00
6.227304199218750000e+03 1.702884483337402344e+01 0.000000000000000000e+00
6.228736816406250000e+03 1.821789741516113281e+01 0.000000000000000000e+00
6.230169433593750000e+03 1.813750839233398438e+01 0.000000000000000000e+00
6.231606445312500000e+03 1.758053588867187500e+01 0.000000000000000000e+00
6.233040039062500000e+03 1.730727958679199219e+01 0.000000000000000000e+00
6.234477050781250000e+03 1.765897750854492188e+01 0.000000000000000000e+00
6.235911621093750000e+03 1.877849960327148438e+01 0.000000000000000000e+00
6.237349609375000000e+03 1.819305801391601562e+01 0.000000000000000000e+00
6.238784179687500000e+03 1.740402603149414062e+01 0.000000000000000000e+00
6.240219726562500000e+03 1.720315551757812500e+01 0.000000000000000000e+00
6.241658691406250000e+03 1.787635421752929688e+01 0.000000000000000000e+00
6.243094238281250000e+03 1.857309913635253906e+01 0.000000000000000000e+00
6.244534179687500000e+03 1.773308753967285156e+01 0.000000000000000000e+00
6.245970703125000000e+03 1.744457626342773438e+01 0.000000000000000000e+00
6.247411132812500000e+03 1.744425201416015625e+01 0.000000000000000000e+00
6.248848144531250000e+03 1.716217041015625000e+01 0.000000000000000000e+00
6.250285644531250000e+03 1.693996810913085938e+01 0.000000000000000000e+00
6.251727050781250000e+03 1.697476768493652344e+01 0.000000000000000000e+00
6.253165039062500000e+03 1.673691749572753906e+01 0.000000000000000000e+00
6.254606933593750000e+03 1.738608360290527344e+01 0.000000000000000000e+00
6.256045898437500000e+03 1.761068153381347656e+01 0.000000000000000000e+00
6.257488769531250000e+03 1.801989173889160156e+01 0.000000000000000000e+00
6.258928222656250000e+03 1.779249382019042969e+01 0.000000000000000000e+00
6.260368164062500000e+03 1.671175003051757812e+01 0.000000000000000000e+00
6.261811523437500000e+03 1.698821640014648438e+01 0.000000000000000000e+00
6.263251953125000000e+03 1.745725440979003906e+01 0.000000000000000000e+00
6.264696289062500000e+03 1.744848823547363281e+01 0.000000000000000000e+00
6.266137695312500000e+03 1.734758949279785156e+01 0.000000000000000000e+00
6.267582519531250000e+03 1.717748069763183594e+01 0.000000000000000000e+00
6.269024414062500000e+03 1.684787178039550781e+01 0.000000000000000000e+00
6.270466796875000000e+03 1.679416084289550781e+01 0.000000000000000000e+00
6.271912597656250000e+03 1.723575782775878906e+01 0.000000000000000000e+00
6.273355468750000000e+03 1.674264335632324219e+01 0.000000000000000000e+00
6.274802246093750000e+03 1.563129234313964844e+01 0.000000000000000000e+00
6.276245605468750000e+03 1.631535911560058594e+01 0.000000000000000000e+00
6.277692871093750000e+03 1.846844291687011719e+01 0.000000000000000000e+00
6.279137207031250000e+03 1.749625587463378906e+01 0.000000000000000000e+00
6.280581542968750000e+03 1.661202621459960938e+01 0.000000000000000000e+00
6.282029785156250000e+03 1.745759010314941406e+01 0.000000000000000000e+00
6.283475097656250000e+03 1.798566627502441406e+01 0.000000000000000000e+00
6.284923828125000000e+03 1.758093452453613281e+01 0.000000000000000000e+00
6.286369628906250000e+03 1.708137893676757812e+01 0.000000000000000000e+00
6.287819335937500000e+03 1.700793457031250000e+01 0.000000000000000000e+00
6.289266113281250000e+03 1.742560386657714844e+01 0.000000000000000000e+00
6.290716308593750000e+03 1.656165122985839844e+01 0.000000000000000000e+00
6.292163574218750000e+03 1.599056243896484375e+01 0.000000000000000000e+00
6.293610839843750000e+03 1.645196533203125000e+01 0.000000000000000000e+00
6.295062011718750000e+03 1.734639739990234375e+01 0.000000000000000000e+00
6.296510253906250000e+03 1.783089256286621094e+01 0.000000000000000000e+00
6.297962402343750000e+03 1.695918273925781250e+01 0.000000000000000000e+00
6.299411132812500000e+03 1.534546947479248047e+01 0.000000000000000000e+00
6.300863769531250000e+03 1.727240180969238281e+01 0.000000000000000000e+00
6.302313476562500000e+03 1.832942962646484375e+01 0.000000000000000000e+00
6.303763183593750000e+03 1.562047767639160156e+01 0.000000000000000000e+00
6.305216796875000000e+03 1.657726287841796875e+01 0.000000000000000000e+00
6.306667480468750000e+03 1.667050170898437500e+01 0.000000000000000000e+00
6.308121582031250000e+03 1.665881919860839844e+01 0.000000000000000000e+00
6.309572753906250000e+03 1.802313423156738281e+01 0.000000000000000000e+00
6.311027832031250000e+03 1.860493087768554688e+01 0.000000000000000000e+00
6.312479492187500000e+03 1.726660537719726562e+01 0.000000000000000000e+00
6.313931640625000000e+03 1.735381126403808594e+01 0.000000000000000000e+00
6.315387695312500000e+03 1.696821594238281250e+01 0.000000000000000000e+00
6.316840332031250000e+03 1.688597679138183594e+01 0.000000000000000000e+00
6.318297363281250000e+03 1.689186859130859375e+01 0.000000000000000000e+00
6.319750976562500000e+03 1.701179695129394531e+01 0.000000000000000000e+00
6.321208007812500000e+03 1.727352333068847656e+01 0.000000000000000000e+00
6.322662109375000000e+03 1.717872047424316406e+01 0.000000000000000000e+00
6.324116699218750000e+03 1.698027420043945312e+01 0.000000000000000000e+00
6.325575195312500000e+03 1.657444572448730469e+01 0.000000000000000000e+00
6.327030273437500000e+03 1.672817611694335938e+01 0.000000000000000000e+00
6.328489257812500000e+03 1.703072738647460938e+01 0.000000000000000000e+00
6.329945312500000000e+03 1.677328872680664062e+01 0.000000000000000000e+00
6.331404785156250000e+03 1.647713088989257812e+01 0.000000000000000000e+00
6.332861328125000000e+03 1.673877143859863281e+01 0.000000000000000000e+00
6.334318359375000000e+03 1.659293937683105469e+01 0.000000000000000000e+00
6.335778808593750000e+03 1.692858886718750000e+01 0.000000000000000000e+00
6.337236328125000000e+03 1.701090049743652344e+01 0.000000000000000000e+00
6.338697753906250000e+03 1.642955970764160156e+01 0.000000000000000000e+00
6.340155761718750000e+03 1.689496421813964844e+01 0.000000000000000000e+00
6.341618164062500000e+03 1.656507873535156250e+01 0.000000000000000000e+00
6.343076660156250000e+03 1.760965156555175781e+01 0.000000000000000000e+00
6.344536132812500000e+03 1.746411323547363281e+01 0.000000000000000000e+00
6.345999023437500000e+03 1.663368606567382812e+01 0.000000000000000000e+00
6.347458984375000000e+03 1.654523658752441406e+01 0.000000000000000000e+00
6.348922851562500000e+03 1.586929225921630859e+01 0.000000000000000000e+00
6.350383300781250000e+03 1.673800086975097656e+01 0.000000000000000000e+00
6.351847656250000000e+03 1.705829620361328125e+01 0.000000000000000000e+00
6.353309082031250000e+03 1.682667160034179688e+01 0.000000000000000000e+00
6.354770507812500000e+03 1.688658332824707031e+01 0.000000000000000000e+00
6.356235839843750000e+03 1.710589599609375000e+01 0.000000000000000000e+00
6.357698242187500000e+03 1.634139251708984375e+01 0.000000000000000000e+00
6.359164062500000000e+03 1.623848342895507812e+01 0.000000000000000000e+00
6.360626953125000000e+03 1.706269073486328125e+01 0.000000000000000000e+00
6.362093750000000000e+03 1.649023246765136719e+01 0.000000000000000000e+00
6.363557617187500000e+03 1.584682273864746094e+01 0.000000000000000000e+00
6.365021484375000000e+03 1.670137786865234375e+01 0.000000000000000000e+00
6.366489257812500000e+03 1.657623481750488281e+01 0.000000000000000000e+00
6.367953613281250000e+03 1.580194759368896484e+01 0.000000000000000000e+00
6.369422363281250000e+03 1.637798309326171875e+01 0.000000000000000000e+00
6.370887695312500000e+03 1.680905342102050781e+01 0.000000000000000000e+00
6.372356445312500000e+03 1.679407882690429688e+01 0.000000000000000000e+00
6.373822753906250000e+03 1.700099563598632812e+01 0.000000000000000000e+00
6.375288574218750000e+03 1.695603942871093750e+01 0.000000000000000000e+00
6.376758789062500000e+03 1.597983837127685547e+01 0.000000000000000000e+00
6.378226074218750000e+03 1.603323554992675781e+01 0.000000000000000000e+00
6.379696777343750000e+03 1.606991577148437500e+01 0.000000000000000000e+00
6.381164550781250000e+03 1.597836494445800781e+01 0.000000000000000000e+00
6.382635742187500000e+03 1.615083312988281250e+01 0.000000000000000000e+00
6.384104003906250000e+03 1.610089874267578125e+01 0.000000000000000000e+00
6.385572753906250000e+03 1.703046798706054688e+01 0.000000000000000000e+00
6.387045410156250000e+03 1.656049919128417969e+01 0.000000000000000000e+00
6.388514648437500000e+03 1.639103317260742188e+01 0.000000000000000000e+00
6.389987792968750000e+03 1.682452583312988281e+01 0.000000000000000000e+00
6.391458007812500000e+03 1.673222160339355469e+01 0.000000000000000000e+00
6.392931640625000000e+03 1.621943473815917969e+01 0.000000000000000000e+00
6.394402343750000000e+03 1.678304100036621094e+01 0.000000000000000000e+00
6.395873535156250000e+03 1.650899696350097656e+01 0.000000000000000000e+00
6.397348144531250000e+03 1.617704391479492188e+01 0.000000000000000000e+00
6.398819824218750000e+03 1.651668930053710938e+01 0.000000000000000000e+00
6.400295410156250000e+03 1.706242752075195312e+01 0.000000000000000000e+00
6.401768066406250000e+03 1.693215370178222656e+01 0.000000000000000000e+00
6.403244140625000000e+03 1.700823020935058594e+01 0.000000000000000000e+00
6.404717285156250000e+03 1.643506813049316406e+01 0.000000000000000000e+00
6.406194335937500000e+03 1.682553863525390625e+01 0.000000000000000000e+00
6.407667968750000000e+03 1.675026130676269531e+01 0.000000000000000000e+00
6.409142089843750000e+03 1.548678493499755859e+01 0.000000000000000000e+00
6.410619628906250000e+03 1.633437919616699219e+01 0.000000000000000000e+00
6.412094726562500000e+03 1.589774990081787109e+01 0.000000000000000000e+00
6.413573242187500000e+03 1.633576583862304688e+01 0.000000000000000000e+00
6.415048828125000000e+03 1.670468521118164062e+01 0.000000000000000000e+00
6.416527832031250000e+03 1.669898223876953125e+01 0.000000000000000000e+00
6.418003906250000000e+03 1.652509117126464844e+01 0.000000000000000000e+00
6.419480468750000000e+03 1.581589508056640625e+01 0.000000000000000000e+00
6.420960937500000000e+03 1.645310401916503906e+01 0.000000000000000000e+00
6.422437988281250000e+03 1.626193809509277344e+01 0.000000000000000000e+00
6.423918945312500000e+03 1.631948852539062500e+01 0.000000000000000000e+00
6.425396972656250000e+03 1.633903694152832031e+01 0.000000000000000000e+00
6.426878417968750000e+03 1.583571434020996094e+01 0.000000000000000000e+00
6.428356933593750000e+03 1.635265159606933594e+01 0.000000000000000000e+00
6.429835937500000000e+03 1.676415634155273438e+01 0.000000000000000000e+00
6.431318359375000000e+03 1.616228485107421875e+01 0.000000000000000000e+00
6.432797851562500000e+03 1.587486457824707031e+01 0.000000000000000000e+00
6.434281250000000000e+03 1.635973930358886719e+01 0.000000000000000000e+00
6.435761718750000000e+03 1.668407440185546875e+01 0.000000000000000000e+00
6.437245605468750000e+03 1.608062362670898438e+01 0.000000000000000000e+00
6.438726562500000000e+03 1.647159385681152344e+01 0.000000000000000000e+00
6.440208007812500000e+03 1.680757331848144531e+01 0.000000000000000000e+00
6.441692871093750000e+03 1.635883522033691406e+01 0.000000000000000000e+00
6.443174804687500000e+03 1.571615600585937500e+01 0.000000000000000000e+00
6.444660644531250000e+03 1.580365371704101562e+01 0.000000000000000000e+00
6.446143066406250000e+03 1.641883850097656250e+01 0.000000000000000000e+00
6.447629394531250000e+03 1.623250389099121094e+01 0.000000000000000000e+00
6.449112792968750000e+03 1.647093391418457031e+01 0.000000000000000000e+00
6.450596679687500000e+03 1.656569480895996094e+01 0.000000000000000000e+00
6.452083984375000000e+03 1.657888984680175781e+01 0.000000000000000000e+00
6.453568359375000000e+03 1.662470626831054688e+01 0.000000000000000000e+00
6.455056640625000000e+03 1.601143074035644531e+01 0.000000000000000000e+00
6.456541503906250000e+03 1.637014579772949219e+01 0.000000000000000000e+00
6.458030273437500000e+03 1.615705490112304688e+01 0.000000000000000000e+00
6.459516113281250000e+03 1.585509300231933594e+01 0.000000000000000000e+00
6.461001953125000000e+03 1.597729015350341797e+01 0.000000000000000000e+00
6.462491699218750000e+03 1.611892700195312500e+01 0.000000000000000000e+00
6.463978515625000000e+03 1.567240047454833984e+01 0.000000000000000000e+00
6.465469238281250000e+03 1.595185375213623047e+01 0.000000000000000000e+00
6.466956542968750000e+03 1.584369182586669922e+01 0.000000000000000000e+00
6.468447753906250000e+03 1.543568897247314453e+01 0.000000000000000000e+00
6.469936035156250000e+03 1.592856502532958984e+01 0.000000000000000000e+00
6.471424316406250000e+03 1.684241867065429688e+01 0.000000000000000000e+00
6.472916503906250000e+03 1.557494735717773438e+01 0.000000000000000000e+00
6.474405761718750000e+03 1.570120143890380859e+01 0.000000000000000000e+00
6.475898437500000000e+03 1.556212615966796875e+01 0.000000000000000000e+00
6.477388183593750000e+03 1.560746765136718750e+01 0.000000000000000000e+00
6.478881835937500000e+03 1.583496189117431641e+01 0.000000000000000000e+00
6.480372558593750000e+03 1.582566928863525391e+01 0.000000000000000000e+00
6.481863281250000000e+03 1.586011409759521484e+01 0.000000000000000000e+00
6.483357910156250000e+03 1.557870101928710938e+01 0.000000000000000000e+00
6.484849609375000000e+03 1.614087104797363281e+01 0.000000000000000000e+00
6.486344726562500000e+03 1.610513496398925781e+01 0.000000000000000000e+00
6.487836914062500000e+03 1.605600547790527344e+01 0.000000000000000000e+00
6.489333007812500000e+03 1.687015533447265625e+01 0.000000000000000000e+00
6.490826171875000000e+03 1.676624488830566406e+01 0.000000000000000000e+00
6.492319335937500000e+03 1.590218448638916016e+01 0.000000000000000000e+00
6.493816406250000000e+03 1.571063423156738281e+01 0.000000000000000000e+00
6.495310058593750000e+03 1.640159034729003906e+01 0.000000000000000000e+00
6.496808105468750000e+03 1.640880775451660156e+01 0.000000000000000000e+00
6.498302734375000000e+03 1.544218921661376953e+01 0.000000000000000000e+00
6.499801269531250000e+03 1.602791404724121094e+01 0.000000000000000000e+00
6.501296386718750000e+03 1.614939689636230469e+01 0.000000000000000000e+00
6.502791992187500000e+03 1.613150596618652344e+01 0.000000000000000000e+00
6.504291503906250000e+03 1.638465499877929688e+01 0.000000000000000000e+00
6.505787597656250000e+03 1.657106590270996094e+01 0.000000000000000000e+00
6.507288085937500000e+03 1.637438774108886719e+01 0.000000000000000000e+00
6.508785156250000000e+03 1.624876785278320312e+01 0.000000000000000000e+00
6.510286132812500000e+03 1.614789009094238281e+01 0.000000000000000000e+00
6.511783691406250000e+03 1.597816276550292969e+01 0.000000000000000000e+00
6.513281738281250000e+03 1.612388992309570312e+01 0.000000000000000000e+00
6.514783691406250000e+03 1.631144523620605469e+01 0.000000000000000000e+00
6.516282226562500000e+03 1.611677551269531250e+01 0.000000000000000000e+00
6.517785156250000000e+03 1.584172821044921875e+01 0.000000000000000000e+00
6.519284179687500000e+03 1.566753292083740234e+01 0.000000000000000000e+00
6.520787597656250000e+03 1.616373443603515625e+01 0.000000000000000000e+00
6.522287597656250000e+03 1.619918823242187500e+01 0.000000000000000000e+00
6.523791992187500000e+03 1.618903541564941406e+01 0.000000000000000000e+00
6.525292480468750000e+03 1.637650108337402344e+01 0.000000000000000000e+00
6.526793945312500000e+03 1.536052036285400391e+01 0.000000000000000000e+00
6.528298828125000000e+03 1.628622627258300781e+01 0.000000000000000000e+00
6.529800781250000000e+03 1.517908191680908203e+01 0.000000000000000000e+00
6.531306152343750000e+03 1.534675693511962891e+01 0.000000000000000000e+00
6.532809082031250000e+03 1.635458374023437500e+01 0.000000000000000000e+00
6.534315429687500000e+03 1.587853527069091797e+01 0.000000000000000000e+00
6.535818359375000000e+03 1.576373481750488281e+01 0.000000000000000000e+00
6.537322265625000000e+03 1.584084033966064453e+01 0.000000000000000000e+00
6.538829589843750000e+03 1.618394851684570312e+01 0.000000000000000000e+00
6.540333984375000000e+03 1.603352546691894531e+01 0.000000000000000000e+00
6.541842285156250000e+03 1.607732009887695312e+01 0.000000000000000000e+00
6.543347167968750000e+03 1.652639961242675781e+01 0.000000000000000000e+00
6.544855957031250000e+03 1.558403491973876953e+01 0.000000000000000000e+00
6.546361328125000000e+03 1.550653266906738281e+01 0.000000000000000000e+00
6.547867675781250000e+03 1.565423583984375000e+01 0.000000000000000000e+00
6.549377441406250000e+03 1.641796112060546875e+01 0.000000000000000000e+00
6.550884277343750000e+03 1.661313438415527344e+01 0.000000000000000000e+00
6.552394531250000000e+03 1.579419326782226562e+01 0.000000000000000000e+00
6.553901855468750000e+03 1.623076629638671875e+01 0.000000000000000000e+00
6.555413574218750000e+03 1.551957130432128906e+01 0.000000000000000000e+00
6.556921386718750000e+03 1.619769859313964844e+01 0.000000000000000000e+00
6.558429687500000000e+03 1.631083106994628906e+01 0.000000000000000000e+00
6.559942382812500000e+03 1.587364387512207031e+01 0.000000000000000000e+00
6.561451171875000000e+03 1.617064857482910156e+01 0.000000000000000000e+00
6.562964355468750000e+03 1.631334304809570312e+01 0.000000000000000000e+00
6.564474121093750000e+03 1.626315498352050781e+01 0.000000000000000000e+00
6.565987792968750000e+03 1.663000106811523438e+01 0.000000000000000000e+00
6.567498535156250000e+03 1.634854888916015625e+01 0.000000000000000000e+00
6.569009277343750000e+03 1.596202754974365234e+01 0.000000000000000000e+00
6.570523925781250000e+03 1.599645709991455078e+01 0.000000000000000000e+00
6.572035644531250000e+03 1.516382217407226562e+01 0.000000000000000000e+00
6.573551269531250000e+03 1.584519100189208984e+01 0.000000000000000000e+00
6.575063476562500000e+03 1.539581775665283203e+01 0.000000000000000000e+00
6.576579589843750000e+03 1.534913635253906250e+01 0.000000000000000000e+00
6.578092285156250000e+03 1.620286178588867188e+01 0.000000000000000000e+00
6.579605957031250000e+03 1.673337173461914062e+01 0.000000000000000000e+00
6.581123046875000000e+03 1.625185012817382812e+01 0.000000000000000000e+00
6.582637207031250000e+03 1.543115806579589844e+01 0.000000000000000000e+00
6.584154785156250000e+03 1.496289157867431641e+01 0.000000000000000000e+00
6.585669433593750000e+03 1.544715595245361328e+01 0.000000000000000000e+00
6.587188476562500000e+03 1.589618015289306641e+01 0.000000000000000000e+00
6.588703613281250000e+03 1.550155925750732422e+01 0.000000000000000000e+00
6.590219238281250000e+03 1.564558124542236328e+01 0.000000000000000000e+00
6.591739257812500000e+03 1.660499763488769531e+01 0.000000000000000000e+00
6.593255371093750000e+03 1.695058631896972656e+01 0.000000000000000000e+00
6.594775878906250000e+03 1.667748260498046875e+01 0.000000000000000000e+00
6.596292968750000000e+03 1.614067268371582031e+01 0.000000000000000000e+00
6.597813964843750000e+03 1.567652130126953125e+01 0.000000000000000000e+00
6.599332031250000000e+03 1.550055027008056641e+01 0.000000000000000000e+00
6.600850097656250000e+03 1.493219566345214844e+01 0.000000000000000000e+00
6.602372070312500000e+03 1.573851776123046875e+01 0.000000000000000000e+00
6.603891113281250000e+03 1.619917297363281250e+01 0.000000000000000000e+00
6.605414062500000000e+03 1.546353149414062500e+01 0.000000000000000000e+00
6.606933593750000000e+03 1.464295864105224609e+01 0.000000000000000000e+00
6.608457031250000000e+03 1.519303798675537109e+01 0.000000000000000000e+00
6.609977050781250000e+03 1.625754356384277344e+01 0.000000000000000000e+00
6.611498046875000000e+03 1.580064201354980469e+01 0.000000000000000000e+00
6.613022460937500000e+03 1.554459667205810547e+01 0.000000000000000000e+00
6.614543945312500000e+03 1.606707572937011719e+01 0.000000000000000000e+00
6.616069335937500000e+03 1.615810012817382812e+01 0.000000000000000000e+00
6.617591308593750000e+03 1.526943874359130859e+01 0.000000000000000000e+00
6.619117187500000000e+03 1.572840118408203125e+01 0.000000000000000000e+00
6.620639648437500000e+03 1.591811847686767578e+01 0.000000000000000000e+00
6.622163085937500000e+03 1.602797889709472656e+01 0.000000000000000000e+00
6.623689941406250000e+03 1.575573158264160156e+01 0.000000000000000000e+00
6.625213867187500000e+03 1.514790153503417969e+01 0.000000000000000000e+00
6.626741699218750000e+03 1.570733070373535156e+01 0.000000000000000000e+00
6.628266113281250000e+03 1.564568328857421875e+01 0.000000000000000000e+00
6.629794433593750000e+03 1.579251003265380859e+01 0.000000000000000000e+00
6.631319824218750000e+03 1.592364597320556641e+01 0.000000000000000000e+00
6.632845214843750000e+03 1.609216499328613281e+01 0.000000000000000000e+00
6.634374511718750000e+03 1.621634292602539062e+01 0.000000000000000000e+00
6.635900878906250000e+03 1.548752498626708984e+01 0.000000000000000000e+00
6.637431152343750000e+03 1.515024852752685547e+01 0.000000000000000000e+00
6.638958007812500000e+03 1.600244712829589844e+01 0.000000000000000000e+00
6.640488769531250000e+03 1.605615234375000000e+01 0.000000000000000000e+00
6.642016601562500000e+03 1.579189777374267578e+01 0.000000000000000000e+00
6.643548339843750000e+03 1.614482688903808594e+01 0.000000000000000000e+00
6.645076660156250000e+03 1.540325927734375000e+01 0.000000000000000000e+00
6.646605468750000000e+03 1.572505569458007812e+01 0.000000000000000000e+00
6.648138183593750000e+03 1.584261322021484375e+01 0.000000000000000000e+00
6.649667480468750000e+03 1.615780258178710938e+01 0.000000000000000000e+00
6.651200683593750000e+03 1.637733840942382812e+01 0.000000000000000000e+00
6.652730957031250000e+03 1.592058277130126953e+01 0.000000000000000000e+00
6.654265136718750000e+03 1.550706958770751953e+01 0.000000000000000000e+00
6.655795898437500000e+03 1.554345035552978516e+01 0.000000000000000000e+00
6.657327148437500000e+03 1.647473716735839844e+01 0.000000000000000000e+00
6.658862304687500000e+03 1.592354774475097656e+01 0.000000000000000000e+00
6.660394042968750000e+03 1.532493114471435547e+01 0.000000000000000000e+00
6.661929687500000000e+03 1.635428619384765625e+01 0.000000000000000000e+00
6.663462402343750000e+03 1.580924987792968750e+01 0.000000000000000000e+00
6.664999023437500000e+03 1.518178749084472656e+01 0.000000000000000000e+00
6.666532226562500000e+03 1.547818183898925781e+01 0.000000000000000000e+00
6.668065917968750000e+03 1.560352420806884766e+01 0.000000000000000000e+00
6.669603515625000000e+03 1.543269920349121094e+01 0.000000000000000000e+00
6.671137695312500000e+03 1.596333789825439453e+01 0.000000000000000000e+00
6.672676269531250000e+03 1.727282333374023438e+01 0.000000000000000000e+00
6.674211425781250000e+03 1.660036849975585938e+01 0.000000000000000000e+00
6.675750488281250000e+03 1.603483772277832031e+01 0.000000000000000000e+00
6.677286132812500000e+03 1.552787780761718750e+01 0.000000000000000000e+00
6.678822265625000000e+03 1.545787429809570312e+01 0.000000000000000000e+00
6.680362304687500000e+03 1.602472877502441406e+01 0.000000000000000000e+00
6.681898925781250000e+03 1.573611450195312500e+01 0.000000000000000000e+00
6.683439941406250000e+03 1.524755954742431641e+01 0.000000000000000000e+00
6.684977539062500000e+03 1.579023170471191406e+01 0.000000000000000000e+00
6.686519042968750000e+03 1.609068107604980469e+01 0.000000000000000000e+00
6.688057128906250000e+03 1.600065803527832031e+01 0.000000000000000000e+00
6.689595703125000000e+03 1.611985588073730469e+01 0.000000000000000000e+00
6.691138183593750000e+03 1.594038963317871094e+01 0.000000000000000000e+00
6.692677734375000000e+03 1.571168613433837891e+01 0.000000000000000000e+00
6.694221191406250000e+03 1.579220294952392578e+01 0.000000000000000000e+00
6.695760742187500000e+03 1.578692340850830078e+01 0.000000000000000000e+00
6.697305175781250000e+03 1.597981357574462891e+01 0.000000000000000000e+00
6.698845703125000000e+03 1.649091529846191406e+01 0.000000000000000000e+00
6.700386718750000000e+03 1.626991271972656250e+01 0.000000000000000000e+00
6.701931640625000000e+03 1.606269645690917969e+01 0.000000000000000000e+00
6.703473632812500000e+03 1.621036529541015625e+01 0.000000000000000000e+00
6.705019531250000000e+03 1.622013092041015625e+01 0.000000000000000000e+00
6.706562011718750000e+03 1.604500389099121094e+01 0.000000000000000000e+00
6.708108398437500000e+03 1.596327590942382812e+01 0.000000000000000000e+00
6.709651855468750000e+03 1.597061347961425781e+01 0.000000000000000000e+00
6.711195312500000000e+03 1.625216293334960938e+01 0.000000000000000000e+00
6.712742675781250000e+03 1.607852363586425781e+01 0.000000000000000000e+00
6.714287109375000000e+03 1.597777271270751953e+01 0.000000000000000000e+00
6.715835449218750000e+03 1.614785003662109375e+01 0.000000000000000000e+00
6.717380371093750000e+03 1.635076332092285156e+01 0.000000000000000000e+00
6.718929199218750000e+03 1.651175498962402344e+01 0.000000000000000000e+00
6.720475097656250000e+03 1.623815727233886719e+01 0.000000000000000000e+00
6.722020996093750000e+03 1.618328666687011719e+01 0.000000000000000000e+00
6.723571289062500000e+03 1.635028076171875000e+01 0.000000000000000000e+00
6.725117675781250000e+03 1.632810974121093750e+01 0.000000000000000000e+00
6.726668457031250000e+03 1.609965515136718750e+01 0.000000000000000000e+00
6.728216308593750000e+03 1.627386093139648438e+01 0.000000000000000000e+00
6.729767578125000000e+03 1.614488220214843750e+01 0.000000000000000000e+00
6.731315917968750000e+03 1.653685951232910156e+01 0.000000000000000000e+00
6.732864257812500000e+03 1.631205749511718750e+01 0.000000000000000000e+00
6.734416992187500000e+03 1.623952484130859375e+01 0.000000000000000000e+00
6.735966308593750000e+03 1.697670745849609375e+01 0.000000000000000000e+00
6.737519531250000000e+03 1.636787414550781250e+01 0.000000000000000000e+00
6.739069335937500000e+03 1.665349197387695312e+01 0.000000000000000000e+00
6.740623535156250000e+03 1.621059989929199219e+01 0.000000000000000000e+00
6.742174316406250000e+03 1.585653400421142578e+01 0.000000000000000000e+00
6.743725097656250000e+03 1.595750331878662109e+01 0.000000000000000000e+00
6.745280273437500000e+03 1.620845603942871094e+01 0.000000000000000000e+00
6.746832031250000000e+03 1.669312858581542969e+01 0.000000000000000000e+00
6.748387695312500000e+03 1.627483177185058594e+01 0.000000000000000000e+00
6.749940429687500000e+03 1.680584335327148438e+01 0.000000000000000000e+00
6.751496582031250000e+03 1.689869880676269531e+01 0.000000000000000000e+00
6.753049804687500000e+03 1.627705764770507812e+01 0.000000000000000000e+00
6.754603515625000000e+03 1.611283874511718750e+01 0.000000000000000000e+00
6.756161132812500000e+03 1.648177528381347656e+01 0.000000000000000000e+00
6.757715332031250000e+03 1.554221248626708984e+01 0.000000000000000000e+00
6.759273437500000000e+03 1.607970619201660156e+01 0.000000000000000000e+00
6.760828613281250000e+03 1.683376312255859375e+01 0.000000000000000000e+00
6.762387695312500000e+03 1.655590438842773438e+01 0.000000000000000000e+00
6.763943359375000000e+03 1.589137935638427734e+01 0.000000000000000000e+00
6.765502929687500000e+03 1.632831764221191406e+01 0.000000000000000000e+00
6.767059570312500000e+03 1.688230705261230469e+01 0.000000000000000000e+00
6.768616210937500000e+03 1.656241035461425781e+01 0.000000000000000000e+00
6.770176757812500000e+03 1.639190673828125000e+01 0.000000000000000000e+00
6.771734375000000000e+03 1.661403846740722656e+01 0.000000000000000000e+00
6.773295898437500000e+03 1.685965347290039062e+01 0.000000000000000000e+00
6.774854003906250000e+03 1.722416877746582031e+01 0.000000000000000000e+00
6.776416503906250000e+03 1.632812690734863281e+01 0.000000000000000000e+00
6.777975585937500000e+03 1.608912467956542969e+01 0.000000000000000000e+00
6.779534667968750000e+03 1.629935646057128906e+01 0.000000000000000000e+00
6.781098144531250000e+03 1.636809539794921875e+01 0.000000000000000000e+00
6.782658203125000000e+03 1.638750457763671875e+01 0.000000000000000000e+00
6.784222167968750000e+03 1.674290466308593750e+01 0.000000000000000000e+00
6.785782714843750000e+03 1.649131584167480469e+01 0.000000000000000000e+00
6.787347656250000000e+03 1.662366676330566406e+01 0.000000000000000000e+00
6.788909179687500000e+03 1.624521827697753906e+01 0.000000000000000000e+00
6.790470703125000000e+03 1.615613174438476562e+01 0.000000000000000000e+00
6.792036621093750000e+03 1.688550186157226562e+01 0.000000000000000000e+00
6.793599121093750000e+03 1.614524650573730469e+01 0.000000000000000000e+00
6.795165527343750000e+03 1.661024475097656250e+01 0.000000000000000000e+00
6.796729003906250000e+03 1.674234580993652344e+01 0.000000000000000000e+00
6.798296386718750000e+03 1.660504722595214844e+01 0.000000000000000000e+00
6.799860351562500000e+03 1.675854301452636719e+01 0.000000000000000000e+00
6.801424316406250000e+03 1.679904365539550781e+01 0.000000000000000000e+00
6.802992675781250000e+03 1.580823898315429688e+01 0.000000000000000000e+00
6.804557617187500000e+03 1.658862686157226562e+01 0.000000000000000000e+00
6.806126953125000000e+03 1.644048118591308594e+01 0.000000000000000000e+00
6.807692871093750000e+03 1.599658489227294922e+01 0.000000000000000000e+00
6.809262695312500000e+03 1.630534553527832031e+01 0.000000000000000000e+00
6.810829101562500000e+03 1.659558677673339844e+01 0.000000000000000000e+00
6.812395996093750000e+03 1.543686008453369141e+01 0.000000000000000000e+00
6.813966796875000000e+03 1.690099525451660156e+01 0.000000000000000000e+00
6.815534179687500000e+03 1.678166770935058594e+01 0.000000000000000000e+00
6.817105957031250000e+03 1.638357162475585938e+01 0.000000000000000000e+00
6.818674316406250000e+03 1.648056221008300781e+01 0.000000000000000000e+00
6.820246582031250000e+03 1.637496948242187500e+01 0.000000000000000000e+00
6.821815429687500000e+03 1.633093643188476562e+01 0.000000000000000000e+00
6.823384765625000000e+03 1.574761295318603516e+01 0.000000000000000000e+00
6.824958496093750000e+03 1.631270599365234375e+01 0.000000000000000000e+00
6.826528320312500000e+03 1.688212776184082031e+01 0.000000000000000000e+00
6.828102539062500000e+03 1.683649635314941406e+01 0.000000000000000000e+00
6.829673339843750000e+03 1.671717453002929688e+01 0.000000000000000000e+00
6.831248535156250000e+03 1.675488662719726562e+01 0.000000000000000000e+00
6.832819824218750000e+03 1.623011779785156250e+01 0.000000000000000000e+00
6.834391601562500000e+03 1.612494277954101562e+01 0.000000000000000000e+00
6.835967773437500000e+03 1.636910820007324219e+01 0.000000000000000000e+00
6.837540527343750000e+03 1.649080085754394531e+01 0.000000000000000000e+00
6.839117187500000000e+03 1.648501586914062500e+01 0.000000000000000000e+00
6.840690429687500000e+03 1.686302375793457031e+01 0.000000000000000000e+00
6.842268066406250000e+03 1.672430038452148438e+01 0.000000000000000000e+00
6.843841796875000000e+03 1.679566001892089844e+01 0.000000000000000000e+00
6.845416503906250000e+03 1.702552413940429688e+01 0.000000000000000000e+00
6.846994628906250000e+03 1.744461631774902344e+01 0.000000000000000000e+00
6.848569824218750000e+03 1.752622413635253906e+01 0.000000000000000000e+00
6.850149414062500000e+03 1.622556495666503906e+01 0.000000000000000000e+00
6.851725097656250000e+03 1.700332450866699219e+01 0.000000000000000000e+00
6.853305175781250000e+03 1.667473220825195312e+01 0.000000000000000000e+00
6.854881835937500000e+03 1.683647346496582031e+01 0.000000000000000000e+00
6.856458496093750000e+03 1.709766197204589844e+01 0.000000000000000000e+00
6.858039550781250000e+03 1.635540199279785156e+01 0.000000000000000000e+00
6.859617675781250000e+03 1.700576210021972656e+01 0.000000000000000000e+00
6.861199218750000000e+03 1.710750770568847656e+01 0.000000000000000000e+00
6.862777832031250000e+03 1.671259689331054688e+01 0.000000000000000000e+00
6.864360351562500000e+03 1.633021163940429688e+01 0.000000000000000000e+00
6.865939453125000000e+03 1.633013725280761719e+01 0.000000000000000000e+00
6.867519042968750000e+03 1.684901428222656250e+01 0.000000000000000000e+00
6.869102539062500000e+03 1.739733505249023438e+01 0.000000000000000000e+00
6.870682617187500000e+03 1.613052940368652344e+01 0.000000000000000000e+00
6.872267089843750000e+03 1.619241714477539062e+01 0.000000000000000000e+00
6.873848144531250000e+03 1.676497650146484375e+01 0.000000000000000000e+00
6.875433105468750000e+03 1.708602142333984375e+01 0.000000000000000000e+00
6.877014648437500000e+03 1.730925178527832031e+01 0.000000000000000000e+00
6.878600585937500000e+03 1.715018272399902344e+01 0.000000000000000000e+00
6.880183105468750000e+03 1.707616233825683594e+01 0.000000000000000000e+00
6.881765625000000000e+03 1.650424194335937500e+01 0.000000000000000000e+00
6.883352539062500000e+03 1.623843193054199219e+01 0.000000000000000000e+00
6.884936035156250000e+03 1.622204399108886719e+01 0.000000000000000000e+00
6.886523925781250000e+03 1.615613746643066406e+01 0.000000000000000000e+00
6.888107910156250000e+03 1.669062805175781250e+01 0.000000000000000000e+00
6.889696289062500000e+03 1.592493247985839844e+01 0.000000000000000000e+00
6.891281250000000000e+03 1.628460693359375000e+01 0.000000000000000000e+00
6.892866699218750000e+03 1.647218513488769531e+01 0.000000000000000000e+00
6.894456542968750000e+03 1.596437168121337891e+01 0.000000000000000000e+00
6.896042480468750000e+03 1.572112464904785156e+01 0.000000000000000000e+00
6.897632812500000000e+03 1.601802635192871094e+01 0.000000000000000000e+00
6.899219238281250000e+03 1.638237190246582031e+01 0.000000000000000000e+00
6.900810546875000000e+03 1.690599250793457031e+01 0.000000000000000000e+00
6.902397949218750000e+03 1.618094062805175781e+01 0.000000000000000000e+00
6.903985839843750000e+03 1.574298954010009766e+01 0.000000000000000000e+00
6.905577636718750000e+03 1.684879875183105469e+01 0.000000000000000000e+00
6.907166503906250000e+03 1.612295722961425781e+01 0.000000000000000000e+00
6.908759277343750000e+03 1.589921379089355469e+01 0.000000000000000000e+00
6.910348632812500000e+03 1.601850318908691406e+01 0.000000000000000000e+00
6.911941894531250000e+03 1.627048683166503906e+01 0.000000000000000000e+00
6.913532226562500000e+03 1.647041702270507812e+01 0.000000000000000000e+00
6.915122558593750000e+03 1.652746963500976562e+01 0.000000000000000000e+00
6.916717285156250000e+03 1.660985565185546875e+01 0.000000000000000000e+00
6.918308105468750000e+03 1.649737548828125000e+01 0.000000000000000000e+00
6.919903808593750000e+03 1.591435909271240234e+01 0.000000000000000000e+00
6.921495605468750000e+03 1.605562400817871094e+01 0.000000000000000000e+00
6.923091796875000000e+03 1.609648704528808594e+01 0.000000000000000000e+00
6.924684570312500000e+03 1.534787559509277344e+01 0.000000000000000000e+00
6.926277343750000000e+03 1.610888862609863281e+01 0.000000000000000000e+00
6.927874511718750000e+03 1.572623443603515625e+01 0.000000000000000000e+00
6.929468261718750000e+03 1.626498031616210938e+01 0.000000000000000000e+00
6.931066406250000000e+03 1.655224037170410156e+01 0.000000000000000000e+00
6.932660644531250000e+03 1.630738449096679688e+01 0.000000000000000000e+00
6.934259277343750000e+03 1.636159324645996094e+01 0.000000000000000000e+00
6.935854492187500000e+03 1.631347274780273438e+01 0.000000000000000000e+00
6.937450195312500000e+03 1.609256553649902344e+01 0.000000000000000000e+00
6.939049804687500000e+03 1.651662826538085938e+01 0.000000000000000000e+00
6.940645996093750000e+03 1.597988700866699219e+01 0.000000000000000000e+00
6.942246582031250000e+03 1.552030849456787109e+01 0.000000000000000000e+00
6.943843750000000000e+03 1.653154754638671875e+01 0.000000000000000000e+00
6.945444824218750000e+03 1.644918632507324219e+01 0.000000000000000000e+00
6.947042968750000000e+03 1.645945739746093750e+01 0.000000000000000000e+00
6.948641113281250000e+03 1.639163589477539062e+01 0.000000000000000000e+00
6.950243164062500000e+03 1.595413303375244141e+01 0.000000000000000000e+00
6.951842285156250000e+03 1.577763080596923828e+01 0.000000000000000000e+00
6.953445312500000000e+03 1.604331970214843750e+01 0.000000000000000000e+00
6.955044921875000000e+03 1.538448905944824219e+01 0.000000000000000000e+00
6.956648925781250000e+03 1.562480926513671875e+01 0.000000000000000000e+00
6.958249023437500000e+03 1.614526367187500000e+01 0.000000000000000000e+00
6.959849609375000000e+03 1.597563743591308594e+01 0.000000000000000000e+00
6.961454589843750000e+03 1.562202262878417969e+01 0.000000000000000000e+00
6.963056152343750000e+03 1.596085834503173828e+01 0.000000000000000000e+00
6.964662109375000000e+03 1.620131874084472656e+01 0.000000000000000000e+00
6.966264160156250000e+03 1.551780509948730469e+01 0.000000000000000000e+00
6.967870605468750000e+03 1.548871135711669922e+01 0.000000000000000000e+00
6.969473632812500000e+03 1.563155651092529297e+01 0.000000000000000000e+00
6.971076660156250000e+03 1.547436904907226562e+01 0.000000000000000000e+00
6.972684082031250000e+03 1.534612655639648438e+01 0.000000000000000000e+00
6.974288574218750000e+03 1.569445610046386719e+01 0.000000000000000000e+00
6.975896484375000000e+03 1.618397331237792969e+01 0.000000000000000000e+00
6.977501464843750000e+03 1.659254455566406250e+01 0.000000000000000000e+00
6.979110351562500000e+03 1.600426483154296875e+01 0.000000000000000000e+00
6.980715820312500000e+03 1.582115173339843750e+01 0.000000000000000000e+00
6.982321777343750000e+03 1.674625968933105469e+01 0.000000000000000000e+00
6.983932128906250000e+03 1.550600242614746094e+01 0.000000000000000000e+00
6.985538574218750000e+03 1.555695533752441406e+01 0.000000000000000000e+00
6.987149414062500000e+03 1.571603393554687500e+01 0.000000000000000000e+00
6.988756835937500000e+03 1.569689846038818359e+01 0.000000000000000000e+00
6.990368164062500000e+03 1.549048233032226562e+01 0.000000000000000000e+00
6.991976562500000000e+03 1.548746871948242188e+01 0.000000000000000000e+00
6.993584960937500000e+03 1.649977684020996094e+01 0.000000000000000000e+00
6.995197753906250000e+03 1.595195770263671875e+01 0.000000000000000000e+00
6.996807128906250000e+03 1.531700992584228516e+01 0.000000000000000000e+00
6.998420410156250000e+03 1.559550285339355469e+01 0.000000000000000000e+00
7.000030273437500000e+03 1.603592109680175781e+01 0.000000000000000000e+00
7.001644531250000000e+03 1.592329120635986328e+01 0.000000000000000000e+00
7.003255371093750000e+03 1.625976562500000000e+01 0.000000000000000000e+00
7.004870117187500000e+03 1.569191551208496094e+01 0.000000000000000000e+00
7.006481933593750000e+03 1.612664794921875000e+01 0.000000000000000000e+00
7.008093750000000000e+03 1.605254173278808594e+01 0.000000000000000000e+00
7.009709472656250000e+03 1.547221660614013672e+01 0.000000000000000000e+00
7.011322265625000000e+03 1.563788700103759766e+01 0.000000000000000000e+00
7.012938964843750000e+03 1.577645206451416016e+01 0.000000000000000000e+00
7.014552246093750000e+03 1.565666007995605469e+01 0.000000000000000000e+00
7.016169921875000000e+03 1.539988708496093750e+01 0.000000000000000000e+00
7.017783691406250000e+03 1.589562797546386719e+01 0.000000000000000000e+00
7.019398437500000000e+03 1.614686965942382812e+01 0.000000000000000000e+00
7.021017089843750000e+03 1.546492481231689453e+01 0.000000000000000000e+00
7.022632324218750000e+03 1.619246292114257812e+01 0.000000000000000000e+00
7.024251464843750000e+03 1.598334693908691406e+01 0.000000000000000000e+00
7.025867675781250000e+03 1.605139160156250000e+01 0.000000000000000000e+00
7.027487792968750000e+03 1.558816528320312500e+01 0.000000000000000000e+00
7.029104492187500000e+03 1.530007076263427734e+01 0.000000000000000000e+00
7.030721191406250000e+03 1.617870521545410156e+01 0.000000000000000000e+00
7.032342773437500000e+03 1.626798629760742188e+01 0.000000000000000000e+00
7.033960449218750000e+03 1.582288932800292969e+01 0.000000000000000000e+00
7.035582519531250000e+03 1.532487010955810547e+01 0.000000000000000000e+00
7.037200683593750000e+03 1.522692108154296875e+01 0.000000000000000000e+00
7.038823730468750000e+03 1.539022827148437500e+01 0.000000000000000000e+00
7.040442871093750000e+03 1.548784732818603516e+01 0.000000000000000000e+00
7.042062500000000000e+03 1.561732673645019531e+01 0.000000000000000000e+00
7.043686523437500000e+03 1.537016201019287109e+01 0.000000000000000000e+00
7.045306640625000000e+03 1.570049571990966797e+01 0.000000000000000000e+00
7.046931640625000000e+03 1.560109424591064453e+01 0.000000000000000000e+00
7.048552734375000000e+03 1.557500076293945312e+01 0.000000000000000000e+00
7.050178222656250000e+03 1.616097640991210938e+01 0.000000000000000000e+00
7.051799804687500000e+03 1.538665199279785156e+01 0.000000000000000000e+00
7.053422363281250000e+03 1.610492515563964844e+01 0.000000000000000000e+00
7.055048828125000000e+03 1.545603752136230469e+01 0.000000000000000000e+00
7.056671875000000000e+03 1.546186733245849609e+01 0.000000000000000000e+00
7.058298828125000000e+03 1.592448616027832031e+01 0.000000000000000000e+00
7.059922851562500000e+03 1.533791065216064453e+01 0.000000000000000000e+00
7.061550781250000000e+03 1.575628185272216797e+01 0.000000000000000000e+00
7.063175292968750000e+03 1.572729396820068359e+01 0.000000000000000000e+00
7.064799804687500000e+03 1.589290618896484375e+01 0.000000000000000000e+00
7.066429199218750000e+03 1.591682529449462891e+01 0.000000000000000000e+00
7.068054687500000000e+03 1.581961727142333984e+01 0.000000000000000000e+00
7.069684570312500000e+03 1.575657176971435547e+01 0.000000000000000000e+00
7.071311035156250000e+03 1.531849193572998047e+01 0.000000000000000000e+00
7.072941894531250000e+03 1.608307075500488281e+01 0.000000000000000000e+00
7.074568847656250000e+03 1.544227313995361328e+01 0.000000000000000000e+00
7.076196289062500000e+03 1.508565139770507812e+01 0.000000000000000000e+00
7.077828125000000000e+03 1.562249469757080078e+01 0.000000000000000000e+00
7.079456054687500000e+03 1.589377593994140625e+01 0.000000000000000000e+00
7.081088867187500000e+03 1.581553554534912109e+01 0.000000000000000000e+00
7.082717773437500000e+03 1.545005226135253906e+01 0.000000000000000000e+00
7.084351074218750000e+03 1.545826911926269531e+01 0.000000000000000000e+00
7.085980957031250000e+03 1.550885295867919922e+01 0.000000000000000000e+00
7.087610839843750000e+03 1.522175502777099609e+01 0.000000000000000000e+00
7.089245117187500000e+03 1.497629261016845703e+01 0.000000000000000000e+00
7.090875976562500000e+03 1.566863441467285156e+01 0.000000000000000000e+00
7.092511230468750000e+03 1.599846839904785156e+01 0.000000000000000000e+00
7.094143066406250000e+03 1.572378349304199219e+01 0.000000000000000000e+00
7.095778808593750000e+03 1.602203369140625000e+01 0.000000000000000000e+00
7.097411132812500000e+03 1.622755050659179688e+01 0.000000000000000000e+00
7.099043945312500000e+03 1.552682781219482422e+01 0.000000000000000000e+00
7.100681152343750000e+03 1.587815093994140625e+01 0.000000000000000000e+00
7.102314453125000000e+03 1.570005130767822266e+01 0.000000000000000000e+00
7.103952148437500000e+03 1.504463291168212891e+01 0.000000000000000000e+00
7.105586425781250000e+03 1.533077430725097656e+01 0.000000000000000000e+00
7.107225097656250000e+03 1.612789535522460938e+01 0.000000000000000000e+00
7.108859863281250000e+03 1.608949470520019531e+01 0.000000000000000000e+00
7.110495605468750000e+03 1.580380153656005859e+01 0.000000000000000000e+00
7.112135253906250000e+03 1.580773448944091797e+01 0.000000000000000000e+00
7.113771484375000000e+03 1.594457817077636719e+01 0.000000000000000000e+00
7.115411621093750000e+03 1.590401649475097656e+01 0.000000000000000000e+00
7.117048339843750000e+03 1.581763744354248047e+01 0.000000000000000000e+00
7.118689941406250000e+03 1.594628906250000000e+01 0.000000000000000000e+00
7.120327148437500000e+03 1.601813125610351562e+01 0.000000000000000000e+00
7.121965332031250000e+03 1.575671958923339844e+01 0.000000000000000000e+00
7.123607910156250000e+03 1.545031166076660156e+01 0.000000000000000000e+00
7.125246582031250000e+03 1.588605213165283203e+01 0.000000000000000000e+00
7.126889648437500000e+03 1.630430603027343750e+01 0.000000000000000000e+00
7.128529296875000000e+03 1.586513233184814453e+01 0.000000000000000000e+00
7.130172851562500000e+03 1.608397865295410156e+01 0.000000000000000000e+00
7.131812988281250000e+03 1.646684074401855469e+01 0.000000000000000000e+00
7.133458007812500000e+03 1.637268447875976562e+01 0.000000000000000000e+00
7.135098632812500000e+03 1.624127006530761719e+01 0.000000000000000000e+00
7.136740234375000000e+03 1.614411354064941406e+01 0.000000000000000000e+00
7.138385742187500000e+03 1.597310924530029297e+01 0.000000000000000000e+00
7.140028320312500000e+03 1.622331619262695312e+01 0.000000000000000000e+00
7.141674804687500000e+03 1.612006378173828125e+01 0.000000000000000000e+00
7.143317382812500000e+03 1.650832366943359375e+01 0.000000000000000000e+00
7.144964843750000000e+03 1.641884803771972656e+01 0.000000000000000000e+00
7.146608398437500000e+03 1.593839645385742188e+01 0.000000000000000000e+00
7.148252441406250000e+03 1.616795349121093750e+01 0.000000000000000000e+00
7.149900878906250000e+03 1.677764320373535156e+01 0.000000000000000000e+00
7.151545898437500000e+03 1.588787269592285156e+01 0.000000000000000000e+00
7.153194824218750000e+03 1.623946189880371094e+01 0.000000000000000000e+00
7.154840332031250000e+03 1.614079475402832031e+01 0.000000000000000000e+00
7.156490234375000000e+03 1.566920661926269531e+01 0.000000000000000000e+00
7.158136718750000000e+03 1.626280212402343750e+01 0.000000000000000000e+00
7.159783203125000000e+03 1.628668975830078125e+01 0.000000000000000000e+00
7.161434570312500000e+03 1.588749599456787109e+01 0.000000000000000000e+00
7.163082031250000000e+03 1.612875175476074219e+01 0.000000000000000000e+00
7.164733886718750000e+03 1.626788520812988281e+01 0.000000000000000000e+00
7.166381835937500000e+03 1.620764541625976562e+01 0.000000000000000000e+00
7.168034667968750000e+03 1.630117607116699219e+01 0.000000000000000000e+00
7.169683593750000000e+03 1.589842128753662109e+01 0.000000000000000000e+00
7.171333007812500000e+03 1.590524768829345703e+01 0.000000000000000000e+00
7.172986328125000000e+03 1.567557811737060547e+01 0.000000000000000000e+00
7.174636718750000000e+03 1.556273937225341797e+01 0.000000000000000000e+00
7.176291015625000000e+03 1.561598491668701172e+01 0.000000000000000000e+00
7.177941894531250000e+03 1.558037662506103516e+01 0.000000000000000000e+00
7.179597167968750000e+03 1.581013298034667969e+01 0.000000000000000000e+00
7.181249023437500000e+03 1.623729133605957031e+01 0.000000000000000000e+00
7.182900878906250000e+03 1.582790279388427734e+01 0.000000000000000000e+00
7.184557128906250000e+03 1.588919734954833984e+01 0.000000000000000000e+00
7.186209960937500000e+03 1.639376640319824219e+01 0.000000000000000000e+00
7.187867187500000000e+03 1.621976280212402344e+01 0.000000000000000000e+00
7.189520996093750000e+03 1.586275482177734375e+01 0.000000000000000000e+00
7.191178710937500000e+03 1.581899261474609375e+01 0.000000000000000000e+00
7.192833007812500000e+03 1.633383178710937500e+01 0.000000000000000000e+00
7.194487792968750000e+03 1.609816169738769531e+01 0.000000000000000000e+00
7.196146972656250000e+03 1.602797698974609375e+01 0.000000000000000000e+00
7.197802246093750000e+03 1.705971908569335938e+01 0.000000000000000000e+00
7.199461914062500000e+03 1.633345985412597656e+01 0.000000000000000000e+00
7.201118164062500000e+03 1.595899009704589844e+01 0.000000000000000000e+00
7.202778808593750000e+03 1.571029376983642578e+01 0.000000000000000000e+00
7.204435546875000000e+03 1.545211410522460938e+01 0.000000000000000000e+00
7.206093261718750000e+03 1.582932853698730469e+01 0.000000000000000000e+00
7.207754882812500000e+03 1.651978492736816406e+01 0.000000000000000000e+00
7.209413085937500000e+03 1.543966674804687500e+01 0.000000000000000000e+00
7.211075683593750000e+03 1.626612854003906250e+01 0.000000000000000000e+00
7.212734375000000000e+03 1.619789505004882812e+01 0.000000000000000000e+00
7.214397460937500000e+03 1.573131656646728516e+01 0.000000000000000000e+00
7.216057128906250000e+03 1.558673000335693359e+01 0.000000000000000000e+00
7.217717285156250000e+03 1.546689224243164062e+01 0.000000000000000000e+00
7.219381835937500000e+03 1.540196990966796875e+01 0.000000000000000000e+00
7.221042480468750000e+03 1.585003185272216797e+01 0.000000000000000000e+00
7.222707519531250000e+03 1.575164413452148438e+01 0.000000000000000000e+00
7.224369140625000000e+03 1.600455665588378906e+01 0.000000000000000000e+00
7.226035156250000000e+03 1.607511711120605469e+01 0.000000000000000000e+00
7.227697265625000000e+03 1.528574371337890625e+01 0.000000000000000000e+00
7.229360351562500000e+03 1.575901889801025391e+01 0.000000000000000000e+00
7.231027343750000000e+03 1.550551414489746094e+01 0.000000000000000000e+00
7.232690917968750000e+03 1.519640445709228516e+01 0.000000000000000000e+00
7.234358398437500000e+03 1.532332134246826172e+01 0.000000000000000000e+00
7.236022949218750000e+03 1.571986484527587891e+01 0.000000000000000000e+00
7.237691406250000000e+03 1.579170989990234375e+01 0.000000000000000000e+00
7.239356445312500000e+03 1.519464397430419922e+01 0.000000000000000000e+00
7.241021972656250000e+03 1.532243442535400391e+01 0.000000000000000000e+00
7.242691894531250000e+03 1.699398994445800781e+01 0.000000000000000000e+00
7.244357910156250000e+03 1.595870876312255859e+01 0.000000000000000000e+00
7.246028320312500000e+03 1.438850212097167969e+01 0.000000000000000000e+00
7.247695312500000000e+03 1.616972160339355469e+01 0.000000000000000000e+00
7.249366699218750000e+03 1.570282077789306641e+01 0.000000000000000000e+00
7.251034179687500000e+03 1.592536926269531250e+01 0.000000000000000000e+00
7.252702636718750000e+03 1.578825664520263672e+01 0.000000000000000000e+00
7.254375000000000000e+03 1.565612125396728516e+01 0.000000000000000000e+00
7.256043945312500000e+03 1.558004093170166016e+01 0.000000000000000000e+00
7.257716796875000000e+03 1.536324787139892578e+01 0.000000000000000000e+00
7.259386718750000000e+03 1.573600578308105469e+01 0.000000000000000000e+00
7.261060546875000000e+03 1.529261398315429688e+01 0.000000000000000000e+00
7.262730957031250000e+03 1.597882080078125000e+01 0.000000000000000000e+00
7.264405761718750000e+03 1.611410331726074219e+01 0.000000000000000000e+00
7.266077148437500000e+03 1.558495807647705078e+01 0.000000000000000000e+00
7.267748535156250000e+03 1.585809898376464844e+01 0.000000000000000000e+00
7.269424316406250000e+03 1.613566017150878906e+01 0.000000000000000000e+00
7.271096679687500000e+03 1.572345924377441406e+01 0.000000000000000000e+00
7.272773437500000000e+03 1.600627517700195312e+01 0.000000000000000000e+00
7.274446289062500000e+03 1.537662029266357422e+01 0.000000000000000000e+00
7.276124023437500000e+03 1.501314258575439453e+01 0.000000000000000000e+00
7.277797851562500000e+03 1.657273292541503906e+01 0.000000000000000000e+00
7.279472167968750000e+03 1.633532905578613281e+01 0.000000000000000000e+00
7.281150878906250000e+03 1.551063060760498047e+01 0.000000000000000000e+00
7.282825683593750000e+03 1.541178512573242188e+01 0.000000000000000000e+00
7.284505371093750000e+03 1.616163253784179688e+01 0.000000000000000000e+00
7.286181152343750000e+03 1.638949584960937500e+01 0.000000000000000000e+00
7.287861328125000000e+03 1.546281433105468750e+01 0.000000000000000000e+00
7.289537597656250000e+03 1.558943557739257812e+01 0.000000000000000000e+00
7.291214843750000000e+03 1.539966392517089844e+01 0.000000000000000000e+00
7.292895996093750000e+03 1.577380371093750000e+01 0.000000000000000000e+00
7.294573730468750000e+03 1.584320449829101562e+01 0.000000000000000000e+00
7.296255859375000000e+03 1.572654247283935547e+01 0.000000000000000000e+00
7.297934082031250000e+03 1.614334106445312500e+01 0.000000000000000000e+00
7.299617187500000000e+03 1.605132102966308594e+01 0.000000000000000000e+00
7.301296386718750000e+03 1.561750602722167969e+01 0.000000000000000000e+00
7.302976074218750000e+03 1.570896434783935547e+01 0.000000000000000000e+00
7.304660156250000000e+03 1.592700862884521484e+01 0.000000000000000000e+00
7.306340820312500000e+03 1.575558471679687500e+01 0.000000000000000000e+00
7.308025390625000000e+03 1.540761089324951172e+01 0.000000000000000000e+00
7.309706542968750000e+03 1.571500396728515625e+01 0.000000000000000000e+00
7.311392089843750000e+03 1.622771263122558594e+01 0.000000000000000000e+00
7.313074218750000000e+03 1.623486328125000000e+01 0.000000000000000000e+00
7.314756347656250000e+03 1.564285469055175781e+01 0.000000000000000000e+00
7.316443359375000000e+03 1.574531745910644531e+01 0.000000000000000000e+00
7.318126464843750000e+03 1.662198829650878906e+01 0.000000000000000000e+00
7.319813964843750000e+03 1.511451911926269531e+01 0.000000000000000000e+00
7.321498046875000000e+03 1.529146003723144531e+01 0.000000000000000000e+00
7.323186035156250000e+03 1.563129997253417969e+01 0.000000000000000000e+00
7.324871093750000000e+03 1.566844844818115234e+01 0.000000000000000000e+00
7.326556152343750000e+03 1.546224689483642578e+01 0.000000000000000000e+00
7.328245605468750000e+03 1.533586215972900391e+01 0.000000000000000000e+00
7.329931152343750000e+03 1.592033481597900391e+01 0.000000000000000000e+00
7.331621582031250000e+03 1.502809619903564453e+01 0.000000000000000000e+00
7.333308105468750000e+03 1.573730754852294922e+01 0.000000000000000000e+00
7.334999511718750000e+03 1.574647903442382812e+01 0.000000000000000000e+00
7.336686523437500000e+03 1.519157695770263672e+01 0.000000000000000000e+00
7.338374511718750000e+03 1.572031116485595703e+01 0.000000000000000000e+00
7.340066894531250000e+03 1.464432048797607422e+01 0.000000000000000000e+00
7.341755371093750000e+03 1.516679286956787109e+01 0.000000000000000000e+00
7.343448242187500000e+03 1.545913505554199219e+01 0.000000000000000000e+00
7.345137695312500000e+03 1.552072238922119141e+01 0.000000000000000000e+00
7.346831542968750000e+03 1.533120155334472656e+01 0.000000000000000000e+00
7.348521484375000000e+03 1.485935497283935547e+01 0.000000000000000000e+00
7.350211914062500000e+03 1.539467716217041016e+01 0.000000000000000000e+00
7.351906738281250000e+03 1.546856880187988281e+01 0.000000000000000000e+00
7.353598144531250000e+03 1.523649120330810547e+01 0.000000000000000000e+00
7.355293945312500000e+03 1.563580894470214844e+01 0.000000000000000000e+00
7.356985839843750000e+03 1.604440689086914062e+01 0.000000000000000000e+00
7.358682617187500000e+03 1.555934810638427734e+01 0.000000000000000000e+00
7.360375488281250000e+03 1.556818962097167969e+01 0.000000000000000000e+00
7.362068847656250000e+03 1.535130596160888672e+01 0.000000000000000000e+00
7.363766601562500000e+03 1.510395812988281250e+01 0.000000000000000000e+00
7.365460449218750000e+03 1.514222049713134766e+01 0.000000000000000000e+00
7.367158691406250000e+03 1.525873088836669922e+01 0.000000000000000000e+00
7.368853515625000000e+03 1.521187973022460938e+01 0.000000000000000000e+00
7.370552734375000000e+03 1.539085006713867188e+01 0.000000000000000000e+00
7.372248535156250000e+03 1.501911926269531250e+01 0.000000000000000000e+00
7.373944335937500000e+03 1.506520462036132812e+01 0.000000000000000000e+00
7.375645019531250000e+03 1.522549819946289062e+01 0.000000000000000000e+00
7.377341796875000000e+03 1.518067073822021484e+01 0.000000000000000000e+00
7.379042968750000000e+03 1.523558521270751953e+01 0.000000000000000000e+00
7.380740234375000000e+03 1.564132499694824219e+01 0.000000000000000000e+00
7.382442382812500000e+03 1.517817974090576172e+01 0.000000000000000000e+00
7.384140625000000000e+03 1.497899532318115234e+01 0.000000000000000000e+00
7.385839355468750000e+03 1.572869491577148438e+01 0.000000000000000000e+00
7.387542480468750000e+03 1.612171554565429688e+01 0.000000000000000000e+00
7.389242187500000000e+03 1.518749809265136719e+01 0.000000000000000000e+00
7.390945800781250000e+03 1.527866649627685547e+01 0.000000000000000000e+00
7.392646484375000000e+03 1.538052558898925781e+01 0.000000000000000000e+00
7.394351074218750000e+03 1.558915233612060547e+01 0.000000000000000000e+00
7.396052246093750000e+03 1.564109802246093750e+01 0.000000000000000000e+00
7.397757324218750000e+03 1.549776077270507812e+01 0.000000000000000000e+00
7.399459472656250000e+03 1.527821826934814453e+01 0.000000000000000000e+00
7.401161621093750000e+03 1.491999053955078125e+01 0.000000000000000000e+00
7.402868164062500000e+03 1.566806793212890625e+01 0.000000000000000000e+00
7.404571289062500000e+03 1.574264907836914062e+01 0.000000000000000000e+00
7.406278808593750000e+03 1.503160572052001953e+01 0.000000000000000000e+00
7.407982421875000000e+03 1.488292598724365234e+01 0.000000000000000000e+00
7.409690917968750000e+03 1.575422382354736328e+01 0.000000000000000000e+00
7.411395507812500000e+03 1.548620128631591797e+01 0.000000000000000000e+00
7.413100585937500000e+03 1.516487121582031250e+01 0.000000000000000000e+00
7.414810058593750000e+03 1.493216228485107422e+01 0.000000000000000000e+00
7.416515625000000000e+03 1.539939403533935547e+01 0.000000000000000000e+00
7.418226074218750000e+03 1.588596725463867188e+01 0.000000000000000000e+00
7.419932617187500000e+03 1.552591133117675781e+01 0.000000000000000000e+00
7.421643554687500000e+03 1.562238597869873047e+01 0.000000000000000000e+00
7.423350585937500000e+03 1.526427745819091797e+01 0.000000000000000000e+00
7.425058593750000000e+03 1.539263057708740234e+01 0.000000000000000000e+00
7.426770507812500000e+03 1.520401287078857422e+01 0.000000000000000000e+00
7.428479492187500000e+03 1.463944339752197266e+01 0.000000000000000000e+00
7.430192382812500000e+03 1.468139839172363281e+01 0.000000000000000000e+00
7.431901367187500000e+03 1.529531860351562500e+01 0.000000000000000000e+00
7.433615234375000000e+03 1.513998317718505859e+01 0.000000000000000000e+00
7.435325683593750000e+03 1.553870677947998047e+01 0.000000000000000000e+00
7.437036132812500000e+03 1.560349941253662109e+01 0.000000000000000000e+00
7.438750976562500000e+03 1.527009201049804688e+01 0.000000000000000000e+00
7.440462402343750000e+03 1.537384510040283203e+01 0.000000000000000000e+00
7.442177734375000000e+03 1.528889560699462891e+01 0.000000000000000000e+00
7.443890136718750000e+03 1.512256431579589844e+01 0.000000000000000000e+00
7.445606445312500000e+03 1.529442024230957031e+01 0.000000000000000000e+00
7.447319335937500000e+03 1.519906711578369141e+01 0.000000000000000000e+00
7.449032714843750000e+03 1.487327671051025391e+01 0.000000000000000000e+00
7.450750488281250000e+03 1.494412231445312500e+01 0.000000000000000000e+00
7.452464355468750000e+03 1.518478012084960938e+01 0.000000000000000000e+00
7.454183105468750000e+03 1.503588294982910156e+01 0.000000000000000000e+00
7.455897949218750000e+03 1.488594627380371094e+01 0.000000000000000000e+00
7.457617187500000000e+03 1.509203147888183594e+01 0.000000000000000000e+00
7.459332519531250000e+03 1.515682125091552734e+01 0.000000000000000000e+00
7.461048828125000000e+03 1.481206607818603516e+01 0.000000000000000000e+00
7.462769042968750000e+03 1.535191726684570312e+01 0.000000000000000000e+00
7.464485839843750000e+03 1.554633140563964844e+01 0.000000000000000000e+00
7.466207031250000000e+03 1.521964836120605469e+01 0.000000000000000000e+00
7.467924804687500000e+03 1.508937549591064453e+01 0.000000000000000000e+00
7.469646972656250000e+03 1.478572750091552734e+01 0.000000000000000000e+00
7.471365234375000000e+03 1.413635158538818359e+01 0.000000000000000000e+00
7.473083984375000000e+03 1.514052677154541016e+01 0.000000000000000000e+00
7.474807617187500000e+03 1.527356910705566406e+01 0.000000000000000000e+00
7.476526855468750000e+03 1.529382419586181641e+01 0.000000000000000000e+00
7.478250976562500000e+03 1.475778198242187500e+01 0.000000000000000000e+00
7.479971191406250000e+03 1.456692695617675781e+01 0.000000000000000000e+00
7.481696289062500000e+03 1.531302452087402344e+01 0.000000000000000000e+00
7.483417480468750000e+03 1.414783287048339844e+01 0.000000000000000000e+00
7.485139160156250000e+03 1.472151088714599609e+01 0.000000000000000000e+00
7.486865234375000000e+03 1.503234291076660156e+01 0.000000000000000000e+00
7.488587402343750000e+03 1.517253303527832031e+01 0.000000000000000000e+00
7.490313964843750000e+03 1.569443798065185547e+01 0.000000000000000000e+00
7.492037109375000000e+03 1.599064064025878906e+01 0.000000000000000000e+00
7.493765136718750000e+03 1.494968223571777344e+01 0.000000000000000000e+00
7.495488769531250000e+03 1.451877975463867188e+01 0.000000000000000000e+00
7.497213378906250000e+03 1.481312084197998047e+01 0.000000000000000000e+00
7.498941894531250000e+03 1.510431480407714844e+01 0.000000000000000000e+00
7.500666992187500000e+03 1.507131385803222656e+01 0.000000000000000000e+00
7.502396972656250000e+03 1.495788860321044922e+01 0.000000000000000000e+00
7.504122558593750000e+03 1.498761463165283203e+01 0.000000000000000000e+00
7.505853027343750000e+03 1.491397953033447266e+01 0.000000000000000000e+00
7.507580078125000000e+03 1.515606498718261719e+01 0.000000000000000000e+00
7.509307128906250000e+03 1.496382045745849609e+01 0.000000000000000000e+00
7.511038574218750000e+03 1.454252433776855469e+01 0.000000000000000000e+00
7.512766601562500000e+03 1.474249649047851562e+01 0.000000000000000000e+00
7.514499023437500000e+03 1.489124774932861328e+01 0.000000000000000000e+00
7.516227539062500000e+03 1.449867248535156250e+01 0.000000000000000000e+00
7.517960937500000000e+03 1.537015724182128906e+01 0.000000000000000000e+00
7.519690429687500000e+03 1.493423748016357422e+01 0.000000000000000000e+00
7.521420410156250000e+03 1.392484092712402344e+01 0.000000000000000000e+00
7.523154785156250000e+03 1.510146903991699219e+01 0.000000000000000000e+00
7.524885253906250000e+03 1.559783077239990234e+01 0.000000000000000000e+00
7.526620605468750000e+03 1.456488132476806641e+01 0.000000000000000000e+00
7.528352050781250000e+03 1.415514087677001953e+01 0.000000000000000000e+00
7.530088378906250000e+03 1.460655212402343750e+01 0.000000000000000000e+00
7.531820312500000000e+03 1.487488269805908203e+01 0.000000000000000000e+00
7.533557128906250000e+03 1.451426029205322266e+01 0.000000000000000000e+00
7.535290527343750000e+03 1.478905963897705078e+01 0.000000000000000000e+00
7.537023925781250000e+03 1.473235607147216797e+01 0.000000000000000000e+00
7.538761718750000000e+03 1.482263183593750000e+01 0.000000000000000000e+00
7.540496093750000000e+03 1.476442146301269531e+01 0.000000000000000000e+00
7.542234863281250000e+03 1.470859718322753906e+01 0.000000000000000000e+00
7.543970214843750000e+03 1.494257259368896484e+01 0.000000000000000000e+00
7.545709472656250000e+03 1.467177295684814453e+01 0.000000000000000000e+00
7.547445312500000000e+03 1.481496810913085938e+01 0.000000000000000000e+00
7.549181640625000000e+03 1.487125396728515625e+01 0.000000000000000000e+00
7.550922851562500000e+03 1.474881076812744141e+01 0.000000000000000000e+00
7.552659667968750000e+03 1.476957035064697266e+01 0.000000000000000000e+00
7.554401367187500000e+03 1.496879768371582031e+01 0.000000000000000000e+00
7.556139160156250000e+03 1.461368083953857422e+01 0.000000000000000000e+00
7.557881835937500000e+03 1.417229747772216797e+01 0.000000000000000000e+00
7.559620117187500000e+03 1.513706302642822266e+01 0.000000000000000000e+00
7.561359375000000000e+03 1.511812305450439453e+01 0.000000000000000000e+00
7.563103027343750000e+03 1.434004688262939453e+01 0.000000000000000000e+00
7.564842773437500000e+03 1.477504634857177734e+01 0.000000000000000000e+00
7.566587402343750000e+03 1.440775489807128906e+01 0.000000000000000000e+00
7.568328125000000000e+03 1.482029342651367188e+01 0.000000000000000000e+00
7.570073242187500000e+03 1.428197193145751953e+01 0.000000000000000000e+00
7.571814941406250000e+03 1.422554302215576172e+01 0.000000000000000000e+00
7.573556640625000000e+03 1.461715126037597656e+01 0.000000000000000000e+00
7.575303222656250000e+03 1.429176425933837891e+01 0.000000000000000000e+00
7.577045898437500000e+03 1.490690994262695312e+01 0.000000000000000000e+00
7.578792968750000000e+03 1.476054668426513672e+01 0.000000000000000000e+00
7.580536621093750000e+03 1.483012199401855469e+01 0.000000000000000000e+00
7.582284667968750000e+03 1.471172046661376953e+01 0.000000000000000000e+00
7.584028808593750000e+03 1.450291156768798828e+01 0.000000000000000000e+00
7.585773437500000000e+03 1.482120609283447266e+01 0.000000000000000000e+00
7.587522949218750000e+03 1.502110481262207031e+01 0.000000000000000000e+00
7.589268554687500000e+03 1.520691776275634766e+01 0.000000000000000000e+00
7.591018554687500000e+03 1.484675693511962891e+01 0.000000000000000000e+00
7.592764648437500000e+03 1.503528213500976562e+01 0.000000000000000000e+00
7.594515625000000000e+03 1.507436466217041016e+01 0.000000000000000000e+00
7.596262695312500000e+03 1.388747406005859375e+01 0.000000000000000000e+00
7.598010253906250000e+03 1.390645885467529297e+01 0.000000000000000000e+00
7.599762207031250000e+03 1.340684890747070312e+01 0.000000000000000000e+00
7.601510742187500000e+03 1.425068664550781250e+01 0.000000000000000000e+00
7.603263671875000000e+03 1.568515586853027344e+01 0.000000000000000000e+00
7.605012695312500000e+03 1.599936103820800781e+01 0.000000000000000000e+00
7.606766113281250000e+03 1.479018306732177734e+01 0.000000000000000000e+00
7.608516113281250000e+03 1.394002723693847656e+01 0.000000000000000000e+00
7.610266601562500000e+03 1.427871990203857422e+01 0.000000000000000000e+00
7.612021484375000000e+03 1.454295921325683594e+01 0.000000000000000000e+00
7.613772460937500000e+03 1.434320354461669922e+01 0.000000000000000000e+00
7.615528320312500000e+03 1.403571701049804688e+01 0.000000000000000000e+00
7.617280273437500000e+03 1.433592700958251953e+01 0.000000000000000000e+00
7.619036621093750000e+03 1.545404434204101562e+01 0.000000000000000000e+00
7.620789550781250000e+03 1.447099304199218750e+01 0.000000000000000000e+00
7.622542480468750000e+03 1.476389312744140625e+01 0.000000000000000000e+00
7.624300292968750000e+03 1.467068576812744141e+01 0.000000000000000000e+00
7.626054199218750000e+03 1.403723716735839844e+01 0.000000000000000000e+00
7.627812988281250000e+03 1.453734111785888672e+01 0.000000000000000000e+00
7.629567871093750000e+03 1.435007190704345703e+01 0.000000000000000000e+00
7.631327148437500000e+03 1.479705238342285156e+01 0.000000000000000000e+00
7.633082519531250000e+03 1.443752193450927734e+01 0.000000000000000000e+00
7.634838867187500000e+03 1.439640426635742188e+01 0.000000000000000000e+00
7.636599121093750000e+03 1.448371505737304688e+01 0.000000000000000000e+00
7.638355957031250000e+03 1.392467403411865234e+01 0.000000000000000000e+00
7.640117187500000000e+03 1.487917232513427734e+01 0.000000000000000000e+00
7.641875000000000000e+03 1.408945846557617188e+01 0.000000000000000000e+00
7.643637207031250000e+03 1.431927490234375000e+01 0.000000000000000000e+00
7.645395507812500000e+03 1.386632537841796875e+01 0.000000000000000000e+00
7.647154296875000000e+03 1.350647354125976562e+01 0.000000000000000000e+00
7.648917968750000000e+03 1.494882869720458984e+01 0.000000000000000000e+00
7.650677246093750000e+03 1.375181388854980469e+01 0.000000000000000000e+00
7.652441894531250000e+03 1.420627212524414062e+01 0.000000000000000000e+00
7.654202148437500000e+03 1.429852199554443359e+01 0.000000000000000000e+00
7.655967285156250000e+03 1.401840019226074219e+01 0.000000000000000000e+00
7.657728515625000000e+03 1.425858211517333984e+01 0.000000000000000000e+00
7.659490234375000000e+03 1.484805870056152344e+01 0.000000000000000000e+00
7.661256347656250000e+03 1.445799541473388672e+01 0.000000000000000000e+00
7.663018554687500000e+03 1.454066276550292969e+01 0.000000000000000000e+00
7.664785644531250000e+03 1.426121616363525391e+01 0.000000000000000000e+00
7.666549316406250000e+03 1.395358276367187500e+01 0.000000000000000000e+00
7.668316894531250000e+03 1.413172626495361328e+01 0.000000000000000000e+00
7.670081054687500000e+03 1.443639278411865234e+01 0.000000000000000000e+00
7.671849609375000000e+03 1.395350933074951172e+01 0.000000000000000000e+00
7.673614746093750000e+03 1.421481037139892578e+01 0.000000000000000000e+00
7.675379882812500000e+03 1.426456546783447266e+01 0.000000000000000000e+00
7.677149902343750000e+03 1.381008625030517578e+01 0.000000000000000000e+00
7.678916015625000000e+03 1.359019851684570312e+01 0.000000000000000000e+00
7.680687011718750000e+03 1.401931953430175781e+01 0.000000000000000000e+00
7.682453613281250000e+03 1.381612396240234375e+01 0.000000000000000000e+00
7.684225097656250000e+03 1.371361160278320312e+01 0.000000000000000000e+00
7.685993164062500000e+03 1.369449615478515625e+01 0.000000000000000000e+00
7.687761230468750000e+03 1.403268146514892578e+01 0.000000000000000000e+00
7.689534179687500000e+03 1.437405014038085938e+01 0.000000000000000000e+00
7.691302734375000000e+03 1.415165424346923828e+01 0.000000000000000000e+00
7.693076660156250000e+03 1.408721256256103516e+01 0.000000000000000000e+00
7.694846191406250000e+03 1.461462688446044922e+01 0.000000000000000000e+00
7.696620605468750000e+03 1.443957138061523438e+01 0.000000000000000000e+00
7.698391113281250000e+03 1.412103080749511719e+01 0.000000000000000000e+00
7.700162109375000000e+03 1.428860855102539062e+01 0.000000000000000000e+00
7.701937988281250000e+03 1.460078525543212891e+01 0.000000000000000000e+00
7.703709960937500000e+03 1.441135120391845703e+01 0.000000000000000000e+00
7.705486328125000000e+03 1.443804454803466797e+01 0.000000000000000000e+00
7.707258789062500000e+03 1.420993423461914062e+01 0.000000000000000000e+00
7.709036132812500000e+03 1.404116630554199219e+01 0.000000000000000000e+00
7.710809570312500000e+03 1.441618728637695312e+01 0.000000000000000000e+00
7.712583496093750000e+03 1.482393932342529297e+01 0.000000000000000000e+00
7.714361816406250000e+03 1.392476081848144531e+01 0.000000000000000000e+00
7.716136718750000000e+03 1.509979820251464844e+01 0.000000000000000000e+00
7.717916015625000000e+03 1.481315231323242188e+01 0.000000000000000000e+00
7.719691406250000000e+03 1.451270294189453125e+01 0.000000000000000000e+00
7.721471679687500000e+03 1.465539169311523438e+01 0.000000000000000000e+00
7.723248046875000000e+03 1.392504978179931641e+01 0.000000000000000000e+00
7.725024902343750000e+03 1.407057285308837891e+01 0.000000000000000000e+00
7.726806152343750000e+03 1.419901371002197266e+01 0.000000000000000000e+00
7.728583496093750000e+03 1.426008701324462891e+01 0.000000000000000000e+00
7.730365722656250000e+03 1.390431785583496094e+01 0.000000000000000000e+00
7.732144042968750000e+03 1.373678207397460938e+01 0.000000000000000000e+00
7.733927246093750000e+03 1.427622604370117188e+01 0.000000000000000000e+00
7.735706542968750000e+03 1.382137203216552734e+01 0.000000000000000000e+00
7.737485839843750000e+03 1.375413513183593750e+01 0.000000000000000000e+00
7.739270019531250000e+03 1.426895809173583984e+01 0.000000000000000000e+00
7.741050781250000000e+03 1.458561706542968750e+01 0.000000000000000000e+00
7.742835449218750000e+03 1.436961460113525391e+01 0.000000000000000000e+00
7.744616699218750000e+03 1.414389038085937500e+01 0.000000000000000000e+00
7.746402832031250000e+03 1.446176433563232422e+01 0.000000000000000000e+00
7.748185058593750000e+03 1.411838054656982422e+01 0.000000000000000000e+00
7.749967285156250000e+03 1.362661457061767578e+01 0.000000000000000000e+00
7.751754394531250000e+03 1.413750267028808594e+01 0.000000000000000000e+00
7.753537597656250000e+03 1.436784934997558594e+01 0.000000000000000000e+00
7.755325683593750000e+03 1.318776607513427734e+01 0.000000000000000000e+00
7.757109863281250000e+03 1.426324272155761719e+01 0.000000000000000000e+00
7.758898437500000000e+03 1.417442989349365234e+01 0.000000000000000000e+00
7.760683593750000000e+03 1.394266414642333984e+01 0.000000000000000000e+00
7.762468750000000000e+03 1.411004734039306641e+01 0.000000000000000000e+00
7.764258789062500000e+03 1.437736415863037109e+01 0.000000000000000000e+00
7.766044921875000000e+03 1.433311557769775391e+01 0.000000000000000000e+00
7.767835937500000000e+03 1.405731201171875000e+01 0.000000000000000000e+00
7.769622558593750000e+03 1.394092655181884766e+01 0.000000000000000000e+00
7.771414550781250000e+03 1.357352828979492188e+01 0.000000000000000000e+00
7.773202148437500000e+03 1.349757575988769531e+01 0.000000000000000000e+00
7.774990234375000000e+03 1.392424869537353516e+01 0.000000000000000000e+00
7.776783203125000000e+03 1.419614124298095703e+01 0.000000000000000000e+00
7.778572265625000000e+03 1.375729560852050781e+01 0.000000000000000000e+00
7.780366210937500000e+03 1.394944000244140625e+01 0.000000000000000000e+00
7.782155761718750000e+03 1.383243751525878906e+01 0.000000000000000000e+00
7.783950683593750000e+03 1.353341102600097656e+01 0.000000000000000000e+00
7.785741210937500000e+03 1.338885402679443359e+01 0.000000000000000000e+00
7.787532226562500000e+03 1.344404888153076172e+01 0.000000000000000000e+00
7.789328125000000000e+03 1.378872299194335938e+01 0.000000000000000000e+00
7.791120117187500000e+03 1.379729080200195312e+01 0.000000000000000000e+00
7.792916503906250000e+03 1.345841693878173828e+01 0.000000000000000000e+00
7.794709472656250000e+03 1.331612586975097656e+01 0.000000000000000000e+00
7.796506835937500000e+03 1.357019615173339844e+01 0.000000000000000000e+00
7.798300292968750000e+03 1.390646362304687500e+01 0.000000000000000000e+00
7.800094238281250000e+03 1.394898033142089844e+01 0.000000000000000000e+00
7.801893066406250000e+03 1.337155055999755859e+01 0.000000000000000000e+00
7.803687988281250000e+03 1.361867809295654297e+01 0.000000000000000000e+00
7.805487304687500000e+03 1.377165508270263672e+01 0.000000000000000000e+00
7.807283203125000000e+03 1.350874042510986328e+01 0.000000000000000000e+00
7.809083496093750000e+03 1.357446479797363281e+01 0.000000000000000000e+00
7.810879882812500000e+03 1.352833652496337891e+01 0.000000000000000000e+00
7.812681152343750000e+03 1.356329727172851562e+01 0.000000000000000000e+00
7.814478515625000000e+03 1.340703582763671875e+01 0.000000000000000000e+00
7.816275878906250000e+03 1.373117446899414062e+01 0.000000000000000000e+00
7.818078613281250000e+03 1.384622955322265625e+01 0.000000000000000000e+00
7.819876953125000000e+03 1.281933116912841797e+01 0.000000000000000000e+00
7.821680175781250000e+03 1.281999397277832031e+01 0.000000000000000000e+00
7.823479492187500000e+03 1.324799633026123047e+01 0.000000000000000000e+00
7.825283691406250000e+03 1.311487865447998047e+01 0.000000000000000000e+00
7.827083984375000000e+03 1.296003437042236328e+01 0.000000000000000000e+00
7.828884277343750000e+03 1.321655654907226562e+01 0.000000000000000000e+00
7.830689941406250000e+03 1.339820003509521484e+01 0.000000000000000000e+00
7.832491210937500000e+03 1.296090507507324219e+01 0.000000000000000000e+00
7.834297363281250000e+03 1.344834041595458984e+01 0.000000000000000000e+00
7.836099609375000000e+03 1.326698875427246094e+01 0.000000000000000000e+00
7.837906738281250000e+03 1.301204204559326172e+01 0.000000000000000000e+00
7.839709960937500000e+03 1.327834987640380859e+01 0.000000000000000000e+00
7.841513183593750000e+03 1.364632415771484375e+01 0.000000000000000000e+00
7.843321289062500000e+03 1.385148811340332031e+01 0.000000000000000000e+00
7.845125976562500000e+03 1.351597023010253906e+01 0.000000000000000000e+00
7.846935058593750000e+03 1.352525424957275391e+01 0.000000000000000000e+00
7.848740234375000000e+03 1.418105888366699219e+01 0.000000000000000000e+00
7.850549804687500000e+03 1.433133029937744141e+01 0.000000000000000000e+00
7.852355957031250000e+03 1.317079353332519531e+01 0.000000000000000000e+00
7.854162597656250000e+03 1.301655006408691406e+01 0.000000000000000000e+00
7.855973632812500000e+03 1.356231117248535156e+01 0.000000000000000000e+00
7.857780761718750000e+03 1.315992164611816406e+01 0.000000000000000000e+00
7.859592773437500000e+03 1.313607597351074219e+01 0.000000000000000000e+00
7.861400878906250000e+03 1.369306468963623047e+01 0.000000000000000000e+00
7.863213867187500000e+03 1.347422313690185547e+01 0.000000000000000000e+00
7.865022460937500000e+03 1.317046737670898438e+01 0.000000000000000000e+00
7.866832031250000000e+03 1.377272224426269531e+01 0.000000000000000000e+00
7.868645996093750000e+03 1.392581367492675781e+01 0.000000000000000000e+00
7.870456054687500000e+03 1.404223251342773438e+01 0.000000000000000000e+00
7.872270996093750000e+03 1.377888488769531250e+01 0.000000000000000000e+00
7.874082031250000000e+03 1.279155826568603516e+01 0.000000000000000000e+00
7.875897949218750000e+03 1.369000530242919922e+01 0.000000000000000000e+00
7.877709960937500000e+03 1.386835670471191406e+01 0.000000000000000000e+00
7.879521972656250000e+03 1.345111465454101562e+01 0.000000000000000000e+00
7.881338867187500000e+03 1.357915592193603516e+01 0.000000000000000000e+00
7.883151855468750000e+03 1.384363746643066406e+01 0.000000000000000000e+00
7.884969726562500000e+03 1.331915473937988281e+01 0.000000000000000000e+00
7.886783691406250000e+03 1.349345970153808594e+01 0.000000000000000000e+00
7.888602539062500000e+03 1.325128650665283203e+01 0.000000000000000000e+00
7.890417480468750000e+03 1.311848354339599609e+01 0.000000000000000000e+00
7.892232421875000000e+03 1.324718761444091797e+01 0.000000000000000000e+00
7.894052246093750000e+03 1.322414875030517578e+01 0.000000000000000000e+00
7.895868652343750000e+03 1.299206161499023438e+01 0.000000000000000000e+00
7.897688964843750000e+03 1.357123374938964844e+01 0.000000000000000000e+00
7.899505859375000000e+03 1.358802509307861328e+01 0.000000000000000000e+00
7.901327636718750000e+03 1.352471351623535156e+01 0.000000000000000000e+00
7.903145507812500000e+03 1.345052242279052734e+01 0.000000000000000000e+00
7.904963378906250000e+03 1.364186382293701172e+01 0.000000000000000000e+00
7.906786132812500000e+03 1.405982685089111328e+01 0.000000000000000000e+00
7.908605468750000000e+03 1.337559413909912109e+01 0.000000000000000000e+00
7.910429199218750000e+03 1.406337738037109375e+01 0.000000000000000000e+00
7.912248535156250000e+03 1.319294738769531250e+01 0.000000000000000000e+00
7.914073242187500000e+03 1.345883274078369141e+01 0.000000000000000000e+00
7.915894042968750000e+03 1.438066196441650391e+01 0.000000000000000000e+00
7.917714843750000000e+03 1.299864101409912109e+01 0.000000000000000000e+00
7.919540527343750000e+03 1.346835708618164062e+01 0.000000000000000000e+00
7.921362792968750000e+03 1.361981678009033203e+01 0.000000000000000000e+00
7.923189453125000000e+03 1.342599296569824219e+01 0.000000000000000000e+00
7.925012207031250000e+03 1.281878757476806641e+01 0.000000000000000000e+00
7.926839355468750000e+03 1.278250408172607422e+01 0.000000000000000000e+00
7.928663085937500000e+03 1.393929767608642578e+01 0.000000000000000000e+00
7.930486816406250000e+03 1.366637897491455078e+01 0.000000000000000000e+00
7.932315917968750000e+03 1.362662315368652344e+01 0.000000000000000000e+00
7.934140625000000000e+03 1.377906036376953125e+01 0.000000000000000000e+00
7.935970214843750000e+03 1.332510757446289062e+01 0.000000000000000000e+00
7.937795898437500000e+03 1.274559593200683594e+01 0.000000000000000000e+00
7.939626464843750000e+03 1.320902347564697266e+01 0.000000000000000000e+00
7.941452636718750000e+03 1.385962677001953125e+01 0.000000000000000000e+00
7.943284179687500000e+03 1.336284542083740234e+01 0.000000000000000000e+00
7.945111328125000000e+03 1.375620460510253906e+01 0.000000000000000000e+00
7.946938964843750000e+03 1.376979064941406250e+01 0.000000000000000000e+00
7.948771972656250000e+03 1.324134826660156250e+01 0.000000000000000000e+00
7.950600585937500000e+03 1.351448440551757812e+01 0.000000000000000000e+00
7.952433593750000000e+03 1.332460498809814453e+01 0.000000000000000000e+00
7.954263183593750000e+03 1.381120109558105469e+01 0.000000000000000000e+00
7.956097656250000000e+03 1.449876499176025391e+01 0.000000000000000000e+00
7.957927734375000000e+03 1.401631164550781250e+01 0.000000000000000000e+00
7.959758300781250000e+03 1.348759651184082031e+01 0.000000000000000000e+00
7.961593750000000000e+03 1.423974800109863281e+01 0.000000000000000000e+00
7.963425292968750000e+03 1.275479888916015625e+01 0.000000000000000000e+00
7.965261718750000000e+03 1.322283935546875000e+01 0.000000000000000000e+00
7.967094238281250000e+03 1.457789039611816406e+01 0.000000000000000000e+00
7.968931640625000000e+03 1.417744922637939453e+01 0.000000000000000000e+00
7.970764648437500000e+03 1.314464759826660156e+01 0.000000000000000000e+00
7.972598144531250000e+03 1.400310993194580078e+01 0.000000000000000000e+00
7.974437011718750000e+03 1.366787147521972656e+01 0.000000000000000000e+00
7.976271484375000000e+03 1.348726654052734375e+01 0.000000000000000000e+00
7.978110839843750000e+03 1.367360019683837891e+01 0.000000000000000000e+00
7.979945800781250000e+03 1.339844989776611328e+01 0.000000000000000000e+00
7.981786132812500000e+03 1.328124523162841797e+01 0.000000000000000000e+00
7.983622558593750000e+03 1.409454441070556641e+01 0.000000000000000000e+00
7.985458984375000000e+03 1.341991043090820312e+01 0.000000000000000000e+00
7.987300292968750000e+03 1.346336364746093750e+01 0.000000000000000000e+00
7.989137695312500000e+03 1.386069774627685547e+01 0.000000000000000000e+00
7.990979980468750000e+03 1.344275665283203125e+01 0.000000000000000000e+00
7.992818359375000000e+03 1.248988246917724609e+01 0.000000000000000000e+00
7.994661621093750000e+03 1.275541877746582031e+01 0.000000000000000000e+00
7.996500488281250000e+03 1.476266479492187500e+01 0.000000000000000000e+00
7.998340332031250000e+03 1.450034523010253906e+01 0.000000000000000000e+00
8.000184570312500000e+03 1.421649646759033203e+01 0.000000000000000000e+00
8.002024902343750000e+03 1.445976257324218750e+01 0.000000000000000000e+00
8.003870605468750000e+03 1.436511421203613281e+01 0.000000000000000000e+00
8.005711425781250000e+03 1.366774845123291016e+01 0.000000000000000000e+00
8.007557617187500000e+03 1.371824836730957031e+01 0.000000000000000000e+00
8.009399902343750000e+03 1.380770015716552734e+01 0.000000000000000000e+00
8.011242675781250000e+03 1.384888362884521484e+01 0.000000000000000000e+00
8.013089843750000000e+03 1.381774425506591797e+01 0.000000000000000000e+00
8.014933105468750000e+03 1.372183704376220703e+01 0.000000000000000000e+00
8.016781250000000000e+03 1.375088787078857422e+01 0.000000000000000000e+00
8.018625488281250000e+03 1.416981410980224609e+01 0.000000000000000000e+00
8.020474609375000000e+03 1.420020484924316406e+01 0.000000000000000000e+00
8.022319824218750000e+03 1.389495849609375000e+01 0.000000000000000000e+00
8.024165527343750000e+03 1.329288482666015625e+01 0.000000000000000000e+00
8.026015625000000000e+03 1.323800659179687500e+01 0.000000000000000000e+00
8.027862304687500000e+03 1.424763965606689453e+01 0.000000000000000000e+00
8.029713378906250000e+03 1.418903064727783203e+01 0.000000000000000000e+00
8.031560546875000000e+03 1.356152629852294922e+01 0.000000000000000000e+00
8.033412597656250000e+03 1.346618938446044922e+01 0.000000000000000000e+00
8.035260742187500000e+03 1.379669761657714844e+01 0.000000000000000000e+00
8.037109375000000000e+03 1.423824405670166016e+01 0.000000000000000000e+00
8.038962402343750000e+03 1.462406826019287109e+01 0.000000000000000000e+00
8.040812011718750000e+03 1.452819538116455078e+01 0.000000000000000000e+00
8.042666015625000000e+03 1.451637172698974609e+01 0.000000000000000000e+00
8.044516113281250000e+03 1.418991184234619141e+01 0.000000000000000000e+00
8.046371093750000000e+03 1.408720588684082031e+01 0.000000000000000000e+00
8.048222167968750000e+03 1.429939937591552734e+01 0.000000000000000000e+00
8.050073730468750000e+03 1.421967220306396484e+01 0.000000000000000000e+00
8.051930175781250000e+03 1.403090000152587891e+01 0.000000000000000000e+00
8.053782714843750000e+03 1.463591098785400391e+01 0.000000000000000000e+00
8.055639648437500000e+03 1.442666721343994141e+01 0.000000000000000000e+00
8.057492675781250000e+03 1.479770946502685547e+01 0.000000000000000000e+00
8.059351074218750000e+03 1.518781375885009766e+01 0.000000000000000000e+00
8.061205078125000000e+03 1.376810073852539062e+01 0.000000000000000000e+00
8.063059570312500000e+03 1.378164100646972656e+01 0.000000000000000000e+00
8.064918945312500000e+03 1.464229679107666016e+01 0.000000000000000000e+00
8.066773925781250000e+03 1.436195278167724609e+01 0.000000000000000000e+00
8.068634277343750000e+03 1.419855594635009766e+01 0.000000000000000000e+00
8.070490234375000000e+03 1.439440441131591797e+01 0.000000000000000000e+00
8.072351562500000000e+03 1.394042205810546875e+01 0.000000000000000000e+00
8.074208496093750000e+03 1.452335262298583984e+01 0.000000000000000000e+00
8.076065917968750000e+03 1.485161018371582031e+01 0.000000000000000000e+00
8.077928222656250000e+03 1.448310279846191406e+01 0.000000000000000000e+00
8.079786621093750000e+03 1.443793964385986328e+01 0.000000000000000000e+00
8.081649902343750000e+03 1.466615581512451172e+01 0.000000000000000000e+00
8.083508789062500000e+03 1.420784091949462891e+01 0.000000000000000000e+00
8.085373046875000000e+03 1.388689899444580078e+01 0.000000000000000000e+00
8.087232910156250000e+03 1.404960250854492188e+01 0.000000000000000000e+00
8.089098144531250000e+03 1.455665111541748047e+01 0.000000000000000000e+00
8.090958984375000000e+03 1.451003170013427734e+01 0.000000000000000000e+00
8.092820312500000000e+03 1.414106941223144531e+01 0.000000000000000000e+00
8.094686523437500000e+03 1.438716983795166016e+01 0.000000000000000000e+00
8.096548339843750000e+03 1.437953376770019531e+01 0.000000000000000000e+00
8.098415527343750000e+03 1.402727222442626953e+01 0.000000000000000000e+00
8.100278808593750000e+03 1.459899997711181641e+01 0.000000000000000000e+00
8.102146484375000000e+03 1.494861030578613281e+01 0.000000000000000000e+00
8.104010253906250000e+03 1.430796813964843750e+01 0.000000000000000000e+00
8.105874511718750000e+03 1.383115577697753906e+01 0.000000000000000000e+00
8.107744140625000000e+03 1.485494232177734375e+01 0.000000000000000000e+00
8.109608886718750000e+03 1.483273029327392578e+01 0.000000000000000000e+00
8.111479003906250000e+03 1.489323329925537109e+01 0.000000000000000000e+00
8.113345214843750000e+03 1.503177356719970703e+01 0.000000000000000000e+00
8.115216308593750000e+03 1.483116817474365234e+01 0.000000000000000000e+00
8.117083007812500000e+03 1.464023113250732422e+01 0.000000000000000000e+00
8.118950195312500000e+03 1.522696399688720703e+01 0.000000000000000000e+00
8.120822753906250000e+03 1.486425876617431641e+01 0.000000000000000000e+00
8.122690917968750000e+03 1.475698184967041016e+01 0.000000000000000000e+00
8.124563964843750000e+03 1.482549953460693359e+01 0.000000000000000000e+00
8.126432617187500000e+03 1.479854583740234375e+01 0.000000000000000000e+00
8.128306640625000000e+03 1.483530044555664062e+01 0.000000000000000000e+00
8.130176757812500000e+03 1.473311901092529297e+01 0.000000000000000000e+00
8.132046875000000000e+03 1.505739879608154297e+01 0.000000000000000000e+00
8.133922363281250000e+03 1.491408729553222656e+01 0.000000000000000000e+00
8.135793457031250000e+03 1.460658740997314453e+01 0.000000000000000000e+00
8.137669433593750000e+03 1.453012847900390625e+01 0.000000000000000000e+00
8.139541503906250000e+03 1.478960323333740234e+01 0.000000000000000000e+00
8.141418457031250000e+03 1.565638446807861328e+01 0.000000000000000000e+00
8.143291503906250000e+03 1.486250782012939453e+01 0.000000000000000000e+00
8.145165039062500000e+03 1.439064407348632812e+01 0.000000000000000000e+00
8.147042968750000000e+03 1.447192764282226562e+01 0.000000000000000000e+00
8.148917480468750000e+03 1.466251373291015625e+01 0.000000000000000000e+00
8.150796386718750000e+03 1.488396167755126953e+01 0.000000000000000000e+00
8.152671386718750000e+03 1.492247962951660156e+01 0.000000000000000000e+00
8.154551269531250000e+03 1.512421607971191406e+01 0.000000000000000000e+00
8.156427246093750000e+03 1.488591384887695312e+01 0.000000000000000000e+00
8.158303710937500000e+03 1.487215614318847656e+01 0.000000000000000000e+00
8.160185058593750000e+03 1.516859912872314453e+01 0.000000000000000000e+00
8.162062500000000000e+03 1.516782379150390625e+01 0.000000000000000000e+00
8.163944335937500000e+03 1.545102787017822266e+01 0.000000000000000000e+00
8.165822753906250000e+03 1.517341613769531250e+01 0.000000000000000000e+00
8.167705566406250000e+03 1.533151721954345703e+01 0.000000000000000000e+00
8.169584472656250000e+03 1.538761615753173828e+01 0.000000000000000000e+00
8.171463867187500000e+03 1.520780181884765625e+01 0.000000000000000000e+00
8.173348144531250000e+03 1.538862419128417969e+01 0.000000000000000000e+00
8.175228515625000000e+03 1.526153850555419922e+01 0.000000000000000000e+00
8.177113769531250000e+03 1.519750404357910156e+01 0.000000000000000000e+00
8.178995117187500000e+03 1.546110534667968750e+01 0.000000000000000000e+00
8.180880859375000000e+03 1.537090110778808594e+01 0.000000000000000000e+00
8.182763183593750000e+03 1.524494171142578125e+01 0.000000000000000000e+00
8.184645507812500000e+03 1.597000694274902344e+01 0.000000000000000000e+00
8.186532714843750000e+03 1.632271003723144531e+01 0.000000000000000000e+00
8.188416015625000000e+03 1.640585327148437500e+01 0.000000000000000000e+00
8.190304199218750000e+03 1.608663177490234375e+01 0.000000000000000000e+00
8.192188476562500000e+03 1.605928993225097656e+01 0.000000000000000000e+00
8.194077148437500000e+03 1.657847023010253906e+01 0.000000000000000000e+00
8.195962890625000000e+03 1.692309379577636719e+01 0.000000000000000000e+00
8.197847656250000000e+03 1.644063568115234375e+01 0.000000000000000000e+00
8.199738281250000000e+03 1.638378143310546875e+01 0.000000000000000000e+00
8.201625000000000000e+03 1.663997840881347656e+01 0.000000000000000000e+00
8.203515625000000000e+03 1.685781288146972656e+01 0.000000000000000000e+00
8.205403320312500000e+03 1.662850761413574219e+01 0.000000000000000000e+00
8.207295898437500000e+03 1.619549560546875000e+01 0.000000000000000000e+00
8.209183593750000000e+03 1.711305046081542969e+01 0.000000000000000000e+00
8.211072265625000000e+03 1.747982597351074219e+01 0.000000000000000000e+00
8.212965820312500000e+03 1.699223709106445312e+01 0.000000000000000000e+00
8.214854492187500000e+03 1.695426940917968750e+01 0.000000000000000000e+00
8.216749023437500000e+03 1.760599136352539062e+01 0.000000000000000000e+00
8.218639648437500000e+03 1.768545722961425781e+01 0.000000000000000000e+00
8.220534179687500000e+03 1.692362594604492188e+01 0.000000000000000000e+00
8.222425781250000000e+03 1.748727607727050781e+01 0.000000000000000000e+00
8.224317382812500000e+03 1.779285049438476562e+01 0.000000000000000000e+00
8.226213867187500000e+03 1.769390296936035156e+01 0.000000000000000000e+00
8.228106445312500000e+03 1.799740982055664062e+01 0.000000000000000000e+00
8.230003906250000000e+03 1.871023368835449219e+01 0.000000000000000000e+00
8.231896484375000000e+03 1.828272819519042969e+01 0.000000000000000000e+00
8.233794921875000000e+03 1.810841941833496094e+01 0.000000000000000000e+00
8.235689453125000000e+03 1.844805145263671875e+01 0.000000000000000000e+00
8.237588867187500000e+03 1.855055999755859375e+01 0.000000000000000000e+00
8.239483398437500000e+03 1.858573722839355469e+01 0.000000000000000000e+00
8.241378906250000000e+03 1.906007957458496094e+01 0.000000000000000000e+00
8.243279296875000000e+03 1.850819969177246094e+01 0.000000000000000000e+00
8.245175781250000000e+03 1.876552581787109375e+01 0.000000000000000000e+00
8.247077148437500000e+03 1.919230079650878906e+01 0.000000000000000000e+00
8.248974609375000000e+03 1.971861839294433594e+01 0.000000000000000000e+00
8.250876953125000000e+03 2.006667900085449219e+01 0.000000000000000000e+00
8.252774414062500000e+03 1.967107391357421875e+01 0.000000000000000000e+00
8.254672851562500000e+03 1.922150802612304688e+01 0.000000000000000000e+00
8.256577148437500000e+03 1.952013206481933594e+01 0.000000000000000000e+00
8.258476562500000000e+03 1.962860870361328125e+01 0.000000000000000000e+00
8.260380859375000000e+03 1.944033622741699219e+01 0.000000000000000000e+00
8.262281250000000000e+03 1.930750465393066406e+01 0.000000000000000000e+00
8.264186523437500000e+03 1.946987915039062500e+01 0.000000000000000000e+00
8.266086914062500000e+03 1.985125732421875000e+01 0.000000000000000000e+00
8.267989257812500000e+03 1.957141685485839844e+01 0.000000000000000000e+00
8.269895507812500000e+03 1.955382347106933594e+01 0.000000000000000000e+00
8.271797851562500000e+03 1.909569168090820312e+01 0.000000000000000000e+00
8.273705078125000000e+03 1.859885597229003906e+01 0.000000000000000000e+00
8.275608398437500000e+03 1.920479011535644531e+01 0.000000000000000000e+00
8.277516601562500000e+03 1.888636970520019531e+01 0.000000000000000000e+00
8.279420898437500000e+03 1.846350860595703125e+01 0.000000000000000000e+00
8.281326171875000000e+03 1.798143959045410156e+01 0.000000000000000000e+00
8.283235351562500000e+03 1.831012153625488281e+01 0.000000000000000000e+00
8.285141601562500000e+03 1.878275299072265625e+01 0.000000000000000000e+00
8.287051757812500000e+03 1.783007049560546875e+01 0.000000000000000000e+00
8.288958007812500000e+03 1.714254188537597656e+01 0.000000000000000000e+00
8.290869140625000000e+03 1.777474403381347656e+01 0.000000000000000000e+00
8.292777343750000000e+03 1.815223121643066406e+01 0.000000000000000000e+00
8.294684570312500000e+03 1.761035537719726562e+01 0.000000000000000000e+00
8.296597656250000000e+03 1.676780700683593750e+01 0.000000000000000000e+00
8.298505859375000000e+03 1.669256782531738281e+01 0.000000000000000000e+00
8.300419921875000000e+03 1.734074401855468750e+01 0.000000000000000000e+00
8.302329101562500000e+03 1.681514167785644531e+01 0.000000000000000000e+00
8.304243164062500000e+03 1.652865409851074219e+01 0.000000000000000000e+00
8.306154296875000000e+03 1.653385543823242188e+01 0.000000000000000000e+00
8.308064453125000000e+03 1.629388618469238281e+01 0.000000000000000000e+00
8.309980468750000000e+03 1.597985935211181641e+01 0.000000000000000000e+00
8.311892578125000000e+03 1.632233619689941406e+01 0.000000000000000000e+00
8.313808593750000000e+03 1.576899242401123047e+01 0.000000000000000000e+00
8.315721679687500000e+03 1.560139560699462891e+01 0.000000000000000000e+00
8.317639648437500000e+03 1.566130638122558594e+01 0.000000000000000000e+00
8.319552734375000000e+03 1.547218990325927734e+01 0.000000000000000000e+00
8.321466796875000000e+03 1.530289363861083984e+01 0.000000000000000000e+00
8.323385742187500000e+03 1.553049087524414062e+01 0.000000000000000000e+00
8.325299804687500000e+03 1.543504333496093750e+01 0.000000000000000000e+00
8.327219726562500000e+03 1.513936424255371094e+01 0.000000000000000000e+00
8.329135742187500000e+03 1.492969512939453125e+01 0.000000000000000000e+00
8.331056640625000000e+03 1.487110233306884766e+01 0.000000000000000000e+00
8.332972656250000000e+03 1.499657535552978516e+01 0.000000000000000000e+00
8.334889648437500000e+03 1.551119327545166016e+01 0.000000000000000000e+00
8.336811523437500000e+03 1.491640949249267578e+01 0.000000000000000000e+00
8.338729492187500000e+03 1.549528598785400391e+01 0.000000000000000000e+00
8.340652343750000000e+03 1.534953403472900391e+01 0.000000000000000000e+00
8.342571289062500000e+03 1.362876796722412109e+01 0.000000000000000000e+00
8.344495117187500000e+03 1.299257183074951172e+01 0.000000000000000000e+00
8.346415039062500000e+03 1.475220012664794922e+01 0.000000000000000000e+00
8.348334960937500000e+03 1.379365730285644531e+01 0.000000000000000000e+00
8.350259765625000000e+03 1.330630683898925781e+01 0.000000000000000000e+00
8.352180664062500000e+03 1.432667350769042969e+01 0.000000000000000000e+00
8.354107421875000000e+03 1.487053966522216797e+01 0.000000000000000000e+00
8.356029296875000000e+03 1.372608089447021484e+01 0.000000000000000000e+00
8.357956054687500000e+03 1.451767444610595703e+01 0.000000000000000000e+00
8.359878906250000000e+03 1.483860778808593750e+01 0.000000000000000000e+00
8.361801757812500000e+03 1.454530715942382812e+01 0.000000000000000000e+00
8.363729492187500000e+03 1.450887584686279297e+01 0.000000000000000000e+00
8.365654296875000000e+03 1.478054904937744141e+01 0.000000000000000000e+00
8.367583007812500000e+03 1.474029541015625000e+01 0.000000000000000000e+00
8.369507812500000000e+03 1.473856639862060547e+01 0.000000000000000000e+00
8.371437500000000000e+03 1.404332447052001953e+01 0.000000000000000000e+00
8.373364257812500000e+03 1.431225967407226562e+01 0.000000000000000000e+00
8.375290039062500000e+03 1.457874488830566406e+01 0.000000000000000000e+00
8.377221679687500000e+03 1.420628261566162109e+01 0.000000000000000000e+00
8.379148437500000000e+03 1.411608505249023438e+01 0.000000000000000000e+00
8.381081054687500000e+03 1.434391212463378906e+01 0.000000000000000000e+00
8.383008789062500000e+03 1.479017066955566406e+01 0.000000000000000000e+00
8.384942382812500000e+03 1.415387153625488281e+01 0.000000000000000000e+00
8.386871093750000000e+03 1.346766281127929688e+01 0.000000000000000000e+00
8.388804687500000000e+03 1.364609146118164062e+01 0.000000000000000000e+00
8.390734375000000000e+03 1.400789260864257812e+01 0.000000000000000000e+00
8.392665039062500000e+03 1.372198677062988281e+01 0.000000000000000000e+00
8.394600585937500000e+03 1.425197601318359375e+01 0.000000000000000000e+00
8.396531250000000000e+03 1.354752254486083984e+01 0.000000000000000000e+00
8.398467773437500000e+03 1.388598823547363281e+01 0.000000000000000000e+00
8.400399414062500000e+03 1.491631031036376953e+01 0.000000000000000000e+00
8.402336914062500000e+03 1.352054309844970703e+01 0.000000000000000000e+00
8.404269531250000000e+03 1.316359996795654297e+01 0.000000000000000000e+00
8.406203125000000000e+03 1.350501346588134766e+01 0.000000000000000000e+00
8.408141601562500000e+03 1.352912330627441406e+01 0.000000000000000000e+00
8.410076171875000000e+03 1.349668788909912109e+01 0.000000000000000000e+00
8.412015625000000000e+03 1.355512905120849609e+01 0.000000000000000000e+00
8.413950195312500000e+03 1.353487396240234375e+01 0.000000000000000000e+00
8.415890625000000000e+03 1.407586669921875000e+01 0.000000000000000000e+00
8.417827148437500000e+03 1.333673095703125000e+01 0.000000000000000000e+00
8.419763671875000000e+03 1.344965362548828125e+01 0.000000000000000000e+00
8.421705078125000000e+03 1.377843952178955078e+01 0.000000000000000000e+00
8.423642578125000000e+03 1.366808319091796875e+01 0.000000000000000000e+00
8.425584960937500000e+03 1.382337760925292969e+01 0.000000000000000000e+00
8.427523437500000000e+03 1.381741428375244141e+01 0.000000000000000000e+00
8.429466796875000000e+03 1.322019863128662109e+01 0.000000000000000000e+00
8.431405273437500000e+03 1.431872272491455078e+01 0.000000000000000000e+00
8.433345703125000000e+03 1.408224964141845703e+01 0.000000000000000000e+00
8.435290039062500000e+03 1.258436679840087891e+01 0.000000000000000000e+00
8.437230468750000000e+03 1.348727416992187500e+01 0.000000000000000000e+00
8.439175781250000000e+03 1.347672557830810547e+01 0.000000000000000000e+00
8.441117187500000000e+03 1.308002853393554688e+01 0.000000000000000000e+00
8.443064453125000000e+03 1.353095626831054688e+01 0.000000000000000000e+00
8.445005859375000000e+03 1.380301666259765625e+01 0.000000000000000000e+00
8.446949218750000000e+03 1.346558189392089844e+01 0.000000000000000000e+00
8.448896484375000000e+03 1.356188297271728516e+01 0.000000000000000000e+00
8.450840820312500000e+03 1.399338722229003906e+01 0.000000000000000000e+00
8.452789062500000000e+03 1.380986785888671875e+01 0.000000000000000000e+00
8.454734375000000000e+03 1.311305618286132812e+01 0.000000000000000000e+00
8.456683593750000000e+03 1.280959510803222656e+01 0.000000000000000000e+00
8.458628906250000000e+03 1.311280155181884766e+01 0.000000000000000000e+00
8.460575195312500000e+03 1.335927581787109375e+01 0.000000000000000000e+00
8.462525390625000000e+03 1.332939243316650391e+01 0.000000000000000000e+00
8.464472656250000000e+03 1.254539871215820312e+01 0.000000000000000000e+00
8.466424804687500000e+03 1.299613475799560547e+01 0.000000000000000000e+00
8.468372070312500000e+03 1.329419231414794922e+01 0.000000000000000000e+00
8.470325195312500000e+03 1.288871479034423828e+01 0.000000000000000000e+00
8.472273437500000000e+03 1.312827205657958984e+01 0.000000000000000000e+00
8.474222656250000000e+03 1.296402168273925781e+01 0.000000000000000000e+00
8.476176757812500000e+03 1.315870094299316406e+01 0.000000000000000000e+00
8.478126953125000000e+03 1.311473846435546875e+01 0.000000000000000000e+00
8.480082031250000000e+03 1.308615589141845703e+01 0.000000000000000000e+00
8.482032226562500000e+03 1.315338325500488281e+01 0.000000000000000000e+00
8.483988281250000000e+03 1.285670375823974609e+01 0.000000000000000000e+00
8.485940429687500000e+03 1.255303001403808594e+01 0.000000000000000000e+00
8.487892578125000000e+03 1.327379703521728516e+01 0.000000000000000000e+00
8.489849609375000000e+03 1.305328369140625000e+01 0.000000000000000000e+00
8.491802734375000000e+03 1.266879272460937500e+01 0.000000000000000000e+00
8.493760742187500000e+03 1.297760677337646484e+01 0.000000000000000000e+00
8.495714843750000000e+03 1.325636100769042969e+01 0.000000000000000000e+00
8.497673828125000000e+03 1.313547992706298828e+01 0.000000000000000000e+00
8.499628906250000000e+03 1.347240447998046875e+01 0.000000000000000000e+00
8.501583984375000000e+03 1.298644256591796875e+01 0.000000000000000000e+00
8.503544921875000000e+03 1.260314559936523438e+01 0.000000000000000000e+00
8.505500976562500000e+03 1.297546768188476562e+01 0.000000000000000000e+00
8.507461914062500000e+03 1.310717582702636719e+01 0.000000000000000000e+00
8.509419921875000000e+03 1.252573585510253906e+01 0.000000000000000000e+00
8.511381835937500000e+03 1.320289325714111328e+01 0.000000000000000000e+00
8.513339843750000000e+03 1.309172153472900391e+01 0.000000000000000000e+00
8.515297851562500000e+03 1.256151580810546875e+01 0.000000000000000000e+00
8.517261718750000000e+03 1.254988765716552734e+01 0.000000000000000000e+00
8.519221679687500000e+03 1.276464653015136719e+01 0.000000000000000000e+00
8.521185546875000000e+03 1.260053634643554688e+01 0.000000000000000000e+00
8.523146484375000000e+03 1.253029823303222656e+01 0.000000000000000000e+00
8.525111328125000000e+03 1.299064350128173828e+01 0.000000000000000000e+00
8.527072265625000000e+03 1.277893352508544922e+01 0.000000000000000000e+00
8.529034179687500000e+03 1.237025737762451172e+01 0.000000000000000000e+00
8.531000976562500000e+03 1.324927234649658203e+01 0.000000000000000000e+00
8.532963867187500000e+03 1.279557323455810547e+01 0.000000000000000000e+00
8.534931640625000000e+03 1.244554233551025391e+01 0.000000000000000000e+00
8.536894531250000000e+03 1.225161838531494141e+01 0.000000000000000000e+00
8.538863281250000000e+03 1.216444492340087891e+01 0.000000000000000000e+00
8.540828125000000000e+03 1.214437961578369141e+01 0.000000000000000000e+00
8.542796875000000000e+03 1.207209300994873047e+01 0.000000000000000000e+00
8.544762695312500000e+03 1.203652381896972656e+01 0.000000000000000000e+00
8.546728515625000000e+03 1.252983474731445312e+01 0.000000000000000000e+00
8.548699218750000000e+03 1.270947551727294922e+01 0.000000000000000000e+00
8.550666015625000000e+03 1.288743209838867188e+01 0.000000000000000000e+00
8.552637695312500000e+03 1.298285675048828125e+01 0.000000000000000000e+00
8.554604492187500000e+03 1.250619792938232422e+01 0.000000000000000000e+00
8.556577148437500000e+03 1.278375434875488281e+01 0.000000000000000000e+00
8.558545898437500000e+03 1.284771251678466797e+01 0.000000000000000000e+00
8.560514648437500000e+03 1.250014972686767578e+01 0.000000000000000000e+00
8.562489257812500000e+03 1.234292030334472656e+01 0.000000000000000000e+00
8.564458984375000000e+03 1.244916820526123047e+01 0.000000000000000000e+00
8.566433593750000000e+03 1.236591529846191406e+01 0.000000000000000000e+00
8.568404296875000000e+03 1.255006980895996094e+01 0.000000000000000000e+00
8.570379882812500000e+03 1.249403381347656250e+01 0.000000000000000000e+00
8.572351562500000000e+03 1.256197547912597656e+01 0.000000000000000000e+00
8.574324218750000000e+03 1.270728397369384766e+01 0.000000000000000000e+00
8.576300781250000000e+03 1.246424674987792969e+01 0.000000000000000000e+00
8.578274414062500000e+03 1.201813507080078125e+01 0.000000000000000000e+00
8.580251953125000000e+03 1.301454257965087891e+01 0.000000000000000000e+00
8.582225585937500000e+03 1.260579586029052734e+01 0.000000000000000000e+00
8.584205078125000000e+03 1.227340698242187500e+01 0.000000000000000000e+00
8.586179687500000000e+03 1.227046680450439453e+01 0.000000000000000000e+00
8.588155273437500000e+03 1.260131835937500000e+01 0.000000000000000000e+00
8.590135742187500000e+03 1.330373001098632812e+01 0.000000000000000000e+00
8.592111328125000000e+03 1.257193279266357422e+01 0.000000000000000000e+00
8.594092773437500000e+03 1.192936706542968750e+01 0.000000000000000000e+00
8.596070312500000000e+03 1.249466896057128906e+01 0.000000000000000000e+00
8.598052734375000000e+03 1.260163879394531250e+01 0.000000000000000000e+00
8.600030273437500000e+03 1.227362155914306641e+01 0.000000000000000000e+00
8.602008789062500000e+03 1.308845520019531250e+01 0.000000000000000000e+00
8.603992187500000000e+03 1.248497772216796875e+01 0.000000000000000000e+00
8.605971679687500000e+03 1.269567966461181641e+01 0.000000000000000000e+00
8.607956054687500000e+03 1.265246677398681641e+01 0.000000000000000000e+00
8.609936523437500000e+03 1.258670997619628906e+01 0.000000000000000000e+00
8.611921875000000000e+03 1.262114524841308594e+01 0.000000000000000000e+00
8.613903320312500000e+03 1.225172424316406250e+01 0.000000000000000000e+00
8.615884765625000000e+03 1.239317417144775391e+01 0.000000000000000000e+00
8.617871093750000000e+03 1.215382099151611328e+01 0.000000000000000000e+00
8.619853515625000000e+03 1.211440658569335938e+01 0.000000000000000000e+00
8.621841796875000000e+03 1.252777099609375000e+01 0.000000000000000000e+00
8.623825195312500000e+03 1.302991676330566406e+01 0.000000000000000000e+00
8.625813476562500000e+03 1.310749244689941406e+01 0.000000000000000000e+00
8.627797851562500000e+03 1.291109085083007812e+01 0.000000000000000000e+00
8.629783203125000000e+03 1.291133308410644531e+01 0.000000000000000000e+00
8.631772460937500000e+03 1.213790607452392578e+01 0.000000000000000000e+00
8.633758789062500000e+03 1.169075202941894531e+01 0.000000000000000000e+00
8.635750000000000000e+03 1.223305511474609375e+01 0.000000000000000000e+00
8.637736328125000000e+03 1.266251850128173828e+01 0.000000000000000000e+00
8.639728515625000000e+03 1.232119750976562500e+01 0.000000000000000000e+00
8.641715820312500000e+03 1.260716629028320312e+01 0.000000000000000000e+00
8.643704101562500000e+03 1.278560829162597656e+01 0.000000000000000000e+00
8.645697265625000000e+03 1.286640357971191406e+01 0.000000000000000000e+00
8.647685546875000000e+03 1.280935382843017578e+01 0.000000000000000000e+00
8.649679687500000000e+03 1.245660877227783203e+01 0.000000000000000000e+00
8.651669921875000000e+03 1.291145515441894531e+01 0.000000000000000000e+00
8.653665039062500000e+03 1.260915565490722656e+01 0.000000000000000000e+00
8.655655273437500000e+03 1.298365592956542969e+01 0.000000000000000000e+00
8.657646484375000000e+03 1.278265953063964844e+01 0.000000000000000000e+00
8.659643554687500000e+03 1.212595081329345703e+01 0.000000000000000000e+00
8.661635742187500000e+03 1.283495616912841797e+01 0.000000000000000000e+00
8.663632812500000000e+03 1.251051425933837891e+01 0.000000000000000000e+00
8.665625976562500000e+03 1.268484973907470703e+01 0.000000000000000000e+00
8.667624023437500000e+03 1.295510101318359375e+01 0.000000000000000000e+00
8.669618164062500000e+03 1.287336826324462891e+01 0.000000000000000000e+00
8.671612304687500000e+03 1.285411453247070312e+01 0.000000000000000000e+00
8.673612304687500000e+03 1.330170345306396484e+01 0.000000000000000000e+00
8.675607421875000000e+03 1.284316158294677734e+01 0.000000000000000000e+00
8.677608398437500000e+03 1.256899547576904297e+01 0.000000000000000000e+00
8.679604492187500000e+03 1.193049621582031250e+01 0.000000000000000000e+00
8.681605468750000000e+03 1.197091674804687500e+01 0.000000000000000000e+00
8.683602539062500000e+03 1.243018341064453125e+01 0.000000000000000000e+00
8.685600585937500000e+03 1.187648773193359375e+01 0.000000000000000000e+00
8.687603515625000000e+03 1.238776588439941406e+01 0.000000000000000000e+00
8.689602539062500000e+03 1.240361213684082031e+01 0.000000000000000000e+00
8.691605468750000000e+03 1.251321983337402344e+01 0.000000000000000000e+00
8.693605468750000000e+03 1.280118656158447266e+01 0.000000000000000000e+00
8.695610351562500000e+03 1.275049686431884766e+01 0.000000000000000000e+00
8.697610351562500000e+03 1.221893024444580078e+01 0.000000000000000000e+00
8.699616210937500000e+03 1.233113574981689453e+01 0.000000000000000000e+00
8.701617187500000000e+03 1.297688770294189453e+01 0.000000000000000000e+00
8.703619140625000000e+03 1.291394805908203125e+01 0.000000000000000000e+00
8.705625976562500000e+03 1.274999618530273438e+01 0.000000000000000000e+00
8.707628906250000000e+03 1.286887454986572266e+01 0.000000000000000000e+00
8.709636718750000000e+03 1.257578849792480469e+01 0.000000000000000000e+00
8.711640625000000000e+03 1.220264625549316406e+01 0.000000000000000000e+00
8.713649414062500000e+03 1.259763717651367188e+01 0.000000000000000000e+00
8.715654296875000000e+03 1.301373767852783203e+01 0.000000000000000000e+00
8.717659179687500000e+03 1.301487255096435547e+01 0.000000000000000000e+00
8.719669921875000000e+03 1.273254489898681641e+01 0.000000000000000000e+00
8.721675781250000000e+03 1.263991355895996094e+01 0.000000000000000000e+00
8.723686523437500000e+03 1.304779815673828125e+01 0.000000000000000000e+00
8.725693359375000000e+03 1.265259552001953125e+01 0.000000000000000000e+00
8.727706054687500000e+03 1.250897407531738281e+01 0.000000000000000000e+00
8.729712890625000000e+03 1.262215042114257812e+01 0.000000000000000000e+00
8.731721679687500000e+03 1.260872364044189453e+01 0.000000000000000000e+00
8.733735351562500000e+03 1.248195838928222656e+01 0.000000000000000000e+00
8.735744140625000000e+03 1.225820064544677734e+01 0.000000000000000000e+00
8.737758789062500000e+03 1.248391819000244141e+01 0.000000000000000000e+00
8.739768554687500000e+03 1.251444053649902344e+01 0.000000000000000000e+00
8.741784179687500000e+03 1.262129116058349609e+01 0.000000000000000000e+00
8.743794921875000000e+03 1.293062591552734375e+01 0.000000000000000000e+00
8.745806640625000000e+03 1.293275451660156250e+01 0.000000000000000000e+00
8.747823242187500000e+03 1.275088882446289062e+01 0.000000000000000000e+00
8.749835937500000000e+03 1.277558517456054688e+01 0.000000000000000000e+00
8.751853515625000000e+03 1.320578098297119141e+01 0.000000000000000000e+00
8.753867187500000000e+03 1.316554546356201172e+01 0.000000000000000000e+00
8.755885742187500000e+03 1.239415645599365234e+01 0.000000000000000000e+00
8.757900390625000000e+03 1.166669654846191406e+01 0.000000000000000000e+00
8.759915039062500000e+03 1.149617671966552734e+01 0.000000000000000000e+00
8.761934570312500000e+03 1.519061279296875000e+01 0.000000000000000000e+00
8.763950195312500000e+03 1.433567237854003906e+01 0.000000000000000000e+00
8.765971679687500000e+03 1.256654453277587891e+01 0.000000000000000000e+00
8.767988281250000000e+03 1.339836120605468750e+01 0.000000000000000000e+00
8.770009765625000000e+03 1.341232109069824219e+01 0.000000000000000000e+00
8.772027343750000000e+03 1.318233966827392578e+01 0.000000000000000000e+00
8.774044921875000000e+03 1.219686698913574219e+01 0.000000000000000000e+00
8.776068359375000000e+03 1.163387680053710938e+01 0.000000000000000000e+00
8.778087890625000000e+03 1.221604061126708984e+01 0.000000000000000000e+00
8.780111328125000000e+03 1.283648967742919922e+01 0.000000000000000000e+00
8.782131835937500000e+03 1.206907272338867188e+01 0.000000000000000000e+00
8.784156250000000000e+03 1.211814403533935547e+01 0.000000000000000000e+00
8.786177734375000000e+03 1.233333873748779297e+01 0.000000000000000000e+00
8.788199218750000000e+03 1.186266040802001953e+01 0.000000000000000000e+00
8.790225585937500000e+03 1.189288902282714844e+01 0.000000000000000000e+00
8.792247070312500000e+03 1.229984951019287109e+01 0.000000000000000000e+00
8.794275390625000000e+03 1.155923080444335938e+01 0.000000000000000000e+00
8.796297851562500000e+03 1.161825370788574219e+01 0.000000000000000000e+00
8.798326171875000000e+03 1.205566024780273438e+01 0.000000000000000000e+00
8.800350585937500000e+03 1.229983806610107422e+01 0.000000000000000000e+00
8.802375000000000000e+03 1.220052337646484375e+01 0.000000000000000000e+00
8.804405273437500000e+03 1.205649185180664062e+01 0.000000000000000000e+00
8.806430664062500000e+03 1.217694568634033203e+01 0.000000000000000000e+00
8.808460937500000000e+03 1.213427639007568359e+01 0.000000000000000000e+00
8.810487304687500000e+03 1.227515220642089844e+01 0.000000000000000000e+00
8.812519531250000000e+03 1.203699493408203125e+01 0.000000000000000000e+00
8.814545898437500000e+03 1.196025943756103516e+01 0.000000000000000000e+00
8.816574218750000000e+03 1.218693256378173828e+01 0.000000000000000000e+00
8.818607421875000000e+03 1.198154258728027344e+01 0.000000000000000000e+00
8.820635742187500000e+03 1.173129177093505859e+01 0.000000000000000000e+00
8.822669921875000000e+03 1.204949283599853516e+01 0.000000000000000000e+00
8.824699218750000000e+03 1.197267913818359375e+01 0.000000000000000000e+00
8.826734375000000000e+03 1.164833164215087891e+01 0.000000000000000000e+00
8.828764648437500000e+03 1.138758373260498047e+01 0.000000000000000000e+00
8.830795898437500000e+03 1.097561359405517578e+01 0.000000000000000000e+00
8.832833007812500000e+03 1.063793373107910156e+01 0.000000000000000000e+00
8.834864257812500000e+03 1.113938713073730469e+01 0.000000000000000000e+00
8.836901367187500000e+03 1.265145015716552734e+01 0.000000000000000000e+00
8.838934570312500000e+03 1.249735355377197266e+01 0.000000000000000000e+00
8.840972656250000000e+03 1.100169563293457031e+01 0.000000000000000000e+00
8.843006835937500000e+03 1.157852745056152344e+01 0.000000000000000000e+00
8.845041015625000000e+03 1.174197864532470703e+01 0.000000000000000000e+00
8.847081054687500000e+03 1.134605216979980469e+01 0.000000000000000000e+00
8.849116210937500000e+03 1.154847717285156250e+01 0.000000000000000000e+00
8.851156250000000000e+03 1.196739482879638672e+01 0.000000000000000000e+00
8.853192382812500000e+03 1.182207870483398438e+01 0.000000000000000000e+00
8.855234375000000000e+03 1.129351902008056641e+01 0.000000000000000000e+00
8.857271484375000000e+03 1.142011356353759766e+01 0.000000000000000000e+00
8.859314453125000000e+03 1.119810295104980469e+01 0.000000000000000000e+00
8.861351562500000000e+03 1.159646511077880859e+01 0.000000000000000000e+00
8.863390625000000000e+03 1.139947700500488281e+01 0.000000000000000000e+00
8.865434570312500000e+03 1.070634460449218750e+01 0.000000000000000000e+00
8.867473632812500000e+03 1.145021247863769531e+01 0.000000000000000000e+00
8.869518554687500000e+03 1.189237308502197266e+01 0.000000000000000000e+00
8.871559570312500000e+03 1.187504482269287109e+01 0.000000000000000000e+00
8.873604492187500000e+03 1.135403633117675781e+01 0.000000000000000000e+00
8.875646484375000000e+03 1.126816368103027344e+01 0.000000000000000000e+00
8.877688476562500000e+03 1.152147769927978516e+01 0.000000000000000000e+00
8.879735351562500000e+03 1.114399337768554688e+01 0.000000000000000000e+00
8.881778320312500000e+03 1.137127208709716797e+01 0.000000000000000000e+00
8.883826171875000000e+03 9.571409225463867188e+00 0.000000000000000000e+00
8.885870117187500000e+03 1.004631233215332031e+01 0.000000000000000000e+00
8.887918945312500000e+03 1.216479206085205078e+01 0.000000000000000000e+00
8.889963867187500000e+03 1.248946666717529297e+01 0.000000000000000000e+00
8.892008789062500000e+03 1.035475826263427734e+01 0.000000000000000000e+00
8.894059570312500000e+03 1.087431907653808594e+01 0.000000000000000000e+00
8.896105468750000000e+03 1.160233783721923828e+01 0.000000000000000000e+00
8.898156250000000000e+03 1.095475006103515625e+01 0.000000000000000000e+00
8.900204101562500000e+03 1.077275371551513672e+01 0.000000000000000000e+00
8.902255859375000000e+03 1.136593723297119141e+01 0.000000000000000000e+00
8.904303710937500000e+03 1.090734863281250000e+01 0.000000000000000000e+00
8.906352539062500000e+03 1.151606082916259766e+01 0.000000000000000000e+00
8.908406250000000000e+03 1.100399017333984375e+01 0.000000000000000000e+00
8.910456054687500000e+03 1.055556201934814453e+01 0.000000000000000000e+00
8.912510742187500000e+03 1.077562236785888672e+01 0.000000000000000000e+00
8.914560546875000000e+03 1.128289222717285156e+01 0.000000000000000000e+00
8.916616210937500000e+03 1.104171943664550781e+01 0.000000000000000000e+00
8.918667968750000000e+03 9.387066841125488281e+00 0.000000000000000000e+00
8.920719726562500000e+03 1.274730587005615234e+01 0.000000000000000000e+00
8.922776367187500000e+03 1.234477806091308594e+01 0.000000000000000000e+00
8.924829101562500000e+03 1.031484699249267578e+01 0.000000000000000000e+00
8.926886718750000000e+03 1.069592475891113281e+01 0.000000000000000000e+00
8.928940429687500000e+03 1.131091022491455078e+01 0.000000000000000000e+00
8.931000000000000000e+03 1.082044315338134766e+01 0.000000000000000000e+00
8.933054687500000000e+03 1.097898483276367188e+01 0.000000000000000000e+00
8.935109375000000000e+03 1.100159454345703125e+01 0.000000000000000000e+00
8.937169921875000000e+03 1.084624767303466797e+01 0.000000000000000000e+00
8.939225585937500000e+03 1.086047840118408203e+01 0.000000000000000000e+00
8.941287109375000000e+03 1.097780704498291016e+01 0.000000000000000000e+00
8.943343750000000000e+03 1.102486038208007812e+01 0.000000000000000000e+00
8.945406250000000000e+03 1.125527095794677734e+01 0.000000000000000000e+00
8.947463867187500000e+03 1.090084171295166016e+01 0.000000000000000000e+00
8.949522460937500000e+03 1.068627452850341797e+01 0.000000000000000000e+00
8.951585937500000000e+03 1.097725391387939453e+01 0.000000000000000000e+00
8.953645507812500000e+03 1.086178112030029297e+01 0.000000000000000000e+00
8.955709960937500000e+03 1.022126197814941406e+01 0.000000000000000000e+00
8.957770507812500000e+03 9.947916984558105469e+00 0.000000000000000000e+00
8.959835937500000000e+03 1.131647491455078125e+01 0.000000000000000000e+00
8.961897460937500000e+03 1.126836395263671875e+01 0.000000000000000000e+00
8.963958984375000000e+03 9.853480339050292969e+00 0.000000000000000000e+00
8.966026367187500000e+03 1.092643737792968750e+01 0.000000000000000000e+00
8.968088867187500000e+03 1.091594028472900391e+01 0.000000000000000000e+00
8.970157226562500000e+03 1.120444679260253906e+01 0.000000000000000000e+00
8.972220703125000000e+03 1.111328220367431641e+01 0.000000000000000000e+00
8.974289062500000000e+03 1.087461948394775391e+01 0.000000000000000000e+00
8.976353515625000000e+03 1.084489917755126953e+01 0.000000000000000000e+00
8.978418945312500000e+03 1.084394741058349609e+01 0.000000000000000000e+00
8.980489257812500000e+03 1.118151283264160156e+01 0.000000000000000000e+00
8.982555664062500000e+03 1.124104881286621094e+01 0.000000000000000000e+00
8.984626953125000000e+03 1.092535495758056641e+01 0.000000000000000000e+00
8.986693359375000000e+03 1.070939064025878906e+01 0.000000000000000000e+00
8.988765625000000000e+03 1.103646183013916016e+01 0.000000000000000000e+00
8.990833984375000000e+03 1.143268013000488281e+01 0.000000000000000000e+00
8.992902343750000000e+03 1.033546924591064453e+01 0.000000000000000000e+00
8.994975585937500000e+03 1.068390846252441406e+01 0.000000000000000000e+00
8.997044921875000000e+03 1.204165649414062500e+01 0.000000000000000000e+00
8.999120117187500000e+03 1.214783763885498047e+01 0.000000000000000000e+00
9.001190429687500000e+03 1.120985698699951172e+01 0.000000000000000000e+00
9.003265625000000000e+03 1.149720382690429688e+01 0.000000000000000000e+00
9.005336914062500000e+03 1.087406063079833984e+01 0.000000000000000000e+00
9.007408203125000000e+03 1.024672698974609375e+01 0.000000000000000000e+00
9.009485351562500000e+03 1.061241626739501953e+01 0.000000000000000000e+00
9.011558593750000000e+03 1.087648391723632812e+01 0.000000000000000000e+00
9.013635742187500000e+03 1.059625720977783203e+01 0.000000000000000000e+00
9.015709960937500000e+03 1.064477634429931641e+01 0.000000000000000000e+00
9.017789062500000000e+03 1.004036045074462891e+01 0.000000000000000000e+00
9.019863281250000000e+03 1.038807296752929688e+01 0.000000000000000000e+00
9.021943359375000000e+03 1.090524387359619141e+01 0.000000000000000000e+00
9.024018554687500000e+03 1.048536396026611328e+01 0.000000000000000000e+00
9.026094726562500000e+03 9.791704177856445312e+00 0.000000000000000000e+00
9.028175781250000000e+03 1.042339801788330078e+01 0.000000000000000000e+00
9.030252929687500000e+03 1.079255104064941406e+01 0.000000000000000000e+00
9.032334960937500000e+03 1.077623939514160156e+01 0.000000000000000000e+00
9.034413085937500000e+03 1.106194114685058594e+01 0.000000000000000000e+00
9.036497070312500000e+03 1.090616703033447266e+01 0.000000000000000000e+00
9.038575195312500000e+03 1.054391098022460938e+01 0.000000000000000000e+00
9.040654296875000000e+03 1.114116859436035156e+01 0.000000000000000000e+00
9.042739257812500000e+03 1.057810878753662109e+01 0.000000000000000000e+00
9.044819335937500000e+03 1.065896415710449219e+01 0.000000000000000000e+00
9.046905273437500000e+03 1.061032867431640625e+01 0.000000000000000000e+00
9.048986328125000000e+03 1.064769935607910156e+01 0.000000000000000000e+00
9.051073242187500000e+03 1.102957725524902344e+01 0.000000000000000000e+00
9.053155273437500000e+03 1.103029441833496094e+01 0.000000000000000000e+00
9.055238281250000000e+03 1.034422874450683594e+01 0.000000000000000000e+00
9.057326171875000000e+03 1.089290618896484375e+01 0.000000000000000000e+00
9.059410156250000000e+03 1.088285827636718750e+01 0.000000000000000000e+00
9.061499023437500000e+03 1.064232254028320312e+01 0.000000000000000000e+00
9.063583984375000000e+03 1.100717830657958984e+01 0.000000000000000000e+00
9.065673828125000000e+03 1.141719722747802734e+01 0.000000000000000000e+00
9.067758789062500000e+03 1.116756725311279297e+01 0.000000000000000000e+00
9.069845703125000000e+03 1.093583106994628906e+01 0.000000000000000000e+00
9.071936523437500000e+03 1.106533241271972656e+01 0.000000000000000000e+00
9.074023437500000000e+03 1.098148822784423828e+01 0.000000000000000000e+00
9.076116210937500000e+03 1.073827457427978516e+01 0.000000000000000000e+00
9.078204101562500000e+03 1.099777507781982422e+01 0.000000000000000000e+00
9.080297851562500000e+03 1.068014430999755859e+01 0.000000000000000000e+00
9.082386718750000000e+03 1.112234210968017578e+01 0.000000000000000000e+00
9.084475585937500000e+03 1.119620800018310547e+01 0.000000000000000000e+00
9.086570312500000000e+03 1.082808113098144531e+01 0.000000000000000000e+00
9.088661132812500000e+03 1.081888294219970703e+01 0.000000000000000000e+00
9.090756835937500000e+03 1.137224292755126953e+01 0.000000000000000000e+00
9.092848632812500000e+03 1.103907871246337891e+01 0.000000000000000000e+00
9.094945312500000000e+03 1.044336891174316406e+01 0.000000000000000000e+00
9.097037109375000000e+03 1.039943313598632812e+01 0.000000000000000000e+00
9.099129882812500000e+03 1.063129901885986328e+01 0.000000000000000000e+00
9.101228515625000000e+03 1.088587856292724609e+01 0.000000000000000000e+00
9.103322265625000000e+03 1.127294158935546875e+01 0.000000000000000000e+00
9.105420898437500000e+03 1.100528621673583984e+01 0.000000000000000000e+00
9.107515625000000000e+03 1.059857368469238281e+01 0.000000000000000000e+00
9.109616210937500000e+03 1.081901645660400391e+01 0.000000000000000000e+00
9.111711914062500000e+03 1.105989837646484375e+01 0.000000000000000000e+00
9.113807617187500000e+03 1.112482643127441406e+01 0.000000000000000000e+00
9.115909179687500000e+03 1.151921176910400391e+01 0.000000000000000000e+00
9.118006835937500000e+03 1.094569015502929688e+01 0.000000000000000000e+00
9.120109375000000000e+03 1.061080551147460938e+01 0.000000000000000000e+00
9.122207031250000000e+03 1.075788116455078125e+01 0.000000000000000000e+00
9.124310546875000000e+03 1.080229854583740234e+01 0.000000000000000000e+00
9.126410156250000000e+03 1.061249637603759766e+01 0.000000000000000000e+00
9.128509765625000000e+03 1.076344013214111328e+01 0.000000000000000000e+00
9.130614257812500000e+03 1.105731105804443359e+01 0.000000000000000000e+00
9.132714843750000000e+03 1.090673255920410156e+01 0.000000000000000000e+00
9.134821289062500000e+03 1.084269046783447266e+01 0.000000000000000000e+00
9.136921875000000000e+03 1.078963661193847656e+01 0.000000000000000000e+00
9.139029296875000000e+03 1.064736557006835938e+01 0.000000000000000000e+00
9.141131835937500000e+03 1.068227195739746094e+01 0.000000000000000000e+00
9.143234375000000000e+03 1.068328189849853516e+01 0.000000000000000000e+00
9.145342773437500000e+03 1.076798725128173828e+01 0.000000000000000000e+00
9.147447265625000000e+03 1.100293922424316406e+01 0.000000000000000000e+00
9.149556640625000000e+03 1.076433563232421875e+01 0.000000000000000000e+00
9.151661132812500000e+03 1.030670833587646484e+01 0.000000000000000000e+00
9.153771484375000000e+03 1.061858558654785156e+01 0.000000000000000000e+00
9.155876953125000000e+03 1.039669609069824219e+01 0.000000000000000000e+00
9.157983398437500000e+03 1.032161712646484375e+01 0.000000000000000000e+00
9.160095703125000000e+03 1.050866222381591797e+01 0.000000000000000000e+00
9.162203125000000000e+03 1.080191326141357422e+01 0.000000000000000000e+00
9.164315429687500000e+03 1.098839187622070312e+01 0.000000000000000000e+00
9.166423828125000000e+03 1.096084499359130859e+01 0.000000000000000000e+00
9.168537109375000000e+03 1.094949531555175781e+01 0.000000000000000000e+00
9.170646484375000000e+03 1.093289947509765625e+01 0.000000000000000000e+00
9.172761718750000000e+03 1.107985687255859375e+01 0.000000000000000000e+00
9.174871093750000000e+03 1.085941123962402344e+01 0.000000000000000000e+00
9.176982421875000000e+03 1.047461318969726562e+01 0.000000000000000000e+00
9.179098632812500000e+03 1.085502052307128906e+01 0.000000000000000000e+00
9.181209960937500000e+03 1.088885307312011719e+01 0.000000000000000000e+00
9.183327148437500000e+03 1.069655227661132812e+01 0.000000000000000000e+00
9.185439453125000000e+03 1.096124553680419922e+01 0.000000000000000000e+00
9.187557617187500000e+03 1.119362545013427734e+01 0.000000000000000000e+00
9.189671875000000000e+03 1.089309310913085938e+01 0.000000000000000000e+00
9.191785156250000000e+03 1.051161479949951172e+01 0.000000000000000000e+00
9.193905273437500000e+03 1.069204425811767578e+01 0.000000000000000000e+00
9.196020507812500000e+03 1.092843914031982422e+01 0.000000000000000000e+00
9.198140625000000000e+03 1.102113628387451172e+01 0.000000000000000000e+00
9.200256835937500000e+03 1.077873706817626953e+01 0.000000000000000000e+00
9.202378906250000000e+03 1.062146949768066406e+01 0.000000000000000000e+00
9.204495117187500000e+03 1.117414379119873047e+01 0.000000000000000000e+00
9.206613281250000000e+03 1.119640827178955078e+01 0.000000000000000000e+00
9.208736328125000000e+03 1.065085506439208984e+01 0.000000000000000000e+00
9.210854492187500000e+03 1.062945938110351562e+01 0.000000000000000000e+00
9.212978515625000000e+03 1.105844974517822266e+01 0.000000000000000000e+00
9.215097656250000000e+03 1.110278320312500000e+01 0.000000000000000000e+00
9.217222656250000000e+03 1.045718383789062500e+01 0.000000000000000000e+00
9.219342773437500000e+03 1.048692417144775391e+01 0.000000000000000000e+00
9.221463867187500000e+03 1.131228065490722656e+01 0.000000000000000000e+00
9.223590820312500000e+03 1.106346702575683594e+01 0.000000000000000000e+00
9.225712890625000000e+03 1.088589096069335938e+01 0.000000000000000000e+00
9.227839843750000000e+03 1.139558506011962891e+01 0.000000000000000000e+00
9.229962890625000000e+03 1.105194664001464844e+01 0.000000000000000000e+00
9.232090820312500000e+03 1.086092948913574219e+01 0.000000000000000000e+00
9.234214843750000000e+03 1.101160812377929688e+01 0.000000000000000000e+00
9.236338867187500000e+03 1.091148853302001953e+01 0.000000000000000000e+00
9.238468750000000000e+03 1.104571247100830078e+01 0.000000000000000000e+00
9.240594726562500000e+03 1.133809280395507812e+01 0.000000000000000000e+00
9.242725585937500000e+03 1.082589054107666016e+01 0.000000000000000000e+00
9.244851562500000000e+03 1.056974506378173828e+01 0.000000000000000000e+00
9.246983398437500000e+03 1.073943901062011719e+01 0.000000000000000000e+00
9.249110351562500000e+03 1.072798728942871094e+01 0.000000000000000000e+00
9.251238281250000000e+03 1.053247165679931641e+01 0.000000000000000000e+00
9.253372070312500000e+03 1.057779884338378906e+01 0.000000000000000000e+00
9.255500976562500000e+03 1.100016212463378906e+01 0.000000000000000000e+00
9.257634765625000000e+03 1.106004714965820312e+01 0.000000000000000000e+00
9.259764648437500000e+03 1.106336498260498047e+01 0.000000000000000000e+00
9.261899414062500000e+03 1.093981075286865234e+01 0.000000000000000000e+00
9.264030273437500000e+03 1.074432086944580078e+01 0.000000000000000000e+00
9.266162109375000000e+03 1.074185848236083984e+01 0.000000000000000000e+00
9.268298828125000000e+03 1.097824954986572266e+01 0.000000000000000000e+00
9.270430664062500000e+03 1.068995666503906250e+01 0.000000000000000000e+00
9.272568359375000000e+03 1.068261051177978516e+01 0.000000000000000000e+00
9.274701171875000000e+03 1.094510269165039062e+01 0.000000000000000000e+00
9.276839843750000000e+03 1.109054279327392578e+01 0.000000000000000000e+00
9.278974609375000000e+03 1.087645626068115234e+01 0.000000000000000000e+00
9.281109375000000000e+03 1.064057636260986328e+01 0.000000000000000000e+00
9.283249023437500000e+03 1.127466011047363281e+01 0.000000000000000000e+00
9.285384765625000000e+03 1.131150817871093750e+01 0.000000000000000000e+00
9.287526367187500000e+03 1.105001735687255859e+01 0.000000000000000000e+00
9.289662109375000000e+03 1.097106456756591797e+01 0.000000000000000000e+00
9.291804687500000000e+03 1.106090831756591797e+01 0.000000000000000000e+00
9.293942382812500000e+03 1.102635955810546875e+01 0.000000000000000000e+00
9.296080078125000000e+03 1.108518886566162109e+01 0.000000000000000000e+00
9.298223632812500000e+03 1.134177780151367188e+01 0.000000000000000000e+00
9.300363281250000000e+03 1.081571483612060547e+01 0.000000000000000000e+00
9.302507812500000000e+03 1.048156547546386719e+01 0.000000000000000000e+00
9.304647460937500000e+03 1.085186290740966797e+01 0.000000000000000000e+00
9.306792968750000000e+03 1.115206623077392578e+01 0.000000000000000000e+00
9.308934570312500000e+03 1.225890922546386719e+01 0.000000000000000000e+00
9.311076171875000000e+03 8.811081886291503906e+00 0.000000000000000000e+00
9.313222656250000000e+03 1.087959098815917969e+01 0.000000000000000000e+00
9.315365234375000000e+03 1.281215667724609375e+01 0.000000000000000000e+00
9.317513671875000000e+03 9.894371986389160156e+00 0.000000000000000000e+00
9.319657226562500000e+03 9.772253036499023438e+00 0.000000000000000000e+00
9.321805664062500000e+03 1.162635517120361328e+01 0.000000000000000000e+00
9.323950195312500000e+03 1.183016014099121094e+01 0.000000000000000000e+00
9.326095703125000000e+03 1.246120738983154297e+01 0.000000000000000000e+00
9.328246093750000000e+03 1.179894542694091797e+01 0.000000000000000000e+00
9.330391601562500000e+03 1.029983997344970703e+01 0.000000000000000000e+00
9.332543945312500000e+03 1.180542659759521484e+01 0.000000000000000000e+00
9.334690429687500000e+03 1.107218265533447266e+01 0.000000000000000000e+00
9.336842773437500000e+03 9.492439270019531250e+00 0.000000000000000000e+00
9.338991210937500000e+03 1.007987022399902344e+01 0.000000000000000000e+00
9.341144531250000000e+03 1.181451511383056641e+01 0.000000000000000000e+00
9.343293945312500000e+03 1.172638416290283203e+01 0.000000000000000000e+00
9.345443359375000000e+03 9.582020759582519531e+00 0.000000000000000000e+00
9.347597656250000000e+03 1.108370304107666016e+01 0.000000000000000000e+00
9.349748046875000000e+03 1.108399105072021484e+01 0.000000000000000000e+00
9.351904296875000000e+03 1.077971076965332031e+01 0.000000000000000000e+00
9.354055664062500000e+03 1.093400955200195312e+01 0.000000000000000000e+00
9.356212890625000000e+03 1.102125835418701172e+01 0.000000000000000000e+00
9.358365234375000000e+03 1.090309047698974609e+01 0.000000000000000000e+00
9.360518554687500000e+03 1.176742267608642578e+01 0.000000000000000000e+00
9.362676757812500000e+03 1.235924053192138672e+01 0.000000000000000000e+00
9.364830078125000000e+03 1.103063297271728516e+01 0.000000000000000000e+00
9.366990234375000000e+03 1.039957332611083984e+01 0.000000000000000000e+00
9.369144531250000000e+03 1.125384426116943359e+01 0.000000000000000000e+00
9.371305664062500000e+03 1.063766384124755859e+01 0.000000000000000000e+00
9.373460937500000000e+03 1.041351509094238281e+01 0.000000000000000000e+00
9.375617187500000000e+03 7.782508373260498047e+00 0.000000000000000000e+00
9.377779296875000000e+03 1.255323410034179688e+01 0.000000000000000000e+00
9.379936523437500000e+03 1.351258754730224609e+01 0.000000000000000000e+00
9.382099609375000000e+03 7.785627365112304688e+00 0.000000000000000000e+00
9.384257812500000000e+03 1.113036727905273438e+01 0.000000000000000000e+00
9.386421875000000000e+03 1.043402099609375000e+01 0.000000000000000000e+00
9.388582031250000000e+03 1.076074028015136719e+01 0.000000000000000000e+00
9.390741210937500000e+03 1.171754169464111328e+01 0.000000000000000000e+00
9.392907226562500000e+03 1.167647457122802734e+01 0.000000000000000000e+00
9.395067382812500000e+03 1.088003826141357422e+01 0.000000000000000000e+00
9.397234375000000000e+03 1.087565994262695312e+01 0.000000000000000000e+00
9.399396484375000000e+03 1.076491069793701172e+01 0.000000000000000000e+00
9.401563476562500000e+03 1.091186141967773438e+01 0.000000000000000000e+00
9.403726562500000000e+03 1.164910793304443359e+01 0.000000000000000000e+00
9.405889648437500000e+03 1.148075675964355469e+01 0.000000000000000000e+00
9.408058593750000000e+03 1.074435806274414062e+01 0.000000000000000000e+00
9.410222656250000000e+03 1.161794757843017578e+01 0.000000000000000000e+00
9.412392578125000000e+03 1.094593429565429688e+01 0.000000000000000000e+00
9.414558593750000000e+03 1.133973217010498047e+01 0.000000000000000000e+00
9.416729492187500000e+03 1.088161659240722656e+01 0.000000000000000000e+00
9.418895507812500000e+03 1.028582191467285156e+01 0.000000000000000000e+00
9.421062500000000000e+03 1.052090644836425781e+01 0.000000000000000000e+00
9.423234375000000000e+03 1.052616500854492188e+01 0.000000000000000000e+00
9.425402343750000000e+03 1.063271045684814453e+01 0.000000000000000000e+00
9.427576171875000000e+03 1.131555747985839844e+01 0.000000000000000000e+00
9.429745117187500000e+03 1.113469600677490234e+01 0.000000000000000000e+00
9.431918945312500000e+03 1.082300662994384766e+01 0.000000000000000000e+00
9.434088867187500000e+03 1.151162433624267578e+01 0.000000000000000000e+00
9.436259765625000000e+03 1.176239109039306641e+01 0.000000000000000000e+00
9.438435546875000000e+03 8.470090866088867188e+00 0.000000000000000000e+00
9.440606445312500000e+03 1.238663387298583984e+01 0.000000000000000000e+00
9.442783203125000000e+03 1.246628856658935547e+01 0.000000000000000000e+00
9.444956054687500000e+03 1.018772697448730469e+01 0.000000000000000000e+00
9.447133789062500000e+03 1.063179874420166016e+01 0.000000000000000000e+00
9.449307617187500000e+03 1.099598979949951172e+01 0.000000000000000000e+00
9.451481445312500000e+03 1.052610778808593750e+01 0.000000000000000000e+00
9.453660156250000000e+03 1.150457286834716797e+01 0.000000000000000000e+00
9.455834960937500000e+03 1.096537971496582031e+01 0.000000000000000000e+00
9.458015625000000000e+03 1.054203510284423828e+01 0.000000000000000000e+00
9.460191406250000000e+03 1.185921669006347656e+01 0.000000000000000000e+00
9.462373046875000000e+03 1.220244312286376953e+01 0.000000000000000000e+00
9.464549804687500000e+03 1.006092262268066406e+01 0.000000000000000000e+00
9.466727539062500000e+03 1.126237773895263672e+01 0.000000000000000000e+00
9.468910156250000000e+03 1.068488502502441406e+01 0.000000000000000000e+00
9.471088867187500000e+03 1.025773048400878906e+01 0.000000000000000000e+00
9.473272460937500000e+03 1.170051574707031250e+01 0.000000000000000000e+00
9.475452148437500000e+03 1.156648635864257812e+01 0.000000000000000000e+00
9.477636718750000000e+03 1.289393138885498047e+01 0.000000000000000000e+00
9.479817382812500000e+03 9.647114753723144531e+00 0.000000000000000000e+00
9.481998046875000000e+03 6.841456890106201172e+00 0.000000000000000000e+00
9.484184570312500000e+03 8.204291343688964844e+00 0.000000000000000000e+00
9.486366210937500000e+03 1.122513866424560547e+01 0.000000000000000000e+00
9.488553710937500000e+03 1.093725109100341797e+01 0.000000000000000000e+00
9.490736328125000000e+03 1.123370170593261719e+01 0.000000000000000000e+00
9.492925781250000000e+03 1.094176959991455078e+01 0.000000000000000000e+00
9.495109375000000000e+03 1.052487945556640625e+01 0.000000000000000000e+00
9.497293945312500000e+03 1.034808349609375000e+01 0.000000000000000000e+00
9.499483398437500000e+03 1.056301212310791016e+01 0.000000000000000000e+00
9.501668945312500000e+03 1.159304428100585938e+01 0.000000000000000000e+00
9.503860351562500000e+03 1.337604808807373047e+01 0.000000000000000000e+00
9.506045898437500000e+03 1.081298828125000000e+01 0.000000000000000000e+00
9.508238281250000000e+03 9.484533309936523438e+00 0.000000000000000000e+00
9.510425781250000000e+03 1.001495742797851562e+01 0.000000000000000000e+00
9.512619140625000000e+03 1.059431171417236328e+01 0.000000000000000000e+00
9.514807617187500000e+03 1.120082187652587891e+01 0.000000000000000000e+00
9.516996093750000000e+03 1.051207637786865234e+01 0.000000000000000000e+00
9.519190429687500000e+03 1.175384044647216797e+01 0.000000000000000000e+00
9.521380859375000000e+03 9.760664939880371094e+00 0.000000000000000000e+00
9.523576171875000000e+03 7.860640048980712891e+00 0.000000000000000000e+00
9.525766601562500000e+03 9.683403968811035156e+00 0.000000000000000000e+00
9.527963867187500000e+03 1.145668888092041016e+01 0.000000000000000000e+00
9.530155273437500000e+03 1.072117519378662109e+01 0.000000000000000000e+00
9.532347656250000000e+03 1.070290851593017578e+01 0.000000000000000000e+00
9.534545898437500000e+03 1.095715236663818359e+01 0.000000000000000000e+00
9.536739257812500000e+03 1.086225128173828125e+01 0.000000000000000000e+00
9.538938476562500000e+03 1.060119438171386719e+01 0.000000000000000000e+00
9.541132812500000000e+03 1.058539772033691406e+01 0.000000000000000000e+00
9.543333007812500000e+03 1.051433181762695312e+01 0.000000000000000000e+00
9.545528320312500000e+03 1.029126739501953125e+01 0.000000000000000000e+00
9.547724609375000000e+03 1.077908515930175781e+01 0.000000000000000000e+00
9.549926757812500000e+03 1.091860866546630859e+01 0.000000000000000000e+00
9.552123046875000000e+03 1.074157524108886719e+01 0.000000000000000000e+00
9.554326171875000000e+03 1.185442066192626953e+01 0.000000000000000000e+00
9.556523437500000000e+03 1.134691524505615234e+01 0.000000000000000000e+00
9.558727539062500000e+03 1.055754661560058594e+01 0.000000000000000000e+00
9.560926757812500000e+03 1.086159420013427734e+01 0.000000000000000000e+00
9.563125976562500000e+03 1.108539009094238281e+01 0.000000000000000000e+00
9.565331054687500000e+03 1.023759746551513672e+01 0.000000000000000000e+00
9.567532226562500000e+03 9.720986366271972656e+00 0.000000000000000000e+00
9.569738281250000000e+03 1.103075313568115234e+01 0.000000000000000000e+00
9.571939453125000000e+03 1.015255546569824219e+01 0.000000000000000000e+00
9.574146484375000000e+03 9.516808509826660156e+00 0.000000000000000000e+00
9.576349609375000000e+03 1.022709369659423828e+01 0.000000000000000000e+00
9.578552734375000000e+03 1.107858657836914062e+01 0.000000000000000000e+00
9.580760742187500000e+03 1.079348278045654297e+01 0.000000000000000000e+00
9.582964843750000000e+03 1.061971378326416016e+01 0.000000000000000000e+00
9.585174804687500000e+03 1.089415168762207031e+01 0.000000000000000000e+00
9.587379882812500000e+03 1.045608615875244141e+01 0.000000000000000000e+00
9.589590820312500000e+03 9.962004661560058594e+00 0.000000000000000000e+00
9.591796875000000000e+03 1.002161502838134766e+01 0.000000000000000000e+00
9.594003906250000000e+03 1.005644893646240234e+01 0.000000000000000000e+00
9.596215820312500000e+03 1.090719604492187500e+01 0.000000000000000000e+00
9.598423828125000000e+03 1.125959110260009766e+01 0.000000000000000000e+00
9.600636718750000000e+03 1.123597431182861328e+01 0.000000000000000000e+00
9.602845703125000000e+03 1.091759109497070312e+01 0.000000000000000000e+00
9.605059570312500000e+03 1.057243061065673828e+01 0.000000000000000000e+00
9.607269531250000000e+03 1.080095672607421875e+01 0.000000000000000000e+00
9.609479492187500000e+03 1.114176845550537109e+01 0.000000000000000000e+00
9.611695312500000000e+03 1.053979873657226562e+01 0.000000000000000000e+00
9.613906250000000000e+03 1.023521137237548828e+01 0.000000000000000000e+00
9.616124023437500000e+03 1.030730724334716797e+01 0.000000000000000000e+00
9.618335937500000000e+03 1.005937862396240234e+01 0.000000000000000000e+00
9.620553710937500000e+03 9.693476676940917969e+00 0.000000000000000000e+00
9.622766601562500000e+03 1.084613132476806641e+01 0.000000000000000000e+00
9.624980468750000000e+03 1.078075790405273438e+01 0.000000000000000000e+00
9.627200195312500000e+03 1.066306495666503906e+01 0.000000000000000000e+00
9.629415039062500000e+03 1.097323513031005859e+01 0.000000000000000000e+00
9.631635742187500000e+03 1.109524917602539062e+01 0.000000000000000000e+00
9.633851562500000000e+03 1.069159030914306641e+01 0.000000000000000000e+00
9.636072265625000000e+03 1.069851303100585938e+01 0.000000000000000000e+00
9.638289062500000000e+03 1.081671619415283203e+01 0.000000000000000000e+00
9.640506835937500000e+03 1.040325260162353516e+01 0.000000000000000000e+00
9.642729492187500000e+03 1.029603004455566406e+01 0.000000000000000000e+00
9.644948242187500000e+03 1.047835159301757812e+01 0.000000000000000000e+00
9.647171875000000000e+03 9.779107093811035156e+00 0.000000000000000000e+00
9.649391601562500000e+03 1.055364799499511719e+01 0.000000000000000000e+00
9.651617187500000000e+03 1.065925312042236328e+01 0.000000000000000000e+00
9.653836914062500000e+03 1.085400867462158203e+01 0.000000000000000000e+00
9.656057617187500000e+03 1.068347454071044922e+01 0.000000000000000000e+00
9.658284179687500000e+03 1.008422470092773438e+01 0.000000000000000000e+00
9.660506835937500000e+03 1.041461658477783203e+01 0.000000000000000000e+00
9.662734375000000000e+03 1.054241943359375000e+01 0.000000000000000000e+00
9.664957031250000000e+03 9.702693939208984375e+00 0.000000000000000000e+00
9.667185546875000000e+03 1.009374427795410156e+01 0.000000000000000000e+00
9.669410156250000000e+03 1.086324882507324219e+01 0.000000000000000000e+00
9.671633789062500000e+03 1.046813011169433594e+01 0.000000000000000000e+00
9.673864257812500000e+03 9.692880630493164062e+00 0.000000000000000000e+00
9.676089843750000000e+03 1.004415130615234375e+01 0.000000000000000000e+00
9.678321289062500000e+03 1.046714687347412109e+01 0.000000000000000000e+00
9.680547851562500000e+03 9.974075317382812500e+00 0.000000000000000000e+00
9.682780273437500000e+03 1.072386074066162109e+01 0.000000000000000000e+00
9.685007812500000000e+03 1.183272266387939453e+01 0.000000000000000000e+00
9.687241210937500000e+03 9.460203170776367188e+00 0.000000000000000000e+00
9.689469726562500000e+03 1.070591163635253906e+01 0.000000000000000000e+00
9.691698242187500000e+03 1.052960014343261719e+01 0.000000000000000000e+00
9.693933593750000000e+03 1.041275024414062500e+01 0.000000000000000000e+00
9.696163085937500000e+03 1.007810878753662109e+01 0.000000000000000000e+00
9.698399414062500000e+03 9.619377136230468750e+00 0.000000000000000000e+00
9.700629882812500000e+03 1.086856651306152344e+01 0.000000000000000000e+00
9.702867187500000000e+03 1.045821857452392578e+01 0.000000000000000000e+00
9.705099609375000000e+03 1.030674171447753906e+01 0.000000000000000000e+00
9.707332031250000000e+03 1.084201145172119141e+01 0.000000000000000000e+00
9.709570312500000000e+03 1.067147064208984375e+01 0.000000000000000000e+00
9.711804687500000000e+03 9.907053947448730469e+00 0.000000000000000000e+00
9.714043945312500000e+03 1.042630958557128906e+01 0.000000000000000000e+00
9.716278320312500000e+03 9.743577957153320312e+00 0.000000000000000000e+00
9.718518554687500000e+03 8.629830360412597656e+00 0.000000000000000000e+00
9.720754882812500000e+03 1.091150856018066406e+01 0.000000000000000000e+00
9.722991210937500000e+03 1.157200241088867188e+01 0.000000000000000000e+00
9.725233398437500000e+03 8.835810661315917969e+00 0.000000000000000000e+00
9.727470703125000000e+03 9.767505645751953125e+00 0.000000000000000000e+00
9.729713867187500000e+03 1.029627037048339844e+01 0.000000000000000000e+00
9.731952148437500000e+03 9.628839492797851562e+00 0.000000000000000000e+00
9.734196289062500000e+03 9.912438392639160156e+00 0.000000000000000000e+00
9.736435546875000000e+03 1.053783893585205078e+01 0.000000000000000000e+00
9.738674804687500000e+03 1.043869972229003906e+01 0.000000000000000000e+00
9.740920898437500000e+03 1.031450653076171875e+01 0.000000000000000000e+00
9.743162109375000000e+03 9.879828453063964844e+00 0.000000000000000000e+00
9.745408203125000000e+03 9.746069908142089844e+00 0.000000000000000000e+00
9.747650390625000000e+03 9.741029739379882812e+00 0.000000000000000000e+00
9.749898437500000000e+03 9.760589599609375000e+00 0.000000000000000000e+00
9.752141601562500000e+03 9.913211822509765625e+00 0.000000000000000000e+00
9.754384765625000000e+03 1.021571254730224609e+01 0.000000000000000000e+00
9.756633789062500000e+03 1.024256992340087891e+01 0.000000000000000000e+00
9.758878906250000000e+03 1.017419528961181641e+01 0.000000000000000000e+00
9.761128906250000000e+03 1.003669929504394531e+01 0.000000000000000000e+00
9.763374023437500000e+03 1.003203582763671875e+01 0.000000000000000000e+00
9.765625976562500000e+03 1.009938526153564453e+01 0.000000000000000000e+00
9.767872070312500000e+03 9.886864662170410156e+00 0.000000000000000000e+00
9.770119140625000000e+03 9.909639358520507812e+00 0.000000000000000000e+00
9.772372070312500000e+03 1.014098072052001953e+01 0.000000000000000000e+00
9.774620117187500000e+03 1.016440010070800781e+01 0.000000000000000000e+00
9.776875000000000000e+03 9.838497161865234375e+00 0.000000000000000000e+00
9.779124023437500000e+03 9.690899848937988281e+00 0.000000000000000000e+00
9.781378906250000000e+03 1.014807128906250000e+01 0.000000000000000000e+00
9.783628906250000000e+03 9.550036430358886719e+00 0.000000000000000000e+00
9.785879882812500000e+03 1.001242446899414062e+01 0.000000000000000000e+00
9.788136718750000000e+03 8.896053314208984375e+00 0.000000000000000000e+00
9.790387695312500000e+03 9.328040122985839844e+00 0.000000000000000000e+00
9.792645507812500000e+03 1.157868194580078125e+01 0.000000000000000000e+00
9.794898437500000000e+03 9.421467781066894531e+00 0.000000000000000000e+00
9.797157226562500000e+03 8.007948875427246094e+00 0.000000000000000000e+00
9.799411132812500000e+03 8.822620391845703125e+00 0.000000000000000000e+00
9.801665039062500000e+03 9.594625473022460938e+00 0.000000000000000000e+00
9.803925781250000000e+03 9.639742851257324219e+00 0.000000000000000000e+00
9.806180664062500000e+03 9.597490310668945312e+00 0.000000000000000000e+00
9.808442382812500000e+03 9.888794898986816406e+00 0.000000000000000000e+00
9.810698242187500000e+03 1.040809822082519531e+01 0.000000000000000000e+00
9.812960937500000000e+03 1.030425548553466797e+01 0.000000000000000000e+00
9.815218750000000000e+03 1.021329307556152344e+01 0.000000000000000000e+00
9.817476562500000000e+03 9.845256805419921875e+00 0.000000000000000000e+00
9.819740234375000000e+03 9.363864898681640625e+00 0.000000000000000000e+00
9.821999023437500000e+03 9.775919914245605469e+00 0.000000000000000000e+00
9.824264648437500000e+03 9.380269050598144531e+00 0.000000000000000000e+00
9.826524414062500000e+03 9.702643394470214844e+00 0.000000000000000000e+00
9.828790039062500000e+03 9.513152122497558594e+00 0.000000000000000000e+00
9.831051757812500000e+03 9.171210289001464844e+00 0.000000000000000000e+00
9.833312500000000000e+03 9.573515892028808594e+00 0.000000000000000000e+00
9.835580078125000000e+03 1.009613227844238281e+01 0.000000000000000000e+00
9.837842773437500000e+03 9.487633705139160156e+00 0.000000000000000000e+00
9.840111328125000000e+03 9.338534355163574219e+00 0.000000000000000000e+00
9.842375000000000000e+03 9.940497398376464844e+00 0.000000000000000000e+00
9.844645507812500000e+03 1.022209453582763672e+01 0.000000000000000000e+00
9.846910156250000000e+03 9.835927963256835938e+00 0.000000000000000000e+00
9.849174804687500000e+03 9.913677215576171875e+00 0.000000000000000000e+00
9.851446289062500000e+03 1.014533615112304688e+01 0.000000000000000000e+00
9.853712890625000000e+03 9.365121841430664062e+00 0.000000000000000000e+00
9.855984375000000000e+03 9.621180534362792969e+00 0.000000000000000000e+00
9.858251953125000000e+03 1.007136344909667969e+01 0.000000000000000000e+00
9.860525390625000000e+03 9.803242683410644531e+00 0.000000000000000000e+00
9.862793945312500000e+03 1.011206054687500000e+01 0.000000000000000000e+00
9.865068359375000000e+03 9.780576705932617188e+00 0.000000000000000000e+00
9.867337890625000000e+03 1.017933559417724609e+01 0.000000000000000000e+00
9.869607421875000000e+03 9.219686508178710938e+00 0.000000000000000000e+00
9.871883789062500000e+03 1.066503143310546875e+01 0.000000000000000000e+00
9.874154296875000000e+03 1.311094760894775391e+01 0.000000000000000000e+00
9.876431640625000000e+03 8.334442138671875000e+00 0.000000000000000000e+00
9.878703125000000000e+03 8.631052970886230469e+00 0.000000000000000000e+00
9.880981445312500000e+03 9.615166664123535156e+00 0.000000000000000000e+00
9.883254882812500000e+03 9.762374877929687500e+00 0.000000000000000000e+00
9.885528320312500000e+03 9.565180778503417969e+00 0.000000000000000000e+00
9.887807617187500000e+03 9.513054847717285156e+00 0.000000000000000000e+00
9.890083007812500000e+03 9.587707519531250000e+00 0.000000000000000000e+00
9.892363281250000000e+03 1.012341403961181641e+01 0.000000000000000000e+00
9.894638671875000000e+03 1.029300498962402344e+01 0.000000000000000000e+00
9.896920898437500000e+03 1.012309837341308594e+01 0.000000000000000000e+00
9.899197265625000000e+03 9.498248100280761719e+00 0.000000000000000000e+00
9.901474609375000000e+03 8.901897430419921875e+00 0.000000000000000000e+00
9.903757812500000000e+03 9.315000534057617188e+00 0.000000000000000000e+00
9.906036132812500000e+03 9.474480628967285156e+00 0.000000000000000000e+00
9.908320312500000000e+03 1.017239475250244141e+01 0.000000000000000000e+00
9.910599609375000000e+03 1.021789646148681641e+01 0.000000000000000000e+00
9.912885742187500000e+03 8.703996658325195312e+00 0.000000000000000000e+00
9.915166015625000000e+03 8.677200317382812500e+00 0.000000000000000000e+00
9.917447265625000000e+03 1.253685951232910156e+01 0.000000000000000000e+00
9.919733398437500000e+03 6.894235610961914062e+00 0.000000000000000000e+00
9.922015625000000000e+03 8.093391418457031250e+00 0.000000000000000000e+00
9.924303710937500000e+03 9.613842010498046875e+00 0.000000000000000000e+00
9.926586914062500000e+03 9.467109680175781250e+00 0.000000000000000000e+00
9.928875976562500000e+03 9.869978904724121094e+00 0.000000000000000000e+00
9.931160156250000000e+03 9.825242996215820312e+00 0.000000000000000000e+00
9.933444335937500000e+03 9.749475479125976562e+00 0.000000000000000000e+00
9.935735351562500000e+03 1.009192657470703125e+01 0.000000000000000000e+00
9.938020507812500000e+03 9.496229171752929688e+00 0.000000000000000000e+00
9.940312500000000000e+03 8.705983161926269531e+00 0.000000000000000000e+00
9.942599609375000000e+03 8.739235877990722656e+00 0.000000000000000000e+00
9.944892578125000000e+03 9.091209411621093750e+00 0.000000000000000000e+00
9.947179687500000000e+03 9.810626983642578125e+00 0.000000000000000000e+00
9.949468750000000000e+03 7.507307052612304688e+00 0.000000000000000000e+00
9.951762695312500000e+03 7.263052463531494141e+00 0.000000000000000000e+00
9.954051757812500000e+03 8.733103752136230469e+00 0.000000000000000000e+00
9.956347656250000000e+03 9.803791046142578125e+00 0.000000000000000000e+00
9.958637695312500000e+03 1.077615833282470703e+01 0.000000000000000000e+00
9.960934570312500000e+03 7.746148586273193359e+00 0.000000000000000000e+00
9.963225585937500000e+03 9.456939697265625000e+00 0.000000000000000000e+00
9.965517578125000000e+03 9.787023544311523438e+00 0.000000000000000000e+00
9.967815429687500000e+03 8.110363006591796875e+00 0.000000000000000000e+00
9.970109375000000000e+03 8.286993980407714844e+00 0.000000000000000000e+00
9.972408203125000000e+03 1.038175678253173828e+01 0.000000000000000000e+00
9.974702148437500000e+03 9.038426399230957031e+00 0.000000000000000000e+00
9.977001953125000000e+03 8.277552604675292969e+00 0.000000000000000000e+00
9.979297851562500000e+03 9.225474357604980469e+00 0.000000000000000000e+00
9.981592773437500000e+03 9.963720321655273438e+00 0.000000000000000000e+00
9.983894531250000000e+03 9.585387229919433594e+00 0.000000000000000000e+00
9.986191406250000000e+03 9.649935722351074219e+00 0.000000000000000000e+00
9.988494140625000000e+03 9.116949081420898438e+00 0.000000000000000000e+00
9.990791992187500000e+03 8.945416450500488281e+00 0.000000000000000000e+00
9.993096679687500000e+03 9.384007453918457031e+00 0.000000000000000000e+00
9.995395507812500000e+03 9.632873535156250000e+00 0.000000000000000000e+00
9.997694335937500000e+03 9.380984306335449219e+00 0.000000000000000000e+00
1.000000000000000000e+04 9.688841819763183594e+00 0.000000000000000000e+00
1.000230566406250000e+04 1.080101108551025391e+01 0.000000000000000000e+00
1.000460156250000000e+04 8.891016006469726562e+00 0.000000000000000000e+00
1.000690820312500000e+04 9.627456665039062500e+00 0.000000000000000000e+00
1.000921582031250000e+04 1.005017280578613281e+01 0.000000000000000000e+00
1.001152441406250000e+04 8.679851531982421875e+00 0.000000000000000000e+00
1.001382226562500000e+04 1.210069561004638672e+01 0.000000000000000000e+00
1.001613085937500000e+04 1.247101306915283203e+01 0.000000000000000000e+00
1.001844042968750000e+04 6.481585025787353516e+00 0.000000000000000000e+00
1.002074023437500000e+04 7.228249073028564453e+00 0.000000000000000000e+00
1.002305078125000000e+04 1.014492225646972656e+01 0.000000000000000000e+00
1.002536230468750000e+04 9.217844963073730469e+00 0.000000000000000000e+00
1.002767382812500000e+04 1.142335414886474609e+01 0.000000000000000000e+00
1.002997558593750000e+04 9.951732635498046875e+00 0.000000000000000000e+00
1.003228808593750000e+04 8.852624893188476562e+00 0.000000000000000000e+00
1.003460156250000000e+04 9.061098098754882812e+00 0.000000000000000000e+00
1.003690429687500000e+04 9.601469039916992188e+00 0.000000000000000000e+00
1.003921875000000000e+04 9.298426628112792969e+00 0.000000000000000000e+00
1.004153417968750000e+04 8.238060951232910156e+00 0.000000000000000000e+00
1.004384960937500000e+04 9.150792121887207031e+00 0.000000000000000000e+00
1.004615429687500000e+04 1.034486389160156250e+01 0.000000000000000000e+00
1.004847070312500000e+04 1.038951206207275391e+01 0.000000000000000000e+00
1.005078808593750000e+04 9.529090881347656250e+00 0.000000000000000000e+00
1.005309472656250000e+04 9.275094032287597656e+00 0.000000000000000000e+00
1.005541308593750000e+04 1.034916305541992188e+01 0.000000000000000000e+00
1.005773242187500000e+04 9.433470726013183594e+00 0.000000000000000000e+00
1.006005078125000000e+04 9.083172798156738281e+00 0.000000000000000000e+00
1.006236035156250000e+04 1.009403038024902344e+01 0.000000000000000000e+00
1.006468066406250000e+04 1.025731658935546875e+01 0.000000000000000000e+00
1.006700097656250000e+04 9.171603202819824219e+00 0.000000000000000000e+00
1.006931152343750000e+04 9.731247901916503906e+00 0.000000000000000000e+00
1.007163378906250000e+04 9.524011611938476562e+00 0.000000000000000000e+00
1.007395605468750000e+04 8.451997756958007812e+00 0.000000000000000000e+00
1.007627929687500000e+04 8.529326438903808594e+00 0.000000000000000000e+00
1.007859179687500000e+04 8.954328536987304688e+00 0.000000000000000000e+00
1.008091601562500000e+04 9.860189437866210938e+00 0.000000000000000000e+00
1.008324023437500000e+04 1.249971294403076172e+01 0.000000000000000000e+00
1.008555468750000000e+04 8.638433456420898438e+00 0.000000000000000000e+00
1.008787988281250000e+04 7.072846889495849609e+00 0.000000000000000000e+00
1.009020605468750000e+04 8.457410812377929688e+00 0.000000000000000000e+00
1.009253320312500000e+04 1.004693794250488281e+01 0.000000000000000000e+00
1.009484960937500000e+04 1.000515460968017578e+01 0.000000000000000000e+00
1.009717773437500000e+04 8.933902740478515625e+00 0.000000000000000000e+00
1.009950585937500000e+04 8.773991584777832031e+00 0.000000000000000000e+00
1.010182324218750000e+04 9.824097633361816406e+00 0.000000000000000000e+00
1.010415332031250000e+04 1.073491573333740234e+01 0.000000000000000000e+00
1.010648339843750000e+04 1.036143112182617188e+01 0.000000000000000000e+00
1.010881347656250000e+04 9.222157478332519531e+00 0.000000000000000000e+00
1.011113378906250000e+04 9.090286254882812500e+00 0.000000000000000000e+00
1.011346484375000000e+04 9.128845214843750000e+00 0.000000000000000000e+00
1.011579687500000000e+04 8.787052154541015625e+00 0.000000000000000000e+00
1.011811914062500000e+04 9.142806053161621094e+00 0.000000000000000000e+00
1.012045214843750000e+04 9.311345100402832031e+00 0.000000000000000000e+00
1.012278613281250000e+04 9.489356040954589844e+00 0.000000000000000000e+00
1.012512011718750000e+04 1.131691169738769531e+01 0.000000000000000000e+00
1.012744335937500000e+04 9.340065002441406250e+00 0.000000000000000000e+00
1.012977929687500000e+04 9.035843849182128906e+00 0.000000000000000000e+00
1.013211523437500000e+04 9.632027626037597656e+00 0.000000000000000000e+00
1.013444042968750000e+04 9.534628868103027344e+00 0.000000000000000000e+00
1.013677734375000000e+04 9.067937850952148438e+00 0.000000000000000000e+00
1.013911523437500000e+04 9.430026054382324219e+00 0.000000000000000000e+00
1.014145312500000000e+04 8.927276611328125000e+00 0.000000000000000000e+00
1.014378027343750000e+04 9.101125717163085938e+00 0.000000000000000000e+00
1.014611914062500000e+04 9.371987342834472656e+00 0.000000000000000000e+00
1.014845898437500000e+04 9.638686180114746094e+00 0.000000000000000000e+00
1.015078808593750000e+04 9.830926895141601562e+00 0.000000000000000000e+00
1.015312890625000000e+04 9.069643020629882812e+00 0.000000000000000000e+00
1.015547070312500000e+04 7.564546585083007812e+00 0.000000000000000000e+00
1.015781250000000000e+04 7.545042514801025391e+00 0.000000000000000000e+00
1.016014355468750000e+04 9.216227531433105469e+00 0.000000000000000000e+00
1.016248632812500000e+04 1.015751647949218750e+01 0.000000000000000000e+00
1.016483007812500000e+04 9.804794311523437500e+00 0.000000000000000000e+00
1.016716210937500000e+04 1.049655151367187500e+01 0.000000000000000000e+00
1.016950683593750000e+04 8.881083488464355469e+00 0.000000000000000000e+00
1.017185253906250000e+04 9.387701034545898438e+00 0.000000000000000000e+00
1.017419726562500000e+04 7.760405063629150391e+00 0.000000000000000000e+00
1.017653222656250000e+04 6.896716594696044922e+00 0.000000000000000000e+00
1.017887890625000000e+04 8.905258178710937500e+00 0.000000000000000000e+00
1.018122656250000000e+04 8.149300575256347656e+00 0.000000000000000000e+00
1.018356347656250000e+04 7.938190460205078125e+00 0.000000000000000000e+00
1.018591113281250000e+04 7.769389152526855469e+00 0.000000000000000000e+00
1.018826074218750000e+04 7.197164535522460938e+00 0.000000000000000000e+00
1.019060937500000000e+04 9.090908050537109375e+00 0.000000000000000000e+00
1.019294824218750000e+04 1.161181545257568359e+01 0.000000000000000000e+00
1.019529882812500000e+04 8.055480957031250000e+00 0.000000000000000000e+00
1.019765039062500000e+04 9.160546302795410156e+00 0.000000000000000000e+00
1.019999023437500000e+04 1.026094532012939453e+01 0.000000000000000000e+00
1.020234277343750000e+04 9.044179916381835938e+00 0.000000000000000000e+00
1.020469531250000000e+04 9.356130599975585938e+00 0.000000000000000000e+00
1.020704785156250000e+04 1.069671535491943359e+01 0.000000000000000000e+00
1.020939062500000000e+04 6.076803684234619141e+00 0.000000000000000000e+00
1.021174511718750000e+04 5.321539878845214844e+00 0.000000000000000000e+00
1.021409960937500000e+04 6.808423042297363281e+00 0.000000000000000000e+00
1.021644433593750000e+04 6.077462673187255859e+00 0.000000000000000000e+00
1.021879980468750000e+04 6.052552700042724609e+00 0.000000000000000000e+00
1.022115625000000000e+04 8.461988449096679688e+00 0.000000000000000000e+00
1.022351367187500000e+04 8.619948387145996094e+00 0.000000000000000000e+00
1.022585937500000000e+04 1.133427047729492188e+01 0.000000000000000000e+00
1.022821777343750000e+04 1.198125648498535156e+01 0.000000000000000000e+00
1.023057617187500000e+04 9.795478820800781250e+00 0.000000000000000000e+00
1.023292382812500000e+04 7.690495491027832031e+00 0.000000000000000000e+00
1.023528417968750000e+04 7.709810256958007812e+00 0.000000000000000000e+00
1.023764355468750000e+04 8.649782180786132812e+00 0.000000000000000000e+00
1.024000488281250000e+04 1.020343399047851562e+01 0.000000000000000000e+00
1.024235449218750000e+04 9.449298858642578125e+00 0.000000000000000000e+00
1.024471679687500000e+04 9.251502037048339844e+00 0.000000000000000000e+00
1.024707910156250000e+04 9.005115509033203125e+00 0.000000000000000000e+00
1.024943066406250000e+04 7.875087261199951172e+00 0.000000000000000000e+00
1.025179394531250000e+04 8.371791839599609375e+00 0.000000000000000000e+00
1.025415820312500000e+04 8.793664932250976562e+00 0.000000000000000000e+00
1.025652343750000000e+04 9.609330177307128906e+00 0.000000000000000000e+00
1.025887695312500000e+04 9.212992668151855469e+00 0.000000000000000000e+00
1.026124218750000000e+04 8.362563133239746094e+00 0.000000000000000000e+00
1.026360839843750000e+04 9.020219802856445312e+00 0.000000000000000000e+00
1.026596386718750000e+04 1.074682617187500000e+01 0.000000000000000000e+00
1.026833105468750000e+04 9.083301544189453125e+00 0.000000000000000000e+00
1.027069921875000000e+04 6.272068500518798828e+00 0.000000000000000000e+00
1.027306738281250000e+04 6.584821224212646484e+00 0.000000000000000000e+00
1.027542578125000000e+04 9.453238487243652344e+00 0.000000000000000000e+00
1.027779492187500000e+04 1.040709877014160156e+01 0.000000000000000000e+00
1.028016503906250000e+04 7.248565673828125000e+00 0.000000000000000000e+00
1.028252441406250000e+04 8.797711372375488281e+00 0.000000000000000000e+00
1.028489550781250000e+04 1.287972927093505859e+01 0.000000000000000000e+00
1.028726660156250000e+04 7.976607799530029297e+00 0.000000000000000000e+00
1.028963964843750000e+04 4.234123528003692627e-01 0.000000000000000000e+00
1.029200097656250000e+04 1.449875533580780029e-01 0.000000000000000000e+00
1.029437402343750000e+04 4.450064659118652344e+00 0.000000000000000000e+00
1.029674804687500000e+04 1.413796806335449219e+01 0.000000000000000000e+00
1.029911132812500000e+04 1.190954589843750000e+01 0.000000000000000000e+00
1.030148632812500000e+04 8.996047019958496094e+00 0.000000000000000000e+00
1.030386132812500000e+04 8.264114379882812500e+00 0.000000000000000000e+00
1.030623730468750000e+04 6.497295379638671875e+00 0.000000000000000000e+00
1.030860253906250000e+04 6.598070621490478516e+00 0.000000000000000000e+00
1.031097949218750000e+04 8.320716857910156250e+00 0.000000000000000000e+00
1.031335742187500000e+04 9.249417304992675781e+00 0.000000000000000000e+00
1.031573632812500000e+04 8.027002334594726562e+00 0.000000000000000000e+00
1.031810351562500000e+04 8.793289184570312500e+00 0.000000000000000000e+00
1.032048242187500000e+04 1.129892539978027344e+01 0.000000000000000000e+00
1.032286230468750000e+04 8.224958419799804688e+00 0.000000000000000000e+00
1.032523144531250000e+04 8.731818199157714844e+00 0.000000000000000000e+00
1.032761230468750000e+04 8.731818199157714844e+00 0.000000000000000000e+00
1.032999414062500000e+04 8.731818199157714844e+00 0.000000000000000000e+00
1.033237597656250000e+04 8.731818199157714844e+00 0.000000000000000000e+00
1.033474707031250000e+04 8.731818199157714844e+00 0.000000000000000000e+00
1.033713085937500000e+04 8.731818199157714844e+00 0.000000000000000000e+00
1.033951464843750000e+04 8.731818199157714844e+00 0.000000000000000000e+00
1.034188769531250000e+04 8.731818199157714844e+00 0.000000000000000000e+00
1.034427246093750000e+04 8.731818199157714844e+00 0.000000000000000000e+00
1.034665722656250000e+04 8.731818199157714844e+00 0.000000000000000000e+00
1.034904296875000000e+04 8.731818199157714844e+00 0.000000000000000000e+00
1.035141894531250000e+04 8.731818199157714844e+00 0.000000000000000000e+00
1.035380566406250000e+04 8.731818199157714844e+00 0.000000000000000000e+00
1.035619335937500000e+04 8.731818199157714844e+00 0.000000000000000000e+00
1.035856933593750000e+04 8.731818199157714844e+00 0.000000000000000000e+00
1.036095800781250000e+04 8.731818199157714844e+00 0.000000000000000000e+00
1.036334765625000000e+04 8.731818199157714844e+00 0.000000000000000000e+00
1.036573730468750000e+04 8.731818199157714844e+00 0.000000000000000000e+00
1.036811621093750000e+04 8.731818199157714844e+00 0.000000000000000000e+00
1.037050683593750000e+04 8.731818199157714844e+00 0.000000000000000000e+00
1.037289843750000000e+04 8.731818199157714844e+00 0.000000000000000000e+00
1.037527929687500000e+04 8.731818199157714844e+00 0.000000000000000000e+00
1.037767187500000000e+04 8.731818199157714844e+00 0.000000000000000000e+00
1.038006445312500000e+04 8.731818199157714844e+00 0.000000000000000000e+00
1.038245800781250000e+04 8.731818199157714844e+00 0.000000000000000000e+00
1.038484082031250000e+04 8.731818199157714844e+00 0.000000000000000000e+00
1.038723632812500000e+04 8.731818199157714844e+00 0.000000000000000000e+00
1.038963085937500000e+04 8.731818199157714844e+00 0.000000000000000000e+00
1.039201562500000000e+04 8.731818199157714844e+00 0.000000000000000000e+00
1.039441210937500000e+04 8.731818199157714844e+00 0.000000000000000000e+00
1.039680859375000000e+04 8.731818199157714844e+00 0.000000000000000000e+00
1.039920605468750000e+04 8.731818199157714844e+00 0.000000000000000000e+00
