#wavelengths flux error
3.566974365234375000e+03 -4.385743103027343750e+02 0.000000000000000000e+00
3.567794921875000000e+03 -4.385743103027343750e+02 0.000000000000000000e+00
3.568617675781250000e+03 -4.385743103027343750e+02 0.000000000000000000e+00
3.569438476562500000e+03 -4.385743103027343750e+02 0.000000000000000000e+00
3.570261718750000000e+03 -4.385743103027343750e+02 0.000000000000000000e+00
3.571083007812500000e+03 -4.385743103027343750e+02 0.000000000000000000e+00
3.571906494140625000e+03 -4.385743103027343750e+02 0.000000000000000000e+00
3.572728271484375000e+03 -4.385743103027343750e+02 0.000000000000000000e+00
3.573550048828125000e+03 -4.385743103027343750e+02 0.000000000000000000e+00
3.574374023437500000e+03 -4.385743103027343750e+02 0.000000000000000000e+00
3.575196289062500000e+03 -4.385743103027343750e+02 0.000000000000000000e+00
3.576020751953125000e+03 -4.385743103027343750e+02 0.000000000000000000e+00
3.576843505859375000e+03 -4.385743103027343750e+02 0.000000000000000000e+00
3.577668212890625000e+03 -4.385743103027343750e+02 0.000000000000000000e+00
3.578491455078125000e+03 -4.385743103027343750e+02 0.000000000000000000e+00
3.579314453125000000e+03 -4.385743103027343750e+02 0.000000000000000000e+00
3.580139892578125000e+03 -4.385743103027343750e+02 0.000000000000000000e+00
3.580963623046875000e+03 -4.385743103027343750e+02 0.000000000000000000e+00
3.581789306640625000e+03 -4.385743103027343750e+02 0.000000000000000000e+00
3.582613281250000000e+03 4.393729492187500000e+03 0.000000000000000000e+00
3.583439453125000000e+03 -6.058768554687500000e+03 0.000000000000000000e+00
3.584263916015625000e+03 5.177758300781250000e+03 0.000000000000000000e+00
3.585088378906250000e+03 -2.655170654296875000e+03 0.000000000000000000e+00
3.585915039062500000e+03 5.155357360839843750e+01 0.000000000000000000e+00
3.586739990234375000e+03 4.573553222656250000e+03 0.000000000000000000e+00
3.587567138671875000e+03 -2.734359130859375000e+03 0.000000000000000000e+00
3.588392333984375000e+03 2.926050292968750000e+03 0.000000000000000000e+00
3.589219970703125000e+03 -1.922002197265625000e+03 0.000000000000000000e+00
3.590045654296875000e+03 5.306500854492187500e+02 0.000000000000000000e+00
3.590871582031250000e+03 2.874379577636718750e+02 0.000000000000000000e+00
3.591699462890625000e+03 -8.693290405273437500e+02 0.000000000000000000e+00
3.592525878906250000e+03 1.321755126953125000e+03 0.000000000000000000e+00
3.593354248046875000e+03 -1.178746948242187500e+03 0.000000000000000000e+00
3.594180908203125000e+03 8.067427368164062500e+02 0.000000000000000000e+00
3.595009765625000000e+03 -3.573941955566406250e+02 0.000000000000000000e+00
3.595836669921875000e+03 -1.201409683227539062e+02 0.000000000000000000e+00
3.596663818359375000e+03 5.133203125000000000e+02 0.000000000000000000e+00
3.597493408203125000e+03 -5.233318481445312500e+02 0.000000000000000000e+00
3.598320800781250000e+03 5.270563354492187500e+02 0.000000000000000000e+00
3.599150634765625000e+03 -4.223763732910156250e+02 0.000000000000000000e+00
3.599978759765625000e+03 2.050739440917968750e+02 0.000000000000000000e+00
3.600808837890625000e+03 1.370918273925781250e+02 0.000000000000000000e+00
3.601637207031250000e+03 -2.177003326416015625e+02 0.000000000000000000e+00
3.602467773437500000e+03 2.171210174560546875e+02 0.000000000000000000e+00
3.603296386718750000e+03 -2.090213928222656250e+02 0.000000000000000000e+00
3.604125244140625000e+03 1.798354644775390625e+02 0.000000000000000000e+00
3.604956542968750000e+03 -6.103424072265625000e+01 0.000000000000000000e+00
3.605785888671875000e+03 -2.043157196044921875e+01 0.000000000000000000e+00
3.606617187500000000e+03 9.743712615966796875e+01 0.000000000000000000e+00
3.607447021484375000e+03 -1.204591293334960938e+02 0.000000000000000000e+00
3.608278808593750000e+03 1.030794067382812500e+02 0.000000000000000000e+00
3.609108886718750000e+03 -6.990618133544921875e+01 0.000000000000000000e+00
3.609939208984375000e+03 3.860566711425781250e+01 0.000000000000000000e+00
3.610771728515625000e+03 6.469925403594970703e+00 0.000000000000000000e+00
3.611602294921875000e+03 -4.133557128906250000e+01 0.000000000000000000e+00
3.612435058593750000e+03 8.136084747314453125e+01 0.000000000000000000e+00
3.613266113281250000e+03 -5.493761062622070312e+01 0.000000000000000000e+00
3.614099365234375000e+03 3.445443344116210938e+01 0.000000000000000000e+00
3.614930664062500000e+03 -8.501060485839843750e+00 0.000000000000000000e+00
3.615762451171875000e+03 1.087626647949218750e+01 0.000000000000000000e+00
3.616596191406250000e+03 3.330553817749023438e+01 0.000000000000000000e+00
3.617428222656250000e+03 -3.001603889465332031e+01 0.000000000000000000e+00
3.618262451171875000e+03 3.469461059570312500e+01 0.000000000000000000e+00
3.619094726562500000e+03 -4.120062351226806641e+00 0.000000000000000000e+00
3.619929199218750000e+03 1.503802680969238281e+01 0.000000000000000000e+00
3.620761962890625000e+03 8.968229293823242188e-01 0.000000000000000000e+00
3.621594970703125000e+03 -5.765165805816650391e+00 0.000000000000000000e+00
3.622430175781250000e+03 3.211172103881835938e+01 0.000000000000000000e+00
3.623263427734375000e+03 -1.329019927978515625e+01 0.000000000000000000e+00
3.624098876953125000e+03 1.165471172332763672e+01 0.000000000000000000e+00
3.624932617187500000e+03 4.293752670288085938e+00 0.000000000000000000e+00
3.625768554687500000e+03 8.497508049011230469e+00 0.000000000000000000e+00
3.626602783203125000e+03 1.429750251770019531e+01 0.000000000000000000e+00
3.627437011718750000e+03 2.955552816390991211e+00 0.000000000000000000e+00
3.628273437500000000e+03 2.252557563781738281e+01 0.000000000000000000e+00
3.629108154296875000e+03 8.127027750015258789e-01 0.000000000000000000e+00
3.629945068359375000e+03 6.099215030670166016e+00 0.000000000000000000e+00
3.630780029296875000e+03 6.332779884338378906e+00 0.000000000000000000e+00
3.631617431640625000e+03 1.165601730346679688e+00 0.000000000000000000e+00
3.632452880859375000e+03 8.944493293762207031e+00 0.000000000000000000e+00
3.633288330078125000e+03 9.560287475585937500e+00 0.000000000000000000e+00
3.634126220703125000e+03 3.009521007537841797e+00 0.000000000000000000e+00
3.634962158203125000e+03 7.010262012481689453e+00 0.000000000000000000e+00
3.635800537109375000e+03 3.540458917617797852e+00 0.000000000000000000e+00
3.636636962890625000e+03 -2.325171709060668945e+00 0.000000000000000000e+00
3.637475585937500000e+03 -4.061537981033325195e-02 0.000000000000000000e+00
3.638312255859375000e+03 -1.102167725563049316e+00 0.000000000000000000e+00
3.639149169921875000e+03 7.515540599822998047e+00 0.000000000000000000e+00
3.639988525390625000e+03 -2.561750650405883789e+00 0.000000000000000000e+00
3.640825927734375000e+03 -1.747407555580139160e+00 0.000000000000000000e+00
3.641665283203125000e+03 3.659692525863647461e+00 0.000000000000000000e+00
3.642503173828125000e+03 -1.439508557319641113e+00 0.000000000000000000e+00
3.643343017578125000e+03 4.196547985076904297e+00 0.000000000000000000e+00
3.644181152343750000e+03 1.456366658210754395e+00 0.000000000000000000e+00
3.645019531250000000e+03 -3.104633986949920654e-01 0.000000000000000000e+00
3.645860107421875000e+03 -2.136107534170150757e-01 0.000000000000000000e+00
3.646698974609375000e+03 -2.520168423652648926e-01 0.000000000000000000e+00
3.647539794921875000e+03 1.743143200874328613e+00 0.000000000000000000e+00
3.648378906250000000e+03 8.085685729980468750e+00 0.000000000000000000e+00
3.649220214843750000e+03 2.170799732208251953e+00 0.000000000000000000e+00
3.650059570312500000e+03 8.618163108825683594e+00 0.000000000000000000e+00
3.650899414062500000e+03 1.168924427032470703e+01 0.000000000000000000e+00
3.651741210937500000e+03 4.698101997375488281e+00 0.000000000000000000e+00
3.652581298828125000e+03 3.710396587848663330e-01 0.000000000000000000e+00
3.653423583984375000e+03 9.385175704956054688e+00 0.000000000000000000e+00
3.654264160156250000e+03 9.930046081542968750e+00 0.000000000000000000e+00
3.655106689453125000e+03 6.916359424591064453e+00 0.000000000000000000e+00
3.655947509765625000e+03 3.723102569580078125e+00 0.000000000000000000e+00
3.656788574218750000e+03 5.435671806335449219e+00 0.000000000000000000e+00
3.657631835937500000e+03 1.091413879394531250e+01 0.000000000000000000e+00
3.658473388671875000e+03 9.025113105773925781e+00 0.000000000000000000e+00
3.659316894531250000e+03 6.882430553436279297e+00 0.000000000000000000e+00
3.660158691406250000e+03 3.122056722640991211e+00 0.000000000000000000e+00
3.661002929687500000e+03 6.507586002349853516e+00 0.000000000000000000e+00
3.661844970703125000e+03 6.680103302001953125e+00 0.000000000000000000e+00
3.662687500000000000e+03 -1.305344551801681519e-01 0.000000000000000000e+00
3.663531982421875000e+03 8.751114845275878906e+00 0.000000000000000000e+00
3.664374755859375000e+03 1.023661899566650391e+01 0.000000000000000000e+00
3.665219726562500000e+03 8.855104446411132812e+00 0.000000000000000000e+00
3.666062988281250000e+03 7.291675567626953125e+00 0.000000000000000000e+00
3.666908447265625000e+03 7.068650722503662109e+00 0.000000000000000000e+00
3.667751953125000000e+03 6.215581417083740234e+00 0.000000000000000000e+00
3.668597656250000000e+03 9.247307777404785156e-01 0.000000000000000000e+00
3.669441650390625000e+03 4.700758457183837891e+00 0.000000000000000000e+00
3.670285888671875000e+03 6.067678451538085938e+00 0.000000000000000000e+00
3.671132080078125000e+03 3.682457685470581055e+00 0.000000000000000000e+00
3.671976806640625000e+03 4.769907474517822266e+00 0.000000000000000000e+00
3.672823486328125000e+03 1.050567245483398438e+01 0.000000000000000000e+00
3.673668457031250000e+03 1.011574840545654297e+01 0.000000000000000000e+00
3.674515625000000000e+03 9.866722106933593750e+00 0.000000000000000000e+00
3.675360839843750000e+03 8.695071220397949219e+00 0.000000000000000000e+00
3.676206298828125000e+03 9.459101676940917969e+00 0.000000000000000000e+00
3.677054199218750000e+03 1.300061988830566406e+01 0.000000000000000000e+00
3.677899902343750000e+03 1.383595371246337891e+01 0.000000000000000000e+00
3.678748046875000000e+03 5.316762924194335938e+00 0.000000000000000000e+00
3.679594482421875000e+03 1.901064991950988770e+00 0.000000000000000000e+00
3.680442871093750000e+03 2.967101097106933594e+00 0.000000000000000000e+00
3.681289550781250000e+03 1.744240999221801758e+00 0.000000000000000000e+00
3.682136474609375000e+03 1.128739237785339355e+00 0.000000000000000000e+00
3.682985595703125000e+03 3.217334270477294922e+00 0.000000000000000000e+00
3.683832763671875000e+03 -8.665902018547058105e-01 0.000000000000000000e+00
3.684682373046875000e+03 -3.233640432357788086e+00 0.000000000000000000e+00
3.685530029296875000e+03 1.484882354736328125e+00 0.000000000000000000e+00
3.686379882812500000e+03 3.215300142765045166e-01 0.000000000000000000e+00
3.687227783203125000e+03 -1.504127860069274902e+00 0.000000000000000000e+00
3.688076171875000000e+03 4.358702659606933594e+00 0.000000000000000000e+00
3.688926513671875000e+03 5.691304206848144531e+00 0.000000000000000000e+00
3.689775146484375000e+03 6.637456417083740234e+00 0.000000000000000000e+00
3.690625976562500000e+03 3.078978061676025391e+00 0.000000000000000000e+00
3.691475097656250000e+03 3.339229822158813477e-01 0.000000000000000000e+00
3.692326416015625000e+03 2.318125724792480469e+00 0.000000000000000000e+00
3.693175781250000000e+03 8.864926338195800781e+00 0.000000000000000000e+00
3.694025390625000000e+03 1.526367950439453125e+01 0.000000000000000000e+00
3.694877197265625000e+03 7.871070384979248047e+00 0.000000000000000000e+00
3.695727294921875000e+03 5.460264205932617188e+00 0.000000000000000000e+00
3.696579345703125000e+03 7.148998737335205078e+00 0.000000000000000000e+00
3.697429931640625000e+03 8.656094551086425781e+00 0.000000000000000000e+00
3.698282470703125000e+03 8.746990203857421875e+00 0.000000000000000000e+00
3.699133300781250000e+03 6.062496662139892578e+00 0.000000000000000000e+00
3.699984130859375000e+03 -7.620451450347900391e-01 0.000000000000000000e+00
3.700837402343750000e+03 1.258816361427307129e+00 0.000000000000000000e+00
3.701688720703125000e+03 1.307531833648681641e+00 0.000000000000000000e+00
3.702542480468750000e+03 -1.759169340133666992e+00 0.000000000000000000e+00
3.703394287109375000e+03 -2.127839326858520508e+00 0.000000000000000000e+00
3.704248291015625000e+03 -2.188943386077880859e+00 0.000000000000000000e+00
3.705100341796875000e+03 3.844006776809692383e+00 0.000000000000000000e+00
3.705952636718750000e+03 3.616568565368652344e+00 0.000000000000000000e+00
3.706807373046875000e+03 6.142693042755126953e+00 0.000000000000000000e+00
3.707659912109375000e+03 8.951128959655761719e+00 0.000000000000000000e+00
3.708514892578125000e+03 5.864967823028564453e+00 0.000000000000000000e+00
3.709368164062500000e+03 6.686625957489013672e+00 0.000000000000000000e+00
3.710223388671875000e+03 8.921296119689941406e+00 0.000000000000000000e+00
3.711077148437500000e+03 7.710517883300781250e+00 0.000000000000000000e+00
3.711930664062500000e+03 3.784191131591796875e+00 0.000000000000000000e+00
3.712786621093750000e+03 2.940451622009277344e+00 0.000000000000000000e+00
3.713640869140625000e+03 6.541943073272705078e+00 0.000000000000000000e+00
3.714497314453125000e+03 6.381118297576904297e+00 0.000000000000000000e+00
3.715351806640625000e+03 6.971478462219238281e+00 0.000000000000000000e+00
3.716208496093750000e+03 4.442092418670654297e+00 0.000000000000000000e+00
3.717063476562500000e+03 4.202389717102050781e+00 0.000000000000000000e+00
3.717918457031250000e+03 4.625516414642333984e+00 0.000000000000000000e+00
3.718775878906250000e+03 2.016549348831176758e+00 0.000000000000000000e+00
3.719631347656250000e+03 1.225639820098876953e+00 0.000000000000000000e+00
3.720489013671875000e+03 -2.423244714736938477e-01 0.000000000000000000e+00
3.721344970703125000e+03 7.657131552696228027e-01 0.000000000000000000e+00
3.722203125000000000e+03 2.354650259017944336e+00 0.000000000000000000e+00
3.723059326171875000e+03 2.431133270263671875e+00 0.000000000000000000e+00
3.723915771484375000e+03 5.245680212974548340e-01 0.000000000000000000e+00
3.724774658203125000e+03 -2.005769729614257812e+00 0.000000000000000000e+00
3.725631591796875000e+03 -6.278212070465087891e-01 0.000000000000000000e+00
3.726490478515625000e+03 -2.465332746505737305e+00 0.000000000000000000e+00
3.727347900390625000e+03 -1.409002393484115601e-01 0.000000000000000000e+00
3.728207275390625000e+03 2.460132360458374023e+00 0.000000000000000000e+00
3.729064941406250000e+03 -4.617795646190643311e-01 0.000000000000000000e+00
3.729922851562500000e+03 1.073763012886047363e+00 0.000000000000000000e+00
3.730782958984375000e+03 1.391923427581787109e+00 0.000000000000000000e+00
3.731641357421875000e+03 1.440976023674011230e+00 0.000000000000000000e+00
3.732501708984375000e+03 -2.457817316055297852e+00 0.000000000000000000e+00
3.733360351562500000e+03 -3.152480840682983398e+00 0.000000000000000000e+00
3.734221435546875000e+03 1.357164740562438965e+00 0.000000000000000000e+00
3.735080322265625000e+03 -5.085208892822265625e+00 0.000000000000000000e+00
3.735941650390625000e+03 -6.014651060104370117e-01 0.000000000000000000e+00
3.736801269531250000e+03 -1.141873717308044434e+00 0.000000000000000000e+00
3.737660888671875000e+03 -1.465926766395568848e+00 0.000000000000000000e+00
3.738522705078125000e+03 -1.714591622352600098e+00 0.000000000000000000e+00
3.739382812500000000e+03 -5.353329658508300781e+00 0.000000000000000000e+00
3.740245117187500000e+03 -3.689553737640380859e+00 0.000000000000000000e+00
3.741105468750000000e+03 2.963335037231445312e+00 0.000000000000000000e+00
3.741968261718750000e+03 1.142530366778373718e-01 0.000000000000000000e+00
3.742829101562500000e+03 -1.845020055770874023e+00 0.000000000000000000e+00
3.743689941406250000e+03 3.079925298690795898e+00 0.000000000000000000e+00
3.744553222656250000e+03 6.612166404724121094e+00 0.000000000000000000e+00
3.745414794921875000e+03 -5.790760517120361328e-01 0.000000000000000000e+00
3.746278564453125000e+03 8.853386640548706055e-01 0.000000000000000000e+00
3.747140380859375000e+03 3.331923723220825195e+00 0.000000000000000000e+00
3.748004394531250000e+03 5.086770534515380859e+00 0.000000000000000000e+00
3.748866699218750000e+03 3.936005353927612305e+00 0.000000000000000000e+00
3.749729003906250000e+03 1.059151768684387207e+00 0.000000000000000000e+00
3.750593750000000000e+03 5.201237201690673828e+00 0.000000000000000000e+00
3.751456542968750000e+03 5.701403617858886719e+00 0.000000000000000000e+00
3.752321533203125000e+03 4.438378334045410156e+00 0.000000000000000000e+00
3.753184814453125000e+03 6.621690750122070312e+00 0.000000000000000000e+00
3.754050292968750000e+03 8.778443336486816406e+00 0.000000000000000000e+00
3.754913818359375000e+03 6.389294624328613281e+00 0.000000000000000000e+00
3.755777587890625000e+03 5.524043560028076172e+00 0.000000000000000000e+00
3.756643798828125000e+03 7.046585083007812500e+00 0.000000000000000000e+00
3.757508056640625000e+03 1.002632141113281250e+01 0.000000000000000000e+00
3.758374511718750000e+03 9.636219978332519531e+00 0.000000000000000000e+00
3.759239013671875000e+03 8.986126899719238281e+00 0.000000000000000000e+00
3.760105957031250000e+03 1.086431121826171875e+01 0.000000000000000000e+00
3.760970947265625000e+03 8.111822128295898438e+00 0.000000000000000000e+00
3.761836181640625000e+03 1.113236713409423828e+01 0.000000000000000000e+00
3.762703613281250000e+03 7.651607036590576172e+00 0.000000000000000000e+00
3.763569335937500000e+03 5.617133617401123047e+00 0.000000000000000000e+00
3.764437011718750000e+03 7.961115837097167969e+00 0.000000000000000000e+00
3.765302978515625000e+03 9.753140449523925781e+00 0.000000000000000000e+00
3.766171386718750000e+03 9.571427345275878906e+00 0.000000000000000000e+00
3.767037841796875000e+03 3.880437612533569336e+00 0.000000000000000000e+00
3.767904296875000000e+03 -7.537275552749633789e-02 0.000000000000000000e+00
3.768773193359375000e+03 4.811643958091735840e-01 0.000000000000000000e+00
3.769640136718750000e+03 8.374646902084350586e-01 0.000000000000000000e+00
3.770509521484375000e+03 -1.064447402954101562e+00 0.000000000000000000e+00
3.771376953125000000e+03 2.499318122863769531e+00 0.000000000000000000e+00
3.772246582031250000e+03 2.493268966674804688e+00 0.000000000000000000e+00
3.773114501953125000e+03 1.812949061393737793e+00 0.000000000000000000e+00
3.773982421875000000e+03 4.265417098999023438e+00 0.000000000000000000e+00
3.774852783203125000e+03 6.468470096588134766e+00 0.000000000000000000e+00
3.775720947265625000e+03 5.805240154266357422e+00 0.000000000000000000e+00
3.776591796875000000e+03 8.078217506408691406e+00 0.000000000000000000e+00
3.777460449218750000e+03 4.228200912475585938e+00 0.000000000000000000e+00
3.778331542968750000e+03 1.098273181915283203e+01 0.000000000000000000e+00
3.779200927734375000e+03 1.340322589874267578e+01 0.000000000000000000e+00
3.780070312500000000e+03 8.852547645568847656e+00 0.000000000000000000e+00
3.780941894531250000e+03 7.789114475250244141e+00 0.000000000000000000e+00
3.781811767578125000e+03 9.315910339355468750e+00 0.000000000000000000e+00
3.782683837890625000e+03 1.487818050384521484e+01 0.000000000000000000e+00
3.783553955078125000e+03 1.025045490264892578e+01 0.000000000000000000e+00
3.784426513671875000e+03 6.199705600738525391e+00 0.000000000000000000e+00
3.785297119140625000e+03 5.059786319732666016e+00 0.000000000000000000e+00
3.786167968750000000e+03 1.523312091827392578e+00 0.000000000000000000e+00
3.787041015625000000e+03 1.470896720886230469e+00 0.000000000000000000e+00
3.787912109375000000e+03 3.588738203048706055e+00 0.000000000000000000e+00
3.788785644531250000e+03 6.677073955535888672e+00 0.000000000000000000e+00
3.789657226562500000e+03 7.324042797088623047e+00 0.000000000000000000e+00
3.790531005859375000e+03 7.789384841918945312e+00 0.000000000000000000e+00
3.791403076171875000e+03 9.289551734924316406e+00 0.000000000000000000e+00
3.792275390625000000e+03 4.489765167236328125e+00 0.000000000000000000e+00
3.793149902343750000e+03 3.072914361953735352e+00 0.000000000000000000e+00
3.794022460937500000e+03 1.954098105430603027e+00 0.000000000000000000e+00
3.794897216796875000e+03 1.269028186798095703e+00 0.000000000000000000e+00
3.795770263671875000e+03 2.737871170043945312e+00 0.000000000000000000e+00
3.796645507812500000e+03 6.454627990722656250e+00 0.000000000000000000e+00
3.797519042968750000e+03 9.149203300476074219e+00 0.000000000000000000e+00
3.798392578125000000e+03 6.819325447082519531e+00 0.000000000000000000e+00
3.799268554687500000e+03 5.050431728363037109e+00 0.000000000000000000e+00
3.800142578125000000e+03 7.727182388305664062e+00 0.000000000000000000e+00
3.801018798828125000e+03 1.097863483428955078e+01 0.000000000000000000e+00
3.801893310546875000e+03 9.232737541198730469e+00 0.000000000000000000e+00
3.802770019531250000e+03 5.602200508117675781e+00 0.000000000000000000e+00
3.803644775390625000e+03 6.534932613372802734e+00 0.000000000000000000e+00
3.804521972656250000e+03 1.005949020385742188e+01 0.000000000000000000e+00
3.805397216796875000e+03 8.807801246643066406e+00 0.000000000000000000e+00
3.806272705078125000e+03 7.806136131286621094e+00 0.000000000000000000e+00
3.807150390625000000e+03 1.349321842193603516e+01 0.000000000000000000e+00
3.808026123046875000e+03 1.396313762664794922e+01 0.000000000000000000e+00
3.808904296875000000e+03 8.056992530822753906e+00 0.000000000000000000e+00
3.809780517578125000e+03 6.340440750122070312e+00 0.000000000000000000e+00
3.810658935546875000e+03 7.304497718811035156e+00 0.000000000000000000e+00
3.811535644531250000e+03 6.739051818847656250e+00 0.000000000000000000e+00
3.812412597656250000e+03 4.524040699005126953e+00 0.000000000000000000e+00
3.813291748046875000e+03 5.093319892883300781e+00 0.000000000000000000e+00
3.814168945312500000e+03 9.548617362976074219e+00 0.000000000000000000e+00
3.815048339843750000e+03 8.048373222351074219e+00 0.000000000000000000e+00
3.815926025390625000e+03 5.751725673675537109e+00 0.000000000000000000e+00
3.816805908203125000e+03 7.412355899810791016e+00 0.000000000000000000e+00
3.817684082031250000e+03 9.470733642578125000e+00 0.000000000000000000e+00
3.818562255859375000e+03 5.964222908020019531e+00 0.000000000000000000e+00
3.819442871093750000e+03 9.024371147155761719e+00 0.000000000000000000e+00
3.820321533203125000e+03 9.771596908569335938e+00 0.000000000000000000e+00
3.821202392578125000e+03 9.107270240783691406e+00 0.000000000000000000e+00
3.822081542968750000e+03 1.074872016906738281e+01 0.000000000000000000e+00
3.822962890625000000e+03 1.442496490478515625e+01 0.000000000000000000e+00
3.823842285156250000e+03 1.511610031127929688e+01 0.000000000000000000e+00
3.824721923828125000e+03 1.107189941406250000e+01 0.000000000000000000e+00
3.825604003906250000e+03 1.104745006561279297e+01 0.000000000000000000e+00
3.826484130859375000e+03 1.213709640502929688e+01 0.000000000000000000e+00
3.827366455078125000e+03 1.077046966552734375e+01 0.000000000000000000e+00
3.828246826171875000e+03 9.136653900146484375e+00 0.000000000000000000e+00
3.829129638671875000e+03 1.120587444305419922e+01 0.000000000000000000e+00
3.830010498046875000e+03 7.187784194946289062e+00 0.000000000000000000e+00
3.830891601562500000e+03 7.186222076416015625e+00 0.000000000000000000e+00
3.831775146484375000e+03 7.123203754425048828e+00 0.000000000000000000e+00
3.832656494140625000e+03 4.462611198425292969e+00 0.000000000000000000e+00
3.833540283203125000e+03 3.185660123825073242e+00 0.000000000000000000e+00
3.834422363281250000e+03 5.523895740509033203e+00 0.000000000000000000e+00
3.835306396484375000e+03 5.660781383514404297e+00 0.000000000000000000e+00
3.836188720703125000e+03 2.181398868560791016e+00 0.000000000000000000e+00
3.837071289062500000e+03 4.199553489685058594e+00 0.000000000000000000e+00
3.837956054687500000e+03 8.538419723510742188e+00 0.000000000000000000e+00
3.838839111328125000e+03 7.108400344848632812e+00 0.000000000000000000e+00
3.839724365234375000e+03 8.093254089355468750e+00 0.000000000000000000e+00
3.840607666015625000e+03 1.082936573028564453e+01 0.000000000000000000e+00
3.841493164062500000e+03 1.023974037170410156e+01 0.000000000000000000e+00
3.842376953125000000e+03 1.050194740295410156e+01 0.000000000000000000e+00
3.843260986328125000e+03 1.175155735015869141e+01 0.000000000000000000e+00
3.844147216796875000e+03 1.064876937866210938e+01 0.000000000000000000e+00
3.845031494140625000e+03 9.607687950134277344e+00 0.000000000000000000e+00
3.845918212890625000e+03 8.432487487792968750e+00 0.000000000000000000e+00
3.846802978515625000e+03 8.408217430114746094e+00 0.000000000000000000e+00
3.847689941406250000e+03 6.573122978210449219e+00 0.000000000000000000e+00
3.848575195312500000e+03 5.632441043853759766e+00 0.000000000000000000e+00
3.849460449218750000e+03 8.649136543273925781e+00 0.000000000000000000e+00
3.850348144531250000e+03 7.966955661773681641e+00 0.000000000000000000e+00
3.851233886718750000e+03 5.971229553222656250e+00 0.000000000000000000e+00
3.852122070312500000e+03 8.339694023132324219e+00 0.000000000000000000e+00
3.853008300781250000e+03 9.758860588073730469e+00 0.000000000000000000e+00
3.853896728515625000e+03 1.032531929016113281e+01 0.000000000000000000e+00
3.854783203125000000e+03 1.258106994628906250e+01 0.000000000000000000e+00
3.855670166015625000e+03 1.001824760437011719e+01 0.000000000000000000e+00
3.856559082031250000e+03 1.095575046539306641e+01 0.000000000000000000e+00
3.857446289062500000e+03 5.614897251129150391e+00 0.000000000000000000e+00
3.858335937500000000e+03 7.622140407562255859e+00 0.000000000000000000e+00
3.859223388671875000e+03 1.315610980987548828e+01 0.000000000000000000e+00
3.860113525390625000e+03 7.979611873626708984e+00 0.000000000000000000e+00
3.861001464843750000e+03 4.764316082000732422e+00 0.000000000000000000e+00
3.861889648437500000e+03 6.836224079132080078e+00 0.000000000000000000e+00
3.862780273437500000e+03 4.614917755126953125e+00 0.000000000000000000e+00
3.863668945312500000e+03 4.290172576904296875e+00 0.000000000000000000e+00
3.864559814453125000e+03 6.287580966949462891e+00 0.000000000000000000e+00
3.865448730468750000e+03 4.583640575408935547e+00 0.000000000000000000e+00
3.866340087890625000e+03 2.221142053604125977e+00 0.000000000000000000e+00
3.867229736328125000e+03 8.844656944274902344e-01 0.000000000000000000e+00
3.868121337890625000e+03 3.015096485614776611e-01 0.000000000000000000e+00
3.869011230468750000e+03 1.742170304059982300e-01 0.000000000000000000e+00
3.869901367187500000e+03 -3.753338456153869629e-01 0.000000000000000000e+00
3.870793701171875000e+03 -9.732129573822021484e-01 0.000000000000000000e+00
3.871684082031250000e+03 1.670351147651672363e+00 0.000000000000000000e+00
3.872576904296875000e+03 5.134566783905029297e+00 0.000000000000000000e+00
3.873467773437500000e+03 7.882336139678955078e+00 0.000000000000000000e+00
3.874361083984375000e+03 9.503560066223144531e+00 0.000000000000000000e+00
3.875252441406250000e+03 9.171984672546386719e+00 0.000000000000000000e+00
3.876143798828125000e+03 7.674609184265136719e+00 0.000000000000000000e+00
3.877037597656250000e+03 9.008548736572265625e+00 0.000000000000000000e+00
3.877929687500000000e+03 8.698642730712890625e+00 0.000000000000000000e+00
3.878823730468750000e+03 9.007901191711425781e+00 0.000000000000000000e+00
3.879716064453125000e+03 7.027225017547607422e+00 0.000000000000000000e+00
3.880610839843750000e+03 4.683428287506103516e+00 0.000000000000000000e+00
3.881503662109375000e+03 6.100838661193847656e+00 0.000000000000000000e+00
3.882396484375000000e+03 7.198101997375488281e+00 0.000000000000000000e+00
3.883291748046875000e+03 9.607470512390136719e+00 0.000000000000000000e+00
3.884185058593750000e+03 8.090532302856445312e+00 0.000000000000000000e+00
3.885080810546875000e+03 7.120677947998046875e+00 0.000000000000000000e+00
3.885974609375000000e+03 8.523145675659179688e+00 0.000000000000000000e+00
3.886870605468750000e+03 8.720635414123535156e+00 0.000000000000000000e+00
3.887764892578125000e+03 6.260986804962158203e+00 0.000000000000000000e+00
3.888659179687500000e+03 3.556996107101440430e+00 0.000000000000000000e+00
3.889555908203125000e+03 5.234170436859130859e+00 0.000000000000000000e+00
3.890450683593750000e+03 4.578308582305908203e+00 0.000000000000000000e+00
3.891347900390625000e+03 3.739577770233154297e+00 0.000000000000000000e+00
3.892242919921875000e+03 7.772534847259521484e+00 0.000000000000000000e+00
3.893140625000000000e+03 5.886028766632080078e+00 0.000000000000000000e+00
3.894036132812500000e+03 7.850354671478271484e+00 0.000000000000000000e+00
3.894931884765625000e+03 6.806088447570800781e+00 0.000000000000000000e+00
3.895830078125000000e+03 6.453447341918945312e+00 0.000000000000000000e+00
3.896726318359375000e+03 7.892347335815429688e+00 0.000000000000000000e+00
3.897625000000000000e+03 6.790574550628662109e+00 0.000000000000000000e+00
3.898521484375000000e+03 3.101087570190429688e+00 0.000000000000000000e+00
3.899420654296875000e+03 5.132737755775451660e-01 0.000000000000000000e+00
3.900317626953125000e+03 3.268548965454101562e+00 0.000000000000000000e+00
3.901214843750000000e+03 4.364271640777587891e+00 0.000000000000000000e+00
3.902114501953125000e+03 3.445998907089233398e+00 0.000000000000000000e+00
3.903012207031250000e+03 5.269954204559326172e+00 0.000000000000000000e+00
3.903912109375000000e+03 4.732552528381347656e+00 0.000000000000000000e+00
3.904810302734375000e+03 2.381272315979003906e+00 0.000000000000000000e+00
3.905710693359375000e+03 4.832640171051025391e+00 0.000000000000000000e+00
3.906609375000000000e+03 7.586760997772216797e+00 0.000000000000000000e+00
3.907508056640625000e+03 7.772194862365722656e+00 0.000000000000000000e+00
3.908408935546875000e+03 8.090096473693847656e+00 0.000000000000000000e+00
3.909308105468750000e+03 9.831733703613281250e+00 0.000000000000000000e+00
3.910209716796875000e+03 8.789619445800781250e+00 0.000000000000000000e+00
3.911109130859375000e+03 1.027592754364013672e+01 0.000000000000000000e+00
3.912010986328125000e+03 8.794547080993652344e+00 0.000000000000000000e+00
3.912911132812500000e+03 4.771185874938964844e+00 0.000000000000000000e+00
3.913811279296875000e+03 5.348426818847656250e+00 0.000000000000000000e+00
3.914713623046875000e+03 8.576372146606445312e+00 0.000000000000000000e+00
3.915614257812500000e+03 5.786016941070556641e+00 0.000000000000000000e+00
3.916517089843750000e+03 7.316895484924316406e+00 0.000000000000000000e+00
3.917418212890625000e+03 8.635742187500000000e+00 0.000000000000000000e+00
3.918321533203125000e+03 6.997953414916992188e+00 0.000000000000000000e+00
3.919222900390625000e+03 5.839372158050537109e+00 0.000000000000000000e+00
3.920124511718750000e+03 4.959120750427246094e+00 0.000000000000000000e+00
3.921028564453125000e+03 7.538578987121582031e+00 0.000000000000000000e+00
3.921930664062500000e+03 6.781702041625976562e+00 0.000000000000000000e+00
3.922834960937500000e+03 6.066881179809570312e+00 0.000000000000000000e+00
3.923737304687500000e+03 5.801632881164550781e+00 0.000000000000000000e+00
3.924642089843750000e+03 3.682268857955932617e+00 0.000000000000000000e+00
3.925545166015625000e+03 4.996258258819580078e+00 0.000000000000000000e+00
3.926447998046875000e+03 3.327314615249633789e+00 0.000000000000000000e+00
3.927353515625000000e+03 3.727315902709960938e+00 0.000000000000000000e+00
3.928257080078125000e+03 6.613498687744140625e+00 0.000000000000000000e+00
3.929162841796875000e+03 8.616835594177246094e+00 0.000000000000000000e+00
3.930066894531250000e+03 8.621212005615234375e+00 0.000000000000000000e+00
3.930973144531250000e+03 1.085945510864257812e+01 0.000000000000000000e+00
3.931877441406250000e+03 7.696310043334960938e+00 0.000000000000000000e+00
3.932781982421875000e+03 7.502406597137451172e+00 0.000000000000000000e+00
3.933688720703125000e+03 9.271901130676269531e+00 0.000000000000000000e+00
3.934593750000000000e+03 9.899443626403808594e+00 0.000000000000000000e+00
3.935500976562500000e+03 9.886408805847167969e+00 0.000000000000000000e+00
3.936406250000000000e+03 1.087046241760253906e+01 0.000000000000000000e+00
3.937314208984375000e+03 8.022205352783203125e+00 0.000000000000000000e+00
3.938219970703125000e+03 7.717050552368164062e+00 0.000000000000000000e+00
3.939127929687500000e+03 8.418339729309082031e+00 0.000000000000000000e+00
3.940034179687500000e+03 7.843821525573730469e+00 0.000000000000000000e+00
3.940940673828125000e+03 7.329562187194824219e+00 0.000000000000000000e+00
3.941849365234375000e+03 8.501924514770507812e+00 0.000000000000000000e+00
3.942756103515625000e+03 7.274383068084716797e+00 0.000000000000000000e+00
3.943665283203125000e+03 8.282281875610351562e+00 0.000000000000000000e+00
3.944572509765625000e+03 1.041282176971435547e+01 0.000000000000000000e+00
3.945482177734375000e+03 9.459031105041503906e+00 0.000000000000000000e+00
3.946389892578125000e+03 5.082669258117675781e+00 0.000000000000000000e+00
3.947297851562500000e+03 5.086714744567871094e+00 0.000000000000000000e+00
3.948208007812500000e+03 8.451461791992187500e+00 0.000000000000000000e+00
3.949116210937500000e+03 9.462765693664550781e+00 0.000000000000000000e+00
3.950026855468750000e+03 9.942530632019042969e+00 0.000000000000000000e+00
3.950935546875000000e+03 1.002553844451904297e+01 0.000000000000000000e+00
3.951846679687500000e+03 8.337692260742187500e+00 0.000000000000000000e+00
3.952755859375000000e+03 9.498810768127441406e+00 0.000000000000000000e+00
3.953665039062500000e+03 9.222986221313476562e+00 0.000000000000000000e+00
3.954576904296875000e+03 6.707183361053466797e+00 0.000000000000000000e+00
3.955486572265625000e+03 5.788855552673339844e+00 0.000000000000000000e+00
3.956398681640625000e+03 6.020085811614990234e+00 0.000000000000000000e+00
3.957308837890625000e+03 5.175251007080078125e+00 0.000000000000000000e+00
3.958221435546875000e+03 8.128417968750000000e+00 0.000000000000000000e+00
3.959132080078125000e+03 8.771823883056640625e+00 0.000000000000000000e+00
3.960042724609375000e+03 6.565694332122802734e+00 0.000000000000000000e+00
3.960956054687500000e+03 3.352680921554565430e+00 0.000000000000000000e+00
3.961867187500000000e+03 2.189314365386962891e+00 0.000000000000000000e+00
3.962780761718750000e+03 4.437115669250488281e+00 0.000000000000000000e+00
3.963692382812500000e+03 6.108139991760253906e+00 0.000000000000000000e+00
3.964606445312500000e+03 6.981241226196289062e+00 0.000000000000000000e+00
3.965518554687500000e+03 6.667179584503173828e+00 0.000000000000000000e+00
3.966430664062500000e+03 5.039627552032470703e+00 0.000000000000000000e+00
3.967345458984375000e+03 4.157914638519287109e+00 0.000000000000000000e+00
3.968258056640625000e+03 5.715281486511230469e+00 0.000000000000000000e+00
3.969173095703125000e+03 6.569568157196044922e+00 0.000000000000000000e+00
3.970086181640625000e+03 8.954253196716308594e+00 0.000000000000000000e+00
3.971001708984375000e+03 1.030691719055175781e+01 0.000000000000000000e+00
3.971915283203125000e+03 9.917444229125976562e+00 0.000000000000000000e+00
3.972829101562500000e+03 7.467407226562500000e+00 0.000000000000000000e+00
3.973745117187500000e+03 3.616096019744873047e+00 0.000000000000000000e+00
3.974659179687500000e+03 1.892218947410583496e+00 0.000000000000000000e+00
3.975575927734375000e+03 -4.881128668785095215e-01 0.000000000000000000e+00
3.976490478515625000e+03 1.302486300468444824e+00 0.000000000000000000e+00
3.977407470703125000e+03 2.317344427108764648e+00 0.000000000000000000e+00
3.978322509765625000e+03 2.803782939910888672e+00 0.000000000000000000e+00
3.979237548828125000e+03 7.356141567230224609e+00 0.000000000000000000e+00
3.980155273437500000e+03 9.097536087036132812e+00 0.000000000000000000e+00
3.981070800781250000e+03 9.897367477416992188e+00 0.000000000000000000e+00
3.981988769531250000e+03 7.401549816131591797e+00 0.000000000000000000e+00
3.982904785156250000e+03 5.847989559173583984e+00 0.000000000000000000e+00
3.983823242187500000e+03 6.427251338958740234e+00 0.000000000000000000e+00
3.984739746093750000e+03 5.447463512420654297e+00 0.000000000000000000e+00
3.985656494140625000e+03 2.847595453262329102e+00 0.000000000000000000e+00
3.986575683593750000e+03 2.113067150115966797e+00 0.000000000000000000e+00
3.987492675781250000e+03 3.352231502532958984e+00 0.000000000000000000e+00
3.988412109375000000e+03 5.364699363708496094e+00 0.000000000000000000e+00
3.989329833984375000e+03 7.783588409423828125e+00 0.000000000000000000e+00
3.990249755859375000e+03 1.002925395965576172e+01 0.000000000000000000e+00
3.991167724609375000e+03 9.507346153259277344e+00 0.000000000000000000e+00
3.992085693359375000e+03 9.381924629211425781e+00 0.000000000000000000e+00
3.993006347656250000e+03 8.471837997436523438e+00 0.000000000000000000e+00
3.993925048828125000e+03 5.640571594238281250e+00 0.000000000000000000e+00
3.994845947265625000e+03 2.723691463470458984e+00 0.000000000000000000e+00
3.995764892578125000e+03 2.167024135589599609e+00 0.000000000000000000e+00
3.996686279296875000e+03 1.986011147499084473e+00 0.000000000000000000e+00
3.997605712890625000e+03 3.793657064437866211e+00 0.000000000000000000e+00
3.998525390625000000e+03 3.265922546386718750e+00 0.000000000000000000e+00
3.999447509765625000e+03 2.785641193389892578e+00 0.000000000000000000e+00
4.000367431640625000e+03 3.012319803237915039e+00 0.000000000000000000e+00
4.001290039062500000e+03 1.544131159782409668e+00 0.000000000000000000e+00
4.002210449218750000e+03 9.003300666809082031e-01 0.000000000000000000e+00
4.003133300781250000e+03 2.660034418106079102e+00 0.000000000000000000e+00
4.004054443359375000e+03 3.453689575195312500e+00 0.000000000000000000e+00
4.004975341796875000e+03 4.774918079376220703e+00 0.000000000000000000e+00
4.005898925781250000e+03 5.758170604705810547e+00 0.000000000000000000e+00
4.006820556640625000e+03 4.697501182556152344e+00 0.000000000000000000e+00
4.007744628906250000e+03 7.821816444396972656e+00 0.000000000000000000e+00
4.008666503906250000e+03 9.265167236328125000e+00 0.000000000000000000e+00
4.009590820312500000e+03 8.776174545288085938e+00 0.000000000000000000e+00
4.010513183593750000e+03 1.085013484954833984e+01 0.000000000000000000e+00
4.011437988281250000e+03 1.433319759368896484e+01 0.000000000000000000e+00
4.012360839843750000e+03 1.398141288757324219e+01 0.000000000000000000e+00
4.013283935546875000e+03 1.238875579833984375e+01 0.000000000000000000e+00
4.014209472656250000e+03 1.023534774780273438e+01 0.000000000000000000e+00
4.015132812500000000e+03 1.203924465179443359e+01 0.000000000000000000e+00
4.016058837890625000e+03 9.927322387695312500e+00 0.000000000000000000e+00
4.016982666015625000e+03 6.557887077331542969e+00 0.000000000000000000e+00
4.017908935546875000e+03 1.159715652465820312e+01 0.000000000000000000e+00
4.018833251953125000e+03 1.249249076843261719e+01 0.000000000000000000e+00
4.019757812500000000e+03 1.079657173156738281e+01 0.000000000000000000e+00
4.020684814453125000e+03 8.807056427001953125e+00 0.000000000000000000e+00
4.021609619140625000e+03 7.058191776275634766e+00 0.000000000000000000e+00
4.022537109375000000e+03 8.281107902526855469e+00 0.000000000000000000e+00
4.023462402343750000e+03 1.275290679931640625e+01 0.000000000000000000e+00
4.024390136718750000e+03 1.003182601928710938e+01 0.000000000000000000e+00
4.025316162109375000e+03 8.621769905090332031e+00 0.000000000000000000e+00
4.026242187500000000e+03 1.012246704101562500e+01 0.000000000000000000e+00
4.027170410156250000e+03 1.000812244415283203e+01 0.000000000000000000e+00
4.028096923828125000e+03 9.031780242919921875e+00 0.000000000000000000e+00
4.029025878906250000e+03 1.119874954223632812e+01 0.000000000000000000e+00
4.029952636718750000e+03 1.095552349090576172e+01 0.000000000000000000e+00
4.030882080078125000e+03 1.081475925445556641e+01 0.000000000000000000e+00
4.031809326171875000e+03 1.109659290313720703e+01 0.000000000000000000e+00
4.032736816406250000e+03 1.078642463684082031e+01 0.000000000000000000e+00
4.033666748046875000e+03 1.033622932434082031e+01 0.000000000000000000e+00
4.034594726562500000e+03 1.057912445068359375e+01 0.000000000000000000e+00
4.035525146484375000e+03 9.686564445495605469e+00 0.000000000000000000e+00
4.036453369140625000e+03 1.225132274627685547e+01 0.000000000000000000e+00
4.037384277343750000e+03 1.244364356994628906e+01 0.000000000000000000e+00
4.038312988281250000e+03 1.065104484558105469e+01 0.000000000000000000e+00
4.039241943359375000e+03 9.929809570312500000e+00 0.000000000000000000e+00
4.040173583984375000e+03 1.034988212585449219e+01 0.000000000000000000e+00
4.041103027343750000e+03 7.947840690612792969e+00 0.000000000000000000e+00
4.042034667968750000e+03 6.236278533935546875e+00 0.000000000000000000e+00
4.042964599609375000e+03 9.209629058837890625e+00 0.000000000000000000e+00
4.043896972656250000e+03 1.287777996063232422e+01 0.000000000000000000e+00
4.044827148437500000e+03 1.420087051391601562e+01 0.000000000000000000e+00
4.045757812500000000e+03 1.347134304046630859e+01 0.000000000000000000e+00
4.046690673828125000e+03 9.588283538818359375e+00 0.000000000000000000e+00
4.047621582031250000e+03 1.083502483367919922e+01 0.000000000000000000e+00
4.048554931640625000e+03 9.526280403137207031e+00 0.000000000000000000e+00
4.049486328125000000e+03 8.514824867248535156e+00 0.000000000000000000e+00
4.050420166015625000e+03 8.969491958618164062e+00 0.000000000000000000e+00
4.051352050781250000e+03 7.121924400329589844e+00 0.000000000000000000e+00
4.052283935546875000e+03 7.218352794647216797e+00 0.000000000000000000e+00
4.053218505859375000e+03 9.339808464050292969e+00 0.000000000000000000e+00
4.054150878906250000e+03 1.124297428131103516e+01 0.000000000000000000e+00
4.055085693359375000e+03 1.141859626770019531e+01 0.000000000000000000e+00
4.056018554687500000e+03 1.066970920562744141e+01 0.000000000000000000e+00
4.056953857421875000e+03 1.036467552185058594e+01 0.000000000000000000e+00
4.057887207031250000e+03 8.898998260498046875e+00 0.000000000000000000e+00
4.058820800781250000e+03 8.781282424926757812e+00 0.000000000000000000e+00
4.059756591796875000e+03 8.804712295532226562e+00 0.000000000000000000e+00
4.060690673828125000e+03 1.044638919830322266e+01 0.000000000000000000e+00
4.061626953125000000e+03 1.246591281890869141e+01 0.000000000000000000e+00
4.062561279296875000e+03 1.125225734710693359e+01 0.000000000000000000e+00
4.063498291015625000e+03 9.482842445373535156e+00 0.000000000000000000e+00
4.064433105468750000e+03 1.004009723663330078e+01 0.000000000000000000e+00
4.065367919921875000e+03 7.444066524505615234e+00 0.000000000000000000e+00
4.066305419921875000e+03 4.600044250488281250e+00 0.000000000000000000e+00
4.067240966796875000e+03 4.393277168273925781e+00 0.000000000000000000e+00
4.068178710937500000e+03 5.419316291809082031e+00 0.000000000000000000e+00
4.069114746093750000e+03 7.667304992675781250e+00 0.000000000000000000e+00
4.070052978515625000e+03 1.072005844116210938e+01 0.000000000000000000e+00
4.070989257812500000e+03 9.334785461425781250e+00 0.000000000000000000e+00
4.071925781250000000e+03 8.178199768066406250e+00 0.000000000000000000e+00
4.072864746093750000e+03 8.196601867675781250e+00 0.000000000000000000e+00
4.073801757812500000e+03 5.895941734313964844e+00 0.000000000000000000e+00
4.074741210937500000e+03 8.313549995422363281e+00 0.000000000000000000e+00
4.075678710937500000e+03 7.812677860260009766e+00 0.000000000000000000e+00
4.076618408203125000e+03 8.025316238403320312e+00 0.000000000000000000e+00
4.077556152343750000e+03 8.966267585754394531e+00 0.000000000000000000e+00
4.078494384765625000e+03 8.909089088439941406e+00 0.000000000000000000e+00
4.079434814453125000e+03 8.173384666442871094e+00 0.000000000000000000e+00
4.080373291015625000e+03 8.833751678466796875e+00 0.000000000000000000e+00
4.081314208984375000e+03 8.614959716796875000e+00 0.000000000000000000e+00
4.082253173828125000e+03 8.913055419921875000e+00 0.000000000000000000e+00
4.083194335937500000e+03 7.965609550476074219e+00 0.000000000000000000e+00
4.084133789062500000e+03 5.319796085357666016e+00 0.000000000000000000e+00
4.085075683593750000e+03 4.002393722534179688e+00 0.000000000000000000e+00
4.086015380859375000e+03 5.941576957702636719e+00 0.000000000000000000e+00
4.086955322265625000e+03 6.910536289215087891e+00 0.000000000000000000e+00
4.087897705078125000e+03 7.912099361419677734e+00 0.000000000000000000e+00
4.088838134765625000e+03 9.206281661987304688e+00 0.000000000000000000e+00
4.089781005859375000e+03 8.126153945922851562e+00 0.000000000000000000e+00
4.090721923828125000e+03 3.649852037429809570e+00 0.000000000000000000e+00
4.091665283203125000e+03 3.428623437881469727e+00 0.000000000000000000e+00
4.092606445312500000e+03 2.170088529586791992e+00 0.000000000000000000e+00
4.093548095703125000e+03 1.201393127441406250e+00 0.000000000000000000e+00
4.094491943359375000e+03 6.275933980941772461e-01 0.000000000000000000e+00
4.095433837890625000e+03 -6.267306208610534668e-02 0.000000000000000000e+00
4.096378417968750000e+03 3.504686756059527397e-03 0.000000000000000000e+00
4.097320800781250000e+03 2.346451997756958008e+00 0.000000000000000000e+00
4.098265625000000000e+03 2.505365610122680664e+00 0.000000000000000000e+00
4.099208496093750000e+03 3.111601114273071289e+00 0.000000000000000000e+00
4.100151367187500000e+03 6.170555591583251953e+00 0.000000000000000000e+00
4.101096679687500000e+03 8.929956436157226562e+00 0.000000000000000000e+00
4.102040039062500000e+03 7.953680038452148438e+00 0.000000000000000000e+00
4.102986328125000000e+03 8.599058151245117188e+00 0.000000000000000000e+00
4.103930175781250000e+03 9.096060752868652344e+00 0.000000000000000000e+00
4.104876464843750000e+03 1.017288017272949219e+01 0.000000000000000000e+00
4.105820800781250000e+03 1.126227188110351562e+01 0.000000000000000000e+00
4.106765136718750000e+03 1.126142978668212891e+01 0.000000000000000000e+00
4.107712402343750000e+03 9.649806022644042969e+00 0.000000000000000000e+00
4.108657226562500000e+03 7.082118988037109375e+00 0.000000000000000000e+00
4.109604492187500000e+03 7.385544776916503906e+00 0.000000000000000000e+00
4.110550292968750000e+03 6.842515945434570312e+00 0.000000000000000000e+00
4.111498046875000000e+03 7.312801361083984375e+00 0.000000000000000000e+00
4.112443847656250000e+03 9.437119483947753906e+00 0.000000000000000000e+00
4.113389648437500000e+03 9.966067314147949219e+00 0.000000000000000000e+00
4.114338378906250000e+03 9.515215873718261719e+00 0.000000000000000000e+00
4.115285156250000000e+03 9.319566726684570312e+00 0.000000000000000000e+00
4.116233886718750000e+03 7.824901103973388672e+00 0.000000000000000000e+00
4.117180664062500000e+03 7.491915702819824219e+00 0.000000000000000000e+00
4.118130371093750000e+03 8.580466270446777344e+00 0.000000000000000000e+00
4.119077636718750000e+03 8.498264312744140625e+00 0.000000000000000000e+00
4.120025390625000000e+03 9.795618057250976562e+00 0.000000000000000000e+00
4.120975097656250000e+03 9.914041519165039062e+00 0.000000000000000000e+00
4.121923339843750000e+03 1.078860664367675781e+01 0.000000000000000000e+00
4.122874023437500000e+03 1.006802082061767578e+01 0.000000000000000000e+00
4.123822265625000000e+03 6.862590312957763672e+00 0.000000000000000000e+00
4.124773437500000000e+03 4.721166133880615234e+00 0.000000000000000000e+00
4.125722167968750000e+03 5.785828590393066406e+00 0.000000000000000000e+00
4.126671386718750000e+03 6.352208614349365234e+00 0.000000000000000000e+00
4.127623046875000000e+03 5.405375957489013672e+00 0.000000000000000000e+00
4.128572265625000000e+03 3.740485429763793945e+00 0.000000000000000000e+00
4.129524414062500000e+03 4.123946189880371094e+00 0.000000000000000000e+00
4.130474609375000000e+03 7.567059040069580078e+00 0.000000000000000000e+00
4.131426757812500000e+03 7.114806652069091797e+00 0.000000000000000000e+00
4.132377441406250000e+03 7.702585220336914062e+00 0.000000000000000000e+00
4.133328125000000000e+03 9.451188087463378906e+00 0.000000000000000000e+00
4.134281250000000000e+03 1.039175128936767578e+01 0.000000000000000000e+00
4.135232421875000000e+03 9.272481918334960938e+00 0.000000000000000000e+00
4.136185546875000000e+03 7.558814525604248047e+00 0.000000000000000000e+00
4.137137207031250000e+03 9.190646171569824219e+00 0.000000000000000000e+00
4.138091308593750000e+03 8.441739082336425781e+00 0.000000000000000000e+00
4.139043457031250000e+03 4.188519477844238281e+00 0.000000000000000000e+00
4.139995605468750000e+03 1.321931481361389160e+00 0.000000000000000000e+00
4.140950195312500000e+03 1.999407887458801270e+00 0.000000000000000000e+00
4.141902832031250000e+03 3.576892375946044922e+00 0.000000000000000000e+00
4.142857910156250000e+03 6.147919178009033203e+00 0.000000000000000000e+00
4.143811035156250000e+03 8.344576835632324219e+00 0.000000000000000000e+00
4.144766601562500000e+03 9.341907501220703125e+00 0.000000000000000000e+00
4.145720214843750000e+03 8.910347938537597656e+00 0.000000000000000000e+00
4.146673828125000000e+03 7.508071899414062500e+00 0.000000000000000000e+00
4.147629882812500000e+03 6.635595798492431641e+00 0.000000000000000000e+00
4.148583984375000000e+03 8.239558219909667969e+00 0.000000000000000000e+00
4.149540527343750000e+03 9.398819923400878906e+00 0.000000000000000000e+00
4.150495117187500000e+03 1.089645290374755859e+01 0.000000000000000000e+00
4.151452636718750000e+03 1.148868751525878906e+01 0.000000000000000000e+00
4.152407226562500000e+03 1.012599658966064453e+01 0.000000000000000000e+00
4.153362792968750000e+03 8.263203620910644531e+00 0.000000000000000000e+00
4.154320312500000000e+03 8.329809188842773438e+00 0.000000000000000000e+00
4.155276367187500000e+03 8.209312438964843750e+00 0.000000000000000000e+00
4.156234375000000000e+03 7.725271701812744141e+00 0.000000000000000000e+00
4.157190429687500000e+03 8.795099258422851562e+00 0.000000000000000000e+00
4.158148925781250000e+03 1.012989902496337891e+01 0.000000000000000000e+00
4.159105468750000000e+03 8.817979812622070312e+00 0.000000000000000000e+00
4.160064941406250000e+03 9.865500450134277344e+00 0.000000000000000000e+00
4.161021972656250000e+03 1.015267181396484375e+01 0.000000000000000000e+00
4.161979003906250000e+03 1.032768726348876953e+01 0.000000000000000000e+00
4.162938964843750000e+03 9.229266166687011719e+00 0.000000000000000000e+00
4.163896484375000000e+03 7.485353469848632812e+00 0.000000000000000000e+00
4.164856445312500000e+03 7.331841468811035156e+00 0.000000000000000000e+00
4.165814941406250000e+03 5.403422355651855469e+00 0.000000000000000000e+00
4.166775390625000000e+03 3.880177259445190430e+00 0.000000000000000000e+00
4.167733886718750000e+03 4.501613616943359375e+00 0.000000000000000000e+00
4.168692871093750000e+03 5.951586723327636719e+00 0.000000000000000000e+00
4.169653808593750000e+03 7.313787937164306641e+00 0.000000000000000000e+00
4.170613281250000000e+03 8.640558242797851562e+00 0.000000000000000000e+00
4.171575195312500000e+03 7.700624465942382812e+00 0.000000000000000000e+00
4.172534667968750000e+03 9.136547088623046875e+00 0.000000000000000000e+00
4.173497070312500000e+03 7.699614524841308594e+00 0.000000000000000000e+00
4.174457031250000000e+03 7.076768398284912109e+00 0.000000000000000000e+00
4.175417480468750000e+03 8.499737739562988281e+00 0.000000000000000000e+00
4.176379882812500000e+03 6.646204948425292969e+00 0.000000000000000000e+00
4.177340820312500000e+03 5.355341911315917969e+00 0.000000000000000000e+00
4.178304199218750000e+03 5.825283050537109375e+00 0.000000000000000000e+00
4.179265136718750000e+03 7.849540710449218750e+00 0.000000000000000000e+00
4.180229003906250000e+03 8.874446868896484375e+00 0.000000000000000000e+00
4.181190917968750000e+03 8.341775894165039062e+00 0.000000000000000000e+00
4.182152832031250000e+03 8.658117294311523438e+00 0.000000000000000000e+00
4.183117187500000000e+03 9.746271133422851562e+00 0.000000000000000000e+00
4.184079589843750000e+03 9.958191871643066406e+00 0.000000000000000000e+00
4.185044433593750000e+03 9.684624671936035156e+00 0.000000000000000000e+00
4.186006835937500000e+03 9.764864921569824219e+00 0.000000000000000000e+00
4.186972167968750000e+03 9.587103843688964844e+00 0.000000000000000000e+00
4.187935546875000000e+03 8.379259109497070312e+00 0.000000000000000000e+00
4.188898925781250000e+03 9.370106697082519531e+00 0.000000000000000000e+00
4.189864746093750000e+03 1.058080291748046875e+01 0.000000000000000000e+00
4.190828613281250000e+03 8.587234497070312500e+00 0.000000000000000000e+00
4.191794921875000000e+03 8.369579315185546875e+00 0.000000000000000000e+00
4.192759277343750000e+03 1.082679557800292969e+01 0.000000000000000000e+00
4.193726074218750000e+03 9.949108123779296875e+00 0.000000000000000000e+00
4.194690917968750000e+03 9.916577339172363281e+00 0.000000000000000000e+00
4.195655761718750000e+03 1.130374145507812500e+01 0.000000000000000000e+00
4.196623535156250000e+03 1.046105384826660156e+01 0.000000000000000000e+00
4.197588867187500000e+03 9.045612335205078125e+00 0.000000000000000000e+00
4.198557128906250000e+03 9.028100967407226562e+00 0.000000000000000000e+00
4.199522949218750000e+03 9.087624549865722656e+00 0.000000000000000000e+00
4.200491210937500000e+03 8.686044692993164062e+00 0.000000000000000000e+00
4.201457519531250000e+03 8.766376495361328125e+00 0.000000000000000000e+00
4.202423828125000000e+03 8.225293159484863281e+00 0.000000000000000000e+00
4.203393066406250000e+03 8.241850852966308594e+00 0.000000000000000000e+00
4.204359863281250000e+03 9.355776786804199219e+00 0.000000000000000000e+00
4.205329589843750000e+03 1.017943382263183594e+01 0.000000000000000000e+00
4.206296875000000000e+03 1.086351585388183594e+01 0.000000000000000000e+00
4.207267089843750000e+03 9.089617729187011719e+00 0.000000000000000000e+00
4.208234863281250000e+03 8.466861724853515625e+00 0.000000000000000000e+00
4.209203125000000000e+03 9.035580635070800781e+00 0.000000000000000000e+00
4.210173828125000000e+03 8.947923660278320312e+00 0.000000000000000000e+00
4.211142089843750000e+03 8.016666412353515625e+00 0.000000000000000000e+00
4.212113281250000000e+03 8.215003013610839844e+00 0.000000000000000000e+00
4.213082031250000000e+03 8.402666091918945312e+00 0.000000000000000000e+00
4.214053710937500000e+03 7.278921127319335938e+00 0.000000000000000000e+00
4.215022949218750000e+03 7.699963092803955078e+00 0.000000000000000000e+00
4.215992675781250000e+03 9.464654922485351562e+00 0.000000000000000000e+00
4.216964843750000000e+03 8.976157188415527344e+00 0.000000000000000000e+00
4.217935058593750000e+03 1.094526004791259766e+01 0.000000000000000000e+00
4.218907714843750000e+03 1.001542377471923828e+01 0.000000000000000000e+00
4.219878417968750000e+03 9.691031455993652344e+00 0.000000000000000000e+00
4.220851562500000000e+03 1.012077236175537109e+01 0.000000000000000000e+00
4.221822265625000000e+03 1.021020793914794922e+01 0.000000000000000000e+00
4.222793457031250000e+03 1.069153499603271484e+01 0.000000000000000000e+00
4.223767578125000000e+03 1.135048961639404297e+01 0.000000000000000000e+00
4.224739257812500000e+03 1.142805957794189453e+01 0.000000000000000000e+00
4.225713378906250000e+03 9.547373771667480469e+00 0.000000000000000000e+00
4.226685546875000000e+03 8.385327339172363281e+00 0.000000000000000000e+00
4.227660156250000000e+03 9.325443267822265625e+00 0.000000000000000000e+00
4.228632812500000000e+03 9.987327575683593750e+00 0.000000000000000000e+00
4.229605468750000000e+03 1.001342105865478516e+01 0.000000000000000000e+00
4.230580566406250000e+03 8.876446723937988281e+00 0.000000000000000000e+00
4.231554199218750000e+03 9.308365821838378906e+00 0.000000000000000000e+00
4.232529785156250000e+03 9.638999938964843750e+00 0.000000000000000000e+00
4.233503417968750000e+03 8.818380355834960938e+00 0.000000000000000000e+00
4.234479980468750000e+03 8.980325698852539062e+00 0.000000000000000000e+00
4.235454101562500000e+03 8.811896324157714844e+00 0.000000000000000000e+00
4.236430664062500000e+03 7.523281097412109375e+00 0.000000000000000000e+00
4.237405273437500000e+03 7.854152202606201172e+00 0.000000000000000000e+00
4.238379882812500000e+03 8.300898551940917969e+00 0.000000000000000000e+00
4.239357421875000000e+03 7.569352626800537109e+00 0.000000000000000000e+00
4.240332519531250000e+03 7.615701675415039062e+00 0.000000000000000000e+00
4.241310546875000000e+03 8.554506301879882812e+00 0.000000000000000000e+00
4.242286132812500000e+03 8.376773834228515625e+00 0.000000000000000000e+00
4.243264160156250000e+03 8.635861396789550781e+00 0.000000000000000000e+00
4.244240722656250000e+03 9.064660072326660156e+00 0.000000000000000000e+00
4.245216796875000000e+03 8.701948165893554688e+00 0.000000000000000000e+00
4.246195800781250000e+03 7.958000659942626953e+00 0.000000000000000000e+00
4.247172851562500000e+03 7.885940074920654297e+00 0.000000000000000000e+00
4.248151855468750000e+03 5.233569145202636719e+00 0.000000000000000000e+00
4.249129394531250000e+03 5.024212360382080078e+00 0.000000000000000000e+00
4.250109375000000000e+03 5.421825408935546875e+00 0.000000000000000000e+00
4.251086914062500000e+03 4.274329185485839844e+00 0.000000000000000000e+00
4.252064941406250000e+03 4.474355220794677734e+00 0.000000000000000000e+00
4.253045410156250000e+03 5.940850734710693359e+00 0.000000000000000000e+00
4.254023925781250000e+03 4.658223628997802734e+00 0.000000000000000000e+00
4.255004882812500000e+03 5.000504970550537109e+00 0.000000000000000000e+00
4.255983398437500000e+03 6.051885604858398438e+00 0.000000000000000000e+00
4.256964843750000000e+03 6.450315952301025391e+00 0.000000000000000000e+00
4.257944335937500000e+03 8.141592025756835938e+00 0.000000000000000000e+00
4.258923828125000000e+03 8.952775001525878906e+00 0.000000000000000000e+00
4.259905761718750000e+03 7.158660888671875000e+00 0.000000000000000000e+00
4.260885742187500000e+03 4.839203834533691406e+00 0.000000000000000000e+00
4.261868652343750000e+03 3.379100084304809570e+00 0.000000000000000000e+00
4.262849121093750000e+03 4.248933792114257812e+00 0.000000000000000000e+00
4.263832031250000000e+03 7.872900485992431641e+00 0.000000000000000000e+00
4.264812988281250000e+03 8.331770896911621094e+00 0.000000000000000000e+00
4.265793945312500000e+03 7.375372886657714844e+00 0.000000000000000000e+00
4.266777832031250000e+03 7.489103317260742188e+00 0.000000000000000000e+00
4.267759277343750000e+03 7.982083797454833984e+00 0.000000000000000000e+00
4.268743164062500000e+03 7.913328647613525391e+00 0.000000000000000000e+00
4.269725585937500000e+03 8.129048347473144531e+00 0.000000000000000000e+00
4.270709960937500000e+03 8.813592910766601562e+00 0.000000000000000000e+00
4.271692382812500000e+03 8.892621994018554688e+00 0.000000000000000000e+00
4.272675292968750000e+03 7.079183578491210938e+00 0.000000000000000000e+00
4.273660156250000000e+03 4.756266117095947266e+00 0.000000000000000000e+00
4.274643554687500000e+03 2.966367721557617188e+00 0.000000000000000000e+00
4.275629394531250000e+03 1.387161135673522949e+00 0.000000000000000000e+00
4.276612792968750000e+03 2.361881017684936523e+00 0.000000000000000000e+00
4.277599121093750000e+03 3.933490514755249023e+00 0.000000000000000000e+00
4.278583007812500000e+03 5.570669651031494141e+00 0.000000000000000000e+00
4.279567382812500000e+03 6.577150344848632812e+00 0.000000000000000000e+00
4.280554199218750000e+03 7.210059642791748047e+00 0.000000000000000000e+00
4.281539062500000000e+03 8.552921295166015625e+00 0.000000000000000000e+00
4.282526367187500000e+03 8.942602157592773438e+00 0.000000000000000000e+00
4.283511718750000000e+03 9.066721916198730469e+00 0.000000000000000000e+00
4.284499023437500000e+03 8.525887489318847656e+00 0.000000000000000000e+00
4.285484863281250000e+03 7.990037918090820312e+00 0.000000000000000000e+00
4.286470703125000000e+03 7.558641910552978516e+00 0.000000000000000000e+00
4.287458984375000000e+03 6.753536701202392578e+00 0.000000000000000000e+00
4.288445312500000000e+03 8.272942543029785156e+00 0.000000000000000000e+00
4.289434570312500000e+03 8.529538154602050781e+00 0.000000000000000000e+00
4.290421386718750000e+03 7.194963455200195312e+00 0.000000000000000000e+00
4.291410644531250000e+03 5.594156265258789062e+00 0.000000000000000000e+00
4.292397949218750000e+03 5.644674301147460938e+00 0.000000000000000000e+00
4.293385253906250000e+03 7.966751575469970703e+00 0.000000000000000000e+00
4.294375488281250000e+03 8.539655685424804688e+00 0.000000000000000000e+00
4.295363281250000000e+03 8.090990066528320312e+00 0.000000000000000000e+00
4.296353515625000000e+03 7.137311935424804688e+00 0.000000000000000000e+00
4.297342285156250000e+03 5.410912513732910156e+00 0.000000000000000000e+00
4.298333007812500000e+03 3.881985425949096680e+00 0.000000000000000000e+00
4.299321777343750000e+03 4.831723690032958984e+00 0.000000000000000000e+00
4.300311035156250000e+03 7.205647468566894531e+00 0.000000000000000000e+00
4.301302734375000000e+03 7.476983070373535156e+00 0.000000000000000000e+00
4.302291992187500000e+03 5.832898139953613281e+00 0.000000000000000000e+00
4.303284179687500000e+03 4.867110729217529297e+00 0.000000000000000000e+00
4.304274414062500000e+03 5.498137474060058594e+00 0.000000000000000000e+00
4.305266601562500000e+03 5.883945941925048828e+00 0.000000000000000000e+00
4.306257324218750000e+03 6.532194614410400391e+00 0.000000000000000000e+00
4.307247558593750000e+03 8.473844528198242188e+00 0.000000000000000000e+00
4.308241210937500000e+03 9.148767471313476562e+00 0.000000000000000000e+00
4.309231933593750000e+03 8.718146324157714844e+00 0.000000000000000000e+00
4.310226074218750000e+03 8.287166595458984375e+00 0.000000000000000000e+00
4.311217285156250000e+03 8.075391769409179688e+00 0.000000000000000000e+00
4.312211425781250000e+03 9.510903358459472656e+00 0.000000000000000000e+00
4.313203613281250000e+03 8.244294166564941406e+00 0.000000000000000000e+00
4.314198242187500000e+03 7.448045730590820312e+00 0.000000000000000000e+00
4.315190429687500000e+03 7.790392398834228516e+00 0.000000000000000000e+00
4.316183593750000000e+03 8.250052452087402344e+00 0.000000000000000000e+00
4.317178710937500000e+03 8.308351516723632812e+00 0.000000000000000000e+00
4.318171875000000000e+03 6.085193157196044922e+00 0.000000000000000000e+00
4.319167480468750000e+03 6.473925113677978516e+00 0.000000000000000000e+00
4.320161132812500000e+03 7.969248294830322266e+00 0.000000000000000000e+00
4.321157226562500000e+03 8.457907676696777344e+00 0.000000000000000000e+00
4.322151367187500000e+03 7.987614154815673828e+00 0.000000000000000000e+00
4.323145996093750000e+03 8.109184265136718750e+00 0.000000000000000000e+00
4.324142578125000000e+03 8.511362075805664062e+00 0.000000000000000000e+00
4.325137695312500000e+03 1.013674736022949219e+01 0.000000000000000000e+00
4.326134765625000000e+03 9.538002967834472656e+00 0.000000000000000000e+00
4.327129882812500000e+03 8.142787933349609375e+00 0.000000000000000000e+00
4.328127929687500000e+03 8.067194938659667969e+00 0.000000000000000000e+00
4.329123535156250000e+03 8.159834861755371094e+00 0.000000000000000000e+00
4.330119628906250000e+03 9.112769126892089844e+00 0.000000000000000000e+00
4.331118164062500000e+03 9.046133041381835938e+00 0.000000000000000000e+00
4.332114257812500000e+03 8.181394577026367188e+00 0.000000000000000000e+00
4.333113281250000000e+03 7.000330924987792969e+00 0.000000000000000000e+00
4.334110351562500000e+03 6.369352340698242188e+00 0.000000000000000000e+00
4.335109863281250000e+03 7.483045101165771484e+00 0.000000000000000000e+00
4.336106933593750000e+03 9.187733650207519531e+00 0.000000000000000000e+00
4.337104492187500000e+03 6.674538612365722656e+00 0.000000000000000000e+00
4.338104492187500000e+03 6.523306846618652344e+00 0.000000000000000000e+00
4.339102539062500000e+03 7.683804512023925781e+00 0.000000000000000000e+00
4.340103027343750000e+03 7.141806602478027344e+00 0.000000000000000000e+00
4.341101562500000000e+03 7.231286525726318359e+00 0.000000000000000000e+00
4.342102539062500000e+03 7.924237251281738281e+00 0.000000000000000000e+00
4.343101562500000000e+03 8.288756370544433594e+00 0.000000000000000000e+00
4.344100585937500000e+03 8.109335899353027344e+00 0.000000000000000000e+00
4.345102539062500000e+03 9.196113586425781250e+00 0.000000000000000000e+00
4.346102050781250000e+03 1.083753776550292969e+01 0.000000000000000000e+00
4.347104003906250000e+03 8.929028511047363281e+00 0.000000000000000000e+00
4.348104003906250000e+03 5.768836498260498047e+00 0.000000000000000000e+00
4.349106933593750000e+03 4.148690700531005859e+00 0.000000000000000000e+00
4.350107421875000000e+03 3.729189634323120117e+00 0.000000000000000000e+00
4.351107910156250000e+03 4.970808506011962891e+00 0.000000000000000000e+00
4.352111328125000000e+03 7.482813358306884766e+00 0.000000000000000000e+00
4.353112792968750000e+03 8.624344825744628906e+00 0.000000000000000000e+00
4.354116699218750000e+03 7.399988651275634766e+00 0.000000000000000000e+00
4.355118164062500000e+03 3.995566368103027344e+00 0.000000000000000000e+00
4.356122558593750000e+03 4.169706821441650391e+00 0.000000000000000000e+00
4.357124511718750000e+03 6.053267002105712891e+00 0.000000000000000000e+00
4.358126953125000000e+03 6.035377979278564453e+00 0.000000000000000000e+00
4.359131835937500000e+03 5.891125679016113281e+00 0.000000000000000000e+00
4.360134765625000000e+03 7.312791824340820312e+00 0.000000000000000000e+00
4.361140136718750000e+03 6.948030948638916016e+00 0.000000000000000000e+00
4.362143554687500000e+03 6.405863761901855469e+00 0.000000000000000000e+00
4.363149414062500000e+03 7.468384742736816406e+00 0.000000000000000000e+00
4.364152832031250000e+03 8.917133331298828125e+00 0.000000000000000000e+00
4.365156738281250000e+03 7.817541122436523438e+00 0.000000000000000000e+00
4.366163574218750000e+03 6.919639110565185547e+00 0.000000000000000000e+00
4.367167968750000000e+03 8.200022697448730469e+00 0.000000000000000000e+00
4.368175292968750000e+03 7.844130516052246094e+00 0.000000000000000000e+00
4.369180175781250000e+03 7.450225830078125000e+00 0.000000000000000000e+00
4.370187500000000000e+03 9.144507408142089844e+00 0.000000000000000000e+00
4.371192871093750000e+03 1.002056884765625000e+01 0.000000000000000000e+00
4.372198242187500000e+03 8.741415977478027344e+00 0.000000000000000000e+00
4.373206542968750000e+03 6.569960594177246094e+00 0.000000000000000000e+00
4.374212890625000000e+03 5.106025695800781250e+00 0.000000000000000000e+00
4.375221191406250000e+03 4.638321399688720703e+00 0.000000000000000000e+00
4.376228027343750000e+03 4.592860221862792969e+00 0.000000000000000000e+00
4.377236816406250000e+03 4.913174152374267578e+00 0.000000000000000000e+00
4.378244140625000000e+03 7.082062244415283203e+00 0.000000000000000000e+00
4.379251464843750000e+03 7.318060874938964844e+00 0.000000000000000000e+00
4.380261230468750000e+03 6.983582496643066406e+00 0.000000000000000000e+00
4.381268554687500000e+03 8.141647338867187500e+00 0.000000000000000000e+00
4.382279296875000000e+03 9.494258880615234375e+00 0.000000000000000000e+00
4.383287109375000000e+03 8.018421173095703125e+00 0.000000000000000000e+00
4.384297851562500000e+03 8.920616149902343750e+00 0.000000000000000000e+00
4.385306640625000000e+03 8.837277412414550781e+00 0.000000000000000000e+00
4.386315429687500000e+03 7.850315093994140625e+00 0.000000000000000000e+00
4.387326660156250000e+03 7.940041542053222656e+00 0.000000000000000000e+00
4.388335937500000000e+03 8.736693382263183594e+00 0.000000000000000000e+00
4.389348144531250000e+03 7.521287918090820312e+00 0.000000000000000000e+00
4.390357910156250000e+03 7.811047077178955078e+00 0.000000000000000000e+00
4.391370117187500000e+03 9.196087837219238281e+00 0.000000000000000000e+00
4.392380371093750000e+03 8.732915878295898438e+00 0.000000000000000000e+00
4.393393554687500000e+03 7.103379726409912109e+00 0.000000000000000000e+00
4.394404296875000000e+03 5.910254955291748047e+00 0.000000000000000000e+00
4.395415039062500000e+03 5.095675945281982422e+00 0.000000000000000000e+00
4.396428710937500000e+03 6.777392864227294922e+00 0.000000000000000000e+00
4.397439941406250000e+03 7.993550300598144531e+00 0.000000000000000000e+00
4.398454101562500000e+03 6.165415763854980469e+00 0.000000000000000000e+00
4.399465820312500000e+03 3.024066448211669922e+00 0.000000000000000000e+00
4.400480468750000000e+03 1.172663331031799316e+00 0.000000000000000000e+00
4.401492675781250000e+03 8.958843350410461426e-01 0.000000000000000000e+00
4.402505371093750000e+03 2.758953094482421875e+00 0.000000000000000000e+00
4.403520507812500000e+03 6.357474327087402344e+00 0.000000000000000000e+00
4.404533691406250000e+03 7.546865463256835938e+00 0.000000000000000000e+00
4.405549316406250000e+03 6.101721286773681641e+00 0.000000000000000000e+00
4.406562500000000000e+03 3.624882936477661133e+00 0.000000000000000000e+00
4.407578613281250000e+03 9.339287281036376953e-01 0.000000000000000000e+00
4.408592773437500000e+03 1.424624681472778320e+00 0.000000000000000000e+00
4.409606933593750000e+03 7.783836722373962402e-01 0.000000000000000000e+00
4.410624023437500000e+03 4.245608150959014893e-01 0.000000000000000000e+00
4.411638671875000000e+03 6.283634305000305176e-01 0.000000000000000000e+00
4.412655761718750000e+03 1.302519798278808594e+00 0.000000000000000000e+00
4.413670898437500000e+03 4.115624427795410156e+00 0.000000000000000000e+00
4.414688476562500000e+03 8.146483421325683594e+00 0.000000000000000000e+00
4.415704101562500000e+03 8.594778060913085938e+00 0.000000000000000000e+00
4.416720214843750000e+03 6.668247699737548828e+00 0.000000000000000000e+00
4.417738769531250000e+03 5.467421054840087891e+00 0.000000000000000000e+00
4.418754882812500000e+03 6.310631752014160156e+00 0.000000000000000000e+00
4.419773925781250000e+03 7.375146389007568359e+00 0.000000000000000000e+00
4.420790527343750000e+03 6.683583259582519531e+00 0.000000000000000000e+00
4.421810058593750000e+03 5.794102191925048828e+00 0.000000000000000000e+00
4.422827148437500000e+03 5.185852527618408203e+00 0.000000000000000000e+00
4.423844726562500000e+03 5.577844619750976562e+00 0.000000000000000000e+00
4.424864746093750000e+03 6.787191390991210938e+00 0.000000000000000000e+00
4.425882812500000000e+03 7.051820755004882812e+00 0.000000000000000000e+00
4.426903320312500000e+03 6.784636020660400391e+00 0.000000000000000000e+00
4.427921875000000000e+03 8.375680923461914062e+00 0.000000000000000000e+00
4.428942871093750000e+03 7.659697055816650391e+00 0.000000000000000000e+00
4.429961914062500000e+03 6.669672012329101562e+00 0.000000000000000000e+00
4.430980957031250000e+03 7.549634456634521484e+00 0.000000000000000000e+00
4.432002441406250000e+03 6.290397167205810547e+00 0.000000000000000000e+00
4.433021972656250000e+03 5.091241359710693359e+00 0.000000000000000000e+00
4.434044433593750000e+03 4.109230995178222656e+00 0.000000000000000000e+00
4.435064453125000000e+03 5.388490676879882812e+00 0.000000000000000000e+00
4.436087402343750000e+03 7.212244987487792969e+00 0.000000000000000000e+00
4.437107910156250000e+03 7.509803295135498047e+00 0.000000000000000000e+00
4.438128417968750000e+03 7.591899394989013672e+00 0.000000000000000000e+00
4.439151855468750000e+03 7.127188205718994141e+00 0.000000000000000000e+00
4.440173339843750000e+03 6.391529083251953125e+00 0.000000000000000000e+00
4.441196777343750000e+03 7.105346679687500000e+00 0.000000000000000000e+00
4.442218750000000000e+03 7.964718341827392578e+00 0.000000000000000000e+00
4.443243164062500000e+03 7.712328433990478516e+00 0.000000000000000000e+00
4.444265136718750000e+03 7.921625137329101562e+00 0.000000000000000000e+00
4.445287597656250000e+03 7.682466030120849609e+00 0.000000000000000000e+00
4.446312500000000000e+03 8.095314025878906250e+00 0.000000000000000000e+00
4.447335449218750000e+03 7.726665973663330078e+00 0.000000000000000000e+00
4.448361328125000000e+03 7.829636096954345703e+00 0.000000000000000000e+00
4.449384277343750000e+03 9.295302391052246094e+00 0.000000000000000000e+00
4.450410644531250000e+03 9.376877784729003906e+00 0.000000000000000000e+00
4.451434082031250000e+03 7.934247016906738281e+00 0.000000000000000000e+00
4.452458496093750000e+03 8.420460700988769531e+00 0.000000000000000000e+00
4.453484863281250000e+03 7.974413871765136719e+00 0.000000000000000000e+00
4.454509765625000000e+03 6.943203926086425781e+00 0.000000000000000000e+00
4.455536621093750000e+03 7.519750595092773438e+00 0.000000000000000000e+00
4.456561523437500000e+03 8.840434074401855469e+00 0.000000000000000000e+00
4.457589355468750000e+03 8.199001312255859375e+00 0.000000000000000000e+00
4.458614746093750000e+03 9.417412757873535156e+00 0.000000000000000000e+00
4.459640625000000000e+03 9.124971389770507812e+00 0.000000000000000000e+00
4.460668945312500000e+03 7.918624401092529297e+00 0.000000000000000000e+00
4.461695312500000000e+03 7.617068767547607422e+00 0.000000000000000000e+00
4.462724121093750000e+03 6.338148117065429688e+00 0.000000000000000000e+00
4.463750488281250000e+03 5.318487167358398438e+00 0.000000000000000000e+00
4.464779785156250000e+03 3.461022138595581055e+00 0.000000000000000000e+00
4.465807128906250000e+03 2.115985393524169922e+00 0.000000000000000000e+00
4.466836914062500000e+03 2.881002426147460938e+00 0.000000000000000000e+00
4.467864257812500000e+03 5.304105758666992188e+00 0.000000000000000000e+00
4.468892089843750000e+03 6.759394645690917969e+00 0.000000000000000000e+00
4.469922851562500000e+03 7.188027381896972656e+00 0.000000000000000000e+00
4.470951171875000000e+03 6.337045669555664062e+00 0.000000000000000000e+00
4.471981933593750000e+03 6.888239860534667969e+00 0.000000000000000000e+00
4.473010742187500000e+03 6.872217178344726562e+00 0.000000000000000000e+00
4.474042480468750000e+03 4.748610973358154297e+00 0.000000000000000000e+00
4.475071777343750000e+03 4.419229507446289062e+00 0.000000000000000000e+00
4.476101074218750000e+03 4.811753749847412109e+00 0.000000000000000000e+00
4.477133300781250000e+03 4.811929225921630859e+00 0.000000000000000000e+00
4.478163085937500000e+03 6.292141914367675781e+00 0.000000000000000000e+00
4.479195800781250000e+03 7.638080596923828125e+00 0.000000000000000000e+00
4.480226562500000000e+03 7.036007404327392578e+00 0.000000000000000000e+00
4.481259277343750000e+03 6.520242691040039062e+00 0.000000000000000000e+00
4.482290527343750000e+03 6.061709880828857422e+00 0.000000000000000000e+00
4.483321289062500000e+03 8.399605751037597656e+00 0.000000000000000000e+00
4.484355468750000000e+03 7.302327156066894531e+00 0.000000000000000000e+00
4.485387207031250000e+03 4.105723857879638672e+00 0.000000000000000000e+00
4.486421386718750000e+03 3.802400827407836914e+00 0.000000000000000000e+00
4.487453613281250000e+03 5.464413642883300781e+00 0.000000000000000000e+00
4.488488281250000000e+03 6.350523948669433594e+00 0.000000000000000000e+00
4.489520996093750000e+03 6.859677314758300781e+00 0.000000000000000000e+00
4.490553710937500000e+03 7.675411224365234375e+00 0.000000000000000000e+00
4.491588867187500000e+03 8.355222702026367188e+00 0.000000000000000000e+00
4.492622558593750000e+03 8.065721511840820312e+00 0.000000000000000000e+00
4.493658203125000000e+03 6.764674663543701172e+00 0.000000000000000000e+00
4.494691894531250000e+03 5.008354663848876953e+00 0.000000000000000000e+00
4.495728515625000000e+03 1.382084608078002930e+00 0.000000000000000000e+00
4.496762695312500000e+03 -6.700692325830459595e-02 0.000000000000000000e+00
4.497797363281250000e+03 2.122234106063842773e+00 0.000000000000000000e+00
4.498834472656250000e+03 5.563031196594238281e+00 0.000000000000000000e+00
4.499869628906250000e+03 7.163473606109619141e+00 0.000000000000000000e+00
4.500907226562500000e+03 7.684906005859375000e+00 0.000000000000000000e+00
4.501942382812500000e+03 6.258528709411621094e+00 0.000000000000000000e+00
4.502980468750000000e+03 5.278592109680175781e+00 0.000000000000000000e+00
4.504016601562500000e+03 6.379568576812744141e+00 0.000000000000000000e+00
4.505052734375000000e+03 8.584762573242187500e+00 0.000000000000000000e+00
4.506091308593750000e+03 9.003980636596679688e+00 0.000000000000000000e+00
4.507127929687500000e+03 7.408076286315917969e+00 0.000000000000000000e+00
4.508167480468750000e+03 7.997932434082031250e+00 0.000000000000000000e+00
4.509204589843750000e+03 8.626624107360839844e+00 0.000000000000000000e+00
4.510244628906250000e+03 7.767971515655517578e+00 0.000000000000000000e+00
4.511282226562500000e+03 6.597815513610839844e+00 0.000000000000000000e+00
4.512319824218750000e+03 7.141613483428955078e+00 0.000000000000000000e+00
4.513360351562500000e+03 8.465021133422851562e+00 0.000000000000000000e+00
4.514398437500000000e+03 8.461792945861816406e+00 0.000000000000000000e+00
4.515439453125000000e+03 8.457620620727539062e+00 0.000000000000000000e+00
4.516478515625000000e+03 7.025337696075439453e+00 0.000000000000000000e+00
4.517520019531250000e+03 4.104659557342529297e+00 0.000000000000000000e+00
4.518559082031250000e+03 4.248986721038818359e+00 0.000000000000000000e+00
4.519598632812500000e+03 3.441618919372558594e+00 0.000000000000000000e+00
4.520640625000000000e+03 2.521687984466552734e+00 0.000000000000000000e+00
4.521680664062500000e+03 2.319035291671752930e+00 0.000000000000000000e+00
4.522723632812500000e+03 2.599637031555175781e+00 0.000000000000000000e+00
4.523764160156250000e+03 2.489059448242187500e+00 0.000000000000000000e+00
4.524807128906250000e+03 2.015553236007690430e+00 0.000000000000000000e+00
4.525848144531250000e+03 4.317498207092285156e+00 0.000000000000000000e+00
4.526889160156250000e+03 5.735700607299804688e+00 0.000000000000000000e+00
4.527933105468750000e+03 6.842564105987548828e+00 0.000000000000000000e+00
4.528974609375000000e+03 8.147769927978515625e+00 0.000000000000000000e+00
4.530019042968750000e+03 8.824942588806152344e+00 0.000000000000000000e+00
4.531061035156250000e+03 8.334362983703613281e+00 0.000000000000000000e+00
4.532105957031250000e+03 8.485401153564453125e+00 0.000000000000000000e+00
4.533148925781250000e+03 7.940173625946044922e+00 0.000000000000000000e+00
4.534191406250000000e+03 7.276708602905273438e+00 0.000000000000000000e+00
4.535237304687500000e+03 7.860720634460449219e+00 0.000000000000000000e+00
4.536280273437500000e+03 9.446253776550292969e+00 0.000000000000000000e+00
4.537326660156250000e+03 9.189836502075195312e+00 0.000000000000000000e+00
4.538370117187500000e+03 6.317951202392578125e+00 0.000000000000000000e+00
4.539416992187500000e+03 5.379309654235839844e+00 0.000000000000000000e+00
4.540460937500000000e+03 4.741851806640625000e+00 0.000000000000000000e+00
4.541505859375000000e+03 4.074234008789062500e+00 0.000000000000000000e+00
4.542552734375000000e+03 4.526766300201416016e+00 0.000000000000000000e+00
4.543598144531250000e+03 5.408227443695068359e+00 0.000000000000000000e+00
4.544645507812500000e+03 5.298418998718261719e+00 0.000000000000000000e+00
4.545691406250000000e+03 5.289514064788818359e+00 0.000000000000000000e+00
4.546739257812500000e+03 6.149245262145996094e+00 0.000000000000000000e+00
4.547785156250000000e+03 6.165792942047119141e+00 0.000000000000000000e+00
4.548833984375000000e+03 4.841693878173828125e+00 0.000000000000000000e+00
4.549880371093750000e+03 5.214523792266845703e+00 0.000000000000000000e+00
4.550927246093750000e+03 4.799060821533203125e+00 0.000000000000000000e+00
4.551976562500000000e+03 6.974679470062255859e+00 0.000000000000000000e+00
4.553023925781250000e+03 9.218668937683105469e+00 0.000000000000000000e+00
4.554073730468750000e+03 8.170724868774414062e+00 0.000000000000000000e+00
4.555121582031250000e+03 5.021344661712646484e+00 0.000000000000000000e+00
4.556171875000000000e+03 5.437763214111328125e+00 0.000000000000000000e+00
4.557219726562500000e+03 6.442905902862548828e+00 0.000000000000000000e+00
4.558268554687500000e+03 8.217490196228027344e+00 0.000000000000000000e+00
4.559319335937500000e+03 9.015547752380371094e+00 0.000000000000000000e+00
4.560368164062500000e+03 7.386387348175048828e+00 0.000000000000000000e+00
4.561419921875000000e+03 4.326757907867431641e+00 0.000000000000000000e+00
4.562469238281250000e+03 3.444718122482299805e+00 0.000000000000000000e+00
4.563521484375000000e+03 5.624966621398925781e+00 0.000000000000000000e+00
4.564571289062500000e+03 7.085410594940185547e+00 0.000000000000000000e+00
4.565621093750000000e+03 7.777989387512207031e+00 0.000000000000000000e+00
4.566674316406250000e+03 7.902587890625000000e+00 0.000000000000000000e+00
4.567724609375000000e+03 7.404218673706054688e+00 0.000000000000000000e+00
4.568777832031250000e+03 6.875529766082763672e+00 0.000000000000000000e+00
4.569829101562500000e+03 5.841149806976318359e+00 0.000000000000000000e+00
4.570882812500000000e+03 6.614425659179687500e+00 0.000000000000000000e+00
4.571934570312500000e+03 5.757686614990234375e+00 0.000000000000000000e+00
4.572986328125000000e+03 5.054090976715087891e+00 0.000000000000000000e+00
4.574040527343750000e+03 7.023158073425292969e+00 0.000000000000000000e+00
4.575092773437500000e+03 7.575164794921875000e+00 0.000000000000000000e+00
4.576147949218750000e+03 8.505421638488769531e+00 0.000000000000000000e+00
4.577200683593750000e+03 9.139536857604980469e+00 0.000000000000000000e+00
4.578255859375000000e+03 9.295826911926269531e+00 0.000000000000000000e+00
4.579309082031250000e+03 9.193247795104980469e+00 0.000000000000000000e+00
4.580362792968750000e+03 9.228347778320312500e+00 0.000000000000000000e+00
4.581418945312500000e+03 9.422764778137207031e+00 0.000000000000000000e+00
4.582473144531250000e+03 7.917037010192871094e+00 0.000000000000000000e+00
4.583529785156250000e+03 5.253262519836425781e+00 0.000000000000000000e+00
4.584583984375000000e+03 3.030337333679199219e+00 0.000000000000000000e+00
4.585641113281250000e+03 2.200735330581665039e+00 0.000000000000000000e+00
4.586696289062500000e+03 2.693848609924316406e+00 0.000000000000000000e+00
4.587751464843750000e+03 3.713216066360473633e+00 0.000000000000000000e+00
4.588809082031250000e+03 4.786970615386962891e+00 0.000000000000000000e+00
4.589864746093750000e+03 7.261534214019775391e+00 0.000000000000000000e+00
4.590923339843750000e+03 8.866689682006835938e+00 0.000000000000000000e+00
4.591979492187500000e+03 8.700267791748046875e+00 0.000000000000000000e+00
4.593038574218750000e+03 7.836447238922119141e+00 0.000000000000000000e+00
4.594095214843750000e+03 7.605350971221923828e+00 0.000000000000000000e+00
4.595151855468750000e+03 9.070147514343261719e+00 0.000000000000000000e+00
4.596211425781250000e+03 7.613781929016113281e+00 0.000000000000000000e+00
4.597269042968750000e+03 5.834176063537597656e+00 0.000000000000000000e+00
4.598329101562500000e+03 4.467736721038818359e+00 0.000000000000000000e+00
4.599386718750000000e+03 2.543024301528930664e+00 0.000000000000000000e+00
4.600447265625000000e+03 1.863950252532958984e+00 0.000000000000000000e+00
4.601505859375000000e+03 3.607969999313354492e+00 0.000000000000000000e+00
4.602564453125000000e+03 6.593317031860351562e+00 0.000000000000000000e+00
4.603625488281250000e+03 8.516838073730468750e+00 0.000000000000000000e+00
4.604684570312500000e+03 8.826814651489257812e+00 0.000000000000000000e+00
4.605746582031250000e+03 8.157393455505371094e+00 0.000000000000000000e+00
4.606806152343750000e+03 6.655196189880371094e+00 0.000000000000000000e+00
4.607868652343750000e+03 4.590373516082763672e+00 0.000000000000000000e+00
4.608928222656250000e+03 2.228708028793334961e+00 0.000000000000000000e+00
4.609988769531250000e+03 2.010962724685668945e+00 0.000000000000000000e+00
4.611051757812500000e+03 3.877527236938476562e+00 0.000000000000000000e+00
4.612112792968750000e+03 5.514662265777587891e+00 0.000000000000000000e+00
4.613176269531250000e+03 5.451569080352783203e+00 0.000000000000000000e+00
4.614237304687500000e+03 4.801476001739501953e+00 0.000000000000000000e+00
4.615301269531250000e+03 6.575833320617675781e+00 0.000000000000000000e+00
4.616363281250000000e+03 7.456854820251464844e+00 0.000000000000000000e+00
4.617425292968750000e+03 7.207159996032714844e+00 0.000000000000000000e+00
4.618489746093750000e+03 7.472567558288574219e+00 0.000000000000000000e+00
4.619552246093750000e+03 6.339955329895019531e+00 0.000000000000000000e+00
4.620617675781250000e+03 3.546056747436523438e+00 0.000000000000000000e+00
4.621680664062500000e+03 2.656018733978271484e+00 0.000000000000000000e+00
4.622746582031250000e+03 3.568573713302612305e+00 0.000000000000000000e+00
4.623809570312500000e+03 3.721117019653320312e+00 0.000000000000000000e+00
4.624873535156250000e+03 2.198599576950073242e+00 0.000000000000000000e+00
4.625939941406250000e+03 2.173817157745361328e+00 0.000000000000000000e+00
4.627004394531250000e+03 3.526094675064086914e+00 0.000000000000000000e+00
4.628071289062500000e+03 5.548634052276611328e+00 0.000000000000000000e+00
4.629135742187500000e+03 6.311871051788330078e+00 0.000000000000000000e+00
4.630203125000000000e+03 6.982186317443847656e+00 0.000000000000000000e+00
4.631268554687500000e+03 8.209986686706542969e+00 0.000000000000000000e+00
4.632336425781250000e+03 6.484806060791015625e+00 0.000000000000000000e+00
4.633402343750000000e+03 6.134824752807617188e+00 0.000000000000000000e+00
4.634467773437500000e+03 6.504969120025634766e+00 0.000000000000000000e+00
4.635536621093750000e+03 5.361484527587890625e+00 0.000000000000000000e+00
4.636603027343750000e+03 3.826999187469482422e+00 0.000000000000000000e+00
4.637672363281250000e+03 4.286985874176025391e+00 0.000000000000000000e+00
4.638739257812500000e+03 5.847812652587890625e+00 0.000000000000000000e+00
4.639809082031250000e+03 6.474436759948730469e+00 0.000000000000000000e+00
4.640876464843750000e+03 5.856576919555664062e+00 0.000000000000000000e+00
4.641943847656250000e+03 7.298874378204345703e+00 0.000000000000000000e+00
4.643014160156250000e+03 9.525650978088378906e+00 0.000000000000000000e+00
4.644082519531250000e+03 8.941045761108398438e+00 0.000000000000000000e+00
4.645153320312500000e+03 6.664663791656494141e+00 0.000000000000000000e+00
4.646222167968750000e+03 6.236631393432617188e+00 0.000000000000000000e+00
4.647293457031250000e+03 7.635476112365722656e+00 0.000000000000000000e+00
4.648362304687500000e+03 7.955818653106689453e+00 0.000000000000000000e+00
4.649431640625000000e+03 6.816120624542236328e+00 0.000000000000000000e+00
4.650503906250000000e+03 6.327153682708740234e+00 0.000000000000000000e+00
4.651573730468750000e+03 7.779678821563720703e+00 0.000000000000000000e+00
4.652646484375000000e+03 9.435113906860351562e+00 0.000000000000000000e+00
4.653716796875000000e+03 1.062207794189453125e+01 0.000000000000000000e+00
4.654790039062500000e+03 1.053684425354003906e+01 0.000000000000000000e+00
4.655860839843750000e+03 8.959618568420410156e+00 0.000000000000000000e+00
4.656931640625000000e+03 7.103709220886230469e+00 0.000000000000000000e+00
4.658005859375000000e+03 7.212582588195800781e+00 0.000000000000000000e+00
4.659077148437500000e+03 8.265502929687500000e+00 0.000000000000000000e+00
4.660151855468750000e+03 9.004137039184570312e+00 0.000000000000000000e+00
4.661223632812500000e+03 9.245079040527343750e+00 0.000000000000000000e+00
4.662298339843750000e+03 9.357282638549804688e+00 0.000000000000000000e+00
4.663371093750000000e+03 9.694988250732421875e+00 0.000000000000000000e+00
4.664443847656250000e+03 1.022512149810791016e+01 0.000000000000000000e+00
4.665519531250000000e+03 1.072631645202636719e+01 0.000000000000000000e+00
4.666592773437500000e+03 1.120577239990234375e+01 0.000000000000000000e+00
4.667668945312500000e+03 1.173718452453613281e+01 0.000000000000000000e+00
4.668742675781250000e+03 1.179363822937011719e+01 0.000000000000000000e+00
4.669819335937500000e+03 1.073037433624267578e+01 0.000000000000000000e+00
4.670893554687500000e+03 8.960949897766113281e+00 0.000000000000000000e+00
4.671968261718750000e+03 7.888411521911621094e+00 0.000000000000000000e+00
4.673045410156250000e+03 5.703211307525634766e+00 0.000000000000000000e+00
4.674120605468750000e+03 4.558670043945312500e+00 0.000000000000000000e+00
4.675198242187500000e+03 3.518034696578979492e+00 0.000000000000000000e+00
4.676273925781250000e+03 1.452404499053955078e+00 0.000000000000000000e+00
4.677352050781250000e+03 2.899929285049438477e+00 0.000000000000000000e+00
4.678428222656250000e+03 6.575023174285888672e+00 0.000000000000000000e+00
4.679504394531250000e+03 9.155289649963378906e+00 0.000000000000000000e+00
4.680583496093750000e+03 9.614195823669433594e+00 0.000000000000000000e+00
4.681660156250000000e+03 8.845672607421875000e+00 0.000000000000000000e+00
4.682739746093750000e+03 7.208108425140380859e+00 0.000000000000000000e+00
4.683817382812500000e+03 3.537507772445678711e+00 0.000000000000000000e+00
4.684897460937500000e+03 1.886674880981445312e+00 0.000000000000000000e+00
4.685975097656250000e+03 2.387029170989990234e+00 0.000000000000000000e+00
4.687053222656250000e+03 2.294502258300781250e+00 0.000000000000000000e+00
4.688133789062500000e+03 1.501008152961730957e+00 0.000000000000000000e+00
4.689212402343750000e+03 2.047968149185180664e+00 0.000000000000000000e+00
4.690293457031250000e+03 4.397437095642089844e+00 0.000000000000000000e+00
4.691372558593750000e+03 7.196982383728027344e+00 0.000000000000000000e+00
4.692454589843750000e+03 8.729322433471679688e+00 0.000000000000000000e+00
4.693534179687500000e+03 9.811639785766601562e+00 0.000000000000000000e+00
4.694613769531250000e+03 1.099146366119384766e+01 0.000000000000000000e+00
4.695696289062500000e+03 1.151360893249511719e+01 0.000000000000000000e+00
4.696776367187500000e+03 1.079790592193603516e+01 0.000000000000000000e+00
4.697859375000000000e+03 1.196054553985595703e+01 0.000000000000000000e+00
4.698940429687500000e+03 1.213170337677001953e+01 0.000000000000000000e+00
4.700023925781250000e+03 1.015774345397949219e+01 0.000000000000000000e+00
4.701104980468750000e+03 9.071921348571777344e+00 0.000000000000000000e+00
4.702186523437500000e+03 1.125804519653320312e+01 0.000000000000000000e+00
4.703270996093750000e+03 1.248760509490966797e+01 0.000000000000000000e+00
4.704353027343750000e+03 1.046166992187500000e+01 0.000000000000000000e+00
4.705437500000000000e+03 1.004823112487792969e+01 0.000000000000000000e+00
4.706520019531250000e+03 1.006906127929687500e+01 0.000000000000000000e+00
4.707605468750000000e+03 8.660251617431640625e+00 0.000000000000000000e+00
4.708688476562500000e+03 5.680886268615722656e+00 0.000000000000000000e+00
4.709771972656250000e+03 1.955111503601074219e+00 0.000000000000000000e+00
4.710857910156250000e+03 -1.960721760988235474e-01 0.000000000000000000e+00
4.711941406250000000e+03 5.320767164230346680e-01 0.000000000000000000e+00
4.713028320312500000e+03 6.399888992309570312e-01 0.000000000000000000e+00
4.714112304687500000e+03 6.201308965682983398e-01 0.000000000000000000e+00
4.715199218750000000e+03 3.308893680572509766e+00 0.000000000000000000e+00
4.716284179687500000e+03 6.783417701721191406e+00 0.000000000000000000e+00
4.717371582031250000e+03 9.146228790283203125e+00 0.000000000000000000e+00
4.718457031250000000e+03 8.624146461486816406e+00 0.000000000000000000e+00
4.719542480468750000e+03 8.121088981628417969e+00 0.000000000000000000e+00
4.720630859375000000e+03 9.455886840820312500e+00 0.000000000000000000e+00
4.721716796875000000e+03 1.149177455902099609e+01 0.000000000000000000e+00
4.722805664062500000e+03 1.235071372985839844e+01 0.000000000000000000e+00
4.723892089843750000e+03 1.382681751251220703e+01 0.000000000000000000e+00
4.724981445312500000e+03 1.532413005828857422e+01 0.000000000000000000e+00
4.726068359375000000e+03 1.546557044982910156e+01 0.000000000000000000e+00
4.727155273437500000e+03 1.478292465209960938e+01 0.000000000000000000e+00
4.728245605468750000e+03 1.445844364166259766e+01 0.000000000000000000e+00
4.729333496093750000e+03 1.377581596374511719e+01 0.000000000000000000e+00
4.730423828125000000e+03 1.335222530364990234e+01 0.000000000000000000e+00
4.731512207031250000e+03 1.236665534973144531e+01 0.000000000000000000e+00
4.732603027343750000e+03 1.127097988128662109e+01 0.000000000000000000e+00
4.733691894531250000e+03 1.237349033355712891e+01 0.000000000000000000e+00
4.734780761718750000e+03 1.548596382141113281e+01 0.000000000000000000e+00
4.735872558593750000e+03 1.493483734130859375e+01 0.000000000000000000e+00
4.736962402343750000e+03 1.480340862274169922e+01 0.000000000000000000e+00
4.738054687500000000e+03 1.540853118896484375e+01 0.000000000000000000e+00
4.739144531250000000e+03 1.593563938140869141e+01 0.000000000000000000e+00
4.740237304687500000e+03 1.515262222290039062e+01 0.000000000000000000e+00
4.741327636718750000e+03 1.276427555084228516e+01 0.000000000000000000e+00
4.742418457031250000e+03 1.052412319183349609e+01 0.000000000000000000e+00
4.743512207031250000e+03 8.073240280151367188e+00 0.000000000000000000e+00
4.744603515625000000e+03 6.496997356414794922e+00 0.000000000000000000e+00
4.745697265625000000e+03 6.787840366363525391e+00 0.000000000000000000e+00
4.746789062500000000e+03 6.726190090179443359e+00 0.000000000000000000e+00
4.747883789062500000e+03 4.126365184783935547e+00 0.000000000000000000e+00
4.748976074218750000e+03 2.167977094650268555e+00 0.000000000000000000e+00
4.750068359375000000e+03 1.829475522041320801e+00 0.000000000000000000e+00
4.751164062500000000e+03 1.451261758804321289e+00 0.000000000000000000e+00
4.752256835937500000e+03 3.751042842864990234e+00 0.000000000000000000e+00
4.753352539062500000e+03 7.604148864746093750e+00 0.000000000000000000e+00
4.754446289062500000e+03 8.615599632263183594e+00 0.000000000000000000e+00
4.755542480468750000e+03 6.691522598266601562e+00 0.000000000000000000e+00
4.756636718750000000e+03 6.073639869689941406e+00 0.000000000000000000e+00
4.757730957031250000e+03 4.359518527984619141e+00 0.000000000000000000e+00
4.758828125000000000e+03 3.300369501113891602e+00 0.000000000000000000e+00
4.759922851562500000e+03 5.176189899444580078e+00 0.000000000000000000e+00
4.761020507812500000e+03 9.606992721557617188e+00 0.000000000000000000e+00
4.762115722656250000e+03 1.343231773376464844e+01 0.000000000000000000e+00
4.763213867187500000e+03 1.604627799987792969e+01 0.000000000000000000e+00
4.764309570312500000e+03 1.653295326232910156e+01 0.000000000000000000e+00
4.765405761718750000e+03 1.694159889221191406e+01 0.000000000000000000e+00
4.766504394531250000e+03 1.733379936218261719e+01 0.000000000000000000e+00
4.767601074218750000e+03 1.688631629943847656e+01 0.000000000000000000e+00
4.768700195312500000e+03 1.756355857849121094e+01 0.000000000000000000e+00
4.769797363281250000e+03 1.666423988342285156e+01 0.000000000000000000e+00
4.770897460937500000e+03 1.561196136474609375e+01 0.000000000000000000e+00
4.771995117187500000e+03 1.580234146118164062e+01 0.000000000000000000e+00
4.773092773437500000e+03 1.556599140167236328e+01 0.000000000000000000e+00
4.774193359375000000e+03 1.408983707427978516e+01 0.000000000000000000e+00
4.775291503906250000e+03 1.567852973937988281e+01 0.000000000000000000e+00
4.776392578125000000e+03 1.522526645660400391e+01 0.000000000000000000e+00
4.777491699218750000e+03 1.487966346740722656e+01 0.000000000000000000e+00
4.778593261718750000e+03 1.468039989471435547e+01 0.000000000000000000e+00
4.779692382812500000e+03 1.400761699676513672e+01 0.000000000000000000e+00
4.780791992187500000e+03 1.391608619689941406e+01 0.000000000000000000e+00
4.781894531250000000e+03 1.617000770568847656e+01 0.000000000000000000e+00
4.782994628906250000e+03 1.469022464752197266e+01 0.000000000000000000e+00
4.784097656250000000e+03 1.391971492767333984e+01 0.000000000000000000e+00
4.785198242187500000e+03 1.394557476043701172e+01 0.000000000000000000e+00
4.786301757812500000e+03 1.288661479949951172e+01 0.000000000000000000e+00
4.787402832031250000e+03 1.090417861938476562e+01 0.000000000000000000e+00
4.788503906250000000e+03 1.127756595611572266e+01 0.000000000000000000e+00
4.789608398437500000e+03 1.304640388488769531e+01 0.000000000000000000e+00
4.790709960937500000e+03 1.196891498565673828e+01 0.000000000000000000e+00
4.791814941406250000e+03 1.250405311584472656e+01 0.000000000000000000e+00
4.792916992187500000e+03 1.437370491027832031e+01 0.000000000000000000e+00
4.794022460937500000e+03 1.361926364898681641e+01 0.000000000000000000e+00
4.795125488281250000e+03 1.359289073944091797e+01 0.000000000000000000e+00
4.796228515625000000e+03 1.469462585449218750e+01 0.000000000000000000e+00
4.797334472656250000e+03 1.449895954132080078e+01 0.000000000000000000e+00
4.798437988281250000e+03 1.348364543914794922e+01 0.000000000000000000e+00
4.799544433593750000e+03 1.303221988677978516e+01 0.000000000000000000e+00
4.800648925781250000e+03 1.362516212463378906e+01 0.000000000000000000e+00
4.801755859375000000e+03 1.427507972717285156e+01 0.000000000000000000e+00
4.802860351562500000e+03 1.389504146575927734e+01 0.000000000000000000e+00
4.803967773437500000e+03 1.277113437652587891e+01 0.000000000000000000e+00
4.805073242187500000e+03 1.375489330291748047e+01 0.000000000000000000e+00
4.806178222656250000e+03 1.545141506195068359e+01 0.000000000000000000e+00
4.807286621093750000e+03 1.479357910156250000e+01 0.000000000000000000e+00
4.808392578125000000e+03 1.421799755096435547e+01 0.000000000000000000e+00
4.809501464843750000e+03 1.160509681701660156e+01 0.000000000000000000e+00
4.810607910156250000e+03 1.328925228118896484e+01 0.000000000000000000e+00
4.811717285156250000e+03 1.469919872283935547e+01 0.000000000000000000e+00
4.812824218750000000e+03 1.436296463012695312e+01 0.000000000000000000e+00
4.813931152343750000e+03 1.492448425292968750e+01 0.000000000000000000e+00
4.815041503906250000e+03 1.368912792205810547e+01 0.000000000000000000e+00
4.816148925781250000e+03 1.316773128509521484e+01 0.000000000000000000e+00
4.817259765625000000e+03 1.421420288085937500e+01 0.000000000000000000e+00
4.818367675781250000e+03 1.415351009368896484e+01 0.000000000000000000e+00
4.819479003906250000e+03 1.345099544525146484e+01 0.000000000000000000e+00
4.820587890625000000e+03 1.410492324829101562e+01 0.000000000000000000e+00
4.821696777343750000e+03 1.358964252471923828e+01 0.000000000000000000e+00
4.822808593750000000e+03 1.393899822235107422e+01 0.000000000000000000e+00
4.823917968750000000e+03 1.490092277526855469e+01 0.000000000000000000e+00
4.825030273437500000e+03 1.479928112030029297e+01 0.000000000000000000e+00
4.826140136718750000e+03 1.443301486968994141e+01 0.000000000000000000e+00
4.827253417968750000e+03 1.523682689666748047e+01 0.000000000000000000e+00
4.828363769531250000e+03 1.492929077148437500e+01 0.000000000000000000e+00
4.829474609375000000e+03 1.501014804840087891e+01 0.000000000000000000e+00
4.830588378906250000e+03 1.541502857208251953e+01 0.000000000000000000e+00
4.831699707031250000e+03 1.483049774169921875e+01 0.000000000000000000e+00
4.832813476562500000e+03 1.399487304687500000e+01 0.000000000000000000e+00
4.833925292968750000e+03 1.373691940307617188e+01 0.000000000000000000e+00
4.835040039062500000e+03 1.139205169677734375e+01 0.000000000000000000e+00
4.836152343750000000e+03 1.104446315765380859e+01 0.000000000000000000e+00
4.837265136718750000e+03 1.407022857666015625e+01 0.000000000000000000e+00
4.838380371093750000e+03 1.500660419464111328e+01 0.000000000000000000e+00
4.839493652343750000e+03 1.363156700134277344e+01 0.000000000000000000e+00
4.840609375000000000e+03 1.431386375427246094e+01 0.000000000000000000e+00
4.841723144531250000e+03 1.536433029174804688e+01 0.000000000000000000e+00
4.842839355468750000e+03 1.398202228546142578e+01 0.000000000000000000e+00
4.843953613281250000e+03 1.422476005554199219e+01 0.000000000000000000e+00
4.845067871093750000e+03 1.572738742828369141e+01 0.000000000000000000e+00
4.846185058593750000e+03 1.540154838562011719e+01 0.000000000000000000e+00
4.847300292968750000e+03 1.285297870635986328e+01 0.000000000000000000e+00
4.848417968750000000e+03 1.332742977142333984e+01 0.000000000000000000e+00
4.849533203125000000e+03 1.269164562225341797e+01 0.000000000000000000e+00
4.850651367187500000e+03 1.266134262084960938e+01 0.000000000000000000e+00
4.851767578125000000e+03 1.295355510711669922e+01 0.000000000000000000e+00
4.852883789062500000e+03 1.279821109771728516e+01 0.000000000000000000e+00
4.854002441406250000e+03 1.236881637573242188e+01 0.000000000000000000e+00
4.855119140625000000e+03 1.225901889801025391e+01 0.000000000000000000e+00
4.856238769531250000e+03 1.194858837127685547e+01 0.000000000000000000e+00
4.857355957031250000e+03 1.213409519195556641e+01 0.000000000000000000e+00
4.858476074218750000e+03 1.259208488464355469e+01 0.000000000000000000e+00
4.859593750000000000e+03 1.257598686218261719e+01 0.000000000000000000e+00
4.860711914062500000e+03 1.194710159301757812e+01 0.000000000000000000e+00
4.861832519531250000e+03 1.178999137878417969e+01 0.000000000000000000e+00
4.862951171875000000e+03 1.125581932067871094e+01 0.000000000000000000e+00
4.864072265625000000e+03 1.117981624603271484e+01 0.000000000000000000e+00
4.865191406250000000e+03 1.131970977783203125e+01 0.000000000000000000e+00
4.866313476562500000e+03 1.110424041748046875e+01 0.000000000000000000e+00
4.867432617187500000e+03 1.068729591369628906e+01 0.000000000000000000e+00
4.868552734375000000e+03 1.090421295166015625e+01 0.000000000000000000e+00
4.869675292968750000e+03 1.000875759124755859e+01 0.000000000000000000e+00
4.870795410156250000e+03 1.054551410675048828e+01 0.000000000000000000e+00
4.871918945312500000e+03 1.075094318389892578e+01 0.000000000000000000e+00
4.873039550781250000e+03 1.017919158935546875e+01 0.000000000000000000e+00
4.874163085937500000e+03 1.014138793945312500e+01 0.000000000000000000e+00
4.875284667968750000e+03 9.390029907226562500e+00 0.000000000000000000e+00
4.876406250000000000e+03 1.020252418518066406e+01 0.000000000000000000e+00
4.877530761718750000e+03 1.028653907775878906e+01 0.000000000000000000e+00
4.878652832031250000e+03 9.411991119384765625e+00 0.000000000000000000e+00
4.879777832031250000e+03 9.307691574096679688e+00 0.000000000000000000e+00
4.880900390625000000e+03 1.062210655212402344e+01 0.000000000000000000e+00
4.882025878906250000e+03 1.017212677001953125e+01 0.000000000000000000e+00
4.883148925781250000e+03 8.370632171630859375e+00 0.000000000000000000e+00
4.884271972656250000e+03 7.841131687164306641e+00 0.000000000000000000e+00
4.885398437500000000e+03 7.846580505371093750e+00 0.000000000000000000e+00
4.886522460937500000e+03 7.389174461364746094e+00 0.000000000000000000e+00
4.887649414062500000e+03 7.381357192993164062e+00 0.000000000000000000e+00
4.888773437500000000e+03 9.261678695678710938e+00 0.000000000000000000e+00
4.889900878906250000e+03 8.587018966674804688e+00 0.000000000000000000e+00
4.891025878906250000e+03 8.854758262634277344e+00 0.000000000000000000e+00
4.892153808593750000e+03 8.749990463256835938e+00 0.000000000000000000e+00
4.893279296875000000e+03 8.264007568359375000e+00 0.000000000000000000e+00
4.894404785156250000e+03 9.121849060058593750e+00 0.000000000000000000e+00
4.895533691406250000e+03 9.093419075012207031e+00 0.000000000000000000e+00
4.896659667968750000e+03 1.011204051971435547e+01 0.000000000000000000e+00
4.897789062500000000e+03 9.109435081481933594e+00 0.000000000000000000e+00
4.898915527343750000e+03 8.985688209533691406e+00 0.000000000000000000e+00
4.900045410156250000e+03 1.037228584289550781e+01 0.000000000000000000e+00
4.901172363281250000e+03 1.018176364898681641e+01 0.000000000000000000e+00
4.902299804687500000e+03 8.670206069946289062e+00 0.000000000000000000e+00
4.903430664062500000e+03 8.149114608764648438e+00 0.000000000000000000e+00
4.904558593750000000e+03 8.679588317871093750e+00 0.000000000000000000e+00
4.905689453125000000e+03 9.577593803405761719e+00 0.000000000000000000e+00
4.906817871093750000e+03 9.509353637695312500e+00 0.000000000000000000e+00
4.907949707031250000e+03 8.465549468994140625e+00 0.000000000000000000e+00
4.909078613281250000e+03 9.593052864074707031e+00 0.000000000000000000e+00
4.910208007812500000e+03 9.065606117248535156e+00 0.000000000000000000e+00
4.911340332031250000e+03 8.682156562805175781e+00 0.000000000000000000e+00
4.912470214843750000e+03 9.036956787109375000e+00 0.000000000000000000e+00
4.913603027343750000e+03 9.480343818664550781e+00 0.000000000000000000e+00
4.914733398437500000e+03 9.465901374816894531e+00 0.000000000000000000e+00
4.915866699218750000e+03 9.344058990478515625e+00 0.000000000000000000e+00
4.916997558593750000e+03 9.031513214111328125e+00 0.000000000000000000e+00
4.918128417968750000e+03 8.994407653808593750e+00 0.000000000000000000e+00
4.919262695312500000e+03 8.455242156982421875e+00 0.000000000000000000e+00
4.920394531250000000e+03 8.428741455078125000e+00 0.000000000000000000e+00
4.921528808593750000e+03 9.990059852600097656e+00 0.000000000000000000e+00
4.922661132812500000e+03 9.502897262573242188e+00 0.000000000000000000e+00
4.923796386718750000e+03 8.427469253540039062e+00 0.000000000000000000e+00
4.924929199218750000e+03 9.432465553283691406e+00 0.000000000000000000e+00
4.926062011718750000e+03 9.519833564758300781e+00 0.000000000000000000e+00
4.927197753906250000e+03 8.042301177978515625e+00 0.000000000000000000e+00
4.928331542968750000e+03 7.331962585449218750e+00 0.000000000000000000e+00
4.929467773437500000e+03 6.180234432220458984e+00 0.000000000000000000e+00
4.930602050781250000e+03 7.076642513275146484e+00 0.000000000000000000e+00
4.931738769531250000e+03 7.693499565124511719e+00 0.000000000000000000e+00
4.932873535156250000e+03 6.848751544952392578e+00 0.000000000000000000e+00
4.934008300781250000e+03 5.819882869720458984e+00 0.000000000000000000e+00
4.935145996093750000e+03 6.083649635314941406e+00 0.000000000000000000e+00
4.936281250000000000e+03 6.070153236389160156e+00 0.000000000000000000e+00
4.937419433593750000e+03 6.854816913604736328e+00 0.000000000000000000e+00
4.938555664062500000e+03 7.316078662872314453e+00 0.000000000000000000e+00
4.939694335937500000e+03 7.823198318481445312e+00 0.000000000000000000e+00
4.940830566406250000e+03 8.328735351562500000e+00 0.000000000000000000e+00
4.941967285156250000e+03 8.164008140563964844e+00 0.000000000000000000e+00
4.943106933593750000e+03 8.198378562927246094e+00 0.000000000000000000e+00
4.944244140625000000e+03 8.988190650939941406e+00 0.000000000000000000e+00
4.945384277343750000e+03 7.865235328674316406e+00 0.000000000000000000e+00
4.946521972656250000e+03 7.348376750946044922e+00 0.000000000000000000e+00
4.947662597656250000e+03 8.532308578491210938e+00 0.000000000000000000e+00
4.948800781250000000e+03 8.954037666320800781e+00 0.000000000000000000e+00
4.949939453125000000e+03 7.835709571838378906e+00 0.000000000000000000e+00
4.951080566406250000e+03 8.527509689331054688e+00 0.000000000000000000e+00
4.952219726562500000e+03 8.096196174621582031e+00 0.000000000000000000e+00
4.953361816406250000e+03 7.642963409423828125e+00 0.000000000000000000e+00
4.954500976562500000e+03 7.954573631286621094e+00 0.000000000000000000e+00
4.955643554687500000e+03 7.962732791900634766e+00 0.000000000000000000e+00
4.956783691406250000e+03 8.123172760009765625e+00 0.000000000000000000e+00
4.957923828125000000e+03 7.501685619354248047e+00 0.000000000000000000e+00
4.959067382812500000e+03 8.064468383789062500e+00 0.000000000000000000e+00
4.960208007812500000e+03 8.945178031921386719e+00 0.000000000000000000e+00
4.961352050781250000e+03 9.104022979736328125e+00 0.000000000000000000e+00
4.962493164062500000e+03 8.568625450134277344e+00 0.000000000000000000e+00
4.963637695312500000e+03 7.268702507019042969e+00 0.000000000000000000e+00
4.964779296875000000e+03 7.228069782257080078e+00 0.000000000000000000e+00
4.965921386718750000e+03 7.555184841156005859e+00 0.000000000000000000e+00
4.967066894531250000e+03 7.790805816650390625e+00 0.000000000000000000e+00
4.968209472656250000e+03 8.162544250488281250e+00 0.000000000000000000e+00
4.969354980468750000e+03 8.545286178588867188e+00 0.000000000000000000e+00
4.970498046875000000e+03 7.866442203521728516e+00 0.000000000000000000e+00
4.971644531250000000e+03 8.173302650451660156e+00 0.000000000000000000e+00
4.972788085937500000e+03 7.981317043304443359e+00 0.000000000000000000e+00
4.973932128906250000e+03 7.620096683502197266e+00 0.000000000000000000e+00
4.975079101562500000e+03 7.587711811065673828e+00 0.000000000000000000e+00
4.976223632812500000e+03 7.587557792663574219e+00 0.000000000000000000e+00
4.977371093750000000e+03 7.617855548858642578e+00 0.000000000000000000e+00
4.978516113281250000e+03 7.290427207946777344e+00 0.000000000000000000e+00
4.979664062500000000e+03 7.616812229156494141e+00 0.000000000000000000e+00
4.980809570312500000e+03 8.006639480590820312e+00 0.000000000000000000e+00
4.981958496093750000e+03 7.705667495727539062e+00 0.000000000000000000e+00
4.983104492187500000e+03 7.056473255157470703e+00 0.000000000000000000e+00
4.984250976562500000e+03 7.194288730621337891e+00 0.000000000000000000e+00
4.985400390625000000e+03 7.345060348510742188e+00 0.000000000000000000e+00
4.986546875000000000e+03 7.779455661773681641e+00 0.000000000000000000e+00
4.987696777343750000e+03 7.626685142517089844e+00 0.000000000000000000e+00
4.988844238281250000e+03 7.610148906707763672e+00 0.000000000000000000e+00
4.989994628906250000e+03 8.588839530944824219e+00 0.000000000000000000e+00
4.991142578125000000e+03 7.181885719299316406e+00 0.000000000000000000e+00
4.992291015625000000e+03 7.486425399780273438e+00 0.000000000000000000e+00
4.993441894531250000e+03 7.843243598937988281e+00 0.000000000000000000e+00
4.994590820312500000e+03 7.780710220336914062e+00 0.000000000000000000e+00
4.995742675781250000e+03 7.734692096710205078e+00 0.000000000000000000e+00
4.996892089843750000e+03 7.689398288726806641e+00 0.000000000000000000e+00
4.998043945312500000e+03 7.246273040771484375e+00 0.000000000000000000e+00
4.999193847656250000e+03 7.951333999633789062e+00 0.000000000000000000e+00
5.000343750000000000e+03 7.215462207794189453e+00 0.000000000000000000e+00
5.001497070312500000e+03 6.575603485107421875e+00 0.000000000000000000e+00
5.002647460937500000e+03 7.296682834625244141e+00 0.000000000000000000e+00
5.003801269531250000e+03 8.067299842834472656e+00 0.000000000000000000e+00
5.004952148437500000e+03 7.855259418487548828e+00 0.000000000000000000e+00
5.006106445312500000e+03 7.215138435363769531e+00 0.000000000000000000e+00
5.007258300781250000e+03 7.107301712036132812e+00 0.000000000000000000e+00
5.008410156250000000e+03 7.086070060729980469e+00 0.000000000000000000e+00
5.009564941406250000e+03 6.989803314208984375e+00 0.000000000000000000e+00
5.010717285156250000e+03 7.256244659423828125e+00 0.000000000000000000e+00
5.011873046875000000e+03 7.344651699066162109e+00 0.000000000000000000e+00
5.013025878906250000e+03 7.021377086639404297e+00 0.000000000000000000e+00
5.014181640625000000e+03 7.190980911254882812e+00 0.000000000000000000e+00
5.015335449218750000e+03 7.143083095550537109e+00 0.000000000000000000e+00
5.016489257812500000e+03 6.905467510223388672e+00 0.000000000000000000e+00
5.017645996093750000e+03 7.125234603881835938e+00 0.000000000000000000e+00
5.018800292968750000e+03 6.382084369659423828e+00 0.000000000000000000e+00
5.019957519531250000e+03 7.084358215332031250e+00 0.000000000000000000e+00
5.021112304687500000e+03 8.086183547973632812e+00 0.000000000000000000e+00
5.022270019531250000e+03 8.099619865417480469e+00 0.000000000000000000e+00
5.023425781250000000e+03 7.550897598266601562e+00 0.000000000000000000e+00
5.024581054687500000e+03 7.737325191497802734e+00 0.000000000000000000e+00
5.025739746093750000e+03 8.087711334228515625e+00 0.000000000000000000e+00
5.026895996093750000e+03 8.108402252197265625e+00 0.000000000000000000e+00
5.028055175781250000e+03 7.800948143005371094e+00 0.000000000000000000e+00
5.029211914062500000e+03 7.205327033996582031e+00 0.000000000000000000e+00
5.030371582031250000e+03 6.903367996215820312e+00 0.000000000000000000e+00
5.031528808593750000e+03 7.476193428039550781e+00 0.000000000000000000e+00
5.032686523437500000e+03 7.880184173583984375e+00 0.000000000000000000e+00
5.033847167968750000e+03 7.693833351135253906e+00 0.000000000000000000e+00
5.035004882812500000e+03 6.660640239715576172e+00 0.000000000000000000e+00
5.036166015625000000e+03 6.575593471527099609e+00 0.000000000000000000e+00
5.037324707031250000e+03 7.451939105987548828e+00 0.000000000000000000e+00
5.038486328125000000e+03 7.420348167419433594e+00 0.000000000000000000e+00
5.039645507812500000e+03 7.291394233703613281e+00 0.000000000000000000e+00
5.040804687500000000e+03 6.746325016021728516e+00 0.000000000000000000e+00
5.041967285156250000e+03 7.024029731750488281e+00 0.000000000000000000e+00
5.043126953125000000e+03 7.044747829437255859e+00 0.000000000000000000e+00
5.044290039062500000e+03 6.809444904327392578e+00 0.000000000000000000e+00
5.045450195312500000e+03 7.497932434082031250e+00 0.000000000000000000e+00
5.046613769531250000e+03 7.138816356658935547e+00 0.000000000000000000e+00
5.047774902343750000e+03 6.663317680358886719e+00 0.000000000000000000e+00
5.048936035156250000e+03 7.346878528594970703e+00 0.000000000000000000e+00
5.050100097656250000e+03 8.082218170166015625e+00 0.000000000000000000e+00
5.051262207031250000e+03 7.911461353302001953e+00 0.000000000000000000e+00
5.052426757812500000e+03 7.337034702301025391e+00 0.000000000000000000e+00
5.053589355468750000e+03 6.979026794433593750e+00 0.000000000000000000e+00
5.054754394531250000e+03 6.549551486968994141e+00 0.000000000000000000e+00
5.055917480468750000e+03 6.830630302429199219e+00 0.000000000000000000e+00
5.057080566406250000e+03 7.108782291412353516e+00 0.000000000000000000e+00
5.058246582031250000e+03 7.066154956817626953e+00 0.000000000000000000e+00
5.059410156250000000e+03 7.055760383605957031e+00 0.000000000000000000e+00
5.060577148437500000e+03 6.278762340545654297e+00 0.000000000000000000e+00
5.061741210937500000e+03 7.231393814086914062e+00 0.000000000000000000e+00
5.062908203125000000e+03 7.500504970550537109e+00 0.000000000000000000e+00
5.064073242187500000e+03 7.303385734558105469e+00 0.000000000000000000e+00
5.065237792968750000e+03 7.791588783264160156e+00 0.000000000000000000e+00
5.066406250000000000e+03 8.549574851989746094e+00 0.000000000000000000e+00
5.067571777343750000e+03 7.717242717742919922e+00 0.000000000000000000e+00
5.068740234375000000e+03 6.846735954284667969e+00 0.000000000000000000e+00
5.069906250000000000e+03 7.267087936401367188e+00 0.000000000000000000e+00
5.071075195312500000e+03 7.781149864196777344e+00 0.000000000000000000e+00
5.072241699218750000e+03 7.671274185180664062e+00 0.000000000000000000e+00
5.073411621093750000e+03 7.751386165618896484e+00 0.000000000000000000e+00
5.074578613281250000e+03 8.031218528747558594e+00 0.000000000000000000e+00
5.075746093750000000e+03 7.896680355072021484e+00 0.000000000000000000e+00
5.076916503906250000e+03 7.477099418640136719e+00 0.000000000000000000e+00
5.078084472656250000e+03 7.364101886749267578e+00 0.000000000000000000e+00
5.079255371093750000e+03 7.329985141754150391e+00 0.000000000000000000e+00
5.080423828125000000e+03 6.714045524597167969e+00 0.000000000000000000e+00
5.081595703125000000e+03 6.566017627716064453e+00 0.000000000000000000e+00
5.082764648437500000e+03 6.999895572662353516e+00 0.000000000000000000e+00
5.083933593750000000e+03 6.228183269500732422e+00 0.000000000000000000e+00
5.085105957031250000e+03 5.802341461181640625e+00 0.000000000000000000e+00
5.086275878906250000e+03 6.337466716766357422e+00 0.000000000000000000e+00
5.087448730468750000e+03 6.472488403320312500e+00 0.000000000000000000e+00
5.088619140625000000e+03 7.285702228546142578e+00 0.000000000000000000e+00
5.089792480468750000e+03 6.836589336395263672e+00 0.000000000000000000e+00
5.090963378906250000e+03 6.844179153442382812e+00 0.000000000000000000e+00
5.092134765625000000e+03 7.214210033416748047e+00 0.000000000000000000e+00
5.093309082031250000e+03 7.456714630126953125e+00 0.000000000000000000e+00
5.094480468750000000e+03 7.785801887512207031e+00 0.000000000000000000e+00
5.095655273437500000e+03 7.787518501281738281e+00 0.000000000000000000e+00
5.096827636718750000e+03 7.532998561859130859e+00 0.000000000000000000e+00
5.098002929687500000e+03 8.085072517395019531e+00 0.000000000000000000e+00
5.099175781250000000e+03 7.871757984161376953e+00 0.000000000000000000e+00
5.100348632812500000e+03 7.118402004241943359e+00 0.000000000000000000e+00
5.101524902343750000e+03 7.708676815032958984e+00 0.000000000000000000e+00
5.102698730468750000e+03 6.947896957397460938e+00 0.000000000000000000e+00
5.103875000000000000e+03 8.178685188293457031e+00 0.000000000000000000e+00
5.105049316406250000e+03 8.200538635253906250e+00 0.000000000000000000e+00
5.106226562500000000e+03 7.606106758117675781e+00 0.000000000000000000e+00
5.107401367187500000e+03 7.685523986816406250e+00 0.000000000000000000e+00
5.108576171875000000e+03 7.759138107299804688e+00 0.000000000000000000e+00
5.109754394531250000e+03 7.515291213989257812e+00 0.000000000000000000e+00
5.110929687500000000e+03 6.860275745391845703e+00 0.000000000000000000e+00
5.112108398437500000e+03 6.727671146392822266e+00 0.000000000000000000e+00
5.113284179687500000e+03 7.801751136779785156e+00 0.000000000000000000e+00
5.114463378906250000e+03 9.250610351562500000e+00 0.000000000000000000e+00
5.115640136718750000e+03 9.008823394775390625e+00 0.000000000000000000e+00
5.116816894531250000e+03 6.881190299987792969e+00 0.000000000000000000e+00
5.117996582031250000e+03 7.928085803985595703e+00 0.000000000000000000e+00
5.119174316406250000e+03 8.075125694274902344e+00 0.000000000000000000e+00
5.120354492187500000e+03 7.279150485992431641e+00 0.000000000000000000e+00
5.121532714843750000e+03 6.896928787231445312e+00 0.000000000000000000e+00
5.122713378906250000e+03 6.339711666107177734e+00 0.000000000000000000e+00
5.123892089843750000e+03 4.742412090301513672e+00 0.000000000000000000e+00
5.125070800781250000e+03 2.483521223068237305e+00 0.000000000000000000e+00
5.126252441406250000e+03 1.996397137641906738e+00 0.000000000000000000e+00
5.127432128906250000e+03 2.644011735916137695e+00 0.000000000000000000e+00
5.128614257812500000e+03 3.362414598464965820e+00 0.000000000000000000e+00
5.129793945312500000e+03 4.375636100769042969e+00 0.000000000000000000e+00
5.130977050781250000e+03 5.394576072692871094e+00 0.000000000000000000e+00
5.132157226562500000e+03 6.028471946716308594e+00 0.000000000000000000e+00
5.133337890625000000e+03 7.114153385162353516e+00 0.000000000000000000e+00
5.134521972656250000e+03 7.421447753906250000e+00 0.000000000000000000e+00
5.135703125000000000e+03 6.897141933441162109e+00 0.000000000000000000e+00
5.136887207031250000e+03 7.217435836791992188e+00 0.000000000000000000e+00
5.138068847656250000e+03 7.220073699951171875e+00 0.000000000000000000e+00
5.139253906250000000e+03 6.891777038574218750e+00 0.000000000000000000e+00
5.140436035156250000e+03 7.239482402801513672e+00 0.000000000000000000e+00
5.141618652343750000e+03 7.289357185363769531e+00 0.000000000000000000e+00
5.142804199218750000e+03 6.957402229309082031e+00 0.000000000000000000e+00
5.143987304687500000e+03 7.348686695098876953e+00 0.000000000000000000e+00
5.145173828125000000e+03 6.829391956329345703e+00 0.000000000000000000e+00
5.146357421875000000e+03 7.490645885467529297e+00 0.000000000000000000e+00
5.147543945312500000e+03 7.782740116119384766e+00 0.000000000000000000e+00
5.148728027343750000e+03 7.566831588745117188e+00 0.000000000000000000e+00
5.149912597656250000e+03 7.312807559967041016e+00 0.000000000000000000e+00
5.151100097656250000e+03 6.864015102386474609e+00 0.000000000000000000e+00
5.152285156250000000e+03 6.236163616180419922e+00 0.000000000000000000e+00
5.153473144531250000e+03 6.800938606262207031e+00 0.000000000000000000e+00
5.154658691406250000e+03 6.843104362487792969e+00 0.000000000000000000e+00
5.155847656250000000e+03 6.976691722869873047e+00 0.000000000000000000e+00
5.157033691406250000e+03 7.350566864013671875e+00 0.000000000000000000e+00
5.158222656250000000e+03 6.805334091186523438e+00 0.000000000000000000e+00
5.159409179687500000e+03 7.007075309753417969e+00 0.000000000000000000e+00
5.160596191406250000e+03 7.269755363464355469e+00 0.000000000000000000e+00
5.161786132812500000e+03 6.243677139282226562e+00 0.000000000000000000e+00
5.162973632812500000e+03 6.133697509765625000e+00 0.000000000000000000e+00
5.164164550781250000e+03 7.407205581665039062e+00 0.000000000000000000e+00
5.165352539062500000e+03 7.391973018646240234e+00 0.000000000000000000e+00
5.166543457031250000e+03 6.985260009765625000e+00 0.000000000000000000e+00
5.167731933593750000e+03 6.950102806091308594e+00 0.000000000000000000e+00
5.168920898437500000e+03 6.823700904846191406e+00 0.000000000000000000e+00
5.170112792968750000e+03 6.234988689422607422e+00 0.000000000000000000e+00
5.171302246093750000e+03 5.420846939086914062e+00 0.000000000000000000e+00
5.172494628906250000e+03 4.917321681976318359e+00 0.000000000000000000e+00
5.173684570312500000e+03 4.726429939270019531e+00 0.000000000000000000e+00
5.174877929687500000e+03 5.855227947235107422e+00 0.000000000000000000e+00
5.176068359375000000e+03 6.582517623901367188e+00 0.000000000000000000e+00
5.177258789062500000e+03 6.378837108612060547e+00 0.000000000000000000e+00
5.178452636718750000e+03 6.335400581359863281e+00 0.000000000000000000e+00
5.179644042968750000e+03 7.258727073669433594e+00 0.000000000000000000e+00
5.180838378906250000e+03 7.058907985687255859e+00 0.000000000000000000e+00
5.182030273437500000e+03 7.579159736633300781e+00 0.000000000000000000e+00
5.183225097656250000e+03 7.874112129211425781e+00 0.000000000000000000e+00
5.184417480468750000e+03 7.052444458007812500e+00 0.000000000000000000e+00
5.185610351562500000e+03 6.223660469055175781e+00 0.000000000000000000e+00
5.186806152343750000e+03 7.189455986022949219e+00 0.000000000000000000e+00
5.187999511718750000e+03 7.776300907135009766e+00 0.000000000000000000e+00
5.189195800781250000e+03 6.860153198242187500e+00 0.000000000000000000e+00
5.190389648437500000e+03 6.883858203887939453e+00 0.000000000000000000e+00
5.191586425781250000e+03 7.454787731170654297e+00 0.000000000000000000e+00
5.192780761718750000e+03 7.542464256286621094e+00 0.000000000000000000e+00
5.193975097656250000e+03 7.477715492248535156e+00 0.000000000000000000e+00
5.195172851562500000e+03 7.314062595367431641e+00 0.000000000000000000e+00
5.196368164062500000e+03 7.437442779541015625e+00 0.000000000000000000e+00
5.197566406250000000e+03 8.036580085754394531e+00 0.000000000000000000e+00
5.198762207031250000e+03 7.925021648406982422e+00 0.000000000000000000e+00
5.199960937500000000e+03 7.115772247314453125e+00 0.000000000000000000e+00
5.201157226562500000e+03 7.302345275878906250e+00 0.000000000000000000e+00
5.202353515625000000e+03 7.847259998321533203e+00 0.000000000000000000e+00
5.203553222656250000e+03 6.793155193328857422e+00 0.000000000000000000e+00
5.204750488281250000e+03 7.480189800262451172e+00 0.000000000000000000e+00
5.205950683593750000e+03 8.076853752136230469e+00 0.000000000000000000e+00
5.207148437500000000e+03 7.267520904541015625e+00 0.000000000000000000e+00
5.208349121093750000e+03 7.401452541351318359e+00 0.000000000000000000e+00
5.209547363281250000e+03 7.556505680084228516e+00 0.000000000000000000e+00
5.210745605468750000e+03 7.559796333312988281e+00 0.000000000000000000e+00
5.211947265625000000e+03 7.191306591033935547e+00 0.000000000000000000e+00
5.213145996093750000e+03 6.891754627227783203e+00 0.000000000000000000e+00
5.214348144531250000e+03 6.838027954101562500e+00 0.000000000000000000e+00
5.215547851562500000e+03 6.889932155609130859e+00 0.000000000000000000e+00
5.216750488281250000e+03 7.810984134674072266e+00 0.000000000000000000e+00
5.217950683593750000e+03 7.093270301818847656e+00 0.000000000000000000e+00
5.219150878906250000e+03 7.194833755493164062e+00 0.000000000000000000e+00
5.220354492187500000e+03 8.064755439758300781e+00 0.000000000000000000e+00
5.221555664062500000e+03 8.067458152770996094e+00 0.000000000000000000e+00
5.222759765625000000e+03 6.985242366790771484e+00 0.000000000000000000e+00
5.223960937500000000e+03 7.193418502807617188e+00 0.000000000000000000e+00
5.225165527343750000e+03 7.603688716888427734e+00 0.000000000000000000e+00
5.226367675781250000e+03 7.229283809661865234e+00 0.000000000000000000e+00
5.227570312500000000e+03 7.375790596008300781e+00 0.000000000000000000e+00
5.228775390625000000e+03 8.273694038391113281e+00 0.000000000000000000e+00
5.229978515625000000e+03 8.064032554626464844e+00 0.000000000000000000e+00
5.231184570312500000e+03 7.385560035705566406e+00 0.000000000000000000e+00
5.232387695312500000e+03 7.441862583160400391e+00 0.000000000000000000e+00
5.233594238281250000e+03 7.169403553009033203e+00 0.000000000000000000e+00
5.234798339843750000e+03 7.559832572937011719e+00 0.000000000000000000e+00
5.236002929687500000e+03 8.534556388854980469e+00 0.000000000000000000e+00
5.237209960937500000e+03 8.041903495788574219e+00 0.000000000000000000e+00
5.238415039062500000e+03 7.526695251464843750e+00 0.000000000000000000e+00
5.239623046875000000e+03 6.900463104248046875e+00 0.000000000000000000e+00
5.240828125000000000e+03 6.533725738525390625e+00 0.000000000000000000e+00
5.242036621093750000e+03 6.758089065551757812e+00 0.000000000000000000e+00
5.243242675781250000e+03 6.900742530822753906e+00 0.000000000000000000e+00
5.244448730468750000e+03 6.502801418304443359e+00 0.000000000000000000e+00
5.245658203125000000e+03 8.383644104003906250e+00 0.000000000000000000e+00
5.246865234375000000e+03 7.807944297790527344e+00 0.000000000000000000e+00
5.248074707031250000e+03 7.825628757476806641e+00 0.000000000000000000e+00
5.249282226562500000e+03 7.935019493103027344e+00 0.000000000000000000e+00
5.250492675781250000e+03 7.146006584167480469e+00 0.000000000000000000e+00
5.251700683593750000e+03 7.071959018707275391e+00 0.000000000000000000e+00
5.252911621093750000e+03 7.376597404479980469e+00 0.000000000000000000e+00
5.254120117187500000e+03 7.752299785614013672e+00 0.000000000000000000e+00
5.255328613281250000e+03 7.086552619934082031e+00 0.000000000000000000e+00
5.256540527343750000e+03 6.694573879241943359e+00 0.000000000000000000e+00
5.257750000000000000e+03 7.270800113677978516e+00 0.000000000000000000e+00
5.258962402343750000e+03 7.344563484191894531e+00 0.000000000000000000e+00
5.260172363281250000e+03 7.077427864074707031e+00 0.000000000000000000e+00
5.261385253906250000e+03 7.206720829010009766e+00 0.000000000000000000e+00
5.262595703125000000e+03 7.129247665405273438e+00 0.000000000000000000e+00
5.263806152343750000e+03 7.314664363861083984e+00 0.000000000000000000e+00
5.265020019531250000e+03 7.837728977203369141e+00 0.000000000000000000e+00
5.266230957031250000e+03 7.560279846191406250e+00 0.000000000000000000e+00
5.267445800781250000e+03 6.672706127166748047e+00 0.000000000000000000e+00
5.268657226562500000e+03 7.074843406677246094e+00 0.000000000000000000e+00
5.269872070312500000e+03 6.455950260162353516e+00 0.000000000000000000e+00
5.271084472656250000e+03 4.916681766510009766e+00 0.000000000000000000e+00
5.272297363281250000e+03 4.300764083862304688e+00 0.000000000000000000e+00
5.273513183593750000e+03 5.648726463317871094e+00 0.000000000000000000e+00
5.274726074218750000e+03 7.556471347808837891e+00 0.000000000000000000e+00
5.275942382812500000e+03 7.118454933166503906e+00 0.000000000000000000e+00
5.277156250000000000e+03 6.702947139739990234e+00 0.000000000000000000e+00
5.278373046875000000e+03 6.993500709533691406e+00 0.000000000000000000e+00
5.279587402343750000e+03 6.781128406524658203e+00 0.000000000000000000e+00
5.280801757812500000e+03 5.614198207855224609e+00 0.000000000000000000e+00
5.282019531250000000e+03 6.172429084777832031e+00 0.000000000000000000e+00
5.283234863281250000e+03 7.180746555328369141e+00 0.000000000000000000e+00
5.284453125000000000e+03 7.348117351531982422e+00 0.000000000000000000e+00
5.285668945312500000e+03 7.025442123413085938e+00 0.000000000000000000e+00
5.286887695312500000e+03 7.024305820465087891e+00 0.000000000000000000e+00
5.288104003906250000e+03 7.308917045593261719e+00 0.000000000000000000e+00
5.289320312500000000e+03 6.931343555450439453e+00 0.000000000000000000e+00
5.290540039062500000e+03 6.535769462585449219e+00 0.000000000000000000e+00
5.291757324218750000e+03 7.050810337066650391e+00 0.000000000000000000e+00
5.292977539062500000e+03 6.714910507202148438e+00 0.000000000000000000e+00
5.294195312500000000e+03 5.510754108428955078e+00 0.000000000000000000e+00
5.295416015625000000e+03 6.136834144592285156e+00 0.000000000000000000e+00
5.296634277343750000e+03 6.256099224090576172e+00 0.000000000000000000e+00
5.297852539062500000e+03 6.820135593414306641e+00 0.000000000000000000e+00
5.299074218750000000e+03 7.457911014556884766e+00 0.000000000000000000e+00
5.300293457031250000e+03 7.062252044677734375e+00 0.000000000000000000e+00
5.301515625000000000e+03 6.196379661560058594e+00 0.000000000000000000e+00
5.302735351562500000e+03 6.768358707427978516e+00 0.000000000000000000e+00
5.303958007812500000e+03 6.948943138122558594e+00 0.000000000000000000e+00
5.305178222656250000e+03 6.829867839813232422e+00 0.000000000000000000e+00
5.306398437500000000e+03 7.188967227935791016e+00 0.000000000000000000e+00
5.307622070312500000e+03 7.393012523651123047e+00 0.000000000000000000e+00
5.308843261718750000e+03 7.023677349090576172e+00 0.000000000000000000e+00
5.310067382812500000e+03 6.848674774169921875e+00 0.000000000000000000e+00
5.311289062500000000e+03 6.830064773559570312e+00 0.000000000000000000e+00
5.312513671875000000e+03 7.549891471862792969e+00 0.000000000000000000e+00
5.313735839843750000e+03 7.479368209838867188e+00 0.000000000000000000e+00
5.314958496093750000e+03 7.242899894714355469e+00 0.000000000000000000e+00
5.316184082031250000e+03 7.414332866668701172e+00 0.000000000000000000e+00
5.317407226562500000e+03 6.956462860107421875e+00 0.000000000000000000e+00
5.318633300781250000e+03 6.630046367645263672e+00 0.000000000000000000e+00
5.319856933593750000e+03 7.544045448303222656e+00 0.000000000000000000e+00
5.321083496093750000e+03 7.346602916717529297e+00 0.000000000000000000e+00
5.322307617187500000e+03 6.728719711303710938e+00 0.000000000000000000e+00
5.323531738281250000e+03 6.817357063293457031e+00 0.000000000000000000e+00
5.324759765625000000e+03 6.891485214233398438e+00 0.000000000000000000e+00
5.325984375000000000e+03 7.760174751281738281e+00 0.000000000000000000e+00
5.327212890625000000e+03 7.144850254058837891e+00 0.000000000000000000e+00
5.328437988281250000e+03 6.758832454681396484e+00 0.000000000000000000e+00
5.329666992187500000e+03 7.403616428375244141e+00 0.000000000000000000e+00
5.330893066406250000e+03 7.762784957885742188e+00 0.000000000000000000e+00
5.332119140625000000e+03 6.540596961975097656e+00 0.000000000000000000e+00
5.333349121093750000e+03 6.766639232635498047e+00 0.000000000000000000e+00
5.334575683593750000e+03 7.666489601135253906e+00 0.000000000000000000e+00
5.335806152343750000e+03 7.657521724700927734e+00 0.000000000000000000e+00
5.337033691406250000e+03 7.351142406463623047e+00 0.000000000000000000e+00
5.338264160156250000e+03 7.321781158447265625e+00 0.000000000000000000e+00
5.339492187500000000e+03 6.817212581634521484e+00 0.000000000000000000e+00
5.340720703125000000e+03 6.770616531372070312e+00 0.000000000000000000e+00
5.341952148437500000e+03 6.989888191223144531e+00 0.000000000000000000e+00
5.343181152343750000e+03 7.077590465545654297e+00 0.000000000000000000e+00
5.344413085937500000e+03 7.147377967834472656e+00 0.000000000000000000e+00
5.345642578125000000e+03 7.169577598571777344e+00 0.000000000000000000e+00
5.346875488281250000e+03 6.773395538330078125e+00 0.000000000000000000e+00
5.348105468750000000e+03 6.615724563598632812e+00 0.000000000000000000e+00
5.349338867187500000e+03 7.553411483764648438e+00 0.000000000000000000e+00
5.350569335937500000e+03 7.902348518371582031e+00 0.000000000000000000e+00
5.351800292968750000e+03 7.573122024536132812e+00 0.000000000000000000e+00
5.353034179687500000e+03 7.185055255889892578e+00 0.000000000000000000e+00
5.354265625000000000e+03 6.926306724548339844e+00 0.000000000000000000e+00
5.355500488281250000e+03 7.843927860260009766e+00 0.000000000000000000e+00
5.356732421875000000e+03 7.930168628692626953e+00 0.000000000000000000e+00
5.357967773437500000e+03 7.142239093780517578e+00 0.000000000000000000e+00
5.359200195312500000e+03 6.709191322326660156e+00 0.000000000000000000e+00
5.360433105468750000e+03 7.035294055938720703e+00 0.000000000000000000e+00
5.361669433593750000e+03 7.091013908386230469e+00 0.000000000000000000e+00
5.362902832031250000e+03 7.027938842773437500e+00 0.000000000000000000e+00
5.364139160156250000e+03 7.490729331970214844e+00 0.000000000000000000e+00
5.365373535156250000e+03 7.697754383087158203e+00 0.000000000000000000e+00
5.366610839843750000e+03 6.961878776550292969e+00 0.000000000000000000e+00
5.367845214843750000e+03 6.542239665985107422e+00 0.000000000000000000e+00
5.369080078125000000e+03 8.133775711059570312e+00 0.000000000000000000e+00
5.370318359375000000e+03 7.495397090911865234e+00 0.000000000000000000e+00
5.371553710937500000e+03 7.450535297393798828e+00 0.000000000000000000e+00
5.372792480468750000e+03 7.743889331817626953e+00 0.000000000000000000e+00
5.374028320312500000e+03 6.525072574615478516e+00 0.000000000000000000e+00
5.375267578125000000e+03 4.098641395568847656e+00 0.000000000000000000e+00
5.376503906250000000e+03 3.344817161560058594e+00 0.000000000000000000e+00
5.377741210937500000e+03 3.437845468521118164e+00 0.000000000000000000e+00
5.378980957031250000e+03 4.034245014190673828e+00 0.000000000000000000e+00
5.380218261718750000e+03 5.941800594329833984e+00 0.000000000000000000e+00
5.381458984375000000e+03 7.076042175292968750e+00 0.000000000000000000e+00
5.382697265625000000e+03 6.714093208312988281e+00 0.000000000000000000e+00
5.383938476562500000e+03 7.514139652252197266e+00 0.000000000000000000e+00
5.385176757812500000e+03 7.665108680725097656e+00 0.000000000000000000e+00
5.386416015625000000e+03 7.625000476837158203e+00 0.000000000000000000e+00
5.387657714843750000e+03 7.609225273132324219e+00 0.000000000000000000e+00
5.388897460937500000e+03 7.863254547119140625e+00 0.000000000000000000e+00
5.390140136718750000e+03 7.936907291412353516e+00 0.000000000000000000e+00
5.391379882812500000e+03 7.055296897888183594e+00 0.000000000000000000e+00
5.392623046875000000e+03 7.111948966979980469e+00 0.000000000000000000e+00
5.393863769531250000e+03 7.694273948669433594e+00 0.000000000000000000e+00
5.395104492187500000e+03 7.669692039489746094e+00 0.000000000000000000e+00
5.396348632812500000e+03 7.608576297760009766e+00 0.000000000000000000e+00
5.397590332031250000e+03 7.782039642333984375e+00 0.000000000000000000e+00
5.398834960937500000e+03 6.916597366333007812e+00 0.000000000000000000e+00
5.400076660156250000e+03 5.549749851226806641e+00 0.000000000000000000e+00
5.401322265625000000e+03 4.625560283660888672e+00 0.000000000000000000e+00
5.402564453125000000e+03 5.247738361358642578e+00 0.000000000000000000e+00
5.403807617187500000e+03 6.169394493103027344e+00 0.000000000000000000e+00
5.405053710937500000e+03 6.699318885803222656e+00 0.000000000000000000e+00
5.406296875000000000e+03 7.903194904327392578e+00 0.000000000000000000e+00
5.407543945312500000e+03 7.389934539794921875e+00 0.000000000000000000e+00
5.408787597656250000e+03 8.052921295166015625e+00 0.000000000000000000e+00
5.410035156250000000e+03 8.199238777160644531e+00 0.000000000000000000e+00
5.411279785156250000e+03 7.498635292053222656e+00 0.000000000000000000e+00
5.412524414062500000e+03 7.397597312927246094e+00 0.000000000000000000e+00
5.413772460937500000e+03 8.546680450439453125e+00 0.000000000000000000e+00
5.415018066406250000e+03 8.461985588073730469e+00 0.000000000000000000e+00
5.416266601562500000e+03 8.195642471313476562e+00 0.000000000000000000e+00
5.417512695312500000e+03 8.604020118713378906e+00 0.000000000000000000e+00
5.418761718750000000e+03 8.786254882812500000e+00 0.000000000000000000e+00
5.420008300781250000e+03 8.065800666809082031e+00 0.000000000000000000e+00
5.421255371093750000e+03 7.470319271087646484e+00 0.000000000000000000e+00
5.422505371093750000e+03 7.616248130798339844e+00 0.000000000000000000e+00
5.423752929687500000e+03 8.480032920837402344e+00 0.000000000000000000e+00
5.425003417968750000e+03 8.499604225158691406e+00 0.000000000000000000e+00
5.426251464843750000e+03 7.973038673400878906e+00 0.000000000000000000e+00
5.427502929687500000e+03 7.863356590270996094e+00 0.000000000000000000e+00
5.428751464843750000e+03 8.153303146362304688e+00 0.000000000000000000e+00
5.430000488281250000e+03 8.848239898681640625e+00 0.000000000000000000e+00
5.431252441406250000e+03 8.421107292175292969e+00 0.000000000000000000e+00
5.432501953125000000e+03 8.154235839843750000e+00 0.000000000000000000e+00
5.433754882812500000e+03 7.971070289611816406e+00 0.000000000000000000e+00
5.435004882812500000e+03 7.282392501831054688e+00 0.000000000000000000e+00
5.436258300781250000e+03 6.612126827239990234e+00 0.000000000000000000e+00
5.437508789062500000e+03 6.220171928405761719e+00 0.000000000000000000e+00
5.438759765625000000e+03 7.346117019653320312e+00 0.000000000000000000e+00
5.440013671875000000e+03 8.184479713439941406e+00 0.000000000000000000e+00
5.441265136718750000e+03 8.254987716674804688e+00 0.000000000000000000e+00
5.442520019531250000e+03 8.045771598815917969e+00 0.000000000000000000e+00
5.443771972656250000e+03 7.429448127746582031e+00 0.000000000000000000e+00
5.445027343750000000e+03 6.105534553527832031e+00 0.000000000000000000e+00
5.446279785156250000e+03 4.162776470184326172e+00 0.000000000000000000e+00
5.447535644531250000e+03 4.854845046997070312e+00 0.000000000000000000e+00
5.448789062500000000e+03 6.904087066650390625e+00 0.000000000000000000e+00
5.450042480468750000e+03 7.956209659576416016e+00 0.000000000000000000e+00
5.451299316406250000e+03 8.730584144592285156e+00 0.000000000000000000e+00
5.452553222656250000e+03 8.720218658447265625e+00 0.000000000000000000e+00
5.453810546875000000e+03 8.782022476196289062e+00 0.000000000000000000e+00
5.455065429687500000e+03 8.334725379943847656e+00 0.000000000000000000e+00
5.456323242187500000e+03 7.703783988952636719e+00 0.000000000000000000e+00
5.457578613281250000e+03 7.607164382934570312e+00 0.000000000000000000e+00
5.458833984375000000e+03 8.191799163818359375e+00 0.000000000000000000e+00
5.460092773437500000e+03 9.536278724670410156e+00 0.000000000000000000e+00
5.461348632812500000e+03 8.014347076416015625e+00 0.000000000000000000e+00
5.462608398437500000e+03 6.410843372344970703e+00 0.000000000000000000e+00
5.463864746093750000e+03 4.721340656280517578e+00 0.000000000000000000e+00
5.465125000000000000e+03 2.661249876022338867e+00 0.000000000000000000e+00
5.466382324218750000e+03 2.960958719253540039e+00 0.000000000000000000e+00
5.467639648437500000e+03 4.254114151000976562e+00 0.000000000000000000e+00
5.468900390625000000e+03 5.512951850891113281e+00 0.000000000000000000e+00
5.470158691406250000e+03 6.517670154571533203e+00 0.000000000000000000e+00
5.471419921875000000e+03 7.146584987640380859e+00 0.000000000000000000e+00
5.472678710937500000e+03 7.556318283081054688e+00 0.000000000000000000e+00
5.473940429687500000e+03 8.022342681884765625e+00 0.000000000000000000e+00
5.475199707031250000e+03 7.573890686035156250e+00 0.000000000000000000e+00
5.476459472656250000e+03 8.046695709228515625e+00 0.000000000000000000e+00
5.477722167968750000e+03 8.209099769592285156e+00 0.000000000000000000e+00
5.478982421875000000e+03 7.912778377532958984e+00 0.000000000000000000e+00
5.480246093750000000e+03 8.042414665222167969e+00 0.000000000000000000e+00
5.481506835937500000e+03 8.572998046875000000e+00 0.000000000000000000e+00
5.482770507812500000e+03 7.944256305694580078e+00 0.000000000000000000e+00
5.484032226562500000e+03 7.753502845764160156e+00 0.000000000000000000e+00
5.485293457031250000e+03 7.533288002014160156e+00 0.000000000000000000e+00
5.486558593750000000e+03 7.763271808624267578e+00 0.000000000000000000e+00
5.487820800781250000e+03 8.621310234069824219e+00 0.000000000000000000e+00
5.489085937500000000e+03 8.643582344055175781e+00 0.000000000000000000e+00
5.490349121093750000e+03 8.307571411132812500e+00 0.000000000000000000e+00
5.491614746093750000e+03 8.460735321044921875e+00 0.000000000000000000e+00
5.492878417968750000e+03 8.601955413818359375e+00 0.000000000000000000e+00
5.494142089843750000e+03 8.528431892395019531e+00 0.000000000000000000e+00
5.495408691406250000e+03 8.118068695068359375e+00 0.000000000000000000e+00
5.496672851562500000e+03 7.355851173400878906e+00 0.000000000000000000e+00
5.497940429687500000e+03 8.158249855041503906e+00 0.000000000000000000e+00
5.499205566406250000e+03 7.749345302581787109e+00 0.000000000000000000e+00
5.500473632812500000e+03 6.751742839813232422e+00 0.000000000000000000e+00
5.501738769531250000e+03 7.112580776214599609e+00 0.000000000000000000e+00
5.503004394531250000e+03 8.556767463684082031e+00 0.000000000000000000e+00
5.504273437500000000e+03 8.211436271667480469e+00 0.000000000000000000e+00
5.505539550781250000e+03 7.747709751129150391e+00 0.000000000000000000e+00
5.506809570312500000e+03 7.224273204803466797e+00 0.000000000000000000e+00
5.508076171875000000e+03 8.040051460266113281e+00 0.000000000000000000e+00
5.509346191406250000e+03 8.628869056701660156e+00 0.000000000000000000e+00
5.510613769531250000e+03 7.678096771240234375e+00 0.000000000000000000e+00
5.511881347656250000e+03 7.329212665557861328e+00 0.000000000000000000e+00
5.513152343750000000e+03 7.499838829040527344e+00 0.000000000000000000e+00
5.514420898437500000e+03 7.653537750244140625e+00 0.000000000000000000e+00
5.515692382812500000e+03 7.032259464263916016e+00 0.000000000000000000e+00
5.516961425781250000e+03 6.431724071502685547e+00 0.000000000000000000e+00
5.518233398437500000e+03 6.655827522277832031e+00 0.000000000000000000e+00
5.519502929687500000e+03 6.986721038818359375e+00 0.000000000000000000e+00
5.520772460937500000e+03 7.397084712982177734e+00 0.000000000000000000e+00
5.522045898437500000e+03 7.870640754699707031e+00 0.000000000000000000e+00
5.523315917968750000e+03 7.267297267913818359e+00 0.000000000000000000e+00
5.524589843750000000e+03 6.666793823242187500e+00 0.000000000000000000e+00
5.525860839843750000e+03 7.004368305206298828e+00 0.000000000000000000e+00
5.527134765625000000e+03 6.795477390289306641e+00 0.000000000000000000e+00
5.528406250000000000e+03 6.658975124359130859e+00 0.000000000000000000e+00
5.529678222656250000e+03 6.578457832336425781e+00 0.000000000000000000e+00
5.530953613281250000e+03 6.263309478759765625e+00 0.000000000000000000e+00
5.532225585937500000e+03 6.653947353363037109e+00 0.000000000000000000e+00
5.533501464843750000e+03 7.730953693389892578e+00 0.000000000000000000e+00
5.534774414062500000e+03 7.372219562530517578e+00 0.000000000000000000e+00
5.536050781250000000e+03 6.891156673431396484e+00 0.000000000000000000e+00
5.537324218750000000e+03 6.848827362060546875e+00 0.000000000000000000e+00
5.538598144531250000e+03 6.996097087860107422e+00 0.000000000000000000e+00
5.539875488281250000e+03 6.738371372222900391e+00 0.000000000000000000e+00
5.541149902343750000e+03 6.262410640716552734e+00 0.000000000000000000e+00
5.542427734375000000e+03 6.643583297729492188e+00 0.000000000000000000e+00
5.543702636718750000e+03 6.813498973846435547e+00 0.000000000000000000e+00
5.544980957031250000e+03 6.671405792236328125e+00 0.000000000000000000e+00
5.546256835937500000e+03 6.479311466217041016e+00 0.000000000000000000e+00
5.547535644531250000e+03 6.356124401092529297e+00 0.000000000000000000e+00
5.548811523437500000e+03 6.362978458404541016e+00 0.000000000000000000e+00
5.550088378906250000e+03 6.485017299652099609e+00 0.000000000000000000e+00
5.551368164062500000e+03 6.074825763702392578e+00 0.000000000000000000e+00
5.552645019531250000e+03 5.907639026641845703e+00 0.000000000000000000e+00
5.553925781250000000e+03 6.041094779968261719e+00 0.000000000000000000e+00
5.555203125000000000e+03 5.982599735260009766e+00 0.000000000000000000e+00
5.556484375000000000e+03 5.767167091369628906e+00 0.000000000000000000e+00
5.557762695312500000e+03 6.332975864410400391e+00 0.000000000000000000e+00
5.559041015625000000e+03 7.225966453552246094e+00 0.000000000000000000e+00
5.560323242187500000e+03 6.985676765441894531e+00 0.000000000000000000e+00
5.561602050781250000e+03 6.879731655120849609e+00 0.000000000000000000e+00
5.562884765625000000e+03 6.995193004608154297e+00 0.000000000000000000e+00
5.564164550781250000e+03 6.816560268402099609e+00 0.000000000000000000e+00
5.565447265625000000e+03 6.906059741973876953e+00 0.000000000000000000e+00
5.566728027343750000e+03 7.044974803924560547e+00 0.000000000000000000e+00
5.568008300781250000e+03 7.184834480285644531e+00 0.000000000000000000e+00
5.569292480468750000e+03 6.002851486206054688e+00 0.000000000000000000e+00
5.570573730468750000e+03 6.418140888214111328e+00 0.000000000000000000e+00
5.571857910156250000e+03 8.501139640808105469e+00 0.000000000000000000e+00
5.573140136718750000e+03 6.383237361907958984e+00 0.000000000000000000e+00
5.574425292968750000e+03 9.644900321960449219e+00 0.000000000000000000e+00
5.575707519531250000e+03 1.388974285125732422e+01 0.000000000000000000e+00
5.576990234375000000e+03 5.628183364868164062e+00 0.000000000000000000e+00
5.578276367187500000e+03 -1.044133186340332031e+00 0.000000000000000000e+00
5.579559570312500000e+03 6.664785861968994141e+00 0.000000000000000000e+00
5.580846191406250000e+03 8.961694717407226562e+00 0.000000000000000000e+00
5.582129882812500000e+03 6.202659130096435547e+00 0.000000000000000000e+00
5.583416992187500000e+03 6.288938999176025391e+00 0.000000000000000000e+00
5.584701660156250000e+03 7.506564617156982422e+00 0.000000000000000000e+00
5.585986328125000000e+03 7.395353794097900391e+00 0.000000000000000000e+00
5.587274414062500000e+03 6.372562885284423828e+00 0.000000000000000000e+00
5.588560058593750000e+03 6.328756809234619141e+00 0.000000000000000000e+00
5.589848632812500000e+03 6.363597869873046875e+00 0.000000000000000000e+00
5.591134765625000000e+03 6.357212066650390625e+00 0.000000000000000000e+00
5.592423828125000000e+03 6.541150093078613281e+00 0.000000000000000000e+00
5.593710449218750000e+03 6.790455341339111328e+00 0.000000000000000000e+00
5.594997070312500000e+03 6.615084648132324219e+00 0.000000000000000000e+00
5.596287597656250000e+03 5.906486988067626953e+00 0.000000000000000000e+00
5.597574707031250000e+03 6.268780231475830078e+00 0.000000000000000000e+00
5.598865722656250000e+03 6.935640811920166016e+00 0.000000000000000000e+00
5.600153808593750000e+03 6.383867740631103516e+00 0.000000000000000000e+00
5.601444824218750000e+03 6.059096813201904297e+00 0.000000000000000000e+00
5.602733398437500000e+03 6.926029682159423828e+00 0.000000000000000000e+00
5.604022460937500000e+03 6.470877170562744141e+00 0.000000000000000000e+00
5.605314941406250000e+03 6.455390453338623047e+00 0.000000000000000000e+00
5.606604492187500000e+03 5.691409111022949219e+00 0.000000000000000000e+00
5.607896972656250000e+03 5.797262191772460938e+00 0.000000000000000000e+00
5.609187011718750000e+03 6.626902103424072266e+00 0.000000000000000000e+00
5.610480468750000000e+03 6.824686050415039062e+00 0.000000000000000000e+00
5.611771484375000000e+03 6.554446697235107422e+00 0.000000000000000000e+00
5.613062500000000000e+03 6.841658592224121094e+00 0.000000000000000000e+00
5.614356933593750000e+03 6.041419506072998047e+00 0.000000000000000000e+00
5.615648437500000000e+03 6.020196437835693359e+00 0.000000000000000000e+00
5.616943359375000000e+03 6.572792530059814453e+00 0.000000000000000000e+00
5.618235351562500000e+03 6.302539825439453125e+00 0.000000000000000000e+00
5.619530761718750000e+03 5.824537277221679688e+00 0.000000000000000000e+00
5.620823730468750000e+03 5.872198104858398438e+00 0.000000000000000000e+00
5.622116699218750000e+03 6.200844287872314453e+00 0.000000000000000000e+00
5.623413085937500000e+03 6.271203041076660156e+00 0.000000000000000000e+00
5.624707031250000000e+03 6.249452590942382812e+00 0.000000000000000000e+00
5.626003906250000000e+03 6.282091617584228516e+00 0.000000000000000000e+00
5.627298339843750000e+03 5.841991424560546875e+00 0.000000000000000000e+00
5.628595703125000000e+03 5.674107074737548828e+00 0.000000000000000000e+00
5.629890625000000000e+03 6.538253784179687500e+00 0.000000000000000000e+00
5.631186035156250000e+03 6.976961135864257812e+00 0.000000000000000000e+00
5.632484375000000000e+03 6.660583972930908203e+00 0.000000000000000000e+00
5.633780273437500000e+03 6.537589073181152344e+00 0.000000000000000000e+00
5.635079101562500000e+03 6.979759216308593750e+00 0.000000000000000000e+00
5.636375488281250000e+03 6.271784782409667969e+00 0.000000000000000000e+00
5.637675292968750000e+03 5.275319576263427734e+00 0.000000000000000000e+00
5.638972167968750000e+03 6.115587234497070312e+00 0.000000000000000000e+00
5.640269531250000000e+03 6.931008815765380859e+00 0.000000000000000000e+00
5.641570312500000000e+03 6.132509231567382812e+00 0.000000000000000000e+00
5.642868164062500000e+03 6.862994670867919922e+00 0.000000000000000000e+00
5.644169433593750000e+03 7.075439929962158203e+00 0.000000000000000000e+00
5.645467773437500000e+03 6.342567443847656250e+00 0.000000000000000000e+00
5.646769531250000000e+03 6.005572795867919922e+00 0.000000000000000000e+00
5.648068359375000000e+03 6.063876628875732422e+00 0.000000000000000000e+00
5.649371093750000000e+03 6.183127880096435547e+00 0.000000000000000000e+00
5.650670410156250000e+03 6.885718822479248047e+00 0.000000000000000000e+00
5.651970703125000000e+03 5.623008728027343750e+00 0.000000000000000000e+00
5.653273925781250000e+03 5.582854270935058594e+00 0.000000000000000000e+00
5.654574218750000000e+03 6.061043739318847656e+00 0.000000000000000000e+00
5.655878417968750000e+03 6.222372531890869141e+00 0.000000000000000000e+00
5.657179199218750000e+03 6.408069133758544922e+00 0.000000000000000000e+00
5.658483886718750000e+03 6.939237117767333984e+00 0.000000000000000000e+00
5.659785644531250000e+03 6.620500087738037109e+00 0.000000000000000000e+00
5.661087890625000000e+03 6.420250892639160156e+00 0.000000000000000000e+00
5.662393066406250000e+03 6.290756225585937500e+00 0.000000000000000000e+00
5.663695800781250000e+03 6.066257953643798828e+00 0.000000000000000000e+00
5.665001953125000000e+03 5.905937194824218750e+00 0.000000000000000000e+00
5.666305175781250000e+03 6.046726226806640625e+00 0.000000000000000000e+00
5.667611816406250000e+03 6.223273277282714844e+00 0.000000000000000000e+00
5.668915527343750000e+03 6.148182392120361328e+00 0.000000000000000000e+00
5.670219726562500000e+03 6.609965324401855469e+00 0.000000000000000000e+00
5.671527343750000000e+03 6.867371082305908203e+00 0.000000000000000000e+00
5.672832031250000000e+03 6.375344753265380859e+00 0.000000000000000000e+00
5.674140136718750000e+03 6.682482719421386719e+00 0.000000000000000000e+00
5.675445312500000000e+03 6.136379241943359375e+00 0.000000000000000000e+00
5.676753906250000000e+03 5.837693214416503906e+00 0.000000000000000000e+00
5.678060058593750000e+03 5.839629650115966797e+00 0.000000000000000000e+00
5.679366210937500000e+03 6.090072154998779297e+00 0.000000000000000000e+00
5.680675781250000000e+03 6.571588993072509766e+00 0.000000000000000000e+00
5.681982910156250000e+03 6.755669116973876953e+00 0.000000000000000000e+00
5.683292968750000000e+03 6.011600971221923828e+00 0.000000000000000000e+00
5.684600585937500000e+03 6.009772777557373047e+00 0.000000000000000000e+00
5.685911132812500000e+03 6.204834938049316406e+00 0.000000000000000000e+00
5.687219238281250000e+03 5.858602046966552734e+00 0.000000000000000000e+00
5.688527832031250000e+03 5.023530483245849609e+00 0.000000000000000000e+00
5.689839355468750000e+03 4.300936698913574219e+00 0.000000000000000000e+00
5.691148437500000000e+03 3.881992816925048828e+00 0.000000000000000000e+00
5.692460937500000000e+03 4.366735458374023438e+00 0.000000000000000000e+00
5.693770507812500000e+03 5.342010974884033203e+00 0.000000000000000000e+00
5.695083496093750000e+03 5.826299190521240234e+00 0.000000000000000000e+00
5.696393554687500000e+03 5.949203968048095703e+00 0.000000000000000000e+00
5.697704101562500000e+03 7.203678607940673828e+00 0.000000000000000000e+00
5.699017578125000000e+03 6.921726703643798828e+00 0.000000000000000000e+00
5.700328613281250000e+03 6.160554409027099609e+00 0.000000000000000000e+00
5.701643066406250000e+03 5.561542987823486328e+00 0.000000000000000000e+00
5.702955078125000000e+03 5.399711608886718750e+00 0.000000000000000000e+00
5.704270019531250000e+03 5.556991577148437500e+00 0.000000000000000000e+00
5.705582519531250000e+03 5.630346775054931641e+00 0.000000000000000000e+00
5.706895019531250000e+03 6.549811840057373047e+00 0.000000000000000000e+00
5.708210937500000000e+03 5.763705730438232422e+00 0.000000000000000000e+00
5.709523925781250000e+03 5.472383022308349609e+00 0.000000000000000000e+00
5.710840820312500000e+03 6.610154628753662109e+00 0.000000000000000000e+00
5.712154296875000000e+03 7.160421371459960938e+00 0.000000000000000000e+00
5.713471679687500000e+03 5.212293624877929688e+00 0.000000000000000000e+00
5.714786132812500000e+03 4.718078136444091797e+00 0.000000000000000000e+00
5.716100585937500000e+03 4.996438026428222656e+00 0.000000000000000000e+00
5.717418945312500000e+03 5.977412700653076172e+00 0.000000000000000000e+00
5.718733886718750000e+03 6.286294937133789062e+00 0.000000000000000000e+00
5.720052734375000000e+03 5.333571910858154297e+00 0.000000000000000000e+00
5.721368652343750000e+03 5.668622016906738281e+00 0.000000000000000000e+00
5.722687988281250000e+03 5.913056850433349609e+00 0.000000000000000000e+00
5.724004394531250000e+03 5.748289585113525391e+00 0.000000000000000000e+00
5.725321289062500000e+03 6.196205615997314453e+00 0.000000000000000000e+00
5.726641601562500000e+03 6.385623931884765625e+00 0.000000000000000000e+00
5.727958984375000000e+03 5.575829982757568359e+00 0.000000000000000000e+00
5.729279785156250000e+03 5.925062179565429688e+00 0.000000000000000000e+00
5.730597656250000000e+03 6.517655372619628906e+00 0.000000000000000000e+00
5.731919433593750000e+03 6.340843677520751953e+00 0.000000000000000000e+00
5.733237792968750000e+03 6.616291522979736328e+00 0.000000000000000000e+00
5.734556640625000000e+03 6.531031131744384766e+00 0.000000000000000000e+00
5.735879394531250000e+03 5.464599132537841797e+00 0.000000000000000000e+00
5.737198730468750000e+03 6.181931972503662109e+00 0.000000000000000000e+00
5.738521484375000000e+03 6.624606132507324219e+00 0.000000000000000000e+00
5.739841796875000000e+03 6.337382316589355469e+00 0.000000000000000000e+00
5.741165527343750000e+03 5.832735061645507812e+00 0.000000000000000000e+00
5.742486328125000000e+03 5.730968475341796875e+00 0.000000000000000000e+00
5.743807128906250000e+03 6.114044666290283203e+00 0.000000000000000000e+00
5.745131835937500000e+03 6.428603172302246094e+00 0.000000000000000000e+00
5.746453613281250000e+03 7.064598083496093750e+00 0.000000000000000000e+00
5.747778320312500000e+03 6.308043956756591797e+00 0.000000000000000000e+00
5.749100585937500000e+03 5.818266868591308594e+00 0.000000000000000000e+00
5.750426757812500000e+03 6.401865005493164062e+00 0.000000000000000000e+00
5.751749511718750000e+03 6.811389446258544922e+00 0.000000000000000000e+00
5.753075683593750000e+03 5.765321731567382812e+00 0.000000000000000000e+00
5.754399414062500000e+03 5.569435596466064453e+00 0.000000000000000000e+00
5.755723144531250000e+03 6.801548480987548828e+00 0.000000000000000000e+00
5.757050292968750000e+03 6.546184539794921875e+00 0.000000000000000000e+00
5.758374511718750000e+03 5.308638572692871094e+00 0.000000000000000000e+00
5.759702636718750000e+03 5.494418621063232422e+00 0.000000000000000000e+00
5.761027343750000000e+03 6.292302608489990234e+00 0.000000000000000000e+00
5.762355957031250000e+03 6.786881923675537109e+00 0.000000000000000000e+00
5.763681640625000000e+03 6.677125930786132812e+00 0.000000000000000000e+00
5.765007812500000000e+03 6.045074939727783203e+00 0.000000000000000000e+00
5.766336914062500000e+03 5.907301425933837891e+00 0.000000000000000000e+00
5.767663574218750000e+03 6.542062282562255859e+00 0.000000000000000000e+00
5.768993652343750000e+03 6.277508258819580078e+00 0.000000000000000000e+00
5.770320800781250000e+03 6.876224517822265625e+00 0.000000000000000000e+00
5.771651367187500000e+03 6.697635173797607422e+00 0.000000000000000000e+00
5.772979003906250000e+03 6.275835990905761719e+00 0.000000000000000000e+00
5.774307128906250000e+03 6.095333576202392578e+00 0.000000000000000000e+00
5.775638671875000000e+03 5.810951232910156250e+00 0.000000000000000000e+00
5.776967285156250000e+03 5.325905799865722656e+00 0.000000000000000000e+00
5.778299316406250000e+03 5.989946365356445312e+00 0.000000000000000000e+00
5.779628906250000000e+03 5.879318714141845703e+00 0.000000000000000000e+00
5.780961425781250000e+03 6.178045749664306641e+00 0.000000000000000000e+00
5.782291503906250000e+03 6.670309543609619141e+00 0.000000000000000000e+00
5.783621582031250000e+03 6.305039882659912109e+00 0.000000000000000000e+00
5.784955566406250000e+03 6.274526596069335938e+00 0.000000000000000000e+00
5.786286132812500000e+03 6.434324741363525391e+00 0.000000000000000000e+00
5.787620605468750000e+03 5.569641113281250000e+00 0.000000000000000000e+00
5.788952148437500000e+03 6.139437675476074219e+00 0.000000000000000000e+00
5.790287109375000000e+03 6.929173946380615234e+00 0.000000000000000000e+00
5.791619140625000000e+03 5.807693004608154297e+00 0.000000000000000000e+00
5.792951171875000000e+03 5.932226657867431641e+00 0.000000000000000000e+00
5.794287109375000000e+03 6.329857826232910156e+00 0.000000000000000000e+00
5.795620117187500000e+03 6.068902015686035156e+00 0.000000000000000000e+00
5.796956542968750000e+03 6.119998455047607422e+00 0.000000000000000000e+00
5.798290039062500000e+03 6.581155776977539062e+00 0.000000000000000000e+00
5.799627441406250000e+03 6.593671798706054688e+00 0.000000000000000000e+00
5.800961425781250000e+03 6.057835578918457031e+00 0.000000000000000000e+00
5.802295898437500000e+03 5.820182323455810547e+00 0.000000000000000000e+00
5.803633789062500000e+03 6.228828430175781250e+00 0.000000000000000000e+00
5.804969238281250000e+03 6.647449970245361328e+00 0.000000000000000000e+00
5.806307617187500000e+03 6.547801971435546875e+00 0.000000000000000000e+00
5.807643554687500000e+03 6.026863574981689453e+00 0.000000000000000000e+00
5.808982421875000000e+03 5.797042369842529297e+00 0.000000000000000000e+00
5.810318847656250000e+03 6.415527343750000000e+00 0.000000000000000000e+00
5.811655761718750000e+03 6.956123828887939453e+00 0.000000000000000000e+00
5.812995605468750000e+03 6.432336807250976562e+00 0.000000000000000000e+00
5.814333007812500000e+03 5.668691158294677734e+00 0.000000000000000000e+00
5.815673828125000000e+03 5.886193275451660156e+00 0.000000000000000000e+00
5.817011718750000000e+03 6.297683715820312500e+00 0.000000000000000000e+00
5.818353027343750000e+03 6.744281768798828125e+00 0.000000000000000000e+00
5.819691406250000000e+03 6.261898040771484375e+00 0.000000000000000000e+00
5.821030273437500000e+03 5.857687950134277344e+00 0.000000000000000000e+00
5.822372558593750000e+03 5.905605792999267578e+00 0.000000000000000000e+00
5.823711914062500000e+03 5.884626865386962891e+00 0.000000000000000000e+00
5.825055175781250000e+03 5.904081344604492188e+00 0.000000000000000000e+00
5.826395019531250000e+03 6.664226531982421875e+00 0.000000000000000000e+00
5.827738769531250000e+03 6.460785865783691406e+00 0.000000000000000000e+00
5.829079101562500000e+03 6.407268047332763672e+00 0.000000000000000000e+00
5.830420410156250000e+03 6.116324424743652344e+00 0.000000000000000000e+00
5.831764648437500000e+03 5.235993385314941406e+00 0.000000000000000000e+00
5.833106445312500000e+03 6.641187667846679688e+00 0.000000000000000000e+00
5.834451660156250000e+03 7.223083972930908203e+00 0.000000000000000000e+00
5.835793457031250000e+03 6.418323993682861328e+00 0.000000000000000000e+00
5.837139648437500000e+03 6.157975196838378906e+00 0.000000000000000000e+00
5.838482421875000000e+03 6.543757915496826172e+00 0.000000000000000000e+00
5.839825195312500000e+03 6.327065944671630859e+00 0.000000000000000000e+00
5.841171875000000000e+03 5.932420730590820312e+00 0.000000000000000000e+00
5.842515625000000000e+03 6.067461490631103516e+00 0.000000000000000000e+00
5.843863281250000000e+03 6.136995792388916016e+00 0.000000000000000000e+00
5.845207519531250000e+03 6.392817020416259766e+00 0.000000000000000000e+00
5.846555175781250000e+03 6.624202728271484375e+00 0.000000000000000000e+00
5.847900390625000000e+03 6.201893329620361328e+00 0.000000000000000000e+00
5.849245605468750000e+03 5.411924362182617188e+00 0.000000000000000000e+00
5.850594238281250000e+03 5.753225803375244141e+00 0.000000000000000000e+00
5.851940429687500000e+03 6.141087055206298828e+00 0.000000000000000000e+00
5.853289550781250000e+03 6.323671340942382812e+00 0.000000000000000000e+00
5.854636230468750000e+03 6.287918090820312500e+00 0.000000000000000000e+00
5.855986328125000000e+03 5.818109035491943359e+00 0.000000000000000000e+00
5.857333496093750000e+03 4.989606857299804688e+00 0.000000000000000000e+00
5.858684082031250000e+03 5.234796047210693359e+00 0.000000000000000000e+00
5.860032226562500000e+03 5.738469600677490234e+00 0.000000000000000000e+00
5.861380371093750000e+03 6.330627918243408203e+00 0.000000000000000000e+00
5.862731933593750000e+03 6.677371978759765625e+00 0.000000000000000000e+00
5.864080566406250000e+03 6.329569339752197266e+00 0.000000000000000000e+00
5.865432617187500000e+03 5.666721820831298828e+00 0.000000000000000000e+00
5.866782226562500000e+03 5.432251930236816406e+00 0.000000000000000000e+00
5.868134765625000000e+03 5.901789665222167969e+00 0.000000000000000000e+00
5.869484863281250000e+03 5.758957862854003906e+00 0.000000000000000000e+00
5.870834960937500000e+03 5.852201461791992188e+00 0.000000000000000000e+00
5.872188964843750000e+03 7.238137722015380859e+00 0.000000000000000000e+00
5.873540039062500000e+03 7.227406978607177734e+00 0.000000000000000000e+00
5.874894042968750000e+03 6.719820976257324219e+00 0.000000000000000000e+00
5.876245605468750000e+03 6.501552104949951172e+00 0.000000000000000000e+00
5.877600585937500000e+03 6.491615295410156250e+00 0.000000000000000000e+00
5.878953125000000000e+03 6.407088756561279297e+00 0.000000000000000000e+00
5.880305175781250000e+03 6.382256984710693359e+00 0.000000000000000000e+00
5.881661132812500000e+03 6.955783367156982422e+00 0.000000000000000000e+00
5.883014648437500000e+03 7.194957733154296875e+00 0.000000000000000000e+00
5.884371093750000000e+03 7.240468978881835938e+00 0.000000000000000000e+00
5.885724609375000000e+03 6.778366565704345703e+00 0.000000000000000000e+00
5.887082031250000000e+03 6.807440757751464844e+00 0.000000000000000000e+00
5.888436523437500000e+03 7.604518413543701172e+00 0.000000000000000000e+00
5.889791015625000000e+03 6.307003974914550781e+00 0.000000000000000000e+00
5.891148925781250000e+03 6.057761669158935547e+00 0.000000000000000000e+00
5.892504394531250000e+03 6.756923198699951172e+00 0.000000000000000000e+00
5.893863281250000000e+03 7.188850879669189453e+00 0.000000000000000000e+00
5.895219238281250000e+03 6.364457607269287109e+00 0.000000000000000000e+00
5.896578613281250000e+03 5.192995548248291016e+00 0.000000000000000000e+00
5.897935058593750000e+03 6.642543792724609375e+00 0.000000000000000000e+00
5.899291992187500000e+03 7.561699390411376953e+00 0.000000000000000000e+00
5.900652343750000000e+03 7.036914348602294922e+00 0.000000000000000000e+00
5.902009765625000000e+03 6.535536766052246094e+00 0.000000000000000000e+00
5.903370605468750000e+03 6.849852085113525391e+00 0.000000000000000000e+00
5.904728515625000000e+03 7.126082897186279297e+00 0.000000000000000000e+00
5.906090332031250000e+03 6.179571628570556641e+00 0.000000000000000000e+00
5.907448730468750000e+03 5.846516132354736328e+00 0.000000000000000000e+00
5.908808105468750000e+03 6.139359474182128906e+00 0.000000000000000000e+00
5.910170410156250000e+03 6.570230960845947266e+00 0.000000000000000000e+00
5.911530273437500000e+03 6.715971946716308594e+00 0.000000000000000000e+00
5.912893066406250000e+03 6.655185699462890625e+00 0.000000000000000000e+00
5.914253417968750000e+03 6.847643375396728516e+00 0.000000000000000000e+00
5.915617187500000000e+03 5.730560779571533203e+00 0.000000000000000000e+00
5.916978027343750000e+03 6.571103572845458984e+00 0.000000000000000000e+00
5.918339355468750000e+03 6.853454113006591797e+00 0.000000000000000000e+00
5.919704101562500000e+03 6.110263824462890625e+00 0.000000000000000000e+00
5.921065917968750000e+03 6.665199279785156250e+00 0.000000000000000000e+00
5.922431152343750000e+03 7.744439125061035156e+00 0.000000000000000000e+00
5.923793945312500000e+03 6.758431434631347656e+00 0.000000000000000000e+00
5.925159667968750000e+03 7.637386798858642578e+00 0.000000000000000000e+00
5.926522949218750000e+03 7.759155750274658203e+00 0.000000000000000000e+00
5.927886230468750000e+03 6.567790508270263672e+00 0.000000000000000000e+00
5.929253417968750000e+03 6.209173202514648438e+00 0.000000000000000000e+00
5.930617187500000000e+03 5.339250087738037109e+00 0.000000000000000000e+00
5.931984863281250000e+03 3.673732280731201172e+00 0.000000000000000000e+00
5.933349609375000000e+03 3.233150005340576172e+00 0.000000000000000000e+00
5.934717773437500000e+03 4.122621059417724609e+00 0.000000000000000000e+00
5.936083007812500000e+03 5.381670475006103516e+00 0.000000000000000000e+00
5.937448730468750000e+03 6.213691234588623047e+00 0.000000000000000000e+00
5.938817871093750000e+03 6.773628711700439453e+00 0.000000000000000000e+00
5.940184082031250000e+03 7.520643711090087891e+00 0.000000000000000000e+00
5.941553710937500000e+03 7.072114467620849609e+00 0.000000000000000000e+00
5.942920410156250000e+03 6.496186256408691406e+00 0.000000000000000000e+00
5.944291015625000000e+03 6.710464477539062500e+00 0.000000000000000000e+00
5.945658691406250000e+03 7.253710746765136719e+00 0.000000000000000000e+00
5.947026367187500000e+03 7.333435535430908203e+00 0.000000000000000000e+00
5.948397460937500000e+03 8.089948654174804688e+00 0.000000000000000000e+00
5.949766113281250000e+03 8.028034210205078125e+00 0.000000000000000000e+00
5.951138183593750000e+03 7.311225891113281250e+00 0.000000000000000000e+00
5.952507324218750000e+03 7.112731456756591797e+00 0.000000000000000000e+00
5.953879882812500000e+03 7.620768070220947266e+00 0.000000000000000000e+00
5.955249511718750000e+03 7.092804908752441406e+00 0.000000000000000000e+00
5.956622558593750000e+03 7.361303806304931641e+00 0.000000000000000000e+00
5.957993164062500000e+03 7.833053588867187500e+00 0.000000000000000000e+00
5.959363769531250000e+03 7.806447982788085938e+00 0.000000000000000000e+00
5.960737792968750000e+03 6.493112087249755859e+00 0.000000000000000000e+00
5.962109375000000000e+03 3.904004812240600586e+00 0.000000000000000000e+00
5.963483886718750000e+03 2.206029891967773438e+00 0.000000000000000000e+00
5.964855957031250000e+03 2.554707527160644531e+00 0.000000000000000000e+00
5.966231445312500000e+03 3.591877460479736328e+00 0.000000000000000000e+00
5.967604003906250000e+03 4.910521507263183594e+00 0.000000000000000000e+00
5.968976562500000000e+03 6.089591026306152344e+00 0.000000000000000000e+00
5.970353027343750000e+03 6.994753360748291016e+00 0.000000000000000000e+00
5.971726562500000000e+03 8.485283851623535156e+00 0.000000000000000000e+00
5.973103515625000000e+03 7.770330429077148438e+00 0.000000000000000000e+00
5.974478027343750000e+03 7.199876308441162109e+00 0.000000000000000000e+00
5.975855468750000000e+03 7.104348182678222656e+00 0.000000000000000000e+00
5.977230468750000000e+03 7.361931324005126953e+00 0.000000000000000000e+00
5.978605468750000000e+03 7.885212421417236328e+00 0.000000000000000000e+00
5.979983886718750000e+03 7.736590862274169922e+00 0.000000000000000000e+00
5.981359863281250000e+03 8.332694053649902344e+00 0.000000000000000000e+00
5.982738769531250000e+03 8.623442649841308594e+00 0.000000000000000000e+00
5.984115234375000000e+03 8.240439414978027344e+00 0.000000000000000000e+00
5.985495117187500000e+03 8.084587097167968750e+00 0.000000000000000000e+00
5.986872070312500000e+03 8.599760055541992188e+00 0.000000000000000000e+00
5.988249511718750000e+03 8.076643943786621094e+00 0.000000000000000000e+00
5.989630371093750000e+03 8.300291061401367188e+00 0.000000000000000000e+00
5.991008300781250000e+03 8.427852630615234375e+00 0.000000000000000000e+00
5.992389648437500000e+03 7.996345520019531250e+00 0.000000000000000000e+00
5.993768066406250000e+03 7.215399265289306641e+00 0.000000000000000000e+00
5.995150390625000000e+03 6.866605281829833984e+00 0.000000000000000000e+00
5.996529785156250000e+03 7.666977405548095703e+00 0.000000000000000000e+00
5.997909179687500000e+03 7.299470901489257812e+00 0.000000000000000000e+00
5.999291992187500000e+03 6.351423740386962891e+00 0.000000000000000000e+00
6.000672363281250000e+03 5.836388587951660156e+00 0.000000000000000000e+00
6.002056152343750000e+03 6.374687671661376953e+00 0.000000000000000000e+00
6.003437011718750000e+03 7.962686061859130859e+00 0.000000000000000000e+00
6.004821289062500000e+03 9.528380393981933594e+00 0.000000000000000000e+00
6.006202636718750000e+03 8.779417037963867188e+00 0.000000000000000000e+00
6.007584472656250000e+03 7.521188735961914062e+00 0.000000000000000000e+00
6.008969726562500000e+03 7.031425476074218750e+00 0.000000000000000000e+00
6.010352050781250000e+03 6.805034160614013672e+00 0.000000000000000000e+00
6.011737792968750000e+03 6.213092327117919922e+00 0.000000000000000000e+00
6.013121093750000000e+03 6.884767055511474609e+00 0.000000000000000000e+00
6.014507812500000000e+03 8.677254676818847656e+00 0.000000000000000000e+00
6.015891113281250000e+03 8.505623817443847656e+00 0.000000000000000000e+00
6.017275390625000000e+03 8.270981788635253906e+00 0.000000000000000000e+00
6.018662597656250000e+03 8.865424156188964844e+00 0.000000000000000000e+00
6.020047363281250000e+03 8.895408630371093750e+00 0.000000000000000000e+00
6.021435546875000000e+03 8.626242637634277344e+00 0.000000000000000000e+00
6.022820800781250000e+03 8.373007774353027344e+00 0.000000000000000000e+00
6.024209472656250000e+03 9.124431610107421875e+00 0.000000000000000000e+00
6.025595703125000000e+03 9.132500648498535156e+00 0.000000000000000000e+00
6.026981445312500000e+03 8.431624412536621094e+00 0.000000000000000000e+00
6.028371582031250000e+03 8.806524276733398438e+00 0.000000000000000000e+00
6.029758300781250000e+03 9.542147636413574219e+00 0.000000000000000000e+00
6.031148925781250000e+03 9.714097976684570312e+00 0.000000000000000000e+00
6.032536132812500000e+03 8.955039978027343750e+00 0.000000000000000000e+00
6.033927246093750000e+03 9.032762527465820312e+00 0.000000000000000000e+00
6.035315429687500000e+03 9.445934295654296875e+00 0.000000000000000000e+00
6.036703613281250000e+03 8.758330345153808594e+00 0.000000000000000000e+00
6.038095703125000000e+03 9.411363601684570312e+00 0.000000000000000000e+00
6.039484863281250000e+03 9.202191352844238281e+00 0.000000000000000000e+00
6.040877441406250000e+03 9.009970664978027344e+00 0.000000000000000000e+00
6.042267089843750000e+03 9.005405426025390625e+00 0.000000000000000000e+00
6.043660644531250000e+03 8.764840126037597656e+00 0.000000000000000000e+00
6.045050781250000000e+03 8.246295928955078125e+00 0.000000000000000000e+00
6.046441406250000000e+03 8.324536323547363281e+00 0.000000000000000000e+00
6.047835937500000000e+03 8.925405502319335938e+00 0.000000000000000000e+00
6.049227050781250000e+03 8.374804496765136719e+00 0.000000000000000000e+00
6.050622070312500000e+03 8.682108879089355469e+00 0.000000000000000000e+00
6.052014160156250000e+03 9.493562698364257812e+00 0.000000000000000000e+00
6.053409667968750000e+03 8.691614151000976562e+00 0.000000000000000000e+00
6.054802246093750000e+03 8.654689788818359375e+00 0.000000000000000000e+00
6.056195312500000000e+03 8.804410934448242188e+00 0.000000000000000000e+00
6.057591796875000000e+03 8.894387245178222656e+00 0.000000000000000000e+00
6.058985351562500000e+03 8.630425453186035156e+00 0.000000000000000000e+00
6.060382324218750000e+03 8.134528160095214844e+00 0.000000000000000000e+00
6.061776367187500000e+03 8.244584083557128906e+00 0.000000000000000000e+00
6.063174316406250000e+03 9.431600570678710938e+00 0.000000000000000000e+00
6.064569335937500000e+03 7.771818161010742188e+00 0.000000000000000000e+00
6.065967773437500000e+03 7.581182003021240234e+00 0.000000000000000000e+00
6.067363281250000000e+03 8.763663291931152344e+00 0.000000000000000000e+00
6.068758789062500000e+03 9.050990104675292969e+00 0.000000000000000000e+00
6.070158203125000000e+03 8.005306243896484375e+00 0.000000000000000000e+00
6.071554687500000000e+03 8.271431922912597656e+00 0.000000000000000000e+00
6.072955078125000000e+03 7.861502647399902344e+00 0.000000000000000000e+00
6.074352050781250000e+03 8.126597404479980469e+00 0.000000000000000000e+00
6.075752929687500000e+03 8.014378547668457031e+00 0.000000000000000000e+00
6.077150390625000000e+03 7.716348171234130859e+00 0.000000000000000000e+00
6.078548339843750000e+03 8.235444068908691406e+00 0.000000000000000000e+00
6.079950195312500000e+03 7.305988788604736328e+00 0.000000000000000000e+00
6.081349121093750000e+03 6.888059139251708984e+00 0.000000000000000000e+00
6.082751464843750000e+03 6.933736324310302734e+00 0.000000000000000000e+00
6.084150390625000000e+03 6.594411373138427734e+00 0.000000000000000000e+00
6.085553710937500000e+03 6.600121974945068359e+00 0.000000000000000000e+00
6.086953613281250000e+03 7.472168922424316406e+00 0.000000000000000000e+00
6.088354003906250000e+03 6.400512218475341797e+00 0.000000000000000000e+00
6.089757812500000000e+03 7.797798633575439453e+00 0.000000000000000000e+00
6.091158691406250000e+03 7.134037017822265625e+00 0.000000000000000000e+00
6.092563476562500000e+03 6.611313343048095703e+00 0.000000000000000000e+00
6.093964843750000000e+03 7.422500610351562500e+00 0.000000000000000000e+00
6.095370117187500000e+03 7.277377128601074219e+00 0.000000000000000000e+00
6.096772460937500000e+03 6.714565753936767578e+00 0.000000000000000000e+00
6.098174804687500000e+03 7.709072113037109375e+00 0.000000000000000000e+00
6.099581054687500000e+03 7.312681198120117188e+00 0.000000000000000000e+00
6.100984375000000000e+03 6.630712509155273438e+00 0.000000000000000000e+00
6.102391113281250000e+03 6.594762802124023438e+00 0.000000000000000000e+00
6.103794921875000000e+03 6.524824142456054688e+00 0.000000000000000000e+00
6.105202636718750000e+03 6.952699661254882812e+00 0.000000000000000000e+00
6.106606933593750000e+03 6.673692226409912109e+00 0.000000000000000000e+00
6.108011718750000000e+03 6.687376022338867188e+00 0.000000000000000000e+00
6.109420410156250000e+03 6.251687526702880859e+00 0.000000000000000000e+00
6.110825683593750000e+03 5.902081012725830078e+00 0.000000000000000000e+00
6.112234863281250000e+03 6.772533416748046875e+00 0.000000000000000000e+00
6.113641113281250000e+03 6.620519638061523438e+00 0.000000000000000000e+00
6.115050781250000000e+03 6.818102836608886719e+00 0.000000000000000000e+00
6.116457519531250000e+03 6.975844383239746094e+00 0.000000000000000000e+00
6.117864746093750000e+03 6.821566581726074219e+00 0.000000000000000000e+00
6.119275390625000000e+03 6.523186206817626953e+00 0.000000000000000000e+00
6.120683105468750000e+03 6.516252994537353516e+00 0.000000000000000000e+00
6.122094726562500000e+03 6.990362644195556641e+00 0.000000000000000000e+00
6.123502929687500000e+03 6.640746593475341797e+00 0.000000000000000000e+00
6.124915039062500000e+03 6.711838722229003906e+00 0.000000000000000000e+00
6.126324218750000000e+03 6.253529548645019531e+00 0.000000000000000000e+00
6.127733398437500000e+03 5.510123252868652344e+00 0.000000000000000000e+00
6.129146484375000000e+03 5.937134265899658203e+00 0.000000000000000000e+00
6.130556640625000000e+03 6.211074352264404297e+00 0.000000000000000000e+00
6.131970214843750000e+03 6.342277050018310547e+00 0.000000000000000000e+00
6.133380859375000000e+03 6.499375820159912109e+00 0.000000000000000000e+00
6.134795410156250000e+03 6.590349197387695312e+00 0.000000000000000000e+00
6.136206542968750000e+03 6.468988895416259766e+00 0.000000000000000000e+00
6.137618164062500000e+03 6.167677879333496094e+00 0.000000000000000000e+00
6.139033691406250000e+03 6.063009262084960938e+00 0.000000000000000000e+00
6.140445800781250000e+03 6.625602722167968750e+00 0.000000000000000000e+00
6.141861816406250000e+03 6.324009418487548828e+00 0.000000000000000000e+00
6.143274902343750000e+03 6.234454154968261719e+00 0.000000000000000000e+00
6.144691406250000000e+03 6.538609504699707031e+00 0.000000000000000000e+00
6.146104980468750000e+03 6.150985717773437500e+00 0.000000000000000000e+00
6.147518554687500000e+03 6.161250591278076172e+00 0.000000000000000000e+00
6.148936523437500000e+03 5.833423137664794922e+00 0.000000000000000000e+00
6.150351074218750000e+03 5.964993953704833984e+00 0.000000000000000000e+00
6.151769042968750000e+03 6.043192863464355469e+00 0.000000000000000000e+00
6.153184570312500000e+03 5.978754520416259766e+00 0.000000000000000000e+00
6.154603515625000000e+03 6.194594383239746094e+00 0.000000000000000000e+00
6.156019042968750000e+03 5.814825534820556641e+00 0.000000000000000000e+00
6.157435546875000000e+03 6.047129154205322266e+00 0.000000000000000000e+00
6.158855468750000000e+03 6.386396884918212891e+00 0.000000000000000000e+00
6.160271972656250000e+03 6.105775356292724609e+00 0.000000000000000000e+00
6.161692871093750000e+03 5.863791465759277344e+00 0.000000000000000000e+00
6.163110351562500000e+03 6.390781879425048828e+00 0.000000000000000000e+00
6.164531250000000000e+03 5.697533607482910156e+00 0.000000000000000000e+00
6.165949707031250000e+03 5.672348022460937500e+00 0.000000000000000000e+00
6.167368164062500000e+03 5.347781181335449219e+00 0.000000000000000000e+00
6.168790039062500000e+03 5.598853588104248047e+00 0.000000000000000000e+00
6.170209472656250000e+03 6.138053894042968750e+00 0.000000000000000000e+00
6.171632324218750000e+03 5.626722335815429688e+00 0.000000000000000000e+00
6.173051757812500000e+03 5.728405475616455078e+00 0.000000000000000000e+00
6.174475585937500000e+03 5.875275611877441406e+00 0.000000000000000000e+00
6.175895996093750000e+03 6.063689231872558594e+00 0.000000000000000000e+00
6.177319824218750000e+03 5.708304405212402344e+00 0.000000000000000000e+00
6.178741210937500000e+03 4.961372375488281250e+00 0.000000000000000000e+00
6.180162597656250000e+03 5.008911132812500000e+00 0.000000000000000000e+00
6.181587402343750000e+03 6.206226348876953125e+00 0.000000000000000000e+00
6.183009765625000000e+03 6.041112422943115234e+00 0.000000000000000000e+00
6.184435546875000000e+03 5.934000968933105469e+00 0.000000000000000000e+00
6.185857910156250000e+03 6.018992900848388672e+00 0.000000000000000000e+00
6.187284667968750000e+03 6.130971431732177734e+00 0.000000000000000000e+00
6.188708007812500000e+03 6.342068195343017578e+00 0.000000000000000000e+00
6.190131835937500000e+03 5.867623329162597656e+00 0.000000000000000000e+00
6.191559082031250000e+03 5.423530101776123047e+00 0.000000000000000000e+00
6.192983398437500000e+03 5.967009067535400391e+00 0.000000000000000000e+00
6.194411621093750000e+03 6.063663005828857422e+00 0.000000000000000000e+00
6.195836425781250000e+03 5.532194614410400391e+00 0.000000000000000000e+00
6.197265136718750000e+03 6.047989845275878906e+00 0.000000000000000000e+00
6.198690917968750000e+03 7.104407310485839844e+00 0.000000000000000000e+00
6.200117187500000000e+03 5.686320781707763672e+00 0.000000000000000000e+00
6.201546875000000000e+03 5.738341808319091797e+00 0.000000000000000000e+00
6.202973144531250000e+03 6.007493495941162109e+00 0.000000000000000000e+00
6.204403808593750000e+03 5.651648998260498047e+00 0.000000000000000000e+00
6.205831054687500000e+03 6.113071918487548828e+00 0.000000000000000000e+00
6.207262207031250000e+03 5.796692371368408203e+00 0.000000000000000000e+00
6.208689941406250000e+03 5.390347003936767578e+00 0.000000000000000000e+00
6.210118164062500000e+03 5.621867656707763672e+00 0.000000000000000000e+00
6.211550292968750000e+03 5.910173892974853516e+00 0.000000000000000000e+00
6.212979492187500000e+03 5.770712852478027344e+00 0.000000000000000000e+00
6.214412109375000000e+03 5.453849315643310547e+00 0.000000000000000000e+00
6.215841796875000000e+03 5.233690261840820312e+00 0.000000000000000000e+00
6.217274902343750000e+03 5.192894935607910156e+00 0.000000000000000000e+00
6.218705566406250000e+03 5.478343486785888672e+00 0.000000000000000000e+00
6.220135742187500000e+03 5.399212360382080078e+00 0.000000000000000000e+00
6.221570312500000000e+03 5.049303054809570312e+00 0.000000000000000000e+00
6.223001464843750000e+03 5.342817783355712891e+00 0.000000000000000000e+00
6.224436523437500000e+03 5.868491172790527344e+00 0.000000000000000000e+00
6.225868652343750000e+03 5.841938495635986328e+00 0.000000000000000000e+00
6.227304199218750000e+03 5.888023853302001953e+00 0.000000000000000000e+00
6.228736816406250000e+03 6.204677104949951172e+00 0.000000000000000000e+00
6.230169433593750000e+03 6.098575592041015625e+00 0.000000000000000000e+00
6.231606445312500000e+03 5.143101692199707031e+00 0.000000000000000000e+00
6.233040039062500000e+03 5.142571449279785156e+00 0.000000000000000000e+00
6.234477050781250000e+03 6.462404251098632812e+00 0.000000000000000000e+00
6.235911621093750000e+03 6.866732120513916016e+00 0.000000000000000000e+00
6.237349609375000000e+03 5.685503482818603516e+00 0.000000000000000000e+00
6.238784179687500000e+03 4.937106609344482422e+00 0.000000000000000000e+00
6.240219726562500000e+03 6.168405055999755859e+00 0.000000000000000000e+00
6.241658691406250000e+03 5.442236900329589844e+00 0.000000000000000000e+00
6.243094238281250000e+03 5.519653320312500000e+00 0.000000000000000000e+00
6.244534179687500000e+03 6.356197834014892578e+00 0.000000000000000000e+00
6.245970703125000000e+03 5.998866081237792969e+00 0.000000000000000000e+00
6.247411132812500000e+03 5.067205429077148438e+00 0.000000000000000000e+00
6.248848144531250000e+03 5.833652496337890625e+00 0.000000000000000000e+00
6.250285644531250000e+03 5.952617168426513672e+00 0.000000000000000000e+00
6.251727050781250000e+03 5.856648921966552734e+00 0.000000000000000000e+00
6.253165039062500000e+03 6.197906494140625000e+00 0.000000000000000000e+00
6.254606933593750000e+03 6.012544155120849609e+00 0.000000000000000000e+00
6.256045898437500000e+03 5.513409137725830078e+00 0.000000000000000000e+00
6.257488769531250000e+03 6.081825256347656250e+00 0.000000000000000000e+00
6.258928222656250000e+03 6.452634334564208984e+00 0.000000000000000000e+00
6.260368164062500000e+03 5.919506072998046875e+00 0.000000000000000000e+00
6.261811523437500000e+03 6.220938205718994141e+00 0.000000000000000000e+00
6.263251953125000000e+03 6.014550209045410156e+00 0.000000000000000000e+00
6.264696289062500000e+03 5.265724658966064453e+00 0.000000000000000000e+00
6.266137695312500000e+03 5.797382831573486328e+00 0.000000000000000000e+00
6.267582519531250000e+03 5.742949962615966797e+00 0.000000000000000000e+00
6.269024414062500000e+03 5.420324325561523438e+00 0.000000000000000000e+00
6.270466796875000000e+03 5.594408035278320312e+00 0.000000000000000000e+00
6.271912597656250000e+03 5.725311279296875000e+00 0.000000000000000000e+00
6.273355468750000000e+03 5.606543540954589844e+00 0.000000000000000000e+00
6.274802246093750000e+03 5.724609375000000000e+00 0.000000000000000000e+00
6.276245605468750000e+03 5.631697654724121094e+00 0.000000000000000000e+00
6.277692871093750000e+03 5.816303253173828125e+00 0.000000000000000000e+00
6.279137207031250000e+03 5.734201431274414062e+00 0.000000000000000000e+00
6.280581542968750000e+03 6.207355022430419922e+00 0.000000000000000000e+00
6.282029785156250000e+03 6.661178588867187500e+00 0.000000000000000000e+00
6.283475097656250000e+03 5.588293075561523438e+00 0.000000000000000000e+00
6.284923828125000000e+03 5.313251495361328125e+00 0.000000000000000000e+00
6.286369628906250000e+03 5.576065063476562500e+00 0.000000000000000000e+00
6.287819335937500000e+03 5.951917648315429688e+00 0.000000000000000000e+00
6.289266113281250000e+03 6.394528865814208984e+00 0.000000000000000000e+00
6.290716308593750000e+03 6.497657775878906250e+00 0.000000000000000000e+00
6.292163574218750000e+03 5.974425792694091797e+00 0.000000000000000000e+00
6.293610839843750000e+03 6.121891975402832031e+00 0.000000000000000000e+00
6.295062011718750000e+03 5.426159858703613281e+00 0.000000000000000000e+00
6.296510253906250000e+03 5.126076221466064453e+00 0.000000000000000000e+00
6.297962402343750000e+03 4.851425647735595703e+00 0.000000000000000000e+00
6.299411132812500000e+03 4.370170116424560547e+00 0.000000000000000000e+00
6.300863769531250000e+03 5.340322971343994141e+00 0.000000000000000000e+00
6.302313476562500000e+03 8.936853408813476562e+00 0.000000000000000000e+00
6.303763183593750000e+03 5.751605987548828125e+00 0.000000000000000000e+00
6.305216796875000000e+03 4.430743217468261719e+00 0.000000000000000000e+00
6.306667480468750000e+03 5.712178707122802734e+00 0.000000000000000000e+00
6.308121582031250000e+03 6.298556327819824219e+00 0.000000000000000000e+00
6.309572753906250000e+03 5.653806686401367188e+00 0.000000000000000000e+00
6.311027832031250000e+03 5.548022270202636719e+00 0.000000000000000000e+00
6.312479492187500000e+03 5.324717044830322266e+00 0.000000000000000000e+00
6.313931640625000000e+03 5.092781066894531250e+00 0.000000000000000000e+00
6.315387695312500000e+03 5.277753353118896484e+00 0.000000000000000000e+00
6.316840332031250000e+03 5.813290596008300781e+00 0.000000000000000000e+00
6.318297363281250000e+03 6.101706981658935547e+00 0.000000000000000000e+00
6.319750976562500000e+03 5.888921737670898438e+00 0.000000000000000000e+00
6.321208007812500000e+03 5.141901016235351562e+00 0.000000000000000000e+00
6.322662109375000000e+03 5.343054294586181641e+00 0.000000000000000000e+00
6.324116699218750000e+03 5.512700557708740234e+00 0.000000000000000000e+00
6.325575195312500000e+03 5.165306568145751953e+00 0.000000000000000000e+00
6.327030273437500000e+03 5.273320198059082031e+00 0.000000000000000000e+00
6.328489257812500000e+03 5.109992504119873047e+00 0.000000000000000000e+00
6.329945312500000000e+03 5.285346984863281250e+00 0.000000000000000000e+00
6.331404785156250000e+03 5.573400974273681641e+00 0.000000000000000000e+00
6.332861328125000000e+03 5.053906440734863281e+00 0.000000000000000000e+00
6.334318359375000000e+03 4.652423381805419922e+00 0.000000000000000000e+00
6.335778808593750000e+03 5.810325622558593750e+00 0.000000000000000000e+00
6.337236328125000000e+03 5.218853950500488281e+00 0.000000000000000000e+00
6.338697753906250000e+03 5.079834461212158203e+00 0.000000000000000000e+00
6.340155761718750000e+03 5.749334335327148438e+00 0.000000000000000000e+00
6.341618164062500000e+03 6.034956455230712891e+00 0.000000000000000000e+00
6.343076660156250000e+03 5.823112010955810547e+00 0.000000000000000000e+00
6.344536132812500000e+03 6.095229148864746094e+00 0.000000000000000000e+00
6.345999023437500000e+03 5.862580299377441406e+00 0.000000000000000000e+00
6.347458984375000000e+03 5.988141536712646484e+00 0.000000000000000000e+00
6.348922851562500000e+03 5.743901252746582031e+00 0.000000000000000000e+00
6.350383300781250000e+03 5.385268688201904297e+00 0.000000000000000000e+00
6.351847656250000000e+03 5.081565380096435547e+00 0.000000000000000000e+00
6.353309082031250000e+03 4.715833187103271484e+00 0.000000000000000000e+00
6.354770507812500000e+03 5.481664657592773438e+00 0.000000000000000000e+00
6.356235839843750000e+03 5.831779003143310547e+00 0.000000000000000000e+00
6.357698242187500000e+03 5.603184223175048828e+00 0.000000000000000000e+00
6.359164062500000000e+03 5.518812179565429688e+00 0.000000000000000000e+00
6.360626953125000000e+03 5.430304527282714844e+00 0.000000000000000000e+00
6.362093750000000000e+03 4.803250312805175781e+00 0.000000000000000000e+00
6.363557617187500000e+03 5.522153377532958984e+00 0.000000000000000000e+00
6.365021484375000000e+03 6.708794593811035156e+00 0.000000000000000000e+00
6.366489257812500000e+03 5.239501953125000000e+00 0.000000000000000000e+00
6.367953613281250000e+03 4.373003959655761719e+00 0.000000000000000000e+00
6.369422363281250000e+03 5.668628692626953125e+00 0.000000000000000000e+00
6.370887695312500000e+03 5.796100139617919922e+00 0.000000000000000000e+00
6.372356445312500000e+03 5.174116134643554688e+00 0.000000000000000000e+00
6.373822753906250000e+03 5.502021789550781250e+00 0.000000000000000000e+00
6.375288574218750000e+03 5.811172485351562500e+00 0.000000000000000000e+00
6.376758789062500000e+03 5.902064323425292969e+00 0.000000000000000000e+00
6.378226074218750000e+03 5.937097549438476562e+00 0.000000000000000000e+00
6.379696777343750000e+03 5.635406494140625000e+00 0.000000000000000000e+00
6.381164550781250000e+03 4.876318931579589844e+00 0.000000000000000000e+00
6.382635742187500000e+03 5.316542148590087891e+00 0.000000000000000000e+00
6.384104003906250000e+03 5.573200225830078125e+00 0.000000000000000000e+00
6.385572753906250000e+03 5.464674949645996094e+00 0.000000000000000000e+00
6.387045410156250000e+03 5.418292522430419922e+00 0.000000000000000000e+00
6.388514648437500000e+03 5.474996089935302734e+00 0.000000000000000000e+00
6.389987792968750000e+03 5.662662982940673828e+00 0.000000000000000000e+00
6.391458007812500000e+03 5.563529491424560547e+00 0.000000000000000000e+00
6.392931640625000000e+03 5.627957820892333984e+00 0.000000000000000000e+00
6.394402343750000000e+03 5.715033054351806641e+00 0.000000000000000000e+00
6.395873535156250000e+03 5.562170028686523438e+00 0.000000000000000000e+00
6.397348144531250000e+03 5.274521350860595703e+00 0.000000000000000000e+00
6.398819824218750000e+03 5.118374347686767578e+00 0.000000000000000000e+00
6.400295410156250000e+03 5.636765003204345703e+00 0.000000000000000000e+00
6.401768066406250000e+03 5.566923618316650391e+00 0.000000000000000000e+00
6.403244140625000000e+03 5.457267284393310547e+00 0.000000000000000000e+00
6.404717285156250000e+03 5.575788497924804688e+00 0.000000000000000000e+00
6.406194335937500000e+03 5.200296401977539062e+00 0.000000000000000000e+00
6.407667968750000000e+03 5.478021144866943359e+00 0.000000000000000000e+00
6.409142089843750000e+03 5.538511276245117188e+00 0.000000000000000000e+00
6.410619628906250000e+03 4.944672584533691406e+00 0.000000000000000000e+00
6.412094726562500000e+03 3.162299156188964844e+00 0.000000000000000000e+00
6.413573242187500000e+03 1.113778352737426758e+00 0.000000000000000000e+00
6.415048828125000000e+03 7.165987491607666016e-01 0.000000000000000000e+00
6.416527832031250000e+03 1.017753243446350098e+00 0.000000000000000000e+00
6.418003906250000000e+03 2.331288099288940430e+00 0.000000000000000000e+00
6.419480468750000000e+03 3.501264095306396484e+00 0.000000000000000000e+00
6.420960937500000000e+03 4.891379833221435547e+00 0.000000000000000000e+00
6.422437988281250000e+03 6.165377140045166016e+00 0.000000000000000000e+00
6.423918945312500000e+03 5.776731967926025391e+00 0.000000000000000000e+00
6.425396972656250000e+03 4.884697437286376953e+00 0.000000000000000000e+00
6.426878417968750000e+03 4.587096214294433594e+00 0.000000000000000000e+00
6.428356933593750000e+03 3.236140489578247070e+00 0.000000000000000000e+00
6.429835937500000000e+03 1.614537715911865234e+00 0.000000000000000000e+00
6.431318359375000000e+03 9.451625943183898926e-01 0.000000000000000000e+00
6.432797851562500000e+03 1.191401600837707520e+00 0.000000000000000000e+00
6.434281250000000000e+03 2.420664548873901367e+00 0.000000000000000000e+00
6.435761718750000000e+03 3.141309738159179688e+00 0.000000000000000000e+00
6.437245605468750000e+03 4.500663280487060547e+00 0.000000000000000000e+00
6.438726562500000000e+03 5.445442199707031250e+00 0.000000000000000000e+00
6.440208007812500000e+03 5.410923480987548828e+00 0.000000000000000000e+00
6.441692871093750000e+03 5.698265075683593750e+00 0.000000000000000000e+00
6.443174804687500000e+03 5.789389610290527344e+00 0.000000000000000000e+00
6.444660644531250000e+03 5.397486209869384766e+00 0.000000000000000000e+00
6.446143066406250000e+03 5.443195343017578125e+00 0.000000000000000000e+00
6.447629394531250000e+03 5.440889835357666016e+00 0.000000000000000000e+00
6.449112792968750000e+03 5.388407230377197266e+00 0.000000000000000000e+00
6.450596679687500000e+03 5.942449569702148438e+00 0.000000000000000000e+00
6.452083984375000000e+03 5.156887531280517578e+00 0.000000000000000000e+00
6.453568359375000000e+03 5.534812450408935547e+00 0.000000000000000000e+00
6.455056640625000000e+03 5.457815170288085938e+00 0.000000000000000000e+00
6.456541503906250000e+03 5.345412731170654297e+00 0.000000000000000000e+00
6.458030273437500000e+03 5.706501483917236328e+00 0.000000000000000000e+00
6.459516113281250000e+03 5.639910221099853516e+00 0.000000000000000000e+00
6.461001953125000000e+03 5.700650691986083984e+00 0.000000000000000000e+00
6.462491699218750000e+03 5.149150848388671875e+00 0.000000000000000000e+00
6.463978515625000000e+03 4.835935115814208984e+00 0.000000000000000000e+00
6.465469238281250000e+03 5.322491168975830078e+00 0.000000000000000000e+00
6.466956542968750000e+03 5.733404636383056641e+00 0.000000000000000000e+00
6.468447753906250000e+03 5.029425144195556641e+00 0.000000000000000000e+00
6.469936035156250000e+03 5.426751613616943359e+00 0.000000000000000000e+00
6.471424316406250000e+03 4.905747890472412109e+00 0.000000000000000000e+00
6.472916503906250000e+03 4.449034690856933594e+00 0.000000000000000000e+00
6.474405761718750000e+03 4.418794631958007812e+00 0.000000000000000000e+00
6.475898437500000000e+03 4.610762119293212891e+00 0.000000000000000000e+00
6.477388183593750000e+03 5.096585750579833984e+00 0.000000000000000000e+00
6.478881835937500000e+03 5.866230010986328125e+00 0.000000000000000000e+00
6.480372558593750000e+03 5.503148078918457031e+00 0.000000000000000000e+00
6.481863281250000000e+03 5.206153392791748047e+00 0.000000000000000000e+00
6.483357910156250000e+03 5.412759780883789062e+00 0.000000000000000000e+00
6.484849609375000000e+03 5.504729270935058594e+00 0.000000000000000000e+00
6.486344726562500000e+03 5.079910278320312500e+00 0.000000000000000000e+00
6.487836914062500000e+03 5.387231826782226562e+00 0.000000000000000000e+00
6.489333007812500000e+03 5.395623683929443359e+00 0.000000000000000000e+00
6.490826171875000000e+03 5.828305721282958984e+00 0.000000000000000000e+00
6.492319335937500000e+03 5.894392490386962891e+00 0.000000000000000000e+00
6.493816406250000000e+03 5.241220951080322266e+00 0.000000000000000000e+00
6.495310058593750000e+03 5.173896789550781250e+00 0.000000000000000000e+00
6.496808105468750000e+03 5.726926326751708984e+00 0.000000000000000000e+00
6.498302734375000000e+03 5.161316394805908203e+00 0.000000000000000000e+00
6.499801269531250000e+03 5.128288269042968750e+00 0.000000000000000000e+00
6.501296386718750000e+03 5.540416717529296875e+00 0.000000000000000000e+00
6.502791992187500000e+03 5.783112525939941406e+00 0.000000000000000000e+00
6.504291503906250000e+03 5.997300148010253906e+00 0.000000000000000000e+00
6.505787597656250000e+03 5.489014625549316406e+00 0.000000000000000000e+00
6.507288085937500000e+03 5.484122276306152344e+00 0.000000000000000000e+00
6.508785156250000000e+03 5.009643554687500000e+00 0.000000000000000000e+00
6.510286132812500000e+03 4.893825054168701172e+00 0.000000000000000000e+00
6.511783691406250000e+03 5.388887405395507812e+00 0.000000000000000000e+00
6.513281738281250000e+03 5.123909473419189453e+00 0.000000000000000000e+00
6.514783691406250000e+03 5.224154949188232422e+00 0.000000000000000000e+00
6.516282226562500000e+03 5.408913612365722656e+00 0.000000000000000000e+00
6.517785156250000000e+03 4.994421958923339844e+00 0.000000000000000000e+00
6.519284179687500000e+03 5.129423141479492188e+00 0.000000000000000000e+00
6.520787597656250000e+03 5.838185787200927734e+00 0.000000000000000000e+00
6.522287597656250000e+03 5.397884368896484375e+00 0.000000000000000000e+00
6.523791992187500000e+03 5.463344573974609375e+00 0.000000000000000000e+00
6.525292480468750000e+03 5.508886337280273438e+00 0.000000000000000000e+00
6.526793945312500000e+03 5.431674003601074219e+00 0.000000000000000000e+00
6.528298828125000000e+03 5.064249038696289062e+00 0.000000000000000000e+00
6.529800781250000000e+03 4.777176380157470703e+00 0.000000000000000000e+00
6.531306152343750000e+03 5.308211803436279297e+00 0.000000000000000000e+00
6.532809082031250000e+03 5.733367443084716797e+00 0.000000000000000000e+00
6.534315429687500000e+03 5.648316383361816406e+00 0.000000000000000000e+00
6.535818359375000000e+03 5.387458324432373047e+00 0.000000000000000000e+00
6.537322265625000000e+03 5.262013912200927734e+00 0.000000000000000000e+00
6.538829589843750000e+03 5.284746170043945312e+00 0.000000000000000000e+00
6.540333984375000000e+03 5.270344257354736328e+00 0.000000000000000000e+00
6.541842285156250000e+03 5.157643318176269531e+00 0.000000000000000000e+00
6.543347167968750000e+03 4.300631523132324219e+00 0.000000000000000000e+00
6.544855957031250000e+03 4.691362380981445312e+00 0.000000000000000000e+00
6.546361328125000000e+03 5.248911857604980469e+00 0.000000000000000000e+00
6.547867675781250000e+03 4.847187519073486328e+00 0.000000000000000000e+00
6.549377441406250000e+03 4.864725112915039062e+00 0.000000000000000000e+00
6.550884277343750000e+03 5.565780639648437500e+00 0.000000000000000000e+00
6.552394531250000000e+03 4.998328208923339844e+00 0.000000000000000000e+00
6.553901855468750000e+03 4.910415649414062500e+00 0.000000000000000000e+00
6.555413574218750000e+03 5.219445228576660156e+00 0.000000000000000000e+00
6.556921386718750000e+03 5.273652076721191406e+00 0.000000000000000000e+00
6.558429687500000000e+03 5.341027259826660156e+00 0.000000000000000000e+00
6.559942382812500000e+03 4.758714199066162109e+00 0.000000000000000000e+00
6.561451171875000000e+03 5.636518955230712891e+00 0.000000000000000000e+00
6.562964355468750000e+03 5.985379219055175781e+00 0.000000000000000000e+00
6.564474121093750000e+03 5.419133186340332031e+00 0.000000000000000000e+00
6.565987792968750000e+03 4.845098972320556641e+00 0.000000000000000000e+00
6.567498535156250000e+03 4.780482769012451172e+00 0.000000000000000000e+00
6.569009277343750000e+03 5.174271106719970703e+00 0.000000000000000000e+00
6.570523925781250000e+03 5.334533691406250000e+00 0.000000000000000000e+00
6.572035644531250000e+03 4.768296718597412109e+00 0.000000000000000000e+00
6.573551269531250000e+03 4.478369712829589844e+00 0.000000000000000000e+00
6.575063476562500000e+03 4.987923622131347656e+00 0.000000000000000000e+00
6.576579589843750000e+03 5.254356861114501953e+00 0.000000000000000000e+00
6.578092285156250000e+03 5.043536186218261719e+00 0.000000000000000000e+00
6.579605957031250000e+03 4.904429912567138672e+00 0.000000000000000000e+00
6.581123046875000000e+03 4.853541374206542969e+00 0.000000000000000000e+00
6.582637207031250000e+03 5.202287673950195312e+00 0.000000000000000000e+00
6.584154785156250000e+03 5.728661537170410156e+00 0.000000000000000000e+00
6.585669433593750000e+03 5.542316913604736328e+00 0.000000000000000000e+00
6.587188476562500000e+03 5.208853721618652344e+00 0.000000000000000000e+00
6.588703613281250000e+03 5.217455863952636719e+00 0.000000000000000000e+00
6.590219238281250000e+03 4.967393875122070312e+00 0.000000000000000000e+00
6.591739257812500000e+03 4.752570152282714844e+00 0.000000000000000000e+00
6.593255371093750000e+03 4.865038871765136719e+00 0.000000000000000000e+00
6.594775878906250000e+03 4.934428691864013672e+00 0.000000000000000000e+00
6.596292968750000000e+03 5.283343315124511719e+00 0.000000000000000000e+00
6.597813964843750000e+03 4.917325973510742188e+00 0.000000000000000000e+00
6.599332031250000000e+03 5.152416229248046875e+00 0.000000000000000000e+00
6.600850097656250000e+03 5.557866573333740234e+00 0.000000000000000000e+00
6.602372070312500000e+03 5.104916095733642578e+00 0.000000000000000000e+00
6.603891113281250000e+03 4.389655113220214844e+00 0.000000000000000000e+00
6.605414062500000000e+03 5.329665660858154297e+00 0.000000000000000000e+00
6.606933593750000000e+03 5.319972515106201172e+00 0.000000000000000000e+00
6.608457031250000000e+03 4.471399307250976562e+00 0.000000000000000000e+00
6.609977050781250000e+03 4.423188686370849609e+00 0.000000000000000000e+00
6.611498046875000000e+03 5.221122264862060547e+00 0.000000000000000000e+00
6.613022460937500000e+03 4.989820003509521484e+00 0.000000000000000000e+00
6.614543945312500000e+03 4.904673576354980469e+00 0.000000000000000000e+00
6.616069335937500000e+03 5.245598793029785156e+00 0.000000000000000000e+00
6.617591308593750000e+03 4.868327140808105469e+00 0.000000000000000000e+00
6.619117187500000000e+03 4.799008369445800781e+00 0.000000000000000000e+00
6.620639648437500000e+03 5.297369480133056641e+00 0.000000000000000000e+00
6.622163085937500000e+03 4.588323593139648438e+00 0.000000000000000000e+00
6.623689941406250000e+03 4.443940162658691406e+00 0.000000000000000000e+00
6.625213867187500000e+03 4.103535175323486328e+00 0.000000000000000000e+00
6.626741699218750000e+03 4.936286926269531250e+00 0.000000000000000000e+00
6.628266113281250000e+03 5.493075847625732422e+00 0.000000000000000000e+00
6.629794433593750000e+03 4.922406196594238281e+00 0.000000000000000000e+00
6.631319824218750000e+03 5.149201393127441406e+00 0.000000000000000000e+00
6.632845214843750000e+03 5.036347866058349609e+00 0.000000000000000000e+00
6.634374511718750000e+03 5.108517646789550781e+00 0.000000000000000000e+00
6.635900878906250000e+03 4.576291561126708984e+00 0.000000000000000000e+00
6.637431152343750000e+03 4.287121772766113281e+00 0.000000000000000000e+00
6.638958007812500000e+03 4.908632755279541016e+00 0.000000000000000000e+00
6.640488769531250000e+03 5.335139274597167969e+00 0.000000000000000000e+00
6.642016601562500000e+03 5.277305603027343750e+00 0.000000000000000000e+00
6.643548339843750000e+03 5.413091182708740234e+00 0.000000000000000000e+00
6.645076660156250000e+03 4.912955760955810547e+00 0.000000000000000000e+00
6.646605468750000000e+03 4.854682445526123047e+00 0.000000000000000000e+00
6.648138183593750000e+03 5.532886028289794922e+00 0.000000000000000000e+00
6.649667480468750000e+03 5.220835685729980469e+00 0.000000000000000000e+00
6.651200683593750000e+03 5.580313205718994141e+00 0.000000000000000000e+00
6.652730957031250000e+03 4.935429096221923828e+00 0.000000000000000000e+00
6.654265136718750000e+03 4.787395954132080078e+00 0.000000000000000000e+00
6.655795898437500000e+03 5.059807300567626953e+00 0.000000000000000000e+00
6.657327148437500000e+03 4.956455707550048828e+00 0.000000000000000000e+00
6.658862304687500000e+03 4.864407539367675781e+00 0.000000000000000000e+00
6.660394042968750000e+03 5.258766651153564453e+00 0.000000000000000000e+00
6.661929687500000000e+03 5.075708866119384766e+00 0.000000000000000000e+00
6.663462402343750000e+03 5.008499622344970703e+00 0.000000000000000000e+00
6.664999023437500000e+03 5.271967411041259766e+00 0.000000000000000000e+00
6.666532226562500000e+03 5.414364337921142578e+00 0.000000000000000000e+00
6.668065917968750000e+03 5.092233657836914062e+00 0.000000000000000000e+00
6.669603515625000000e+03 4.801487445831298828e+00 0.000000000000000000e+00
6.671137695312500000e+03 4.872458934783935547e+00 0.000000000000000000e+00
6.672676269531250000e+03 5.172630786895751953e+00 0.000000000000000000e+00
6.674211425781250000e+03 5.321404457092285156e+00 0.000000000000000000e+00
6.675750488281250000e+03 5.075240612030029297e+00 0.000000000000000000e+00
6.677286132812500000e+03 4.684065818786621094e+00 0.000000000000000000e+00
6.678822265625000000e+03 4.829487800598144531e+00 0.000000000000000000e+00
6.680362304687500000e+03 4.953104496002197266e+00 0.000000000000000000e+00
6.681898925781250000e+03 4.827639102935791016e+00 0.000000000000000000e+00
6.683439941406250000e+03 4.744181156158447266e+00 0.000000000000000000e+00
6.684977539062500000e+03 4.957221984863281250e+00 0.000000000000000000e+00
6.686519042968750000e+03 5.174058914184570312e+00 0.000000000000000000e+00
6.688057128906250000e+03 4.751477241516113281e+00 0.000000000000000000e+00
6.689595703125000000e+03 4.188174247741699219e+00 0.000000000000000000e+00
6.691138183593750000e+03 4.378482341766357422e+00 0.000000000000000000e+00
6.692677734375000000e+03 4.749747276306152344e+00 0.000000000000000000e+00
6.694221191406250000e+03 4.670989036560058594e+00 0.000000000000000000e+00
6.695760742187500000e+03 4.619112968444824219e+00 0.000000000000000000e+00
6.697305175781250000e+03 4.488526821136474609e+00 0.000000000000000000e+00
6.698845703125000000e+03 5.060599803924560547e+00 0.000000000000000000e+00
6.700386718750000000e+03 5.228968620300292969e+00 0.000000000000000000e+00
6.701931640625000000e+03 4.834626674652099609e+00 0.000000000000000000e+00
6.703473632812500000e+03 4.787942886352539062e+00 0.000000000000000000e+00
6.705019531250000000e+03 5.455388069152832031e+00 0.000000000000000000e+00
6.706562011718750000e+03 4.848279953002929688e+00 0.000000000000000000e+00
6.708108398437500000e+03 5.289693832397460938e+00 0.000000000000000000e+00
6.709651855468750000e+03 5.256857872009277344e+00 0.000000000000000000e+00
6.711195312500000000e+03 5.041808605194091797e+00 0.000000000000000000e+00
6.712742675781250000e+03 5.297799587249755859e+00 0.000000000000000000e+00
6.714287109375000000e+03 5.029629230499267578e+00 0.000000000000000000e+00
6.715835449218750000e+03 5.057992458343505859e+00 0.000000000000000000e+00
6.717380371093750000e+03 4.812319278717041016e+00 0.000000000000000000e+00
6.718929199218750000e+03 4.870697498321533203e+00 0.000000000000000000e+00
6.720475097656250000e+03 5.281706809997558594e+00 0.000000000000000000e+00
6.722020996093750000e+03 5.339030742645263672e+00 0.000000000000000000e+00
6.723571289062500000e+03 4.742197513580322266e+00 0.000000000000000000e+00
6.725117675781250000e+03 5.383353710174560547e+00 0.000000000000000000e+00
6.726668457031250000e+03 5.731135845184326172e+00 0.000000000000000000e+00
6.728216308593750000e+03 5.558899402618408203e+00 0.000000000000000000e+00
6.729767578125000000e+03 5.172383308410644531e+00 0.000000000000000000e+00
6.731315917968750000e+03 4.747664928436279297e+00 0.000000000000000000e+00
6.732864257812500000e+03 4.416185855865478516e+00 0.000000000000000000e+00
6.734416992187500000e+03 4.854950904846191406e+00 0.000000000000000000e+00
6.735966308593750000e+03 4.989733695983886719e+00 0.000000000000000000e+00
6.737519531250000000e+03 4.813749313354492188e+00 0.000000000000000000e+00
6.739069335937500000e+03 5.051728248596191406e+00 0.000000000000000000e+00
6.740623535156250000e+03 5.590873718261718750e+00 0.000000000000000000e+00
6.742174316406250000e+03 5.253852367401123047e+00 0.000000000000000000e+00
6.743725097656250000e+03 5.002665519714355469e+00 0.000000000000000000e+00
6.745280273437500000e+03 4.917178153991699219e+00 0.000000000000000000e+00
6.746832031250000000e+03 5.109360694885253906e+00 0.000000000000000000e+00
6.748387695312500000e+03 5.340952873229980469e+00 0.000000000000000000e+00
6.749940429687500000e+03 5.311968803405761719e+00 0.000000000000000000e+00
6.751496582031250000e+03 5.040410995483398438e+00 0.000000000000000000e+00
6.753049804687500000e+03 4.724961280822753906e+00 0.000000000000000000e+00
6.754603515625000000e+03 4.893079280853271484e+00 0.000000000000000000e+00
6.756161132812500000e+03 4.801239490509033203e+00 0.000000000000000000e+00
6.757715332031250000e+03 5.150782108306884766e+00 0.000000000000000000e+00
6.759273437500000000e+03 5.868425369262695312e+00 0.000000000000000000e+00
6.760828613281250000e+03 5.102570056915283203e+00 0.000000000000000000e+00
6.762387695312500000e+03 5.097872734069824219e+00 0.000000000000000000e+00
6.763943359375000000e+03 5.203186035156250000e+00 0.000000000000000000e+00
6.765502929687500000e+03 5.331037044525146484e+00 0.000000000000000000e+00
6.767059570312500000e+03 5.215019702911376953e+00 0.000000000000000000e+00
6.768616210937500000e+03 4.770051956176757812e+00 0.000000000000000000e+00
6.770176757812500000e+03 4.491344451904296875e+00 0.000000000000000000e+00
6.771734375000000000e+03 4.386434555053710938e+00 0.000000000000000000e+00
6.773295898437500000e+03 4.995909690856933594e+00 0.000000000000000000e+00
6.774854003906250000e+03 4.630126953125000000e+00 0.000000000000000000e+00
6.776416503906250000e+03 4.326848983764648438e+00 0.000000000000000000e+00
6.777975585937500000e+03 5.024581909179687500e+00 0.000000000000000000e+00
6.779534667968750000e+03 4.887309551239013672e+00 0.000000000000000000e+00
6.781098144531250000e+03 4.798411846160888672e+00 0.000000000000000000e+00
6.782658203125000000e+03 3.917805671691894531e+00 0.000000000000000000e+00
6.784222167968750000e+03 3.453415632247924805e+00 0.000000000000000000e+00
6.785782714843750000e+03 4.292059421539306641e+00 0.000000000000000000e+00
6.787347656250000000e+03 5.447980403900146484e+00 0.000000000000000000e+00
6.788909179687500000e+03 5.008154869079589844e+00 0.000000000000000000e+00
6.790470703125000000e+03 4.940804481506347656e+00 0.000000000000000000e+00
6.792036621093750000e+03 4.608686447143554688e+00 0.000000000000000000e+00
6.793599121093750000e+03 5.040618896484375000e+00 0.000000000000000000e+00
6.795165527343750000e+03 5.168045997619628906e+00 0.000000000000000000e+00
6.796729003906250000e+03 4.431828498840332031e+00 0.000000000000000000e+00
6.798296386718750000e+03 4.950189113616943359e+00 0.000000000000000000e+00
6.799860351562500000e+03 5.498158454895019531e+00 0.000000000000000000e+00
6.801424316406250000e+03 5.226401805877685547e+00 0.000000000000000000e+00
6.802992675781250000e+03 4.748476505279541016e+00 0.000000000000000000e+00
6.804557617187500000e+03 4.572335243225097656e+00 0.000000000000000000e+00
6.806126953125000000e+03 4.770404338836669922e+00 0.000000000000000000e+00
6.807692871093750000e+03 5.018880367279052734e+00 0.000000000000000000e+00
6.809262695312500000e+03 4.517042160034179688e+00 0.000000000000000000e+00
6.810829101562500000e+03 4.744917869567871094e+00 0.000000000000000000e+00
6.812395996093750000e+03 5.316820144653320312e+00 0.000000000000000000e+00
6.813966796875000000e+03 5.113026142120361328e+00 0.000000000000000000e+00
6.815534179687500000e+03 4.645349025726318359e+00 0.000000000000000000e+00
6.817105957031250000e+03 5.880568504333496094e+00 0.000000000000000000e+00
6.818674316406250000e+03 5.991642951965332031e+00 0.000000000000000000e+00
6.820246582031250000e+03 5.133184909820556641e+00 0.000000000000000000e+00
6.821815429687500000e+03 5.090456485748291016e+00 0.000000000000000000e+00
6.823384765625000000e+03 5.302218437194824219e+00 0.000000000000000000e+00
6.824958496093750000e+03 4.950807571411132812e+00 0.000000000000000000e+00
6.826528320312500000e+03 5.166785717010498047e+00 0.000000000000000000e+00
6.828102539062500000e+03 5.334780693054199219e+00 0.000000000000000000e+00
6.829673339843750000e+03 6.402002334594726562e+00 0.000000000000000000e+00
6.831248535156250000e+03 5.229461193084716797e+00 0.000000000000000000e+00
6.832819824218750000e+03 4.126146316528320312e+00 0.000000000000000000e+00
6.834391601562500000e+03 5.383200645446777344e+00 0.000000000000000000e+00
6.835967773437500000e+03 5.263650894165039062e+00 0.000000000000000000e+00
6.837540527343750000e+03 4.976368427276611328e+00 0.000000000000000000e+00
6.839117187500000000e+03 4.754323005676269531e+00 0.000000000000000000e+00
6.840690429687500000e+03 4.702449798583984375e+00 0.000000000000000000e+00
6.842268066406250000e+03 4.560694694519042969e+00 0.000000000000000000e+00
6.843841796875000000e+03 4.567395210266113281e+00 0.000000000000000000e+00
6.845416503906250000e+03 5.341791152954101562e+00 0.000000000000000000e+00
6.846994628906250000e+03 4.708602428436279297e+00 0.000000000000000000e+00
6.848569824218750000e+03 4.597700595855712891e+00 0.000000000000000000e+00
6.850149414062500000e+03 4.892132759094238281e+00 0.000000000000000000e+00
6.851725097656250000e+03 5.003228664398193359e+00 0.000000000000000000e+00
6.853305175781250000e+03 4.838136196136474609e+00 0.000000000000000000e+00
6.854881835937500000e+03 4.776255607604980469e+00 0.000000000000000000e+00
6.856458496093750000e+03 4.905299663543701172e+00 0.000000000000000000e+00
6.858039550781250000e+03 4.917435646057128906e+00 0.000000000000000000e+00
6.859617675781250000e+03 4.655575275421142578e+00 0.000000000000000000e+00
6.861199218750000000e+03 4.451190948486328125e+00 0.000000000000000000e+00
6.862777832031250000e+03 4.713088035583496094e+00 0.000000000000000000e+00
6.864360351562500000e+03 5.165534973144531250e+00 0.000000000000000000e+00
6.865939453125000000e+03 4.621325969696044922e+00 0.000000000000000000e+00
6.867519042968750000e+03 4.658374786376953125e+00 0.000000000000000000e+00
6.869102539062500000e+03 4.390941143035888672e+00 0.000000000000000000e+00
6.870682617187500000e+03 3.900336742401123047e+00 0.000000000000000000e+00
6.872267089843750000e+03 4.138843536376953125e+00 0.000000000000000000e+00
6.873848144531250000e+03 4.945065975189208984e+00 0.000000000000000000e+00
6.875433105468750000e+03 4.519474983215332031e+00 0.000000000000000000e+00
6.877014648437500000e+03 4.859662055969238281e+00 0.000000000000000000e+00
6.878600585937500000e+03 5.011905670166015625e+00 0.000000000000000000e+00
6.880183105468750000e+03 4.888555049896240234e+00 0.000000000000000000e+00
6.881765625000000000e+03 4.988091945648193359e+00 0.000000000000000000e+00
6.883352539062500000e+03 4.786081314086914062e+00 0.000000000000000000e+00
6.884936035156250000e+03 4.446377277374267578e+00 0.000000000000000000e+00
6.886523925781250000e+03 5.190042495727539062e+00 0.000000000000000000e+00
6.888107910156250000e+03 4.967764854431152344e+00 0.000000000000000000e+00
6.889696289062500000e+03 4.354634284973144531e+00 0.000000000000000000e+00
6.891281250000000000e+03 4.637432575225830078e+00 0.000000000000000000e+00
6.892866699218750000e+03 4.241159915924072266e+00 0.000000000000000000e+00
6.894456542968750000e+03 2.583806037902832031e+00 0.000000000000000000e+00
6.896042480468750000e+03 2.528762817382812500e+00 0.000000000000000000e+00
6.897632812500000000e+03 3.893365144729614258e+00 0.000000000000000000e+00
6.899219238281250000e+03 4.950676441192626953e+00 0.000000000000000000e+00
6.900810546875000000e+03 4.746395587921142578e+00 0.000000000000000000e+00
6.902397949218750000e+03 4.340725898742675781e+00 0.000000000000000000e+00
6.903985839843750000e+03 4.712817192077636719e+00 0.000000000000000000e+00
6.905577636718750000e+03 4.249320983886718750e+00 0.000000000000000000e+00
6.907166503906250000e+03 4.137775897979736328e+00 0.000000000000000000e+00
6.908759277343750000e+03 4.457141399383544922e+00 0.000000000000000000e+00
6.910348632812500000e+03 4.600157260894775391e+00 0.000000000000000000e+00
6.911941894531250000e+03 4.958840847015380859e+00 0.000000000000000000e+00
6.913532226562500000e+03 5.011786937713623047e+00 0.000000000000000000e+00
6.915122558593750000e+03 5.084202289581298828e+00 0.000000000000000000e+00
6.916717285156250000e+03 4.877975940704345703e+00 0.000000000000000000e+00
6.918308105468750000e+03 4.637576580047607422e+00 0.000000000000000000e+00
6.919903808593750000e+03 4.872210025787353516e+00 0.000000000000000000e+00
6.921495605468750000e+03 5.248332500457763672e+00 0.000000000000000000e+00
6.923091796875000000e+03 4.447125911712646484e+00 0.000000000000000000e+00
6.924684570312500000e+03 5.363792419433593750e+00 0.000000000000000000e+00
6.926277343750000000e+03 5.292650699615478516e+00 0.000000000000000000e+00
6.927874511718750000e+03 4.722722530364990234e+00 0.000000000000000000e+00
6.929468261718750000e+03 5.182666778564453125e+00 0.000000000000000000e+00
6.931066406250000000e+03 4.835132598876953125e+00 0.000000000000000000e+00
6.932660644531250000e+03 5.397126674652099609e+00 0.000000000000000000e+00
6.934259277343750000e+03 5.152785301208496094e+00 0.000000000000000000e+00
6.935854492187500000e+03 4.487136840820312500e+00 0.000000000000000000e+00
6.937450195312500000e+03 4.191813468933105469e+00 0.000000000000000000e+00
6.939049804687500000e+03 4.333628177642822266e+00 0.000000000000000000e+00
6.940645996093750000e+03 4.364380359649658203e+00 0.000000000000000000e+00
6.942246582031250000e+03 4.515833854675292969e+00 0.000000000000000000e+00
6.943843750000000000e+03 4.239007949829101562e+00 0.000000000000000000e+00
6.945444824218750000e+03 4.705585002899169922e+00 0.000000000000000000e+00
6.947042968750000000e+03 4.977077007293701172e+00 0.000000000000000000e+00
6.948641113281250000e+03 4.424596786499023438e+00 0.000000000000000000e+00
6.950243164062500000e+03 5.159027099609375000e+00 0.000000000000000000e+00
6.951842285156250000e+03 4.846504211425781250e+00 0.000000000000000000e+00
6.953445312500000000e+03 4.308145046234130859e+00 0.000000000000000000e+00
6.955044921875000000e+03 4.811908245086669922e+00 0.000000000000000000e+00
6.956648925781250000e+03 5.067676544189453125e+00 0.000000000000000000e+00
6.958249023437500000e+03 4.337244987487792969e+00 0.000000000000000000e+00
6.959849609375000000e+03 5.032786369323730469e+00 0.000000000000000000e+00
6.961454589843750000e+03 5.268900871276855469e+00 0.000000000000000000e+00
6.963056152343750000e+03 4.996677875518798828e+00 0.000000000000000000e+00
6.964662109375000000e+03 4.927736759185791016e+00 0.000000000000000000e+00
6.966264160156250000e+03 5.045547962188720703e+00 0.000000000000000000e+00
6.967870605468750000e+03 4.912642478942871094e+00 0.000000000000000000e+00
6.969473632812500000e+03 4.570234775543212891e+00 0.000000000000000000e+00
6.971076660156250000e+03 4.495440483093261719e+00 0.000000000000000000e+00
6.972684082031250000e+03 4.901743412017822266e+00 0.000000000000000000e+00
6.974288574218750000e+03 4.866924762725830078e+00 0.000000000000000000e+00
6.975896484375000000e+03 4.706472873687744141e+00 0.000000000000000000e+00
6.977501464843750000e+03 4.972710609436035156e+00 0.000000000000000000e+00
6.979110351562500000e+03 4.946583747863769531e+00 0.000000000000000000e+00
6.980715820312500000e+03 5.143199443817138672e+00 0.000000000000000000e+00
6.982321777343750000e+03 4.577501296997070312e+00 0.000000000000000000e+00
6.983932128906250000e+03 4.856768131256103516e+00 0.000000000000000000e+00
6.985538574218750000e+03 4.981844902038574219e+00 0.000000000000000000e+00
6.987149414062500000e+03 4.135148525238037109e+00 0.000000000000000000e+00
6.988756835937500000e+03 4.975127696990966797e+00 0.000000000000000000e+00
6.990368164062500000e+03 4.628686428070068359e+00 0.000000000000000000e+00
6.991976562500000000e+03 4.736986160278320312e+00 0.000000000000000000e+00
6.993584960937500000e+03 4.979101657867431641e+00 0.000000000000000000e+00
6.995197753906250000e+03 4.640156269073486328e+00 0.000000000000000000e+00
6.996807128906250000e+03 4.256915569305419922e+00 0.000000000000000000e+00
6.998420410156250000e+03 5.108676433563232422e+00 0.000000000000000000e+00
7.000030273437500000e+03 4.750091075897216797e+00 0.000000000000000000e+00
7.001644531250000000e+03 4.683461666107177734e+00 0.000000000000000000e+00
7.003255371093750000e+03 4.858654975891113281e+00 0.000000000000000000e+00
7.004870117187500000e+03 4.985003471374511719e+00 0.000000000000000000e+00
7.006481933593750000e+03 4.932358264923095703e+00 0.000000000000000000e+00
7.008093750000000000e+03 4.582131385803222656e+00 0.000000000000000000e+00
7.009709472656250000e+03 4.767464160919189453e+00 0.000000000000000000e+00
7.011322265625000000e+03 4.396763801574707031e+00 0.000000000000000000e+00
7.012938964843750000e+03 4.918686866760253906e+00 0.000000000000000000e+00
7.014552246093750000e+03 5.234771251678466797e+00 0.000000000000000000e+00
7.016169921875000000e+03 4.311481952667236328e+00 0.000000000000000000e+00
7.017783691406250000e+03 4.779691219329833984e+00 0.000000000000000000e+00
7.019398437500000000e+03 4.689893245697021484e+00 0.000000000000000000e+00
7.021017089843750000e+03 4.839056968688964844e+00 0.000000000000000000e+00
7.022632324218750000e+03 4.479090690612792969e+00 0.000000000000000000e+00
7.024251464843750000e+03 4.352298736572265625e+00 0.000000000000000000e+00
7.025867675781250000e+03 5.070448875427246094e+00 0.000000000000000000e+00
7.027487792968750000e+03 4.800870418548583984e+00 0.000000000000000000e+00
7.029104492187500000e+03 4.704948902130126953e+00 0.000000000000000000e+00
7.030721191406250000e+03 4.776657104492187500e+00 0.000000000000000000e+00
7.032342773437500000e+03 4.558020591735839844e+00 0.000000000000000000e+00
7.033960449218750000e+03 4.339397907257080078e+00 0.000000000000000000e+00
7.035582519531250000e+03 4.439408302307128906e+00 0.000000000000000000e+00
7.037200683593750000e+03 4.299559116363525391e+00 0.000000000000000000e+00
7.038823730468750000e+03 4.300847053527832031e+00 0.000000000000000000e+00
7.040442871093750000e+03 4.142844676971435547e+00 0.000000000000000000e+00
7.042062500000000000e+03 4.097851753234863281e+00 0.000000000000000000e+00
7.043686523437500000e+03 4.375658512115478516e+00 0.000000000000000000e+00
7.045306640625000000e+03 4.741499423980712891e+00 0.000000000000000000e+00
7.046931640625000000e+03 4.719546318054199219e+00 0.000000000000000000e+00
7.048552734375000000e+03 4.703370094299316406e+00 0.000000000000000000e+00
7.050178222656250000e+03 4.877524375915527344e+00 0.000000000000000000e+00
7.051799804687500000e+03 4.607443332672119141e+00 0.000000000000000000e+00
7.053422363281250000e+03 4.246787548065185547e+00 0.000000000000000000e+00
7.055048828125000000e+03 4.393114089965820312e+00 0.000000000000000000e+00
7.056671875000000000e+03 4.523590564727783203e+00 0.000000000000000000e+00
7.058298828125000000e+03 4.837357997894287109e+00 0.000000000000000000e+00
7.059922851562500000e+03 4.711029529571533203e+00 0.000000000000000000e+00
7.061550781250000000e+03 4.606791973114013672e+00 0.000000000000000000e+00
7.063175292968750000e+03 4.677853107452392578e+00 0.000000000000000000e+00
7.064799804687500000e+03 4.698554515838623047e+00 0.000000000000000000e+00
7.066429199218750000e+03 4.704082489013671875e+00 0.000000000000000000e+00
7.068054687500000000e+03 4.660341262817382812e+00 0.000000000000000000e+00
7.069684570312500000e+03 4.765239715576171875e+00 0.000000000000000000e+00
7.071311035156250000e+03 4.292495250701904297e+00 0.000000000000000000e+00
7.072941894531250000e+03 4.211237907409667969e+00 0.000000000000000000e+00
7.074568847656250000e+03 5.164705753326416016e+00 0.000000000000000000e+00
7.076196289062500000e+03 5.115613460540771484e+00 0.000000000000000000e+00
7.077828125000000000e+03 5.668471813201904297e+00 0.000000000000000000e+00
7.079456054687500000e+03 5.506736278533935547e+00 0.000000000000000000e+00
7.081088867187500000e+03 5.196434974670410156e+00 0.000000000000000000e+00
7.082717773437500000e+03 4.775130271911621094e+00 0.000000000000000000e+00
7.084351074218750000e+03 4.236440181732177734e+00 0.000000000000000000e+00
7.085980957031250000e+03 4.758771419525146484e+00 0.000000000000000000e+00
7.087610839843750000e+03 4.961270332336425781e+00 0.000000000000000000e+00
7.089245117187500000e+03 4.824405670166015625e+00 0.000000000000000000e+00
7.090875976562500000e+03 5.054546833038330078e+00 0.000000000000000000e+00
7.092511230468750000e+03 5.011980533599853516e+00 0.000000000000000000e+00
7.094143066406250000e+03 4.452197074890136719e+00 0.000000000000000000e+00
7.095778808593750000e+03 5.126932621002197266e+00 0.000000000000000000e+00
7.097411132812500000e+03 4.661144733428955078e+00 0.000000000000000000e+00
7.099043945312500000e+03 4.713831424713134766e+00 0.000000000000000000e+00
7.100681152343750000e+03 4.862656593322753906e+00 0.000000000000000000e+00
7.102314453125000000e+03 4.620017528533935547e+00 0.000000000000000000e+00
7.103952148437500000e+03 4.397721290588378906e+00 0.000000000000000000e+00
7.105586425781250000e+03 4.781725406646728516e+00 0.000000000000000000e+00
7.107225097656250000e+03 4.950718402862548828e+00 0.000000000000000000e+00
7.108859863281250000e+03 4.857312202453613281e+00 0.000000000000000000e+00
7.110495605468750000e+03 4.664395332336425781e+00 0.000000000000000000e+00
7.112135253906250000e+03 4.705608844757080078e+00 0.000000000000000000e+00
7.113771484375000000e+03 4.928266048431396484e+00 0.000000000000000000e+00
7.115411621093750000e+03 4.687345504760742188e+00 0.000000000000000000e+00
7.117048339843750000e+03 4.904356956481933594e+00 0.000000000000000000e+00
7.118689941406250000e+03 4.728233337402343750e+00 0.000000000000000000e+00
7.120327148437500000e+03 4.627285480499267578e+00 0.000000000000000000e+00
7.121965332031250000e+03 4.893405437469482422e+00 0.000000000000000000e+00
7.123607910156250000e+03 5.078596115112304688e+00 0.000000000000000000e+00
7.125246582031250000e+03 4.693137645721435547e+00 0.000000000000000000e+00
7.126889648437500000e+03 4.591026782989501953e+00 0.000000000000000000e+00
7.128529296875000000e+03 4.612609863281250000e+00 0.000000000000000000e+00
7.130172851562500000e+03 4.675673007965087891e+00 0.000000000000000000e+00
7.131812988281250000e+03 4.827809333801269531e+00 0.000000000000000000e+00
7.133458007812500000e+03 4.961252212524414062e+00 0.000000000000000000e+00
7.135098632812500000e+03 4.726452350616455078e+00 0.000000000000000000e+00
7.136740234375000000e+03 4.398667335510253906e+00 0.000000000000000000e+00
7.138385742187500000e+03 4.221047401428222656e+00 0.000000000000000000e+00
7.140028320312500000e+03 4.802315711975097656e+00 0.000000000000000000e+00
7.141674804687500000e+03 5.469128131866455078e+00 0.000000000000000000e+00
7.143317382812500000e+03 5.196682929992675781e+00 0.000000000000000000e+00
7.144964843750000000e+03 4.605881690979003906e+00 0.000000000000000000e+00
7.146608398437500000e+03 4.531294822692871094e+00 0.000000000000000000e+00
7.148252441406250000e+03 4.885633945465087891e+00 0.000000000000000000e+00
7.149900878906250000e+03 5.194205284118652344e+00 0.000000000000000000e+00
7.151545898437500000e+03 5.112290382385253906e+00 0.000000000000000000e+00
7.153194824218750000e+03 4.792222023010253906e+00 0.000000000000000000e+00
7.154840332031250000e+03 4.888068199157714844e+00 0.000000000000000000e+00
7.156490234375000000e+03 5.180022239685058594e+00 0.000000000000000000e+00
7.158136718750000000e+03 4.563296318054199219e+00 0.000000000000000000e+00
7.159783203125000000e+03 4.632520675659179688e+00 0.000000000000000000e+00
7.161434570312500000e+03 4.980055332183837891e+00 0.000000000000000000e+00
7.163082031250000000e+03 4.497823715209960938e+00 0.000000000000000000e+00
7.164733886718750000e+03 4.817508697509765625e+00 0.000000000000000000e+00
7.166381835937500000e+03 4.776916980743408203e+00 0.000000000000000000e+00
7.168034667968750000e+03 4.803920269012451172e+00 0.000000000000000000e+00
7.169683593750000000e+03 4.761451244354248047e+00 0.000000000000000000e+00
7.171333007812500000e+03 4.556534767150878906e+00 0.000000000000000000e+00
7.172986328125000000e+03 4.478470802307128906e+00 0.000000000000000000e+00
7.174636718750000000e+03 4.804958820343017578e+00 0.000000000000000000e+00
7.176291015625000000e+03 4.810784339904785156e+00 0.000000000000000000e+00
7.177941894531250000e+03 4.751194477081298828e+00 0.000000000000000000e+00
7.179597167968750000e+03 4.912189483642578125e+00 0.000000000000000000e+00
7.181249023437500000e+03 5.035128116607666016e+00 0.000000000000000000e+00
7.182900878906250000e+03 4.870125770568847656e+00 0.000000000000000000e+00
7.184557128906250000e+03 4.906061649322509766e+00 0.000000000000000000e+00
7.186209960937500000e+03 5.028743267059326172e+00 0.000000000000000000e+00
7.187867187500000000e+03 4.581325054168701172e+00 0.000000000000000000e+00
7.189520996093750000e+03 3.579809904098510742e+00 0.000000000000000000e+00
7.191178710937500000e+03 2.558574914932250977e+00 0.000000000000000000e+00
7.192833007812500000e+03 2.329124689102172852e+00 0.000000000000000000e+00
7.194487792968750000e+03 3.420194864273071289e+00 0.000000000000000000e+00
7.196146972656250000e+03 4.605290412902832031e+00 0.000000000000000000e+00
7.197802246093750000e+03 4.370547294616699219e+00 0.000000000000000000e+00
7.199461914062500000e+03 4.217345714569091797e+00 0.000000000000000000e+00
7.201118164062500000e+03 4.771201610565185547e+00 0.000000000000000000e+00
7.202778808593750000e+03 5.255057334899902344e+00 0.000000000000000000e+00
7.204435546875000000e+03 5.341875076293945312e+00 0.000000000000000000e+00
7.206093261718750000e+03 5.155267715454101562e+00 0.000000000000000000e+00
7.207754882812500000e+03 4.986991405487060547e+00 0.000000000000000000e+00
7.209413085937500000e+03 5.388716220855712891e+00 0.000000000000000000e+00
7.211075683593750000e+03 5.516532897949218750e+00 0.000000000000000000e+00
7.212734375000000000e+03 4.867442131042480469e+00 0.000000000000000000e+00
7.214397460937500000e+03 5.382471561431884766e+00 0.000000000000000000e+00
7.216057128906250000e+03 5.246167659759521484e+00 0.000000000000000000e+00
7.217717285156250000e+03 4.694870471954345703e+00 0.000000000000000000e+00
7.219381835937500000e+03 4.526080608367919922e+00 0.000000000000000000e+00
7.221042480468750000e+03 4.902667045593261719e+00 0.000000000000000000e+00
7.222707519531250000e+03 5.278551578521728516e+00 0.000000000000000000e+00
7.224369140625000000e+03 5.123041152954101562e+00 0.000000000000000000e+00
7.226035156250000000e+03 5.111065864562988281e+00 0.000000000000000000e+00
7.227697265625000000e+03 5.101255893707275391e+00 0.000000000000000000e+00
7.229360351562500000e+03 5.127647876739501953e+00 0.000000000000000000e+00
7.231027343750000000e+03 4.962509632110595703e+00 0.000000000000000000e+00
7.232690917968750000e+03 4.690584182739257812e+00 0.000000000000000000e+00
7.234358398437500000e+03 5.238251686096191406e+00 0.000000000000000000e+00
7.236022949218750000e+03 5.451204776763916016e+00 0.000000000000000000e+00
7.237691406250000000e+03 5.716567516326904297e+00 0.000000000000000000e+00
7.239356445312500000e+03 5.369423389434814453e+00 0.000000000000000000e+00
7.241021972656250000e+03 5.042938232421875000e+00 0.000000000000000000e+00
7.242691894531250000e+03 5.566843986511230469e+00 0.000000000000000000e+00
7.244357910156250000e+03 5.465133190155029297e+00 0.000000000000000000e+00
7.246028320312500000e+03 5.362877368927001953e+00 0.000000000000000000e+00
7.247695312500000000e+03 5.067211627960205078e+00 0.000000000000000000e+00
7.249366699218750000e+03 5.194215297698974609e+00 0.000000000000000000e+00
7.251034179687500000e+03 5.089289188385009766e+00 0.000000000000000000e+00
7.252702636718750000e+03 4.284735679626464844e+00 0.000000000000000000e+00
7.254375000000000000e+03 4.954979419708251953e+00 0.000000000000000000e+00
7.256043945312500000e+03 5.957157135009765625e+00 0.000000000000000000e+00
7.257716796875000000e+03 5.906822204589843750e+00 0.000000000000000000e+00
7.259386718750000000e+03 5.671477317810058594e+00 0.000000000000000000e+00
7.261060546875000000e+03 5.588759899139404297e+00 0.000000000000000000e+00
7.262730957031250000e+03 5.047906875610351562e+00 0.000000000000000000e+00
7.264405761718750000e+03 4.253311634063720703e+00 0.000000000000000000e+00
7.266077148437500000e+03 4.988972663879394531e+00 0.000000000000000000e+00
7.267748535156250000e+03 5.005649566650390625e+00 0.000000000000000000e+00
7.269424316406250000e+03 5.292734622955322266e+00 0.000000000000000000e+00
7.271096679687500000e+03 5.640039920806884766e+00 0.000000000000000000e+00
7.272773437500000000e+03 5.165031433105468750e+00 0.000000000000000000e+00
7.274446289062500000e+03 5.589646339416503906e+00 0.000000000000000000e+00
7.276124023437500000e+03 5.263894081115722656e+00 0.000000000000000000e+00
7.277797851562500000e+03 5.384749412536621094e+00 0.000000000000000000e+00
7.279472167968750000e+03 5.536877155303955078e+00 0.000000000000000000e+00
7.281150878906250000e+03 5.148246765136718750e+00 0.000000000000000000e+00
7.282825683593750000e+03 4.351636886596679688e+00 0.000000000000000000e+00
7.284505371093750000e+03 3.678496837615966797e+00 0.000000000000000000e+00
7.286181152343750000e+03 3.594740629196166992e+00 0.000000000000000000e+00
7.287861328125000000e+03 4.861581325531005859e+00 0.000000000000000000e+00
7.289537597656250000e+03 5.010425567626953125e+00 0.000000000000000000e+00
7.291214843750000000e+03 4.502962112426757812e+00 0.000000000000000000e+00
7.292895996093750000e+03 5.225062847137451172e+00 0.000000000000000000e+00
7.294573730468750000e+03 5.012755870819091797e+00 0.000000000000000000e+00
7.296255859375000000e+03 4.913189888000488281e+00 0.000000000000000000e+00
7.297934082031250000e+03 5.367420196533203125e+00 0.000000000000000000e+00
7.299617187500000000e+03 5.516197204589843750e+00 0.000000000000000000e+00
7.301296386718750000e+03 5.231715202331542969e+00 0.000000000000000000e+00
7.302976074218750000e+03 5.017171859741210938e+00 0.000000000000000000e+00
7.304660156250000000e+03 4.733715057373046875e+00 0.000000000000000000e+00
7.306340820312500000e+03 4.895180225372314453e+00 0.000000000000000000e+00
7.308025390625000000e+03 3.319598674774169922e+00 0.000000000000000000e+00
7.309706542968750000e+03 1.763415455818176270e+00 0.000000000000000000e+00
7.311392089843750000e+03 1.453412890434265137e+00 0.000000000000000000e+00
7.313074218750000000e+03 2.221496105194091797e+00 0.000000000000000000e+00
7.314756347656250000e+03 4.081918239593505859e+00 0.000000000000000000e+00
7.316443359375000000e+03 3.827712535858154297e+00 0.000000000000000000e+00
7.318126464843750000e+03 4.908321857452392578e+00 0.000000000000000000e+00
7.319813964843750000e+03 4.811760425567626953e+00 0.000000000000000000e+00
7.321498046875000000e+03 4.213335037231445312e+00 0.000000000000000000e+00
7.323186035156250000e+03 5.574568748474121094e+00 0.000000000000000000e+00
7.324871093750000000e+03 5.120115280151367188e+00 0.000000000000000000e+00
7.326556152343750000e+03 4.996763706207275391e+00 0.000000000000000000e+00
7.328245605468750000e+03 5.243653774261474609e+00 0.000000000000000000e+00
7.329931152343750000e+03 5.724740505218505859e+00 0.000000000000000000e+00
7.331621582031250000e+03 5.735140800476074219e+00 0.000000000000000000e+00
7.333308105468750000e+03 5.053757667541503906e+00 0.000000000000000000e+00
7.334999511718750000e+03 5.337911605834960938e+00 0.000000000000000000e+00
7.336686523437500000e+03 5.648082256317138672e+00 0.000000000000000000e+00
7.338374511718750000e+03 5.737537384033203125e+00 0.000000000000000000e+00
7.340066894531250000e+03 5.354799270629882812e+00 0.000000000000000000e+00
7.341755371093750000e+03 5.000463008880615234e+00 0.000000000000000000e+00
7.343448242187500000e+03 5.218354225158691406e+00 0.000000000000000000e+00
7.345137695312500000e+03 5.167763233184814453e+00 0.000000000000000000e+00
7.346831542968750000e+03 4.858822822570800781e+00 0.000000000000000000e+00
7.348521484375000000e+03 4.696152210235595703e+00 0.000000000000000000e+00
7.350211914062500000e+03 5.170522689819335938e+00 0.000000000000000000e+00
7.351906738281250000e+03 5.424853324890136719e+00 0.000000000000000000e+00
7.353598144531250000e+03 4.891892910003662109e+00 0.000000000000000000e+00
7.355293945312500000e+03 5.553091526031494141e+00 0.000000000000000000e+00
7.356985839843750000e+03 5.296163082122802734e+00 0.000000000000000000e+00
7.358682617187500000e+03 5.217673301696777344e+00 0.000000000000000000e+00
7.360375488281250000e+03 5.169640064239501953e+00 0.000000000000000000e+00
7.362068847656250000e+03 5.293838024139404297e+00 0.000000000000000000e+00
7.363766601562500000e+03 5.684305667877197266e+00 0.000000000000000000e+00
7.365460449218750000e+03 5.082601547241210938e+00 0.000000000000000000e+00
7.367158691406250000e+03 5.753730297088623047e+00 0.000000000000000000e+00
7.368853515625000000e+03 5.442852020263671875e+00 0.000000000000000000e+00
7.370552734375000000e+03 5.089447021484375000e+00 0.000000000000000000e+00
7.372248535156250000e+03 5.233747959136962891e+00 0.000000000000000000e+00
7.373944335937500000e+03 5.283719062805175781e+00 0.000000000000000000e+00
7.375645019531250000e+03 5.726599693298339844e+00 0.000000000000000000e+00
7.377341796875000000e+03 5.686922550201416016e+00 0.000000000000000000e+00
7.379042968750000000e+03 5.794066905975341797e+00 0.000000000000000000e+00
7.380740234375000000e+03 5.726783275604248047e+00 0.000000000000000000e+00
7.382442382812500000e+03 5.408779621124267578e+00 0.000000000000000000e+00
7.384140625000000000e+03 5.450338363647460938e+00 0.000000000000000000e+00
7.385839355468750000e+03 6.006256580352783203e+00 0.000000000000000000e+00
7.387542480468750000e+03 4.976316452026367188e+00 0.000000000000000000e+00
7.389242187500000000e+03 4.835055351257324219e+00 0.000000000000000000e+00
7.390945800781250000e+03 5.311365127563476562e+00 0.000000000000000000e+00
7.392646484375000000e+03 5.827446937561035156e+00 0.000000000000000000e+00
7.394351074218750000e+03 6.236624240875244141e+00 0.000000000000000000e+00
7.396052246093750000e+03 5.678092002868652344e+00 0.000000000000000000e+00
7.397757324218750000e+03 5.623589992523193359e+00 0.000000000000000000e+00
7.399459472656250000e+03 6.034523487091064453e+00 0.000000000000000000e+00
7.401161621093750000e+03 6.066054344177246094e+00 0.000000000000000000e+00
7.402868164062500000e+03 5.786577224731445312e+00 0.000000000000000000e+00
7.404571289062500000e+03 5.807867050170898438e+00 0.000000000000000000e+00
7.406278808593750000e+03 5.691857337951660156e+00 0.000000000000000000e+00
7.407982421875000000e+03 5.458468437194824219e+00 0.000000000000000000e+00
7.409690917968750000e+03 5.487794876098632812e+00 0.000000000000000000e+00
7.411395507812500000e+03 5.519211292266845703e+00 0.000000000000000000e+00
7.413100585937500000e+03 5.473171234130859375e+00 0.000000000000000000e+00
7.414810058593750000e+03 5.555927753448486328e+00 0.000000000000000000e+00
7.416515625000000000e+03 5.723213195800781250e+00 0.000000000000000000e+00
7.418226074218750000e+03 6.165254592895507812e+00 0.000000000000000000e+00
7.419932617187500000e+03 5.933788776397705078e+00 0.000000000000000000e+00
7.421643554687500000e+03 5.804399490356445312e+00 0.000000000000000000e+00
7.423350585937500000e+03 5.859648227691650391e+00 0.000000000000000000e+00
7.425058593750000000e+03 5.531249523162841797e+00 0.000000000000000000e+00
7.426770507812500000e+03 5.601358890533447266e+00 0.000000000000000000e+00
7.428479492187500000e+03 5.464921951293945312e+00 0.000000000000000000e+00
7.430192382812500000e+03 5.507657051086425781e+00 0.000000000000000000e+00
7.431901367187500000e+03 5.710533142089843750e+00 0.000000000000000000e+00
7.433615234375000000e+03 5.709712505340576172e+00 0.000000000000000000e+00
7.435325683593750000e+03 5.526701927185058594e+00 0.000000000000000000e+00
7.437036132812500000e+03 6.001492977142333984e+00 0.000000000000000000e+00
7.438750976562500000e+03 6.249015808105468750e+00 0.000000000000000000e+00
7.440462402343750000e+03 5.942904949188232422e+00 0.000000000000000000e+00
7.442177734375000000e+03 5.745633602142333984e+00 0.000000000000000000e+00
7.443890136718750000e+03 5.860836029052734375e+00 0.000000000000000000e+00
7.445606445312500000e+03 5.943755626678466797e+00 0.000000000000000000e+00
7.447319335937500000e+03 6.034408092498779297e+00 0.000000000000000000e+00
7.449032714843750000e+03 5.705915451049804688e+00 0.000000000000000000e+00
7.450750488281250000e+03 5.452823162078857422e+00 0.000000000000000000e+00
7.452464355468750000e+03 5.696117401123046875e+00 0.000000000000000000e+00
7.454183105468750000e+03 6.040071487426757812e+00 0.000000000000000000e+00
7.455897949218750000e+03 5.819162845611572266e+00 0.000000000000000000e+00
7.457617187500000000e+03 5.475436210632324219e+00 0.000000000000000000e+00
7.459332519531250000e+03 5.743412017822265625e+00 0.000000000000000000e+00
7.461048828125000000e+03 5.979997158050537109e+00 0.000000000000000000e+00
7.462769042968750000e+03 5.877313137054443359e+00 0.000000000000000000e+00
7.464485839843750000e+03 5.912374496459960938e+00 0.000000000000000000e+00
7.466207031250000000e+03 6.201592445373535156e+00 0.000000000000000000e+00
7.467924804687500000e+03 5.394976139068603516e+00 0.000000000000000000e+00
7.469646972656250000e+03 5.463398456573486328e+00 0.000000000000000000e+00
7.471365234375000000e+03 5.655405521392822266e+00 0.000000000000000000e+00
7.473083984375000000e+03 5.476910591125488281e+00 0.000000000000000000e+00
7.474807617187500000e+03 5.361589431762695312e+00 0.000000000000000000e+00
7.476526855468750000e+03 5.647410869598388672e+00 0.000000000000000000e+00
7.478250976562500000e+03 5.365764617919921875e+00 0.000000000000000000e+00
7.479971191406250000e+03 5.347961902618408203e+00 0.000000000000000000e+00
7.481696289062500000e+03 5.289921283721923828e+00 0.000000000000000000e+00
7.483417480468750000e+03 4.774098873138427734e+00 0.000000000000000000e+00
7.485139160156250000e+03 4.281190872192382812e+00 0.000000000000000000e+00
7.486865234375000000e+03 4.493492126464843750e+00 0.000000000000000000e+00
7.488587402343750000e+03 4.766166687011718750e+00 0.000000000000000000e+00
7.490313964843750000e+03 5.521226882934570312e+00 0.000000000000000000e+00
7.492037109375000000e+03 5.541153430938720703e+00 0.000000000000000000e+00
7.493765136718750000e+03 4.963437557220458984e+00 0.000000000000000000e+00
7.495488769531250000e+03 4.874628067016601562e+00 0.000000000000000000e+00
7.497213378906250000e+03 5.642750263214111328e+00 0.000000000000000000e+00
7.498941894531250000e+03 5.589158058166503906e+00 0.000000000000000000e+00
7.500666992187500000e+03 5.277576446533203125e+00 0.000000000000000000e+00
7.502396972656250000e+03 5.254659652709960938e+00 0.000000000000000000e+00
7.504122558593750000e+03 4.862656593322753906e+00 0.000000000000000000e+00
7.505853027343750000e+03 4.624887466430664062e+00 0.000000000000000000e+00
7.507580078125000000e+03 5.366316318511962891e+00 0.000000000000000000e+00
7.509307128906250000e+03 5.206555366516113281e+00 0.000000000000000000e+00
7.511038574218750000e+03 5.220033168792724609e+00 0.000000000000000000e+00
7.512766601562500000e+03 5.317054271697998047e+00 0.000000000000000000e+00
7.514499023437500000e+03 5.219110012054443359e+00 0.000000000000000000e+00
7.516227539062500000e+03 4.934109210968017578e+00 0.000000000000000000e+00
7.517960937500000000e+03 4.894273281097412109e+00 0.000000000000000000e+00
7.519690429687500000e+03 5.488101005554199219e+00 0.000000000000000000e+00
7.521420410156250000e+03 4.871603012084960938e+00 0.000000000000000000e+00
7.523154785156250000e+03 3.200972080230712891e+00 0.000000000000000000e+00
7.524885253906250000e+03 3.030069589614868164e+00 0.000000000000000000e+00
7.526620605468750000e+03 4.540987968444824219e+00 0.000000000000000000e+00
7.528352050781250000e+03 5.232409477233886719e+00 0.000000000000000000e+00
7.530088378906250000e+03 4.587267398834228516e+00 0.000000000000000000e+00
7.531820312500000000e+03 5.571389198303222656e+00 0.000000000000000000e+00
7.533557128906250000e+03 5.478075504302978516e+00 0.000000000000000000e+00
7.535290527343750000e+03 5.099588871002197266e+00 0.000000000000000000e+00
7.537023925781250000e+03 5.171667098999023438e+00 0.000000000000000000e+00
7.538761718750000000e+03 5.044719219207763672e+00 0.000000000000000000e+00
7.540496093750000000e+03 5.254305362701416016e+00 0.000000000000000000e+00
7.542234863281250000e+03 5.270771980285644531e+00 0.000000000000000000e+00
7.543970214843750000e+03 5.145126342773437500e+00 0.000000000000000000e+00
7.545709472656250000e+03 4.712997436523437500e+00 0.000000000000000000e+00
7.547445312500000000e+03 4.553842067718505859e+00 0.000000000000000000e+00
7.549181640625000000e+03 5.220629215240478516e+00 0.000000000000000000e+00
7.550922851562500000e+03 5.196742534637451172e+00 0.000000000000000000e+00
7.552659667968750000e+03 4.518921852111816406e+00 0.000000000000000000e+00
7.554401367187500000e+03 4.744964599609375000e+00 0.000000000000000000e+00
7.556139160156250000e+03 4.839437961578369141e+00 0.000000000000000000e+00
7.557881835937500000e+03 4.301581382751464844e+00 0.000000000000000000e+00
7.559620117187500000e+03 4.205964088439941406e+00 0.000000000000000000e+00
7.561359375000000000e+03 4.811185836791992188e+00 0.000000000000000000e+00
7.563103027343750000e+03 4.585377693176269531e+00 0.000000000000000000e+00
7.564842773437500000e+03 4.492335319519042969e+00 0.000000000000000000e+00
7.566587402343750000e+03 4.914343357086181641e+00 0.000000000000000000e+00
7.568328125000000000e+03 5.347885608673095703e+00 0.000000000000000000e+00
7.570073242187500000e+03 5.010876178741455078e+00 0.000000000000000000e+00
7.571814941406250000e+03 3.963757276535034180e+00 0.000000000000000000e+00
7.573556640625000000e+03 4.179296493530273438e+00 0.000000000000000000e+00
7.575303222656250000e+03 4.865110397338867188e+00 0.000000000000000000e+00
7.577045898437500000e+03 4.756706237792968750e+00 0.000000000000000000e+00
7.578792968750000000e+03 4.389173984527587891e+00 0.000000000000000000e+00
7.580536621093750000e+03 4.830949306488037109e+00 0.000000000000000000e+00
7.582284667968750000e+03 4.428149223327636719e+00 0.000000000000000000e+00
7.584028808593750000e+03 4.456674098968505859e+00 0.000000000000000000e+00
7.585773437500000000e+03 4.596081256866455078e+00 0.000000000000000000e+00
7.587522949218750000e+03 4.468039512634277344e+00 0.000000000000000000e+00
7.589268554687500000e+03 4.659134387969970703e+00 0.000000000000000000e+00
7.591018554687500000e+03 5.357519626617431641e+00 0.000000000000000000e+00
7.592764648437500000e+03 4.416967391967773438e+00 0.000000000000000000e+00
7.594515625000000000e+03 4.519842147827148438e+00 0.000000000000000000e+00
7.596262695312500000e+03 4.857703685760498047e+00 0.000000000000000000e+00
7.598010253906250000e+03 4.598438739776611328e+00 0.000000000000000000e+00
7.599762207031250000e+03 4.458151340484619141e+00 0.000000000000000000e+00
7.601510742187500000e+03 5.147629261016845703e+00 0.000000000000000000e+00
7.603263671875000000e+03 4.713291645050048828e+00 0.000000000000000000e+00
7.605012695312500000e+03 4.754395008087158203e+00 0.000000000000000000e+00
7.606766113281250000e+03 4.517323493957519531e+00 0.000000000000000000e+00
7.608516113281250000e+03 4.552059173583984375e+00 0.000000000000000000e+00
7.610266601562500000e+03 4.749326705932617188e+00 0.000000000000000000e+00
7.612021484375000000e+03 4.329461574554443359e+00 0.000000000000000000e+00
7.613772460937500000e+03 4.446749210357666016e+00 0.000000000000000000e+00
7.615528320312500000e+03 4.898969173431396484e+00 0.000000000000000000e+00
7.617280273437500000e+03 4.746702194213867188e+00 0.000000000000000000e+00
7.619036621093750000e+03 4.440465927124023438e+00 0.000000000000000000e+00
7.620789550781250000e+03 4.550025939941406250e+00 0.000000000000000000e+00
7.622542480468750000e+03 4.842576980590820312e+00 0.000000000000000000e+00
7.624300292968750000e+03 4.605222225189208984e+00 0.000000000000000000e+00
7.626054199218750000e+03 4.199124336242675781e+00 0.000000000000000000e+00
7.627812988281250000e+03 4.329236030578613281e+00 0.000000000000000000e+00
7.629567871093750000e+03 4.633768081665039062e+00 0.000000000000000000e+00
7.631327148437500000e+03 4.535926818847656250e+00 0.000000000000000000e+00
7.633082519531250000e+03 4.172712802886962891e+00 0.000000000000000000e+00
7.634838867187500000e+03 4.473716735839843750e+00 0.000000000000000000e+00
7.636599121093750000e+03 4.389233112335205078e+00 0.000000000000000000e+00
7.638355957031250000e+03 4.420433521270751953e+00 0.000000000000000000e+00
7.640117187500000000e+03 4.708006381988525391e+00 0.000000000000000000e+00
7.641875000000000000e+03 4.772538185119628906e+00 0.000000000000000000e+00
7.643637207031250000e+03 4.363148212432861328e+00 0.000000000000000000e+00
7.645395507812500000e+03 4.468773365020751953e+00 0.000000000000000000e+00
7.647154296875000000e+03 4.568159103393554688e+00 0.000000000000000000e+00
7.648917968750000000e+03 4.147903442382812500e+00 0.000000000000000000e+00
7.650677246093750000e+03 4.212966918945312500e+00 0.000000000000000000e+00
7.652441894531250000e+03 4.851634025573730469e+00 0.000000000000000000e+00
7.654202148437500000e+03 4.945494174957275391e+00 0.000000000000000000e+00
7.655967285156250000e+03 4.682635784149169922e+00 0.000000000000000000e+00
7.657728515625000000e+03 4.471150398254394531e+00 0.000000000000000000e+00
7.659490234375000000e+03 4.846667766571044922e+00 0.000000000000000000e+00
7.661256347656250000e+03 4.656695365905761719e+00 0.000000000000000000e+00
7.663018554687500000e+03 4.013164997100830078e+00 0.000000000000000000e+00
7.664785644531250000e+03 4.233698844909667969e+00 0.000000000000000000e+00
7.666549316406250000e+03 4.257994174957275391e+00 0.000000000000000000e+00
7.668316894531250000e+03 4.200428485870361328e+00 0.000000000000000000e+00
7.670081054687500000e+03 4.500440597534179688e+00 0.000000000000000000e+00
7.671849609375000000e+03 4.517189025878906250e+00 0.000000000000000000e+00
7.673614746093750000e+03 4.119343280792236328e+00 0.000000000000000000e+00
7.675379882812500000e+03 4.029576301574707031e+00 0.000000000000000000e+00
7.677149902343750000e+03 4.215057373046875000e+00 0.000000000000000000e+00
7.678916015625000000e+03 4.044113159179687500e+00 0.000000000000000000e+00
7.680687011718750000e+03 4.521875381469726562e+00 0.000000000000000000e+00
7.682453613281250000e+03 4.569712638854980469e+00 0.000000000000000000e+00
7.684225097656250000e+03 3.978823423385620117e+00 0.000000000000000000e+00
7.685993164062500000e+03 4.083308696746826172e+00 0.000000000000000000e+00
7.687761230468750000e+03 4.517750263214111328e+00 0.000000000000000000e+00
7.689534179687500000e+03 4.345677852630615234e+00 0.000000000000000000e+00
7.691302734375000000e+03 4.064699649810791016e+00 0.000000000000000000e+00
7.693076660156250000e+03 4.047361850738525391e+00 0.000000000000000000e+00
7.694846191406250000e+03 4.146984100341796875e+00 0.000000000000000000e+00
7.696620605468750000e+03 4.113436222076416016e+00 0.000000000000000000e+00
7.698391113281250000e+03 4.348546504974365234e+00 0.000000000000000000e+00
7.700162109375000000e+03 4.898198604583740234e+00 0.000000000000000000e+00
7.701937988281250000e+03 4.491982460021972656e+00 0.000000000000000000e+00
7.703709960937500000e+03 4.366086483001708984e+00 0.000000000000000000e+00
7.705486328125000000e+03 4.622372150421142578e+00 0.000000000000000000e+00
7.707258789062500000e+03 4.154050827026367188e+00 0.000000000000000000e+00
7.709036132812500000e+03 4.844206333160400391e+00 0.000000000000000000e+00
7.710809570312500000e+03 4.057759761810302734e+00 0.000000000000000000e+00
7.712583496093750000e+03 4.255341053009033203e+00 0.000000000000000000e+00
7.714361816406250000e+03 4.486295700073242188e+00 0.000000000000000000e+00
7.716136718750000000e+03 4.098593711853027344e+00 0.000000000000000000e+00
7.717916015625000000e+03 4.358001708984375000e+00 0.000000000000000000e+00
7.719691406250000000e+03 4.644684791564941406e+00 0.000000000000000000e+00
7.721471679687500000e+03 4.057850360870361328e+00 0.000000000000000000e+00
7.723248046875000000e+03 3.716087818145751953e+00 0.000000000000000000e+00
7.725024902343750000e+03 4.085998535156250000e+00 0.000000000000000000e+00
7.726806152343750000e+03 4.692733764648437500e+00 0.000000000000000000e+00
7.728583496093750000e+03 4.703152179718017578e+00 0.000000000000000000e+00
7.730365722656250000e+03 4.024951934814453125e+00 0.000000000000000000e+00
7.732144042968750000e+03 4.101766586303710938e+00 0.000000000000000000e+00
7.733927246093750000e+03 4.607611179351806641e+00 0.000000000000000000e+00
7.735706542968750000e+03 4.536552429199218750e+00 0.000000000000000000e+00
7.737485839843750000e+03 4.019279479980468750e+00 0.000000000000000000e+00
7.739270019531250000e+03 4.001801013946533203e+00 0.000000000000000000e+00
7.741050781250000000e+03 3.892589807510375977e+00 0.000000000000000000e+00
7.742835449218750000e+03 4.015164375305175781e+00 0.000000000000000000e+00
7.744616699218750000e+03 4.229580879211425781e+00 0.000000000000000000e+00
7.746402832031250000e+03 4.318239688873291016e+00 0.000000000000000000e+00
7.748185058593750000e+03 4.184959888458251953e+00 0.000000000000000000e+00
7.749967285156250000e+03 4.153527736663818359e+00 0.000000000000000000e+00
7.751754394531250000e+03 5.078699588775634766e+00 0.000000000000000000e+00
7.753537597656250000e+03 6.031952381134033203e+00 0.000000000000000000e+00
7.755325683593750000e+03 5.323134422302246094e+00 0.000000000000000000e+00
7.757109863281250000e+03 4.188394546508789062e+00 0.000000000000000000e+00
7.758898437500000000e+03 4.400172710418701172e+00 0.000000000000000000e+00
7.760683593750000000e+03 5.611002922058105469e+00 0.000000000000000000e+00
7.762468750000000000e+03 4.953374385833740234e+00 0.000000000000000000e+00
7.764258789062500000e+03 3.831393718719482422e+00 0.000000000000000000e+00
7.766044921875000000e+03 3.947015762329101562e+00 0.000000000000000000e+00
7.767835937500000000e+03 4.203668594360351562e+00 0.000000000000000000e+00
7.769622558593750000e+03 4.067455768585205078e+00 0.000000000000000000e+00
7.771414550781250000e+03 4.254569053649902344e+00 0.000000000000000000e+00
7.773202148437500000e+03 3.638034105300903320e+00 0.000000000000000000e+00
7.774990234375000000e+03 4.266875267028808594e+00 0.000000000000000000e+00
7.776783203125000000e+03 4.148657321929931641e+00 0.000000000000000000e+00
7.778572265625000000e+03 3.994147300720214844e+00 0.000000000000000000e+00
7.780366210937500000e+03 4.207118034362792969e+00 0.000000000000000000e+00
7.782155761718750000e+03 3.865504980087280273e+00 0.000000000000000000e+00
7.783950683593750000e+03 4.304209232330322266e+00 0.000000000000000000e+00
7.785741210937500000e+03 4.217634677886962891e+00 0.000000000000000000e+00
7.787532226562500000e+03 4.002439022064208984e+00 0.000000000000000000e+00
7.789328125000000000e+03 3.928393840789794922e+00 0.000000000000000000e+00
7.791120117187500000e+03 3.995478391647338867e+00 0.000000000000000000e+00
7.792916503906250000e+03 3.918730974197387695e+00 0.000000000000000000e+00
7.794709472656250000e+03 3.293034553527832031e+00 0.000000000000000000e+00
7.796506835937500000e+03 5.094677448272705078e+00 0.000000000000000000e+00
7.798300292968750000e+03 4.530802249908447266e+00 0.000000000000000000e+00
7.800094238281250000e+03 3.786275625228881836e+00 0.000000000000000000e+00
7.801893066406250000e+03 4.448336601257324219e+00 0.000000000000000000e+00
7.803687988281250000e+03 4.125909328460693359e+00 0.000000000000000000e+00
7.805487304687500000e+03 4.310680389404296875e+00 0.000000000000000000e+00
7.807283203125000000e+03 4.180480957031250000e+00 0.000000000000000000e+00
7.809083496093750000e+03 4.246271610260009766e+00 0.000000000000000000e+00
7.810879882812500000e+03 4.617448806762695312e+00 0.000000000000000000e+00
7.812681152343750000e+03 4.845506191253662109e+00 0.000000000000000000e+00
7.814478515625000000e+03 4.605407238006591797e+00 0.000000000000000000e+00
7.816275878906250000e+03 4.478838920593261719e+00 0.000000000000000000e+00
7.818078613281250000e+03 3.999137639999389648e+00 0.000000000000000000e+00
7.819876953125000000e+03 4.028280258178710938e+00 0.000000000000000000e+00
7.821680175781250000e+03 4.573551177978515625e+00 0.000000000000000000e+00
7.823479492187500000e+03 5.000048637390136719e+00 0.000000000000000000e+00
7.825283691406250000e+03 4.721081256866455078e+00 0.000000000000000000e+00
7.827083984375000000e+03 3.908153533935546875e+00 0.000000000000000000e+00
7.828884277343750000e+03 4.180284500122070312e+00 0.000000000000000000e+00
7.830689941406250000e+03 4.422163009643554688e+00 0.000000000000000000e+00
7.832491210937500000e+03 4.280179977416992188e+00 0.000000000000000000e+00
7.834297363281250000e+03 4.003819942474365234e+00 0.000000000000000000e+00
7.836099609375000000e+03 3.891409158706665039e+00 0.000000000000000000e+00
7.837906738281250000e+03 4.270738124847412109e+00 0.000000000000000000e+00
7.839709960937500000e+03 3.817160844802856445e+00 0.000000000000000000e+00
7.841513183593750000e+03 3.993474483489990234e+00 0.000000000000000000e+00
7.843321289062500000e+03 4.174737453460693359e+00 0.000000000000000000e+00
7.845125976562500000e+03 4.218873023986816406e+00 0.000000000000000000e+00
7.846935058593750000e+03 4.814141273498535156e+00 0.000000000000000000e+00
7.848740234375000000e+03 3.721888780593872070e+00 0.000000000000000000e+00
7.850549804687500000e+03 3.857465744018554688e+00 0.000000000000000000e+00
7.852355957031250000e+03 3.685837268829345703e+00 0.000000000000000000e+00
7.854162597656250000e+03 4.265163898468017578e+00 0.000000000000000000e+00
7.855973632812500000e+03 5.533607482910156250e+00 0.000000000000000000e+00
7.857780761718750000e+03 4.961592197418212891e+00 0.000000000000000000e+00
7.859592773437500000e+03 3.454199790954589844e+00 0.000000000000000000e+00
7.861400878906250000e+03 3.968379020690917969e+00 0.000000000000000000e+00
7.863213867187500000e+03 4.441203117370605469e+00 0.000000000000000000e+00
7.865022460937500000e+03 4.649109840393066406e+00 0.000000000000000000e+00
7.866832031250000000e+03 4.673991680145263672e+00 0.000000000000000000e+00
7.868645996093750000e+03 3.990482330322265625e+00 0.000000000000000000e+00
7.870456054687500000e+03 4.053840160369873047e+00 0.000000000000000000e+00
7.872270996093750000e+03 4.302484035491943359e+00 0.000000000000000000e+00
7.874082031250000000e+03 4.576738834381103516e+00 0.000000000000000000e+00
7.875897949218750000e+03 4.275703907012939453e+00 0.000000000000000000e+00
7.877709960937500000e+03 3.925529956817626953e+00 0.000000000000000000e+00
7.879521972656250000e+03 4.583461761474609375e+00 0.000000000000000000e+00
7.881338867187500000e+03 4.247638702392578125e+00 0.000000000000000000e+00
7.883151855468750000e+03 3.800778627395629883e+00 0.000000000000000000e+00
7.884969726562500000e+03 4.324061393737792969e+00 0.000000000000000000e+00
7.886783691406250000e+03 4.508618831634521484e+00 0.000000000000000000e+00
7.888602539062500000e+03 3.865361452102661133e+00 0.000000000000000000e+00
7.890417480468750000e+03 3.856930494308471680e+00 0.000000000000000000e+00
7.892232421875000000e+03 4.360078811645507812e+00 0.000000000000000000e+00
7.894052246093750000e+03 4.460219383239746094e+00 0.000000000000000000e+00
7.895868652343750000e+03 3.944317102432250977e+00 0.000000000000000000e+00
7.897688964843750000e+03 3.663952350616455078e+00 0.000000000000000000e+00
7.899505859375000000e+03 3.879159927368164062e+00 0.000000000000000000e+00
7.901327636718750000e+03 3.746642112731933594e+00 0.000000000000000000e+00
7.903145507812500000e+03 3.212934017181396484e+00 0.000000000000000000e+00
7.904963378906250000e+03 3.893051147460937500e+00 0.000000000000000000e+00
7.906786132812500000e+03 4.035397529602050781e+00 0.000000000000000000e+00
7.908605468750000000e+03 4.036408901214599609e+00 0.000000000000000000e+00
7.910429199218750000e+03 4.271167278289794922e+00 0.000000000000000000e+00
7.912248535156250000e+03 3.701494693756103516e+00 0.000000000000000000e+00
7.914073242187500000e+03 2.832814455032348633e+00 0.000000000000000000e+00
7.915894042968750000e+03 3.727189779281616211e+00 0.000000000000000000e+00
7.917714843750000000e+03 4.344065666198730469e+00 0.000000000000000000e+00
7.919540527343750000e+03 4.002573490142822266e+00 0.000000000000000000e+00
7.921362792968750000e+03 3.609669685363769531e+00 0.000000000000000000e+00
7.923189453125000000e+03 4.023104190826416016e+00 0.000000000000000000e+00
7.925012207031250000e+03 4.351333141326904297e+00 0.000000000000000000e+00
7.926839355468750000e+03 3.968671083450317383e+00 0.000000000000000000e+00
7.928663085937500000e+03 4.160753250122070312e+00 0.000000000000000000e+00
7.930486816406250000e+03 3.604826927185058594e+00 0.000000000000000000e+00
7.932315917968750000e+03 2.450275897979736328e+00 0.000000000000000000e+00
7.934140625000000000e+03 2.819181203842163086e+00 0.000000000000000000e+00
7.935970214843750000e+03 2.116994380950927734e+00 0.000000000000000000e+00
7.937795898437500000e+03 2.180656671524047852e+00 0.000000000000000000e+00
7.939626464843750000e+03 3.043501853942871094e+00 0.000000000000000000e+00
7.941452636718750000e+03 3.739138126373291016e+00 0.000000000000000000e+00
7.943284179687500000e+03 3.652934789657592773e+00 0.000000000000000000e+00
7.945111328125000000e+03 3.093463182449340820e+00 0.000000000000000000e+00
7.946938964843750000e+03 2.818388938903808594e+00 0.000000000000000000e+00
7.948771972656250000e+03 2.912914514541625977e+00 0.000000000000000000e+00
7.950600585937500000e+03 3.790133476257324219e+00 0.000000000000000000e+00
7.952433593750000000e+03 4.554360389709472656e+00 0.000000000000000000e+00
7.954263183593750000e+03 4.432706356048583984e+00 0.000000000000000000e+00
7.956097656250000000e+03 3.995049953460693359e+00 0.000000000000000000e+00
7.957927734375000000e+03 4.293962001800537109e+00 0.000000000000000000e+00
7.959758300781250000e+03 3.677383422851562500e+00 0.000000000000000000e+00
7.961593750000000000e+03 3.676661491394042969e+00 0.000000000000000000e+00
7.963425292968750000e+03 3.973690509796142578e+00 0.000000000000000000e+00
7.965261718750000000e+03 3.865252017974853516e+00 0.000000000000000000e+00
7.967094238281250000e+03 3.642766714096069336e+00 0.000000000000000000e+00
7.968931640625000000e+03 3.099996566772460938e+00 0.000000000000000000e+00
7.970764648437500000e+03 3.192842245101928711e+00 0.000000000000000000e+00
7.972598144531250000e+03 3.721282958984375000e+00 0.000000000000000000e+00
7.974437011718750000e+03 3.249942779541015625e+00 0.000000000000000000e+00
7.976271484375000000e+03 1.682875752449035645e+00 0.000000000000000000e+00
7.978110839843750000e+03 1.010924100875854492e+00 0.000000000000000000e+00
7.979945800781250000e+03 1.993462443351745605e+00 0.000000000000000000e+00
7.981786132812500000e+03 3.055251598358154297e+00 0.000000000000000000e+00
7.983622558593750000e+03 3.211025476455688477e+00 0.000000000000000000e+00
7.985458984375000000e+03 2.962977170944213867e+00 0.000000000000000000e+00
7.987300292968750000e+03 3.169479370117187500e+00 0.000000000000000000e+00
7.989137695312500000e+03 3.962995290756225586e+00 0.000000000000000000e+00
7.990979980468750000e+03 4.386301040649414062e+00 0.000000000000000000e+00
7.992818359375000000e+03 3.356825590133666992e+00 0.000000000000000000e+00
7.994661621093750000e+03 3.700234174728393555e+00 0.000000000000000000e+00
7.996500488281250000e+03 4.567455768585205078e+00 0.000000000000000000e+00
7.998340332031250000e+03 4.391849517822265625e+00 0.000000000000000000e+00
8.000184570312500000e+03 3.944178581237792969e+00 0.000000000000000000e+00
8.002024902343750000e+03 4.248235702514648438e+00 0.000000000000000000e+00
8.003870605468750000e+03 4.138164043426513672e+00 0.000000000000000000e+00
8.005711425781250000e+03 4.252814769744873047e+00 0.000000000000000000e+00
8.007557617187500000e+03 4.139040470123291016e+00 0.000000000000000000e+00
8.009399902343750000e+03 3.882655620574951172e+00 0.000000000000000000e+00
8.011242675781250000e+03 4.249206066131591797e+00 0.000000000000000000e+00
8.013089843750000000e+03 3.263381719589233398e+00 0.000000000000000000e+00
8.014933105468750000e+03 3.588567972183227539e+00 0.000000000000000000e+00
8.016781250000000000e+03 4.471874237060546875e+00 0.000000000000000000e+00
8.018625488281250000e+03 4.755258560180664062e+00 0.000000000000000000e+00
8.020474609375000000e+03 4.423550605773925781e+00 0.000000000000000000e+00
8.022319824218750000e+03 4.292149543762207031e+00 0.000000000000000000e+00
8.024165527343750000e+03 4.290240764617919922e+00 0.000000000000000000e+00
8.026015625000000000e+03 5.064531326293945312e+00 0.000000000000000000e+00
8.027862304687500000e+03 4.199444770812988281e+00 0.000000000000000000e+00
8.029713378906250000e+03 3.482514381408691406e+00 0.000000000000000000e+00
8.031560546875000000e+03 4.192536830902099609e+00 0.000000000000000000e+00
8.033412597656250000e+03 4.280386924743652344e+00 0.000000000000000000e+00
8.035260742187500000e+03 4.182097911834716797e+00 0.000000000000000000e+00
8.037109375000000000e+03 3.942309617996215820e+00 0.000000000000000000e+00
8.038962402343750000e+03 4.109831809997558594e+00 0.000000000000000000e+00
8.040812011718750000e+03 4.405653953552246094e+00 0.000000000000000000e+00
8.042666015625000000e+03 4.357834815979003906e+00 0.000000000000000000e+00
8.044516113281250000e+03 4.086318969726562500e+00 0.000000000000000000e+00
8.046371093750000000e+03 4.108260154724121094e+00 0.000000000000000000e+00
8.048222167968750000e+03 3.801987648010253906e+00 0.000000000000000000e+00
8.050073730468750000e+03 3.910782814025878906e+00 0.000000000000000000e+00
8.051930175781250000e+03 4.233666896820068359e+00 0.000000000000000000e+00
8.053782714843750000e+03 4.204391956329345703e+00 0.000000000000000000e+00
8.055639648437500000e+03 3.953706026077270508e+00 0.000000000000000000e+00
8.057492675781250000e+03 4.275826930999755859e+00 0.000000000000000000e+00
8.059351074218750000e+03 4.663576602935791016e+00 0.000000000000000000e+00
8.061205078125000000e+03 3.804485321044921875e+00 0.000000000000000000e+00
8.063059570312500000e+03 3.558357477188110352e+00 0.000000000000000000e+00
8.064918945312500000e+03 4.470457077026367188e+00 0.000000000000000000e+00
8.066773925781250000e+03 4.221143245697021484e+00 0.000000000000000000e+00
8.068634277343750000e+03 4.454530715942382812e+00 0.000000000000000000e+00
8.070490234375000000e+03 4.368364810943603516e+00 0.000000000000000000e+00
8.072351562500000000e+03 4.190005779266357422e+00 0.000000000000000000e+00
8.074208496093750000e+03 4.127364158630371094e+00 0.000000000000000000e+00
8.076065917968750000e+03 4.127329826354980469e+00 0.000000000000000000e+00
8.077928222656250000e+03 4.146479129791259766e+00 0.000000000000000000e+00
8.079786621093750000e+03 4.396900177001953125e+00 0.000000000000000000e+00
8.081649902343750000e+03 4.201808452606201172e+00 0.000000000000000000e+00
8.083508789062500000e+03 4.148619651794433594e+00 0.000000000000000000e+00
8.085373046875000000e+03 4.184714317321777344e+00 0.000000000000000000e+00
8.087232910156250000e+03 3.839055061340332031e+00 0.000000000000000000e+00
8.089098144531250000e+03 3.025115013122558594e+00 0.000000000000000000e+00
8.090958984375000000e+03 2.353495836257934570e+00 0.000000000000000000e+00
8.092820312500000000e+03 1.868517160415649414e+00 0.000000000000000000e+00
8.094686523437500000e+03 2.884557962417602539e+00 0.000000000000000000e+00
8.096548339843750000e+03 3.953818559646606445e+00 0.000000000000000000e+00
8.098415527343750000e+03 3.861579656600952148e+00 0.000000000000000000e+00
8.100278808593750000e+03 3.765941619873046875e+00 0.000000000000000000e+00
8.102146484375000000e+03 3.951851367950439453e+00 0.000000000000000000e+00
8.104010253906250000e+03 4.440493583679199219e+00 0.000000000000000000e+00
8.105874511718750000e+03 4.321120738983154297e+00 0.000000000000000000e+00
8.107744140625000000e+03 4.064562320709228516e+00 0.000000000000000000e+00
8.109608886718750000e+03 3.803592443466186523e+00 0.000000000000000000e+00
8.111479003906250000e+03 2.682865142822265625e+00 0.000000000000000000e+00
8.113345214843750000e+03 2.087570667266845703e+00 0.000000000000000000e+00
8.115216308593750000e+03 2.831611394882202148e+00 0.000000000000000000e+00
8.117083007812500000e+03 4.259121417999267578e+00 0.000000000000000000e+00
8.118950195312500000e+03 4.660841464996337891e+00 0.000000000000000000e+00
8.120822753906250000e+03 4.054110050201416016e+00 0.000000000000000000e+00
8.122690917968750000e+03 4.362650394439697266e+00 0.000000000000000000e+00
8.124563964843750000e+03 4.308935165405273438e+00 0.000000000000000000e+00
8.126432617187500000e+03 4.461185932159423828e+00 0.000000000000000000e+00
8.128306640625000000e+03 4.006260395050048828e+00 0.000000000000000000e+00
8.130176757812500000e+03 4.107376098632812500e+00 0.000000000000000000e+00
8.132046875000000000e+03 4.715942859649658203e+00 0.000000000000000000e+00
8.133922363281250000e+03 3.782074451446533203e+00 0.000000000000000000e+00
8.135793457031250000e+03 3.864122867584228516e+00 0.000000000000000000e+00
8.137669433593750000e+03 3.889497756958007812e+00 0.000000000000000000e+00
8.139541503906250000e+03 4.542260169982910156e+00 0.000000000000000000e+00
8.141418457031250000e+03 4.687915802001953125e+00 0.000000000000000000e+00
8.143291503906250000e+03 3.956690788269042969e+00 0.000000000000000000e+00
8.145165039062500000e+03 4.095981597900390625e+00 0.000000000000000000e+00
8.147042968750000000e+03 4.145232677459716797e+00 0.000000000000000000e+00
8.148917480468750000e+03 3.896410703659057617e+00 0.000000000000000000e+00
8.150796386718750000e+03 4.007486820220947266e+00 0.000000000000000000e+00
8.152671386718750000e+03 4.381494045257568359e+00 0.000000000000000000e+00
8.154551269531250000e+03 4.413272380828857422e+00 0.000000000000000000e+00
8.156427246093750000e+03 3.920532226562500000e+00 0.000000000000000000e+00
8.158303710937500000e+03 3.928063631057739258e+00 0.000000000000000000e+00
8.160185058593750000e+03 4.708179473876953125e+00 0.000000000000000000e+00
8.162062500000000000e+03 3.963273763656616211e+00 0.000000000000000000e+00
8.163944335937500000e+03 3.581330299377441406e+00 0.000000000000000000e+00
8.165822753906250000e+03 4.454446315765380859e+00 0.000000000000000000e+00
8.167705566406250000e+03 3.775943756103515625e+00 0.000000000000000000e+00
8.169584472656250000e+03 3.817539930343627930e+00 0.000000000000000000e+00
8.171463867187500000e+03 4.244046211242675781e+00 0.000000000000000000e+00
8.173348144531250000e+03 4.073778152465820312e+00 0.000000000000000000e+00
8.175228515625000000e+03 3.886322736740112305e+00 0.000000000000000000e+00
8.177113769531250000e+03 4.090435028076171875e+00 0.000000000000000000e+00
8.178995117187500000e+03 3.886909723281860352e+00 0.000000000000000000e+00
8.180880859375000000e+03 3.684937715530395508e+00 0.000000000000000000e+00
8.182763183593750000e+03 3.354091644287109375e+00 0.000000000000000000e+00
8.184645507812500000e+03 3.621462345123291016e+00 0.000000000000000000e+00
8.186532714843750000e+03 4.105082988739013672e+00 0.000000000000000000e+00
8.188416015625000000e+03 4.153573513031005859e+00 0.000000000000000000e+00
8.190304199218750000e+03 4.072792530059814453e+00 0.000000000000000000e+00
8.192188476562500000e+03 4.650219440460205078e+00 0.000000000000000000e+00
8.194077148437500000e+03 4.338654994964599609e+00 0.000000000000000000e+00
8.195962890625000000e+03 3.804408788681030273e+00 0.000000000000000000e+00
8.197847656250000000e+03 3.878211975097656250e+00 0.000000000000000000e+00
8.199738281250000000e+03 4.244794368743896484e+00 0.000000000000000000e+00
8.201625000000000000e+03 3.957500696182250977e+00 0.000000000000000000e+00
8.203515625000000000e+03 4.046136856079101562e+00 0.000000000000000000e+00
8.205403320312500000e+03 3.750656604766845703e+00 0.000000000000000000e+00
8.207295898437500000e+03 3.849877357482910156e+00 0.000000000000000000e+00
8.209183593750000000e+03 4.160282135009765625e+00 0.000000000000000000e+00
8.211072265625000000e+03 4.017726898193359375e+00 0.000000000000000000e+00
8.212965820312500000e+03 3.526708364486694336e+00 0.000000000000000000e+00
8.214854492187500000e+03 3.590639352798461914e+00 0.000000000000000000e+00
8.216749023437500000e+03 3.834244012832641602e+00 0.000000000000000000e+00
8.218639648437500000e+03 4.090425491333007812e+00 0.000000000000000000e+00
8.220534179687500000e+03 4.183704376220703125e+00 0.000000000000000000e+00
8.222425781250000000e+03 4.109157562255859375e+00 0.000000000000000000e+00
8.224317382812500000e+03 4.091139316558837891e+00 0.000000000000000000e+00
8.226213867187500000e+03 3.962242603302001953e+00 0.000000000000000000e+00
8.228106445312500000e+03 3.476652383804321289e+00 0.000000000000000000e+00
8.230003906250000000e+03 3.526705026626586914e+00 0.000000000000000000e+00
8.231896484375000000e+03 4.105959892272949219e+00 0.000000000000000000e+00
8.233794921875000000e+03 4.219278812408447266e+00 0.000000000000000000e+00
8.235689453125000000e+03 3.444111585617065430e+00 0.000000000000000000e+00
8.237588867187500000e+03 4.181426525115966797e+00 0.000000000000000000e+00
8.239483398437500000e+03 4.087938308715820312e+00 0.000000000000000000e+00
8.241378906250000000e+03 3.845992088317871094e+00 0.000000000000000000e+00
8.243279296875000000e+03 3.655410051345825195e+00 0.000000000000000000e+00
8.245175781250000000e+03 3.472605943679809570e+00 0.000000000000000000e+00
8.247077148437500000e+03 3.681683063507080078e+00 0.000000000000000000e+00
8.248974609375000000e+03 3.347786664962768555e+00 0.000000000000000000e+00
8.250876953125000000e+03 3.580770492553710938e+00 0.000000000000000000e+00
8.252774414062500000e+03 3.672767162322998047e+00 0.000000000000000000e+00
8.254672851562500000e+03 3.763885498046875000e+00 0.000000000000000000e+00
8.256577148437500000e+03 4.086688518524169922e+00 0.000000000000000000e+00
8.258476562500000000e+03 4.035684585571289062e+00 0.000000000000000000e+00
8.260380859375000000e+03 3.926386356353759766e+00 0.000000000000000000e+00
8.262281250000000000e+03 4.173514366149902344e+00 0.000000000000000000e+00
8.264186523437500000e+03 3.899178028106689453e+00 0.000000000000000000e+00
8.266086914062500000e+03 3.725243806838989258e+00 0.000000000000000000e+00
8.267989257812500000e+03 4.012527465820312500e+00 0.000000000000000000e+00
8.269895507812500000e+03 3.797297239303588867e+00 0.000000000000000000e+00
8.271797851562500000e+03 4.293233394622802734e+00 0.000000000000000000e+00
8.273705078125000000e+03 3.773570775985717773e+00 0.000000000000000000e+00
8.275608398437500000e+03 3.271645307540893555e+00 0.000000000000000000e+00
8.277516601562500000e+03 3.267357826232910156e+00 0.000000000000000000e+00
8.279420898437500000e+03 3.567805051803588867e+00 0.000000000000000000e+00
8.281326171875000000e+03 3.769023656845092773e+00 0.000000000000000000e+00
8.283235351562500000e+03 2.682966709136962891e+00 0.000000000000000000e+00
8.285141601562500000e+03 4.788504123687744141e+00 0.000000000000000000e+00
8.287051757812500000e+03 4.562574863433837891e+00 0.000000000000000000e+00
8.288958007812500000e+03 3.284754276275634766e+00 0.000000000000000000e+00
8.290869140625000000e+03 3.868746995925903320e+00 0.000000000000000000e+00
8.292777343750000000e+03 3.753208160400390625e+00 0.000000000000000000e+00
8.294684570312500000e+03 3.633204221725463867e+00 0.000000000000000000e+00
8.296597656250000000e+03 4.179560184478759766e+00 0.000000000000000000e+00
8.298505859375000000e+03 3.540998697280883789e+00 0.000000000000000000e+00
8.300419921875000000e+03 3.372574567794799805e+00 0.000000000000000000e+00
8.302329101562500000e+03 4.317930221557617188e+00 0.000000000000000000e+00
8.304243164062500000e+03 3.424399375915527344e+00 0.000000000000000000e+00
8.306154296875000000e+03 3.790760755538940430e+00 0.000000000000000000e+00
8.308064453125000000e+03 4.035465240478515625e+00 0.000000000000000000e+00
8.309980468750000000e+03 3.789561748504638672e+00 0.000000000000000000e+00
8.311892578125000000e+03 3.819045782089233398e+00 0.000000000000000000e+00
8.313808593750000000e+03 4.286928653717041016e+00 0.000000000000000000e+00
8.315721679687500000e+03 4.119687080383300781e+00 0.000000000000000000e+00
8.317639648437500000e+03 3.604952096939086914e+00 0.000000000000000000e+00
8.319552734375000000e+03 3.354585170745849609e+00 0.000000000000000000e+00
8.321466796875000000e+03 3.705929994583129883e+00 0.000000000000000000e+00
8.323385742187500000e+03 3.909275531768798828e+00 0.000000000000000000e+00
8.325299804687500000e+03 3.750919342041015625e+00 0.000000000000000000e+00
8.327219726562500000e+03 4.160153865814208984e+00 0.000000000000000000e+00
8.329135742187500000e+03 3.932725429534912109e+00 0.000000000000000000e+00
8.331056640625000000e+03 3.755177497863769531e+00 0.000000000000000000e+00
8.332972656250000000e+03 3.824868440628051758e+00 0.000000000000000000e+00
8.334889648437500000e+03 3.893796682357788086e+00 0.000000000000000000e+00
8.336811523437500000e+03 3.658582925796508789e+00 0.000000000000000000e+00
8.338729492187500000e+03 3.303610324859619141e+00 0.000000000000000000e+00
8.340652343750000000e+03 4.012160778045654297e+00 0.000000000000000000e+00
8.342571289062500000e+03 5.339137077331542969e+00 0.000000000000000000e+00
8.344495117187500000e+03 4.652908802032470703e+00 0.000000000000000000e+00
8.346415039062500000e+03 4.007427215576171875e+00 0.000000000000000000e+00
8.348334960937500000e+03 4.500699043273925781e+00 0.000000000000000000e+00
8.350259765625000000e+03 2.984944343566894531e+00 0.000000000000000000e+00
8.352180664062500000e+03 4.010449886322021484e+00 0.000000000000000000e+00
8.354107421875000000e+03 4.503260135650634766e+00 0.000000000000000000e+00
8.356029296875000000e+03 3.689799785614013672e+00 0.000000000000000000e+00
8.357956054687500000e+03 3.219668388366699219e+00 0.000000000000000000e+00
8.359878906250000000e+03 3.800469636917114258e+00 0.000000000000000000e+00
8.361801757812500000e+03 3.665240526199340820e+00 0.000000000000000000e+00
8.363729492187500000e+03 3.152524232864379883e+00 0.000000000000000000e+00
8.365654296875000000e+03 3.648095607757568359e+00 0.000000000000000000e+00
8.367583007812500000e+03 3.971772432327270508e+00 0.000000000000000000e+00
8.369507812500000000e+03 3.823164939880371094e+00 0.000000000000000000e+00
8.371437500000000000e+03 3.662183284759521484e+00 0.000000000000000000e+00
8.373364257812500000e+03 3.592959642410278320e+00 0.000000000000000000e+00
8.375290039062500000e+03 3.819988727569580078e+00 0.000000000000000000e+00
8.377221679687500000e+03 3.747566223144531250e+00 0.000000000000000000e+00
8.379148437500000000e+03 3.927334070205688477e+00 0.000000000000000000e+00
8.381081054687500000e+03 3.900856018066406250e+00 0.000000000000000000e+00
8.383008789062500000e+03 3.359627962112426758e+00 0.000000000000000000e+00
8.384942382812500000e+03 3.291015625000000000e+00 0.000000000000000000e+00
8.386871093750000000e+03 3.439058065414428711e+00 0.000000000000000000e+00
8.388804687500000000e+03 3.359018564224243164e+00 0.000000000000000000e+00
8.390734375000000000e+03 3.851461410522460938e+00 0.000000000000000000e+00
8.392665039062500000e+03 4.032811164855957031e+00 0.000000000000000000e+00
8.394600585937500000e+03 3.315161466598510742e+00 0.000000000000000000e+00
8.396531250000000000e+03 3.490293741226196289e+00 0.000000000000000000e+00
8.398467773437500000e+03 5.139726161956787109e+00 0.000000000000000000e+00
8.400399414062500000e+03 5.123360633850097656e+00 0.000000000000000000e+00
8.402336914062500000e+03 4.274159431457519531e+00 0.000000000000000000e+00
8.404269531250000000e+03 3.503388643264770508e+00 0.000000000000000000e+00
8.406203125000000000e+03 3.170454263687133789e+00 0.000000000000000000e+00
8.408141601562500000e+03 3.475527763366699219e+00 0.000000000000000000e+00
8.410076171875000000e+03 3.173517465591430664e+00 0.000000000000000000e+00
8.412015625000000000e+03 3.516939640045166016e+00 0.000000000000000000e+00
8.413950195312500000e+03 3.163849830627441406e+00 0.000000000000000000e+00
8.415890625000000000e+03 3.481980800628662109e+00 0.000000000000000000e+00
8.417827148437500000e+03 4.745371341705322266e+00 0.000000000000000000e+00
8.419763671875000000e+03 3.644546985626220703e+00 0.000000000000000000e+00
8.421705078125000000e+03 3.666734933853149414e+00 0.000000000000000000e+00
8.423642578125000000e+03 3.934868812561035156e+00 0.000000000000000000e+00
8.425584960937500000e+03 3.646630287170410156e+00 0.000000000000000000e+00
8.427523437500000000e+03 3.915271043777465820e+00 0.000000000000000000e+00
8.429466796875000000e+03 4.513564586639404297e+00 0.000000000000000000e+00
8.431405273437500000e+03 3.160282611846923828e+00 0.000000000000000000e+00
8.433345703125000000e+03 4.179296016693115234e+00 0.000000000000000000e+00
8.435290039062500000e+03 3.958464145660400391e+00 0.000000000000000000e+00
8.437230468750000000e+03 3.786967515945434570e+00 0.000000000000000000e+00
8.439175781250000000e+03 3.736051797866821289e+00 0.000000000000000000e+00
8.441117187500000000e+03 3.260261535644531250e+00 0.000000000000000000e+00
8.443064453125000000e+03 3.496322393417358398e+00 0.000000000000000000e+00
8.445005859375000000e+03 3.919260263442993164e+00 0.000000000000000000e+00
8.446949218750000000e+03 3.705002546310424805e+00 0.000000000000000000e+00
8.448896484375000000e+03 3.583678722381591797e+00 0.000000000000000000e+00
8.450840820312500000e+03 3.520946025848388672e+00 0.000000000000000000e+00
8.452789062500000000e+03 3.489389419555664062e+00 0.000000000000000000e+00
8.454734375000000000e+03 4.175939559936523438e+00 0.000000000000000000e+00
8.456683593750000000e+03 4.093410491943359375e+00 0.000000000000000000e+00
8.458628906250000000e+03 3.480937480926513672e+00 0.000000000000000000e+00
8.460575195312500000e+03 3.491601705551147461e+00 0.000000000000000000e+00
8.462525390625000000e+03 3.868525028228759766e+00 0.000000000000000000e+00
8.464472656250000000e+03 3.353886842727661133e+00 0.000000000000000000e+00
8.466424804687500000e+03 2.120030879974365234e+00 0.000000000000000000e+00
8.468372070312500000e+03 4.244755268096923828e+00 0.000000000000000000e+00
8.470325195312500000e+03 4.173857212066650391e+00 0.000000000000000000e+00
8.472273437500000000e+03 3.873715639114379883e+00 0.000000000000000000e+00
8.474222656250000000e+03 3.806916236877441406e+00 0.000000000000000000e+00
8.476176757812500000e+03 3.448603153228759766e+00 0.000000000000000000e+00
8.478126953125000000e+03 4.052448749542236328e+00 0.000000000000000000e+00
8.480082031250000000e+03 3.298338651657104492e+00 0.000000000000000000e+00
8.482032226562500000e+03 3.439539909362792969e+00 0.000000000000000000e+00
8.483988281250000000e+03 3.556034564971923828e+00 0.000000000000000000e+00
8.485940429687500000e+03 3.515371084213256836e+00 0.000000000000000000e+00
8.487892578125000000e+03 3.709537506103515625e+00 0.000000000000000000e+00
8.489849609375000000e+03 3.567366361618041992e+00 0.000000000000000000e+00
8.491802734375000000e+03 3.529771327972412109e+00 0.000000000000000000e+00
8.493760742187500000e+03 3.391752958297729492e+00 0.000000000000000000e+00
8.495714843750000000e+03 4.034182071685791016e+00 0.000000000000000000e+00
8.497673828125000000e+03 4.435182094573974609e+00 0.000000000000000000e+00
8.499628906250000000e+03 3.815138578414916992e+00 0.000000000000000000e+00
8.501583984375000000e+03 3.748927831649780273e+00 0.000000000000000000e+00
8.503544921875000000e+03 3.391483306884765625e+00 0.000000000000000000e+00
8.505500976562500000e+03 3.410602807998657227e+00 0.000000000000000000e+00
8.507461914062500000e+03 3.995381593704223633e+00 0.000000000000000000e+00
8.509419921875000000e+03 3.832794666290283203e+00 0.000000000000000000e+00
8.511381835937500000e+03 2.837982416152954102e+00 0.000000000000000000e+00
8.513339843750000000e+03 3.464470148086547852e+00 0.000000000000000000e+00
8.515297851562500000e+03 3.931019306182861328e+00 0.000000000000000000e+00
8.517261718750000000e+03 3.362395763397216797e+00 0.000000000000000000e+00
8.519221679687500000e+03 3.239866018295288086e+00 0.000000000000000000e+00
8.521185546875000000e+03 3.678084850311279297e+00 0.000000000000000000e+00
8.523146484375000000e+03 3.790354013442993164e+00 0.000000000000000000e+00
8.525111328125000000e+03 3.565865755081176758e+00 0.000000000000000000e+00
8.527072265625000000e+03 3.724047899246215820e+00 0.000000000000000000e+00
8.529034179687500000e+03 3.217342138290405273e+00 0.000000000000000000e+00
8.531000976562500000e+03 3.108347415924072266e+00 0.000000000000000000e+00
8.532963867187500000e+03 3.271852493286132812e+00 0.000000000000000000e+00
8.534931640625000000e+03 3.265321254730224609e+00 0.000000000000000000e+00
8.536894531250000000e+03 3.678602457046508789e+00 0.000000000000000000e+00
8.538863281250000000e+03 3.034562587738037109e+00 0.000000000000000000e+00
8.540828125000000000e+03 3.917916297912597656e+00 0.000000000000000000e+00
8.542796875000000000e+03 3.842781305313110352e+00 0.000000000000000000e+00
8.544762695312500000e+03 3.456727504730224609e+00 0.000000000000000000e+00
8.546728515625000000e+03 3.851236343383789062e+00 0.000000000000000000e+00
8.548699218750000000e+03 2.765062808990478516e+00 0.000000000000000000e+00
8.550666015625000000e+03 3.764563798904418945e+00 0.000000000000000000e+00
8.552637695312500000e+03 4.034534931182861328e+00 0.000000000000000000e+00
8.554604492187500000e+03 3.874196052551269531e+00 0.000000000000000000e+00
8.556577148437500000e+03 3.609449386596679688e+00 0.000000000000000000e+00
8.558545898437500000e+03 3.235540628433227539e+00 0.000000000000000000e+00
8.560514648437500000e+03 3.366795778274536133e+00 0.000000000000000000e+00
8.562489257812500000e+03 3.642858743667602539e+00 0.000000000000000000e+00
8.564458984375000000e+03 3.087671756744384766e+00 0.000000000000000000e+00
8.566433593750000000e+03 2.955743789672851562e+00 0.000000000000000000e+00
8.568404296875000000e+03 3.456757068634033203e+00 0.000000000000000000e+00
8.570379882812500000e+03 3.534324407577514648e+00 0.000000000000000000e+00
8.572351562500000000e+03 2.607314825057983398e+00 0.000000000000000000e+00
8.574324218750000000e+03 2.171660184860229492e+00 0.000000000000000000e+00
8.576300781250000000e+03 1.652391314506530762e+00 0.000000000000000000e+00
8.578274414062500000e+03 8.513540625572204590e-01 0.000000000000000000e+00
8.580251953125000000e+03 2.846141457557678223e-01 0.000000000000000000e+00
8.582225585937500000e+03 4.650712013244628906e-01 0.000000000000000000e+00
8.584205078125000000e+03 1.058751702308654785e+00 0.000000000000000000e+00
8.586179687500000000e+03 1.166989445686340332e+00 0.000000000000000000e+00
8.588155273437500000e+03 1.816730856895446777e+00 0.000000000000000000e+00
8.590135742187500000e+03 2.786902427673339844e+00 0.000000000000000000e+00
8.592111328125000000e+03 3.233460187911987305e+00 0.000000000000000000e+00
8.594092773437500000e+03 2.815253496170043945e+00 0.000000000000000000e+00
8.596070312500000000e+03 2.150843143463134766e+00 0.000000000000000000e+00
8.598052734375000000e+03 1.199059844017028809e+00 0.000000000000000000e+00
8.600030273437500000e+03 3.304193615913391113e-01 0.000000000000000000e+00
8.602008789062500000e+03 2.685295641422271729e-01 0.000000000000000000e+00
8.603992187500000000e+03 8.016597032546997070e-01 0.000000000000000000e+00
8.605971679687500000e+03 1.235815525054931641e+00 0.000000000000000000e+00
8.607956054687500000e+03 1.478726148605346680e+00 0.000000000000000000e+00
8.609936523437500000e+03 2.028563737869262695e+00 0.000000000000000000e+00
8.611921875000000000e+03 3.013648271560668945e+00 0.000000000000000000e+00
8.613903320312500000e+03 3.458987474441528320e+00 0.000000000000000000e+00
8.615884765625000000e+03 3.466527938842773438e+00 0.000000000000000000e+00
8.617871093750000000e+03 3.465246438980102539e+00 0.000000000000000000e+00
8.619853515625000000e+03 3.182155847549438477e+00 0.000000000000000000e+00
8.621841796875000000e+03 3.972230434417724609e+00 0.000000000000000000e+00
8.623825195312500000e+03 3.248521566390991211e+00 0.000000000000000000e+00
8.625813476562500000e+03 3.429192781448364258e+00 0.000000000000000000e+00
8.627797851562500000e+03 3.733595132827758789e+00 0.000000000000000000e+00
8.629783203125000000e+03 2.891756534576416016e+00 0.000000000000000000e+00
8.631772460937500000e+03 3.807817220687866211e+00 0.000000000000000000e+00
8.633758789062500000e+03 3.960074901580810547e+00 0.000000000000000000e+00
8.635750000000000000e+03 3.242140769958496094e+00 0.000000000000000000e+00
8.637736328125000000e+03 2.965622186660766602e+00 0.000000000000000000e+00
8.639728515625000000e+03 3.114095211029052734e+00 0.000000000000000000e+00
8.641715820312500000e+03 3.267699480056762695e+00 0.000000000000000000e+00
8.643704101562500000e+03 3.870014667510986328e+00 0.000000000000000000e+00
8.645697265625000000e+03 3.338979244232177734e+00 0.000000000000000000e+00
8.647685546875000000e+03 3.259331703186035156e+00 0.000000000000000000e+00
8.649679687500000000e+03 3.353542566299438477e+00 0.000000000000000000e+00
8.651669921875000000e+03 3.357033729553222656e+00 0.000000000000000000e+00
8.653665039062500000e+03 3.275880098342895508e+00 0.000000000000000000e+00
8.655655273437500000e+03 2.952307939529418945e+00 0.000000000000000000e+00
8.657646484375000000e+03 3.348029375076293945e+00 0.000000000000000000e+00
8.659643554687500000e+03 3.633940219879150391e+00 0.000000000000000000e+00
8.661635742187500000e+03 3.279868364334106445e+00 0.000000000000000000e+00
8.663632812500000000e+03 2.748575210571289062e+00 0.000000000000000000e+00
8.665625976562500000e+03 2.926516771316528320e+00 0.000000000000000000e+00
8.667624023437500000e+03 3.865290164947509766e+00 0.000000000000000000e+00
8.669618164062500000e+03 3.839123725891113281e+00 0.000000000000000000e+00
8.671612304687500000e+03 3.835339546203613281e+00 0.000000000000000000e+00
8.673612304687500000e+03 3.653094530105590820e+00 0.000000000000000000e+00
8.675607421875000000e+03 3.506314516067504883e+00 0.000000000000000000e+00
8.677608398437500000e+03 3.714375972747802734e+00 0.000000000000000000e+00
8.679604492187500000e+03 3.629940509796142578e+00 0.000000000000000000e+00
8.681605468750000000e+03 3.121460676193237305e+00 0.000000000000000000e+00
8.683602539062500000e+03 3.127428293228149414e+00 0.000000000000000000e+00
8.685600585937500000e+03 3.390744447708129883e+00 0.000000000000000000e+00
8.687603515625000000e+03 3.432176589965820312e+00 0.000000000000000000e+00
8.689602539062500000e+03 3.318673849105834961e+00 0.000000000000000000e+00
8.691605468750000000e+03 3.538412570953369141e+00 0.000000000000000000e+00
8.693605468750000000e+03 3.322916507720947266e+00 0.000000000000000000e+00
8.695610351562500000e+03 3.204138755798339844e+00 0.000000000000000000e+00
8.697610351562500000e+03 3.122717380523681641e+00 0.000000000000000000e+00
8.699616210937500000e+03 3.232463598251342773e+00 0.000000000000000000e+00
8.701617187500000000e+03 3.567991018295288086e+00 0.000000000000000000e+00
8.703619140625000000e+03 3.522874116897583008e+00 0.000000000000000000e+00
8.705625976562500000e+03 3.464672565460205078e+00 0.000000000000000000e+00
8.707628906250000000e+03 3.378186225891113281e+00 0.000000000000000000e+00
8.709636718750000000e+03 3.454978704452514648e+00 0.000000000000000000e+00
8.711640625000000000e+03 3.518027544021606445e+00 0.000000000000000000e+00
8.713649414062500000e+03 3.415326833724975586e+00 0.000000000000000000e+00
8.715654296875000000e+03 3.550322055816650391e+00 0.000000000000000000e+00
8.717659179687500000e+03 3.685508012771606445e+00 0.000000000000000000e+00
8.719669921875000000e+03 3.165380001068115234e+00 0.000000000000000000e+00
8.721675781250000000e+03 3.416570901870727539e+00 0.000000000000000000e+00
8.723686523437500000e+03 3.685242891311645508e+00 0.000000000000000000e+00
8.725693359375000000e+03 3.116270780563354492e+00 0.000000000000000000e+00
8.727706054687500000e+03 3.724147796630859375e+00 0.000000000000000000e+00
8.729712890625000000e+03 3.294355869293212891e+00 0.000000000000000000e+00
8.731721679687500000e+03 3.117171525955200195e+00 0.000000000000000000e+00
8.733735351562500000e+03 3.343456506729125977e+00 0.000000000000000000e+00
8.735744140625000000e+03 3.459033727645874023e+00 0.000000000000000000e+00
8.737758789062500000e+03 3.348163843154907227e+00 0.000000000000000000e+00
8.739768554687500000e+03 3.589988708496093750e+00 0.000000000000000000e+00
8.741784179687500000e+03 3.676144599914550781e+00 0.000000000000000000e+00
8.743794921875000000e+03 3.335466623306274414e+00 0.000000000000000000e+00
8.745806640625000000e+03 3.094052076339721680e+00 0.000000000000000000e+00
8.747823242187500000e+03 3.124107837677001953e+00 0.000000000000000000e+00
8.749835937500000000e+03 2.924945592880249023e+00 0.000000000000000000e+00
8.751853515625000000e+03 2.104695320129394531e+00 0.000000000000000000e+00
8.753867187500000000e+03 2.288217306137084961e+00 0.000000000000000000e+00
8.755885742187500000e+03 2.637057781219482422e+00 0.000000000000000000e+00
8.757900390625000000e+03 2.928962230682373047e+00 0.000000000000000000e+00
8.759915039062500000e+03 3.799002885818481445e+00 0.000000000000000000e+00
8.761934570312500000e+03 4.972168922424316406e+00 0.000000000000000000e+00
8.763950195312500000e+03 4.330182552337646484e+00 0.000000000000000000e+00
8.765971679687500000e+03 2.951358556747436523e+00 0.000000000000000000e+00
8.767988281250000000e+03 2.903391361236572266e+00 0.000000000000000000e+00
8.770009765625000000e+03 3.632848262786865234e+00 0.000000000000000000e+00
8.772027343750000000e+03 3.599286556243896484e+00 0.000000000000000000e+00
8.774044921875000000e+03 2.957472085952758789e+00 0.000000000000000000e+00
8.776068359375000000e+03 3.848588705062866211e+00 0.000000000000000000e+00
8.778087890625000000e+03 2.727732896804809570e+00 0.000000000000000000e+00
8.780111328125000000e+03 3.224355459213256836e+00 0.000000000000000000e+00
8.782131835937500000e+03 3.492637634277343750e+00 0.000000000000000000e+00
8.784156250000000000e+03 3.079863786697387695e+00 0.000000000000000000e+00
8.786177734375000000e+03 3.106013536453247070e+00 0.000000000000000000e+00
8.788199218750000000e+03 2.853847503662109375e+00 0.000000000000000000e+00
8.790225585937500000e+03 3.518637418746948242e+00 0.000000000000000000e+00
8.792247070312500000e+03 3.277408123016357422e+00 0.000000000000000000e+00
8.794275390625000000e+03 3.076478958129882812e+00 0.000000000000000000e+00
8.796297851562500000e+03 3.425412416458129883e+00 0.000000000000000000e+00
8.798326171875000000e+03 3.564050197601318359e+00 0.000000000000000000e+00
8.800350585937500000e+03 3.038386344909667969e+00 0.000000000000000000e+00
8.802375000000000000e+03 3.333107233047485352e+00 0.000000000000000000e+00
8.804405273437500000e+03 3.497611045837402344e+00 0.000000000000000000e+00
8.806430664062500000e+03 3.308512926101684570e+00 0.000000000000000000e+00
8.808460937500000000e+03 3.389351367950439453e+00 0.000000000000000000e+00
8.810487304687500000e+03 3.832941770553588867e+00 0.000000000000000000e+00
8.812519531250000000e+03 3.518733739852905273e+00 0.000000000000000000e+00
8.814545898437500000e+03 3.735733270645141602e+00 0.000000000000000000e+00
8.816574218750000000e+03 3.467991828918457031e+00 0.000000000000000000e+00
8.818607421875000000e+03 3.354867219924926758e+00 0.000000000000000000e+00
8.820635742187500000e+03 3.306647062301635742e+00 0.000000000000000000e+00
8.822669921875000000e+03 3.185246467590332031e+00 0.000000000000000000e+00
8.824699218750000000e+03 3.920312404632568359e+00 0.000000000000000000e+00
8.826734375000000000e+03 2.725324630737304688e+00 0.000000000000000000e+00
8.828764648437500000e+03 6.464602947235107422e+00 0.000000000000000000e+00
8.830795898437500000e+03 6.265109539031982422e+00 0.000000000000000000e+00
8.832833007812500000e+03 2.845466613769531250e+00 0.000000000000000000e+00
8.834864257812500000e+03 3.068683147430419922e+00 0.000000000000000000e+00
8.836901367187500000e+03 2.730462074279785156e+00 0.000000000000000000e+00
8.838934570312500000e+03 3.091457843780517578e+00 0.000000000000000000e+00
8.840972656250000000e+03 3.870627164840698242e+00 0.000000000000000000e+00
8.843006835937500000e+03 4.032674789428710938e+00 0.000000000000000000e+00
8.845041015625000000e+03 3.417084932327270508e+00 0.000000000000000000e+00
8.847081054687500000e+03 3.117099523544311523e+00 0.000000000000000000e+00
8.849116210937500000e+03 4.055463314056396484e+00 0.000000000000000000e+00
8.851156250000000000e+03 3.144986867904663086e+00 0.000000000000000000e+00
8.853192382812500000e+03 3.392672538757324219e+00 0.000000000000000000e+00
8.855234375000000000e+03 3.484358787536621094e+00 0.000000000000000000e+00
8.857271484375000000e+03 3.318737745285034180e+00 0.000000000000000000e+00
8.859314453125000000e+03 3.853814840316772461e+00 0.000000000000000000e+00
8.861351562500000000e+03 3.717275381088256836e+00 0.000000000000000000e+00
8.863390625000000000e+03 3.513070583343505859e+00 0.000000000000000000e+00
8.865434570312500000e+03 3.657314538955688477e+00 0.000000000000000000e+00
8.867473632812500000e+03 3.309387683868408203e+00 0.000000000000000000e+00
8.869518554687500000e+03 3.123606920242309570e+00 0.000000000000000000e+00
8.871559570312500000e+03 3.810295820236206055e+00 0.000000000000000000e+00
8.873604492187500000e+03 3.579062461853027344e+00 0.000000000000000000e+00
8.875646484375000000e+03 3.276852846145629883e+00 0.000000000000000000e+00
8.877688476562500000e+03 3.663167476654052734e+00 0.000000000000000000e+00
8.879735351562500000e+03 3.573731899261474609e+00 0.000000000000000000e+00
8.881778320312500000e+03 3.597886800765991211e+00 0.000000000000000000e+00
8.883826171875000000e+03 4.229435920715332031e+00 0.000000000000000000e+00
8.885870117187500000e+03 3.334591388702392578e+00 0.000000000000000000e+00
8.887918945312500000e+03 5.203355312347412109e+00 0.000000000000000000e+00
8.889963867187500000e+03 4.544256687164306641e+00 0.000000000000000000e+00
8.892008789062500000e+03 3.392393350601196289e+00 0.000000000000000000e+00
8.894059570312500000e+03 3.363692760467529297e+00 0.000000000000000000e+00
8.896105468750000000e+03 3.517844676971435547e+00 0.000000000000000000e+00
8.898156250000000000e+03 3.602147579193115234e+00 0.000000000000000000e+00
8.900204101562500000e+03 3.839705705642700195e+00 0.000000000000000000e+00
8.902255859375000000e+03 2.877170085906982422e+00 0.000000000000000000e+00
8.904303710937500000e+03 2.356726408004760742e+00 0.000000000000000000e+00
8.906352539062500000e+03 2.954793930053710938e+00 0.000000000000000000e+00
8.908406250000000000e+03 3.464204788208007812e+00 0.000000000000000000e+00
8.910456054687500000e+03 2.993242263793945312e+00 0.000000000000000000e+00
8.912510742187500000e+03 3.450326681137084961e+00 0.000000000000000000e+00
8.914560546875000000e+03 3.567819356918334961e+00 0.000000000000000000e+00
8.916616210937500000e+03 3.765342950820922852e+00 0.000000000000000000e+00
8.918667968750000000e+03 3.913582086563110352e+00 0.000000000000000000e+00
8.920719726562500000e+03 3.823424816131591797e+00 0.000000000000000000e+00
8.922776367187500000e+03 4.603978633880615234e+00 0.000000000000000000e+00
8.924829101562500000e+03 3.753897428512573242e+00 0.000000000000000000e+00
8.926886718750000000e+03 2.933360338211059570e+00 0.000000000000000000e+00
8.928940429687500000e+03 2.866699695587158203e+00 0.000000000000000000e+00
8.931000000000000000e+03 3.173920631408691406e+00 0.000000000000000000e+00
8.933054687500000000e+03 3.328862667083740234e+00 0.000000000000000000e+00
8.935109375000000000e+03 3.372610569000244141e+00 0.000000000000000000e+00
8.937169921875000000e+03 3.128630876541137695e+00 0.000000000000000000e+00
8.939225585937500000e+03 3.546825647354125977e+00 0.000000000000000000e+00
8.941287109375000000e+03 3.167465925216674805e+00 0.000000000000000000e+00
8.943343750000000000e+03 2.549147367477416992e+00 0.000000000000000000e+00
8.945406250000000000e+03 3.271322965621948242e+00 0.000000000000000000e+00
8.947463867187500000e+03 3.960000991821289062e+00 0.000000000000000000e+00
8.949522460937500000e+03 3.858352184295654297e+00 0.000000000000000000e+00
8.951585937500000000e+03 2.954243898391723633e+00 0.000000000000000000e+00
8.953645507812500000e+03 3.345713853836059570e+00 0.000000000000000000e+00
8.955709960937500000e+03 3.947113037109375000e+00 0.000000000000000000e+00
8.957770507812500000e+03 2.830547571182250977e+00 0.000000000000000000e+00
8.959835937500000000e+03 2.903882265090942383e+00 0.000000000000000000e+00
8.961897460937500000e+03 4.805978298187255859e+00 0.000000000000000000e+00
8.963958984375000000e+03 3.324551105499267578e+00 0.000000000000000000e+00
8.966026367187500000e+03 2.439637899398803711e+00 0.000000000000000000e+00
8.968088867187500000e+03 3.313024282455444336e+00 0.000000000000000000e+00
8.970157226562500000e+03 3.298800468444824219e+00 0.000000000000000000e+00
8.972220703125000000e+03 3.198903560638427734e+00 0.000000000000000000e+00
8.974289062500000000e+03 3.396499872207641602e+00 0.000000000000000000e+00
8.976353515625000000e+03 3.283763647079467773e+00 0.000000000000000000e+00
8.978418945312500000e+03 3.415367603302001953e+00 0.000000000000000000e+00
8.980489257812500000e+03 3.600266218185424805e+00 0.000000000000000000e+00
8.982555664062500000e+03 3.286398172378540039e+00 0.000000000000000000e+00
8.984626953125000000e+03 3.219635486602783203e+00 0.000000000000000000e+00
8.986693359375000000e+03 3.250430583953857422e+00 0.000000000000000000e+00
8.988765625000000000e+03 2.713488101959228516e+00 0.000000000000000000e+00
8.990833984375000000e+03 3.159896850585937500e+00 0.000000000000000000e+00
8.992902343750000000e+03 3.964172840118408203e+00 0.000000000000000000e+00
8.994975585937500000e+03 3.766315460205078125e+00 0.000000000000000000e+00
8.997044921875000000e+03 4.417991161346435547e+00 0.000000000000000000e+00
8.999120117187500000e+03 4.083456516265869141e+00 0.000000000000000000e+00
9.001190429687500000e+03 2.232888936996459961e+00 0.000000000000000000e+00
9.003265625000000000e+03 2.893552303314208984e+00 0.000000000000000000e+00
9.005336914062500000e+03 4.486742973327636719e+00 0.000000000000000000e+00
9.007408203125000000e+03 3.316687107086181641e+00 0.000000000000000000e+00
9.009485351562500000e+03 3.450667142868041992e+00 0.000000000000000000e+00
9.011558593750000000e+03 3.312505245208740234e+00 0.000000000000000000e+00
9.013635742187500000e+03 3.211966514587402344e+00 0.000000000000000000e+00
9.015709960937500000e+03 2.997398376464843750e+00 0.000000000000000000e+00
9.017789062500000000e+03 2.957822084426879883e+00 0.000000000000000000e+00
9.019863281250000000e+03 3.434078216552734375e+00 0.000000000000000000e+00
9.021943359375000000e+03 3.649674415588378906e+00 0.000000000000000000e+00
9.024018554687500000e+03 3.732648372650146484e+00 0.000000000000000000e+00
9.026094726562500000e+03 3.052323102951049805e+00 0.000000000000000000e+00
9.028175781250000000e+03 2.685607433319091797e+00 0.000000000000000000e+00
9.030252929687500000e+03 3.204820632934570312e+00 0.000000000000000000e+00
9.032334960937500000e+03 3.794911384582519531e+00 0.000000000000000000e+00
9.034413085937500000e+03 3.414160013198852539e+00 0.000000000000000000e+00
9.036497070312500000e+03 3.601550817489624023e+00 0.000000000000000000e+00
9.038575195312500000e+03 3.694787263870239258e+00 0.000000000000000000e+00
9.040654296875000000e+03 3.566191673278808594e+00 0.000000000000000000e+00
9.042739257812500000e+03 3.490769147872924805e+00 0.000000000000000000e+00
9.044819335937500000e+03 3.459348678588867188e+00 0.000000000000000000e+00
9.046905273437500000e+03 3.056102991104125977e+00 0.000000000000000000e+00
9.048986328125000000e+03 3.372053861618041992e+00 0.000000000000000000e+00
9.051073242187500000e+03 3.455008029937744141e+00 0.000000000000000000e+00
9.053155273437500000e+03 3.923358440399169922e+00 0.000000000000000000e+00
9.055238281250000000e+03 4.222103595733642578e+00 0.000000000000000000e+00
9.057326171875000000e+03 3.519184112548828125e+00 0.000000000000000000e+00
9.059410156250000000e+03 3.597586870193481445e+00 0.000000000000000000e+00
9.061499023437500000e+03 3.823157787322998047e+00 0.000000000000000000e+00
9.063583984375000000e+03 3.827737569808959961e+00 0.000000000000000000e+00
9.065673828125000000e+03 3.726978063583374023e+00 0.000000000000000000e+00
9.067758789062500000e+03 3.692744255065917969e+00 0.000000000000000000e+00
9.069845703125000000e+03 3.764694213867187500e+00 0.000000000000000000e+00
9.071936523437500000e+03 3.804319620132446289e+00 0.000000000000000000e+00
9.074023437500000000e+03 3.432134151458740234e+00 0.000000000000000000e+00
9.076116210937500000e+03 3.285064458847045898e+00 0.000000000000000000e+00
9.078204101562500000e+03 3.634519338607788086e+00 0.000000000000000000e+00
9.080297851562500000e+03 3.767479658126831055e+00 0.000000000000000000e+00
9.082386718750000000e+03 3.285307407379150391e+00 0.000000000000000000e+00
9.084475585937500000e+03 3.569419860839843750e+00 0.000000000000000000e+00
9.086570312500000000e+03 3.493749141693115234e+00 0.000000000000000000e+00
9.088661132812500000e+03 3.706757783889770508e+00 0.000000000000000000e+00
9.090756835937500000e+03 3.754371881484985352e+00 0.000000000000000000e+00
9.092848632812500000e+03 3.550429105758666992e+00 0.000000000000000000e+00
9.094945312500000000e+03 3.651856660842895508e+00 0.000000000000000000e+00
9.097037109375000000e+03 3.926171541213989258e+00 0.000000000000000000e+00
9.099129882812500000e+03 3.061918973922729492e+00 0.000000000000000000e+00
9.101228515625000000e+03 3.220095634460449219e+00 0.000000000000000000e+00
9.103322265625000000e+03 3.773722410202026367e+00 0.000000000000000000e+00
9.105420898437500000e+03 3.765133619308471680e+00 0.000000000000000000e+00
9.107515625000000000e+03 3.388174295425415039e+00 0.000000000000000000e+00
9.109616210937500000e+03 3.344535112380981445e+00 0.000000000000000000e+00
9.111711914062500000e+03 3.456721782684326172e+00 0.000000000000000000e+00
9.113807617187500000e+03 3.450286149978637695e+00 0.000000000000000000e+00
9.115909179687500000e+03 3.473038911819458008e+00 0.000000000000000000e+00
9.118006835937500000e+03 3.588047742843627930e+00 0.000000000000000000e+00
9.120109375000000000e+03 3.642195701599121094e+00 0.000000000000000000e+00
9.122207031250000000e+03 3.530565261840820312e+00 0.000000000000000000e+00
9.124310546875000000e+03 3.312063932418823242e+00 0.000000000000000000e+00
9.126410156250000000e+03 3.562803268432617188e+00 0.000000000000000000e+00
9.128509765625000000e+03 3.581143856048583984e+00 0.000000000000000000e+00
9.130614257812500000e+03 3.465518474578857422e+00 0.000000000000000000e+00
9.132714843750000000e+03 3.749418735504150391e+00 0.000000000000000000e+00
9.134821289062500000e+03 3.517500400543212891e+00 0.000000000000000000e+00
9.136921875000000000e+03 3.502932786941528320e+00 0.000000000000000000e+00
9.139029296875000000e+03 3.703666925430297852e+00 0.000000000000000000e+00
9.141131835937500000e+03 3.942635536193847656e+00 0.000000000000000000e+00
9.143234375000000000e+03 3.771541833877563477e+00 0.000000000000000000e+00
9.145342773437500000e+03 3.266864061355590820e+00 0.000000000000000000e+00
9.147447265625000000e+03 3.731866836547851562e+00 0.000000000000000000e+00
9.149556640625000000e+03 3.748059511184692383e+00 0.000000000000000000e+00
9.151661132812500000e+03 2.836406707763671875e+00 0.000000000000000000e+00
9.153771484375000000e+03 2.988819122314453125e+00 0.000000000000000000e+00
9.155876953125000000e+03 3.796088933944702148e+00 0.000000000000000000e+00
9.157983398437500000e+03 3.393587350845336914e+00 0.000000000000000000e+00
9.160095703125000000e+03 3.342452287673950195e+00 0.000000000000000000e+00
9.162203125000000000e+03 3.500385999679565430e+00 0.000000000000000000e+00
9.164315429687500000e+03 3.478933334350585938e+00 0.000000000000000000e+00
9.166423828125000000e+03 3.320732116699218750e+00 0.000000000000000000e+00
9.168537109375000000e+03 3.176715612411499023e+00 0.000000000000000000e+00
9.170646484375000000e+03 3.163551092147827148e+00 0.000000000000000000e+00
9.172761718750000000e+03 3.334603786468505859e+00 0.000000000000000000e+00
9.174871093750000000e+03 3.217047214508056641e+00 0.000000000000000000e+00
9.176982421875000000e+03 3.337182521820068359e+00 0.000000000000000000e+00
9.179098632812500000e+03 3.297792196273803711e+00 0.000000000000000000e+00
9.181209960937500000e+03 3.367814064025878906e+00 0.000000000000000000e+00
9.183327148437500000e+03 3.938329458236694336e+00 0.000000000000000000e+00
9.185439453125000000e+03 3.740749597549438477e+00 0.000000000000000000e+00
9.187557617187500000e+03 3.868630886077880859e+00 0.000000000000000000e+00
9.189671875000000000e+03 3.596290349960327148e+00 0.000000000000000000e+00
9.191785156250000000e+03 3.474532842636108398e+00 0.000000000000000000e+00
9.193905273437500000e+03 3.591168403625488281e+00 0.000000000000000000e+00
9.196020507812500000e+03 3.378609180450439453e+00 0.000000000000000000e+00
9.198140625000000000e+03 3.201473474502563477e+00 0.000000000000000000e+00
9.200256835937500000e+03 3.488173484802246094e+00 0.000000000000000000e+00
9.202378906250000000e+03 3.692789077758789062e+00 0.000000000000000000e+00
9.204495117187500000e+03 3.618900537490844727e+00 0.000000000000000000e+00
9.206613281250000000e+03 3.277611970901489258e+00 0.000000000000000000e+00
9.208736328125000000e+03 3.056443691253662109e+00 0.000000000000000000e+00
9.210854492187500000e+03 3.665853261947631836e+00 0.000000000000000000e+00
9.212978515625000000e+03 3.212447166442871094e+00 0.000000000000000000e+00
9.215097656250000000e+03 3.025187253952026367e+00 0.000000000000000000e+00
9.217222656250000000e+03 3.021430969238281250e+00 0.000000000000000000e+00
9.219342773437500000e+03 3.096513032913208008e+00 0.000000000000000000e+00
9.221463867187500000e+03 3.491469383239746094e+00 0.000000000000000000e+00
9.223590820312500000e+03 3.564142227172851562e+00 0.000000000000000000e+00
9.225712890625000000e+03 3.156384229660034180e+00 0.000000000000000000e+00
9.227839843750000000e+03 3.304286241531372070e+00 0.000000000000000000e+00
9.229962890625000000e+03 3.592347621917724609e+00 0.000000000000000000e+00
9.232090820312500000e+03 3.644840478897094727e+00 0.000000000000000000e+00
9.234214843750000000e+03 3.634312391281127930e+00 0.000000000000000000e+00
9.236338867187500000e+03 3.430858612060546875e+00 0.000000000000000000e+00
9.238468750000000000e+03 2.884273290634155273e+00 0.000000000000000000e+00
9.240594726562500000e+03 3.161692857742309570e+00 0.000000000000000000e+00
9.242725585937500000e+03 3.577016353607177734e+00 0.000000000000000000e+00
9.244851562500000000e+03 3.504457712173461914e+00 0.000000000000000000e+00
9.246983398437500000e+03 3.390693664550781250e+00 0.000000000000000000e+00
9.249110351562500000e+03 3.844980716705322266e+00 0.000000000000000000e+00
9.251238281250000000e+03 3.708052873611450195e+00 0.000000000000000000e+00
9.253372070312500000e+03 2.811161279678344727e+00 0.000000000000000000e+00
9.255500976562500000e+03 2.982147932052612305e+00 0.000000000000000000e+00
9.257634765625000000e+03 3.685214042663574219e+00 0.000000000000000000e+00
9.259764648437500000e+03 3.080552101135253906e+00 0.000000000000000000e+00
9.261899414062500000e+03 3.085056304931640625e+00 0.000000000000000000e+00
9.264030273437500000e+03 3.272577524185180664e+00 0.000000000000000000e+00
9.266162109375000000e+03 3.169837236404418945e+00 0.000000000000000000e+00
9.268298828125000000e+03 3.242376804351806641e+00 0.000000000000000000e+00
9.270430664062500000e+03 3.467839479446411133e+00 0.000000000000000000e+00
9.272568359375000000e+03 3.381992340087890625e+00 0.000000000000000000e+00
9.274701171875000000e+03 3.332513332366943359e+00 0.000000000000000000e+00
9.276839843750000000e+03 2.858165502548217773e+00 0.000000000000000000e+00
9.278974609375000000e+03 3.126919746398925781e+00 0.000000000000000000e+00
9.281109375000000000e+03 3.353239536285400391e+00 0.000000000000000000e+00
9.283249023437500000e+03 3.341508150100708008e+00 0.000000000000000000e+00
9.285384765625000000e+03 3.635108709335327148e+00 0.000000000000000000e+00
9.287526367187500000e+03 3.311766862869262695e+00 0.000000000000000000e+00
9.289662109375000000e+03 3.263916969299316406e+00 0.000000000000000000e+00
9.291804687500000000e+03 3.311000347137451172e+00 0.000000000000000000e+00
9.293942382812500000e+03 3.351399660110473633e+00 0.000000000000000000e+00
9.296080078125000000e+03 3.343078851699829102e+00 0.000000000000000000e+00
9.298223632812500000e+03 3.374732494354248047e+00 0.000000000000000000e+00
9.300363281250000000e+03 3.731101512908935547e+00 0.000000000000000000e+00
9.302507812500000000e+03 3.362673997879028320e+00 0.000000000000000000e+00
9.304647460937500000e+03 3.719357490539550781e+00 0.000000000000000000e+00
9.306792968750000000e+03 4.091431140899658203e+00 0.000000000000000000e+00
9.308934570312500000e+03 3.877027750015258789e+00 0.000000000000000000e+00
9.311076171875000000e+03 3.752984285354614258e+00 0.000000000000000000e+00
9.313222656250000000e+03 4.583430767059326172e+00 0.000000000000000000e+00
9.315365234375000000e+03 6.630897521972656250e+00 0.000000000000000000e+00
9.317513671875000000e+03 3.637384891510009766e+00 0.000000000000000000e+00
9.319657226562500000e+03 2.378036022186279297e+00 0.000000000000000000e+00
9.321805664062500000e+03 5.139563560485839844e+00 0.000000000000000000e+00
9.323950195312500000e+03 5.512290000915527344e+00 0.000000000000000000e+00
9.326095703125000000e+03 2.639540195465087891e+00 0.000000000000000000e+00
9.328246093750000000e+03 2.168455123901367188e+00 0.000000000000000000e+00
9.330391601562500000e+03 3.503748655319213867e+00 0.000000000000000000e+00
9.332543945312500000e+03 3.415182113647460938e+00 0.000000000000000000e+00
9.334690429687500000e+03 2.748485803604125977e+00 0.000000000000000000e+00
9.336842773437500000e+03 4.211021423339843750e+00 0.000000000000000000e+00
9.338991210937500000e+03 4.257147312164306641e+00 0.000000000000000000e+00
9.341144531250000000e+03 3.958956480026245117e+00 0.000000000000000000e+00
9.343293945312500000e+03 2.942622900009155273e+00 0.000000000000000000e+00
9.345443359375000000e+03 3.237167596817016602e+00 0.000000000000000000e+00
9.347597656250000000e+03 4.182261943817138672e+00 0.000000000000000000e+00
9.349748046875000000e+03 3.379737138748168945e+00 0.000000000000000000e+00
9.351904296875000000e+03 3.291596889495849609e+00 0.000000000000000000e+00
9.354055664062500000e+03 3.130456924438476562e+00 0.000000000000000000e+00
9.356212890625000000e+03 2.976913213729858398e+00 0.000000000000000000e+00
9.358365234375000000e+03 3.199646472930908203e+00 0.000000000000000000e+00
9.360518554687500000e+03 3.332316637039184570e+00 0.000000000000000000e+00
9.362676757812500000e+03 2.896709918975830078e+00 0.000000000000000000e+00
9.364830078125000000e+03 3.213800191879272461e+00 0.000000000000000000e+00
9.366990234375000000e+03 3.190880060195922852e+00 0.000000000000000000e+00
9.369144531250000000e+03 2.977307319641113281e+00 0.000000000000000000e+00
9.371305664062500000e+03 3.589337348937988281e+00 0.000000000000000000e+00
9.373460937500000000e+03 3.629384517669677734e+00 0.000000000000000000e+00
9.375617187500000000e+03 1.373384356498718262e+00 0.000000000000000000e+00
9.377779296875000000e+03 1.733227610588073730e+00 0.000000000000000000e+00
9.379936523437500000e+03 1.007719898223876953e+01 0.000000000000000000e+00
9.382099609375000000e+03 6.283185958862304688e+00 0.000000000000000000e+00
9.384257812500000000e+03 2.256053209304809570e+00 0.000000000000000000e+00
9.386421875000000000e+03 4.270802497863769531e+00 0.000000000000000000e+00
9.388582031250000000e+03 2.931046247482299805e+00 0.000000000000000000e+00
9.390741210937500000e+03 3.326471567153930664e+00 0.000000000000000000e+00
9.392907226562500000e+03 3.260514974594116211e+00 0.000000000000000000e+00
9.395067382812500000e+03 3.203910112380981445e+00 0.000000000000000000e+00
9.397234375000000000e+03 3.280521869659423828e+00 0.000000000000000000e+00
9.399396484375000000e+03 3.219154596328735352e+00 0.000000000000000000e+00
9.401563476562500000e+03 3.121707439422607422e+00 0.000000000000000000e+00
9.403726562500000000e+03 3.616275548934936523e+00 0.000000000000000000e+00
9.405889648437500000e+03 3.394711971282958984e+00 0.000000000000000000e+00
9.408058593750000000e+03 3.854068756103515625e+00 0.000000000000000000e+00
9.410222656250000000e+03 3.791286706924438477e+00 0.000000000000000000e+00
9.412392578125000000e+03 3.252849578857421875e+00 0.000000000000000000e+00
9.414558593750000000e+03 3.657084941864013672e+00 0.000000000000000000e+00
9.416729492187500000e+03 3.344575166702270508e+00 0.000000000000000000e+00
9.418895507812500000e+03 3.232971191406250000e+00 0.000000000000000000e+00
9.421062500000000000e+03 3.616241931915283203e+00 0.000000000000000000e+00
9.423234375000000000e+03 3.986343145370483398e+00 0.000000000000000000e+00
9.425402343750000000e+03 3.817732572555541992e+00 0.000000000000000000e+00
9.427576171875000000e+03 3.249869108200073242e+00 0.000000000000000000e+00
9.429745117187500000e+03 3.259811878204345703e+00 0.000000000000000000e+00
9.431918945312500000e+03 3.573271274566650391e+00 0.000000000000000000e+00
9.434088867187500000e+03 3.274024963378906250e+00 0.000000000000000000e+00
9.436259765625000000e+03 3.017017841339111328e+00 0.000000000000000000e+00
9.438435546875000000e+03 1.649894595146179199e+00 0.000000000000000000e+00
9.440606445312500000e+03 1.996096014976501465e+00 0.000000000000000000e+00
9.442783203125000000e+03 1.535312366485595703e+01 0.000000000000000000e+00
9.444956054687500000e+03 7.136683940887451172e+00 0.000000000000000000e+00
9.447133789062500000e+03 2.868449211120605469e+00 0.000000000000000000e+00
9.449307617187500000e+03 3.787197828292846680e+00 0.000000000000000000e+00
9.451481445312500000e+03 3.381873130798339844e+00 0.000000000000000000e+00
9.453660156250000000e+03 3.381163597106933594e+00 0.000000000000000000e+00
9.455834960937500000e+03 3.426406145095825195e+00 0.000000000000000000e+00
9.458015625000000000e+03 8.430784344673156738e-01 0.000000000000000000e+00
9.460191406250000000e+03 4.102409362792968750e+00 0.000000000000000000e+00
9.462373046875000000e+03 5.900626659393310547e+00 0.000000000000000000e+00
9.464549804687500000e+03 3.442634105682373047e+00 0.000000000000000000e+00
9.466727539062500000e+03 3.527408123016357422e+00 0.000000000000000000e+00
9.468910156250000000e+03 3.551396131515502930e+00 0.000000000000000000e+00
9.471088867187500000e+03 3.188620090484619141e+00 0.000000000000000000e+00
9.473272460937500000e+03 3.491066932678222656e+00 0.000000000000000000e+00
9.475452148437500000e+03 2.669016122817993164e+00 0.000000000000000000e+00
9.477636718750000000e+03 1.002201914787292480e+00 0.000000000000000000e+00
9.479817382812500000e+03 1.993352651596069336e+00 0.000000000000000000e+00
9.481998046875000000e+03 5.914912223815917969e+00 0.000000000000000000e+00
9.484184570312500000e+03 3.558571100234985352e+00 0.000000000000000000e+00
9.486366210937500000e+03 3.687887191772460938e+00 0.000000000000000000e+00
9.488553710937500000e+03 4.018839836120605469e+00 0.000000000000000000e+00
9.490736328125000000e+03 2.862690210342407227e+00 0.000000000000000000e+00
9.492925781250000000e+03 3.818143129348754883e+00 0.000000000000000000e+00
9.495109375000000000e+03 4.289880752563476562e+00 0.000000000000000000e+00
9.497293945312500000e+03 3.821512222290039062e+00 0.000000000000000000e+00
9.499483398437500000e+03 3.205835580825805664e+00 0.000000000000000000e+00
9.501668945312500000e+03 1.318169116973876953e+00 0.000000000000000000e+00
9.503860351562500000e+03 1.293767929077148438e+00 0.000000000000000000e+00
9.506045898437500000e+03 5.657407283782958984e+00 0.000000000000000000e+00
9.508238281250000000e+03 3.413057088851928711e+00 0.000000000000000000e+00
9.510425781250000000e+03 3.602215528488159180e+00 0.000000000000000000e+00
9.512619140625000000e+03 3.721058607101440430e+00 0.000000000000000000e+00
9.514807617187500000e+03 3.675548791885375977e+00 0.000000000000000000e+00
9.516996093750000000e+03 3.103124618530273438e+00 0.000000000000000000e+00
9.519190429687500000e+03 1.632103085517883301e+00 0.000000000000000000e+00
9.521380859375000000e+03 4.354328632354736328e+00 0.000000000000000000e+00
9.523576171875000000e+03 4.621122837066650391e+00 0.000000000000000000e+00
9.525766601562500000e+03 3.896004438400268555e+00 0.000000000000000000e+00
9.527963867187500000e+03 3.458788394927978516e+00 0.000000000000000000e+00
9.530155273437500000e+03 3.450869083404541016e+00 0.000000000000000000e+00
9.532347656250000000e+03 3.675184249877929688e+00 0.000000000000000000e+00
9.534545898437500000e+03 3.643791913986206055e+00 0.000000000000000000e+00
9.536739257812500000e+03 2.958356142044067383e+00 0.000000000000000000e+00
9.538938476562500000e+03 3.543427705764770508e+00 0.000000000000000000e+00
9.541132812500000000e+03 3.749882698059082031e+00 0.000000000000000000e+00
9.543333007812500000e+03 3.240910530090332031e+00 0.000000000000000000e+00
9.545528320312500000e+03 3.782922983169555664e+00 0.000000000000000000e+00
9.547724609375000000e+03 3.730417966842651367e+00 0.000000000000000000e+00
9.549926757812500000e+03 3.640703201293945312e+00 0.000000000000000000e+00
9.552123046875000000e+03 2.828737497329711914e+00 0.000000000000000000e+00
9.554326171875000000e+03 3.427472829818725586e+00 0.000000000000000000e+00
9.556523437500000000e+03 4.581202983856201172e+00 0.000000000000000000e+00
9.558727539062500000e+03 3.257348060607910156e+00 0.000000000000000000e+00
9.560926757812500000e+03 3.371851682662963867e+00 0.000000000000000000e+00
9.563125976562500000e+03 4.207906723022460938e+00 0.000000000000000000e+00
9.565331054687500000e+03 2.792956113815307617e+00 0.000000000000000000e+00
9.567532226562500000e+03 2.348105669021606445e+00 0.000000000000000000e+00
9.569738281250000000e+03 4.706228256225585938e+00 0.000000000000000000e+00
9.571939453125000000e+03 6.124338626861572266e+00 0.000000000000000000e+00
9.574146484375000000e+03 3.128661632537841797e+00 0.000000000000000000e+00
9.576349609375000000e+03 3.416791915893554688e+00 0.000000000000000000e+00
9.578552734375000000e+03 3.391961336135864258e+00 0.000000000000000000e+00
9.580760742187500000e+03 3.285566329956054688e+00 0.000000000000000000e+00
9.582964843750000000e+03 3.738618850708007812e+00 0.000000000000000000e+00
9.585174804687500000e+03 3.370514392852783203e+00 0.000000000000000000e+00
9.587379882812500000e+03 3.055268764495849609e+00 0.000000000000000000e+00
9.589590820312500000e+03 3.210890769958496094e+00 0.000000000000000000e+00
9.591796875000000000e+03 2.951354503631591797e+00 0.000000000000000000e+00
9.594003906250000000e+03 3.115102052688598633e+00 0.000000000000000000e+00
9.596215820312500000e+03 3.791971206665039062e+00 0.000000000000000000e+00
9.598423828125000000e+03 3.656167030334472656e+00 0.000000000000000000e+00
9.600636718750000000e+03 2.965977430343627930e+00 0.000000000000000000e+00
9.602845703125000000e+03 3.160463571548461914e+00 0.000000000000000000e+00
9.605059570312500000e+03 3.267909765243530273e+00 0.000000000000000000e+00
9.607269531250000000e+03 2.718723535537719727e+00 0.000000000000000000e+00
9.609479492187500000e+03 2.771543025970458984e+00 0.000000000000000000e+00
9.611695312500000000e+03 4.290092945098876953e+00 0.000000000000000000e+00
9.613906250000000000e+03 3.638261318206787109e+00 0.000000000000000000e+00
9.616124023437500000e+03 3.831462383270263672e+00 0.000000000000000000e+00
9.618335937500000000e+03 3.493016719818115234e+00 0.000000000000000000e+00
9.620553710937500000e+03 2.555799245834350586e+00 0.000000000000000000e+00
9.622766601562500000e+03 2.348829984664916992e+00 0.000000000000000000e+00
9.624980468750000000e+03 3.451426506042480469e+00 0.000000000000000000e+00
9.627200195312500000e+03 3.668857336044311523e+00 0.000000000000000000e+00
9.629415039062500000e+03 3.160241365432739258e+00 0.000000000000000000e+00
9.631635742187500000e+03 3.347865104675292969e+00 0.000000000000000000e+00
9.633851562500000000e+03 3.340391159057617188e+00 0.000000000000000000e+00
9.636072265625000000e+03 3.151880025863647461e+00 0.000000000000000000e+00
9.638289062500000000e+03 3.931364297866821289e+00 0.000000000000000000e+00
9.640506835937500000e+03 3.629125356674194336e+00 0.000000000000000000e+00
9.642729492187500000e+03 3.150767564773559570e+00 0.000000000000000000e+00
9.644948242187500000e+03 3.540774822235107422e+00 0.000000000000000000e+00
9.647171875000000000e+03 3.966774702072143555e+00 0.000000000000000000e+00
9.649391601562500000e+03 3.675673484802246094e+00 0.000000000000000000e+00
9.651617187500000000e+03 3.289985656738281250e+00 0.000000000000000000e+00
9.653836914062500000e+03 3.763992071151733398e+00 0.000000000000000000e+00
9.656057617187500000e+03 3.462494373321533203e+00 0.000000000000000000e+00
9.658284179687500000e+03 3.560630798339843750e+00 0.000000000000000000e+00
9.660506835937500000e+03 3.635790824890136719e+00 0.000000000000000000e+00
9.662734375000000000e+03 3.346592426300048828e+00 0.000000000000000000e+00
9.664957031250000000e+03 3.285897731781005859e+00 0.000000000000000000e+00
9.667185546875000000e+03 2.900175809860229492e+00 0.000000000000000000e+00
9.669410156250000000e+03 2.070343732833862305e+00 0.000000000000000000e+00
9.671633789062500000e+03 3.042196750640869141e+00 0.000000000000000000e+00
9.673864257812500000e+03 3.681173801422119141e+00 0.000000000000000000e+00
9.676089843750000000e+03 3.099098443984985352e+00 0.000000000000000000e+00
9.678321289062500000e+03 3.269516944885253906e+00 0.000000000000000000e+00
9.680547851562500000e+03 2.672209501266479492e+00 0.000000000000000000e+00
9.682780273437500000e+03 2.291609048843383789e+00 0.000000000000000000e+00
9.685007812500000000e+03 3.682828903198242188e+00 0.000000000000000000e+00
9.687241210937500000e+03 4.003701210021972656e+00 0.000000000000000000e+00
9.689469726562500000e+03 2.449117898941040039e+00 0.000000000000000000e+00
9.691698242187500000e+03 2.353058099746704102e+00 0.000000000000000000e+00
9.693933593750000000e+03 3.897260665893554688e+00 0.000000000000000000e+00
9.696163085937500000e+03 2.938197612762451172e+00 0.000000000000000000e+00
9.698399414062500000e+03 1.900177359580993652e+00 0.000000000000000000e+00
9.700629882812500000e+03 3.242371082305908203e+00 0.000000000000000000e+00
9.702867187500000000e+03 5.005267620086669922e+00 0.000000000000000000e+00
9.705099609375000000e+03 3.670951128005981445e+00 0.000000000000000000e+00
9.707332031250000000e+03 3.425810575485229492e+00 0.000000000000000000e+00
9.709570312500000000e+03 3.285700082778930664e+00 0.000000000000000000e+00
9.711804687500000000e+03 2.641937017440795898e+00 0.000000000000000000e+00
9.714043945312500000e+03 2.829232931137084961e+00 0.000000000000000000e+00
9.716278320312500000e+03 3.437456607818603516e+00 0.000000000000000000e+00
9.718518554687500000e+03 2.602260351181030273e+00 0.000000000000000000e+00
9.720754882812500000e+03 3.047255039215087891e+00 0.000000000000000000e+00
9.722991210937500000e+03 5.023631095886230469e+00 0.000000000000000000e+00
9.725233398437500000e+03 3.664550542831420898e+00 0.000000000000000000e+00
9.727470703125000000e+03 2.740372180938720703e+00 0.000000000000000000e+00
9.729713867187500000e+03 4.055867671966552734e+00 0.000000000000000000e+00
9.731952148437500000e+03 3.346886873245239258e+00 0.000000000000000000e+00
9.734196289062500000e+03 2.412471532821655273e+00 0.000000000000000000e+00
9.736435546875000000e+03 3.136828660964965820e+00 0.000000000000000000e+00
9.738674804687500000e+03 2.387806415557861328e+00 0.000000000000000000e+00
9.740920898437500000e+03 2.737919092178344727e+00 0.000000000000000000e+00
9.743162109375000000e+03 4.120169639587402344e+00 0.000000000000000000e+00
9.745408203125000000e+03 2.633169651031494141e+00 0.000000000000000000e+00
9.747650390625000000e+03 3.383769273757934570e+00 0.000000000000000000e+00
9.749898437500000000e+03 3.816893815994262695e+00 0.000000000000000000e+00
9.752141601562500000e+03 3.342600822448730469e+00 0.000000000000000000e+00
9.754384765625000000e+03 3.215676069259643555e+00 0.000000000000000000e+00
9.756633789062500000e+03 3.816713571548461914e+00 0.000000000000000000e+00
9.758878906250000000e+03 3.910397529602050781e+00 0.000000000000000000e+00
9.761128906250000000e+03 3.203309297561645508e+00 0.000000000000000000e+00
9.763374023437500000e+03 3.405673027038574219e+00 0.000000000000000000e+00
9.765625976562500000e+03 3.365660429000854492e+00 0.000000000000000000e+00
9.767872070312500000e+03 2.868058443069458008e+00 0.000000000000000000e+00
9.770119140625000000e+03 2.945612907409667969e+00 0.000000000000000000e+00
9.772372070312500000e+03 3.960716724395751953e+00 0.000000000000000000e+00
9.774620117187500000e+03 3.334531307220458984e+00 0.000000000000000000e+00
9.776875000000000000e+03 3.186451196670532227e+00 0.000000000000000000e+00
9.779124023437500000e+03 3.029432773590087891e+00 0.000000000000000000e+00
9.781378906250000000e+03 2.908224582672119141e+00 0.000000000000000000e+00
9.783628906250000000e+03 3.093261718750000000e+00 0.000000000000000000e+00
9.785879882812500000e+03 3.191379547119140625e+00 0.000000000000000000e+00
9.788136718750000000e+03 2.097274780273437500e+00 0.000000000000000000e+00
9.790387695312500000e+03 -1.651686191558837891e+00 0.000000000000000000e+00
9.792645507812500000e+03 4.882555484771728516e+00 0.000000000000000000e+00
9.794898437500000000e+03 9.964434623718261719e+00 0.000000000000000000e+00
9.797157226562500000e+03 5.520076751708984375e+00 0.000000000000000000e+00
9.799411132812500000e+03 2.766137361526489258e+00 0.000000000000000000e+00
9.801665039062500000e+03 3.995020151138305664e+00 0.000000000000000000e+00
9.803925781250000000e+03 4.661544322967529297e+00 0.000000000000000000e+00
9.806180664062500000e+03 4.298967838287353516e+00 0.000000000000000000e+00
9.808442382812500000e+03 3.747098445892333984e+00 0.000000000000000000e+00
9.810698242187500000e+03 3.537301301956176758e+00 0.000000000000000000e+00
9.812960937500000000e+03 3.643846035003662109e+00 0.000000000000000000e+00
9.815218750000000000e+03 3.868417263031005859e+00 0.000000000000000000e+00
9.817476562500000000e+03 3.674023628234863281e+00 0.000000000000000000e+00
9.819740234375000000e+03 2.973651647567749023e+00 0.000000000000000000e+00
9.821999023437500000e+03 2.870615005493164062e+00 0.000000000000000000e+00
9.824264648437500000e+03 3.295194149017333984e+00 0.000000000000000000e+00
9.826524414062500000e+03 3.092490911483764648e+00 0.000000000000000000e+00
9.828790039062500000e+03 3.893342256546020508e+00 0.000000000000000000e+00
9.831051757812500000e+03 3.729482889175415039e+00 0.000000000000000000e+00
9.833312500000000000e+03 3.313213825225830078e+00 0.000000000000000000e+00
9.835580078125000000e+03 3.314195156097412109e+00 0.000000000000000000e+00
9.837842773437500000e+03 3.347423553466796875e+00 0.000000000000000000e+00
9.840111328125000000e+03 2.924759864807128906e+00 0.000000000000000000e+00
9.842375000000000000e+03 3.453488826751708984e+00 0.000000000000000000e+00
9.844645507812500000e+03 3.457034349441528320e+00 0.000000000000000000e+00
9.846910156250000000e+03 2.524116277694702148e+00 0.000000000000000000e+00
9.849174804687500000e+03 2.414434432983398438e+00 0.000000000000000000e+00
9.851446289062500000e+03 3.361560583114624023e+00 0.000000000000000000e+00
9.853712890625000000e+03 3.355781793594360352e+00 0.000000000000000000e+00
9.855984375000000000e+03 3.228077173233032227e+00 0.000000000000000000e+00
9.858251953125000000e+03 3.578722238540649414e+00 0.000000000000000000e+00
9.860525390625000000e+03 3.383382081985473633e+00 0.000000000000000000e+00
9.862793945312500000e+03 3.264647960662841797e+00 0.000000000000000000e+00
9.865068359375000000e+03 3.417586326599121094e+00 0.000000000000000000e+00
9.867337890625000000e+03 2.893637418746948242e+00 0.000000000000000000e+00
9.869607421875000000e+03 2.472629547119140625e+00 0.000000000000000000e+00
9.871883789062500000e+03 -3.176113963127136230e-01 0.000000000000000000e+00
9.874154296875000000e+03 5.607395172119140625e+00 0.000000000000000000e+00
9.876431640625000000e+03 8.584420204162597656e+00 0.000000000000000000e+00
9.878703125000000000e+03 3.292909622192382812e+00 0.000000000000000000e+00
9.880981445312500000e+03 3.454289197921752930e+00 0.000000000000000000e+00
9.883254882812500000e+03 3.054767131805419922e+00 0.000000000000000000e+00
9.885528320312500000e+03 2.296651840209960938e+00 0.000000000000000000e+00
9.887807617187500000e+03 3.150889635086059570e+00 0.000000000000000000e+00
9.890083007812500000e+03 4.020824432373046875e+00 0.000000000000000000e+00
9.892363281250000000e+03 2.656729459762573242e+00 0.000000000000000000e+00
9.894638671875000000e+03 7.031732797622680664e-01 0.000000000000000000e+00
9.896920898437500000e+03 4.247200489044189453e+00 0.000000000000000000e+00
9.899197265625000000e+03 4.292601585388183594e+00 0.000000000000000000e+00
9.901474609375000000e+03 3.367071151733398438e+00 0.000000000000000000e+00
9.903757812500000000e+03 2.977419853210449219e+00 0.000000000000000000e+00
9.906036132812500000e+03 2.752188205718994141e+00 0.000000000000000000e+00
9.908320312500000000e+03 2.984422922134399414e+00 0.000000000000000000e+00
9.910599609375000000e+03 3.876903533935546875e+00 0.000000000000000000e+00
9.912885742187500000e+03 -5.896433591842651367e-01 0.000000000000000000e+00
9.915166015625000000e+03 5.095905065536499023e-01 0.000000000000000000e+00
9.917447265625000000e+03 5.491718769073486328e+00 0.000000000000000000e+00
9.919733398437500000e+03 6.797841072082519531e+00 0.000000000000000000e+00
9.922015625000000000e+03 3.685249090194702148e+00 0.000000000000000000e+00
9.924303710937500000e+03 3.324991464614868164e+00 0.000000000000000000e+00
9.926586914062500000e+03 2.876342535018920898e+00 0.000000000000000000e+00
9.928875976562500000e+03 2.965253353118896484e+00 0.000000000000000000e+00
9.931160156250000000e+03 3.164935111999511719e+00 0.000000000000000000e+00
9.933444335937500000e+03 3.030475854873657227e+00 0.000000000000000000e+00
9.935735351562500000e+03 3.206949472427368164e+00 0.000000000000000000e+00
9.938020507812500000e+03 3.083505630493164062e+00 0.000000000000000000e+00
9.940312500000000000e+03 1.839665055274963379e+00 0.000000000000000000e+00
9.942599609375000000e+03 2.577705860137939453e+00 0.000000000000000000e+00
9.944892578125000000e+03 2.030539274215698242e+00 0.000000000000000000e+00
9.947179687500000000e+03 1.170002102851867676e+00 0.000000000000000000e+00
9.949468750000000000e+03 6.077176570892333984e+00 0.000000000000000000e+00
9.951762695312500000e+03 6.086376667022705078e+00 0.000000000000000000e+00
9.954051757812500000e+03 2.539762496948242188e+00 0.000000000000000000e+00
9.956347656250000000e+03 1.773967146873474121e+00 0.000000000000000000e+00
9.958637695312500000e+03 5.263764381408691406e+00 0.000000000000000000e+00
9.960934570312500000e+03 7.443160057067871094e+00 0.000000000000000000e+00
9.963225585937500000e+03 3.326393127441406250e+00 0.000000000000000000e+00
9.965517578125000000e+03 4.336221218109130859e+00 0.000000000000000000e+00
9.967815429687500000e+03 3.568368434906005859e+00 0.000000000000000000e+00
9.970109375000000000e+03 2.729186296463012695e+00 0.000000000000000000e+00
9.972408203125000000e+03 2.922763109207153320e+00 0.000000000000000000e+00
9.974702148437500000e+03 3.863848924636840820e+00 0.000000000000000000e+00
9.977001953125000000e+03 4.861575603485107422e+00 0.000000000000000000e+00
9.979297851562500000e+03 3.418140172958374023e+00 0.000000000000000000e+00
9.981592773437500000e+03 2.631995201110839844e+00 0.000000000000000000e+00
9.983894531250000000e+03 2.972793579101562500e+00 0.000000000000000000e+00
9.986191406250000000e+03 3.460790395736694336e+00 0.000000000000000000e+00
9.988494140625000000e+03 3.649066448211669922e+00 0.000000000000000000e+00
9.990791992187500000e+03 3.812854766845703125e+00 0.000000000000000000e+00
9.993096679687500000e+03 2.997392177581787109e+00 0.000000000000000000e+00
9.995395507812500000e+03 2.470312118530273438e+00 0.000000000000000000e+00
9.997694335937500000e+03 2.636270523071289062e+00 0.000000000000000000e+00
1.000000000000000000e+04 2.442966938018798828e+00 0.000000000000000000e+00
1.000230566406250000e+04 2.533861637115478516e+00 0.000000000000000000e+00
1.000460156250000000e+04 4.390628814697265625e+00 0.000000000000000000e+00
1.000690820312500000e+04 3.135288000106811523e+00 0.000000000000000000e+00
1.000921582031250000e+04 2.565565109252929688e+00 0.000000000000000000e+00
1.001152441406250000e+04 5.685170888900756836e-01 0.000000000000000000e+00
1.001382226562500000e+04 7.289253473281860352e-01 0.000000000000000000e+00
1.001613085937500000e+04 5.277391433715820312e+00 0.000000000000000000e+00
1.001844042968750000e+04 8.238358497619628906e+00 0.000000000000000000e+00
1.002074023437500000e+04 3.594077825546264648e+00 0.000000000000000000e+00
1.002305078125000000e+04 1.878062605857849121e+00 0.000000000000000000e+00
1.002536230468750000e+04 1.901551008224487305e+00 0.000000000000000000e+00
1.002767382812500000e+04 3.559873342514038086e+00 0.000000000000000000e+00
1.002997558593750000e+04 5.394332885742187500e+00 0.000000000000000000e+00
1.003228808593750000e+04 3.678229808807373047e+00 0.000000000000000000e+00
1.003460156250000000e+04 3.635031700134277344e+00 0.000000000000000000e+00
1.003690429687500000e+04 2.308718919754028320e+00 0.000000000000000000e+00
1.003921875000000000e+04 2.342993974685668945e+00 0.000000000000000000e+00
1.004153417968750000e+04 2.797893047332763672e+00 0.000000000000000000e+00
1.004384960937500000e+04 2.823361158370971680e+00 0.000000000000000000e+00
1.004615429687500000e+04 4.026807308197021484e+00 0.000000000000000000e+00
1.004847070312500000e+04 3.449571132659912109e+00 0.000000000000000000e+00
1.005078808593750000e+04 4.511466503143310547e+00 0.000000000000000000e+00
1.005309472656250000e+04 4.078019142150878906e+00 0.000000000000000000e+00
1.005541308593750000e+04 3.014862298965454102e+00 0.000000000000000000e+00
1.005773242187500000e+04 2.226819276809692383e+00 0.000000000000000000e+00
1.006005078125000000e+04 6.902096271514892578e-01 0.000000000000000000e+00
1.006236035156250000e+04 4.044526576995849609e+00 0.000000000000000000e+00
1.006468066406250000e+04 5.246897220611572266e+00 0.000000000000000000e+00
1.006700097656250000e+04 3.535430908203125000e+00 0.000000000000000000e+00
1.006931152343750000e+04 1.422315835952758789e+00 0.000000000000000000e+00
1.007163378906250000e+04 1.393836855888366699e+00 0.000000000000000000e+00
1.007395605468750000e+04 3.566920757293701172e+00 0.000000000000000000e+00
1.007627929687500000e+04 4.141331672668457031e+00 0.000000000000000000e+00
1.007859179687500000e+04 3.201520442962646484e+00 0.000000000000000000e+00
1.008091601562500000e+04 -1.040058493614196777e+00 0.000000000000000000e+00
1.008324023437500000e+04 1.138006210327148438e+00 0.000000000000000000e+00
1.008555468750000000e+04 9.534483909606933594e+00 0.000000000000000000e+00
1.008787988281250000e+04 7.391923904418945312e+00 0.000000000000000000e+00
1.009020605468750000e+04 2.759692192077636719e+00 0.000000000000000000e+00
1.009253320312500000e+04 3.114099979400634766e+00 0.000000000000000000e+00
1.009484960937500000e+04 2.521506786346435547e+00 0.000000000000000000e+00
1.009717773437500000e+04 2.589211940765380859e+00 0.000000000000000000e+00
1.009950585937500000e+04 4.348249435424804688e+00 0.000000000000000000e+00
1.010182324218750000e+04 2.620697498321533203e+00 0.000000000000000000e+00
1.010415332031250000e+04 3.228654861450195312e+00 0.000000000000000000e+00
1.010648339843750000e+04 5.488342285156250000e+00 0.000000000000000000e+00
1.010881347656250000e+04 5.260102748870849609e+00 0.000000000000000000e+00
1.011113378906250000e+04 3.630408763885498047e+00 0.000000000000000000e+00
1.011346484375000000e+04 3.336892604827880859e+00 0.000000000000000000e+00
1.011579687500000000e+04 4.056303024291992188e+00 0.000000000000000000e+00
1.011811914062500000e+04 3.773567676544189453e+00 0.000000000000000000e+00
1.012045214843750000e+04 4.471994876861572266e+00 0.000000000000000000e+00
1.012278613281250000e+04 1.053779602050781250e+00 0.000000000000000000e+00
1.012512011718750000e+04 2.531144618988037109e+00 0.000000000000000000e+00
1.012744335937500000e+04 8.954781532287597656e+00 0.000000000000000000e+00
1.012977929687500000e+04 4.022245883941650391e+00 0.000000000000000000e+00
1.013211523437500000e+04 2.819155931472778320e+00 0.000000000000000000e+00
1.013444042968750000e+04 2.288391113281250000e+00 0.000000000000000000e+00
1.013677734375000000e+04 2.884222984313964844e+00 0.000000000000000000e+00
1.013911523437500000e+04 3.287477970123291016e+00 0.000000000000000000e+00
1.014145312500000000e+04 2.649359226226806641e+00 0.000000000000000000e+00
1.014378027343750000e+04 2.526638984680175781e+00 0.000000000000000000e+00
1.014611914062500000e+04 1.812244176864624023e+00 0.000000000000000000e+00
1.014845898437500000e+04 3.918679475784301758e+00 0.000000000000000000e+00
1.015078808593750000e+04 2.964202165603637695e+00 0.000000000000000000e+00
1.015312890625000000e+04 7.860498428344726562e-01 0.000000000000000000e+00
1.015547070312500000e+04 1.851995944976806641e+00 0.000000000000000000e+00
1.015781250000000000e+04 4.526323318481445312e+00 0.000000000000000000e+00
1.016014355468750000e+04 3.845378637313842773e+00 0.000000000000000000e+00
1.016248632812500000e+04 2.047262191772460938e+00 0.000000000000000000e+00
1.016483007812500000e+04 2.478356599807739258e+00 0.000000000000000000e+00
1.016716210937500000e+04 3.789199829101562500e+00 0.000000000000000000e+00
1.016950683593750000e+04 2.239058256149291992e+00 0.000000000000000000e+00
1.017185253906250000e+04 -1.006637096405029297e+00 0.000000000000000000e+00
1.017419726562500000e+04 6.146511554718017578e+00 0.000000000000000000e+00
1.017653222656250000e+04 5.206807136535644531e+00 0.000000000000000000e+00
1.017887890625000000e+04 3.300379037857055664e+00 0.000000000000000000e+00
1.018122656250000000e+04 2.415898799896240234e+00 0.000000000000000000e+00
1.018356347656250000e+04 1.862585067749023438e+00 0.000000000000000000e+00
1.018591113281250000e+04 4.379537105560302734e+00 0.000000000000000000e+00
1.018826074218750000e+04 1.903053164482116699e+00 0.000000000000000000e+00
1.019060937500000000e+04 1.121280789375305176e+00 0.000000000000000000e+00
1.019294824218750000e+04 2.989809751510620117e+00 0.000000000000000000e+00
1.019529882812500000e+04 3.751558542251586914e+00 0.000000000000000000e+00
1.019765039062500000e+04 2.522650003433227539e+00 0.000000000000000000e+00
1.019999023437500000e+04 3.095652341842651367e+00 0.000000000000000000e+00
1.020234277343750000e+04 2.591308116912841797e+00 0.000000000000000000e+00
1.020469531250000000e+04 3.062637805938720703e+00 0.000000000000000000e+00
1.020704785156250000e+04 3.619287014007568359e+00 0.000000000000000000e+00
1.020939062500000000e+04 2.672862291336059570e+00 0.000000000000000000e+00
1.021174511718750000e+04 3.228481292724609375e+00 0.000000000000000000e+00
1.021409960937500000e+04 9.124665260314941406e+00 0.000000000000000000e+00
1.021644433593750000e+04 6.265241146087646484e+00 0.000000000000000000e+00
1.021879980468750000e+04 2.458184480667114258e+00 0.000000000000000000e+00
1.022115625000000000e+04 2.488551378250122070e+00 0.000000000000000000e+00
1.022351367187500000e+04 3.384426116943359375e+00 0.000000000000000000e+00
1.022585937500000000e+04 2.717144727706909180e+00 0.000000000000000000e+00
1.022821777343750000e+04 3.671077966690063477e+00 0.000000000000000000e+00
1.023057617187500000e+04 5.707046031951904297e+00 0.000000000000000000e+00
1.023292382812500000e+04 4.158561229705810547e+00 0.000000000000000000e+00
1.023528417968750000e+04 3.204500675201416016e+00 0.000000000000000000e+00
1.023764355468750000e+04 3.283919095993041992e+00 0.000000000000000000e+00
1.024000488281250000e+04 2.843517065048217773e+00 0.000000000000000000e+00
1.024235449218750000e+04 2.857147216796875000e+00 0.000000000000000000e+00
1.024471679687500000e+04 3.586271286010742188e+00 0.000000000000000000e+00
1.024707910156250000e+04 3.753624916076660156e+00 0.000000000000000000e+00
1.024943066406250000e+04 3.471677780151367188e+00 0.000000000000000000e+00
1.025179394531250000e+04 2.663151502609252930e+00 0.000000000000000000e+00
1.025415820312500000e+04 2.290031671524047852e+00 0.000000000000000000e+00
1.025652343750000000e+04 3.915539264678955078e+00 0.000000000000000000e+00
1.025887695312500000e+04 3.910618543624877930e+00 0.000000000000000000e+00
1.026124218750000000e+04 2.130645990371704102e+00 0.000000000000000000e+00
1.026360839843750000e+04 4.015089035034179688e+00 0.000000000000000000e+00
1.026596386718750000e+04 4.648431301116943359e+00 0.000000000000000000e+00
1.026833105468750000e+04 1.995241284370422363e+00 0.000000000000000000e+00
1.027069921875000000e+04 4.986751079559326172e+00 0.000000000000000000e+00
1.027306738281250000e+04 7.116035938262939453e+00 0.000000000000000000e+00
1.027542578125000000e+04 4.042765140533447266e+00 0.000000000000000000e+00
1.027779492187500000e+04 3.028712272644042969e+00 0.000000000000000000e+00
1.028016503906250000e+04 4.200793266296386719e+00 0.000000000000000000e+00
1.028252441406250000e+04 2.480023860931396484e+00 0.000000000000000000e+00
1.028489550781250000e+04 -4.691035270690917969e+00 0.000000000000000000e+00
1.028726660156250000e+04 -1.173314857482910156e+01 0.000000000000000000e+00
1.028963964843750000e+04 2.000866889953613281e+01 0.000000000000000000e+00
1.029200097656250000e+04 2.041581916809082031e+01 0.000000000000000000e+00
1.029437402343750000e+04 7.394495606422424316e-01 0.000000000000000000e+00
1.029674804687500000e+04 2.349547863006591797e+00 0.000000000000000000e+00
1.029911132812500000e+04 6.722968101501464844e+00 0.000000000000000000e+00
1.030148632812500000e+04 4.241471767425537109e+00 0.000000000000000000e+00
1.030386132812500000e+04 4.941816329956054688e+00 0.000000000000000000e+00
1.030623730468750000e+04 3.701626777648925781e+00 0.000000000000000000e+00
1.030860253906250000e+04 2.059946537017822266e+00 0.000000000000000000e+00
1.031097949218750000e+04 2.574580430984497070e+00 0.000000000000000000e+00
1.031335742187500000e+04 1.389927148818969727e+00 0.000000000000000000e+00
1.031573632812500000e+04 4.087622165679931641e+00 0.000000000000000000e+00
1.031810351562500000e+04 2.620107173919677734e+00 0.000000000000000000e+00
1.032048242187500000e+04 2.880181312561035156e+00 0.000000000000000000e+00
1.032286230468750000e+04 3.186708927154541016e+00 0.000000000000000000e+00
1.032523144531250000e+04 2.429627656936645508e+00 0.000000000000000000e+00
1.032761230468750000e+04 6.737353324890136719e+00 0.000000000000000000e+00
1.032999414062500000e+04 4.559565067291259766e+00 0.000000000000000000e+00
1.033237597656250000e+04 -7.468748092651367188e-01 0.000000000000000000e+00
1.033474707031250000e+04 -7.468748092651367188e-01 0.000000000000000000e+00
1.033713085937500000e+04 -7.468748092651367188e-01 0.000000000000000000e+00
1.033951464843750000e+04 -7.468748092651367188e-01 0.000000000000000000e+00
1.034188769531250000e+04 -7.468748092651367188e-01 0.000000000000000000e+00
1.034427246093750000e+04 -7.468748092651367188e-01 0.000000000000000000e+00
1.034665722656250000e+04 -7.468748092651367188e-01 0.000000000000000000e+00
1.034904296875000000e+04 -7.468748092651367188e-01 0.000000000000000000e+00
1.035141894531250000e+04 -7.468748092651367188e-01 0.000000000000000000e+00
1.035380566406250000e+04 -7.468748092651367188e-01 0.000000000000000000e+00
1.035619335937500000e+04 -7.468748092651367188e-01 0.000000000000000000e+00
1.035856933593750000e+04 -7.468748092651367188e-01 0.000000000000000000e+00
1.036095800781250000e+04 -7.468748092651367188e-01 0.000000000000000000e+00
1.036334765625000000e+04 -7.468748092651367188e-01 0.000000000000000000e+00
1.036573730468750000e+04 -7.468748092651367188e-01 0.000000000000000000e+00
1.036811621093750000e+04 -7.468748092651367188e-01 0.000000000000000000e+00
1.037050683593750000e+04 -7.468748092651367188e-01 0.000000000000000000e+00
1.037289843750000000e+04 -7.468748092651367188e-01 0.000000000000000000e+00
1.037527929687500000e+04 -7.468748092651367188e-01 0.000000000000000000e+00
1.037767187500000000e+04 -7.468748092651367188e-01 0.000000000000000000e+00
1.038006445312500000e+04 -7.468748092651367188e-01 0.000000000000000000e+00
1.038245800781250000e+04 -7.468748092651367188e-01 0.000000000000000000e+00
1.038484082031250000e+04 -7.468748092651367188e-01 0.000000000000000000e+00
1.038723632812500000e+04 -7.468748092651367188e-01 0.000000000000000000e+00
1.038963085937500000e+04 -7.468748092651367188e-01 0.000000000000000000e+00
1.039201562500000000e+04 -7.468748092651367188e-01 0.000000000000000000e+00
1.039441210937500000e+04 -7.468748092651367188e-01 0.000000000000000000e+00
1.039680859375000000e+04 -7.468748092651367188e-01 0.000000000000000000e+00
1.039920605468750000e+04 -7.468748092651367188e-01 0.000000000000000000e+00
