#wavelengths flux error
3.566974365234375000e+03 2.445577734375000000e+04 0.000000000000000000e+00
3.567794921875000000e+03 1.087276660156250000e+04 0.000000000000000000e+00
3.568617675781250000e+03 -3.594588671875000000e+04 0.000000000000000000e+00
3.569438476562500000e+03 4.351813281250000000e+04 0.000000000000000000e+00
3.570261718750000000e+03 -3.496318359375000000e+04 0.000000000000000000e+00
3.571083007812500000e+03 1.765734179687500000e+04 0.000000000000000000e+00
3.571906494140625000e+03 1.523260131835937500e+03 0.000000000000000000e+00
3.572728271484375000e+03 -2.257204687500000000e+04 0.000000000000000000e+00
3.573550048828125000e+03 2.815173437500000000e+04 0.000000000000000000e+00
3.574374023437500000e+03 -2.634239648437500000e+04 0.000000000000000000e+00
3.575196289062500000e+03 1.951316210937500000e+04 0.000000000000000000e+00
3.576020751953125000e+03 -9.553106445312500000e+03 0.000000000000000000e+00
3.576843505859375000e+03 -3.815216552734375000e+03 0.000000000000000000e+00
3.577668212890625000e+03 1.053918847656250000e+04 0.000000000000000000e+00
3.578491455078125000e+03 -1.436220312500000000e+04 0.000000000000000000e+00
3.579314453125000000e+03 1.205996679687500000e+04 0.000000000000000000e+00
3.580139892578125000e+03 -8.176495117187500000e+03 0.000000000000000000e+00
3.580963623046875000e+03 3.126297607421875000e+03 0.000000000000000000e+00
3.581789306640625000e+03 1.625900146484375000e+03 0.000000000000000000e+00
3.582613281250000000e+03 -4.327460937500000000e+03 0.000000000000000000e+00
3.583439453125000000e+03 5.209549804687500000e+03 0.000000000000000000e+00
3.584263916015625000e+03 -4.449000000000000000e+03 0.000000000000000000e+00
3.585088378906250000e+03 3.095825683593750000e+03 0.000000000000000000e+00
3.585915039062500000e+03 -1.217627929687500000e+03 0.000000000000000000e+00
3.586739990234375000e+03 -5.564465942382812500e+02 0.000000000000000000e+00
3.587567138671875000e+03 1.752072021484375000e+03 0.000000000000000000e+00
3.588392333984375000e+03 -1.930527221679687500e+03 0.000000000000000000e+00
3.589219970703125000e+03 1.679816772460937500e+03 0.000000000000000000e+00
3.590045654296875000e+03 -9.276239624023437500e+02 0.000000000000000000e+00
3.590871582031250000e+03 3.691158447265625000e+02 0.000000000000000000e+00
3.591699462890625000e+03 2.537062377929687500e+02 0.000000000000000000e+00
3.592525878906250000e+03 -4.679879455566406250e+02 0.000000000000000000e+00
3.593354248046875000e+03 6.228754882812500000e+02 0.000000000000000000e+00
3.594180908203125000e+03 -5.168488769531250000e+02 0.000000000000000000e+00
3.595009765625000000e+03 3.738316650390625000e+02 0.000000000000000000e+00
3.595836669921875000e+03 -1.528664245605468750e+02 0.000000000000000000e+00
3.596663818359375000e+03 -4.547760009765625000e+01 0.000000000000000000e+00
3.597493408203125000e+03 2.381655120849609375e+02 0.000000000000000000e+00
3.598320800781250000e+03 -2.123656463623046875e+02 0.000000000000000000e+00
3.599150634765625000e+03 3.214895935058593750e+02 0.000000000000000000e+00
3.599978759765625000e+03 -8.664249420166015625e+01 0.000000000000000000e+00
3.600808837890625000e+03 1.271847991943359375e+02 0.000000000000000000e+00
3.601637207031250000e+03 9.888691711425781250e+01 0.000000000000000000e+00
3.602467773437500000e+03 -3.472855377197265625e+01 0.000000000000000000e+00
3.603296386718750000e+03 1.381350555419921875e+02 0.000000000000000000e+00
3.604125244140625000e+03 -1.344513511657714844e+01 0.000000000000000000e+00
3.604956542968750000e+03 1.471039733886718750e+02 0.000000000000000000e+00
3.605785888671875000e+03 6.079840850830078125e+01 0.000000000000000000e+00
3.606617187500000000e+03 6.136657333374023438e+01 0.000000000000000000e+00
3.607447021484375000e+03 9.470687103271484375e+01 0.000000000000000000e+00
3.608278808593750000e+03 2.821250915527343750e+01 0.000000000000000000e+00
3.609108886718750000e+03 1.253394699096679688e+02 0.000000000000000000e+00
3.609939208984375000e+03 3.414797592163085938e+01 0.000000000000000000e+00
3.610771728515625000e+03 8.249296569824218750e+01 0.000000000000000000e+00
3.611602294921875000e+03 8.743277740478515625e+01 0.000000000000000000e+00
3.612435058593750000e+03 4.349704742431640625e+01 0.000000000000000000e+00
3.613266113281250000e+03 6.719049072265625000e+01 0.000000000000000000e+00
3.614099365234375000e+03 1.025444259643554688e+02 0.000000000000000000e+00
3.614930664062500000e+03 8.575022888183593750e+01 0.000000000000000000e+00
3.615762451171875000e+03 1.088654708862304688e+02 0.000000000000000000e+00
3.616596191406250000e+03 1.057214736938476562e+02 0.000000000000000000e+00
3.617428222656250000e+03 1.052646942138671875e+02 0.000000000000000000e+00
3.618262451171875000e+03 1.328548889160156250e+02 0.000000000000000000e+00
3.619094726562500000e+03 1.040134735107421875e+02 0.000000000000000000e+00
3.619929199218750000e+03 1.053084793090820312e+02 0.000000000000000000e+00
3.620761962890625000e+03 1.144892349243164062e+02 0.000000000000000000e+00
3.621594970703125000e+03 1.213447723388671875e+02 0.000000000000000000e+00
3.622430175781250000e+03 1.437201690673828125e+02 0.000000000000000000e+00
3.623263427734375000e+03 1.629156494140625000e+02 0.000000000000000000e+00
3.624098876953125000e+03 1.277968902587890625e+02 0.000000000000000000e+00
3.624932617187500000e+03 1.533071594238281250e+02 0.000000000000000000e+00
3.625768554687500000e+03 1.875437927246093750e+02 0.000000000000000000e+00
3.626602783203125000e+03 2.124123382568359375e+02 0.000000000000000000e+00
3.627437011718750000e+03 2.322247619628906250e+02 0.000000000000000000e+00
3.628273437500000000e+03 2.298109436035156250e+02 0.000000000000000000e+00
3.629108154296875000e+03 1.828258209228515625e+02 0.000000000000000000e+00
3.629945068359375000e+03 1.918267669677734375e+02 0.000000000000000000e+00
3.630780029296875000e+03 2.273571929931640625e+02 0.000000000000000000e+00
3.631617431640625000e+03 1.895830841064453125e+02 0.000000000000000000e+00
3.632452880859375000e+03 1.476611633300781250e+02 0.000000000000000000e+00
3.633288330078125000e+03 1.621434326171875000e+02 0.000000000000000000e+00
3.634126220703125000e+03 1.359980316162109375e+02 0.000000000000000000e+00
3.634962158203125000e+03 1.587580718994140625e+02 0.000000000000000000e+00
3.635800537109375000e+03 1.440137176513671875e+02 0.000000000000000000e+00
3.636636962890625000e+03 1.218227767944335938e+02 0.000000000000000000e+00
3.637475585937500000e+03 1.263789443969726562e+02 0.000000000000000000e+00
3.638312255859375000e+03 1.396108856201171875e+02 0.000000000000000000e+00
3.639149169921875000e+03 1.210831832885742188e+02 0.000000000000000000e+00
3.639988525390625000e+03 1.191883087158203125e+02 0.000000000000000000e+00
3.640825927734375000e+03 9.846971893310546875e+01 0.000000000000000000e+00
3.641665283203125000e+03 1.060179214477539062e+02 0.000000000000000000e+00
3.642503173828125000e+03 1.075073165893554688e+02 0.000000000000000000e+00
3.643343017578125000e+03 7.864072418212890625e+01 0.000000000000000000e+00
3.644181152343750000e+03 9.671115875244140625e+01 0.000000000000000000e+00
3.645019531250000000e+03 1.143136138916015625e+02 0.000000000000000000e+00
3.645860107421875000e+03 1.002906951904296875e+02 0.000000000000000000e+00
3.646698974609375000e+03 7.686452484130859375e+01 0.000000000000000000e+00
3.647539794921875000e+03 7.804035186767578125e+01 0.000000000000000000e+00
3.648378906250000000e+03 9.507276916503906250e+01 0.000000000000000000e+00
3.649220214843750000e+03 7.880590820312500000e+01 0.000000000000000000e+00
3.650059570312500000e+03 7.895892333984375000e+01 0.000000000000000000e+00
3.650899414062500000e+03 7.927828979492187500e+01 0.000000000000000000e+00
3.651741210937500000e+03 7.287276458740234375e+01 0.000000000000000000e+00
3.652581298828125000e+03 6.880000305175781250e+01 0.000000000000000000e+00
3.653423583984375000e+03 6.301201629638671875e+01 0.000000000000000000e+00
3.654264160156250000e+03 4.323779678344726562e+01 0.000000000000000000e+00
3.655106689453125000e+03 7.403966522216796875e+01 0.000000000000000000e+00
3.655947509765625000e+03 5.556683349609375000e+01 0.000000000000000000e+00
3.656788574218750000e+03 5.665765380859375000e+01 0.000000000000000000e+00
3.657631835937500000e+03 6.736851501464843750e+01 0.000000000000000000e+00
3.658473388671875000e+03 5.573643112182617188e+01 0.000000000000000000e+00
3.659316894531250000e+03 7.232076263427734375e+01 0.000000000000000000e+00
3.660158691406250000e+03 6.927298736572265625e+01 0.000000000000000000e+00
3.661002929687500000e+03 6.306206130981445312e+01 0.000000000000000000e+00
3.661844970703125000e+03 5.914421463012695312e+01 0.000000000000000000e+00
3.662687500000000000e+03 6.610301208496093750e+01 0.000000000000000000e+00
3.663531982421875000e+03 7.172055816650390625e+01 0.000000000000000000e+00
3.664374755859375000e+03 4.330006027221679688e+01 0.000000000000000000e+00
3.665219726562500000e+03 3.546232986450195312e+01 0.000000000000000000e+00
3.666062988281250000e+03 5.637996292114257812e+01 0.000000000000000000e+00
3.666908447265625000e+03 5.501887893676757812e+01 0.000000000000000000e+00
3.667751953125000000e+03 4.123457336425781250e+01 0.000000000000000000e+00
3.668597656250000000e+03 4.625189590454101562e+01 0.000000000000000000e+00
3.669441650390625000e+03 5.016566085815429688e+01 0.000000000000000000e+00
3.670285888671875000e+03 3.320826339721679688e+01 0.000000000000000000e+00
3.671132080078125000e+03 4.262670135498046875e+01 0.000000000000000000e+00
3.671976806640625000e+03 5.003482055664062500e+01 0.000000000000000000e+00
3.672823486328125000e+03 4.412289428710937500e+01 0.000000000000000000e+00
3.673668457031250000e+03 3.759602355957031250e+01 0.000000000000000000e+00
3.674515625000000000e+03 3.457663345336914062e+01 0.000000000000000000e+00
3.675360839843750000e+03 3.037915802001953125e+01 0.000000000000000000e+00
3.676206298828125000e+03 3.391193771362304688e+01 0.000000000000000000e+00
3.677054199218750000e+03 3.383961868286132812e+01 0.000000000000000000e+00
3.677899902343750000e+03 3.718658065795898438e+01 0.000000000000000000e+00
3.678748046875000000e+03 4.724742889404296875e+01 0.000000000000000000e+00
3.679594482421875000e+03 4.354213714599609375e+01 0.000000000000000000e+00
3.680442871093750000e+03 4.363528442382812500e+01 0.000000000000000000e+00
3.681289550781250000e+03 4.680170059204101562e+01 0.000000000000000000e+00
3.682136474609375000e+03 5.417137908935546875e+01 0.000000000000000000e+00
3.682985595703125000e+03 5.591410446166992188e+01 0.000000000000000000e+00
3.683832763671875000e+03 4.548910522460937500e+01 0.000000000000000000e+00
3.684682373046875000e+03 3.611897659301757812e+01 0.000000000000000000e+00
3.685530029296875000e+03 3.897866058349609375e+01 0.000000000000000000e+00
3.686379882812500000e+03 4.480389785766601562e+01 0.000000000000000000e+00
3.687227783203125000e+03 4.364243316650390625e+01 0.000000000000000000e+00
3.688076171875000000e+03 4.908847427368164062e+01 0.000000000000000000e+00
3.688926513671875000e+03 5.692435455322265625e+01 0.000000000000000000e+00
3.689775146484375000e+03 3.534659957885742188e+01 0.000000000000000000e+00
3.690625976562500000e+03 4.875342559814453125e+01 0.000000000000000000e+00
3.691475097656250000e+03 3.451716232299804688e+01 0.000000000000000000e+00
3.692326416015625000e+03 3.584635543823242188e+01 0.000000000000000000e+00
3.693175781250000000e+03 5.070140838623046875e+01 0.000000000000000000e+00
3.694025390625000000e+03 4.856660842895507812e+01 0.000000000000000000e+00
3.694877197265625000e+03 4.103100585937500000e+01 0.000000000000000000e+00
3.695727294921875000e+03 3.138492965698242188e+01 0.000000000000000000e+00
3.696579345703125000e+03 4.430053329467773438e+01 0.000000000000000000e+00
3.697429931640625000e+03 3.979300689697265625e+01 0.000000000000000000e+00
3.698282470703125000e+03 2.805200767517089844e+01 0.000000000000000000e+00
3.699133300781250000e+03 3.762772369384765625e+01 0.000000000000000000e+00
3.699984130859375000e+03 4.632843017578125000e+01 0.000000000000000000e+00
3.700837402343750000e+03 3.355807113647460938e+01 0.000000000000000000e+00
3.701688720703125000e+03 3.428216171264648438e+01 0.000000000000000000e+00
3.702542480468750000e+03 4.740449905395507812e+01 0.000000000000000000e+00
3.703394287109375000e+03 4.988186645507812500e+01 0.000000000000000000e+00
3.704248291015625000e+03 3.845624923706054688e+01 0.000000000000000000e+00
3.705100341796875000e+03 4.408991622924804688e+01 0.000000000000000000e+00
3.705952636718750000e+03 5.430257415771484375e+01 0.000000000000000000e+00
3.706807373046875000e+03 5.068800354003906250e+01 0.000000000000000000e+00
3.707659912109375000e+03 4.400923538208007812e+01 0.000000000000000000e+00
3.708514892578125000e+03 3.763731765747070312e+01 0.000000000000000000e+00
3.709368164062500000e+03 3.427112197875976562e+01 0.000000000000000000e+00
3.710223388671875000e+03 4.408134460449218750e+01 0.000000000000000000e+00
3.711077148437500000e+03 4.147495651245117188e+01 0.000000000000000000e+00
3.711930664062500000e+03 3.169746208190917969e+01 0.000000000000000000e+00
3.712786621093750000e+03 4.877829742431640625e+01 0.000000000000000000e+00
3.713640869140625000e+03 4.955093765258789062e+01 0.000000000000000000e+00
3.714497314453125000e+03 2.033662986755371094e+01 0.000000000000000000e+00
3.715351806640625000e+03 4.731739425659179688e+01 0.000000000000000000e+00
3.716208496093750000e+03 3.457739639282226562e+01 0.000000000000000000e+00
3.717063476562500000e+03 2.256469917297363281e+01 0.000000000000000000e+00
3.717918457031250000e+03 3.137493896484375000e+01 0.000000000000000000e+00
3.718775878906250000e+03 4.231512832641601562e+01 0.000000000000000000e+00
3.719631347656250000e+03 4.003251266479492188e+01 0.000000000000000000e+00
3.720489013671875000e+03 3.808266448974609375e+01 0.000000000000000000e+00
3.721344970703125000e+03 2.217402076721191406e+01 0.000000000000000000e+00
3.722203125000000000e+03 4.285000610351562500e+01 0.000000000000000000e+00
3.723059326171875000e+03 5.871827316284179688e+01 0.000000000000000000e+00
3.723915771484375000e+03 4.774774551391601562e+01 0.000000000000000000e+00
3.724774658203125000e+03 3.152987098693847656e+01 0.000000000000000000e+00
3.725631591796875000e+03 3.638911437988281250e+01 0.000000000000000000e+00
3.726490478515625000e+03 4.069472503662109375e+01 0.000000000000000000e+00
3.727347900390625000e+03 4.004993820190429688e+01 0.000000000000000000e+00
3.728207275390625000e+03 5.138643264770507812e+01 0.000000000000000000e+00
3.729064941406250000e+03 4.993286895751953125e+01 0.000000000000000000e+00
3.729922851562500000e+03 3.075716590881347656e+01 0.000000000000000000e+00
3.730782958984375000e+03 4.695727539062500000e+01 0.000000000000000000e+00
3.731641357421875000e+03 3.290401458740234375e+01 0.000000000000000000e+00
3.732501708984375000e+03 2.649558830261230469e+01 0.000000000000000000e+00
3.733360351562500000e+03 3.443482589721679688e+01 0.000000000000000000e+00
3.734221435546875000e+03 3.332405471801757812e+01 0.000000000000000000e+00
3.735080322265625000e+03 2.440425109863281250e+01 0.000000000000000000e+00
3.735941650390625000e+03 4.508740615844726562e+01 0.000000000000000000e+00
3.736801269531250000e+03 3.635860061645507812e+01 0.000000000000000000e+00
3.737660888671875000e+03 2.860920524597167969e+01 0.000000000000000000e+00
3.738522705078125000e+03 2.226138305664062500e+01 0.000000000000000000e+00
3.739382812500000000e+03 2.220856857299804688e+01 0.000000000000000000e+00
3.740245117187500000e+03 2.981654548645019531e+01 0.000000000000000000e+00
3.741105468750000000e+03 2.896404457092285156e+01 0.000000000000000000e+00
3.741968261718750000e+03 3.705279541015625000e+01 0.000000000000000000e+00
3.742829101562500000e+03 3.706382751464843750e+01 0.000000000000000000e+00
3.743689941406250000e+03 2.995597076416015625e+01 0.000000000000000000e+00
3.744553222656250000e+03 2.540330123901367188e+01 0.000000000000000000e+00
3.745414794921875000e+03 2.820923614501953125e+01 0.000000000000000000e+00
3.746278564453125000e+03 3.213881683349609375e+01 0.000000000000000000e+00
3.747140380859375000e+03 3.253300094604492188e+01 0.000000000000000000e+00
3.748004394531250000e+03 4.015136718750000000e+01 0.000000000000000000e+00
3.748866699218750000e+03 4.142252731323242188e+01 0.000000000000000000e+00
3.749729003906250000e+03 2.817837905883789062e+01 0.000000000000000000e+00
3.750593750000000000e+03 2.106172370910644531e+01 0.000000000000000000e+00
3.751456542968750000e+03 4.784662628173828125e+01 0.000000000000000000e+00
3.752321533203125000e+03 4.045970535278320312e+01 0.000000000000000000e+00
3.753184814453125000e+03 3.360715484619140625e+01 0.000000000000000000e+00
3.754050292968750000e+03 2.131122207641601562e+01 0.000000000000000000e+00
3.754913818359375000e+03 2.181951332092285156e+01 0.000000000000000000e+00
3.755777587890625000e+03 4.229642868041992188e+01 0.000000000000000000e+00
3.756643798828125000e+03 3.782722091674804688e+01 0.000000000000000000e+00
3.757508056640625000e+03 3.358790206909179688e+01 0.000000000000000000e+00
3.758374511718750000e+03 4.277492523193359375e+01 0.000000000000000000e+00
3.759239013671875000e+03 3.247246170043945312e+01 0.000000000000000000e+00
3.760105957031250000e+03 2.825973320007324219e+01 0.000000000000000000e+00
3.760970947265625000e+03 4.333752059936523438e+01 0.000000000000000000e+00
3.761836181640625000e+03 1.967127227783203125e+01 0.000000000000000000e+00
3.762703613281250000e+03 3.904576492309570312e+01 0.000000000000000000e+00
3.763569335937500000e+03 2.399190330505371094e+01 0.000000000000000000e+00
3.764437011718750000e+03 2.461222457885742188e+01 0.000000000000000000e+00
3.765302978515625000e+03 3.833433914184570312e+01 0.000000000000000000e+00
3.766171386718750000e+03 3.269419479370117188e+01 0.000000000000000000e+00
3.767037841796875000e+03 3.302779769897460938e+01 0.000000000000000000e+00
3.767904296875000000e+03 2.480797767639160156e+01 0.000000000000000000e+00
3.768773193359375000e+03 2.971350860595703125e+01 0.000000000000000000e+00
3.769640136718750000e+03 2.666288948059082031e+01 0.000000000000000000e+00
3.770509521484375000e+03 2.025475311279296875e+01 0.000000000000000000e+00
3.771376953125000000e+03 2.693717384338378906e+01 0.000000000000000000e+00
3.772246582031250000e+03 3.396912765502929688e+01 0.000000000000000000e+00
3.773114501953125000e+03 2.980930137634277344e+01 0.000000000000000000e+00
3.773982421875000000e+03 2.228572845458984375e+01 0.000000000000000000e+00
3.774852783203125000e+03 2.114097595214843750e+01 0.000000000000000000e+00
3.775720947265625000e+03 3.013104438781738281e+01 0.000000000000000000e+00
3.776591796875000000e+03 3.504608154296875000e+01 0.000000000000000000e+00
3.777460449218750000e+03 1.724656867980957031e+01 0.000000000000000000e+00
3.778331542968750000e+03 2.953490638732910156e+01 0.000000000000000000e+00
3.779200927734375000e+03 2.830467987060546875e+01 0.000000000000000000e+00
3.780070312500000000e+03 3.035260581970214844e+01 0.000000000000000000e+00
3.780941894531250000e+03 3.166168212890625000e+01 0.000000000000000000e+00
3.781811767578125000e+03 2.271223068237304688e+01 0.000000000000000000e+00
3.782683837890625000e+03 2.683582305908203125e+01 0.000000000000000000e+00
3.783553955078125000e+03 2.324631118774414062e+01 0.000000000000000000e+00
3.784426513671875000e+03 2.395474052429199219e+01 0.000000000000000000e+00
3.785297119140625000e+03 2.075939178466796875e+01 0.000000000000000000e+00
3.786167968750000000e+03 1.802273941040039062e+01 0.000000000000000000e+00
3.787041015625000000e+03 2.330491638183593750e+01 0.000000000000000000e+00
3.787912109375000000e+03 2.545354843139648438e+01 0.000000000000000000e+00
3.788785644531250000e+03 2.119583702087402344e+01 0.000000000000000000e+00
3.789657226562500000e+03 3.096584129333496094e+01 0.000000000000000000e+00
3.790531005859375000e+03 3.026158332824707031e+01 0.000000000000000000e+00
3.791403076171875000e+03 2.555880546569824219e+01 0.000000000000000000e+00
3.792275390625000000e+03 3.076593589782714844e+01 0.000000000000000000e+00
3.793149902343750000e+03 2.598530387878417969e+01 0.000000000000000000e+00
3.794022460937500000e+03 3.240412139892578125e+01 0.000000000000000000e+00
3.794897216796875000e+03 3.661637115478515625e+01 0.000000000000000000e+00
3.795770263671875000e+03 2.528828620910644531e+01 0.000000000000000000e+00
3.796645507812500000e+03 1.213804435729980469e+01 0.000000000000000000e+00
3.797519042968750000e+03 1.640425491333007812e+01 0.000000000000000000e+00
3.798392578125000000e+03 2.923965263366699219e+01 0.000000000000000000e+00
3.799268554687500000e+03 2.724010276794433594e+01 0.000000000000000000e+00
3.800142578125000000e+03 3.109504127502441406e+01 0.000000000000000000e+00
3.801018798828125000e+03 3.082016754150390625e+01 0.000000000000000000e+00
3.801893310546875000e+03 2.576965522766113281e+01 0.000000000000000000e+00
3.802770019531250000e+03 2.789305305480957031e+01 0.000000000000000000e+00
3.803644775390625000e+03 3.666738510131835938e+01 0.000000000000000000e+00
3.804521972656250000e+03 2.318044471740722656e+01 0.000000000000000000e+00
3.805397216796875000e+03 1.827471542358398438e+01 0.000000000000000000e+00
3.806272705078125000e+03 2.009305000305175781e+01 0.000000000000000000e+00
3.807150390625000000e+03 2.394629669189453125e+01 0.000000000000000000e+00
3.808026123046875000e+03 2.889995002746582031e+01 0.000000000000000000e+00
3.808904296875000000e+03 2.696574020385742188e+01 0.000000000000000000e+00
3.809780517578125000e+03 1.162813282012939453e+01 0.000000000000000000e+00
3.810658935546875000e+03 2.896802520751953125e+01 0.000000000000000000e+00
3.811535644531250000e+03 3.293274688720703125e+01 0.000000000000000000e+00
3.812412597656250000e+03 2.479345130920410156e+01 0.000000000000000000e+00
3.813291748046875000e+03 2.783901023864746094e+01 0.000000000000000000e+00
3.814168945312500000e+03 1.818924903869628906e+01 0.000000000000000000e+00
3.815048339843750000e+03 2.419240188598632812e+01 0.000000000000000000e+00
3.815926025390625000e+03 2.224013710021972656e+01 0.000000000000000000e+00
3.816805908203125000e+03 2.492560577392578125e+01 0.000000000000000000e+00
3.817684082031250000e+03 2.637165451049804688e+01 0.000000000000000000e+00
3.818562255859375000e+03 1.741749954223632812e+01 0.000000000000000000e+00
3.819442871093750000e+03 1.851649475097656250e+01 0.000000000000000000e+00
3.820321533203125000e+03 2.304303741455078125e+01 0.000000000000000000e+00
3.821202392578125000e+03 2.116589736938476562e+01 0.000000000000000000e+00
3.822081542968750000e+03 1.783620834350585938e+01 0.000000000000000000e+00
3.822962890625000000e+03 2.008911514282226562e+01 0.000000000000000000e+00
3.823842285156250000e+03 2.401371765136718750e+01 0.000000000000000000e+00
3.824721923828125000e+03 1.865031814575195312e+01 0.000000000000000000e+00
3.825604003906250000e+03 2.737130546569824219e+01 0.000000000000000000e+00
3.826484130859375000e+03 2.308457946777343750e+01 0.000000000000000000e+00
3.827366455078125000e+03 2.115052986145019531e+01 0.000000000000000000e+00
3.828246826171875000e+03 2.567613601684570312e+01 0.000000000000000000e+00
3.829129638671875000e+03 2.609477233886718750e+01 0.000000000000000000e+00
3.830010498046875000e+03 2.096466255187988281e+01 0.000000000000000000e+00
3.830891601562500000e+03 1.392510986328125000e+01 0.000000000000000000e+00
3.831775146484375000e+03 2.954094696044921875e+01 0.000000000000000000e+00
3.832656494140625000e+03 2.027655601501464844e+01 0.000000000000000000e+00
3.833540283203125000e+03 8.595748901367187500e+00 0.000000000000000000e+00
3.834422363281250000e+03 2.761557579040527344e+01 0.000000000000000000e+00
3.835306396484375000e+03 2.530413627624511719e+01 0.000000000000000000e+00
3.836188720703125000e+03 2.593462562561035156e+01 0.000000000000000000e+00
3.837071289062500000e+03 1.978895950317382812e+01 0.000000000000000000e+00
3.837956054687500000e+03 1.983376884460449219e+01 0.000000000000000000e+00
3.838839111328125000e+03 2.407225799560546875e+01 0.000000000000000000e+00
3.839724365234375000e+03 2.597168922424316406e+01 0.000000000000000000e+00
3.840607666015625000e+03 3.361196136474609375e+01 0.000000000000000000e+00
3.841493164062500000e+03 2.497998619079589844e+01 0.000000000000000000e+00
3.842376953125000000e+03 3.068725967407226562e+01 0.000000000000000000e+00
3.843260986328125000e+03 2.908533859252929688e+01 0.000000000000000000e+00
3.844147216796875000e+03 1.885512542724609375e+01 0.000000000000000000e+00
3.845031494140625000e+03 1.923529243469238281e+01 0.000000000000000000e+00
3.845918212890625000e+03 2.945297050476074219e+01 0.000000000000000000e+00
3.846802978515625000e+03 2.904551696777343750e+01 0.000000000000000000e+00
3.847689941406250000e+03 1.990695381164550781e+01 0.000000000000000000e+00
3.848575195312500000e+03 2.282388305664062500e+01 0.000000000000000000e+00
3.849460449218750000e+03 2.477641296386718750e+01 0.000000000000000000e+00
3.850348144531250000e+03 1.738963127136230469e+01 0.000000000000000000e+00
3.851233886718750000e+03 3.235443115234375000e+01 0.000000000000000000e+00
3.852122070312500000e+03 2.229953765869140625e+01 0.000000000000000000e+00
3.853008300781250000e+03 1.732925796508789062e+01 0.000000000000000000e+00
3.853896728515625000e+03 1.912759971618652344e+01 0.000000000000000000e+00
3.854783203125000000e+03 1.960723876953125000e+01 0.000000000000000000e+00
3.855670166015625000e+03 1.818141365051269531e+01 0.000000000000000000e+00
3.856559082031250000e+03 2.138593482971191406e+01 0.000000000000000000e+00
3.857446289062500000e+03 2.294099998474121094e+01 0.000000000000000000e+00
3.858335937500000000e+03 2.123206520080566406e+01 0.000000000000000000e+00
3.859223388671875000e+03 2.067148780822753906e+01 0.000000000000000000e+00
3.860113525390625000e+03 2.429546165466308594e+01 0.000000000000000000e+00
3.861001464843750000e+03 2.549575233459472656e+01 0.000000000000000000e+00
3.861889648437500000e+03 1.488530635833740234e+01 0.000000000000000000e+00
3.862780273437500000e+03 2.296123695373535156e+01 0.000000000000000000e+00
3.863668945312500000e+03 2.478077507019042969e+01 0.000000000000000000e+00
3.864559814453125000e+03 2.609768486022949219e+01 0.000000000000000000e+00
3.865448730468750000e+03 2.494623374938964844e+01 0.000000000000000000e+00
3.866340087890625000e+03 1.985564613342285156e+01 0.000000000000000000e+00
3.867229736328125000e+03 2.585471343994140625e+01 0.000000000000000000e+00
3.868121337890625000e+03 1.549592971801757812e+01 0.000000000000000000e+00
3.869011230468750000e+03 2.744905853271484375e+01 0.000000000000000000e+00
3.869901367187500000e+03 2.836762237548828125e+01 0.000000000000000000e+00
3.870793701171875000e+03 2.029573059082031250e+01 0.000000000000000000e+00
3.871684082031250000e+03 2.363490295410156250e+01 0.000000000000000000e+00
3.872576904296875000e+03 1.968145751953125000e+01 0.000000000000000000e+00
3.873467773437500000e+03 3.155203247070312500e+01 0.000000000000000000e+00
3.874361083984375000e+03 3.302727127075195312e+01 0.000000000000000000e+00
3.875252441406250000e+03 2.405923843383789062e+01 0.000000000000000000e+00
3.876143798828125000e+03 1.770416450500488281e+01 0.000000000000000000e+00
3.877037597656250000e+03 2.092313003540039062e+01 0.000000000000000000e+00
3.877929687500000000e+03 2.520674324035644531e+01 0.000000000000000000e+00
3.878823730468750000e+03 2.266838645935058594e+01 0.000000000000000000e+00
3.879716064453125000e+03 1.871232795715332031e+01 0.000000000000000000e+00
3.880610839843750000e+03 2.157290840148925781e+01 0.000000000000000000e+00
3.881503662109375000e+03 2.224316978454589844e+01 0.000000000000000000e+00
3.882396484375000000e+03 1.856285095214843750e+01 0.000000000000000000e+00
3.883291748046875000e+03 3.080776023864746094e+01 0.000000000000000000e+00
3.884185058593750000e+03 2.295803642272949219e+01 0.000000000000000000e+00
3.885080810546875000e+03 2.503036880493164062e+01 0.000000000000000000e+00
3.885974609375000000e+03 2.861312675476074219e+01 0.000000000000000000e+00
3.886870605468750000e+03 2.788326835632324219e+01 0.000000000000000000e+00
3.887764892578125000e+03 2.532193946838378906e+01 0.000000000000000000e+00
3.888659179687500000e+03 2.021383857727050781e+01 0.000000000000000000e+00
3.889555908203125000e+03 3.254800033569335938e+01 0.000000000000000000e+00
3.890450683593750000e+03 3.180814933776855469e+01 0.000000000000000000e+00
3.891347900390625000e+03 2.350305175781250000e+01 0.000000000000000000e+00
3.892242919921875000e+03 2.178360748291015625e+01 0.000000000000000000e+00
3.893140625000000000e+03 2.670497512817382812e+01 0.000000000000000000e+00
3.894036132812500000e+03 2.348667716979980469e+01 0.000000000000000000e+00
3.894931884765625000e+03 1.821190452575683594e+01 0.000000000000000000e+00
3.895830078125000000e+03 1.990182304382324219e+01 0.000000000000000000e+00
3.896726318359375000e+03 2.400482177734375000e+01 0.000000000000000000e+00
3.897625000000000000e+03 2.539923477172851562e+01 0.000000000000000000e+00
3.898521484375000000e+03 2.446450805664062500e+01 0.000000000000000000e+00
3.899420654296875000e+03 2.528344154357910156e+01 0.000000000000000000e+00
3.900317626953125000e+03 2.594770050048828125e+01 0.000000000000000000e+00
3.901214843750000000e+03 2.450867080688476562e+01 0.000000000000000000e+00
3.902114501953125000e+03 2.090765190124511719e+01 0.000000000000000000e+00
3.903012207031250000e+03 1.683691787719726562e+01 0.000000000000000000e+00
3.903912109375000000e+03 1.654507064819335938e+01 0.000000000000000000e+00
3.904810302734375000e+03 2.362600898742675781e+01 0.000000000000000000e+00
3.905710693359375000e+03 2.699020767211914062e+01 0.000000000000000000e+00
3.906609375000000000e+03 2.799172019958496094e+01 0.000000000000000000e+00
3.907508056640625000e+03 2.435929107666015625e+01 0.000000000000000000e+00
3.908408935546875000e+03 2.329122924804687500e+01 0.000000000000000000e+00
3.909308105468750000e+03 2.538182067871093750e+01 0.000000000000000000e+00
3.910209716796875000e+03 1.435365200042724609e+01 0.000000000000000000e+00
3.911109130859375000e+03 2.011590194702148438e+01 0.000000000000000000e+00
3.912010986328125000e+03 2.174689292907714844e+01 0.000000000000000000e+00
3.912911132812500000e+03 2.326008224487304688e+01 0.000000000000000000e+00
3.913811279296875000e+03 2.607682228088378906e+01 0.000000000000000000e+00
3.914713623046875000e+03 2.527935028076171875e+01 0.000000000000000000e+00
3.915614257812500000e+03 2.331202697753906250e+01 0.000000000000000000e+00
3.916517089843750000e+03 2.374130821228027344e+01 0.000000000000000000e+00
3.917418212890625000e+03 2.356326866149902344e+01 0.000000000000000000e+00
3.918321533203125000e+03 2.796526908874511719e+01 0.000000000000000000e+00
3.919222900390625000e+03 2.825608634948730469e+01 0.000000000000000000e+00
3.920124511718750000e+03 1.871374320983886719e+01 0.000000000000000000e+00
3.921028564453125000e+03 1.715467643737792969e+01 0.000000000000000000e+00
3.921930664062500000e+03 1.384121513366699219e+01 0.000000000000000000e+00
3.922834960937500000e+03 1.745880317687988281e+01 0.000000000000000000e+00
3.923737304687500000e+03 2.088629722595214844e+01 0.000000000000000000e+00
3.924642089843750000e+03 2.327410507202148438e+01 0.000000000000000000e+00
3.925545166015625000e+03 2.547927093505859375e+01 0.000000000000000000e+00
3.926447998046875000e+03 1.870144462585449219e+01 0.000000000000000000e+00
3.927353515625000000e+03 1.455091094970703125e+01 0.000000000000000000e+00
3.928257080078125000e+03 1.677912712097167969e+01 0.000000000000000000e+00
3.929162841796875000e+03 1.533414363861083984e+01 0.000000000000000000e+00
3.930066894531250000e+03 1.696967697143554688e+01 0.000000000000000000e+00
3.930973144531250000e+03 2.387266349792480469e+01 0.000000000000000000e+00
3.931877441406250000e+03 1.323487758636474609e+01 0.000000000000000000e+00
3.932781982421875000e+03 1.904821014404296875e+01 0.000000000000000000e+00
3.933688720703125000e+03 1.309889221191406250e+01 0.000000000000000000e+00
3.934593750000000000e+03 1.516008853912353516e+01 0.000000000000000000e+00
3.935500976562500000e+03 2.198413085937500000e+01 0.000000000000000000e+00
3.936406250000000000e+03 1.888916778564453125e+01 0.000000000000000000e+00
3.937314208984375000e+03 2.176474380493164062e+01 0.000000000000000000e+00
3.938219970703125000e+03 1.241082000732421875e+01 0.000000000000000000e+00
3.939127929687500000e+03 2.033672904968261719e+01 0.000000000000000000e+00
3.940034179687500000e+03 2.262959861755371094e+01 0.000000000000000000e+00
3.940940673828125000e+03 1.612741851806640625e+01 0.000000000000000000e+00
3.941849365234375000e+03 1.708575820922851562e+01 0.000000000000000000e+00
3.942756103515625000e+03 2.007828521728515625e+01 0.000000000000000000e+00
3.943665283203125000e+03 1.690932464599609375e+01 0.000000000000000000e+00
3.944572509765625000e+03 1.879332923889160156e+01 0.000000000000000000e+00
3.945482177734375000e+03 2.109158706665039062e+01 0.000000000000000000e+00
3.946389892578125000e+03 1.970972824096679688e+01 0.000000000000000000e+00
3.947297851562500000e+03 1.837305641174316406e+01 0.000000000000000000e+00
3.948208007812500000e+03 2.252482032775878906e+01 0.000000000000000000e+00
3.949116210937500000e+03 2.338066482543945312e+01 0.000000000000000000e+00
3.950026855468750000e+03 2.180406570434570312e+01 0.000000000000000000e+00
3.950935546875000000e+03 2.009852600097656250e+01 0.000000000000000000e+00
3.951846679687500000e+03 2.037365150451660156e+01 0.000000000000000000e+00
3.952755859375000000e+03 1.932071495056152344e+01 0.000000000000000000e+00
3.953665039062500000e+03 1.248083305358886719e+01 0.000000000000000000e+00
3.954576904296875000e+03 2.797263145446777344e+01 0.000000000000000000e+00
3.955486572265625000e+03 2.242264747619628906e+01 0.000000000000000000e+00
3.956398681640625000e+03 1.782326316833496094e+01 0.000000000000000000e+00
3.957308837890625000e+03 1.987096023559570312e+01 0.000000000000000000e+00
3.958221435546875000e+03 1.638702201843261719e+01 0.000000000000000000e+00
3.959132080078125000e+03 1.886262321472167969e+01 0.000000000000000000e+00
3.960042724609375000e+03 2.283247947692871094e+01 0.000000000000000000e+00
3.960956054687500000e+03 2.380269813537597656e+01 0.000000000000000000e+00
3.961867187500000000e+03 2.017678260803222656e+01 0.000000000000000000e+00
3.962780761718750000e+03 1.626043128967285156e+01 0.000000000000000000e+00
3.963692382812500000e+03 1.752934265136718750e+01 0.000000000000000000e+00
3.964606445312500000e+03 2.206951332092285156e+01 0.000000000000000000e+00
3.965518554687500000e+03 2.132456398010253906e+01 0.000000000000000000e+00
3.966430664062500000e+03 2.024160385131835938e+01 0.000000000000000000e+00
3.967345458984375000e+03 1.984083175659179688e+01 0.000000000000000000e+00
3.968258056640625000e+03 1.842166328430175781e+01 0.000000000000000000e+00
3.969173095703125000e+03 1.569275665283203125e+01 0.000000000000000000e+00
3.970086181640625000e+03 1.501084995269775391e+01 0.000000000000000000e+00
3.971001708984375000e+03 1.788546943664550781e+01 0.000000000000000000e+00
3.971915283203125000e+03 1.868685340881347656e+01 0.000000000000000000e+00
3.972829101562500000e+03 1.755977249145507812e+01 0.000000000000000000e+00
3.973745117187500000e+03 2.011310958862304688e+01 0.000000000000000000e+00
3.974659179687500000e+03 2.461175537109375000e+01 0.000000000000000000e+00
3.975575927734375000e+03 1.820083999633789062e+01 0.000000000000000000e+00
3.976490478515625000e+03 2.154097938537597656e+01 0.000000000000000000e+00
3.977407470703125000e+03 2.334452819824218750e+01 0.000000000000000000e+00
3.978322509765625000e+03 2.267845153808593750e+01 0.000000000000000000e+00
3.979237548828125000e+03 2.269145393371582031e+01 0.000000000000000000e+00
3.980155273437500000e+03 2.341474533081054688e+01 0.000000000000000000e+00
3.981070800781250000e+03 2.174658584594726562e+01 0.000000000000000000e+00
3.981988769531250000e+03 2.039945602416992188e+01 0.000000000000000000e+00
3.982904785156250000e+03 1.604964065551757812e+01 0.000000000000000000e+00
3.983823242187500000e+03 1.638515472412109375e+01 0.000000000000000000e+00
3.984739746093750000e+03 1.860651206970214844e+01 0.000000000000000000e+00
3.985656494140625000e+03 1.768856430053710938e+01 0.000000000000000000e+00
3.986575683593750000e+03 2.223977851867675781e+01 0.000000000000000000e+00
3.987492675781250000e+03 2.225907325744628906e+01 0.000000000000000000e+00
3.988412109375000000e+03 2.159550285339355469e+01 0.000000000000000000e+00
3.989329833984375000e+03 2.064160728454589844e+01 0.000000000000000000e+00
3.990249755859375000e+03 2.084223747253417969e+01 0.000000000000000000e+00
3.991167724609375000e+03 2.319126701354980469e+01 0.000000000000000000e+00
3.992085693359375000e+03 2.312154006958007812e+01 0.000000000000000000e+00
3.993006347656250000e+03 1.780155944824218750e+01 0.000000000000000000e+00
3.993925048828125000e+03 2.045423316955566406e+01 0.000000000000000000e+00
3.994845947265625000e+03 2.117173194885253906e+01 0.000000000000000000e+00
3.995764892578125000e+03 2.102123641967773438e+01 0.000000000000000000e+00
3.996686279296875000e+03 2.445011520385742188e+01 0.000000000000000000e+00
3.997605712890625000e+03 1.848941993713378906e+01 0.000000000000000000e+00
3.998525390625000000e+03 1.740966987609863281e+01 0.000000000000000000e+00
3.999447509765625000e+03 1.847882270812988281e+01 0.000000000000000000e+00
4.000367431640625000e+03 1.641194152832031250e+01 0.000000000000000000e+00
4.001290039062500000e+03 1.661179924011230469e+01 0.000000000000000000e+00
4.002210449218750000e+03 2.210066986083984375e+01 0.000000000000000000e+00
4.003133300781250000e+03 1.993904304504394531e+01 0.000000000000000000e+00
4.004054443359375000e+03 2.036081695556640625e+01 0.000000000000000000e+00
4.004975341796875000e+03 1.831622886657714844e+01 0.000000000000000000e+00
4.005898925781250000e+03 1.967829704284667969e+01 0.000000000000000000e+00
4.006820556640625000e+03 1.829797172546386719e+01 0.000000000000000000e+00
4.007744628906250000e+03 1.192263126373291016e+01 0.000000000000000000e+00
4.008666503906250000e+03 2.060522270202636719e+01 0.000000000000000000e+00
4.009590820312500000e+03 1.638823699951171875e+01 0.000000000000000000e+00
4.010513183593750000e+03 1.743738365173339844e+01 0.000000000000000000e+00
4.011437988281250000e+03 2.296770858764648438e+01 0.000000000000000000e+00
4.012360839843750000e+03 2.400733184814453125e+01 0.000000000000000000e+00
4.013283935546875000e+03 1.807830429077148438e+01 0.000000000000000000e+00
4.014209472656250000e+03 1.461810779571533203e+01 0.000000000000000000e+00
4.015132812500000000e+03 1.964523124694824219e+01 0.000000000000000000e+00
4.016058837890625000e+03 1.688662147521972656e+01 0.000000000000000000e+00
4.016982666015625000e+03 1.815449714660644531e+01 0.000000000000000000e+00
4.017908935546875000e+03 2.071359443664550781e+01 0.000000000000000000e+00
4.018833251953125000e+03 1.615063858032226562e+01 0.000000000000000000e+00
4.019757812500000000e+03 1.944180297851562500e+01 0.000000000000000000e+00
4.020684814453125000e+03 2.087630844116210938e+01 0.000000000000000000e+00
4.021609619140625000e+03 2.152232933044433594e+01 0.000000000000000000e+00
4.022537109375000000e+03 1.990201759338378906e+01 0.000000000000000000e+00
4.023462402343750000e+03 1.603626441955566406e+01 0.000000000000000000e+00
4.024390136718750000e+03 1.422111225128173828e+01 0.000000000000000000e+00
4.025316162109375000e+03 1.972079467773437500e+01 0.000000000000000000e+00
4.026242187500000000e+03 2.511829185485839844e+01 0.000000000000000000e+00
4.027170410156250000e+03 1.791848373413085938e+01 0.000000000000000000e+00
4.028096923828125000e+03 1.594569969177246094e+01 0.000000000000000000e+00
4.029025878906250000e+03 2.249436950683593750e+01 0.000000000000000000e+00
4.029952636718750000e+03 2.337987899780273438e+01 0.000000000000000000e+00
4.030882080078125000e+03 1.535409164428710938e+01 0.000000000000000000e+00
4.031809326171875000e+03 1.734920501708984375e+01 0.000000000000000000e+00
4.032736816406250000e+03 1.631674385070800781e+01 0.000000000000000000e+00
4.033666748046875000e+03 1.463952445983886719e+01 0.000000000000000000e+00
4.034594726562500000e+03 1.470829582214355469e+01 0.000000000000000000e+00
4.035525146484375000e+03 1.499709892272949219e+01 0.000000000000000000e+00
4.036453369140625000e+03 1.652916717529296875e+01 0.000000000000000000e+00
4.037384277343750000e+03 1.721230888366699219e+01 0.000000000000000000e+00
4.038312988281250000e+03 2.074535942077636719e+01 0.000000000000000000e+00
4.039241943359375000e+03 1.863918113708496094e+01 0.000000000000000000e+00
4.040173583984375000e+03 1.488046264648437500e+01 0.000000000000000000e+00
4.041103027343750000e+03 1.668617439270019531e+01 0.000000000000000000e+00
4.042034667968750000e+03 1.412414932250976562e+01 0.000000000000000000e+00
4.042964599609375000e+03 1.494670009613037109e+01 0.000000000000000000e+00
4.043896972656250000e+03 1.512961483001708984e+01 0.000000000000000000e+00
4.044827148437500000e+03 1.971435165405273438e+01 0.000000000000000000e+00
4.045757812500000000e+03 2.028947830200195312e+01 0.000000000000000000e+00
4.046690673828125000e+03 1.306872844696044922e+01 0.000000000000000000e+00
4.047621582031250000e+03 2.077779769897460938e+01 0.000000000000000000e+00
4.048554931640625000e+03 1.853965950012207031e+01 0.000000000000000000e+00
4.049486328125000000e+03 2.118773460388183594e+01 0.000000000000000000e+00
4.050420166015625000e+03 1.917533111572265625e+01 0.000000000000000000e+00
4.051352050781250000e+03 1.324246120452880859e+01 0.000000000000000000e+00
4.052283935546875000e+03 1.480709457397460938e+01 0.000000000000000000e+00
4.053218505859375000e+03 2.017171478271484375e+01 0.000000000000000000e+00
4.054150878906250000e+03 1.842740631103515625e+01 0.000000000000000000e+00
4.055085693359375000e+03 2.030058288574218750e+01 0.000000000000000000e+00
4.056018554687500000e+03 2.043394470214843750e+01 0.000000000000000000e+00
4.056953857421875000e+03 1.752075004577636719e+01 0.000000000000000000e+00
4.057887207031250000e+03 1.718277549743652344e+01 0.000000000000000000e+00
4.058820800781250000e+03 1.902851867675781250e+01 0.000000000000000000e+00
4.059756591796875000e+03 1.479510498046875000e+01 0.000000000000000000e+00
4.060690673828125000e+03 2.259667396545410156e+01 0.000000000000000000e+00
4.061626953125000000e+03 1.988601112365722656e+01 0.000000000000000000e+00
4.062561279296875000e+03 1.665798377990722656e+01 0.000000000000000000e+00
4.063498291015625000e+03 2.838339614868164062e+01 0.000000000000000000e+00
4.064433105468750000e+03 1.728944015502929688e+01 0.000000000000000000e+00
4.065367919921875000e+03 1.619929313659667969e+01 0.000000000000000000e+00
4.066305419921875000e+03 1.996742057800292969e+01 0.000000000000000000e+00
4.067240966796875000e+03 1.875537300109863281e+01 0.000000000000000000e+00
4.068178710937500000e+03 1.661510276794433594e+01 0.000000000000000000e+00
4.069114746093750000e+03 2.025937652587890625e+01 0.000000000000000000e+00
4.070052978515625000e+03 2.151433944702148438e+01 0.000000000000000000e+00
4.070989257812500000e+03 2.116916847229003906e+01 0.000000000000000000e+00
4.071925781250000000e+03 2.105094146728515625e+01 0.000000000000000000e+00
4.072864746093750000e+03 1.962993240356445312e+01 0.000000000000000000e+00
4.073801757812500000e+03 1.782810592651367188e+01 0.000000000000000000e+00
4.074741210937500000e+03 1.903248596191406250e+01 0.000000000000000000e+00
4.075678710937500000e+03 2.228059768676757812e+01 0.000000000000000000e+00
4.076618408203125000e+03 1.505615329742431641e+01 0.000000000000000000e+00
4.077556152343750000e+03 1.617366218566894531e+01 0.000000000000000000e+00
4.078494384765625000e+03 2.050609397888183594e+01 0.000000000000000000e+00
4.079434814453125000e+03 2.028289031982421875e+01 0.000000000000000000e+00
4.080373291015625000e+03 1.632026290893554688e+01 0.000000000000000000e+00
4.081314208984375000e+03 1.519864845275878906e+01 0.000000000000000000e+00
4.082253173828125000e+03 2.236650848388671875e+01 0.000000000000000000e+00
4.083194335937500000e+03 1.539499759674072266e+01 0.000000000000000000e+00
4.084133789062500000e+03 1.555208683013916016e+01 0.000000000000000000e+00
4.085075683593750000e+03 1.983337211608886719e+01 0.000000000000000000e+00
4.086015380859375000e+03 1.323781299591064453e+01 0.000000000000000000e+00
4.086955322265625000e+03 1.727515983581542969e+01 0.000000000000000000e+00
4.087897705078125000e+03 1.522476863861083984e+01 0.000000000000000000e+00
4.088838134765625000e+03 2.141060447692871094e+01 0.000000000000000000e+00
4.089781005859375000e+03 1.873428916931152344e+01 0.000000000000000000e+00
4.090721923828125000e+03 1.322600269317626953e+01 0.000000000000000000e+00
4.091665283203125000e+03 1.903561782836914062e+01 0.000000000000000000e+00
4.092606445312500000e+03 1.476500606536865234e+01 0.000000000000000000e+00
4.093548095703125000e+03 1.916094779968261719e+01 0.000000000000000000e+00
4.094491943359375000e+03 1.581259632110595703e+01 0.000000000000000000e+00
4.095433837890625000e+03 1.540616130828857422e+01 0.000000000000000000e+00
4.096378417968750000e+03 1.980165100097656250e+01 0.000000000000000000e+00
4.097320800781250000e+03 2.006158065795898438e+01 0.000000000000000000e+00
4.098265625000000000e+03 1.907364654541015625e+01 0.000000000000000000e+00
4.099208496093750000e+03 1.623645973205566406e+01 0.000000000000000000e+00
4.100151367187500000e+03 1.656290435791015625e+01 0.000000000000000000e+00
4.101096679687500000e+03 1.944548416137695312e+01 0.000000000000000000e+00
4.102040039062500000e+03 2.092758750915527344e+01 0.000000000000000000e+00
4.102986328125000000e+03 1.941084861755371094e+01 0.000000000000000000e+00
4.103930175781250000e+03 1.936081504821777344e+01 0.000000000000000000e+00
4.104876464843750000e+03 2.065749931335449219e+01 0.000000000000000000e+00
4.105820800781250000e+03 1.612787055969238281e+01 0.000000000000000000e+00
4.106765136718750000e+03 1.447607421875000000e+01 0.000000000000000000e+00
4.107712402343750000e+03 1.749615859985351562e+01 0.000000000000000000e+00
4.108657226562500000e+03 1.859663581848144531e+01 0.000000000000000000e+00
4.109604492187500000e+03 1.714214706420898438e+01 0.000000000000000000e+00
4.110550292968750000e+03 1.744039535522460938e+01 0.000000000000000000e+00
4.111498046875000000e+03 2.155959129333496094e+01 0.000000000000000000e+00
4.112443847656250000e+03 2.097223663330078125e+01 0.000000000000000000e+00
4.113389648437500000e+03 1.734512710571289062e+01 0.000000000000000000e+00
4.114338378906250000e+03 1.820381927490234375e+01 0.000000000000000000e+00
4.115285156250000000e+03 1.946326446533203125e+01 0.000000000000000000e+00
4.116233886718750000e+03 1.910336685180664062e+01 0.000000000000000000e+00
4.117180664062500000e+03 1.868877220153808594e+01 0.000000000000000000e+00
4.118130371093750000e+03 1.877777290344238281e+01 0.000000000000000000e+00
4.119077636718750000e+03 1.866820144653320312e+01 0.000000000000000000e+00
4.120025390625000000e+03 1.758627510070800781e+01 0.000000000000000000e+00
4.120975097656250000e+03 1.633939552307128906e+01 0.000000000000000000e+00
4.121923339843750000e+03 1.735913848876953125e+01 0.000000000000000000e+00
4.122874023437500000e+03 1.819715690612792969e+01 0.000000000000000000e+00
4.123822265625000000e+03 1.914912796020507812e+01 0.000000000000000000e+00
4.124773437500000000e+03 2.020304489135742188e+01 0.000000000000000000e+00
4.125722167968750000e+03 1.984530258178710938e+01 0.000000000000000000e+00
4.126671386718750000e+03 1.713327026367187500e+01 0.000000000000000000e+00
4.127623046875000000e+03 1.508921432495117188e+01 0.000000000000000000e+00
4.128572265625000000e+03 1.295779418945312500e+01 0.000000000000000000e+00
4.129524414062500000e+03 1.469156360626220703e+01 0.000000000000000000e+00
4.130474609375000000e+03 1.653853988647460938e+01 0.000000000000000000e+00
4.131426757812500000e+03 1.611531829833984375e+01 0.000000000000000000e+00
4.132377441406250000e+03 2.279641532897949219e+01 0.000000000000000000e+00
4.133328125000000000e+03 1.200550556182861328e+01 0.000000000000000000e+00
4.134281250000000000e+03 1.837582588195800781e+01 0.000000000000000000e+00
4.135232421875000000e+03 1.847383308410644531e+01 0.000000000000000000e+00
4.136185546875000000e+03 1.334145545959472656e+01 0.000000000000000000e+00
4.137137207031250000e+03 2.022076225280761719e+01 0.000000000000000000e+00
4.138091308593750000e+03 1.421387386322021484e+01 0.000000000000000000e+00
4.139043457031250000e+03 1.653256797790527344e+01 0.000000000000000000e+00
4.139995605468750000e+03 1.929020881652832031e+01 0.000000000000000000e+00
4.140950195312500000e+03 1.937121582031250000e+01 0.000000000000000000e+00
4.141902832031250000e+03 1.873596763610839844e+01 0.000000000000000000e+00
4.142857910156250000e+03 2.041470527648925781e+01 0.000000000000000000e+00
4.143811035156250000e+03 2.400523757934570312e+01 0.000000000000000000e+00
4.144766601562500000e+03 1.802928352355957031e+01 0.000000000000000000e+00
4.145720214843750000e+03 1.722668647766113281e+01 0.000000000000000000e+00
4.146673828125000000e+03 2.237246513366699219e+01 0.000000000000000000e+00
4.147629882812500000e+03 2.338243865966796875e+01 0.000000000000000000e+00
4.148583984375000000e+03 1.833965492248535156e+01 0.000000000000000000e+00
4.149540527343750000e+03 2.249121665954589844e+01 0.000000000000000000e+00
4.150495117187500000e+03 1.562709999084472656e+01 0.000000000000000000e+00
4.151452636718750000e+03 2.067155075073242188e+01 0.000000000000000000e+00
4.152407226562500000e+03 1.993103218078613281e+01 0.000000000000000000e+00
4.153362792968750000e+03 1.634505081176757812e+01 0.000000000000000000e+00
4.154320312500000000e+03 2.404552268981933594e+01 0.000000000000000000e+00
4.155276367187500000e+03 2.067904853820800781e+01 0.000000000000000000e+00
4.156234375000000000e+03 2.297571182250976562e+01 0.000000000000000000e+00
4.157190429687500000e+03 2.375324821472167969e+01 0.000000000000000000e+00
4.158148925781250000e+03 2.246354103088378906e+01 0.000000000000000000e+00
4.159105468750000000e+03 1.852861404418945312e+01 0.000000000000000000e+00
4.160064941406250000e+03 1.615423965454101562e+01 0.000000000000000000e+00
4.161021972656250000e+03 2.658967590332031250e+01 0.000000000000000000e+00
4.161979003906250000e+03 1.800621986389160156e+01 0.000000000000000000e+00
4.162938964843750000e+03 2.132126426696777344e+01 0.000000000000000000e+00
4.163896484375000000e+03 2.254532623291015625e+01 0.000000000000000000e+00
4.164856445312500000e+03 1.782073020935058594e+01 0.000000000000000000e+00
4.165814941406250000e+03 1.866014862060546875e+01 0.000000000000000000e+00
4.166775390625000000e+03 1.797222137451171875e+01 0.000000000000000000e+00
4.167733886718750000e+03 2.427299308776855469e+01 0.000000000000000000e+00
4.168692871093750000e+03 1.866902732849121094e+01 0.000000000000000000e+00
4.169653808593750000e+03 1.917361068725585938e+01 0.000000000000000000e+00
4.170613281250000000e+03 2.465128326416015625e+01 0.000000000000000000e+00
4.171575195312500000e+03 2.110201644897460938e+01 0.000000000000000000e+00
4.172534667968750000e+03 2.439766883850097656e+01 0.000000000000000000e+00
4.173497070312500000e+03 2.514275360107421875e+01 0.000000000000000000e+00
4.174457031250000000e+03 1.862449264526367188e+01 0.000000000000000000e+00
4.175417480468750000e+03 2.011107635498046875e+01 0.000000000000000000e+00
4.176379882812500000e+03 2.489994621276855469e+01 0.000000000000000000e+00
4.177340820312500000e+03 2.055598831176757812e+01 0.000000000000000000e+00
4.178304199218750000e+03 2.227667236328125000e+01 0.000000000000000000e+00
4.179265136718750000e+03 1.975253677368164062e+01 0.000000000000000000e+00
4.180229003906250000e+03 2.383563423156738281e+01 0.000000000000000000e+00
4.181190917968750000e+03 2.403193473815917969e+01 0.000000000000000000e+00
4.182152832031250000e+03 2.019991111755371094e+01 0.000000000000000000e+00
4.183117187500000000e+03 2.229956626892089844e+01 0.000000000000000000e+00
4.184079589843750000e+03 2.500148010253906250e+01 0.000000000000000000e+00
4.185044433593750000e+03 2.097876930236816406e+01 0.000000000000000000e+00
4.186006835937500000e+03 1.845654869079589844e+01 0.000000000000000000e+00
4.186972167968750000e+03 1.925916671752929688e+01 0.000000000000000000e+00
4.187935546875000000e+03 1.958630180358886719e+01 0.000000000000000000e+00
4.188898925781250000e+03 1.879230880737304688e+01 0.000000000000000000e+00
4.189864746093750000e+03 2.374264717102050781e+01 0.000000000000000000e+00
4.190828613281250000e+03 2.370910072326660156e+01 0.000000000000000000e+00
4.191794921875000000e+03 1.759120368957519531e+01 0.000000000000000000e+00
4.192759277343750000e+03 1.880678176879882812e+01 0.000000000000000000e+00
4.193726074218750000e+03 2.388828659057617188e+01 0.000000000000000000e+00
4.194690917968750000e+03 2.097073173522949219e+01 0.000000000000000000e+00
4.195655761718750000e+03 1.977215194702148438e+01 0.000000000000000000e+00
4.196623535156250000e+03 2.394495582580566406e+01 0.000000000000000000e+00
4.197588867187500000e+03 2.203595161437988281e+01 0.000000000000000000e+00
4.198557128906250000e+03 2.025656509399414062e+01 0.000000000000000000e+00
4.199522949218750000e+03 2.016810035705566406e+01 0.000000000000000000e+00
4.200491210937500000e+03 1.841045761108398438e+01 0.000000000000000000e+00
4.201457519531250000e+03 2.060313606262207031e+01 0.000000000000000000e+00
4.202423828125000000e+03 1.910298347473144531e+01 0.000000000000000000e+00
4.203393066406250000e+03 1.868669700622558594e+01 0.000000000000000000e+00
4.204359863281250000e+03 1.826501274108886719e+01 0.000000000000000000e+00
4.205329589843750000e+03 1.951932525634765625e+01 0.000000000000000000e+00
4.206296875000000000e+03 2.218073654174804688e+01 0.000000000000000000e+00
4.207267089843750000e+03 1.693175697326660156e+01 0.000000000000000000e+00
4.208234863281250000e+03 2.103479576110839844e+01 0.000000000000000000e+00
4.209203125000000000e+03 1.841668701171875000e+01 0.000000000000000000e+00
4.210173828125000000e+03 1.686501693725585938e+01 0.000000000000000000e+00
4.211142089843750000e+03 1.967348861694335938e+01 0.000000000000000000e+00
4.212113281250000000e+03 1.993889999389648438e+01 0.000000000000000000e+00
4.213082031250000000e+03 1.838942527770996094e+01 0.000000000000000000e+00
4.214053710937500000e+03 1.794551467895507812e+01 0.000000000000000000e+00
4.215022949218750000e+03 1.822332000732421875e+01 0.000000000000000000e+00
4.215992675781250000e+03 1.919751930236816406e+01 0.000000000000000000e+00
4.216964843750000000e+03 1.985289382934570312e+01 0.000000000000000000e+00
4.217935058593750000e+03 1.880089569091796875e+01 0.000000000000000000e+00
4.218907714843750000e+03 1.727592277526855469e+01 0.000000000000000000e+00
4.219878417968750000e+03 1.944959831237792969e+01 0.000000000000000000e+00
4.220851562500000000e+03 1.961006355285644531e+01 0.000000000000000000e+00
4.221822265625000000e+03 1.685214996337890625e+01 0.000000000000000000e+00
4.222793457031250000e+03 1.698932647705078125e+01 0.000000000000000000e+00
4.223767578125000000e+03 2.106482124328613281e+01 0.000000000000000000e+00
4.224739257812500000e+03 1.675789833068847656e+01 0.000000000000000000e+00
4.225713378906250000e+03 1.789744377136230469e+01 0.000000000000000000e+00
4.226685546875000000e+03 1.870014953613281250e+01 0.000000000000000000e+00
4.227660156250000000e+03 1.741524505615234375e+01 0.000000000000000000e+00
4.228632812500000000e+03 1.666734313964843750e+01 0.000000000000000000e+00
4.229605468750000000e+03 1.798892211914062500e+01 0.000000000000000000e+00
4.230580566406250000e+03 1.805497550964355469e+01 0.000000000000000000e+00
4.231554199218750000e+03 1.733822631835937500e+01 0.000000000000000000e+00
4.232529785156250000e+03 1.792242431640625000e+01 0.000000000000000000e+00
4.233503417968750000e+03 2.035689926147460938e+01 0.000000000000000000e+00
4.234479980468750000e+03 1.925522041320800781e+01 0.000000000000000000e+00
4.235454101562500000e+03 1.371166801452636719e+01 0.000000000000000000e+00
4.236430664062500000e+03 1.775155067443847656e+01 0.000000000000000000e+00
4.237405273437500000e+03 1.906264495849609375e+01 0.000000000000000000e+00
4.238379882812500000e+03 1.811715888977050781e+01 0.000000000000000000e+00
4.239357421875000000e+03 1.651735877990722656e+01 0.000000000000000000e+00
4.240332519531250000e+03 1.653397178649902344e+01 0.000000000000000000e+00
4.241310546875000000e+03 1.846744537353515625e+01 0.000000000000000000e+00
4.242286132812500000e+03 1.745669937133789062e+01 0.000000000000000000e+00
4.243264160156250000e+03 1.649294090270996094e+01 0.000000000000000000e+00
4.244240722656250000e+03 1.952534866333007812e+01 0.000000000000000000e+00
4.245216796875000000e+03 1.787884902954101562e+01 0.000000000000000000e+00
4.246195800781250000e+03 1.412506389617919922e+01 0.000000000000000000e+00
4.247172851562500000e+03 1.660535049438476562e+01 0.000000000000000000e+00
4.248151855468750000e+03 1.666195297241210938e+01 0.000000000000000000e+00
4.249129394531250000e+03 1.556962013244628906e+01 0.000000000000000000e+00
4.250109375000000000e+03 1.863346290588378906e+01 0.000000000000000000e+00
4.251086914062500000e+03 1.732841300964355469e+01 0.000000000000000000e+00
4.252064941406250000e+03 1.404054164886474609e+01 0.000000000000000000e+00
4.253045410156250000e+03 1.689368247985839844e+01 0.000000000000000000e+00
4.254023925781250000e+03 1.654758262634277344e+01 0.000000000000000000e+00
4.255004882812500000e+03 1.553367519378662109e+01 0.000000000000000000e+00
4.255983398437500000e+03 1.771842956542968750e+01 0.000000000000000000e+00
4.256964843750000000e+03 1.590748500823974609e+01 0.000000000000000000e+00
4.257944335937500000e+03 1.335511398315429688e+01 0.000000000000000000e+00
4.258923828125000000e+03 1.705262374877929688e+01 0.000000000000000000e+00
4.259905761718750000e+03 1.599183273315429688e+01 0.000000000000000000e+00
4.260885742187500000e+03 1.460695171356201172e+01 0.000000000000000000e+00
4.261868652343750000e+03 1.541072559356689453e+01 0.000000000000000000e+00
4.262849121093750000e+03 1.474564170837402344e+01 0.000000000000000000e+00
4.263832031250000000e+03 1.282400226593017578e+01 0.000000000000000000e+00
4.264812988281250000e+03 1.406754684448242188e+01 0.000000000000000000e+00
4.265793945312500000e+03 1.853166580200195312e+01 0.000000000000000000e+00
4.266777832031250000e+03 1.881258583068847656e+01 0.000000000000000000e+00
4.267759277343750000e+03 1.620497703552246094e+01 0.000000000000000000e+00
4.268743164062500000e+03 1.441434097290039062e+01 0.000000000000000000e+00
4.269725585937500000e+03 1.516506862640380859e+01 0.000000000000000000e+00
4.270709960937500000e+03 1.677969551086425781e+01 0.000000000000000000e+00
4.271692382812500000e+03 1.618415641784667969e+01 0.000000000000000000e+00
4.272675292968750000e+03 1.818281173706054688e+01 0.000000000000000000e+00
4.273660156250000000e+03 1.955011367797851562e+01 0.000000000000000000e+00
4.274643554687500000e+03 1.706387901306152344e+01 0.000000000000000000e+00
4.275629394531250000e+03 1.573840904235839844e+01 0.000000000000000000e+00
4.276612792968750000e+03 1.806678199768066406e+01 0.000000000000000000e+00
4.277599121093750000e+03 1.192386436462402344e+01 0.000000000000000000e+00
4.278583007812500000e+03 1.703107643127441406e+01 0.000000000000000000e+00
4.279567382812500000e+03 1.683136749267578125e+01 0.000000000000000000e+00
4.280554199218750000e+03 1.689811134338378906e+01 0.000000000000000000e+00
4.281539062500000000e+03 1.793308448791503906e+01 0.000000000000000000e+00
4.282526367187500000e+03 1.400427436828613281e+01 0.000000000000000000e+00
4.283511718750000000e+03 1.438564968109130859e+01 0.000000000000000000e+00
4.284499023437500000e+03 1.793069839477539062e+01 0.000000000000000000e+00
4.285484863281250000e+03 1.721937751770019531e+01 0.000000000000000000e+00
4.286470703125000000e+03 1.705163764953613281e+01 0.000000000000000000e+00
4.287458984375000000e+03 1.770975494384765625e+01 0.000000000000000000e+00
4.288445312500000000e+03 1.538106632232666016e+01 0.000000000000000000e+00
4.289434570312500000e+03 1.520899105072021484e+01 0.000000000000000000e+00
4.290421386718750000e+03 1.560752487182617188e+01 0.000000000000000000e+00
4.291410644531250000e+03 1.454884624481201172e+01 0.000000000000000000e+00
4.292397949218750000e+03 1.413592147827148438e+01 0.000000000000000000e+00
4.293385253906250000e+03 1.618209075927734375e+01 0.000000000000000000e+00
4.294375488281250000e+03 1.864925003051757812e+01 0.000000000000000000e+00
4.295363281250000000e+03 1.718487739562988281e+01 0.000000000000000000e+00
4.296353515625000000e+03 1.914590835571289062e+01 0.000000000000000000e+00
4.297342285156250000e+03 1.619139671325683594e+01 0.000000000000000000e+00
4.298333007812500000e+03 1.689488792419433594e+01 0.000000000000000000e+00
4.299321777343750000e+03 1.841186332702636719e+01 0.000000000000000000e+00
4.300311035156250000e+03 1.436571979522705078e+01 0.000000000000000000e+00
4.301302734375000000e+03 2.086540603637695312e+01 0.000000000000000000e+00
4.302291992187500000e+03 1.345808601379394531e+01 0.000000000000000000e+00
4.303284179687500000e+03 1.376154613494873047e+01 0.000000000000000000e+00
4.304274414062500000e+03 1.676152992248535156e+01 0.000000000000000000e+00
4.305266601562500000e+03 1.694457435607910156e+01 0.000000000000000000e+00
4.306257324218750000e+03 1.702823829650878906e+01 0.000000000000000000e+00
4.307247558593750000e+03 1.394949150085449219e+01 0.000000000000000000e+00
4.308241210937500000e+03 1.428009986877441406e+01 0.000000000000000000e+00
4.309231933593750000e+03 1.910754966735839844e+01 0.000000000000000000e+00
4.310226074218750000e+03 1.535009860992431641e+01 0.000000000000000000e+00
4.311217285156250000e+03 1.034552001953125000e+01 0.000000000000000000e+00
4.312211425781250000e+03 1.718590545654296875e+01 0.000000000000000000e+00
4.313203613281250000e+03 1.504989337921142578e+01 0.000000000000000000e+00
4.314198242187500000e+03 1.707767486572265625e+01 0.000000000000000000e+00
4.315190429687500000e+03 1.637831306457519531e+01 0.000000000000000000e+00
4.316183593750000000e+03 1.573598480224609375e+01 0.000000000000000000e+00
4.317178710937500000e+03 1.699709510803222656e+01 0.000000000000000000e+00
4.318171875000000000e+03 1.628298950195312500e+01 0.000000000000000000e+00
4.319167480468750000e+03 1.204758644104003906e+01 0.000000000000000000e+00
4.320161132812500000e+03 1.400811290740966797e+01 0.000000000000000000e+00
4.321157226562500000e+03 1.301086139678955078e+01 0.000000000000000000e+00
4.322151367187500000e+03 1.302238845825195312e+01 0.000000000000000000e+00
4.323145996093750000e+03 1.655043029785156250e+01 0.000000000000000000e+00
4.324142578125000000e+03 1.806676864624023438e+01 0.000000000000000000e+00
4.325137695312500000e+03 1.328286075592041016e+01 0.000000000000000000e+00
4.326134765625000000e+03 1.289822196960449219e+01 0.000000000000000000e+00
4.327129882812500000e+03 1.531572723388671875e+01 0.000000000000000000e+00
4.328127929687500000e+03 1.499408626556396484e+01 0.000000000000000000e+00
4.329123535156250000e+03 1.286302566528320312e+01 0.000000000000000000e+00
4.330119628906250000e+03 1.329777908325195312e+01 0.000000000000000000e+00
4.331118164062500000e+03 1.443621444702148438e+01 0.000000000000000000e+00
4.332114257812500000e+03 1.873199272155761719e+01 0.000000000000000000e+00
4.333113281250000000e+03 1.547437572479248047e+01 0.000000000000000000e+00
4.334110351562500000e+03 1.444235801696777344e+01 0.000000000000000000e+00
4.335109863281250000e+03 1.680788612365722656e+01 0.000000000000000000e+00
4.336106933593750000e+03 1.522317886352539062e+01 0.000000000000000000e+00
4.337104492187500000e+03 1.683912277221679688e+01 0.000000000000000000e+00
4.338104492187500000e+03 1.328344821929931641e+01 0.000000000000000000e+00
4.339102539062500000e+03 1.488253784179687500e+01 0.000000000000000000e+00
4.340103027343750000e+03 1.761150932312011719e+01 0.000000000000000000e+00
4.341101562500000000e+03 1.449082565307617188e+01 0.000000000000000000e+00
4.342102539062500000e+03 9.801573753356933594e+00 0.000000000000000000e+00
4.343101562500000000e+03 1.807169342041015625e+01 0.000000000000000000e+00
4.344100585937500000e+03 1.742235183715820312e+01 0.000000000000000000e+00
4.345102539062500000e+03 1.566836166381835938e+01 0.000000000000000000e+00
4.346102050781250000e+03 1.427103328704833984e+01 0.000000000000000000e+00
4.347104003906250000e+03 1.415203475952148438e+01 0.000000000000000000e+00
4.348104003906250000e+03 1.627682495117187500e+01 0.000000000000000000e+00
4.349106933593750000e+03 1.483405494689941406e+01 0.000000000000000000e+00
4.350107421875000000e+03 1.472673416137695312e+01 0.000000000000000000e+00
4.351107910156250000e+03 1.358544349670410156e+01 0.000000000000000000e+00
4.352111328125000000e+03 1.524054622650146484e+01 0.000000000000000000e+00
4.353112792968750000e+03 1.790524482727050781e+01 0.000000000000000000e+00
4.354116699218750000e+03 1.632011985778808594e+01 0.000000000000000000e+00
4.355118164062500000e+03 1.515097999572753906e+01 0.000000000000000000e+00
4.356122558593750000e+03 1.480118083953857422e+01 0.000000000000000000e+00
4.357124511718750000e+03 1.475971126556396484e+01 0.000000000000000000e+00
4.358126953125000000e+03 1.823123550415039062e+01 0.000000000000000000e+00
4.359131835937500000e+03 1.825316810607910156e+01 0.000000000000000000e+00
4.360134765625000000e+03 1.042739582061767578e+01 0.000000000000000000e+00
4.361140136718750000e+03 1.496054553985595703e+01 0.000000000000000000e+00
4.362143554687500000e+03 1.598712825775146484e+01 0.000000000000000000e+00
4.363149414062500000e+03 1.851497840881347656e+01 0.000000000000000000e+00
4.364152832031250000e+03 1.819293785095214844e+01 0.000000000000000000e+00
4.365156738281250000e+03 1.548953533172607422e+01 0.000000000000000000e+00
4.366163574218750000e+03 1.577153968811035156e+01 0.000000000000000000e+00
4.367167968750000000e+03 1.482868480682373047e+01 0.000000000000000000e+00
4.368175292968750000e+03 1.489923572540283203e+01 0.000000000000000000e+00
4.369180175781250000e+03 1.437825012207031250e+01 0.000000000000000000e+00
4.370187500000000000e+03 1.465209484100341797e+01 0.000000000000000000e+00
4.371192871093750000e+03 1.573318195343017578e+01 0.000000000000000000e+00
4.372198242187500000e+03 1.679797363281250000e+01 0.000000000000000000e+00
4.373206542968750000e+03 1.951058769226074219e+01 0.000000000000000000e+00
4.374212890625000000e+03 1.694506072998046875e+01 0.000000000000000000e+00
4.375221191406250000e+03 1.521474361419677734e+01 0.000000000000000000e+00
4.376228027343750000e+03 1.516648006439208984e+01 0.000000000000000000e+00
4.377236816406250000e+03 1.576997661590576172e+01 0.000000000000000000e+00
4.378244140625000000e+03 1.607971000671386719e+01 0.000000000000000000e+00
4.379251464843750000e+03 1.484231281280517578e+01 0.000000000000000000e+00
4.380261230468750000e+03 1.931504058837890625e+01 0.000000000000000000e+00
4.381268554687500000e+03 1.559407043457031250e+01 0.000000000000000000e+00
4.382279296875000000e+03 1.417906665802001953e+01 0.000000000000000000e+00
4.383287109375000000e+03 1.616844367980957031e+01 0.000000000000000000e+00
4.384297851562500000e+03 1.185672378540039062e+01 0.000000000000000000e+00
4.385306640625000000e+03 1.118982124328613281e+01 0.000000000000000000e+00
4.386315429687500000e+03 1.755152130126953125e+01 0.000000000000000000e+00
4.387326660156250000e+03 1.600200462341308594e+01 0.000000000000000000e+00
4.388335937500000000e+03 1.598676776885986328e+01 0.000000000000000000e+00
4.389348144531250000e+03 1.783616447448730469e+01 0.000000000000000000e+00
4.390357910156250000e+03 1.399383449554443359e+01 0.000000000000000000e+00
4.391370117187500000e+03 1.739865112304687500e+01 0.000000000000000000e+00
4.392380371093750000e+03 1.320767784118652344e+01 0.000000000000000000e+00
4.393393554687500000e+03 1.737721443176269531e+01 0.000000000000000000e+00
4.394404296875000000e+03 1.978337097167968750e+01 0.000000000000000000e+00
4.395415039062500000e+03 1.539599990844726562e+01 0.000000000000000000e+00
4.396428710937500000e+03 1.371581935882568359e+01 0.000000000000000000e+00
4.397439941406250000e+03 1.648333358764648438e+01 0.000000000000000000e+00
4.398454101562500000e+03 1.489130210876464844e+01 0.000000000000000000e+00
4.399465820312500000e+03 1.835262298583984375e+01 0.000000000000000000e+00
4.400480468750000000e+03 1.815481185913085938e+01 0.000000000000000000e+00
4.401492675781250000e+03 1.459630298614501953e+01 0.000000000000000000e+00
4.402505371093750000e+03 1.687839698791503906e+01 0.000000000000000000e+00
4.403520507812500000e+03 1.675312614440917969e+01 0.000000000000000000e+00
4.404533691406250000e+03 1.408968544006347656e+01 0.000000000000000000e+00
4.405549316406250000e+03 1.482656764984130859e+01 0.000000000000000000e+00
4.406562500000000000e+03 1.760249137878417969e+01 0.000000000000000000e+00
4.407578613281250000e+03 1.969771575927734375e+01 0.000000000000000000e+00
4.408592773437500000e+03 1.803527259826660156e+01 0.000000000000000000e+00
4.409606933593750000e+03 9.577830314636230469e+00 0.000000000000000000e+00
4.410624023437500000e+03 1.465422630310058594e+01 0.000000000000000000e+00
4.411638671875000000e+03 1.501467037200927734e+01 0.000000000000000000e+00
4.412655761718750000e+03 1.328401088714599609e+01 0.000000000000000000e+00
4.413670898437500000e+03 1.503239250183105469e+01 0.000000000000000000e+00
4.414688476562500000e+03 1.751391792297363281e+01 0.000000000000000000e+00
4.415704101562500000e+03 1.769403648376464844e+01 0.000000000000000000e+00
4.416720214843750000e+03 1.681524467468261719e+01 0.000000000000000000e+00
4.417738769531250000e+03 1.455817699432373047e+01 0.000000000000000000e+00
4.418754882812500000e+03 1.479897499084472656e+01 0.000000000000000000e+00
4.419773925781250000e+03 1.660913276672363281e+01 0.000000000000000000e+00
4.420790527343750000e+03 1.525784015655517578e+01 0.000000000000000000e+00
4.421810058593750000e+03 1.303921985626220703e+01 0.000000000000000000e+00
4.422827148437500000e+03 1.488337326049804688e+01 0.000000000000000000e+00
4.423844726562500000e+03 1.421927452087402344e+01 0.000000000000000000e+00
4.424864746093750000e+03 1.412344264984130859e+01 0.000000000000000000e+00
4.425882812500000000e+03 1.574096965789794922e+01 0.000000000000000000e+00
4.426903320312500000e+03 1.546111869812011719e+01 0.000000000000000000e+00
4.427921875000000000e+03 1.443678188323974609e+01 0.000000000000000000e+00
4.428942871093750000e+03 1.691245841979980469e+01 0.000000000000000000e+00
4.429961914062500000e+03 1.526527214050292969e+01 0.000000000000000000e+00
4.430980957031250000e+03 1.634926605224609375e+01 0.000000000000000000e+00
4.432002441406250000e+03 1.821658706665039062e+01 0.000000000000000000e+00
4.433021972656250000e+03 1.373884201049804688e+01 0.000000000000000000e+00
4.434044433593750000e+03 1.543831729888916016e+01 0.000000000000000000e+00
4.435064453125000000e+03 1.428648948669433594e+01 0.000000000000000000e+00
4.436087402343750000e+03 1.594406032562255859e+01 0.000000000000000000e+00
4.437107910156250000e+03 1.636328697204589844e+01 0.000000000000000000e+00
4.438128417968750000e+03 1.580515384674072266e+01 0.000000000000000000e+00
4.439151855468750000e+03 1.794012641906738281e+01 0.000000000000000000e+00
4.440173339843750000e+03 1.589898395538330078e+01 0.000000000000000000e+00
4.441196777343750000e+03 1.892473793029785156e+01 0.000000000000000000e+00
4.442218750000000000e+03 1.593302249908447266e+01 0.000000000000000000e+00
4.443243164062500000e+03 1.495667743682861328e+01 0.000000000000000000e+00
4.444265136718750000e+03 1.797239303588867188e+01 0.000000000000000000e+00
4.445287597656250000e+03 1.628747367858886719e+01 0.000000000000000000e+00
4.446312500000000000e+03 1.316820621490478516e+01 0.000000000000000000e+00
4.447335449218750000e+03 1.739291000366210938e+01 0.000000000000000000e+00
4.448361328125000000e+03 1.633324050903320312e+01 0.000000000000000000e+00
4.449384277343750000e+03 1.377357482910156250e+01 0.000000000000000000e+00
4.450410644531250000e+03 1.508373832702636719e+01 0.000000000000000000e+00
4.451434082031250000e+03 1.756940269470214844e+01 0.000000000000000000e+00
4.452458496093750000e+03 1.629162788391113281e+01 0.000000000000000000e+00
4.453484863281250000e+03 1.556119060516357422e+01 0.000000000000000000e+00
4.454509765625000000e+03 1.558868885040283203e+01 0.000000000000000000e+00
4.455536621093750000e+03 1.468741989135742188e+01 0.000000000000000000e+00
4.456561523437500000e+03 1.487404918670654297e+01 0.000000000000000000e+00
4.457589355468750000e+03 1.682657623291015625e+01 0.000000000000000000e+00
4.458614746093750000e+03 1.274000740051269531e+01 0.000000000000000000e+00
4.459640625000000000e+03 1.744777107238769531e+01 0.000000000000000000e+00
4.460668945312500000e+03 1.356189918518066406e+01 0.000000000000000000e+00
4.461695312500000000e+03 1.261812686920166016e+01 0.000000000000000000e+00
4.462724121093750000e+03 1.629609680175781250e+01 0.000000000000000000e+00
4.463750488281250000e+03 1.393528747558593750e+01 0.000000000000000000e+00
4.464779785156250000e+03 1.770897483825683594e+01 0.000000000000000000e+00
4.465807128906250000e+03 1.528913307189941406e+01 0.000000000000000000e+00
4.466836914062500000e+03 1.402842426300048828e+01 0.000000000000000000e+00
4.467864257812500000e+03 1.470232868194580078e+01 0.000000000000000000e+00
4.468892089843750000e+03 1.623607063293457031e+01 0.000000000000000000e+00
4.469922851562500000e+03 1.783211898803710938e+01 0.000000000000000000e+00
4.470951171875000000e+03 1.545209026336669922e+01 0.000000000000000000e+00
4.471981933593750000e+03 1.508412742614746094e+01 0.000000000000000000e+00
4.473010742187500000e+03 1.727615547180175781e+01 0.000000000000000000e+00
4.474042480468750000e+03 1.775199699401855469e+01 0.000000000000000000e+00
4.475071777343750000e+03 1.661759757995605469e+01 0.000000000000000000e+00
4.476101074218750000e+03 1.689179229736328125e+01 0.000000000000000000e+00
4.477133300781250000e+03 1.556515979766845703e+01 0.000000000000000000e+00
4.478163085937500000e+03 1.544108295440673828e+01 0.000000000000000000e+00
4.479195800781250000e+03 1.779074478149414062e+01 0.000000000000000000e+00
4.480226562500000000e+03 1.840273857116699219e+01 0.000000000000000000e+00
4.481259277343750000e+03 1.831285095214843750e+01 0.000000000000000000e+00
4.482290527343750000e+03 1.980585098266601562e+01 0.000000000000000000e+00
4.483321289062500000e+03 1.484083938598632812e+01 0.000000000000000000e+00
4.484355468750000000e+03 1.780057716369628906e+01 0.000000000000000000e+00
4.485387207031250000e+03 1.564278411865234375e+01 0.000000000000000000e+00
4.486421386718750000e+03 1.636022186279296875e+01 0.000000000000000000e+00
4.487453613281250000e+03 1.878060531616210938e+01 0.000000000000000000e+00
4.488488281250000000e+03 1.337235832214355469e+01 0.000000000000000000e+00
4.489520996093750000e+03 1.546469879150390625e+01 0.000000000000000000e+00
4.490553710937500000e+03 2.004918670654296875e+01 0.000000000000000000e+00
4.491588867187500000e+03 1.884240722656250000e+01 0.000000000000000000e+00
4.492622558593750000e+03 1.540818023681640625e+01 0.000000000000000000e+00
4.493658203125000000e+03 1.574037170410156250e+01 0.000000000000000000e+00
4.494691894531250000e+03 1.991373252868652344e+01 0.000000000000000000e+00
4.495728515625000000e+03 2.001813125610351562e+01 0.000000000000000000e+00
4.496762695312500000e+03 1.325684928894042969e+01 0.000000000000000000e+00
4.497797363281250000e+03 1.315040874481201172e+01 0.000000000000000000e+00
4.498834472656250000e+03 1.520017337799072266e+01 0.000000000000000000e+00
4.499869628906250000e+03 1.463523578643798828e+01 0.000000000000000000e+00
4.500907226562500000e+03 1.529980564117431641e+01 0.000000000000000000e+00
4.501942382812500000e+03 1.896038246154785156e+01 0.000000000000000000e+00
4.502980468750000000e+03 1.399839019775390625e+01 0.000000000000000000e+00
4.504016601562500000e+03 1.672944831848144531e+01 0.000000000000000000e+00
4.505052734375000000e+03 1.744075393676757812e+01 0.000000000000000000e+00
4.506091308593750000e+03 1.464403820037841797e+01 0.000000000000000000e+00
4.507127929687500000e+03 1.811835479736328125e+01 0.000000000000000000e+00
4.508167480468750000e+03 1.576368618011474609e+01 0.000000000000000000e+00
4.509204589843750000e+03 1.228706359863281250e+01 0.000000000000000000e+00
4.510244628906250000e+03 1.326320934295654297e+01 0.000000000000000000e+00
4.511282226562500000e+03 1.408482551574707031e+01 0.000000000000000000e+00
4.512319824218750000e+03 1.615397262573242188e+01 0.000000000000000000e+00
4.513360351562500000e+03 2.135739898681640625e+01 0.000000000000000000e+00
4.514398437500000000e+03 1.421960830688476562e+01 0.000000000000000000e+00
4.515439453125000000e+03 1.458618068695068359e+01 0.000000000000000000e+00
4.516478515625000000e+03 1.644746780395507812e+01 0.000000000000000000e+00
4.517520019531250000e+03 1.651328277587890625e+01 0.000000000000000000e+00
4.518559082031250000e+03 1.604800415039062500e+01 0.000000000000000000e+00
4.519598632812500000e+03 1.708290290832519531e+01 0.000000000000000000e+00
4.520640625000000000e+03 1.954883766174316406e+01 0.000000000000000000e+00
4.521680664062500000e+03 1.882436561584472656e+01 0.000000000000000000e+00
4.522723632812500000e+03 1.791863250732421875e+01 0.000000000000000000e+00
4.523764160156250000e+03 1.693661117553710938e+01 0.000000000000000000e+00
4.524807128906250000e+03 1.665386390686035156e+01 0.000000000000000000e+00
4.525848144531250000e+03 1.824291038513183594e+01 0.000000000000000000e+00
4.526889160156250000e+03 1.833627700805664062e+01 0.000000000000000000e+00
4.527933105468750000e+03 1.815749931335449219e+01 0.000000000000000000e+00
4.528974609375000000e+03 1.424940776824951172e+01 0.000000000000000000e+00
4.530019042968750000e+03 1.626284790039062500e+01 0.000000000000000000e+00
4.531061035156250000e+03 2.080399322509765625e+01 0.000000000000000000e+00
4.532105957031250000e+03 1.750331115722656250e+01 0.000000000000000000e+00
4.533148925781250000e+03 2.122522735595703125e+01 0.000000000000000000e+00
4.534191406250000000e+03 1.736273002624511719e+01 0.000000000000000000e+00
4.535237304687500000e+03 2.149704360961914062e+01 0.000000000000000000e+00
4.536280273437500000e+03 2.152684402465820312e+01 0.000000000000000000e+00
4.537326660156250000e+03 1.758370399475097656e+01 0.000000000000000000e+00
4.538370117187500000e+03 2.254136466979980469e+01 0.000000000000000000e+00
4.539416992187500000e+03 1.937070083618164062e+01 0.000000000000000000e+00
4.540460937500000000e+03 1.995689010620117188e+01 0.000000000000000000e+00
4.541505859375000000e+03 2.130832862854003906e+01 0.000000000000000000e+00
4.542552734375000000e+03 1.917608261108398438e+01 0.000000000000000000e+00
4.543598144531250000e+03 1.627761077880859375e+01 0.000000000000000000e+00
4.544645507812500000e+03 1.776658630371093750e+01 0.000000000000000000e+00
4.545691406250000000e+03 1.925404167175292969e+01 0.000000000000000000e+00
4.546739257812500000e+03 1.831430435180664062e+01 0.000000000000000000e+00
4.547785156250000000e+03 1.984152793884277344e+01 0.000000000000000000e+00
4.548833984375000000e+03 1.962567710876464844e+01 0.000000000000000000e+00
4.549880371093750000e+03 1.864895057678222656e+01 0.000000000000000000e+00
4.550927246093750000e+03 2.215469741821289062e+01 0.000000000000000000e+00
4.551976562500000000e+03 2.284732437133789062e+01 0.000000000000000000e+00
4.553023925781250000e+03 2.254653930664062500e+01 0.000000000000000000e+00
4.554073730468750000e+03 2.217747116088867188e+01 0.000000000000000000e+00
4.555121582031250000e+03 2.088689422607421875e+01 0.000000000000000000e+00
4.556171875000000000e+03 2.052396965026855469e+01 0.000000000000000000e+00
4.557219726562500000e+03 2.243090820312500000e+01 0.000000000000000000e+00
4.558268554687500000e+03 2.044247627258300781e+01 0.000000000000000000e+00
4.559319335937500000e+03 2.136334037780761719e+01 0.000000000000000000e+00
4.560368164062500000e+03 1.791349411010742188e+01 0.000000000000000000e+00
4.561419921875000000e+03 1.934099006652832031e+01 0.000000000000000000e+00
4.562469238281250000e+03 2.446843910217285156e+01 0.000000000000000000e+00
4.563521484375000000e+03 2.147110176086425781e+01 0.000000000000000000e+00
4.564571289062500000e+03 1.981845855712890625e+01 0.000000000000000000e+00
4.565621093750000000e+03 2.486896514892578125e+01 0.000000000000000000e+00
4.566674316406250000e+03 2.337230682373046875e+01 0.000000000000000000e+00
4.567724609375000000e+03 1.875643539428710938e+01 0.000000000000000000e+00
4.568777832031250000e+03 1.979736137390136719e+01 0.000000000000000000e+00
4.569829101562500000e+03 2.523049354553222656e+01 0.000000000000000000e+00
4.570882812500000000e+03 2.131785583496093750e+01 0.000000000000000000e+00
4.571934570312500000e+03 2.190649223327636719e+01 0.000000000000000000e+00
4.572986328125000000e+03 2.240000343322753906e+01 0.000000000000000000e+00
4.574040527343750000e+03 2.392490768432617188e+01 0.000000000000000000e+00
4.575092773437500000e+03 2.494323539733886719e+01 0.000000000000000000e+00
4.576147949218750000e+03 2.127642059326171875e+01 0.000000000000000000e+00
4.577200683593750000e+03 1.934758949279785156e+01 0.000000000000000000e+00
4.578255859375000000e+03 2.117075157165527344e+01 0.000000000000000000e+00
4.579309082031250000e+03 1.984158134460449219e+01 0.000000000000000000e+00
4.580362792968750000e+03 2.062714576721191406e+01 0.000000000000000000e+00
4.581418945312500000e+03 2.346746444702148438e+01 0.000000000000000000e+00
4.582473144531250000e+03 2.163257789611816406e+01 0.000000000000000000e+00
4.583529785156250000e+03 2.064556121826171875e+01 0.000000000000000000e+00
4.584583984375000000e+03 2.241630935668945312e+01 0.000000000000000000e+00
4.585641113281250000e+03 2.192368698120117188e+01 0.000000000000000000e+00
4.586696289062500000e+03 2.256102371215820312e+01 0.000000000000000000e+00
4.587751464843750000e+03 2.445045852661132812e+01 0.000000000000000000e+00
4.588809082031250000e+03 2.346908187866210938e+01 0.000000000000000000e+00
4.589864746093750000e+03 2.357955932617187500e+01 0.000000000000000000e+00
4.590923339843750000e+03 2.407546234130859375e+01 0.000000000000000000e+00
4.591979492187500000e+03 2.786161994934082031e+01 0.000000000000000000e+00
4.593038574218750000e+03 2.696284484863281250e+01 0.000000000000000000e+00
4.594095214843750000e+03 2.270704650878906250e+01 0.000000000000000000e+00
4.595151855468750000e+03 2.410586547851562500e+01 0.000000000000000000e+00
4.596211425781250000e+03 2.399869728088378906e+01 0.000000000000000000e+00
4.597269042968750000e+03 2.898638916015625000e+01 0.000000000000000000e+00
4.598329101562500000e+03 2.625922203063964844e+01 0.000000000000000000e+00
4.599386718750000000e+03 2.578110504150390625e+01 0.000000000000000000e+00
4.600447265625000000e+03 2.956564521789550781e+01 0.000000000000000000e+00
4.601505859375000000e+03 2.690184974670410156e+01 0.000000000000000000e+00
4.602564453125000000e+03 2.578261566162109375e+01 0.000000000000000000e+00
4.603625488281250000e+03 2.928061294555664062e+01 0.000000000000000000e+00
4.604684570312500000e+03 2.850301170349121094e+01 0.000000000000000000e+00
4.605746582031250000e+03 2.913791084289550781e+01 0.000000000000000000e+00
4.606806152343750000e+03 3.231648254394531250e+01 0.000000000000000000e+00
4.607868652343750000e+03 3.247203063964843750e+01 0.000000000000000000e+00
4.608928222656250000e+03 3.576972579956054688e+01 0.000000000000000000e+00
4.609988769531250000e+03 3.313161468505859375e+01 0.000000000000000000e+00
4.611051757812500000e+03 3.475568389892578125e+01 0.000000000000000000e+00
4.612112792968750000e+03 3.494752502441406250e+01 0.000000000000000000e+00
4.613176269531250000e+03 3.331745910644531250e+01 0.000000000000000000e+00
4.614237304687500000e+03 3.590941619873046875e+01 0.000000000000000000e+00
4.615301269531250000e+03 3.204796218872070312e+01 0.000000000000000000e+00
4.616363281250000000e+03 3.418266296386718750e+01 0.000000000000000000e+00
4.617425292968750000e+03 3.697356414794921875e+01 0.000000000000000000e+00
4.618489746093750000e+03 3.720577621459960938e+01 0.000000000000000000e+00
4.619552246093750000e+03 3.763370513916015625e+01 0.000000000000000000e+00
4.620617675781250000e+03 4.021459579467773438e+01 0.000000000000000000e+00
4.621680664062500000e+03 3.850111389160156250e+01 0.000000000000000000e+00
4.622746582031250000e+03 4.181406402587890625e+01 0.000000000000000000e+00
4.623809570312500000e+03 4.070050048828125000e+01 0.000000000000000000e+00
4.624873535156250000e+03 3.950231933593750000e+01 0.000000000000000000e+00
4.625939941406250000e+03 4.076143646240234375e+01 0.000000000000000000e+00
4.627004394531250000e+03 4.028260421752929688e+01 0.000000000000000000e+00
4.628071289062500000e+03 4.137050247192382812e+01 0.000000000000000000e+00
4.629135742187500000e+03 4.181394195556640625e+01 0.000000000000000000e+00
4.630203125000000000e+03 3.766622543334960938e+01 0.000000000000000000e+00
4.631268554687500000e+03 3.813066101074218750e+01 0.000000000000000000e+00
4.632336425781250000e+03 3.990062332153320312e+01 0.000000000000000000e+00
4.633402343750000000e+03 3.351782226562500000e+01 0.000000000000000000e+00
4.634467773437500000e+03 3.755411911010742188e+01 0.000000000000000000e+00
4.635536621093750000e+03 3.311705017089843750e+01 0.000000000000000000e+00
4.636603027343750000e+03 3.223644256591796875e+01 0.000000000000000000e+00
4.637672363281250000e+03 3.174322509765625000e+01 0.000000000000000000e+00
4.638739257812500000e+03 2.951292419433593750e+01 0.000000000000000000e+00
4.639809082031250000e+03 3.081354331970214844e+01 0.000000000000000000e+00
4.640876464843750000e+03 3.159152030944824219e+01 0.000000000000000000e+00
4.641943847656250000e+03 3.141902160644531250e+01 0.000000000000000000e+00
4.643014160156250000e+03 2.834454536437988281e+01 0.000000000000000000e+00
4.644082519531250000e+03 2.730382728576660156e+01 0.000000000000000000e+00
4.645153320312500000e+03 2.784027099609375000e+01 0.000000000000000000e+00
4.646222167968750000e+03 2.542456245422363281e+01 0.000000000000000000e+00
4.647293457031250000e+03 2.613808441162109375e+01 0.000000000000000000e+00
4.648362304687500000e+03 2.200934600830078125e+01 0.000000000000000000e+00
4.649431640625000000e+03 2.500523948669433594e+01 0.000000000000000000e+00
4.650503906250000000e+03 2.579648208618164062e+01 0.000000000000000000e+00
4.651573730468750000e+03 2.219556617736816406e+01 0.000000000000000000e+00
4.652646484375000000e+03 2.418526840209960938e+01 0.000000000000000000e+00
4.653716796875000000e+03 2.393876647949218750e+01 0.000000000000000000e+00
4.654790039062500000e+03 2.368327331542968750e+01 0.000000000000000000e+00
4.655860839843750000e+03 2.369825935363769531e+01 0.000000000000000000e+00
4.656931640625000000e+03 2.288142395019531250e+01 0.000000000000000000e+00
4.658005859375000000e+03 2.335379028320312500e+01 0.000000000000000000e+00
4.659077148437500000e+03 2.548368072509765625e+01 0.000000000000000000e+00
4.660151855468750000e+03 1.963214874267578125e+01 0.000000000000000000e+00
4.661223632812500000e+03 2.196320343017578125e+01 0.000000000000000000e+00
4.662298339843750000e+03 2.210897827148437500e+01 0.000000000000000000e+00
4.663371093750000000e+03 2.137629318237304688e+01 0.000000000000000000e+00
4.664443847656250000e+03 2.000456619262695312e+01 0.000000000000000000e+00
4.665519531250000000e+03 1.632845306396484375e+01 0.000000000000000000e+00
4.666592773437500000e+03 2.258117294311523438e+01 0.000000000000000000e+00
4.667668945312500000e+03 1.974241256713867188e+01 0.000000000000000000e+00
4.668742675781250000e+03 1.926843643188476562e+01 0.000000000000000000e+00
4.669819335937500000e+03 2.117410278320312500e+01 0.000000000000000000e+00
4.670893554687500000e+03 2.152146148681640625e+01 0.000000000000000000e+00
4.671968261718750000e+03 2.042481994628906250e+01 0.000000000000000000e+00
4.673045410156250000e+03 1.872746849060058594e+01 0.000000000000000000e+00
4.674120605468750000e+03 2.329383659362792969e+01 0.000000000000000000e+00
4.675198242187500000e+03 2.370252609252929688e+01 0.000000000000000000e+00
4.676273925781250000e+03 2.034425544738769531e+01 0.000000000000000000e+00
4.677352050781250000e+03 1.814806938171386719e+01 0.000000000000000000e+00
4.678428222656250000e+03 1.859055137634277344e+01 0.000000000000000000e+00
4.679504394531250000e+03 1.917763519287109375e+01 0.000000000000000000e+00
4.680583496093750000e+03 1.993721580505371094e+01 0.000000000000000000e+00
4.681660156250000000e+03 2.057591819763183594e+01 0.000000000000000000e+00
4.682739746093750000e+03 2.004208564758300781e+01 0.000000000000000000e+00
4.683817382812500000e+03 1.937230491638183594e+01 0.000000000000000000e+00
4.684897460937500000e+03 1.994336700439453125e+01 0.000000000000000000e+00
4.685975097656250000e+03 1.872064781188964844e+01 0.000000000000000000e+00
4.687053222656250000e+03 2.134287834167480469e+01 0.000000000000000000e+00
4.688133789062500000e+03 2.092735099792480469e+01 0.000000000000000000e+00
4.689212402343750000e+03 1.987622261047363281e+01 0.000000000000000000e+00
4.690293457031250000e+03 1.948310089111328125e+01 0.000000000000000000e+00
4.691372558593750000e+03 1.788078880310058594e+01 0.000000000000000000e+00
4.692454589843750000e+03 2.066776084899902344e+01 0.000000000000000000e+00
4.693534179687500000e+03 1.902276992797851562e+01 0.000000000000000000e+00
4.694613769531250000e+03 2.107733917236328125e+01 0.000000000000000000e+00
4.695696289062500000e+03 1.981224060058593750e+01 0.000000000000000000e+00
4.696776367187500000e+03 1.626197624206542969e+01 0.000000000000000000e+00
4.697859375000000000e+03 1.971594238281250000e+01 0.000000000000000000e+00
4.698940429687500000e+03 1.765760040283203125e+01 0.000000000000000000e+00
4.700023925781250000e+03 2.075236320495605469e+01 0.000000000000000000e+00
4.701104980468750000e+03 2.122459602355957031e+01 0.000000000000000000e+00
4.702186523437500000e+03 1.745931816101074219e+01 0.000000000000000000e+00
4.703270996093750000e+03 1.681660079956054688e+01 0.000000000000000000e+00
4.704353027343750000e+03 2.288049316406250000e+01 0.000000000000000000e+00
4.705437500000000000e+03 1.984733772277832031e+01 0.000000000000000000e+00
4.706520019531250000e+03 1.589918613433837891e+01 0.000000000000000000e+00
4.707605468750000000e+03 1.804885101318359375e+01 0.000000000000000000e+00
4.708688476562500000e+03 1.727267646789550781e+01 0.000000000000000000e+00
4.709771972656250000e+03 1.521643447875976562e+01 0.000000000000000000e+00
4.710857910156250000e+03 2.126038932800292969e+01 0.000000000000000000e+00
4.711941406250000000e+03 1.837548828125000000e+01 0.000000000000000000e+00
4.713028320312500000e+03 1.682209777832031250e+01 0.000000000000000000e+00
4.714112304687500000e+03 1.922406959533691406e+01 0.000000000000000000e+00
4.715199218750000000e+03 1.992994499206542969e+01 0.000000000000000000e+00
4.716284179687500000e+03 1.696865081787109375e+01 0.000000000000000000e+00
4.717371582031250000e+03 1.515093612670898438e+01 0.000000000000000000e+00
4.718457031250000000e+03 1.718690681457519531e+01 0.000000000000000000e+00
4.719542480468750000e+03 1.950263786315917969e+01 0.000000000000000000e+00
4.720630859375000000e+03 1.744654464721679688e+01 0.000000000000000000e+00
4.721716796875000000e+03 1.715459060668945312e+01 0.000000000000000000e+00
4.722805664062500000e+03 1.757614326477050781e+01 0.000000000000000000e+00
4.723892089843750000e+03 1.312807750701904297e+01 0.000000000000000000e+00
4.724981445312500000e+03 1.766240310668945312e+01 0.000000000000000000e+00
4.726068359375000000e+03 1.999369049072265625e+01 0.000000000000000000e+00
4.727155273437500000e+03 1.742405509948730469e+01 0.000000000000000000e+00
4.728245605468750000e+03 1.658412933349609375e+01 0.000000000000000000e+00
4.729333496093750000e+03 1.863806152343750000e+01 0.000000000000000000e+00
4.730423828125000000e+03 1.865031814575195312e+01 0.000000000000000000e+00
4.731512207031250000e+03 1.978379631042480469e+01 0.000000000000000000e+00
4.732603027343750000e+03 1.752241897583007812e+01 0.000000000000000000e+00
4.733691894531250000e+03 1.956751251220703125e+01 0.000000000000000000e+00
4.734780761718750000e+03 1.964435005187988281e+01 0.000000000000000000e+00
4.735872558593750000e+03 1.740553474426269531e+01 0.000000000000000000e+00
4.736962402343750000e+03 1.941497039794921875e+01 0.000000000000000000e+00
4.738054687500000000e+03 1.487557792663574219e+01 0.000000000000000000e+00
4.739144531250000000e+03 1.701890754699707031e+01 0.000000000000000000e+00
4.740237304687500000e+03 1.781197357177734375e+01 0.000000000000000000e+00
4.741327636718750000e+03 1.762529182434082031e+01 0.000000000000000000e+00
4.742418457031250000e+03 1.708203125000000000e+01 0.000000000000000000e+00
4.743512207031250000e+03 1.475370883941650391e+01 0.000000000000000000e+00
4.744603515625000000e+03 1.782415962219238281e+01 0.000000000000000000e+00
4.745697265625000000e+03 1.641085433959960938e+01 0.000000000000000000e+00
4.746789062500000000e+03 1.750162315368652344e+01 0.000000000000000000e+00
4.747883789062500000e+03 1.655721855163574219e+01 0.000000000000000000e+00
4.748976074218750000e+03 1.425907135009765625e+01 0.000000000000000000e+00
4.750068359375000000e+03 1.692157554626464844e+01 0.000000000000000000e+00
4.751164062500000000e+03 1.356659603118896484e+01 0.000000000000000000e+00
4.752256835937500000e+03 1.827403831481933594e+01 0.000000000000000000e+00
4.753352539062500000e+03 1.835296058654785156e+01 0.000000000000000000e+00
4.754446289062500000e+03 1.654472541809082031e+01 0.000000000000000000e+00
4.755542480468750000e+03 1.634824180603027344e+01 0.000000000000000000e+00
4.756636718750000000e+03 1.462683105468750000e+01 0.000000000000000000e+00
4.757730957031250000e+03 1.639180374145507812e+01 0.000000000000000000e+00
4.758828125000000000e+03 1.964919281005859375e+01 0.000000000000000000e+00
4.759922851562500000e+03 1.824473190307617188e+01 0.000000000000000000e+00
4.761020507812500000e+03 1.588912296295166016e+01 0.000000000000000000e+00
4.762115722656250000e+03 1.544462776184082031e+01 0.000000000000000000e+00
4.763213867187500000e+03 1.532829093933105469e+01 0.000000000000000000e+00
4.764309570312500000e+03 1.746051597595214844e+01 0.000000000000000000e+00
4.765405761718750000e+03 1.549323081970214844e+01 0.000000000000000000e+00
4.766504394531250000e+03 1.454714107513427734e+01 0.000000000000000000e+00
4.767601074218750000e+03 1.415674781799316406e+01 0.000000000000000000e+00
4.768700195312500000e+03 1.346169471740722656e+01 0.000000000000000000e+00
4.769797363281250000e+03 1.505098342895507812e+01 0.000000000000000000e+00
4.770897460937500000e+03 1.873839569091796875e+01 0.000000000000000000e+00
4.771995117187500000e+03 1.433674526214599609e+01 0.000000000000000000e+00
4.773092773437500000e+03 1.735581398010253906e+01 0.000000000000000000e+00
4.774193359375000000e+03 1.975082778930664062e+01 0.000000000000000000e+00
4.775291503906250000e+03 1.638524818420410156e+01 0.000000000000000000e+00
4.776392578125000000e+03 1.566582870483398438e+01 0.000000000000000000e+00
4.777491699218750000e+03 1.413480377197265625e+01 0.000000000000000000e+00
4.778593261718750000e+03 1.458879947662353516e+01 0.000000000000000000e+00
4.779692382812500000e+03 1.655725860595703125e+01 0.000000000000000000e+00
4.780791992187500000e+03 1.636023521423339844e+01 0.000000000000000000e+00
4.781894531250000000e+03 1.518531799316406250e+01 0.000000000000000000e+00
4.782994628906250000e+03 1.676696968078613281e+01 0.000000000000000000e+00
4.784097656250000000e+03 1.538197326660156250e+01 0.000000000000000000e+00
4.785198242187500000e+03 1.819663238525390625e+01 0.000000000000000000e+00
4.786301757812500000e+03 1.739163208007812500e+01 0.000000000000000000e+00
4.787402832031250000e+03 1.520081901550292969e+01 0.000000000000000000e+00
4.788503906250000000e+03 1.508492374420166016e+01 0.000000000000000000e+00
4.789608398437500000e+03 1.529029083251953125e+01 0.000000000000000000e+00
4.790709960937500000e+03 1.535327816009521484e+01 0.000000000000000000e+00
4.791814941406250000e+03 1.658446884155273438e+01 0.000000000000000000e+00
4.792916992187500000e+03 1.697195243835449219e+01 0.000000000000000000e+00
4.794022460937500000e+03 1.759132385253906250e+01 0.000000000000000000e+00
4.795125488281250000e+03 1.680332374572753906e+01 0.000000000000000000e+00
4.796228515625000000e+03 1.325050544738769531e+01 0.000000000000000000e+00
4.797334472656250000e+03 1.714108085632324219e+01 0.000000000000000000e+00
4.798437988281250000e+03 1.854639625549316406e+01 0.000000000000000000e+00
4.799544433593750000e+03 1.674695205688476562e+01 0.000000000000000000e+00
4.800648925781250000e+03 1.527985572814941406e+01 0.000000000000000000e+00
4.801755859375000000e+03 1.632669830322265625e+01 0.000000000000000000e+00
4.802860351562500000e+03 1.859144783020019531e+01 0.000000000000000000e+00
4.803967773437500000e+03 1.839489936828613281e+01 0.000000000000000000e+00
4.805073242187500000e+03 1.451582527160644531e+01 0.000000000000000000e+00
4.806178222656250000e+03 1.523728752136230469e+01 0.000000000000000000e+00
4.807286621093750000e+03 1.670559120178222656e+01 0.000000000000000000e+00
4.808392578125000000e+03 1.509906196594238281e+01 0.000000000000000000e+00
4.809501464843750000e+03 1.453550815582275391e+01 0.000000000000000000e+00
4.810607910156250000e+03 1.813674736022949219e+01 0.000000000000000000e+00
4.811717285156250000e+03 1.610823440551757812e+01 0.000000000000000000e+00
4.812824218750000000e+03 1.547820758819580078e+01 0.000000000000000000e+00
4.813931152343750000e+03 1.531519126892089844e+01 0.000000000000000000e+00
4.815041503906250000e+03 1.513544845581054688e+01 0.000000000000000000e+00
4.816148925781250000e+03 1.758189201354980469e+01 0.000000000000000000e+00
4.817259765625000000e+03 1.676592063903808594e+01 0.000000000000000000e+00
4.818367675781250000e+03 1.676649856567382812e+01 0.000000000000000000e+00
4.819479003906250000e+03 1.425223159790039062e+01 0.000000000000000000e+00
4.820587890625000000e+03 1.477096557617187500e+01 0.000000000000000000e+00
4.821696777343750000e+03 1.648332023620605469e+01 0.000000000000000000e+00
4.822808593750000000e+03 1.291212654113769531e+01 0.000000000000000000e+00
4.823917968750000000e+03 1.939861297607421875e+01 0.000000000000000000e+00
4.825030273437500000e+03 2.063327407836914062e+01 0.000000000000000000e+00
4.826140136718750000e+03 1.560467624664306641e+01 0.000000000000000000e+00
4.827253417968750000e+03 1.547980594635009766e+01 0.000000000000000000e+00
4.828363769531250000e+03 1.820280647277832031e+01 0.000000000000000000e+00
4.829474609375000000e+03 1.290531444549560547e+01 0.000000000000000000e+00
4.830588378906250000e+03 1.551156044006347656e+01 0.000000000000000000e+00
4.831699707031250000e+03 1.528258705139160156e+01 0.000000000000000000e+00
4.832813476562500000e+03 1.603444671630859375e+01 0.000000000000000000e+00
4.833925292968750000e+03 1.818770027160644531e+01 0.000000000000000000e+00
4.835040039062500000e+03 1.783706474304199219e+01 0.000000000000000000e+00
4.836152343750000000e+03 1.358102130889892578e+01 0.000000000000000000e+00
4.837265136718750000e+03 1.366272354125976562e+01 0.000000000000000000e+00
4.838380371093750000e+03 1.939541625976562500e+01 0.000000000000000000e+00
4.839493652343750000e+03 1.868054008483886719e+01 0.000000000000000000e+00
4.840609375000000000e+03 1.614792823791503906e+01 0.000000000000000000e+00
4.841723144531250000e+03 1.630126380920410156e+01 0.000000000000000000e+00
4.842839355468750000e+03 1.489246273040771484e+01 0.000000000000000000e+00
4.843953613281250000e+03 1.355477046966552734e+01 0.000000000000000000e+00
4.845067871093750000e+03 1.664782142639160156e+01 0.000000000000000000e+00
4.846185058593750000e+03 1.637539863586425781e+01 0.000000000000000000e+00
4.847300292968750000e+03 1.495965862274169922e+01 0.000000000000000000e+00
4.848417968750000000e+03 1.554914188385009766e+01 0.000000000000000000e+00
4.849533203125000000e+03 1.529428100585937500e+01 0.000000000000000000e+00
4.850651367187500000e+03 1.259430694580078125e+01 0.000000000000000000e+00
4.851767578125000000e+03 1.568212318420410156e+01 0.000000000000000000e+00
4.852883789062500000e+03 1.732747268676757812e+01 0.000000000000000000e+00
4.854002441406250000e+03 1.599481201171875000e+01 0.000000000000000000e+00
4.855119140625000000e+03 1.492289733886718750e+01 0.000000000000000000e+00
4.856238769531250000e+03 1.627186393737792969e+01 0.000000000000000000e+00
4.857355957031250000e+03 1.762107086181640625e+01 0.000000000000000000e+00
4.858476074218750000e+03 1.713320159912109375e+01 0.000000000000000000e+00
4.859593750000000000e+03 1.476717376708984375e+01 0.000000000000000000e+00
4.860711914062500000e+03 1.536415863037109375e+01 0.000000000000000000e+00
4.861832519531250000e+03 1.714304161071777344e+01 0.000000000000000000e+00
4.862951171875000000e+03 1.429278373718261719e+01 0.000000000000000000e+00
4.864072265625000000e+03 1.598454952239990234e+01 0.000000000000000000e+00
4.865191406250000000e+03 1.450370979309082031e+01 0.000000000000000000e+00
4.866313476562500000e+03 1.502872180938720703e+01 0.000000000000000000e+00
4.867432617187500000e+03 1.558673572540283203e+01 0.000000000000000000e+00
4.868552734375000000e+03 1.513431167602539062e+01 0.000000000000000000e+00
4.869675292968750000e+03 1.616138458251953125e+01 0.000000000000000000e+00
4.870795410156250000e+03 1.387281990051269531e+01 0.000000000000000000e+00
4.871918945312500000e+03 1.502848243713378906e+01 0.000000000000000000e+00
4.873039550781250000e+03 1.445574665069580078e+01 0.000000000000000000e+00
4.874163085937500000e+03 1.465029811859130859e+01 0.000000000000000000e+00
4.875284667968750000e+03 1.628321266174316406e+01 0.000000000000000000e+00
4.876406250000000000e+03 1.509089660644531250e+01 0.000000000000000000e+00
4.877530761718750000e+03 1.497684574127197266e+01 0.000000000000000000e+00
4.878652832031250000e+03 1.517647266387939453e+01 0.000000000000000000e+00
4.879777832031250000e+03 1.581616306304931641e+01 0.000000000000000000e+00
4.880900390625000000e+03 1.503490543365478516e+01 0.000000000000000000e+00
4.882025878906250000e+03 1.419812583923339844e+01 0.000000000000000000e+00
4.883148925781250000e+03 1.619410324096679688e+01 0.000000000000000000e+00
4.884271972656250000e+03 1.513873386383056641e+01 0.000000000000000000e+00
4.885398437500000000e+03 1.472316932678222656e+01 0.000000000000000000e+00
4.886522460937500000e+03 1.775877189636230469e+01 0.000000000000000000e+00
4.887649414062500000e+03 1.767053794860839844e+01 0.000000000000000000e+00
4.888773437500000000e+03 1.608832740783691406e+01 0.000000000000000000e+00
4.889900878906250000e+03 1.891517257690429688e+01 0.000000000000000000e+00
4.891025878906250000e+03 9.302250862121582031e+00 0.000000000000000000e+00
4.892153808593750000e+03 1.538862895965576172e+01 0.000000000000000000e+00
4.893279296875000000e+03 1.855699920654296875e+01 0.000000000000000000e+00
4.894404785156250000e+03 1.692793083190917969e+01 0.000000000000000000e+00
4.895533691406250000e+03 1.611230278015136719e+01 0.000000000000000000e+00
4.896659667968750000e+03 1.558305835723876953e+01 0.000000000000000000e+00
4.897789062500000000e+03 1.653714370727539062e+01 0.000000000000000000e+00
4.898915527343750000e+03 1.810037231445312500e+01 0.000000000000000000e+00
4.900045410156250000e+03 1.801515197753906250e+01 0.000000000000000000e+00
4.901172363281250000e+03 1.598292350769042969e+01 0.000000000000000000e+00
4.902299804687500000e+03 1.399839019775390625e+01 0.000000000000000000e+00
4.903430664062500000e+03 1.392877864837646484e+01 0.000000000000000000e+00
4.904558593750000000e+03 1.408744621276855469e+01 0.000000000000000000e+00
4.905689453125000000e+03 1.924751853942871094e+01 0.000000000000000000e+00
4.906817871093750000e+03 1.503744220733642578e+01 0.000000000000000000e+00
4.907949707031250000e+03 1.182525539398193359e+01 0.000000000000000000e+00
4.909078613281250000e+03 1.564448451995849609e+01 0.000000000000000000e+00
4.910208007812500000e+03 1.587470817565917969e+01 0.000000000000000000e+00
4.911340332031250000e+03 1.575517463684082031e+01 0.000000000000000000e+00
4.912470214843750000e+03 1.222070884704589844e+01 0.000000000000000000e+00
4.913603027343750000e+03 1.505497455596923828e+01 0.000000000000000000e+00
4.914733398437500000e+03 1.648047447204589844e+01 0.000000000000000000e+00
4.915866699218750000e+03 1.360018253326416016e+01 0.000000000000000000e+00
4.916997558593750000e+03 1.525521469116210938e+01 0.000000000000000000e+00
4.918128417968750000e+03 1.474479770660400391e+01 0.000000000000000000e+00
4.919262695312500000e+03 1.665204811096191406e+01 0.000000000000000000e+00
4.920394531250000000e+03 1.419550132751464844e+01 0.000000000000000000e+00
4.921528808593750000e+03 1.362371349334716797e+01 0.000000000000000000e+00
4.922661132812500000e+03 1.606517219543457031e+01 0.000000000000000000e+00
4.923796386718750000e+03 1.356197261810302734e+01 0.000000000000000000e+00
4.924929199218750000e+03 1.445999908447265625e+01 0.000000000000000000e+00
4.926062011718750000e+03 1.629608917236328125e+01 0.000000000000000000e+00
4.927197753906250000e+03 1.580391407012939453e+01 0.000000000000000000e+00
4.928331542968750000e+03 1.703318214416503906e+01 0.000000000000000000e+00
4.929467773437500000e+03 1.874450492858886719e+01 0.000000000000000000e+00
4.930602050781250000e+03 1.448338222503662109e+01 0.000000000000000000e+00
4.931738769531250000e+03 1.252735424041748047e+01 0.000000000000000000e+00
4.932873535156250000e+03 1.322512435913085938e+01 0.000000000000000000e+00
4.934008300781250000e+03 1.688779640197753906e+01 0.000000000000000000e+00
4.935145996093750000e+03 1.711439704895019531e+01 0.000000000000000000e+00
4.936281250000000000e+03 1.407332611083984375e+01 0.000000000000000000e+00
4.937419433593750000e+03 1.533186435699462891e+01 0.000000000000000000e+00
4.938555664062500000e+03 1.588459873199462891e+01 0.000000000000000000e+00
4.939694335937500000e+03 1.548791599273681641e+01 0.000000000000000000e+00
4.940830566406250000e+03 1.377141857147216797e+01 0.000000000000000000e+00
4.941967285156250000e+03 1.352252101898193359e+01 0.000000000000000000e+00
4.943106933593750000e+03 1.522716045379638672e+01 0.000000000000000000e+00
4.944244140625000000e+03 1.538258934020996094e+01 0.000000000000000000e+00
4.945384277343750000e+03 1.327562332153320312e+01 0.000000000000000000e+00
4.946521972656250000e+03 1.186572837829589844e+01 0.000000000000000000e+00
4.947662597656250000e+03 1.311223125457763672e+01 0.000000000000000000e+00
4.948800781250000000e+03 1.482339191436767578e+01 0.000000000000000000e+00
4.949939453125000000e+03 1.424261569976806641e+01 0.000000000000000000e+00
4.951080566406250000e+03 1.219959449768066406e+01 0.000000000000000000e+00
4.952219726562500000e+03 1.374566268920898438e+01 0.000000000000000000e+00
4.953361816406250000e+03 1.352780055999755859e+01 0.000000000000000000e+00
4.954500976562500000e+03 1.414742088317871094e+01 0.000000000000000000e+00
4.955643554687500000e+03 1.547238922119140625e+01 0.000000000000000000e+00
4.956783691406250000e+03 1.533711814880371094e+01 0.000000000000000000e+00
4.957923828125000000e+03 1.343803596496582031e+01 0.000000000000000000e+00
4.959067382812500000e+03 1.339684772491455078e+01 0.000000000000000000e+00
4.960208007812500000e+03 1.462284183502197266e+01 0.000000000000000000e+00
4.961352050781250000e+03 1.366337966918945312e+01 0.000000000000000000e+00
4.962493164062500000e+03 1.300478553771972656e+01 0.000000000000000000e+00
4.963637695312500000e+03 1.447327327728271484e+01 0.000000000000000000e+00
4.964779296875000000e+03 1.574738407135009766e+01 0.000000000000000000e+00
4.965921386718750000e+03 1.610271644592285156e+01 0.000000000000000000e+00
4.967066894531250000e+03 1.548055648803710938e+01 0.000000000000000000e+00
4.968209472656250000e+03 1.525832557678222656e+01 0.000000000000000000e+00
4.969354980468750000e+03 1.471226787567138672e+01 0.000000000000000000e+00
4.970498046875000000e+03 1.467528915405273438e+01 0.000000000000000000e+00
4.971644531250000000e+03 1.644510078430175781e+01 0.000000000000000000e+00
4.972788085937500000e+03 1.459091949462890625e+01 0.000000000000000000e+00
4.973932128906250000e+03 1.534714031219482422e+01 0.000000000000000000e+00
4.975079101562500000e+03 1.574050807952880859e+01 0.000000000000000000e+00
4.976223632812500000e+03 1.583187961578369141e+01 0.000000000000000000e+00
4.977371093750000000e+03 1.558876609802246094e+01 0.000000000000000000e+00
4.978516113281250000e+03 1.361188220977783203e+01 0.000000000000000000e+00
4.979664062500000000e+03 1.375812721252441406e+01 0.000000000000000000e+00
4.980809570312500000e+03 1.563554859161376953e+01 0.000000000000000000e+00
4.981958496093750000e+03 1.534879493713378906e+01 0.000000000000000000e+00
4.983104492187500000e+03 1.578074932098388672e+01 0.000000000000000000e+00
4.984250976562500000e+03 1.618471336364746094e+01 0.000000000000000000e+00
4.985400390625000000e+03 1.229989051818847656e+01 0.000000000000000000e+00
4.986546875000000000e+03 1.383567523956298828e+01 0.000000000000000000e+00
4.987696777343750000e+03 1.479638671875000000e+01 0.000000000000000000e+00
4.988844238281250000e+03 1.559097003936767578e+01 0.000000000000000000e+00
4.989994628906250000e+03 1.461657428741455078e+01 0.000000000000000000e+00
4.991142578125000000e+03 1.275847148895263672e+01 0.000000000000000000e+00
4.992291015625000000e+03 1.373244667053222656e+01 0.000000000000000000e+00
4.993441894531250000e+03 1.420912361145019531e+01 0.000000000000000000e+00
4.994590820312500000e+03 1.556697273254394531e+01 0.000000000000000000e+00
4.995742675781250000e+03 1.539323806762695312e+01 0.000000000000000000e+00
4.996892089843750000e+03 1.465727329254150391e+01 0.000000000000000000e+00
4.998043945312500000e+03 1.473321628570556641e+01 0.000000000000000000e+00
4.999193847656250000e+03 1.498359394073486328e+01 0.000000000000000000e+00
5.000343750000000000e+03 1.496195983886718750e+01 0.000000000000000000e+00
5.001497070312500000e+03 1.289645099639892578e+01 0.000000000000000000e+00
5.002647460937500000e+03 1.272955894470214844e+01 0.000000000000000000e+00
5.003801269531250000e+03 1.337242412567138672e+01 0.000000000000000000e+00
5.004952148437500000e+03 1.325784587860107422e+01 0.000000000000000000e+00
5.006106445312500000e+03 1.375919818878173828e+01 0.000000000000000000e+00
5.007258300781250000e+03 1.485884475708007812e+01 0.000000000000000000e+00
5.008410156250000000e+03 1.466625213623046875e+01 0.000000000000000000e+00
5.009564941406250000e+03 1.376251411437988281e+01 0.000000000000000000e+00
5.010717285156250000e+03 1.504804515838623047e+01 0.000000000000000000e+00
5.011873046875000000e+03 1.615289688110351562e+01 0.000000000000000000e+00
5.013025878906250000e+03 1.247741699218750000e+01 0.000000000000000000e+00
5.014181640625000000e+03 1.327498912811279297e+01 0.000000000000000000e+00
5.015335449218750000e+03 1.155947589874267578e+01 0.000000000000000000e+00
5.016489257812500000e+03 1.305643558502197266e+01 0.000000000000000000e+00
5.017645996093750000e+03 1.465789318084716797e+01 0.000000000000000000e+00
5.018800292968750000e+03 1.342739105224609375e+01 0.000000000000000000e+00
5.019957519531250000e+03 1.314847278594970703e+01 0.000000000000000000e+00
5.021112304687500000e+03 1.419986343383789062e+01 0.000000000000000000e+00
5.022270019531250000e+03 1.464113235473632812e+01 0.000000000000000000e+00
5.023425781250000000e+03 1.442119693756103516e+01 0.000000000000000000e+00
5.024581054687500000e+03 1.391476249694824219e+01 0.000000000000000000e+00
5.025739746093750000e+03 1.391177368164062500e+01 0.000000000000000000e+00
5.026895996093750000e+03 1.431324100494384766e+01 0.000000000000000000e+00
5.028055175781250000e+03 1.230162143707275391e+01 0.000000000000000000e+00
5.029211914062500000e+03 1.518199729919433594e+01 0.000000000000000000e+00
5.030371582031250000e+03 1.448340702056884766e+01 0.000000000000000000e+00
5.031528808593750000e+03 1.368321990966796875e+01 0.000000000000000000e+00
5.032686523437500000e+03 1.461661911010742188e+01 0.000000000000000000e+00
5.033847167968750000e+03 1.195670127868652344e+01 0.000000000000000000e+00
5.035004882812500000e+03 1.303410720825195312e+01 0.000000000000000000e+00
5.036166015625000000e+03 1.202878856658935547e+01 0.000000000000000000e+00
5.037324707031250000e+03 1.467653560638427734e+01 0.000000000000000000e+00
5.038486328125000000e+03 1.393169403076171875e+01 0.000000000000000000e+00
5.039645507812500000e+03 1.043437957763671875e+01 0.000000000000000000e+00
5.040804687500000000e+03 1.507456398010253906e+01 0.000000000000000000e+00
5.041967285156250000e+03 1.322097110748291016e+01 0.000000000000000000e+00
5.043126953125000000e+03 1.224200153350830078e+01 0.000000000000000000e+00
5.044290039062500000e+03 1.321885013580322266e+01 0.000000000000000000e+00
5.045450195312500000e+03 1.479518890380859375e+01 0.000000000000000000e+00
5.046613769531250000e+03 1.446488094329833984e+01 0.000000000000000000e+00
5.047774902343750000e+03 1.155199337005615234e+01 0.000000000000000000e+00
5.048936035156250000e+03 1.255871677398681641e+01 0.000000000000000000e+00
5.050100097656250000e+03 1.133525753021240234e+01 0.000000000000000000e+00
5.051262207031250000e+03 1.246331787109375000e+01 0.000000000000000000e+00
5.052426757812500000e+03 1.431414031982421875e+01 0.000000000000000000e+00
5.053589355468750000e+03 1.353926753997802734e+01 0.000000000000000000e+00
5.054754394531250000e+03 1.174676227569580078e+01 0.000000000000000000e+00
5.055917480468750000e+03 1.341241359710693359e+01 0.000000000000000000e+00
5.057080566406250000e+03 1.367312145233154297e+01 0.000000000000000000e+00
5.058246582031250000e+03 1.275912952423095703e+01 0.000000000000000000e+00
5.059410156250000000e+03 1.183187198638916016e+01 0.000000000000000000e+00
5.060577148437500000e+03 1.127522850036621094e+01 0.000000000000000000e+00
5.061741210937500000e+03 1.123677730560302734e+01 0.000000000000000000e+00
5.062908203125000000e+03 1.260600471496582031e+01 0.000000000000000000e+00
5.064073242187500000e+03 1.250259113311767578e+01 0.000000000000000000e+00
5.065237792968750000e+03 1.105053329467773438e+01 0.000000000000000000e+00
5.066406250000000000e+03 1.273118782043457031e+01 0.000000000000000000e+00
5.067571777343750000e+03 1.488734912872314453e+01 0.000000000000000000e+00
5.068740234375000000e+03 1.101481628417968750e+01 0.000000000000000000e+00
5.069906250000000000e+03 1.424554443359375000e+01 0.000000000000000000e+00
5.071075195312500000e+03 1.399444484710693359e+01 0.000000000000000000e+00
5.072241699218750000e+03 1.247447204589843750e+01 0.000000000000000000e+00
5.073411621093750000e+03 1.236145210266113281e+01 0.000000000000000000e+00
5.074578613281250000e+03 1.335936069488525391e+01 0.000000000000000000e+00
5.075746093750000000e+03 1.347823810577392578e+01 0.000000000000000000e+00
5.076916503906250000e+03 1.197986507415771484e+01 0.000000000000000000e+00
5.078084472656250000e+03 1.320921325683593750e+01 0.000000000000000000e+00
5.079255371093750000e+03 1.268142414093017578e+01 0.000000000000000000e+00
5.080423828125000000e+03 1.130485057830810547e+01 0.000000000000000000e+00
5.081595703125000000e+03 1.120372772216796875e+01 0.000000000000000000e+00
5.082764648437500000e+03 1.138142585754394531e+01 0.000000000000000000e+00
5.083933593750000000e+03 1.170001316070556641e+01 0.000000000000000000e+00
5.085105957031250000e+03 1.222578239440917969e+01 0.000000000000000000e+00
5.086275878906250000e+03 1.359627628326416016e+01 0.000000000000000000e+00
5.087448730468750000e+03 1.359512233734130859e+01 0.000000000000000000e+00
5.088619140625000000e+03 1.174205589294433594e+01 0.000000000000000000e+00
5.089792480468750000e+03 1.106989860534667969e+01 0.000000000000000000e+00
5.090963378906250000e+03 1.204074001312255859e+01 0.000000000000000000e+00
5.092134765625000000e+03 1.236991119384765625e+01 0.000000000000000000e+00
5.093309082031250000e+03 1.283181953430175781e+01 0.000000000000000000e+00
5.094480468750000000e+03 1.215420532226562500e+01 0.000000000000000000e+00
5.095655273437500000e+03 1.179215621948242188e+01 0.000000000000000000e+00
5.096827636718750000e+03 1.467949676513671875e+01 0.000000000000000000e+00
5.098002929687500000e+03 1.327446269989013672e+01 0.000000000000000000e+00
5.099175781250000000e+03 1.158972549438476562e+01 0.000000000000000000e+00
5.100348632812500000e+03 1.206183528900146484e+01 0.000000000000000000e+00
5.101524902343750000e+03 1.212385463714599609e+01 0.000000000000000000e+00
5.102698730468750000e+03 1.218352985382080078e+01 0.000000000000000000e+00
5.103875000000000000e+03 1.486524009704589844e+01 0.000000000000000000e+00
5.105049316406250000e+03 1.167125034332275391e+01 0.000000000000000000e+00
5.106226562500000000e+03 1.358677864074707031e+01 0.000000000000000000e+00
5.107401367187500000e+03 1.390522670745849609e+01 0.000000000000000000e+00
5.108576171875000000e+03 1.177329826354980469e+01 0.000000000000000000e+00
5.109754394531250000e+03 1.159909820556640625e+01 0.000000000000000000e+00
5.110929687500000000e+03 1.410464859008789062e+01 0.000000000000000000e+00
5.112108398437500000e+03 1.161211967468261719e+01 0.000000000000000000e+00
5.113284179687500000e+03 1.269225883483886719e+01 0.000000000000000000e+00
5.114463378906250000e+03 1.288833713531494141e+01 0.000000000000000000e+00
5.115640136718750000e+03 1.268555259704589844e+01 0.000000000000000000e+00
5.116816894531250000e+03 1.294344139099121094e+01 0.000000000000000000e+00
5.117996582031250000e+03 1.126721954345703125e+01 0.000000000000000000e+00
5.119174316406250000e+03 1.096127891540527344e+01 0.000000000000000000e+00
5.120354492187500000e+03 1.327691841125488281e+01 0.000000000000000000e+00
5.121532714843750000e+03 1.202928733825683594e+01 0.000000000000000000e+00
5.122713378906250000e+03 1.062440872192382812e+01 0.000000000000000000e+00
5.123892089843750000e+03 1.197502326965332031e+01 0.000000000000000000e+00
5.125070800781250000e+03 1.250685977935791016e+01 0.000000000000000000e+00
5.126252441406250000e+03 1.355794715881347656e+01 0.000000000000000000e+00
5.127432128906250000e+03 1.178310585021972656e+01 0.000000000000000000e+00
5.128614257812500000e+03 1.342581748962402344e+01 0.000000000000000000e+00
5.129793945312500000e+03 1.407786273956298828e+01 0.000000000000000000e+00
5.130977050781250000e+03 1.106946086883544922e+01 0.000000000000000000e+00
5.132157226562500000e+03 1.073294258117675781e+01 0.000000000000000000e+00
5.133337890625000000e+03 1.227803707122802734e+01 0.000000000000000000e+00
5.134521972656250000e+03 1.174084568023681641e+01 0.000000000000000000e+00
5.135703125000000000e+03 1.257453155517578125e+01 0.000000000000000000e+00
5.136887207031250000e+03 1.205417156219482422e+01 0.000000000000000000e+00
5.138068847656250000e+03 9.908260345458984375e+00 0.000000000000000000e+00
5.139253906250000000e+03 1.161555290222167969e+01 0.000000000000000000e+00
5.140436035156250000e+03 1.329264068603515625e+01 0.000000000000000000e+00
5.141618652343750000e+03 1.169675064086914062e+01 0.000000000000000000e+00
5.142804199218750000e+03 1.197955417633056641e+01 0.000000000000000000e+00
5.143987304687500000e+03 1.263722038269042969e+01 0.000000000000000000e+00
5.145173828125000000e+03 1.173100376129150391e+01 0.000000000000000000e+00
5.146357421875000000e+03 1.157684421539306641e+01 0.000000000000000000e+00
5.147543945312500000e+03 1.155706405639648438e+01 0.000000000000000000e+00
5.148728027343750000e+03 1.473565864562988281e+01 0.000000000000000000e+00
5.149912597656250000e+03 1.453561687469482422e+01 0.000000000000000000e+00
5.151100097656250000e+03 1.263180446624755859e+01 0.000000000000000000e+00
5.152285156250000000e+03 1.275197410583496094e+01 0.000000000000000000e+00
5.153473144531250000e+03 1.319766521453857422e+01 0.000000000000000000e+00
5.154658691406250000e+03 1.105254840850830078e+01 0.000000000000000000e+00
5.155847656250000000e+03 1.163908290863037109e+01 0.000000000000000000e+00
5.157033691406250000e+03 1.231925868988037109e+01 0.000000000000000000e+00
5.158222656250000000e+03 1.245858573913574219e+01 0.000000000000000000e+00
5.159409179687500000e+03 1.256727313995361328e+01 0.000000000000000000e+00
5.160596191406250000e+03 1.221631813049316406e+01 0.000000000000000000e+00
5.161786132812500000e+03 1.202505397796630859e+01 0.000000000000000000e+00
5.162973632812500000e+03 1.123930931091308594e+01 0.000000000000000000e+00
5.164164550781250000e+03 1.047181415557861328e+01 0.000000000000000000e+00
5.165352539062500000e+03 1.050972938537597656e+01 0.000000000000000000e+00
5.166543457031250000e+03 1.130936336517333984e+01 0.000000000000000000e+00
5.167731933593750000e+03 1.193118667602539062e+01 0.000000000000000000e+00
5.168920898437500000e+03 1.191553306579589844e+01 0.000000000000000000e+00
5.170112792968750000e+03 1.209723377227783203e+01 0.000000000000000000e+00
5.171302246093750000e+03 1.270558643341064453e+01 0.000000000000000000e+00
5.172494628906250000e+03 1.197196292877197266e+01 0.000000000000000000e+00
5.173684570312500000e+03 1.015991020202636719e+01 0.000000000000000000e+00
5.174877929687500000e+03 1.058807468414306641e+01 0.000000000000000000e+00
5.176068359375000000e+03 1.272697067260742188e+01 0.000000000000000000e+00
5.177258789062500000e+03 1.152767086029052734e+01 0.000000000000000000e+00
5.178452636718750000e+03 1.208324527740478516e+01 0.000000000000000000e+00
5.179644042968750000e+03 1.294183635711669922e+01 0.000000000000000000e+00
5.180838378906250000e+03 1.275969696044921875e+01 0.000000000000000000e+00
5.182030273437500000e+03 1.374221897125244141e+01 0.000000000000000000e+00
5.183225097656250000e+03 1.054352569580078125e+01 0.000000000000000000e+00
5.184417480468750000e+03 1.125142860412597656e+01 0.000000000000000000e+00
5.185610351562500000e+03 1.260642433166503906e+01 0.000000000000000000e+00
5.186806152343750000e+03 1.310860729217529297e+01 0.000000000000000000e+00
5.187999511718750000e+03 1.326633548736572266e+01 0.000000000000000000e+00
5.189195800781250000e+03 1.293765258789062500e+01 0.000000000000000000e+00
5.190389648437500000e+03 1.243985080718994141e+01 0.000000000000000000e+00
5.191586425781250000e+03 1.285021495819091797e+01 0.000000000000000000e+00
5.192780761718750000e+03 1.330357837677001953e+01 0.000000000000000000e+00
5.193975097656250000e+03 1.215483665466308594e+01 0.000000000000000000e+00
5.195172851562500000e+03 1.157090950012207031e+01 0.000000000000000000e+00
5.196368164062500000e+03 1.466784477233886719e+01 0.000000000000000000e+00
5.197566406250000000e+03 1.266716003417968750e+01 0.000000000000000000e+00
5.198762207031250000e+03 1.130490970611572266e+01 0.000000000000000000e+00
5.199960937500000000e+03 1.127332019805908203e+01 0.000000000000000000e+00
5.201157226562500000e+03 1.241940307617187500e+01 0.000000000000000000e+00
5.202353515625000000e+03 1.302922821044921875e+01 0.000000000000000000e+00
5.203553222656250000e+03 1.117411994934082031e+01 0.000000000000000000e+00
5.204750488281250000e+03 1.168307209014892578e+01 0.000000000000000000e+00
5.205950683593750000e+03 1.190920543670654297e+01 0.000000000000000000e+00
5.207148437500000000e+03 1.269190311431884766e+01 0.000000000000000000e+00
5.208349121093750000e+03 1.267558383941650391e+01 0.000000000000000000e+00
5.209547363281250000e+03 1.166484355926513672e+01 0.000000000000000000e+00
5.210745605468750000e+03 1.249942684173583984e+01 0.000000000000000000e+00
5.211947265625000000e+03 1.451745986938476562e+01 0.000000000000000000e+00
5.213145996093750000e+03 1.315044689178466797e+01 0.000000000000000000e+00
5.214348144531250000e+03 1.241135787963867188e+01 0.000000000000000000e+00
5.215547851562500000e+03 1.227685260772705078e+01 0.000000000000000000e+00
5.216750488281250000e+03 1.276541614532470703e+01 0.000000000000000000e+00
5.217950683593750000e+03 1.485648155212402344e+01 0.000000000000000000e+00
5.219150878906250000e+03 1.065394115447998047e+01 0.000000000000000000e+00
5.220354492187500000e+03 1.116809368133544922e+01 0.000000000000000000e+00
5.221555664062500000e+03 1.235130023956298828e+01 0.000000000000000000e+00
5.222759765625000000e+03 1.207898044586181641e+01 0.000000000000000000e+00
5.223960937500000000e+03 1.154932117462158203e+01 0.000000000000000000e+00
5.225165527343750000e+03 1.177785301208496094e+01 0.000000000000000000e+00
5.226367675781250000e+03 1.246780395507812500e+01 0.000000000000000000e+00
5.227570312500000000e+03 1.031088733673095703e+01 0.000000000000000000e+00
5.228775390625000000e+03 1.109746170043945312e+01 0.000000000000000000e+00
5.229978515625000000e+03 1.178977775573730469e+01 0.000000000000000000e+00
5.231184570312500000e+03 1.079523944854736328e+01 0.000000000000000000e+00
5.232387695312500000e+03 1.300169181823730469e+01 0.000000000000000000e+00
5.233594238281250000e+03 1.252427577972412109e+01 0.000000000000000000e+00
5.234798339843750000e+03 1.171029663085937500e+01 0.000000000000000000e+00
5.236002929687500000e+03 1.305214309692382812e+01 0.000000000000000000e+00
5.237209960937500000e+03 1.284424781799316406e+01 0.000000000000000000e+00
5.238415039062500000e+03 1.017987918853759766e+01 0.000000000000000000e+00
5.239623046875000000e+03 1.052753829956054688e+01 0.000000000000000000e+00
5.240828125000000000e+03 1.263846683502197266e+01 0.000000000000000000e+00
5.242036621093750000e+03 1.196677207946777344e+01 0.000000000000000000e+00
5.243242675781250000e+03 1.272655677795410156e+01 0.000000000000000000e+00
5.244448730468750000e+03 1.259314823150634766e+01 0.000000000000000000e+00
5.245658203125000000e+03 1.032184886932373047e+01 0.000000000000000000e+00
5.246865234375000000e+03 1.122835731506347656e+01 0.000000000000000000e+00
5.248074707031250000e+03 1.464318370819091797e+01 0.000000000000000000e+00
5.249282226562500000e+03 1.264265727996826172e+01 0.000000000000000000e+00
5.250492675781250000e+03 1.243088817596435547e+01 0.000000000000000000e+00
5.251700683593750000e+03 1.341564655303955078e+01 0.000000000000000000e+00
5.252911621093750000e+03 1.222987174987792969e+01 0.000000000000000000e+00
5.254120117187500000e+03 1.064448833465576172e+01 0.000000000000000000e+00
5.255328613281250000e+03 1.071369838714599609e+01 0.000000000000000000e+00
5.256540527343750000e+03 1.187007808685302734e+01 0.000000000000000000e+00
5.257750000000000000e+03 1.186007881164550781e+01 0.000000000000000000e+00
5.258962402343750000e+03 1.073821163177490234e+01 0.000000000000000000e+00
5.260172363281250000e+03 1.109988212585449219e+01 0.000000000000000000e+00
5.261385253906250000e+03 1.355963706970214844e+01 0.000000000000000000e+00
5.262595703125000000e+03 1.012734508514404297e+01 0.000000000000000000e+00
5.263806152343750000e+03 1.183541774749755859e+01 0.000000000000000000e+00
5.265020019531250000e+03 1.184955024719238281e+01 0.000000000000000000e+00
5.266230957031250000e+03 1.252114105224609375e+01 0.000000000000000000e+00
5.267445800781250000e+03 1.410107898712158203e+01 0.000000000000000000e+00
5.268657226562500000e+03 9.976199150085449219e+00 0.000000000000000000e+00
5.269872070312500000e+03 1.229661369323730469e+01 0.000000000000000000e+00
5.271084472656250000e+03 1.105504417419433594e+01 0.000000000000000000e+00
5.272297363281250000e+03 1.146144580841064453e+01 0.000000000000000000e+00
5.273513183593750000e+03 1.268672561645507812e+01 0.000000000000000000e+00
5.274726074218750000e+03 1.247128582000732422e+01 0.000000000000000000e+00
5.275942382812500000e+03 1.275020885467529297e+01 0.000000000000000000e+00
5.277156250000000000e+03 1.080822563171386719e+01 0.000000000000000000e+00
5.278373046875000000e+03 1.057461547851562500e+01 0.000000000000000000e+00
5.279587402343750000e+03 9.943637847900390625e+00 0.000000000000000000e+00
5.280801757812500000e+03 1.158895397186279297e+01 0.000000000000000000e+00
5.282019531250000000e+03 1.435389423370361328e+01 0.000000000000000000e+00
5.283234863281250000e+03 1.177809047698974609e+01 0.000000000000000000e+00
5.284453125000000000e+03 1.213322639465332031e+01 0.000000000000000000e+00
5.285668945312500000e+03 1.215789031982421875e+01 0.000000000000000000e+00
5.286887695312500000e+03 1.094008541107177734e+01 0.000000000000000000e+00
5.288104003906250000e+03 9.724372863769531250e+00 0.000000000000000000e+00
5.289320312500000000e+03 1.021227645874023438e+01 0.000000000000000000e+00
5.290540039062500000e+03 1.216817665100097656e+01 0.000000000000000000e+00
5.291757324218750000e+03 1.122341442108154297e+01 0.000000000000000000e+00
5.292977539062500000e+03 1.123741340637207031e+01 0.000000000000000000e+00
5.294195312500000000e+03 1.036295795440673828e+01 0.000000000000000000e+00
5.295416015625000000e+03 9.366079330444335938e+00 0.000000000000000000e+00
5.296634277343750000e+03 1.032505798339843750e+01 0.000000000000000000e+00
5.297852539062500000e+03 1.277836132049560547e+01 0.000000000000000000e+00
5.299074218750000000e+03 1.308498668670654297e+01 0.000000000000000000e+00
5.300293457031250000e+03 1.053832721710205078e+01 0.000000000000000000e+00
5.301515625000000000e+03 1.095055389404296875e+01 0.000000000000000000e+00
5.302735351562500000e+03 1.201005744934082031e+01 0.000000000000000000e+00
5.303958007812500000e+03 1.029804706573486328e+01 0.000000000000000000e+00
5.305178222656250000e+03 9.137315750122070312e+00 0.000000000000000000e+00
5.306398437500000000e+03 1.215854835510253906e+01 0.000000000000000000e+00
5.307622070312500000e+03 8.583306312561035156e+00 0.000000000000000000e+00
5.308843261718750000e+03 9.808076858520507812e+00 0.000000000000000000e+00
5.310067382812500000e+03 1.224322700500488281e+01 0.000000000000000000e+00
5.311289062500000000e+03 1.049165248870849609e+01 0.000000000000000000e+00
5.312513671875000000e+03 1.087714576721191406e+01 0.000000000000000000e+00
5.313735839843750000e+03 1.253985404968261719e+01 0.000000000000000000e+00
5.314958496093750000e+03 1.200627136230468750e+01 0.000000000000000000e+00
5.316184082031250000e+03 1.180113983154296875e+01 0.000000000000000000e+00
5.317407226562500000e+03 1.293134784698486328e+01 0.000000000000000000e+00
5.318633300781250000e+03 1.307296466827392578e+01 0.000000000000000000e+00
5.319856933593750000e+03 1.046232509613037109e+01 0.000000000000000000e+00
5.321083496093750000e+03 1.144331645965576172e+01 0.000000000000000000e+00
5.322307617187500000e+03 1.230688095092773438e+01 0.000000000000000000e+00
5.323531738281250000e+03 1.063033866882324219e+01 0.000000000000000000e+00
5.324759765625000000e+03 1.019261646270751953e+01 0.000000000000000000e+00
5.325984375000000000e+03 1.210299205780029297e+01 0.000000000000000000e+00
5.327212890625000000e+03 1.189100551605224609e+01 0.000000000000000000e+00
5.328437988281250000e+03 1.276695919036865234e+01 0.000000000000000000e+00
5.329666992187500000e+03 1.083859062194824219e+01 0.000000000000000000e+00
5.330893066406250000e+03 1.036535549163818359e+01 0.000000000000000000e+00
5.332119140625000000e+03 1.243827629089355469e+01 0.000000000000000000e+00
5.333349121093750000e+03 1.259397983551025391e+01 0.000000000000000000e+00
5.334575683593750000e+03 8.229755401611328125e+00 0.000000000000000000e+00
5.335806152343750000e+03 1.163796234130859375e+01 0.000000000000000000e+00
5.337033691406250000e+03 1.195352363586425781e+01 0.000000000000000000e+00
5.338264160156250000e+03 1.019321918487548828e+01 0.000000000000000000e+00
5.339492187500000000e+03 1.016274547576904297e+01 0.000000000000000000e+00
5.340720703125000000e+03 1.109560871124267578e+01 0.000000000000000000e+00
5.341952148437500000e+03 9.746892929077148438e+00 0.000000000000000000e+00
5.343181152343750000e+03 1.226340389251708984e+01 0.000000000000000000e+00
5.344413085937500000e+03 1.198305606842041016e+01 0.000000000000000000e+00
5.345642578125000000e+03 1.106280517578125000e+01 0.000000000000000000e+00
5.346875488281250000e+03 1.149095058441162109e+01 0.000000000000000000e+00
5.348105468750000000e+03 1.214688777923583984e+01 0.000000000000000000e+00
5.349338867187500000e+03 1.107014179229736328e+01 0.000000000000000000e+00
5.350569335937500000e+03 1.077074241638183594e+01 0.000000000000000000e+00
5.351800292968750000e+03 1.215008831024169922e+01 0.000000000000000000e+00
5.353034179687500000e+03 1.155540943145751953e+01 0.000000000000000000e+00
5.354265625000000000e+03 1.066099262237548828e+01 0.000000000000000000e+00
5.355500488281250000e+03 1.142576599121093750e+01 0.000000000000000000e+00
5.356732421875000000e+03 1.196005535125732422e+01 0.000000000000000000e+00
5.357967773437500000e+03 1.277329635620117188e+01 0.000000000000000000e+00
5.359200195312500000e+03 9.727285385131835938e+00 0.000000000000000000e+00
5.360433105468750000e+03 1.042657852172851562e+01 0.000000000000000000e+00
5.361669433593750000e+03 1.162158107757568359e+01 0.000000000000000000e+00
5.362902832031250000e+03 1.040563201904296875e+01 0.000000000000000000e+00
5.364139160156250000e+03 1.236201667785644531e+01 0.000000000000000000e+00
5.365373535156250000e+03 1.239170646667480469e+01 0.000000000000000000e+00
5.366610839843750000e+03 1.048912239074707031e+01 0.000000000000000000e+00
5.367845214843750000e+03 1.169052982330322266e+01 0.000000000000000000e+00
5.369080078125000000e+03 1.228265476226806641e+01 0.000000000000000000e+00
5.370318359375000000e+03 1.033828735351562500e+01 0.000000000000000000e+00
5.371553710937500000e+03 1.117200469970703125e+01 0.000000000000000000e+00
5.372792480468750000e+03 9.892388343811035156e+00 0.000000000000000000e+00
5.374028320312500000e+03 1.061093425750732422e+01 0.000000000000000000e+00
5.375267578125000000e+03 1.143866348266601562e+01 0.000000000000000000e+00
5.376503906250000000e+03 1.216647720336914062e+01 0.000000000000000000e+00
5.377741210937500000e+03 1.210226917266845703e+01 0.000000000000000000e+00
5.378980957031250000e+03 1.010717296600341797e+01 0.000000000000000000e+00
5.380218261718750000e+03 1.337236404418945312e+01 0.000000000000000000e+00
5.381458984375000000e+03 1.309591770172119141e+01 0.000000000000000000e+00
5.382697265625000000e+03 1.014049720764160156e+01 0.000000000000000000e+00
5.383938476562500000e+03 9.046520233154296875e+00 0.000000000000000000e+00
5.385176757812500000e+03 1.136607456207275391e+01 0.000000000000000000e+00
5.386416015625000000e+03 1.318109416961669922e+01 0.000000000000000000e+00
5.387657714843750000e+03 1.054941082000732422e+01 0.000000000000000000e+00
5.388897460937500000e+03 1.110908699035644531e+01 0.000000000000000000e+00
5.390140136718750000e+03 1.070598220825195312e+01 0.000000000000000000e+00
5.391379882812500000e+03 1.154122447967529297e+01 0.000000000000000000e+00
5.392623046875000000e+03 1.348357486724853516e+01 0.000000000000000000e+00
5.393863769531250000e+03 1.042855262756347656e+01 0.000000000000000000e+00
5.395104492187500000e+03 1.265327072143554688e+01 0.000000000000000000e+00
5.396348632812500000e+03 1.231333923339843750e+01 0.000000000000000000e+00
5.397590332031250000e+03 1.077102088928222656e+01 0.000000000000000000e+00
5.398834960937500000e+03 9.797450065612792969e+00 0.000000000000000000e+00
5.400076660156250000e+03 9.533286094665527344e+00 0.000000000000000000e+00
5.401322265625000000e+03 9.791484832763671875e+00 0.000000000000000000e+00
5.402564453125000000e+03 1.022118377685546875e+01 0.000000000000000000e+00
5.403807617187500000e+03 1.054720973968505859e+01 0.000000000000000000e+00
5.405053710937500000e+03 1.096461200714111328e+01 0.000000000000000000e+00
5.406296875000000000e+03 1.083905506134033203e+01 0.000000000000000000e+00
5.407543945312500000e+03 1.072317028045654297e+01 0.000000000000000000e+00
5.408787597656250000e+03 1.201674365997314453e+01 0.000000000000000000e+00
5.410035156250000000e+03 1.119452762603759766e+01 0.000000000000000000e+00
5.411279785156250000e+03 1.103950786590576172e+01 0.000000000000000000e+00
5.412524414062500000e+03 1.050865554809570312e+01 0.000000000000000000e+00
5.413772460937500000e+03 1.057863807678222656e+01 0.000000000000000000e+00
5.415018066406250000e+03 1.118550491333007812e+01 0.000000000000000000e+00
5.416266601562500000e+03 1.006634902954101562e+01 0.000000000000000000e+00
5.417512695312500000e+03 1.092815685272216797e+01 0.000000000000000000e+00
5.418761718750000000e+03 1.053665161132812500e+01 0.000000000000000000e+00
5.420008300781250000e+03 1.046721935272216797e+01 0.000000000000000000e+00
5.421255371093750000e+03 1.077281284332275391e+01 0.000000000000000000e+00
5.422505371093750000e+03 1.089133358001708984e+01 0.000000000000000000e+00
5.423752929687500000e+03 1.141287231445312500e+01 0.000000000000000000e+00
5.425003417968750000e+03 1.145658969879150391e+01 0.000000000000000000e+00
5.426251464843750000e+03 1.145481681823730469e+01 0.000000000000000000e+00
5.427502929687500000e+03 1.069605827331542969e+01 0.000000000000000000e+00
5.428751464843750000e+03 1.130506134033203125e+01 0.000000000000000000e+00
5.430000488281250000e+03 1.217095661163330078e+01 0.000000000000000000e+00
5.431252441406250000e+03 9.109990119934082031e+00 0.000000000000000000e+00
5.432501953125000000e+03 1.099747562408447266e+01 0.000000000000000000e+00
5.433754882812500000e+03 1.050617408752441406e+01 0.000000000000000000e+00
5.435004882812500000e+03 1.009335613250732422e+01 0.000000000000000000e+00
5.436258300781250000e+03 1.011454391479492188e+01 0.000000000000000000e+00
5.437508789062500000e+03 1.004337501525878906e+01 0.000000000000000000e+00
5.438759765625000000e+03 1.121097850799560547e+01 0.000000000000000000e+00
5.440013671875000000e+03 1.112582015991210938e+01 0.000000000000000000e+00
5.441265136718750000e+03 1.135368919372558594e+01 0.000000000000000000e+00
5.442520019531250000e+03 1.084059619903564453e+01 0.000000000000000000e+00
5.443771972656250000e+03 1.015551948547363281e+01 0.000000000000000000e+00
5.445027343750000000e+03 1.078147029876708984e+01 0.000000000000000000e+00
5.446279785156250000e+03 1.222639942169189453e+01 0.000000000000000000e+00
5.447535644531250000e+03 1.074730491638183594e+01 0.000000000000000000e+00
5.448789062500000000e+03 1.018091106414794922e+01 0.000000000000000000e+00
5.450042480468750000e+03 1.143554496765136719e+01 0.000000000000000000e+00
5.451299316406250000e+03 1.118176937103271484e+01 0.000000000000000000e+00
5.452553222656250000e+03 9.897129058837890625e+00 0.000000000000000000e+00
5.453810546875000000e+03 1.198028469085693359e+01 0.000000000000000000e+00
5.455065429687500000e+03 8.819977760314941406e+00 0.000000000000000000e+00
5.456323242187500000e+03 1.228049182891845703e+01 0.000000000000000000e+00
5.457578613281250000e+03 1.293146514892578125e+01 0.000000000000000000e+00
5.458833984375000000e+03 1.121171092987060547e+01 0.000000000000000000e+00
5.460092773437500000e+03 1.166495704650878906e+01 0.000000000000000000e+00
5.461348632812500000e+03 1.150244998931884766e+01 0.000000000000000000e+00
5.462608398437500000e+03 1.016850280761718750e+01 0.000000000000000000e+00
5.463864746093750000e+03 8.601022720336914062e+00 0.000000000000000000e+00
5.465125000000000000e+03 9.785618782043457031e+00 0.000000000000000000e+00
5.466382324218750000e+03 1.135133552551269531e+01 0.000000000000000000e+00
5.467639648437500000e+03 1.125215530395507812e+01 0.000000000000000000e+00
5.468900390625000000e+03 1.203926086425781250e+01 0.000000000000000000e+00
5.470158691406250000e+03 1.256042003631591797e+01 0.000000000000000000e+00
5.471419921875000000e+03 1.100667572021484375e+01 0.000000000000000000e+00
5.472678710937500000e+03 9.407501220703125000e+00 0.000000000000000000e+00
5.473940429687500000e+03 9.189961433410644531e+00 0.000000000000000000e+00
5.475199707031250000e+03 9.559350967407226562e+00 0.000000000000000000e+00
5.476459472656250000e+03 8.928062438964843750e+00 0.000000000000000000e+00
5.477722167968750000e+03 9.240537643432617188e+00 0.000000000000000000e+00
5.478982421875000000e+03 9.659822463989257812e+00 0.000000000000000000e+00
5.480246093750000000e+03 1.024978542327880859e+01 0.000000000000000000e+00
5.481506835937500000e+03 1.057348918914794922e+01 0.000000000000000000e+00
5.482770507812500000e+03 1.114631366729736328e+01 0.000000000000000000e+00
5.484032226562500000e+03 1.284491825103759766e+01 0.000000000000000000e+00
5.485293457031250000e+03 1.143099594116210938e+01 0.000000000000000000e+00
5.486558593750000000e+03 1.156936073303222656e+01 0.000000000000000000e+00
5.487820800781250000e+03 1.211718940734863281e+01 0.000000000000000000e+00
5.489085937500000000e+03 1.190846443176269531e+01 0.000000000000000000e+00
5.490349121093750000e+03 1.080147457122802734e+01 0.000000000000000000e+00
5.491614746093750000e+03 9.476443290710449219e+00 0.000000000000000000e+00
5.492878417968750000e+03 1.088163566589355469e+01 0.000000000000000000e+00
5.494142089843750000e+03 1.208331584930419922e+01 0.000000000000000000e+00
5.495408691406250000e+03 1.125141716003417969e+01 0.000000000000000000e+00
5.496672851562500000e+03 1.100052452087402344e+01 0.000000000000000000e+00
5.497940429687500000e+03 1.224695396423339844e+01 0.000000000000000000e+00
5.499205566406250000e+03 1.142672920227050781e+01 0.000000000000000000e+00
5.500473632812500000e+03 1.061165428161621094e+01 0.000000000000000000e+00
5.501738769531250000e+03 1.044084453582763672e+01 0.000000000000000000e+00
5.503004394531250000e+03 1.131710529327392578e+01 0.000000000000000000e+00
5.504273437500000000e+03 1.231139850616455078e+01 0.000000000000000000e+00
5.505539550781250000e+03 1.221527385711669922e+01 0.000000000000000000e+00
5.506809570312500000e+03 1.137221527099609375e+01 0.000000000000000000e+00
5.508076171875000000e+03 1.227703571319580078e+01 0.000000000000000000e+00
5.509346191406250000e+03 1.280608749389648438e+01 0.000000000000000000e+00
5.510613769531250000e+03 1.218556785583496094e+01 0.000000000000000000e+00
5.511881347656250000e+03 9.924777984619140625e+00 0.000000000000000000e+00
5.513152343750000000e+03 8.638599395751953125e+00 0.000000000000000000e+00
5.514420898437500000e+03 1.158260631561279297e+01 0.000000000000000000e+00
5.515692382812500000e+03 9.356000900268554688e+00 0.000000000000000000e+00
5.516961425781250000e+03 1.112056350708007812e+01 0.000000000000000000e+00
5.518233398437500000e+03 1.031818008422851562e+01 0.000000000000000000e+00
5.519502929687500000e+03 9.882161140441894531e+00 0.000000000000000000e+00
5.520772460937500000e+03 1.250178241729736328e+01 0.000000000000000000e+00
5.522045898437500000e+03 1.102526569366455078e+01 0.000000000000000000e+00
5.523315917968750000e+03 1.039343833923339844e+01 0.000000000000000000e+00
5.524589843750000000e+03 1.041680717468261719e+01 0.000000000000000000e+00
5.525860839843750000e+03 1.065946292877197266e+01 0.000000000000000000e+00
5.527134765625000000e+03 1.087939262390136719e+01 0.000000000000000000e+00
5.528406250000000000e+03 1.093608283996582031e+01 0.000000000000000000e+00
5.529678222656250000e+03 1.089654159545898438e+01 0.000000000000000000e+00
5.530953613281250000e+03 1.101676368713378906e+01 0.000000000000000000e+00
5.532225585937500000e+03 9.541437149047851562e+00 0.000000000000000000e+00
5.533501464843750000e+03 1.008898830413818359e+01 0.000000000000000000e+00
5.534774414062500000e+03 1.191169643402099609e+01 0.000000000000000000e+00
5.536050781250000000e+03 1.218682289123535156e+01 0.000000000000000000e+00
5.537324218750000000e+03 1.114002513885498047e+01 0.000000000000000000e+00
5.538598144531250000e+03 1.136456298828125000e+01 0.000000000000000000e+00
5.539875488281250000e+03 1.075608444213867188e+01 0.000000000000000000e+00
5.541149902343750000e+03 1.046369361877441406e+01 0.000000000000000000e+00
5.542427734375000000e+03 1.095782852172851562e+01 0.000000000000000000e+00
5.543702636718750000e+03 1.097644710540771484e+01 0.000000000000000000e+00
5.544980957031250000e+03 1.007457160949707031e+01 0.000000000000000000e+00
5.546256835937500000e+03 1.295466709136962891e+01 0.000000000000000000e+00
5.547535644531250000e+03 1.212336444854736328e+01 0.000000000000000000e+00
5.548811523437500000e+03 1.153610134124755859e+01 0.000000000000000000e+00
5.550088378906250000e+03 1.106931304931640625e+01 0.000000000000000000e+00
5.551368164062500000e+03 9.597266197204589844e+00 0.000000000000000000e+00
5.552645019531250000e+03 1.029944896697998047e+01 0.000000000000000000e+00
5.553925781250000000e+03 1.169556808471679688e+01 0.000000000000000000e+00
5.555203125000000000e+03 1.085137081146240234e+01 0.000000000000000000e+00
5.556484375000000000e+03 1.229865837097167969e+01 0.000000000000000000e+00
5.557762695312500000e+03 1.220969772338867188e+01 0.000000000000000000e+00
5.559041015625000000e+03 9.768974304199218750e+00 0.000000000000000000e+00
5.560323242187500000e+03 1.296879291534423828e+01 0.000000000000000000e+00
5.561602050781250000e+03 1.157780170440673828e+01 0.000000000000000000e+00
5.562884765625000000e+03 1.134239768981933594e+01 0.000000000000000000e+00
5.564164550781250000e+03 1.225346946716308594e+01 0.000000000000000000e+00
5.565447265625000000e+03 1.192052936553955078e+01 0.000000000000000000e+00
5.566728027343750000e+03 1.041929244995117188e+01 0.000000000000000000e+00
5.568008300781250000e+03 1.053983974456787109e+01 0.000000000000000000e+00
5.569292480468750000e+03 1.040586853027343750e+01 0.000000000000000000e+00
5.570573730468750000e+03 1.120172882080078125e+01 0.000000000000000000e+00
5.571857910156250000e+03 9.862307548522949219e+00 0.000000000000000000e+00
5.573140136718750000e+03 1.163387107849121094e+01 0.000000000000000000e+00
5.574425292968750000e+03 1.321493053436279297e+01 0.000000000000000000e+00
5.575707519531250000e+03 2.906782865524291992e+00 0.000000000000000000e+00
5.576990234375000000e+03 1.236466789245605469e+01 0.000000000000000000e+00
5.578276367187500000e+03 1.845504188537597656e+01 0.000000000000000000e+00
5.579559570312500000e+03 1.340521144866943359e+01 0.000000000000000000e+00
5.580846191406250000e+03 8.584568023681640625e+00 0.000000000000000000e+00
5.582129882812500000e+03 1.007320117950439453e+01 0.000000000000000000e+00
5.583416992187500000e+03 8.076086044311523438e+00 0.000000000000000000e+00
5.584701660156250000e+03 8.873369216918945312e+00 0.000000000000000000e+00
5.585986328125000000e+03 8.725790023803710938e+00 0.000000000000000000e+00
5.587274414062500000e+03 1.015367126464843750e+01 0.000000000000000000e+00
5.588560058593750000e+03 1.165095138549804688e+01 0.000000000000000000e+00
5.589848632812500000e+03 1.136055088043212891e+01 0.000000000000000000e+00
5.591134765625000000e+03 1.172855091094970703e+01 0.000000000000000000e+00
5.592423828125000000e+03 1.185782814025878906e+01 0.000000000000000000e+00
5.593710449218750000e+03 1.271457290649414062e+01 0.000000000000000000e+00
5.594997070312500000e+03 1.275459766387939453e+01 0.000000000000000000e+00
5.596287597656250000e+03 1.156131553649902344e+01 0.000000000000000000e+00
5.597574707031250000e+03 1.047357368469238281e+01 0.000000000000000000e+00
5.598865722656250000e+03 1.089765453338623047e+01 0.000000000000000000e+00
5.600153808593750000e+03 1.127132225036621094e+01 0.000000000000000000e+00
5.601444824218750000e+03 1.200322628021240234e+01 0.000000000000000000e+00
5.602733398437500000e+03 1.032733821868896484e+01 0.000000000000000000e+00
5.604022460937500000e+03 9.406225204467773438e+00 0.000000000000000000e+00
5.605314941406250000e+03 1.086976051330566406e+01 0.000000000000000000e+00
5.606604492187500000e+03 9.930255889892578125e+00 0.000000000000000000e+00
5.607896972656250000e+03 1.073020076751708984e+01 0.000000000000000000e+00
5.609187011718750000e+03 1.099901580810546875e+01 0.000000000000000000e+00
5.610480468750000000e+03 1.173134326934814453e+01 0.000000000000000000e+00
5.611771484375000000e+03 1.103588867187500000e+01 0.000000000000000000e+00
5.613062500000000000e+03 9.306145668029785156e+00 0.000000000000000000e+00
5.614356933593750000e+03 1.154581737518310547e+01 0.000000000000000000e+00
5.615648437500000000e+03 1.259842681884765625e+01 0.000000000000000000e+00
5.616943359375000000e+03 1.145562934875488281e+01 0.000000000000000000e+00
5.618235351562500000e+03 1.168209743499755859e+01 0.000000000000000000e+00
5.619530761718750000e+03 1.286594104766845703e+01 0.000000000000000000e+00
5.620823730468750000e+03 1.237430191040039062e+01 0.000000000000000000e+00
5.622116699218750000e+03 1.017866611480712891e+01 0.000000000000000000e+00
5.623413085937500000e+03 9.804797172546386719e+00 0.000000000000000000e+00
5.624707031250000000e+03 1.107585048675537109e+01 0.000000000000000000e+00
5.626003906250000000e+03 1.181928157806396484e+01 0.000000000000000000e+00
5.627298339843750000e+03 1.140180397033691406e+01 0.000000000000000000e+00
5.628595703125000000e+03 1.062031745910644531e+01 0.000000000000000000e+00
5.629890625000000000e+03 1.029106712341308594e+01 0.000000000000000000e+00
5.631186035156250000e+03 1.008969306945800781e+01 0.000000000000000000e+00
5.632484375000000000e+03 1.062591361999511719e+01 0.000000000000000000e+00
5.633780273437500000e+03 1.116213417053222656e+01 0.000000000000000000e+00
5.635079101562500000e+03 1.169835472106933594e+01 0.000000000000000000e+00
5.636375488281250000e+03 1.223457527160644531e+01 0.000000000000000000e+00
5.637675292968750000e+03 1.277079582214355469e+01 0.000000000000000000e+00
5.638972167968750000e+03 1.330701732635498047e+01 0.000000000000000000e+00
5.640269531250000000e+03 1.384323787689208984e+01 0.000000000000000000e+00
5.641570312500000000e+03 1.144393157958984375e+01 0.000000000000000000e+00
5.642868164062500000e+03 1.138690662384033203e+01 0.000000000000000000e+00
5.644169433593750000e+03 1.257434177398681641e+01 0.000000000000000000e+00
5.645467773437500000e+03 1.197996997833251953e+01 0.000000000000000000e+00
5.646769531250000000e+03 1.348717880249023438e+01 0.000000000000000000e+00
5.648068359375000000e+03 1.210403919219970703e+01 0.000000000000000000e+00
5.649371093750000000e+03 9.989612579345703125e+00 0.000000000000000000e+00
5.650670410156250000e+03 1.106051445007324219e+01 0.000000000000000000e+00
5.651970703125000000e+03 1.182476329803466797e+01 0.000000000000000000e+00
5.653273925781250000e+03 9.480664253234863281e+00 0.000000000000000000e+00
5.654574218750000000e+03 1.327009105682373047e+01 0.000000000000000000e+00
5.655878417968750000e+03 1.215958404541015625e+01 0.000000000000000000e+00
5.657179199218750000e+03 1.077168369293212891e+01 0.000000000000000000e+00
5.658483886718750000e+03 1.416596603393554688e+01 0.000000000000000000e+00
5.659785644531250000e+03 1.164239406585693359e+01 0.000000000000000000e+00
5.661087890625000000e+03 1.222294807434082031e+01 0.000000000000000000e+00
5.662393066406250000e+03 1.248365020751953125e+01 0.000000000000000000e+00
5.663695800781250000e+03 1.206614208221435547e+01 0.000000000000000000e+00
5.665001953125000000e+03 1.320056438446044922e+01 0.000000000000000000e+00
5.666305175781250000e+03 1.474827575683593750e+01 0.000000000000000000e+00
5.667611816406250000e+03 1.215982818603515625e+01 0.000000000000000000e+00
5.668915527343750000e+03 1.219209384918212891e+01 0.000000000000000000e+00
5.670219726562500000e+03 1.139161300659179688e+01 0.000000000000000000e+00
5.671527343750000000e+03 1.162670135498046875e+01 0.000000000000000000e+00
5.672832031250000000e+03 1.302705860137939453e+01 0.000000000000000000e+00
5.674140136718750000e+03 1.396725463867187500e+01 0.000000000000000000e+00
5.675445312500000000e+03 1.387987518310546875e+01 0.000000000000000000e+00
5.676753906250000000e+03 1.304835414886474609e+01 0.000000000000000000e+00
5.678060058593750000e+03 1.428870487213134766e+01 0.000000000000000000e+00
5.679366210937500000e+03 1.470467090606689453e+01 0.000000000000000000e+00
5.680675781250000000e+03 1.482243633270263672e+01 0.000000000000000000e+00
5.681982910156250000e+03 1.516787624359130859e+01 0.000000000000000000e+00
5.683292968750000000e+03 1.293170452117919922e+01 0.000000000000000000e+00
5.684600585937500000e+03 1.277470397949218750e+01 0.000000000000000000e+00
5.685911132812500000e+03 1.563614368438720703e+01 0.000000000000000000e+00
5.687219238281250000e+03 1.504649543762207031e+01 0.000000000000000000e+00
5.688527832031250000e+03 1.373512744903564453e+01 0.000000000000000000e+00
5.689839355468750000e+03 1.578092193603515625e+01 0.000000000000000000e+00
5.691148437500000000e+03 1.637557220458984375e+01 0.000000000000000000e+00
5.692460937500000000e+03 1.470430755615234375e+01 0.000000000000000000e+00
5.693770507812500000e+03 1.625467681884765625e+01 0.000000000000000000e+00
5.695083496093750000e+03 1.632708930969238281e+01 0.000000000000000000e+00
5.696393554687500000e+03 1.460122871398925781e+01 0.000000000000000000e+00
5.697704101562500000e+03 1.373875808715820312e+01 0.000000000000000000e+00
5.699017578125000000e+03 1.372839736938476562e+01 0.000000000000000000e+00
5.700328613281250000e+03 1.566084957122802734e+01 0.000000000000000000e+00
5.701643066406250000e+03 1.443299865722656250e+01 0.000000000000000000e+00
5.702955078125000000e+03 1.270744991302490234e+01 0.000000000000000000e+00
5.704270019531250000e+03 1.260299110412597656e+01 0.000000000000000000e+00
5.705582519531250000e+03 1.293965053558349609e+01 0.000000000000000000e+00
5.706895019531250000e+03 1.227486228942871094e+01 0.000000000000000000e+00
5.708210937500000000e+03 1.523551845550537109e+01 0.000000000000000000e+00
5.709523925781250000e+03 1.442287063598632812e+01 0.000000000000000000e+00
5.710840820312500000e+03 1.377718257904052734e+01 0.000000000000000000e+00
5.712154296875000000e+03 1.369383907318115234e+01 0.000000000000000000e+00
5.713471679687500000e+03 1.293325519561767578e+01 0.000000000000000000e+00
5.714786132812500000e+03 1.428492259979248047e+01 0.000000000000000000e+00
5.716100585937500000e+03 1.531348228454589844e+01 0.000000000000000000e+00
5.717418945312500000e+03 1.180559349060058594e+01 0.000000000000000000e+00
5.718733886718750000e+03 1.110230922698974609e+01 0.000000000000000000e+00
5.720052734375000000e+03 1.138533210754394531e+01 0.000000000000000000e+00
5.721368652343750000e+03 9.885336875915527344e+00 0.000000000000000000e+00
5.722687988281250000e+03 1.251572704315185547e+01 0.000000000000000000e+00
5.724004394531250000e+03 1.171747303009033203e+01 0.000000000000000000e+00
5.725321289062500000e+03 1.079654979705810547e+01 0.000000000000000000e+00
5.726641601562500000e+03 1.240656661987304688e+01 0.000000000000000000e+00
5.727958984375000000e+03 1.418101406097412109e+01 0.000000000000000000e+00
5.729279785156250000e+03 1.252167320251464844e+01 0.000000000000000000e+00
5.730597656250000000e+03 9.132876396179199219e+00 0.000000000000000000e+00
5.731919433593750000e+03 1.232228660583496094e+01 0.000000000000000000e+00
5.733237792968750000e+03 1.028431034088134766e+01 0.000000000000000000e+00
5.734556640625000000e+03 1.064744567871093750e+01 0.000000000000000000e+00
5.735879394531250000e+03 1.229048061370849609e+01 0.000000000000000000e+00
5.737198730468750000e+03 1.114397335052490234e+01 0.000000000000000000e+00
5.738521484375000000e+03 1.252257251739501953e+01 0.000000000000000000e+00
5.739841796875000000e+03 1.056438159942626953e+01 0.000000000000000000e+00
5.741165527343750000e+03 9.802156448364257812e+00 0.000000000000000000e+00
5.742486328125000000e+03 9.957837104797363281e+00 0.000000000000000000e+00
5.743807128906250000e+03 1.073881053924560547e+01 0.000000000000000000e+00
5.745131835937500000e+03 1.223154735565185547e+01 0.000000000000000000e+00
5.746453613281250000e+03 1.280992221832275391e+01 0.000000000000000000e+00
5.747778320312500000e+03 1.080907154083251953e+01 0.000000000000000000e+00
5.749100585937500000e+03 1.190485763549804688e+01 0.000000000000000000e+00
5.750426757812500000e+03 1.161848545074462891e+01 0.000000000000000000e+00
5.751749511718750000e+03 1.085466861724853516e+01 0.000000000000000000e+00
5.753075683593750000e+03 1.218273448944091797e+01 0.000000000000000000e+00
5.754399414062500000e+03 1.191630077362060547e+01 0.000000000000000000e+00
5.755723144531250000e+03 1.080830383300781250e+01 0.000000000000000000e+00
5.757050292968750000e+03 1.016437244415283203e+01 0.000000000000000000e+00
5.758374511718750000e+03 9.073162078857421875e+00 0.000000000000000000e+00
5.759702636718750000e+03 9.926735877990722656e+00 0.000000000000000000e+00
5.761027343750000000e+03 1.204030990600585938e+01 0.000000000000000000e+00
5.762355957031250000e+03 8.863012313842773438e+00 0.000000000000000000e+00
5.763681640625000000e+03 9.381567955017089844e+00 0.000000000000000000e+00
5.765007812500000000e+03 9.158614158630371094e+00 0.000000000000000000e+00
5.766336914062500000e+03 8.742796897888183594e+00 0.000000000000000000e+00
5.767663574218750000e+03 1.076422786712646484e+01 0.000000000000000000e+00
5.768993652343750000e+03 1.314816665649414062e+01 0.000000000000000000e+00
5.770320800781250000e+03 9.816840171813964844e+00 0.000000000000000000e+00
5.771651367187500000e+03 1.031230258941650391e+01 0.000000000000000000e+00
5.772979003906250000e+03 1.046942138671875000e+01 0.000000000000000000e+00
5.774307128906250000e+03 1.127426433563232422e+01 0.000000000000000000e+00
5.775638671875000000e+03 1.169100952148437500e+01 0.000000000000000000e+00
5.776967285156250000e+03 9.804250717163085938e+00 0.000000000000000000e+00
5.778299316406250000e+03 7.954514980316162109e+00 0.000000000000000000e+00
5.779628906250000000e+03 1.000882244110107422e+01 0.000000000000000000e+00
5.780961425781250000e+03 9.600252151489257812e+00 0.000000000000000000e+00
5.782291503906250000e+03 8.054505348205566406e+00 0.000000000000000000e+00
5.783621582031250000e+03 8.972484588623046875e+00 0.000000000000000000e+00
5.784955566406250000e+03 1.126787662506103516e+01 0.000000000000000000e+00
5.786286132812500000e+03 9.875271797180175781e+00 0.000000000000000000e+00
5.787620605468750000e+03 1.285863399505615234e+01 0.000000000000000000e+00
5.788952148437500000e+03 1.065588188171386719e+01 0.000000000000000000e+00
5.790287109375000000e+03 1.004428672790527344e+01 0.000000000000000000e+00
5.791619140625000000e+03 1.189939975738525391e+01 0.000000000000000000e+00
5.792951171875000000e+03 1.129245376586914062e+01 0.000000000000000000e+00
5.794287109375000000e+03 8.564101219177246094e+00 0.000000000000000000e+00
5.795620117187500000e+03 7.846111297607421875e+00 0.000000000000000000e+00
5.796956542968750000e+03 1.029376983642578125e+01 0.000000000000000000e+00
5.798290039062500000e+03 1.194482040405273438e+01 0.000000000000000000e+00
5.799627441406250000e+03 1.123481559753417969e+01 0.000000000000000000e+00
5.800961425781250000e+03 9.372337341308593750e+00 0.000000000000000000e+00
5.802295898437500000e+03 7.864557266235351562e+00 0.000000000000000000e+00
5.803633789062500000e+03 8.406396865844726562e+00 0.000000000000000000e+00
5.804969238281250000e+03 9.927886009216308594e+00 0.000000000000000000e+00
5.806307617187500000e+03 1.112987613677978516e+01 0.000000000000000000e+00
5.807643554687500000e+03 1.020570373535156250e+01 0.000000000000000000e+00
5.808982421875000000e+03 8.566987037658691406e+00 0.000000000000000000e+00
5.810318847656250000e+03 1.053890037536621094e+01 0.000000000000000000e+00
5.811655761718750000e+03 7.569847106933593750e+00 0.000000000000000000e+00
5.812995605468750000e+03 8.895317077636718750e+00 0.000000000000000000e+00
5.814333007812500000e+03 9.361844062805175781e+00 0.000000000000000000e+00
5.815673828125000000e+03 8.329790115356445312e+00 0.000000000000000000e+00
5.817011718750000000e+03 9.079076766967773438e+00 0.000000000000000000e+00
5.818353027343750000e+03 9.481006622314453125e+00 0.000000000000000000e+00
5.819691406250000000e+03 8.536967277526855469e+00 0.000000000000000000e+00
5.821030273437500000e+03 7.945816516876220703e+00 0.000000000000000000e+00
5.822372558593750000e+03 7.789836406707763672e+00 0.000000000000000000e+00
5.823711914062500000e+03 9.224862098693847656e+00 0.000000000000000000e+00
5.825055175781250000e+03 1.136742591857910156e+01 0.000000000000000000e+00
5.826395019531250000e+03 9.928757667541503906e+00 0.000000000000000000e+00
5.827738769531250000e+03 1.043175697326660156e+01 0.000000000000000000e+00
5.829079101562500000e+03 1.079529190063476562e+01 0.000000000000000000e+00
5.830420410156250000e+03 9.759254455566406250e+00 0.000000000000000000e+00
5.831764648437500000e+03 8.808885574340820312e+00 0.000000000000000000e+00
5.833106445312500000e+03 8.986936569213867188e+00 0.000000000000000000e+00
5.834451660156250000e+03 8.430840492248535156e+00 0.000000000000000000e+00
5.835793457031250000e+03 8.524538993835449219e+00 0.000000000000000000e+00
5.837139648437500000e+03 1.020221138000488281e+01 0.000000000000000000e+00
5.838482421875000000e+03 1.007631206512451172e+01 0.000000000000000000e+00
5.839825195312500000e+03 8.610350608825683594e+00 0.000000000000000000e+00
5.841171875000000000e+03 9.077037811279296875e+00 0.000000000000000000e+00
5.842515625000000000e+03 1.110271167755126953e+01 0.000000000000000000e+00
5.843863281250000000e+03 8.462583541870117188e+00 0.000000000000000000e+00
5.845207519531250000e+03 9.543920516967773438e+00 0.000000000000000000e+00
5.846555175781250000e+03 9.830603599548339844e+00 0.000000000000000000e+00
5.847900390625000000e+03 9.724114418029785156e+00 0.000000000000000000e+00
5.849245605468750000e+03 1.041956233978271484e+01 0.000000000000000000e+00
5.850594238281250000e+03 6.776912689208984375e+00 0.000000000000000000e+00
5.851940429687500000e+03 1.274406909942626953e+01 0.000000000000000000e+00
5.853289550781250000e+03 9.288585662841796875e+00 0.000000000000000000e+00
5.854636230468750000e+03 7.899038791656494141e+00 0.000000000000000000e+00
5.855986328125000000e+03 1.069044399261474609e+01 0.000000000000000000e+00
5.857333496093750000e+03 9.924445152282714844e+00 0.000000000000000000e+00
5.858684082031250000e+03 8.313872337341308594e+00 0.000000000000000000e+00
5.860032226562500000e+03 9.768271446228027344e+00 0.000000000000000000e+00
5.861380371093750000e+03 1.038390350341796875e+01 0.000000000000000000e+00
5.862731933593750000e+03 1.155662631988525391e+01 0.000000000000000000e+00
5.864080566406250000e+03 1.124831390380859375e+01 0.000000000000000000e+00
5.865432617187500000e+03 8.742239952087402344e+00 0.000000000000000000e+00
5.866782226562500000e+03 1.051768493652343750e+01 0.000000000000000000e+00
5.868134765625000000e+03 1.079492282867431641e+01 0.000000000000000000e+00
5.869484863281250000e+03 7.996411800384521484e+00 0.000000000000000000e+00
5.870834960937500000e+03 8.023462295532226562e+00 0.000000000000000000e+00
5.872188964843750000e+03 9.074518203735351562e+00 0.000000000000000000e+00
5.873540039062500000e+03 7.837217330932617188e+00 0.000000000000000000e+00
5.874894042968750000e+03 9.677925109863281250e+00 0.000000000000000000e+00
5.876245605468750000e+03 9.722700119018554688e+00 0.000000000000000000e+00
5.877600585937500000e+03 8.998598098754882812e+00 0.000000000000000000e+00
5.878953125000000000e+03 8.671391487121582031e+00 0.000000000000000000e+00
5.880305175781250000e+03 9.936800003051757812e+00 0.000000000000000000e+00
5.881661132812500000e+03 1.167048454284667969e+01 0.000000000000000000e+00
5.883014648437500000e+03 9.531812667846679688e+00 0.000000000000000000e+00
5.884371093750000000e+03 6.451047897338867188e+00 0.000000000000000000e+00
5.885724609375000000e+03 7.753281116485595703e+00 0.000000000000000000e+00
5.887082031250000000e+03 8.118766784667968750e+00 0.000000000000000000e+00
5.888436523437500000e+03 8.088266372680664062e+00 0.000000000000000000e+00
5.889791015625000000e+03 1.188898944854736328e+01 0.000000000000000000e+00
5.891148925781250000e+03 1.512206363677978516e+01 0.000000000000000000e+00
5.892504394531250000e+03 7.772374629974365234e+00 0.000000000000000000e+00
5.893863281250000000e+03 9.025603294372558594e+00 0.000000000000000000e+00
5.895219238281250000e+03 9.531935691833496094e+00 0.000000000000000000e+00
5.896578613281250000e+03 6.344914436340332031e+00 0.000000000000000000e+00
5.897935058593750000e+03 6.351857662200927734e+00 0.000000000000000000e+00
5.899291992187500000e+03 8.729921340942382812e+00 0.000000000000000000e+00
5.900652343750000000e+03 7.459517955780029297e+00 0.000000000000000000e+00
5.902009765625000000e+03 7.355680942535400391e+00 0.000000000000000000e+00
5.903370605468750000e+03 8.814498901367187500e+00 0.000000000000000000e+00
5.904728515625000000e+03 1.048627185821533203e+01 0.000000000000000000e+00
5.906090332031250000e+03 1.141973114013671875e+01 0.000000000000000000e+00
5.907448730468750000e+03 1.053779983520507812e+01 0.000000000000000000e+00
5.908808105468750000e+03 5.617852210998535156e+00 0.000000000000000000e+00
5.910170410156250000e+03 8.367536544799804688e+00 0.000000000000000000e+00
5.911530273437500000e+03 1.003141689300537109e+01 0.000000000000000000e+00
5.912893066406250000e+03 9.039642333984375000e+00 0.000000000000000000e+00
5.914253417968750000e+03 9.973412513732910156e+00 0.000000000000000000e+00
5.915617187500000000e+03 9.726310729980468750e+00 0.000000000000000000e+00
5.916978027343750000e+03 1.334799098968505859e+01 0.000000000000000000e+00
5.918339355468750000e+03 1.133336067199707031e+01 0.000000000000000000e+00
5.919704101562500000e+03 7.343335151672363281e+00 0.000000000000000000e+00
5.921065917968750000e+03 7.258889198303222656e+00 0.000000000000000000e+00
5.922431152343750000e+03 1.063829898834228516e+01 0.000000000000000000e+00
5.923793945312500000e+03 1.060244750976562500e+01 0.000000000000000000e+00
5.925159667968750000e+03 8.521258354187011719e+00 0.000000000000000000e+00
5.926522949218750000e+03 8.613702774047851562e+00 0.000000000000000000e+00
5.927886230468750000e+03 9.114237785339355469e+00 0.000000000000000000e+00
5.929253417968750000e+03 9.487479209899902344e+00 0.000000000000000000e+00
5.930617187500000000e+03 1.029033851623535156e+01 0.000000000000000000e+00
5.931984863281250000e+03 9.954992294311523438e+00 0.000000000000000000e+00
5.933349609375000000e+03 1.028120613098144531e+01 0.000000000000000000e+00
5.934717773437500000e+03 1.015917110443115234e+01 0.000000000000000000e+00
5.936083007812500000e+03 9.610000610351562500e+00 0.000000000000000000e+00
5.937448730468750000e+03 9.164633750915527344e+00 0.000000000000000000e+00
5.938817871093750000e+03 9.107319831848144531e+00 0.000000000000000000e+00
5.940184082031250000e+03 9.082485198974609375e+00 0.000000000000000000e+00
5.941553710937500000e+03 8.351513862609863281e+00 0.000000000000000000e+00
5.942920410156250000e+03 9.353985786437988281e+00 0.000000000000000000e+00
5.944291015625000000e+03 8.717046737670898438e+00 0.000000000000000000e+00
5.945658691406250000e+03 7.573039531707763672e+00 0.000000000000000000e+00
5.947026367187500000e+03 8.382261276245117188e+00 0.000000000000000000e+00
5.948397460937500000e+03 7.550774097442626953e+00 0.000000000000000000e+00
5.949766113281250000e+03 8.761752128601074219e+00 0.000000000000000000e+00
5.951138183593750000e+03 9.448034286499023438e+00 0.000000000000000000e+00
5.952507324218750000e+03 9.601255416870117188e+00 0.000000000000000000e+00
5.953879882812500000e+03 9.752958297729492188e+00 0.000000000000000000e+00
5.955249511718750000e+03 1.024909877777099609e+01 0.000000000000000000e+00
5.956622558593750000e+03 1.121240711212158203e+01 0.000000000000000000e+00
5.957993164062500000e+03 9.522910118103027344e+00 0.000000000000000000e+00
5.959363769531250000e+03 9.008579254150390625e+00 0.000000000000000000e+00
5.960737792968750000e+03 8.636905670166015625e+00 0.000000000000000000e+00
5.962109375000000000e+03 8.394330978393554688e+00 0.000000000000000000e+00
5.963483886718750000e+03 9.054638862609863281e+00 0.000000000000000000e+00
5.964855957031250000e+03 8.722689628601074219e+00 0.000000000000000000e+00
5.966231445312500000e+03 8.336852073669433594e+00 0.000000000000000000e+00
5.967604003906250000e+03 7.582921028137207031e+00 0.000000000000000000e+00
5.968976562500000000e+03 8.024309158325195312e+00 0.000000000000000000e+00
5.970353027343750000e+03 9.556494712829589844e+00 0.000000000000000000e+00
5.971726562500000000e+03 9.488468170166015625e+00 0.000000000000000000e+00
5.973103515625000000e+03 6.198463916778564453e+00 0.000000000000000000e+00
5.974478027343750000e+03 7.672506332397460938e+00 0.000000000000000000e+00
5.975855468750000000e+03 1.005405330657958984e+01 0.000000000000000000e+00
5.977230468750000000e+03 9.564635276794433594e+00 0.000000000000000000e+00
5.978605468750000000e+03 8.369149208068847656e+00 0.000000000000000000e+00
5.979983886718750000e+03 9.920020103454589844e+00 0.000000000000000000e+00
5.981359863281250000e+03 1.118647289276123047e+01 0.000000000000000000e+00
5.982738769531250000e+03 8.642983436584472656e+00 0.000000000000000000e+00
5.984115234375000000e+03 9.483149528503417969e+00 0.000000000000000000e+00
5.985495117187500000e+03 1.162175750732421875e+01 0.000000000000000000e+00
5.986872070312500000e+03 1.110532379150390625e+01 0.000000000000000000e+00
5.988249511718750000e+03 8.797717094421386719e+00 0.000000000000000000e+00
5.989630371093750000e+03 9.857668876647949219e+00 0.000000000000000000e+00
5.991008300781250000e+03 8.854488372802734375e+00 0.000000000000000000e+00
5.992389648437500000e+03 9.429595947265625000e+00 0.000000000000000000e+00
5.993768066406250000e+03 9.127444267272949219e+00 0.000000000000000000e+00
5.995150390625000000e+03 8.962509155273437500e+00 0.000000000000000000e+00
5.996529785156250000e+03 1.040315628051757812e+01 0.000000000000000000e+00
5.997909179687500000e+03 8.127318382263183594e+00 0.000000000000000000e+00
5.999291992187500000e+03 8.202429771423339844e+00 0.000000000000000000e+00
6.000672363281250000e+03 7.951959609985351562e+00 0.000000000000000000e+00
6.002056152343750000e+03 8.679689407348632812e+00 0.000000000000000000e+00
6.003437011718750000e+03 9.494044303894042969e+00 0.000000000000000000e+00
6.004821289062500000e+03 8.855372428894042969e+00 0.000000000000000000e+00
6.006202636718750000e+03 9.696848869323730469e+00 0.000000000000000000e+00
6.007584472656250000e+03 9.489607810974121094e+00 0.000000000000000000e+00
6.008969726562500000e+03 8.952961921691894531e+00 0.000000000000000000e+00
6.010352050781250000e+03 9.312458992004394531e+00 0.000000000000000000e+00
6.011737792968750000e+03 9.773248672485351562e+00 0.000000000000000000e+00
6.013121093750000000e+03 9.222024917602539062e+00 0.000000000000000000e+00
6.014507812500000000e+03 9.437493324279785156e+00 0.000000000000000000e+00
6.015891113281250000e+03 1.174467754364013672e+01 0.000000000000000000e+00
6.017275390625000000e+03 9.493194580078125000e+00 0.000000000000000000e+00
6.018662597656250000e+03 7.969894409179687500e+00 0.000000000000000000e+00
6.020047363281250000e+03 9.508878707885742188e+00 0.000000000000000000e+00
6.021435546875000000e+03 1.036771678924560547e+01 0.000000000000000000e+00
6.022820800781250000e+03 8.755074501037597656e+00 0.000000000000000000e+00
6.024209472656250000e+03 8.860103607177734375e+00 0.000000000000000000e+00
6.025595703125000000e+03 9.578419685363769531e+00 0.000000000000000000e+00
6.026981445312500000e+03 7.716067790985107422e+00 0.000000000000000000e+00
6.028371582031250000e+03 7.898796558380126953e+00 0.000000000000000000e+00
6.029758300781250000e+03 1.162765121459960938e+01 0.000000000000000000e+00
6.031148925781250000e+03 6.084906101226806641e+00 0.000000000000000000e+00
6.032536132812500000e+03 9.061375617980957031e+00 0.000000000000000000e+00
6.033927246093750000e+03 1.052146911621093750e+01 0.000000000000000000e+00
6.035315429687500000e+03 9.665223121643066406e+00 0.000000000000000000e+00
6.036703613281250000e+03 9.488872528076171875e+00 0.000000000000000000e+00
6.038095703125000000e+03 1.014396572113037109e+01 0.000000000000000000e+00
6.039484863281250000e+03 9.193031311035156250e+00 0.000000000000000000e+00
6.040877441406250000e+03 1.027999019622802734e+01 0.000000000000000000e+00
6.042267089843750000e+03 9.450708389282226562e+00 0.000000000000000000e+00
6.043660644531250000e+03 8.281086921691894531e+00 0.000000000000000000e+00
6.045050781250000000e+03 9.197101593017578125e+00 0.000000000000000000e+00
6.046441406250000000e+03 1.035604858398437500e+01 0.000000000000000000e+00
6.047835937500000000e+03 7.034765243530273438e+00 0.000000000000000000e+00
6.049227050781250000e+03 8.991713523864746094e+00 0.000000000000000000e+00
6.050622070312500000e+03 8.751807212829589844e+00 0.000000000000000000e+00
6.052014160156250000e+03 7.872301101684570312e+00 0.000000000000000000e+00
6.053409667968750000e+03 8.651699066162109375e+00 0.000000000000000000e+00
6.054802246093750000e+03 9.930769920349121094e+00 0.000000000000000000e+00
6.056195312500000000e+03 9.917138099670410156e+00 0.000000000000000000e+00
6.057591796875000000e+03 8.586993217468261719e+00 0.000000000000000000e+00
6.058985351562500000e+03 8.991991996765136719e+00 0.000000000000000000e+00
6.060382324218750000e+03 9.278255462646484375e+00 0.000000000000000000e+00
6.061776367187500000e+03 9.293291091918945312e+00 0.000000000000000000e+00
6.063174316406250000e+03 9.400162696838378906e+00 0.000000000000000000e+00
6.064569335937500000e+03 6.882707595825195312e+00 0.000000000000000000e+00
6.065967773437500000e+03 9.760965347290039062e+00 0.000000000000000000e+00
6.067363281250000000e+03 9.059045791625976562e+00 0.000000000000000000e+00
6.068758789062500000e+03 8.338496208190917969e+00 0.000000000000000000e+00
6.070158203125000000e+03 8.553572654724121094e+00 0.000000000000000000e+00
6.071554687500000000e+03 7.520373344421386719e+00 0.000000000000000000e+00
6.072955078125000000e+03 9.680190086364746094e+00 0.000000000000000000e+00
6.074352050781250000e+03 1.047182750701904297e+01 0.000000000000000000e+00
6.075752929687500000e+03 8.138801574707031250e+00 0.000000000000000000e+00
6.077150390625000000e+03 7.081568717956542969e+00 0.000000000000000000e+00
6.078548339843750000e+03 8.568497657775878906e+00 0.000000000000000000e+00
6.079950195312500000e+03 9.937520980834960938e+00 0.000000000000000000e+00
6.081349121093750000e+03 1.020899772644042969e+01 0.000000000000000000e+00
6.082751464843750000e+03 1.028875160217285156e+01 0.000000000000000000e+00
6.084150390625000000e+03 9.258411407470703125e+00 0.000000000000000000e+00
6.085553710937500000e+03 8.079043388366699219e+00 0.000000000000000000e+00
6.086953613281250000e+03 7.868838310241699219e+00 0.000000000000000000e+00
6.088354003906250000e+03 8.851838111877441406e+00 0.000000000000000000e+00
6.089757812500000000e+03 9.802003860473632812e+00 0.000000000000000000e+00
6.091158691406250000e+03 7.207506656646728516e+00 0.000000000000000000e+00
6.092563476562500000e+03 8.524334907531738281e+00 0.000000000000000000e+00
6.093964843750000000e+03 9.568051338195800781e+00 0.000000000000000000e+00
6.095370117187500000e+03 8.644250869750976562e+00 0.000000000000000000e+00
6.096772460937500000e+03 8.838052749633789062e+00 0.000000000000000000e+00
6.098174804687500000e+03 9.119253158569335938e+00 0.000000000000000000e+00
6.099581054687500000e+03 7.852591037750244141e+00 0.000000000000000000e+00
6.100984375000000000e+03 6.747295856475830078e+00 0.000000000000000000e+00
6.102391113281250000e+03 8.790140151977539062e+00 0.000000000000000000e+00
6.103794921875000000e+03 1.131001758575439453e+01 0.000000000000000000e+00
6.105202636718750000e+03 1.045693302154541016e+01 0.000000000000000000e+00
6.106606933593750000e+03 1.020890998840332031e+01 0.000000000000000000e+00
6.108011718750000000e+03 8.382265090942382812e+00 0.000000000000000000e+00
6.109420410156250000e+03 7.894289970397949219e+00 0.000000000000000000e+00
6.110825683593750000e+03 8.364509582519531250e+00 0.000000000000000000e+00
6.112234863281250000e+03 8.689004898071289062e+00 0.000000000000000000e+00
6.113641113281250000e+03 9.004112243652343750e+00 0.000000000000000000e+00
6.115050781250000000e+03 9.579648017883300781e+00 0.000000000000000000e+00
6.116457519531250000e+03 6.697483062744140625e+00 0.000000000000000000e+00
6.117864746093750000e+03 6.830250263214111328e+00 0.000000000000000000e+00
6.119275390625000000e+03 7.703437805175781250e+00 0.000000000000000000e+00
6.120683105468750000e+03 7.835390090942382812e+00 0.000000000000000000e+00
6.122094726562500000e+03 8.813611030578613281e+00 0.000000000000000000e+00
6.123502929687500000e+03 9.295556068420410156e+00 0.000000000000000000e+00
6.124915039062500000e+03 7.047978401184082031e+00 0.000000000000000000e+00
6.126324218750000000e+03 8.306506156921386719e+00 0.000000000000000000e+00
6.127733398437500000e+03 9.273154258728027344e+00 0.000000000000000000e+00
6.129146484375000000e+03 8.347035408020019531e+00 0.000000000000000000e+00
6.130556640625000000e+03 8.869357109069824219e+00 0.000000000000000000e+00
6.131970214843750000e+03 1.091746807098388672e+01 0.000000000000000000e+00
6.133380859375000000e+03 9.489743232727050781e+00 0.000000000000000000e+00
6.134795410156250000e+03 7.906643867492675781e+00 0.000000000000000000e+00
6.136206542968750000e+03 9.430433273315429688e+00 0.000000000000000000e+00
6.137618164062500000e+03 1.036912631988525391e+01 0.000000000000000000e+00
6.139033691406250000e+03 7.580119132995605469e+00 0.000000000000000000e+00
6.140445800781250000e+03 9.193559646606445312e+00 0.000000000000000000e+00
6.141861816406250000e+03 7.761802673339843750e+00 0.000000000000000000e+00
6.143274902343750000e+03 8.023907661437988281e+00 0.000000000000000000e+00
6.144691406250000000e+03 7.926527500152587891e+00 0.000000000000000000e+00
6.146104980468750000e+03 6.812314510345458984e+00 0.000000000000000000e+00
6.147518554687500000e+03 7.760637283325195312e+00 0.000000000000000000e+00
6.148936523437500000e+03 1.107768917083740234e+01 0.000000000000000000e+00
6.150351074218750000e+03 1.191555118560791016e+01 0.000000000000000000e+00
6.151769042968750000e+03 1.058457851409912109e+01 0.000000000000000000e+00
6.153184570312500000e+03 9.001412391662597656e+00 0.000000000000000000e+00
6.154603515625000000e+03 8.669348716735839844e+00 0.000000000000000000e+00
6.156019042968750000e+03 9.382897377014160156e+00 0.000000000000000000e+00
6.157435546875000000e+03 9.426298141479492188e+00 0.000000000000000000e+00
6.158855468750000000e+03 1.195989990234375000e+01 0.000000000000000000e+00
6.160271972656250000e+03 1.019763374328613281e+01 0.000000000000000000e+00
6.161692871093750000e+03 8.621516227722167969e+00 0.000000000000000000e+00
6.163110351562500000e+03 8.973461151123046875e+00 0.000000000000000000e+00
6.164531250000000000e+03 8.375885963439941406e+00 0.000000000000000000e+00
6.165949707031250000e+03 8.813035011291503906e+00 0.000000000000000000e+00
6.167368164062500000e+03 7.660849094390869141e+00 0.000000000000000000e+00
6.168790039062500000e+03 8.635116577148437500e+00 0.000000000000000000e+00
6.170209472656250000e+03 8.728015899658203125e+00 0.000000000000000000e+00
6.171632324218750000e+03 7.855012893676757812e+00 0.000000000000000000e+00
6.173051757812500000e+03 8.803524017333984375e+00 0.000000000000000000e+00
6.174475585937500000e+03 8.716569900512695312e+00 0.000000000000000000e+00
6.175895996093750000e+03 8.413964271545410156e+00 0.000000000000000000e+00
6.177319824218750000e+03 9.731131553649902344e+00 0.000000000000000000e+00
6.178741210937500000e+03 9.600769996643066406e+00 0.000000000000000000e+00
6.180162597656250000e+03 8.137664794921875000e+00 0.000000000000000000e+00
6.181587402343750000e+03 8.365628242492675781e+00 0.000000000000000000e+00
6.183009765625000000e+03 9.029124259948730469e+00 0.000000000000000000e+00
6.184435546875000000e+03 1.009790325164794922e+01 0.000000000000000000e+00
6.185857910156250000e+03 1.054497241973876953e+01 0.000000000000000000e+00
6.187284667968750000e+03 8.813205718994140625e+00 0.000000000000000000e+00
6.188708007812500000e+03 7.269720554351806641e+00 0.000000000000000000e+00
6.190131835937500000e+03 8.587224006652832031e+00 0.000000000000000000e+00
6.191559082031250000e+03 8.128606796264648438e+00 0.000000000000000000e+00
6.192983398437500000e+03 7.270544528961181641e+00 0.000000000000000000e+00
6.194411621093750000e+03 9.221263885498046875e+00 0.000000000000000000e+00
6.195836425781250000e+03 9.749223709106445312e+00 0.000000000000000000e+00
6.197265136718750000e+03 7.855476379394531250e+00 0.000000000000000000e+00
6.198690917968750000e+03 8.005767822265625000e+00 0.000000000000000000e+00
6.200117187500000000e+03 1.123729610443115234e+01 0.000000000000000000e+00
6.201546875000000000e+03 8.018670082092285156e+00 0.000000000000000000e+00
6.202973144531250000e+03 8.383165359497070312e+00 0.000000000000000000e+00
6.204403808593750000e+03 8.997640609741210938e+00 0.000000000000000000e+00
6.205831054687500000e+03 8.234141349792480469e+00 0.000000000000000000e+00
6.207262207031250000e+03 9.391772270202636719e+00 0.000000000000000000e+00
6.208689941406250000e+03 9.472036361694335938e+00 0.000000000000000000e+00
6.210118164062500000e+03 1.083156108856201172e+01 0.000000000000000000e+00
6.211550292968750000e+03 9.460119247436523438e+00 0.000000000000000000e+00
6.212979492187500000e+03 7.654325485229492188e+00 0.000000000000000000e+00
6.214412109375000000e+03 7.902337074279785156e+00 0.000000000000000000e+00
6.215841796875000000e+03 9.137721061706542969e+00 0.000000000000000000e+00
6.217274902343750000e+03 9.024231910705566406e+00 0.000000000000000000e+00
6.218705566406250000e+03 9.735107421875000000e+00 0.000000000000000000e+00
6.220135742187500000e+03 8.227182388305664062e+00 0.000000000000000000e+00
6.221570312500000000e+03 7.184350013732910156e+00 0.000000000000000000e+00
6.223001464843750000e+03 7.775217533111572266e+00 0.000000000000000000e+00
6.224436523437500000e+03 8.308608055114746094e+00 0.000000000000000000e+00
6.225868652343750000e+03 9.139852523803710938e+00 0.000000000000000000e+00
6.227304199218750000e+03 7.177191257476806641e+00 0.000000000000000000e+00
6.228736816406250000e+03 6.557199001312255859e+00 0.000000000000000000e+00
6.230169433593750000e+03 7.913541316986083984e+00 0.000000000000000000e+00
6.231606445312500000e+03 9.346033096313476562e+00 0.000000000000000000e+00
6.233040039062500000e+03 9.125163078308105469e+00 0.000000000000000000e+00
6.234477050781250000e+03 8.016070365905761719e+00 0.000000000000000000e+00
6.235911621093750000e+03 9.452584266662597656e+00 0.000000000000000000e+00
6.237349609375000000e+03 9.346607208251953125e+00 0.000000000000000000e+00
6.238784179687500000e+03 7.626253604888916016e+00 0.000000000000000000e+00
6.240219726562500000e+03 7.574520111083984375e+00 0.000000000000000000e+00
6.241658691406250000e+03 9.420724868774414062e+00 0.000000000000000000e+00
6.243094238281250000e+03 6.409748077392578125e+00 0.000000000000000000e+00
6.244534179687500000e+03 8.396042823791503906e+00 0.000000000000000000e+00
6.245970703125000000e+03 8.242133140563964844e+00 0.000000000000000000e+00
6.247411132812500000e+03 7.204283714294433594e+00 0.000000000000000000e+00
6.248848144531250000e+03 8.207798957824707031e+00 0.000000000000000000e+00
6.250285644531250000e+03 9.817903518676757812e+00 0.000000000000000000e+00
6.251727050781250000e+03 8.599571228027343750e+00 0.000000000000000000e+00
6.253165039062500000e+03 8.009356498718261719e+00 0.000000000000000000e+00
6.254606933593750000e+03 8.287771224975585938e+00 0.000000000000000000e+00
6.256045898437500000e+03 8.122630119323730469e+00 0.000000000000000000e+00
6.257488769531250000e+03 7.523832321166992188e+00 0.000000000000000000e+00
6.258928222656250000e+03 7.908982276916503906e+00 0.000000000000000000e+00
6.260368164062500000e+03 9.312056541442871094e+00 0.000000000000000000e+00
6.261811523437500000e+03 8.256902694702148438e+00 0.000000000000000000e+00
6.263251953125000000e+03 8.673334121704101562e+00 0.000000000000000000e+00
6.264696289062500000e+03 8.964515686035156250e+00 0.000000000000000000e+00
6.266137695312500000e+03 8.219295501708984375e+00 0.000000000000000000e+00
6.267582519531250000e+03 8.055643081665039062e+00 0.000000000000000000e+00
6.269024414062500000e+03 7.821246147155761719e+00 0.000000000000000000e+00
6.270466796875000000e+03 7.843658924102783203e+00 0.000000000000000000e+00
6.271912597656250000e+03 6.919957637786865234e+00 0.000000000000000000e+00
6.273355468750000000e+03 8.334871292114257812e+00 0.000000000000000000e+00
6.274802246093750000e+03 1.014462852478027344e+01 0.000000000000000000e+00
6.276245605468750000e+03 8.641351699829101562e+00 0.000000000000000000e+00
6.277692871093750000e+03 1.094533729553222656e+01 0.000000000000000000e+00
6.279137207031250000e+03 9.409152030944824219e+00 0.000000000000000000e+00
6.280581542968750000e+03 9.554313659667968750e+00 0.000000000000000000e+00
6.282029785156250000e+03 8.653717041015625000e+00 0.000000000000000000e+00
6.283475097656250000e+03 6.636821746826171875e+00 0.000000000000000000e+00
6.284923828125000000e+03 7.661639690399169922e+00 0.000000000000000000e+00
6.286369628906250000e+03 8.549643516540527344e+00 0.000000000000000000e+00
6.287819335937500000e+03 7.730725765228271484e+00 0.000000000000000000e+00
6.289266113281250000e+03 5.617929935455322266e+00 0.000000000000000000e+00
6.290716308593750000e+03 6.293486595153808594e+00 0.000000000000000000e+00
6.292163574218750000e+03 8.529090881347656250e+00 0.000000000000000000e+00
6.293610839843750000e+03 7.731960773468017578e+00 0.000000000000000000e+00
6.295062011718750000e+03 7.700245857238769531e+00 0.000000000000000000e+00
6.296510253906250000e+03 1.014654731750488281e+01 0.000000000000000000e+00
6.297962402343750000e+03 8.325059890747070312e+00 0.000000000000000000e+00
6.299411132812500000e+03 5.148482799530029297e+00 0.000000000000000000e+00
6.300863769531250000e+03 5.347120761871337891e+00 0.000000000000000000e+00
6.302313476562500000e+03 8.626566886901855469e+00 0.000000000000000000e+00
6.303763183593750000e+03 9.015985488891601562e+00 0.000000000000000000e+00
6.305216796875000000e+03 1.565838932991027832e+00 0.000000000000000000e+00
6.306667480468750000e+03 6.919925689697265625e+00 0.000000000000000000e+00
6.308121582031250000e+03 1.861229896545410156e+01 0.000000000000000000e+00
6.309572753906250000e+03 2.046650314331054688e+01 0.000000000000000000e+00
6.311027832031250000e+03 1.012456417083740234e+01 0.000000000000000000e+00
6.312479492187500000e+03 7.570536613464355469e+00 0.000000000000000000e+00
6.313931640625000000e+03 9.631625175476074219e+00 0.000000000000000000e+00
6.315387695312500000e+03 8.687501907348632812e+00 0.000000000000000000e+00
6.316840332031250000e+03 8.984643936157226562e+00 0.000000000000000000e+00
6.318297363281250000e+03 9.694028854370117188e+00 0.000000000000000000e+00
6.319750976562500000e+03 6.142218112945556641e+00 0.000000000000000000e+00
6.321208007812500000e+03 7.817639827728271484e+00 0.000000000000000000e+00
6.322662109375000000e+03 6.781472682952880859e+00 0.000000000000000000e+00
6.324116699218750000e+03 8.148750305175781250e+00 0.000000000000000000e+00
6.325575195312500000e+03 9.907400131225585938e+00 0.000000000000000000e+00
6.327030273437500000e+03 1.006690025329589844e+01 0.000000000000000000e+00
6.328489257812500000e+03 1.022378921508789062e+01 0.000000000000000000e+00
6.329945312500000000e+03 9.750537872314453125e+00 0.000000000000000000e+00
6.331404785156250000e+03 7.494238376617431641e+00 0.000000000000000000e+00
6.332861328125000000e+03 6.859905719757080078e+00 0.000000000000000000e+00
6.334318359375000000e+03 6.897259712219238281e+00 0.000000000000000000e+00
6.335778808593750000e+03 7.117634296417236328e+00 0.000000000000000000e+00
6.337236328125000000e+03 8.483155250549316406e+00 0.000000000000000000e+00
6.338697753906250000e+03 8.839038848876953125e+00 0.000000000000000000e+00
6.340155761718750000e+03 8.648705482482910156e+00 0.000000000000000000e+00
6.341618164062500000e+03 9.481812477111816406e+00 0.000000000000000000e+00
6.343076660156250000e+03 1.169404983520507812e+01 0.000000000000000000e+00
6.344536132812500000e+03 1.175439834594726562e+01 0.000000000000000000e+00
6.345999023437500000e+03 7.673206329345703125e+00 0.000000000000000000e+00
6.347458984375000000e+03 8.099466323852539062e+00 0.000000000000000000e+00
6.348922851562500000e+03 7.614955902099609375e+00 0.000000000000000000e+00
6.350383300781250000e+03 7.470802307128906250e+00 0.000000000000000000e+00
6.351847656250000000e+03 7.863162040710449219e+00 0.000000000000000000e+00
6.353309082031250000e+03 8.271895408630371094e+00 0.000000000000000000e+00
6.354770507812500000e+03 8.299710273742675781e+00 0.000000000000000000e+00
6.356235839843750000e+03 7.490484237670898438e+00 0.000000000000000000e+00
6.357698242187500000e+03 8.911127090454101562e+00 0.000000000000000000e+00
6.359164062500000000e+03 8.818880081176757812e+00 0.000000000000000000e+00
6.360626953125000000e+03 9.166542053222656250e+00 0.000000000000000000e+00
6.362093750000000000e+03 9.622294425964355469e+00 0.000000000000000000e+00
6.363557617187500000e+03 7.577747821807861328e+00 0.000000000000000000e+00
6.365021484375000000e+03 8.214320182800292969e+00 0.000000000000000000e+00
6.366489257812500000e+03 8.918076515197753906e+00 0.000000000000000000e+00
6.367953613281250000e+03 8.198437690734863281e+00 0.000000000000000000e+00
6.369422363281250000e+03 8.978780746459960938e+00 0.000000000000000000e+00
6.370887695312500000e+03 9.829892158508300781e+00 0.000000000000000000e+00
6.372356445312500000e+03 7.523153781890869141e+00 0.000000000000000000e+00
6.373822753906250000e+03 9.342597007751464844e+00 0.000000000000000000e+00
6.375288574218750000e+03 1.008048915863037109e+01 0.000000000000000000e+00
6.376758789062500000e+03 7.948857784271240234e+00 0.000000000000000000e+00
6.378226074218750000e+03 7.160467147827148438e+00 0.000000000000000000e+00
6.379696777343750000e+03 8.349130630493164062e+00 0.000000000000000000e+00
6.381164550781250000e+03 8.013264656066894531e+00 0.000000000000000000e+00
6.382635742187500000e+03 7.691929817199707031e+00 0.000000000000000000e+00
6.384104003906250000e+03 5.771568298339843750e+00 0.000000000000000000e+00
6.385572753906250000e+03 7.161779403686523438e+00 0.000000000000000000e+00
6.387045410156250000e+03 8.340618133544921875e+00 0.000000000000000000e+00
6.388514648437500000e+03 7.866755962371826172e+00 0.000000000000000000e+00
6.389987792968750000e+03 8.372461318969726562e+00 0.000000000000000000e+00
6.391458007812500000e+03 6.637536525726318359e+00 0.000000000000000000e+00
6.392931640625000000e+03 9.247960090637207031e+00 0.000000000000000000e+00
6.394402343750000000e+03 8.744071960449218750e+00 0.000000000000000000e+00
6.395873535156250000e+03 7.353022098541259766e+00 0.000000000000000000e+00
6.397348144531250000e+03 7.287502765655517578e+00 0.000000000000000000e+00
6.398819824218750000e+03 6.990529060363769531e+00 0.000000000000000000e+00
6.400295410156250000e+03 9.450269699096679688e+00 0.000000000000000000e+00
6.401768066406250000e+03 7.749656200408935547e+00 0.000000000000000000e+00
6.403244140625000000e+03 7.603472232818603516e+00 0.000000000000000000e+00
6.404717285156250000e+03 8.351755142211914062e+00 0.000000000000000000e+00
6.406194335937500000e+03 7.519803524017333984e+00 0.000000000000000000e+00
6.407667968750000000e+03 6.707538604736328125e+00 0.000000000000000000e+00
6.409142089843750000e+03 9.655924797058105469e+00 0.000000000000000000e+00
6.410619628906250000e+03 7.929384231567382812e+00 0.000000000000000000e+00
6.412094726562500000e+03 7.696372509002685547e+00 0.000000000000000000e+00
6.413573242187500000e+03 9.352984428405761719e+00 0.000000000000000000e+00
6.415048828125000000e+03 1.013256835937500000e+01 0.000000000000000000e+00
6.416527832031250000e+03 9.316717147827148438e+00 0.000000000000000000e+00
6.418003906250000000e+03 8.851544380187988281e+00 0.000000000000000000e+00
6.419480468750000000e+03 8.443412780761718750e+00 0.000000000000000000e+00
6.420960937500000000e+03 8.539096832275390625e+00 0.000000000000000000e+00
6.422437988281250000e+03 9.414838790893554688e+00 0.000000000000000000e+00
6.423918945312500000e+03 9.452464103698730469e+00 0.000000000000000000e+00
6.425396972656250000e+03 7.591277599334716797e+00 0.000000000000000000e+00
6.426878417968750000e+03 8.248642921447753906e+00 0.000000000000000000e+00
6.428356933593750000e+03 7.683801174163818359e+00 0.000000000000000000e+00
6.429835937500000000e+03 7.821704387664794922e+00 0.000000000000000000e+00
6.431318359375000000e+03 8.056413650512695312e+00 0.000000000000000000e+00
6.432797851562500000e+03 8.513277053833007812e+00 0.000000000000000000e+00
6.434281250000000000e+03 9.577630043029785156e+00 0.000000000000000000e+00
6.435761718750000000e+03 6.979176998138427734e+00 0.000000000000000000e+00
6.437245605468750000e+03 8.821100234985351562e+00 0.000000000000000000e+00
6.438726562500000000e+03 8.620269775390625000e+00 0.000000000000000000e+00
6.440208007812500000e+03 7.849353313446044922e+00 0.000000000000000000e+00
6.441692871093750000e+03 8.563047409057617188e+00 0.000000000000000000e+00
6.443174804687500000e+03 8.595518112182617188e+00 0.000000000000000000e+00
6.444660644531250000e+03 8.252246856689453125e+00 0.000000000000000000e+00
6.446143066406250000e+03 8.454575538635253906e+00 0.000000000000000000e+00
6.447629394531250000e+03 1.002557182312011719e+01 0.000000000000000000e+00
6.449112792968750000e+03 9.966108322143554688e+00 0.000000000000000000e+00
6.450596679687500000e+03 8.570211410522460938e+00 0.000000000000000000e+00
6.452083984375000000e+03 8.827032089233398438e+00 0.000000000000000000e+00
6.453568359375000000e+03 7.054480552673339844e+00 0.000000000000000000e+00
6.455056640625000000e+03 9.423013687133789062e+00 0.000000000000000000e+00
6.456541503906250000e+03 8.434833526611328125e+00 0.000000000000000000e+00
6.458030273437500000e+03 7.351740837097167969e+00 0.000000000000000000e+00
6.459516113281250000e+03 8.635822296142578125e+00 0.000000000000000000e+00
6.461001953125000000e+03 8.373521804809570312e+00 0.000000000000000000e+00
6.462491699218750000e+03 7.979990482330322266e+00 0.000000000000000000e+00
6.463978515625000000e+03 1.010651016235351562e+01 0.000000000000000000e+00
6.465469238281250000e+03 9.335047721862792969e+00 0.000000000000000000e+00
6.466956542968750000e+03 9.154314041137695312e+00 0.000000000000000000e+00
6.468447753906250000e+03 1.012005424499511719e+01 0.000000000000000000e+00
6.469936035156250000e+03 7.480256080627441406e+00 0.000000000000000000e+00
6.471424316406250000e+03 6.721250534057617188e+00 0.000000000000000000e+00
6.472916503906250000e+03 1.109789180755615234e+01 0.000000000000000000e+00
6.474405761718750000e+03 9.718290328979492188e+00 0.000000000000000000e+00
6.475898437500000000e+03 6.810544967651367188e+00 0.000000000000000000e+00
6.477388183593750000e+03 7.499928474426269531e+00 0.000000000000000000e+00
6.478881835937500000e+03 8.728260993957519531e+00 0.000000000000000000e+00
6.480372558593750000e+03 8.946596145629882812e+00 0.000000000000000000e+00
6.481863281250000000e+03 7.922071456909179688e+00 0.000000000000000000e+00
6.483357910156250000e+03 7.850710391998291016e+00 0.000000000000000000e+00
6.484849609375000000e+03 8.626170158386230469e+00 0.000000000000000000e+00
6.486344726562500000e+03 8.931809425354003906e+00 0.000000000000000000e+00
6.487836914062500000e+03 8.250089645385742188e+00 0.000000000000000000e+00
6.489333007812500000e+03 8.032394409179687500e+00 0.000000000000000000e+00
6.490826171875000000e+03 9.182980537414550781e+00 0.000000000000000000e+00
6.492319335937500000e+03 8.351161003112792969e+00 0.000000000000000000e+00
6.493816406250000000e+03 7.869966030120849609e+00 0.000000000000000000e+00
6.495310058593750000e+03 8.760928153991699219e+00 0.000000000000000000e+00
6.496808105468750000e+03 8.533614158630371094e+00 0.000000000000000000e+00
6.498302734375000000e+03 8.780298233032226562e+00 0.000000000000000000e+00
6.499801269531250000e+03 7.494251728057861328e+00 0.000000000000000000e+00
6.501296386718750000e+03 7.339969635009765625e+00 0.000000000000000000e+00
6.502791992187500000e+03 8.173966407775878906e+00 0.000000000000000000e+00
6.504291503906250000e+03 8.406515121459960938e+00 0.000000000000000000e+00
6.505787597656250000e+03 7.958387374877929688e+00 0.000000000000000000e+00
6.507288085937500000e+03 9.040278434753417969e+00 0.000000000000000000e+00
6.508785156250000000e+03 9.098505020141601562e+00 0.000000000000000000e+00
6.510286132812500000e+03 8.706956863403320312e+00 0.000000000000000000e+00
6.511783691406250000e+03 8.393168449401855469e+00 0.000000000000000000e+00
6.513281738281250000e+03 8.363738059997558594e+00 0.000000000000000000e+00
6.514783691406250000e+03 9.169996261596679688e+00 0.000000000000000000e+00
6.516282226562500000e+03 1.089230918884277344e+01 0.000000000000000000e+00
6.517785156250000000e+03 7.198154449462890625e+00 0.000000000000000000e+00
6.519284179687500000e+03 8.160921096801757812e+00 0.000000000000000000e+00
6.520787597656250000e+03 1.037490940093994141e+01 0.000000000000000000e+00
6.522287597656250000e+03 9.513741493225097656e+00 0.000000000000000000e+00
6.523791992187500000e+03 8.473875999450683594e+00 0.000000000000000000e+00
6.525292480468750000e+03 6.655587196350097656e+00 0.000000000000000000e+00
6.526793945312500000e+03 7.729854106903076172e+00 0.000000000000000000e+00
6.528298828125000000e+03 8.899816513061523438e+00 0.000000000000000000e+00
6.529800781250000000e+03 8.535116195678710938e+00 0.000000000000000000e+00
6.531306152343750000e+03 8.338735580444335938e+00 0.000000000000000000e+00
6.532809082031250000e+03 9.855525016784667969e+00 0.000000000000000000e+00
6.534315429687500000e+03 8.912745475769042969e+00 0.000000000000000000e+00
6.535818359375000000e+03 1.277463150024414062e+01 0.000000000000000000e+00
6.537322265625000000e+03 9.517132759094238281e+00 0.000000000000000000e+00
6.538829589843750000e+03 6.022744178771972656e+00 0.000000000000000000e+00
6.540333984375000000e+03 7.375926971435546875e+00 0.000000000000000000e+00
6.541842285156250000e+03 6.584482192993164062e+00 0.000000000000000000e+00
6.543347167968750000e+03 6.734741210937500000e+00 0.000000000000000000e+00
6.544855957031250000e+03 7.934040546417236328e+00 0.000000000000000000e+00
6.546361328125000000e+03 7.731022834777832031e+00 0.000000000000000000e+00
6.547867675781250000e+03 8.567152976989746094e+00 0.000000000000000000e+00
6.549377441406250000e+03 1.018118095397949219e+01 0.000000000000000000e+00
6.550884277343750000e+03 8.816769599914550781e+00 0.000000000000000000e+00
6.552394531250000000e+03 8.651903152465820312e+00 0.000000000000000000e+00
6.553901855468750000e+03 8.506632804870605469e+00 0.000000000000000000e+00
6.555413574218750000e+03 8.410392761230468750e+00 0.000000000000000000e+00
6.556921386718750000e+03 8.909367561340332031e+00 0.000000000000000000e+00
6.558429687500000000e+03 9.595932960510253906e+00 0.000000000000000000e+00
6.559942382812500000e+03 9.006286621093750000e+00 0.000000000000000000e+00
6.561451171875000000e+03 6.845531940460205078e+00 0.000000000000000000e+00
6.562964355468750000e+03 6.008241176605224609e+00 0.000000000000000000e+00
6.564474121093750000e+03 8.082864761352539062e+00 0.000000000000000000e+00
6.565987792968750000e+03 8.996909141540527344e+00 0.000000000000000000e+00
6.567498535156250000e+03 7.690014839172363281e+00 0.000000000000000000e+00
6.569009277343750000e+03 7.933641433715820312e+00 0.000000000000000000e+00
6.570523925781250000e+03 7.685689926147460938e+00 0.000000000000000000e+00
6.572035644531250000e+03 7.078693866729736328e+00 0.000000000000000000e+00
6.573551269531250000e+03 8.009356498718261719e+00 0.000000000000000000e+00
6.575063476562500000e+03 8.007225990295410156e+00 0.000000000000000000e+00
6.576579589843750000e+03 6.530861377716064453e+00 0.000000000000000000e+00
6.578092285156250000e+03 6.934575557708740234e+00 0.000000000000000000e+00
6.579605957031250000e+03 8.225774765014648438e+00 0.000000000000000000e+00
6.581123046875000000e+03 8.079450607299804688e+00 0.000000000000000000e+00
6.582637207031250000e+03 7.217257976531982422e+00 0.000000000000000000e+00
6.584154785156250000e+03 6.998643875122070312e+00 0.000000000000000000e+00
6.585669433593750000e+03 8.238170623779296875e+00 0.000000000000000000e+00
6.587188476562500000e+03 9.636816024780273438e+00 0.000000000000000000e+00
6.588703613281250000e+03 7.333786010742187500e+00 0.000000000000000000e+00
6.590219238281250000e+03 8.837762832641601562e+00 0.000000000000000000e+00
6.591739257812500000e+03 8.442398071289062500e+00 0.000000000000000000e+00
6.593255371093750000e+03 6.911965847015380859e+00 0.000000000000000000e+00
6.594775878906250000e+03 7.111391067504882812e+00 0.000000000000000000e+00
6.596292968750000000e+03 8.373393058776855469e+00 0.000000000000000000e+00
6.597813964843750000e+03 9.556450843811035156e+00 0.000000000000000000e+00
6.599332031250000000e+03 8.538838386535644531e+00 0.000000000000000000e+00
6.600850097656250000e+03 7.853950977325439453e+00 0.000000000000000000e+00
6.602372070312500000e+03 7.651374816894531250e+00 0.000000000000000000e+00
6.603891113281250000e+03 7.422936439514160156e+00 0.000000000000000000e+00
6.605414062500000000e+03 8.050745010375976562e+00 0.000000000000000000e+00
6.606933593750000000e+03 9.685343742370605469e+00 0.000000000000000000e+00
6.608457031250000000e+03 7.803174972534179688e+00 0.000000000000000000e+00
6.609977050781250000e+03 7.503010272979736328e+00 0.000000000000000000e+00
6.611498046875000000e+03 9.136353492736816406e+00 0.000000000000000000e+00
6.613022460937500000e+03 9.683114051818847656e+00 0.000000000000000000e+00
6.614543945312500000e+03 8.183041572570800781e+00 0.000000000000000000e+00
6.616069335937500000e+03 8.300943374633789062e+00 0.000000000000000000e+00
6.617591308593750000e+03 7.688014507293701172e+00 0.000000000000000000e+00
6.619117187500000000e+03 6.861133098602294922e+00 0.000000000000000000e+00
6.620639648437500000e+03 7.438120841979980469e+00 0.000000000000000000e+00
6.622163085937500000e+03 8.835604667663574219e+00 0.000000000000000000e+00
6.623689941406250000e+03 8.514554977416992188e+00 0.000000000000000000e+00
6.625213867187500000e+03 7.633772373199462891e+00 0.000000000000000000e+00
6.626741699218750000e+03 9.433499336242675781e+00 0.000000000000000000e+00
6.628266113281250000e+03 1.060513782501220703e+01 0.000000000000000000e+00
6.629794433593750000e+03 9.358472824096679688e+00 0.000000000000000000e+00
6.631319824218750000e+03 7.413817882537841797e+00 0.000000000000000000e+00
6.632845214843750000e+03 7.524133682250976562e+00 0.000000000000000000e+00
6.634374511718750000e+03 7.921446323394775391e+00 0.000000000000000000e+00
6.635900878906250000e+03 7.580265522003173828e+00 0.000000000000000000e+00
6.637431152343750000e+03 7.815618991851806641e+00 0.000000000000000000e+00
6.638958007812500000e+03 8.244034767150878906e+00 0.000000000000000000e+00
6.640488769531250000e+03 8.661474227905273438e+00 0.000000000000000000e+00
6.642016601562500000e+03 9.658520698547363281e+00 0.000000000000000000e+00
6.643548339843750000e+03 9.284896850585937500e+00 0.000000000000000000e+00
6.645076660156250000e+03 7.569263935089111328e+00 0.000000000000000000e+00
6.646605468750000000e+03 7.322180747985839844e+00 0.000000000000000000e+00
6.648138183593750000e+03 8.046684265136718750e+00 0.000000000000000000e+00
6.649667480468750000e+03 8.159694671630859375e+00 0.000000000000000000e+00
6.651200683593750000e+03 7.564264297485351562e+00 0.000000000000000000e+00
6.652730957031250000e+03 7.101191520690917969e+00 0.000000000000000000e+00
6.654265136718750000e+03 7.982545375823974609e+00 0.000000000000000000e+00
6.655795898437500000e+03 8.270307540893554688e+00 0.000000000000000000e+00
6.657327148437500000e+03 8.632061958312988281e+00 0.000000000000000000e+00
6.658862304687500000e+03 8.667346000671386719e+00 0.000000000000000000e+00
6.660394042968750000e+03 6.978773117065429688e+00 0.000000000000000000e+00
6.661929687500000000e+03 8.781972885131835938e+00 0.000000000000000000e+00
6.663462402343750000e+03 7.193801403045654297e+00 0.000000000000000000e+00
6.664999023437500000e+03 6.335991859436035156e+00 0.000000000000000000e+00
6.666532226562500000e+03 7.880649566650390625e+00 0.000000000000000000e+00
6.668065917968750000e+03 8.933522224426269531e+00 0.000000000000000000e+00
6.669603515625000000e+03 6.589491844177246094e+00 0.000000000000000000e+00
6.671137695312500000e+03 5.257025241851806641e+00 0.000000000000000000e+00
6.672676269531250000e+03 8.012399673461914062e+00 0.000000000000000000e+00
6.674211425781250000e+03 9.099264144897460938e+00 0.000000000000000000e+00
6.675750488281250000e+03 8.103148460388183594e+00 0.000000000000000000e+00
6.677286132812500000e+03 6.758618354797363281e+00 0.000000000000000000e+00
6.678822265625000000e+03 6.001787185668945312e+00 0.000000000000000000e+00
6.680362304687500000e+03 9.569195747375488281e+00 0.000000000000000000e+00
6.681898925781250000e+03 8.364849090576171875e+00 0.000000000000000000e+00
6.683439941406250000e+03 7.793015956878662109e+00 0.000000000000000000e+00
6.684977539062500000e+03 8.779931068420410156e+00 0.000000000000000000e+00
6.686519042968750000e+03 8.520047187805175781e+00 0.000000000000000000e+00
6.688057128906250000e+03 7.227365493774414062e+00 0.000000000000000000e+00
6.689595703125000000e+03 9.868870735168457031e+00 0.000000000000000000e+00
6.691138183593750000e+03 7.456200599670410156e+00 0.000000000000000000e+00
6.692677734375000000e+03 7.268626213073730469e+00 0.000000000000000000e+00
6.694221191406250000e+03 8.058866500854492188e+00 0.000000000000000000e+00
6.695760742187500000e+03 7.037184238433837891e+00 0.000000000000000000e+00
6.697305175781250000e+03 7.390231609344482422e+00 0.000000000000000000e+00
6.698845703125000000e+03 8.550681114196777344e+00 0.000000000000000000e+00
6.700386718750000000e+03 8.223462104797363281e+00 0.000000000000000000e+00
6.701931640625000000e+03 7.519500732421875000e+00 0.000000000000000000e+00
6.703473632812500000e+03 8.114269256591796875e+00 0.000000000000000000e+00
6.705019531250000000e+03 8.990515708923339844e+00 0.000000000000000000e+00
6.706562011718750000e+03 8.183984756469726562e+00 0.000000000000000000e+00
6.708108398437500000e+03 1.006827926635742188e+01 0.000000000000000000e+00
6.709651855468750000e+03 8.122065544128417969e+00 0.000000000000000000e+00
6.711195312500000000e+03 6.981249809265136719e+00 0.000000000000000000e+00
6.712742675781250000e+03 7.921133518218994141e+00 0.000000000000000000e+00
6.714287109375000000e+03 8.069043159484863281e+00 0.000000000000000000e+00
6.715835449218750000e+03 6.216699600219726562e+00 0.000000000000000000e+00
6.717380371093750000e+03 8.081605911254882812e+00 0.000000000000000000e+00
6.718929199218750000e+03 8.171029090881347656e+00 0.000000000000000000e+00
6.720475097656250000e+03 8.832406044006347656e+00 0.000000000000000000e+00
6.722020996093750000e+03 8.973659515380859375e+00 0.000000000000000000e+00
6.723571289062500000e+03 8.262733459472656250e+00 0.000000000000000000e+00
6.725117675781250000e+03 9.072501182556152344e+00 0.000000000000000000e+00
6.726668457031250000e+03 7.012105941772460938e+00 0.000000000000000000e+00
6.728216308593750000e+03 7.904440402984619141e+00 0.000000000000000000e+00
6.729767578125000000e+03 8.568513870239257812e+00 0.000000000000000000e+00
6.731315917968750000e+03 8.527156829833984375e+00 0.000000000000000000e+00
6.732864257812500000e+03 8.832354545593261719e+00 0.000000000000000000e+00
6.734416992187500000e+03 8.793091773986816406e+00 0.000000000000000000e+00
6.735966308593750000e+03 8.071632385253906250e+00 0.000000000000000000e+00
6.737519531250000000e+03 7.893191814422607422e+00 0.000000000000000000e+00
6.739069335937500000e+03 7.662498950958251953e+00 0.000000000000000000e+00
6.740623535156250000e+03 8.000777244567871094e+00 0.000000000000000000e+00
6.742174316406250000e+03 8.676642417907714844e+00 0.000000000000000000e+00
6.743725097656250000e+03 7.930231571197509766e+00 0.000000000000000000e+00
6.745280273437500000e+03 7.184853076934814453e+00 0.000000000000000000e+00
6.746832031250000000e+03 7.918389797210693359e+00 0.000000000000000000e+00
6.748387695312500000e+03 8.190405845642089844e+00 0.000000000000000000e+00
6.749940429687500000e+03 8.196025848388671875e+00 0.000000000000000000e+00
6.751496582031250000e+03 8.683947563171386719e+00 0.000000000000000000e+00
6.753049804687500000e+03 8.815598487854003906e+00 0.000000000000000000e+00
6.754603515625000000e+03 7.893591403961181641e+00 0.000000000000000000e+00
6.756161132812500000e+03 7.428273677825927734e+00 0.000000000000000000e+00
6.757715332031250000e+03 6.741494655609130859e+00 0.000000000000000000e+00
6.759273437500000000e+03 7.401844501495361328e+00 0.000000000000000000e+00
6.760828613281250000e+03 8.849782943725585938e+00 0.000000000000000000e+00
6.762387695312500000e+03 7.551063537597656250e+00 0.000000000000000000e+00
6.763943359375000000e+03 7.087767601013183594e+00 0.000000000000000000e+00
6.765502929687500000e+03 8.128850936889648438e+00 0.000000000000000000e+00
6.767059570312500000e+03 8.933666229248046875e+00 0.000000000000000000e+00
6.768616210937500000e+03 8.276652336120605469e+00 0.000000000000000000e+00
6.770176757812500000e+03 7.369004249572753906e+00 0.000000000000000000e+00
6.771734375000000000e+03 8.444322586059570312e+00 0.000000000000000000e+00
6.773295898437500000e+03 8.699327468872070312e+00 0.000000000000000000e+00
6.774854003906250000e+03 8.070578575134277344e+00 0.000000000000000000e+00
6.776416503906250000e+03 7.733732700347900391e+00 0.000000000000000000e+00
6.777975585937500000e+03 7.631815433502197266e+00 0.000000000000000000e+00
6.779534667968750000e+03 7.533185482025146484e+00 0.000000000000000000e+00
6.781098144531250000e+03 7.611663818359375000e+00 0.000000000000000000e+00
6.782658203125000000e+03 6.797033786773681641e+00 0.000000000000000000e+00
6.784222167968750000e+03 7.416091918945312500e+00 0.000000000000000000e+00
6.785782714843750000e+03 7.703300476074218750e+00 0.000000000000000000e+00
6.787347656250000000e+03 8.828098297119140625e+00 0.000000000000000000e+00
6.788909179687500000e+03 9.972799301147460938e+00 0.000000000000000000e+00
6.790470703125000000e+03 7.723237514495849609e+00 0.000000000000000000e+00
6.792036621093750000e+03 8.966336250305175781e+00 0.000000000000000000e+00
6.793599121093750000e+03 8.426294326782226562e+00 0.000000000000000000e+00
6.795165527343750000e+03 8.994966506958007812e+00 0.000000000000000000e+00
6.796729003906250000e+03 9.288645744323730469e+00 0.000000000000000000e+00
6.798296386718750000e+03 7.941270351409912109e+00 0.000000000000000000e+00
6.799860351562500000e+03 7.764064311981201172e+00 0.000000000000000000e+00
6.801424316406250000e+03 7.411546230316162109e+00 0.000000000000000000e+00
6.802992675781250000e+03 8.076126098632812500e+00 0.000000000000000000e+00
6.804557617187500000e+03 8.228776931762695312e+00 0.000000000000000000e+00
6.806126953125000000e+03 7.605586051940917969e+00 0.000000000000000000e+00
6.807692871093750000e+03 7.743540763854980469e+00 0.000000000000000000e+00
6.809262695312500000e+03 9.496870040893554688e+00 0.000000000000000000e+00
6.810829101562500000e+03 9.067805290222167969e+00 0.000000000000000000e+00
6.812395996093750000e+03 8.521605491638183594e+00 0.000000000000000000e+00
6.813966796875000000e+03 9.196385383605957031e+00 0.000000000000000000e+00
6.815534179687500000e+03 8.978351593017578125e+00 0.000000000000000000e+00
6.817105957031250000e+03 7.420043945312500000e+00 0.000000000000000000e+00
6.818674316406250000e+03 7.796679496765136719e+00 0.000000000000000000e+00
6.820246582031250000e+03 8.778153419494628906e+00 0.000000000000000000e+00
6.821815429687500000e+03 7.862610340118408203e+00 0.000000000000000000e+00
6.823384765625000000e+03 8.016576766967773438e+00 0.000000000000000000e+00
6.824958496093750000e+03 7.715808391571044922e+00 0.000000000000000000e+00
6.826528320312500000e+03 6.453140735626220703e+00 0.000000000000000000e+00
6.828102539062500000e+03 7.901933670043945312e+00 0.000000000000000000e+00
6.829673339843750000e+03 8.134754180908203125e+00 0.000000000000000000e+00
6.831248535156250000e+03 7.204767704010009766e+00 0.000000000000000000e+00
6.832819824218750000e+03 6.831498146057128906e+00 0.000000000000000000e+00
6.834391601562500000e+03 7.019509315490722656e+00 0.000000000000000000e+00
6.835967773437500000e+03 7.533299446105957031e+00 0.000000000000000000e+00
6.837540527343750000e+03 8.623418807983398438e+00 0.000000000000000000e+00
6.839117187500000000e+03 8.198695182800292969e+00 0.000000000000000000e+00
6.840690429687500000e+03 9.405115127563476562e+00 0.000000000000000000e+00
6.842268066406250000e+03 8.971276283264160156e+00 0.000000000000000000e+00
6.843841796875000000e+03 7.375255584716796875e+00 0.000000000000000000e+00
6.845416503906250000e+03 7.317732334136962891e+00 0.000000000000000000e+00
6.846994628906250000e+03 8.743576049804687500e+00 0.000000000000000000e+00
6.848569824218750000e+03 8.185869216918945312e+00 0.000000000000000000e+00
6.850149414062500000e+03 8.693761825561523438e+00 0.000000000000000000e+00
6.851725097656250000e+03 8.304072380065917969e+00 0.000000000000000000e+00
6.853305175781250000e+03 8.552740097045898438e+00 0.000000000000000000e+00
6.854881835937500000e+03 9.812006950378417969e+00 0.000000000000000000e+00
6.856458496093750000e+03 8.592528343200683594e+00 0.000000000000000000e+00
6.858039550781250000e+03 8.854279518127441406e+00 0.000000000000000000e+00
6.859617675781250000e+03 9.793498039245605469e+00 0.000000000000000000e+00
6.861199218750000000e+03 8.991409301757812500e+00 0.000000000000000000e+00
6.862777832031250000e+03 7.634444713592529297e+00 0.000000000000000000e+00
6.864360351562500000e+03 7.832096576690673828e+00 0.000000000000000000e+00
6.865939453125000000e+03 8.721074104309082031e+00 0.000000000000000000e+00
6.867519042968750000e+03 7.177733898162841797e+00 0.000000000000000000e+00
6.869102539062500000e+03 6.873882770538330078e+00 0.000000000000000000e+00
6.870682617187500000e+03 7.273001194000244141e+00 0.000000000000000000e+00
6.872267089843750000e+03 9.009084701538085938e+00 0.000000000000000000e+00
6.873848144531250000e+03 1.095653629302978516e+01 0.000000000000000000e+00
6.875433105468750000e+03 9.050423622131347656e+00 0.000000000000000000e+00
6.877014648437500000e+03 6.513292312622070312e+00 0.000000000000000000e+00
6.878600585937500000e+03 8.396231651306152344e+00 0.000000000000000000e+00
6.880183105468750000e+03 9.293139457702636719e+00 0.000000000000000000e+00
6.881765625000000000e+03 7.979416370391845703e+00 0.000000000000000000e+00
6.883352539062500000e+03 6.889323234558105469e+00 0.000000000000000000e+00
6.884936035156250000e+03 7.141073703765869141e+00 0.000000000000000000e+00
6.886523925781250000e+03 8.010084152221679688e+00 0.000000000000000000e+00
6.888107910156250000e+03 7.816572189331054688e+00 0.000000000000000000e+00
6.889696289062500000e+03 9.014437675476074219e+00 0.000000000000000000e+00
6.891281250000000000e+03 8.737269401550292969e+00 0.000000000000000000e+00
6.892866699218750000e+03 6.918517589569091797e+00 0.000000000000000000e+00
6.894456542968750000e+03 9.273077011108398438e+00 0.000000000000000000e+00
6.896042480468750000e+03 7.437402248382568359e+00 0.000000000000000000e+00
6.897632812500000000e+03 8.180226325988769531e+00 0.000000000000000000e+00
6.899219238281250000e+03 7.361038684844970703e+00 0.000000000000000000e+00
6.900810546875000000e+03 6.567242145538330078e+00 0.000000000000000000e+00
6.902397949218750000e+03 8.345701217651367188e+00 0.000000000000000000e+00
6.903985839843750000e+03 8.856722831726074219e+00 0.000000000000000000e+00
6.905577636718750000e+03 7.342369556427001953e+00 0.000000000000000000e+00
6.907166503906250000e+03 7.470431804656982422e+00 0.000000000000000000e+00
6.908759277343750000e+03 6.518639564514160156e+00 0.000000000000000000e+00
6.910348632812500000e+03 5.697282314300537109e+00 0.000000000000000000e+00
6.911941894531250000e+03 7.130362510681152344e+00 0.000000000000000000e+00
6.913532226562500000e+03 8.726090431213378906e+00 0.000000000000000000e+00
6.915122558593750000e+03 8.412279129028320312e+00 0.000000000000000000e+00
6.916717285156250000e+03 8.329871177673339844e+00 0.000000000000000000e+00
6.918308105468750000e+03 7.897103309631347656e+00 0.000000000000000000e+00
6.919903808593750000e+03 7.138582706451416016e+00 0.000000000000000000e+00
6.921495605468750000e+03 7.270793914794921875e+00 0.000000000000000000e+00
6.923091796875000000e+03 8.250983238220214844e+00 0.000000000000000000e+00
6.924684570312500000e+03 5.724475860595703125e+00 0.000000000000000000e+00
6.926277343750000000e+03 8.720442771911621094e+00 0.000000000000000000e+00
6.927874511718750000e+03 1.014708709716796875e+01 0.000000000000000000e+00
6.929468261718750000e+03 8.921010017395019531e+00 0.000000000000000000e+00
6.931066406250000000e+03 8.525826454162597656e+00 0.000000000000000000e+00
6.932660644531250000e+03 8.844362258911132812e+00 0.000000000000000000e+00
6.934259277343750000e+03 8.992151260375976562e+00 0.000000000000000000e+00
6.935854492187500000e+03 9.444215774536132812e+00 0.000000000000000000e+00
6.937450195312500000e+03 9.422974586486816406e+00 0.000000000000000000e+00
6.939049804687500000e+03 9.109876632690429688e+00 0.000000000000000000e+00
6.940645996093750000e+03 8.700253486633300781e+00 0.000000000000000000e+00
6.942246582031250000e+03 7.521035194396972656e+00 0.000000000000000000e+00
6.943843750000000000e+03 6.717259883880615234e+00 0.000000000000000000e+00
6.945444824218750000e+03 9.232502937316894531e+00 0.000000000000000000e+00
6.947042968750000000e+03 8.131981849670410156e+00 0.000000000000000000e+00
6.948641113281250000e+03 7.245606899261474609e+00 0.000000000000000000e+00
6.950243164062500000e+03 9.949051856994628906e+00 0.000000000000000000e+00
6.951842285156250000e+03 8.700394630432128906e+00 0.000000000000000000e+00
6.953445312500000000e+03 7.844747066497802734e+00 0.000000000000000000e+00
6.955044921875000000e+03 9.406523704528808594e+00 0.000000000000000000e+00
6.956648925781250000e+03 9.791784286499023438e+00 0.000000000000000000e+00
6.958249023437500000e+03 9.034495353698730469e+00 0.000000000000000000e+00
6.959849609375000000e+03 8.685271263122558594e+00 0.000000000000000000e+00
6.961454589843750000e+03 8.005949974060058594e+00 0.000000000000000000e+00
6.963056152343750000e+03 7.779254913330078125e+00 0.000000000000000000e+00
6.964662109375000000e+03 8.648203849792480469e+00 0.000000000000000000e+00
6.966264160156250000e+03 9.243062973022460938e+00 0.000000000000000000e+00
6.967870605468750000e+03 9.590030670166015625e+00 0.000000000000000000e+00
6.969473632812500000e+03 9.553511619567871094e+00 0.000000000000000000e+00
6.971076660156250000e+03 7.867493152618408203e+00 0.000000000000000000e+00
6.972684082031250000e+03 7.128925323486328125e+00 0.000000000000000000e+00
6.974288574218750000e+03 7.750965595245361328e+00 0.000000000000000000e+00
6.975896484375000000e+03 8.502836227416992188e+00 0.000000000000000000e+00
6.977501464843750000e+03 8.127401351928710938e+00 0.000000000000000000e+00
6.979110351562500000e+03 7.435928821563720703e+00 0.000000000000000000e+00
6.980715820312500000e+03 8.605001449584960938e+00 0.000000000000000000e+00
6.982321777343750000e+03 8.487958908081054688e+00 0.000000000000000000e+00
6.983932128906250000e+03 1.000969505310058594e+01 0.000000000000000000e+00
6.985538574218750000e+03 9.068752288818359375e+00 0.000000000000000000e+00
6.987149414062500000e+03 7.728332042694091797e+00 0.000000000000000000e+00
6.988756835937500000e+03 8.400081634521484375e+00 0.000000000000000000e+00
6.990368164062500000e+03 7.461828708648681641e+00 0.000000000000000000e+00
6.991976562500000000e+03 8.708712577819824219e+00 0.000000000000000000e+00
6.993584960937500000e+03 9.242202758789062500e+00 0.000000000000000000e+00
6.995197753906250000e+03 7.341333866119384766e+00 0.000000000000000000e+00
6.996807128906250000e+03 6.965973377227783203e+00 0.000000000000000000e+00
6.998420410156250000e+03 8.944805145263671875e+00 0.000000000000000000e+00
7.000030273437500000e+03 6.885519027709960938e+00 0.000000000000000000e+00
7.001644531250000000e+03 6.599424362182617188e+00 0.000000000000000000e+00
7.003255371093750000e+03 9.367094993591308594e+00 0.000000000000000000e+00
7.004870117187500000e+03 9.951387405395507812e+00 0.000000000000000000e+00
7.006481933593750000e+03 8.062877655029296875e+00 0.000000000000000000e+00
7.008093750000000000e+03 7.155498981475830078e+00 0.000000000000000000e+00
7.009709472656250000e+03 8.183804512023925781e+00 0.000000000000000000e+00
7.011322265625000000e+03 7.133466720581054688e+00 0.000000000000000000e+00
7.012938964843750000e+03 8.952137947082519531e+00 0.000000000000000000e+00
7.014552246093750000e+03 8.696375846862792969e+00 0.000000000000000000e+00
7.016169921875000000e+03 7.684921264648437500e+00 0.000000000000000000e+00
7.017783691406250000e+03 8.581789970397949219e+00 0.000000000000000000e+00
7.019398437500000000e+03 8.019274711608886719e+00 0.000000000000000000e+00
7.021017089843750000e+03 9.359178543090820312e+00 0.000000000000000000e+00
7.022632324218750000e+03 9.209214210510253906e+00 0.000000000000000000e+00
7.024251464843750000e+03 8.454708099365234375e+00 0.000000000000000000e+00
7.025867675781250000e+03 7.803154468536376953e+00 0.000000000000000000e+00
7.027487792968750000e+03 7.639423847198486328e+00 0.000000000000000000e+00
7.029104492187500000e+03 8.571474075317382812e+00 0.000000000000000000e+00
7.030721191406250000e+03 7.877272605895996094e+00 0.000000000000000000e+00
7.032342773437500000e+03 8.826523780822753906e+00 0.000000000000000000e+00
7.033960449218750000e+03 9.848238945007324219e+00 0.000000000000000000e+00
7.035582519531250000e+03 9.026512145996093750e+00 0.000000000000000000e+00
7.037200683593750000e+03 7.689428806304931641e+00 0.000000000000000000e+00
7.038823730468750000e+03 8.904661178588867188e+00 0.000000000000000000e+00
7.040442871093750000e+03 7.891363620758056641e+00 0.000000000000000000e+00
7.042062500000000000e+03 8.812815666198730469e+00 0.000000000000000000e+00
7.043686523437500000e+03 9.538566589355468750e+00 0.000000000000000000e+00
7.045306640625000000e+03 8.478078842163085938e+00 0.000000000000000000e+00
7.046931640625000000e+03 7.260598182678222656e+00 0.000000000000000000e+00
7.048552734375000000e+03 8.251713752746582031e+00 0.000000000000000000e+00
7.050178222656250000e+03 8.066424369812011719e+00 0.000000000000000000e+00
7.051799804687500000e+03 9.263716697692871094e+00 0.000000000000000000e+00
7.053422363281250000e+03 9.056388854980468750e+00 0.000000000000000000e+00
7.055048828125000000e+03 8.312811851501464844e+00 0.000000000000000000e+00
7.056671875000000000e+03 8.657493591308593750e+00 0.000000000000000000e+00
7.058298828125000000e+03 8.113829612731933594e+00 0.000000000000000000e+00
7.059922851562500000e+03 9.244215965270996094e+00 0.000000000000000000e+00
7.061550781250000000e+03 8.379569053649902344e+00 0.000000000000000000e+00
7.063175292968750000e+03 7.332946777343750000e+00 0.000000000000000000e+00
7.064799804687500000e+03 7.364253044128417969e+00 0.000000000000000000e+00
7.066429199218750000e+03 8.031646728515625000e+00 0.000000000000000000e+00
7.068054687500000000e+03 8.760031700134277344e+00 0.000000000000000000e+00
7.069684570312500000e+03 8.930255889892578125e+00 0.000000000000000000e+00
7.071311035156250000e+03 6.495254039764404297e+00 0.000000000000000000e+00
7.072941894531250000e+03 7.821918010711669922e+00 0.000000000000000000e+00
7.074568847656250000e+03 9.520484924316406250e+00 0.000000000000000000e+00
7.076196289062500000e+03 7.809057712554931641e+00 0.000000000000000000e+00
7.077828125000000000e+03 9.279478073120117188e+00 0.000000000000000000e+00
7.079456054687500000e+03 8.382728576660156250e+00 0.000000000000000000e+00
7.081088867187500000e+03 7.767092227935791016e+00 0.000000000000000000e+00
7.082717773437500000e+03 7.077006816864013672e+00 0.000000000000000000e+00
7.084351074218750000e+03 8.147280693054199219e+00 0.000000000000000000e+00
7.085980957031250000e+03 1.034899425506591797e+01 0.000000000000000000e+00
7.087610839843750000e+03 8.176215171813964844e+00 0.000000000000000000e+00
7.089245117187500000e+03 8.563778877258300781e+00 0.000000000000000000e+00
7.090875976562500000e+03 8.497494697570800781e+00 0.000000000000000000e+00
7.092511230468750000e+03 7.797574043273925781e+00 0.000000000000000000e+00
7.094143066406250000e+03 7.349084854125976562e+00 0.000000000000000000e+00
7.095778808593750000e+03 7.160369873046875000e+00 0.000000000000000000e+00
7.097411132812500000e+03 6.944195747375488281e+00 0.000000000000000000e+00
7.099043945312500000e+03 9.456739425659179688e+00 0.000000000000000000e+00
7.100681152343750000e+03 9.179265975952148438e+00 0.000000000000000000e+00
7.102314453125000000e+03 8.695809364318847656e+00 0.000000000000000000e+00
7.103952148437500000e+03 9.032567024230957031e+00 0.000000000000000000e+00
7.105586425781250000e+03 8.994132995605468750e+00 0.000000000000000000e+00
7.107225097656250000e+03 8.712849617004394531e+00 0.000000000000000000e+00
7.108859863281250000e+03 8.359588623046875000e+00 0.000000000000000000e+00
7.110495605468750000e+03 8.089877128601074219e+00 0.000000000000000000e+00
7.112135253906250000e+03 8.193533897399902344e+00 0.000000000000000000e+00
7.113771484375000000e+03 8.667366027832031250e+00 0.000000000000000000e+00
7.115411621093750000e+03 9.130891799926757812e+00 0.000000000000000000e+00
7.117048339843750000e+03 9.037125587463378906e+00 0.000000000000000000e+00
7.118689941406250000e+03 8.348546028137207031e+00 0.000000000000000000e+00
7.120327148437500000e+03 8.225065231323242188e+00 0.000000000000000000e+00
7.121965332031250000e+03 7.739478588104248047e+00 0.000000000000000000e+00
7.123607910156250000e+03 8.407125473022460938e+00 0.000000000000000000e+00
7.125246582031250000e+03 1.012257575988769531e+01 0.000000000000000000e+00
7.126889648437500000e+03 8.412526130676269531e+00 0.000000000000000000e+00
7.128529296875000000e+03 8.022864341735839844e+00 0.000000000000000000e+00
7.130172851562500000e+03 8.593675613403320312e+00 0.000000000000000000e+00
7.131812988281250000e+03 9.319602966308593750e+00 0.000000000000000000e+00
7.133458007812500000e+03 8.822209358215332031e+00 0.000000000000000000e+00
7.135098632812500000e+03 7.892000198364257812e+00 0.000000000000000000e+00
7.136740234375000000e+03 9.738139152526855469e+00 0.000000000000000000e+00
7.138385742187500000e+03 9.135574340820312500e+00 0.000000000000000000e+00
7.140028320312500000e+03 8.946029663085937500e+00 0.000000000000000000e+00
7.141674804687500000e+03 8.908679008483886719e+00 0.000000000000000000e+00
7.143317382812500000e+03 8.653742790222167969e+00 0.000000000000000000e+00
7.144964843750000000e+03 8.372490882873535156e+00 0.000000000000000000e+00
7.146608398437500000e+03 7.926953792572021484e+00 0.000000000000000000e+00
7.148252441406250000e+03 7.850323677062988281e+00 0.000000000000000000e+00
7.149900878906250000e+03 8.225038528442382812e+00 0.000000000000000000e+00
7.151545898437500000e+03 8.962941169738769531e+00 0.000000000000000000e+00
7.153194824218750000e+03 9.089661598205566406e+00 0.000000000000000000e+00
7.154840332031250000e+03 8.221190452575683594e+00 0.000000000000000000e+00
7.156490234375000000e+03 7.638820648193359375e+00 0.000000000000000000e+00
7.158136718750000000e+03 6.797667503356933594e+00 0.000000000000000000e+00
7.159783203125000000e+03 8.146441459655761719e+00 0.000000000000000000e+00
7.161434570312500000e+03 9.436544418334960938e+00 0.000000000000000000e+00
7.163082031250000000e+03 8.791275024414062500e+00 0.000000000000000000e+00
7.164733886718750000e+03 7.208934307098388672e+00 0.000000000000000000e+00
7.166381835937500000e+03 7.609066486358642578e+00 0.000000000000000000e+00
7.168034667968750000e+03 9.345817565917968750e+00 0.000000000000000000e+00
7.169683593750000000e+03 8.616069793701171875e+00 0.000000000000000000e+00
7.171333007812500000e+03 7.896347045898437500e+00 0.000000000000000000e+00
7.172986328125000000e+03 8.625232696533203125e+00 0.000000000000000000e+00
7.174636718750000000e+03 9.390776634216308594e+00 0.000000000000000000e+00
7.176291015625000000e+03 8.447493553161621094e+00 0.000000000000000000e+00
7.177941894531250000e+03 7.458851337432861328e+00 0.000000000000000000e+00
7.179597167968750000e+03 9.037001609802246094e+00 0.000000000000000000e+00
7.181249023437500000e+03 9.949857711791992188e+00 0.000000000000000000e+00
7.182900878906250000e+03 8.747220039367675781e+00 0.000000000000000000e+00
7.184557128906250000e+03 7.059459686279296875e+00 0.000000000000000000e+00
7.186209960937500000e+03 7.101967811584472656e+00 0.000000000000000000e+00
7.187867187500000000e+03 9.294087409973144531e+00 0.000000000000000000e+00
7.189520996093750000e+03 8.173505783081054688e+00 0.000000000000000000e+00
7.191178710937500000e+03 8.382543563842773438e+00 0.000000000000000000e+00
7.192833007812500000e+03 9.466212272644042969e+00 0.000000000000000000e+00
7.194487792968750000e+03 8.475115776062011719e+00 0.000000000000000000e+00
7.196146972656250000e+03 8.239717483520507812e+00 0.000000000000000000e+00
7.197802246093750000e+03 7.480750560760498047e+00 0.000000000000000000e+00
7.199461914062500000e+03 8.833621978759765625e+00 0.000000000000000000e+00
7.201118164062500000e+03 9.121038436889648438e+00 0.000000000000000000e+00
7.202778808593750000e+03 8.113462448120117188e+00 0.000000000000000000e+00
7.204435546875000000e+03 8.039142608642578125e+00 0.000000000000000000e+00
7.206093261718750000e+03 8.577606201171875000e+00 0.000000000000000000e+00
7.207754882812500000e+03 8.284266471862792969e+00 0.000000000000000000e+00
7.209413085937500000e+03 7.865353107452392578e+00 0.000000000000000000e+00
7.211075683593750000e+03 7.596627235412597656e+00 0.000000000000000000e+00
7.212734375000000000e+03 8.027714729309082031e+00 0.000000000000000000e+00
7.214397460937500000e+03 8.723012924194335938e+00 0.000000000000000000e+00
7.216057128906250000e+03 7.687409400939941406e+00 0.000000000000000000e+00
7.217717285156250000e+03 7.057245731353759766e+00 0.000000000000000000e+00
7.219381835937500000e+03 8.193470954895019531e+00 0.000000000000000000e+00
7.221042480468750000e+03 8.085100173950195312e+00 0.000000000000000000e+00
7.222707519531250000e+03 7.304616928100585938e+00 0.000000000000000000e+00
7.224369140625000000e+03 7.970221996307373047e+00 0.000000000000000000e+00
7.226035156250000000e+03 8.555638313293457031e+00 0.000000000000000000e+00
7.227697265625000000e+03 9.066249847412109375e+00 0.000000000000000000e+00
7.229360351562500000e+03 1.001579570770263672e+01 0.000000000000000000e+00
7.231027343750000000e+03 9.639726638793945312e+00 0.000000000000000000e+00
7.232690917968750000e+03 8.259652137756347656e+00 0.000000000000000000e+00
7.234358398437500000e+03 7.961079597473144531e+00 0.000000000000000000e+00
7.236022949218750000e+03 9.353354454040527344e+00 0.000000000000000000e+00
7.237691406250000000e+03 9.830207824707031250e+00 0.000000000000000000e+00
7.239356445312500000e+03 6.733344078063964844e+00 0.000000000000000000e+00
7.241021972656250000e+03 7.175796031951904297e+00 0.000000000000000000e+00
7.242691894531250000e+03 9.162016868591308594e+00 0.000000000000000000e+00
7.244357910156250000e+03 7.709039688110351562e+00 0.000000000000000000e+00
7.246028320312500000e+03 7.722581386566162109e+00 0.000000000000000000e+00
7.247695312500000000e+03 6.191265583038330078e+00 0.000000000000000000e+00
7.249366699218750000e+03 8.512562751770019531e+00 0.000000000000000000e+00
7.251034179687500000e+03 8.808491706848144531e+00 0.000000000000000000e+00
7.252702636718750000e+03 7.886462688446044922e+00 0.000000000000000000e+00
7.254375000000000000e+03 9.734879493713378906e+00 0.000000000000000000e+00
7.256043945312500000e+03 9.781409263610839844e+00 0.000000000000000000e+00
7.257716796875000000e+03 7.977317333221435547e+00 0.000000000000000000e+00
7.259386718750000000e+03 9.073660850524902344e+00 0.000000000000000000e+00
7.261060546875000000e+03 9.080254554748535156e+00 0.000000000000000000e+00
7.262730957031250000e+03 8.080740928649902344e+00 0.000000000000000000e+00
7.264405761718750000e+03 8.828300476074218750e+00 0.000000000000000000e+00
7.266077148437500000e+03 9.040571212768554688e+00 0.000000000000000000e+00
7.267748535156250000e+03 7.832350730895996094e+00 0.000000000000000000e+00
7.269424316406250000e+03 6.010716915130615234e+00 0.000000000000000000e+00
7.271096679687500000e+03 6.784071922302246094e+00 0.000000000000000000e+00
7.272773437500000000e+03 7.758120059967041016e+00 0.000000000000000000e+00
7.274446289062500000e+03 6.051222801208496094e+00 0.000000000000000000e+00
7.276124023437500000e+03 6.645234107971191406e+00 0.000000000000000000e+00
7.277797851562500000e+03 1.054702091217041016e+01 0.000000000000000000e+00
7.279472167968750000e+03 9.312348365783691406e+00 0.000000000000000000e+00
7.281150878906250000e+03 7.232472896575927734e+00 0.000000000000000000e+00
7.282825683593750000e+03 7.166954040527343750e+00 0.000000000000000000e+00
7.284505371093750000e+03 7.559907913208007812e+00 0.000000000000000000e+00
7.286181152343750000e+03 7.800095558166503906e+00 0.000000000000000000e+00
7.287861328125000000e+03 9.074772834777832031e+00 0.000000000000000000e+00
7.289537597656250000e+03 6.991716384887695312e+00 0.000000000000000000e+00
7.291214843750000000e+03 7.108945369720458984e+00 0.000000000000000000e+00
7.292895996093750000e+03 8.852337837219238281e+00 0.000000000000000000e+00
7.294573730468750000e+03 8.199233055114746094e+00 0.000000000000000000e+00
7.296255859375000000e+03 8.213175773620605469e+00 0.000000000000000000e+00
7.297934082031250000e+03 8.011983871459960938e+00 0.000000000000000000e+00
7.299617187500000000e+03 6.868663311004638672e+00 0.000000000000000000e+00
7.301296386718750000e+03 7.203911304473876953e+00 0.000000000000000000e+00
7.302976074218750000e+03 8.245176315307617188e+00 0.000000000000000000e+00
7.304660156250000000e+03 7.596354961395263672e+00 0.000000000000000000e+00
7.306340820312500000e+03 6.834381580352783203e+00 0.000000000000000000e+00
7.308025390625000000e+03 9.257669448852539062e+00 0.000000000000000000e+00
7.309706542968750000e+03 8.351737022399902344e+00 0.000000000000000000e+00
7.311392089843750000e+03 7.534816741943359375e+00 0.000000000000000000e+00
7.313074218750000000e+03 8.033302307128906250e+00 0.000000000000000000e+00
7.314756347656250000e+03 7.339282035827636719e+00 0.000000000000000000e+00
7.316443359375000000e+03 5.774150848388671875e+00 0.000000000000000000e+00
7.318126464843750000e+03 6.993950366973876953e+00 0.000000000000000000e+00
7.319813964843750000e+03 8.859021186828613281e+00 0.000000000000000000e+00
7.321498046875000000e+03 9.663229942321777344e+00 0.000000000000000000e+00
7.323186035156250000e+03 9.067374229431152344e+00 0.000000000000000000e+00
7.324871093750000000e+03 7.870637416839599609e+00 0.000000000000000000e+00
7.326556152343750000e+03 7.276216506958007812e+00 0.000000000000000000e+00
7.328245605468750000e+03 6.759681224822998047e+00 0.000000000000000000e+00
7.329931152343750000e+03 8.423913955688476562e+00 0.000000000000000000e+00
7.331621582031250000e+03 8.427877426147460938e+00 0.000000000000000000e+00
7.333308105468750000e+03 7.599129199981689453e+00 0.000000000000000000e+00
7.334999511718750000e+03 8.837320327758789062e+00 0.000000000000000000e+00
7.336686523437500000e+03 8.755767822265625000e+00 0.000000000000000000e+00
7.338374511718750000e+03 6.538334369659423828e+00 0.000000000000000000e+00
7.340066894531250000e+03 7.942691802978515625e+00 0.000000000000000000e+00
7.341755371093750000e+03 6.505789279937744141e+00 0.000000000000000000e+00
7.343448242187500000e+03 4.902709960937500000e+00 0.000000000000000000e+00
7.345137695312500000e+03 8.627698898315429688e+00 0.000000000000000000e+00
7.346831542968750000e+03 8.956472396850585938e+00 0.000000000000000000e+00
7.348521484375000000e+03 7.736308574676513672e+00 0.000000000000000000e+00
7.350211914062500000e+03 8.699173927307128906e+00 0.000000000000000000e+00
7.351906738281250000e+03 9.060312271118164062e+00 0.000000000000000000e+00
7.353598144531250000e+03 9.220061302185058594e+00 0.000000000000000000e+00
7.355293945312500000e+03 9.926918029785156250e+00 0.000000000000000000e+00
7.356985839843750000e+03 6.934498786926269531e+00 0.000000000000000000e+00
7.358682617187500000e+03 9.123205184936523438e+00 0.000000000000000000e+00
7.360375488281250000e+03 9.410703659057617188e+00 0.000000000000000000e+00
7.362068847656250000e+03 7.852005004882812500e+00 0.000000000000000000e+00
7.363766601562500000e+03 7.054758548736572266e+00 0.000000000000000000e+00
7.365460449218750000e+03 8.274413108825683594e+00 0.000000000000000000e+00
7.367158691406250000e+03 1.014177131652832031e+01 0.000000000000000000e+00
7.368853515625000000e+03 7.686660289764404297e+00 0.000000000000000000e+00
7.370552734375000000e+03 6.567419528961181641e+00 0.000000000000000000e+00
7.372248535156250000e+03 7.826076030731201172e+00 0.000000000000000000e+00
7.373944335937500000e+03 8.954021453857421875e+00 0.000000000000000000e+00
7.375645019531250000e+03 8.320209503173828125e+00 0.000000000000000000e+00
7.377341796875000000e+03 8.224864959716796875e+00 0.000000000000000000e+00
7.379042968750000000e+03 9.463593482971191406e+00 0.000000000000000000e+00
7.380740234375000000e+03 9.827090263366699219e+00 0.000000000000000000e+00
7.382442382812500000e+03 8.786797523498535156e+00 0.000000000000000000e+00
7.384140625000000000e+03 8.121710777282714844e+00 0.000000000000000000e+00
7.385839355468750000e+03 8.795358657836914062e+00 0.000000000000000000e+00
7.387542480468750000e+03 8.499923706054687500e+00 0.000000000000000000e+00
7.389242187500000000e+03 9.586012840270996094e+00 0.000000000000000000e+00
7.390945800781250000e+03 7.997984886169433594e+00 0.000000000000000000e+00
7.392646484375000000e+03 8.246621131896972656e+00 0.000000000000000000e+00
7.394351074218750000e+03 9.782342910766601562e+00 0.000000000000000000e+00
7.396052246093750000e+03 8.608724594116210938e+00 0.000000000000000000e+00
7.397757324218750000e+03 7.533340930938720703e+00 0.000000000000000000e+00
7.399459472656250000e+03 7.080099105834960938e+00 0.000000000000000000e+00
7.401161621093750000e+03 7.162114620208740234e+00 0.000000000000000000e+00
7.402868164062500000e+03 7.389777183532714844e+00 0.000000000000000000e+00
7.404571289062500000e+03 8.284575462341308594e+00 0.000000000000000000e+00
7.406278808593750000e+03 9.181156158447265625e+00 0.000000000000000000e+00
7.407982421875000000e+03 7.329827785491943359e+00 0.000000000000000000e+00
7.409690917968750000e+03 8.668641090393066406e+00 0.000000000000000000e+00
7.411395507812500000e+03 8.563150405883789062e+00 0.000000000000000000e+00
7.413100585937500000e+03 9.439680099487304688e+00 0.000000000000000000e+00
7.414810058593750000e+03 9.827145576477050781e+00 0.000000000000000000e+00
7.416515625000000000e+03 7.027886390686035156e+00 0.000000000000000000e+00
7.418226074218750000e+03 6.655755996704101562e+00 0.000000000000000000e+00
7.419932617187500000e+03 7.177216529846191406e+00 0.000000000000000000e+00
7.421643554687500000e+03 7.970391273498535156e+00 0.000000000000000000e+00
7.423350585937500000e+03 8.457008361816406250e+00 0.000000000000000000e+00
7.425058593750000000e+03 8.513424873352050781e+00 0.000000000000000000e+00
7.426770507812500000e+03 8.539044380187988281e+00 0.000000000000000000e+00
7.428479492187500000e+03 8.720753669738769531e+00 0.000000000000000000e+00
7.430192382812500000e+03 7.572822570800781250e+00 0.000000000000000000e+00
7.431901367187500000e+03 6.694837570190429688e+00 0.000000000000000000e+00
7.433615234375000000e+03 6.858018398284912109e+00 0.000000000000000000e+00
7.435325683593750000e+03 7.939199447631835938e+00 0.000000000000000000e+00
7.437036132812500000e+03 8.932634353637695312e+00 0.000000000000000000e+00
7.438750976562500000e+03 8.504393577575683594e+00 0.000000000000000000e+00
7.440462402343750000e+03 8.620059967041015625e+00 0.000000000000000000e+00
7.442177734375000000e+03 7.320087909698486328e+00 0.000000000000000000e+00
7.443890136718750000e+03 7.629208087921142578e+00 0.000000000000000000e+00
7.445606445312500000e+03 8.522023200988769531e+00 0.000000000000000000e+00
7.447319335937500000e+03 7.170296192169189453e+00 0.000000000000000000e+00
7.449032714843750000e+03 7.078894615173339844e+00 0.000000000000000000e+00
7.450750488281250000e+03 7.383243560791015625e+00 0.000000000000000000e+00
7.452464355468750000e+03 8.030475616455078125e+00 0.000000000000000000e+00
7.454183105468750000e+03 7.842638969421386719e+00 0.000000000000000000e+00
7.455897949218750000e+03 6.792378425598144531e+00 0.000000000000000000e+00
7.457617187500000000e+03 6.533854484558105469e+00 0.000000000000000000e+00
7.459332519531250000e+03 8.213601112365722656e+00 0.000000000000000000e+00
7.461048828125000000e+03 8.168288230895996094e+00 0.000000000000000000e+00
7.462769042968750000e+03 8.465010643005371094e+00 0.000000000000000000e+00
7.464485839843750000e+03 9.059893608093261719e+00 0.000000000000000000e+00
7.466207031250000000e+03 9.047019004821777344e+00 0.000000000000000000e+00
7.467924804687500000e+03 8.305729866027832031e+00 0.000000000000000000e+00
7.469646972656250000e+03 8.149950981140136719e+00 0.000000000000000000e+00
7.471365234375000000e+03 1.004624176025390625e+01 0.000000000000000000e+00
7.473083984375000000e+03 7.657063007354736328e+00 0.000000000000000000e+00
7.474807617187500000e+03 7.278744697570800781e+00 0.000000000000000000e+00
7.476526855468750000e+03 8.600301742553710938e+00 0.000000000000000000e+00
7.478250976562500000e+03 6.609591960906982422e+00 0.000000000000000000e+00
7.479971191406250000e+03 6.920645236968994141e+00 0.000000000000000000e+00
7.481696289062500000e+03 9.384785652160644531e+00 0.000000000000000000e+00
7.483417480468750000e+03 9.835289001464843750e+00 0.000000000000000000e+00
7.485139160156250000e+03 8.536036491394042969e+00 0.000000000000000000e+00
7.486865234375000000e+03 6.842921733856201172e+00 0.000000000000000000e+00
7.488587402343750000e+03 6.328631877899169922e+00 0.000000000000000000e+00
7.490313964843750000e+03 8.571052551269531250e+00 0.000000000000000000e+00
7.492037109375000000e+03 7.500617980957031250e+00 0.000000000000000000e+00
7.493765136718750000e+03 8.403214454650878906e+00 0.000000000000000000e+00
7.495488769531250000e+03 9.102250099182128906e+00 0.000000000000000000e+00
7.497213378906250000e+03 8.379074096679687500e+00 0.000000000000000000e+00
7.498941894531250000e+03 8.087489128112792969e+00 0.000000000000000000e+00
7.500666992187500000e+03 7.907242298126220703e+00 0.000000000000000000e+00
7.502396972656250000e+03 6.060194492340087891e+00 0.000000000000000000e+00
7.504122558593750000e+03 8.321250915527343750e+00 0.000000000000000000e+00
7.505853027343750000e+03 8.850884437561035156e+00 0.000000000000000000e+00
7.507580078125000000e+03 7.385948657989501953e+00 0.000000000000000000e+00
7.509307128906250000e+03 8.363971710205078125e+00 0.000000000000000000e+00
7.511038574218750000e+03 7.909652233123779297e+00 0.000000000000000000e+00
7.512766601562500000e+03 8.679410934448242188e+00 0.000000000000000000e+00
7.514499023437500000e+03 8.290707588195800781e+00 0.000000000000000000e+00
7.516227539062500000e+03 8.271461486816406250e+00 0.000000000000000000e+00
7.517960937500000000e+03 8.597224235534667969e+00 0.000000000000000000e+00
7.519690429687500000e+03 7.982049465179443359e+00 0.000000000000000000e+00
7.521420410156250000e+03 7.965258121490478516e+00 0.000000000000000000e+00
7.523154785156250000e+03 6.144113063812255859e+00 0.000000000000000000e+00
7.524885253906250000e+03 8.470264434814453125e+00 0.000000000000000000e+00
7.526620605468750000e+03 1.010908985137939453e+01 0.000000000000000000e+00
7.528352050781250000e+03 9.178639411926269531e+00 0.000000000000000000e+00
7.530088378906250000e+03 8.395586013793945312e+00 0.000000000000000000e+00
7.531820312500000000e+03 6.925757884979248047e+00 0.000000000000000000e+00
7.533557128906250000e+03 8.603541374206542969e+00 0.000000000000000000e+00
7.535290527343750000e+03 7.630192279815673828e+00 0.000000000000000000e+00
7.537023925781250000e+03 7.390749931335449219e+00 0.000000000000000000e+00
7.538761718750000000e+03 8.457224845886230469e+00 0.000000000000000000e+00
7.540496093750000000e+03 8.112347602844238281e+00 0.000000000000000000e+00
7.542234863281250000e+03 8.922199249267578125e+00 0.000000000000000000e+00
7.543970214843750000e+03 7.796116828918457031e+00 0.000000000000000000e+00
7.545709472656250000e+03 7.008195400238037109e+00 0.000000000000000000e+00
7.547445312500000000e+03 7.634618759155273438e+00 0.000000000000000000e+00
7.549181640625000000e+03 8.521265983581542969e+00 0.000000000000000000e+00
7.550922851562500000e+03 8.524910926818847656e+00 0.000000000000000000e+00
7.552659667968750000e+03 8.767229080200195312e+00 0.000000000000000000e+00
7.554401367187500000e+03 7.323500156402587891e+00 0.000000000000000000e+00
7.556139160156250000e+03 7.587321281433105469e+00 0.000000000000000000e+00
7.557881835937500000e+03 9.101408004760742188e+00 0.000000000000000000e+00
7.559620117187500000e+03 9.519701957702636719e+00 0.000000000000000000e+00
7.561359375000000000e+03 8.103389739990234375e+00 0.000000000000000000e+00
7.563103027343750000e+03 7.564249038696289062e+00 0.000000000000000000e+00
7.564842773437500000e+03 8.170261383056640625e+00 0.000000000000000000e+00
7.566587402343750000e+03 8.353454589843750000e+00 0.000000000000000000e+00
7.568328125000000000e+03 8.194893836975097656e+00 0.000000000000000000e+00
7.570073242187500000e+03 7.910473823547363281e+00 0.000000000000000000e+00
7.571814941406250000e+03 7.812507152557373047e+00 0.000000000000000000e+00
7.573556640625000000e+03 8.760575294494628906e+00 0.000000000000000000e+00
7.575303222656250000e+03 7.509158134460449219e+00 0.000000000000000000e+00
7.577045898437500000e+03 6.665421009063720703e+00 0.000000000000000000e+00
7.578792968750000000e+03 6.817014217376708984e+00 0.000000000000000000e+00
7.580536621093750000e+03 7.858884811401367188e+00 0.000000000000000000e+00
7.582284667968750000e+03 8.840977668762207031e+00 0.000000000000000000e+00
7.584028808593750000e+03 7.256587505340576172e+00 0.000000000000000000e+00
7.585773437500000000e+03 7.219945430755615234e+00 0.000000000000000000e+00
7.587522949218750000e+03 8.347832679748535156e+00 0.000000000000000000e+00
7.589268554687500000e+03 7.753380298614501953e+00 0.000000000000000000e+00
7.591018554687500000e+03 7.049304008483886719e+00 0.000000000000000000e+00
7.592764648437500000e+03 9.083899497985839844e+00 0.000000000000000000e+00
7.594515625000000000e+03 9.445761680603027344e+00 0.000000000000000000e+00
7.596262695312500000e+03 8.644290924072265625e+00 0.000000000000000000e+00
7.598010253906250000e+03 8.898796081542968750e+00 0.000000000000000000e+00
7.599762207031250000e+03 7.559113979339599609e+00 0.000000000000000000e+00
7.601510742187500000e+03 6.089124202728271484e+00 0.000000000000000000e+00
7.603263671875000000e+03 8.331384658813476562e+00 0.000000000000000000e+00
7.605012695312500000e+03 1.032044124603271484e+01 0.000000000000000000e+00
7.606766113281250000e+03 8.783325195312500000e+00 0.000000000000000000e+00
7.608516113281250000e+03 7.464879035949707031e+00 0.000000000000000000e+00
7.610266601562500000e+03 7.429166793823242188e+00 0.000000000000000000e+00
7.612021484375000000e+03 7.762210845947265625e+00 0.000000000000000000e+00
7.613772460937500000e+03 7.290887832641601562e+00 0.000000000000000000e+00
7.615528320312500000e+03 6.027935981750488281e+00 0.000000000000000000e+00
7.617280273437500000e+03 7.303294181823730469e+00 0.000000000000000000e+00
7.619036621093750000e+03 8.504666328430175781e+00 0.000000000000000000e+00
7.620789550781250000e+03 8.566802978515625000e+00 0.000000000000000000e+00
7.622542480468750000e+03 7.875017166137695312e+00 0.000000000000000000e+00
7.624300292968750000e+03 7.625954627990722656e+00 0.000000000000000000e+00
7.626054199218750000e+03 8.870656013488769531e+00 0.000000000000000000e+00
7.627812988281250000e+03 7.661023139953613281e+00 0.000000000000000000e+00
7.629567871093750000e+03 7.818899631500244141e+00 0.000000000000000000e+00
7.631327148437500000e+03 7.794420719146728516e+00 0.000000000000000000e+00
7.633082519531250000e+03 7.853880405426025391e+00 0.000000000000000000e+00
7.634838867187500000e+03 9.137180328369140625e+00 0.000000000000000000e+00
7.636599121093750000e+03 7.236871719360351562e+00 0.000000000000000000e+00
7.638355957031250000e+03 9.440342903137207031e+00 0.000000000000000000e+00
7.640117187500000000e+03 9.290057182312011719e+00 0.000000000000000000e+00
7.641875000000000000e+03 6.791687488555908203e+00 0.000000000000000000e+00
7.643637207031250000e+03 5.414225101470947266e+00 0.000000000000000000e+00
7.645395507812500000e+03 6.576133728027343750e+00 0.000000000000000000e+00
7.647154296875000000e+03 7.528185367584228516e+00 0.000000000000000000e+00
7.648917968750000000e+03 8.695512771606445312e+00 0.000000000000000000e+00
7.650677246093750000e+03 6.499767780303955078e+00 0.000000000000000000e+00
7.652441894531250000e+03 5.944582462310791016e+00 0.000000000000000000e+00
7.654202148437500000e+03 8.197906494140625000e+00 0.000000000000000000e+00
7.655967285156250000e+03 9.119826316833496094e+00 0.000000000000000000e+00
7.657728515625000000e+03 9.039648056030273438e+00 0.000000000000000000e+00
7.659490234375000000e+03 7.745398044586181641e+00 0.000000000000000000e+00
7.661256347656250000e+03 7.874602317810058594e+00 0.000000000000000000e+00
7.663018554687500000e+03 7.172096252441406250e+00 0.000000000000000000e+00
7.664785644531250000e+03 6.752258300781250000e+00 0.000000000000000000e+00
7.666549316406250000e+03 8.870164871215820312e+00 0.000000000000000000e+00
7.668316894531250000e+03 7.578961849212646484e+00 0.000000000000000000e+00
7.670081054687500000e+03 6.934183120727539062e+00 0.000000000000000000e+00
7.671849609375000000e+03 7.751842498779296875e+00 0.000000000000000000e+00
7.673614746093750000e+03 7.818363666534423828e+00 0.000000000000000000e+00
7.675379882812500000e+03 7.674899578094482422e+00 0.000000000000000000e+00
7.677149902343750000e+03 8.992367744445800781e+00 0.000000000000000000e+00
7.678916015625000000e+03 8.357412338256835938e+00 0.000000000000000000e+00
7.680687011718750000e+03 7.006007194519042969e+00 0.000000000000000000e+00
7.682453613281250000e+03 6.392203330993652344e+00 0.000000000000000000e+00
7.684225097656250000e+03 6.875685214996337891e+00 0.000000000000000000e+00
7.685993164062500000e+03 7.360518932342529297e+00 0.000000000000000000e+00
7.687761230468750000e+03 6.680763244628906250e+00 0.000000000000000000e+00
7.689534179687500000e+03 6.103937625885009766e+00 0.000000000000000000e+00
7.691302734375000000e+03 7.011997699737548828e+00 0.000000000000000000e+00
7.693076660156250000e+03 6.279570579528808594e+00 0.000000000000000000e+00
7.694846191406250000e+03 7.127500534057617188e+00 0.000000000000000000e+00
7.696620605468750000e+03 8.879689216613769531e+00 0.000000000000000000e+00
7.698391113281250000e+03 7.758414268493652344e+00 0.000000000000000000e+00
7.700162109375000000e+03 7.823725700378417969e+00 0.000000000000000000e+00
7.701937988281250000e+03 7.661662101745605469e+00 0.000000000000000000e+00
7.703709960937500000e+03 7.195314407348632812e+00 0.000000000000000000e+00
7.705486328125000000e+03 7.287179470062255859e+00 0.000000000000000000e+00
7.707258789062500000e+03 7.461997032165527344e+00 0.000000000000000000e+00
7.709036132812500000e+03 7.052704811096191406e+00 0.000000000000000000e+00
7.710809570312500000e+03 7.943842411041259766e+00 0.000000000000000000e+00
7.712583496093750000e+03 7.691946506500244141e+00 0.000000000000000000e+00
7.714361816406250000e+03 7.408503532409667969e+00 0.000000000000000000e+00
7.716136718750000000e+03 7.915303707122802734e+00 0.000000000000000000e+00
7.717916015625000000e+03 6.493306159973144531e+00 0.000000000000000000e+00
7.719691406250000000e+03 2.283237934112548828e+00 0.000000000000000000e+00
7.721471679687500000e+03 4.160803794860839844e+00 0.000000000000000000e+00
7.723248046875000000e+03 6.613353252410888672e+00 0.000000000000000000e+00
7.725024902343750000e+03 8.050205230712890625e+00 0.000000000000000000e+00
7.726806152343750000e+03 7.759188175201416016e+00 0.000000000000000000e+00
7.728583496093750000e+03 7.008685588836669922e+00 0.000000000000000000e+00
7.730365722656250000e+03 7.580530643463134766e+00 0.000000000000000000e+00
7.732144042968750000e+03 7.628837108612060547e+00 0.000000000000000000e+00
7.733927246093750000e+03 6.661430358886718750e+00 0.000000000000000000e+00
7.735706542968750000e+03 7.536198616027832031e+00 0.000000000000000000e+00
7.737485839843750000e+03 8.839699745178222656e+00 0.000000000000000000e+00
7.739270019531250000e+03 8.746973991394042969e+00 0.000000000000000000e+00
7.741050781250000000e+03 7.614757537841796875e+00 0.000000000000000000e+00
7.742835449218750000e+03 7.021112442016601562e+00 0.000000000000000000e+00
7.744616699218750000e+03 6.880280017852783203e+00 0.000000000000000000e+00
7.746402832031250000e+03 6.706723213195800781e+00 0.000000000000000000e+00
7.748185058593750000e+03 7.648839950561523438e+00 0.000000000000000000e+00
7.749967285156250000e+03 8.389449119567871094e+00 0.000000000000000000e+00
7.751754394531250000e+03 6.367269992828369141e+00 0.000000000000000000e+00
7.753537597656250000e+03 4.331403732299804688e+00 0.000000000000000000e+00
7.755325683593750000e+03 5.616752147674560547e+00 0.000000000000000000e+00
7.757109863281250000e+03 6.295868396759033203e+00 0.000000000000000000e+00
7.758898437500000000e+03 7.270514965057373047e+00 0.000000000000000000e+00
7.760683593750000000e+03 8.623207092285156250e+00 0.000000000000000000e+00
7.762468750000000000e+03 8.418623924255371094e+00 0.000000000000000000e+00
7.764258789062500000e+03 8.377356529235839844e+00 0.000000000000000000e+00
7.766044921875000000e+03 9.078500747680664062e+00 0.000000000000000000e+00
7.767835937500000000e+03 7.487888813018798828e+00 0.000000000000000000e+00
7.769622558593750000e+03 6.979542255401611328e+00 0.000000000000000000e+00
7.771414550781250000e+03 8.052550315856933594e+00 0.000000000000000000e+00
7.773202148437500000e+03 7.272709846496582031e+00 0.000000000000000000e+00
7.774990234375000000e+03 6.433867454528808594e+00 0.000000000000000000e+00
7.776783203125000000e+03 6.699622631072998047e+00 0.000000000000000000e+00
7.778572265625000000e+03 7.252583026885986328e+00 0.000000000000000000e+00
7.780366210937500000e+03 6.981693267822265625e+00 0.000000000000000000e+00
7.782155761718750000e+03 6.827535629272460938e+00 0.000000000000000000e+00
7.783950683593750000e+03 7.987873554229736328e+00 0.000000000000000000e+00
7.785741210937500000e+03 7.794562339782714844e+00 0.000000000000000000e+00
7.787532226562500000e+03 8.048214912414550781e+00 0.000000000000000000e+00
7.789328125000000000e+03 7.709957599639892578e+00 0.000000000000000000e+00
7.791120117187500000e+03 7.200765609741210938e+00 0.000000000000000000e+00
7.792916503906250000e+03 7.586710929870605469e+00 0.000000000000000000e+00
7.794709472656250000e+03 8.845649719238281250e+00 0.000000000000000000e+00
7.796506835937500000e+03 8.921411514282226562e+00 0.000000000000000000e+00
7.798300292968750000e+03 7.112946510314941406e+00 0.000000000000000000e+00
7.800094238281250000e+03 7.219463825225830078e+00 0.000000000000000000e+00
7.801893066406250000e+03 8.042442321777343750e+00 0.000000000000000000e+00
7.803687988281250000e+03 8.330591201782226562e+00 0.000000000000000000e+00
7.805487304687500000e+03 8.811113357543945312e+00 0.000000000000000000e+00
7.807283203125000000e+03 8.777841567993164062e+00 0.000000000000000000e+00
7.809083496093750000e+03 7.831487655639648438e+00 0.000000000000000000e+00
7.810879882812500000e+03 8.994334220886230469e+00 0.000000000000000000e+00
7.812681152343750000e+03 8.977024078369140625e+00 0.000000000000000000e+00
7.814478515625000000e+03 7.015563964843750000e+00 0.000000000000000000e+00
7.816275878906250000e+03 6.381814956665039062e+00 0.000000000000000000e+00
7.818078613281250000e+03 6.163567066192626953e+00 0.000000000000000000e+00
7.819876953125000000e+03 7.574305534362792969e+00 0.000000000000000000e+00
7.821680175781250000e+03 6.959285736083984375e+00 0.000000000000000000e+00
7.823479492187500000e+03 6.160326004028320312e+00 0.000000000000000000e+00
7.825283691406250000e+03 7.789608955383300781e+00 0.000000000000000000e+00
7.827083984375000000e+03 9.750714302062988281e+00 0.000000000000000000e+00
7.828884277343750000e+03 6.383892536163330078e+00 0.000000000000000000e+00
7.830689941406250000e+03 8.374985694885253906e+00 0.000000000000000000e+00
7.832491210937500000e+03 8.373082160949707031e+00 0.000000000000000000e+00
7.834297363281250000e+03 7.948240756988525391e+00 0.000000000000000000e+00
7.836099609375000000e+03 8.429124832153320312e+00 0.000000000000000000e+00
7.837906738281250000e+03 6.997167587280273438e+00 0.000000000000000000e+00
7.839709960937500000e+03 5.900697231292724609e+00 0.000000000000000000e+00
7.841513183593750000e+03 5.700032711029052734e+00 0.000000000000000000e+00
7.843321289062500000e+03 7.231990814208984375e+00 0.000000000000000000e+00
7.845125976562500000e+03 8.060692787170410156e+00 0.000000000000000000e+00
7.846935058593750000e+03 7.237916469573974609e+00 0.000000000000000000e+00
7.848740234375000000e+03 6.884098529815673828e+00 0.000000000000000000e+00
7.850549804687500000e+03 8.026635169982910156e+00 0.000000000000000000e+00
7.852355957031250000e+03 7.194341659545898438e+00 0.000000000000000000e+00
7.854162597656250000e+03 6.804489612579345703e+00 0.000000000000000000e+00
7.855973632812500000e+03 7.549994468688964844e+00 0.000000000000000000e+00
7.857780761718750000e+03 8.240904808044433594e+00 0.000000000000000000e+00
7.859592773437500000e+03 7.758957386016845703e+00 0.000000000000000000e+00
7.861400878906250000e+03 7.020231723785400391e+00 0.000000000000000000e+00
7.863213867187500000e+03 7.430720329284667969e+00 0.000000000000000000e+00
7.865022460937500000e+03 8.614894866943359375e+00 0.000000000000000000e+00
7.866832031250000000e+03 7.517267704010009766e+00 0.000000000000000000e+00
7.868645996093750000e+03 5.314544677734375000e+00 0.000000000000000000e+00
7.870456054687500000e+03 6.709850311279296875e+00 0.000000000000000000e+00
7.872270996093750000e+03 9.714375495910644531e+00 0.000000000000000000e+00
7.874082031250000000e+03 8.435379981994628906e+00 0.000000000000000000e+00
7.875897949218750000e+03 5.915790557861328125e+00 0.000000000000000000e+00
7.877709960937500000e+03 5.070696353912353516e+00 0.000000000000000000e+00
7.879521972656250000e+03 6.500193595886230469e+00 0.000000000000000000e+00
7.881338867187500000e+03 7.881527423858642578e+00 0.000000000000000000e+00
7.883151855468750000e+03 5.209374427795410156e+00 0.000000000000000000e+00
7.884969726562500000e+03 5.425589561462402344e+00 0.000000000000000000e+00
7.886783691406250000e+03 6.185619354248046875e+00 0.000000000000000000e+00
7.888602539062500000e+03 5.645875930786132812e+00 0.000000000000000000e+00
7.890417480468750000e+03 6.205488204956054688e+00 0.000000000000000000e+00
7.892232421875000000e+03 9.093460083007812500e+00 0.000000000000000000e+00
7.894052246093750000e+03 6.190489292144775391e+00 0.000000000000000000e+00
7.895868652343750000e+03 6.646195888519287109e+00 0.000000000000000000e+00
7.897688964843750000e+03 7.921617984771728516e+00 0.000000000000000000e+00
7.899505859375000000e+03 6.869130134582519531e+00 0.000000000000000000e+00
7.901327636718750000e+03 5.347523689270019531e+00 0.000000000000000000e+00
7.903145507812500000e+03 6.677667617797851562e+00 0.000000000000000000e+00
7.904963378906250000e+03 6.601181030273437500e+00 0.000000000000000000e+00
7.906786132812500000e+03 5.526332855224609375e+00 0.000000000000000000e+00
7.908605468750000000e+03 5.490469932556152344e+00 0.000000000000000000e+00
7.910429199218750000e+03 5.816901206970214844e+00 0.000000000000000000e+00
7.912248535156250000e+03 6.446479797363281250e+00 0.000000000000000000e+00
7.914073242187500000e+03 7.752240657806396484e+00 0.000000000000000000e+00
7.915894042968750000e+03 6.563153743743896484e+00 0.000000000000000000e+00
7.917714843750000000e+03 6.541165351867675781e+00 0.000000000000000000e+00
7.919540527343750000e+03 7.497220039367675781e+00 0.000000000000000000e+00
7.921362792968750000e+03 6.343585014343261719e+00 0.000000000000000000e+00
7.923189453125000000e+03 4.761116027832031250e+00 0.000000000000000000e+00
7.925012207031250000e+03 6.648412227630615234e+00 0.000000000000000000e+00
7.926839355468750000e+03 6.075524330139160156e+00 0.000000000000000000e+00
7.928663085937500000e+03 6.651984691619873047e+00 0.000000000000000000e+00
7.930486816406250000e+03 6.063602924346923828e+00 0.000000000000000000e+00
7.932315917968750000e+03 6.083187580108642578e+00 0.000000000000000000e+00
7.934140625000000000e+03 6.835869789123535156e+00 0.000000000000000000e+00
7.935970214843750000e+03 6.221681594848632812e+00 0.000000000000000000e+00
7.937795898437500000e+03 7.736394882202148438e+00 0.000000000000000000e+00
7.939626464843750000e+03 8.165366172790527344e+00 0.000000000000000000e+00
7.941452636718750000e+03 7.306428909301757812e+00 0.000000000000000000e+00
7.943284179687500000e+03 6.720845699310302734e+00 0.000000000000000000e+00
7.945111328125000000e+03 6.911089897155761719e+00 0.000000000000000000e+00
7.946938964843750000e+03 6.627904891967773438e+00 0.000000000000000000e+00
7.948771972656250000e+03 5.255550861358642578e+00 0.000000000000000000e+00
7.950600585937500000e+03 6.134451389312744141e+00 0.000000000000000000e+00
7.952433593750000000e+03 5.430034160614013672e+00 0.000000000000000000e+00
7.954263183593750000e+03 4.923667430877685547e+00 0.000000000000000000e+00
7.956097656250000000e+03 5.974439144134521484e+00 0.000000000000000000e+00
7.957927734375000000e+03 6.587012767791748047e+00 0.000000000000000000e+00
7.959758300781250000e+03 7.001248836517333984e+00 0.000000000000000000e+00
7.961593750000000000e+03 5.913318157196044922e+00 0.000000000000000000e+00
7.963425292968750000e+03 7.173850536346435547e+00 0.000000000000000000e+00
7.965261718750000000e+03 7.039264678955078125e+00 0.000000000000000000e+00
7.967094238281250000e+03 5.459352493286132812e+00 0.000000000000000000e+00
7.968931640625000000e+03 7.278644084930419922e+00 0.000000000000000000e+00
7.970764648437500000e+03 7.245685577392578125e+00 0.000000000000000000e+00
7.972598144531250000e+03 6.977355003356933594e+00 0.000000000000000000e+00
7.974437011718750000e+03 7.578668117523193359e+00 0.000000000000000000e+00
7.976271484375000000e+03 7.111464500427246094e+00 0.000000000000000000e+00
7.978110839843750000e+03 6.043580055236816406e+00 0.000000000000000000e+00
7.979945800781250000e+03 7.137264728546142578e+00 0.000000000000000000e+00
7.981786132812500000e+03 7.802872657775878906e+00 0.000000000000000000e+00
7.983622558593750000e+03 7.450002670288085938e+00 0.000000000000000000e+00
7.985458984375000000e+03 6.084286689758300781e+00 0.000000000000000000e+00
7.987300292968750000e+03 6.035129070281982422e+00 0.000000000000000000e+00
7.989137695312500000e+03 6.397628784179687500e+00 0.000000000000000000e+00
7.990979980468750000e+03 4.771002769470214844e+00 0.000000000000000000e+00
7.992818359375000000e+03 6.848956108093261719e+00 0.000000000000000000e+00
7.994661621093750000e+03 7.466734409332275391e+00 0.000000000000000000e+00
7.996500488281250000e+03 6.940112113952636719e+00 0.000000000000000000e+00
7.998340332031250000e+03 6.522657394409179688e+00 0.000000000000000000e+00
8.000184570312500000e+03 6.424552440643310547e+00 0.000000000000000000e+00
8.002024902343750000e+03 6.591544151306152344e+00 0.000000000000000000e+00
8.003870605468750000e+03 8.092945098876953125e+00 0.000000000000000000e+00
8.005711425781250000e+03 7.087291717529296875e+00 0.000000000000000000e+00
8.007557617187500000e+03 6.504105091094970703e+00 0.000000000000000000e+00
8.009399902343750000e+03 6.309927463531494141e+00 0.000000000000000000e+00
8.011242675781250000e+03 6.528756618499755859e+00 0.000000000000000000e+00
8.013089843750000000e+03 7.651622295379638672e+00 0.000000000000000000e+00
8.014933105468750000e+03 5.723624229431152344e+00 0.000000000000000000e+00
8.016781250000000000e+03 6.353462219238281250e+00 0.000000000000000000e+00
8.018625488281250000e+03 7.902193546295166016e+00 0.000000000000000000e+00
8.020474609375000000e+03 7.208148002624511719e+00 0.000000000000000000e+00
8.022319824218750000e+03 6.079320907592773438e+00 0.000000000000000000e+00
8.024165527343750000e+03 8.290560722351074219e+00 0.000000000000000000e+00
8.026015625000000000e+03 7.978519439697265625e+00 0.000000000000000000e+00
8.027862304687500000e+03 7.278825283050537109e+00 0.000000000000000000e+00
8.029713378906250000e+03 6.678430080413818359e+00 0.000000000000000000e+00
8.031560546875000000e+03 6.581349372863769531e+00 0.000000000000000000e+00
8.033412597656250000e+03 6.501693248748779297e+00 0.000000000000000000e+00
8.035260742187500000e+03 5.996231555938720703e+00 0.000000000000000000e+00
8.037109375000000000e+03 7.554556846618652344e+00 0.000000000000000000e+00
8.038962402343750000e+03 7.607566356658935547e+00 0.000000000000000000e+00
8.040812011718750000e+03 6.331277370452880859e+00 0.000000000000000000e+00
8.042666015625000000e+03 5.835853576660156250e+00 0.000000000000000000e+00
8.044516113281250000e+03 6.917554855346679688e+00 0.000000000000000000e+00
8.046371093750000000e+03 7.839525699615478516e+00 0.000000000000000000e+00
8.048222167968750000e+03 6.666918277740478516e+00 0.000000000000000000e+00
8.050073730468750000e+03 7.055005073547363281e+00 0.000000000000000000e+00
8.051930175781250000e+03 6.465038776397705078e+00 0.000000000000000000e+00
8.053782714843750000e+03 6.437953948974609375e+00 0.000000000000000000e+00
8.055639648437500000e+03 6.802159309387207031e+00 0.000000000000000000e+00
8.057492675781250000e+03 5.190998554229736328e+00 0.000000000000000000e+00
8.059351074218750000e+03 6.538111686706542969e+00 0.000000000000000000e+00
8.061205078125000000e+03 4.869565486907958984e+00 0.000000000000000000e+00
8.063059570312500000e+03 7.239278793334960938e+00 0.000000000000000000e+00
8.064918945312500000e+03 8.376578330993652344e+00 0.000000000000000000e+00
8.066773925781250000e+03 5.808011054992675781e+00 0.000000000000000000e+00
8.068634277343750000e+03 6.241878986358642578e+00 0.000000000000000000e+00
8.070490234375000000e+03 6.816715717315673828e+00 0.000000000000000000e+00
8.072351562500000000e+03 7.500318527221679688e+00 0.000000000000000000e+00
8.074208496093750000e+03 7.770459651947021484e+00 0.000000000000000000e+00
8.076065917968750000e+03 6.687600612640380859e+00 0.000000000000000000e+00
8.077928222656250000e+03 5.715136051177978516e+00 0.000000000000000000e+00
8.079786621093750000e+03 6.856186389923095703e+00 0.000000000000000000e+00
8.081649902343750000e+03 5.799817085266113281e+00 0.000000000000000000e+00
8.083508789062500000e+03 6.539857864379882812e+00 0.000000000000000000e+00
8.085373046875000000e+03 7.967538833618164062e+00 0.000000000000000000e+00
8.087232910156250000e+03 7.214306831359863281e+00 0.000000000000000000e+00
8.089098144531250000e+03 6.032232284545898438e+00 0.000000000000000000e+00
8.090958984375000000e+03 7.895544052124023438e+00 0.000000000000000000e+00
8.092820312500000000e+03 5.901650428771972656e+00 0.000000000000000000e+00
8.094686523437500000e+03 7.307487964630126953e+00 0.000000000000000000e+00
8.096548339843750000e+03 7.604275703430175781e+00 0.000000000000000000e+00
8.098415527343750000e+03 6.875238895416259766e+00 0.000000000000000000e+00
8.100278808593750000e+03 7.235430240631103516e+00 0.000000000000000000e+00
8.102146484375000000e+03 8.042468070983886719e+00 0.000000000000000000e+00
8.104010253906250000e+03 7.227794647216796875e+00 0.000000000000000000e+00
8.105874511718750000e+03 6.072243690490722656e+00 0.000000000000000000e+00
8.107744140625000000e+03 6.437654495239257812e+00 0.000000000000000000e+00
8.109608886718750000e+03 6.375674247741699219e+00 0.000000000000000000e+00
8.111479003906250000e+03 5.733299255371093750e+00 0.000000000000000000e+00
8.113345214843750000e+03 6.996176719665527344e+00 0.000000000000000000e+00
8.115216308593750000e+03 7.187585830688476562e+00 0.000000000000000000e+00
8.117083007812500000e+03 7.214835166931152344e+00 0.000000000000000000e+00
8.118950195312500000e+03 7.106028556823730469e+00 0.000000000000000000e+00
8.120822753906250000e+03 7.832417964935302734e+00 0.000000000000000000e+00
8.122690917968750000e+03 8.430170059204101562e+00 0.000000000000000000e+00
8.124563964843750000e+03 6.822893142700195312e+00 0.000000000000000000e+00
8.126432617187500000e+03 6.698263645172119141e+00 0.000000000000000000e+00
8.128306640625000000e+03 7.628241539001464844e+00 0.000000000000000000e+00
8.130176757812500000e+03 7.585189819335937500e+00 0.000000000000000000e+00
8.132046875000000000e+03 7.408182144165039062e+00 0.000000000000000000e+00
8.133922363281250000e+03 7.906824588775634766e+00 0.000000000000000000e+00
8.135793457031250000e+03 8.005133628845214844e+00 0.000000000000000000e+00
8.137669433593750000e+03 7.491682529449462891e+00 0.000000000000000000e+00
8.139541503906250000e+03 8.866888999938964844e+00 0.000000000000000000e+00
8.141418457031250000e+03 8.463437080383300781e+00 0.000000000000000000e+00
8.143291503906250000e+03 6.470761299133300781e+00 0.000000000000000000e+00
8.145165039062500000e+03 5.395749568939208984e+00 0.000000000000000000e+00
8.147042968750000000e+03 6.248381614685058594e+00 0.000000000000000000e+00
8.148917480468750000e+03 7.116456985473632812e+00 0.000000000000000000e+00
8.150796386718750000e+03 7.792726516723632812e+00 0.000000000000000000e+00
8.152671386718750000e+03 7.441854000091552734e+00 0.000000000000000000e+00
8.154551269531250000e+03 7.401452541351318359e+00 0.000000000000000000e+00
8.156427246093750000e+03 8.372440338134765625e+00 0.000000000000000000e+00
8.158303710937500000e+03 8.666452407836914062e+00 0.000000000000000000e+00
8.160185058593750000e+03 7.190803050994873047e+00 0.000000000000000000e+00
8.162062500000000000e+03 7.269238471984863281e+00 0.000000000000000000e+00
8.163944335937500000e+03 7.006084442138671875e+00 0.000000000000000000e+00
8.165822753906250000e+03 7.374081134796142578e+00 0.000000000000000000e+00
8.167705566406250000e+03 8.565318107604980469e+00 0.000000000000000000e+00
8.169584472656250000e+03 8.411831855773925781e+00 0.000000000000000000e+00
8.171463867187500000e+03 8.597712516784667969e+00 0.000000000000000000e+00
8.173348144531250000e+03 7.706630706787109375e+00 0.000000000000000000e+00
8.175228515625000000e+03 8.306419372558593750e+00 0.000000000000000000e+00
8.177113769531250000e+03 8.025365829467773438e+00 0.000000000000000000e+00
8.178995117187500000e+03 6.769381046295166016e+00 0.000000000000000000e+00
8.180880859375000000e+03 8.221859931945800781e+00 0.000000000000000000e+00
8.182763183593750000e+03 7.458775520324707031e+00 0.000000000000000000e+00
8.184645507812500000e+03 6.945157051086425781e+00 0.000000000000000000e+00
8.186532714843750000e+03 7.965158462524414062e+00 0.000000000000000000e+00
8.188416015625000000e+03 7.911375999450683594e+00 0.000000000000000000e+00
8.190304199218750000e+03 6.200687885284423828e+00 0.000000000000000000e+00
8.192188476562500000e+03 6.263281345367431641e+00 0.000000000000000000e+00
8.194077148437500000e+03 8.066549301147460938e+00 0.000000000000000000e+00
8.195962890625000000e+03 8.790733337402343750e+00 0.000000000000000000e+00
8.197847656250000000e+03 8.334667205810546875e+00 0.000000000000000000e+00
8.199738281250000000e+03 7.898932456970214844e+00 0.000000000000000000e+00
8.201625000000000000e+03 8.154263496398925781e+00 0.000000000000000000e+00
8.203515625000000000e+03 8.507139205932617188e+00 0.000000000000000000e+00
8.205403320312500000e+03 8.129683494567871094e+00 0.000000000000000000e+00
8.207295898437500000e+03 8.278132438659667969e+00 0.000000000000000000e+00
8.209183593750000000e+03 7.943045616149902344e+00 0.000000000000000000e+00
8.211072265625000000e+03 8.053169250488281250e+00 0.000000000000000000e+00
8.212965820312500000e+03 8.286356925964355469e+00 0.000000000000000000e+00
8.214854492187500000e+03 6.917919158935546875e+00 0.000000000000000000e+00
8.216749023437500000e+03 7.553207397460937500e+00 0.000000000000000000e+00
8.218639648437500000e+03 7.476118087768554688e+00 0.000000000000000000e+00
8.220534179687500000e+03 7.431370258331298828e+00 0.000000000000000000e+00
8.222425781250000000e+03 7.419366836547851562e+00 0.000000000000000000e+00
8.224317382812500000e+03 7.488634586334228516e+00 0.000000000000000000e+00
8.226213867187500000e+03 8.092693328857421875e+00 0.000000000000000000e+00
8.228106445312500000e+03 7.542149066925048828e+00 0.000000000000000000e+00
8.230003906250000000e+03 7.929127693176269531e+00 0.000000000000000000e+00
8.231896484375000000e+03 7.267568111419677734e+00 0.000000000000000000e+00
8.233794921875000000e+03 7.037686347961425781e+00 0.000000000000000000e+00
8.235689453125000000e+03 8.367488861083984375e+00 0.000000000000000000e+00
8.237588867187500000e+03 8.935747146606445312e+00 0.000000000000000000e+00
8.239483398437500000e+03 7.780982017517089844e+00 0.000000000000000000e+00
8.241378906250000000e+03 7.655466556549072266e+00 0.000000000000000000e+00
8.243279296875000000e+03 7.821058273315429688e+00 0.000000000000000000e+00
8.245175781250000000e+03 7.466695785522460938e+00 0.000000000000000000e+00
8.247077148437500000e+03 6.855177402496337891e+00 0.000000000000000000e+00
8.248974609375000000e+03 6.930791854858398438e+00 0.000000000000000000e+00
8.250876953125000000e+03 7.733888149261474609e+00 0.000000000000000000e+00
8.252774414062500000e+03 6.708861827850341797e+00 0.000000000000000000e+00
8.254672851562500000e+03 6.734483718872070312e+00 0.000000000000000000e+00
8.256577148437500000e+03 7.500792980194091797e+00 0.000000000000000000e+00
8.258476562500000000e+03 7.632044792175292969e+00 0.000000000000000000e+00
8.260380859375000000e+03 7.487529277801513672e+00 0.000000000000000000e+00
8.262281250000000000e+03 7.184416770935058594e+00 0.000000000000000000e+00
8.264186523437500000e+03 7.514375686645507812e+00 0.000000000000000000e+00
8.266086914062500000e+03 7.349390983581542969e+00 0.000000000000000000e+00
8.267989257812500000e+03 6.818628311157226562e+00 0.000000000000000000e+00
8.269895507812500000e+03 6.830836296081542969e+00 0.000000000000000000e+00
8.271797851562500000e+03 7.656405925750732422e+00 0.000000000000000000e+00
8.273705078125000000e+03 8.147634506225585938e+00 0.000000000000000000e+00
8.275608398437500000e+03 7.082839488983154297e+00 0.000000000000000000e+00
8.277516601562500000e+03 7.592703819274902344e+00 0.000000000000000000e+00
8.279420898437500000e+03 7.572391986846923828e+00 0.000000000000000000e+00
8.281326171875000000e+03 5.694885730743408203e+00 0.000000000000000000e+00
8.283235351562500000e+03 5.385589122772216797e+00 0.000000000000000000e+00
8.285141601562500000e+03 6.458484649658203125e+00 0.000000000000000000e+00
8.287051757812500000e+03 6.484556198120117188e+00 0.000000000000000000e+00
8.288958007812500000e+03 8.236481666564941406e+00 0.000000000000000000e+00
8.290869140625000000e+03 1.055897617340087891e+01 0.000000000000000000e+00
8.292777343750000000e+03 9.456281661987304688e+00 0.000000000000000000e+00
8.294684570312500000e+03 5.050714015960693359e+00 0.000000000000000000e+00
8.296597656250000000e+03 7.836806774139404297e+00 0.000000000000000000e+00
8.298505859375000000e+03 7.272387027740478516e+00 0.000000000000000000e+00
8.300419921875000000e+03 8.113072395324707031e+00 0.000000000000000000e+00
8.302329101562500000e+03 9.423472404479980469e+00 0.000000000000000000e+00
8.304243164062500000e+03 8.490199089050292969e+00 0.000000000000000000e+00
8.306154296875000000e+03 7.512783050537109375e+00 0.000000000000000000e+00
8.308064453125000000e+03 7.601344585418701172e+00 0.000000000000000000e+00
8.309980468750000000e+03 7.180521011352539062e+00 0.000000000000000000e+00
8.311892578125000000e+03 8.436618804931640625e+00 0.000000000000000000e+00
8.313808593750000000e+03 8.871035575866699219e+00 0.000000000000000000e+00
8.315721679687500000e+03 7.589401721954345703e+00 0.000000000000000000e+00
8.317639648437500000e+03 8.465473175048828125e+00 0.000000000000000000e+00
8.319552734375000000e+03 9.315536499023437500e+00 0.000000000000000000e+00
8.321466796875000000e+03 9.052002906799316406e+00 0.000000000000000000e+00
8.323385742187500000e+03 8.590766906738281250e+00 0.000000000000000000e+00
8.325299804687500000e+03 9.084298133850097656e+00 0.000000000000000000e+00
8.327219726562500000e+03 1.006989955902099609e+01 0.000000000000000000e+00
8.329135742187500000e+03 9.919426918029785156e+00 0.000000000000000000e+00
8.331056640625000000e+03 9.834854125976562500e+00 0.000000000000000000e+00
8.332972656250000000e+03 9.049600601196289062e+00 0.000000000000000000e+00
8.334889648437500000e+03 8.085519790649414062e+00 0.000000000000000000e+00
8.336811523437500000e+03 8.692111015319824219e+00 0.000000000000000000e+00
8.338729492187500000e+03 1.021465587615966797e+01 0.000000000000000000e+00
8.340652343750000000e+03 9.696764945983886719e+00 0.000000000000000000e+00
8.342571289062500000e+03 1.007363891601562500e+01 0.000000000000000000e+00
8.344495117187500000e+03 1.366263580322265625e+01 0.000000000000000000e+00
8.346415039062500000e+03 1.365877819061279297e+01 0.000000000000000000e+00
8.348334960937500000e+03 8.703946113586425781e+00 0.000000000000000000e+00
8.350259765625000000e+03 4.771038055419921875e+00 0.000000000000000000e+00
8.352180664062500000e+03 8.431732177734375000e+00 0.000000000000000000e+00
8.354107421875000000e+03 1.358033275604248047e+01 0.000000000000000000e+00
8.356029296875000000e+03 1.264873695373535156e+01 0.000000000000000000e+00
8.357956054687500000e+03 9.428720474243164062e+00 0.000000000000000000e+00
8.359878906250000000e+03 8.916821479797363281e+00 0.000000000000000000e+00
8.361801757812500000e+03 1.082095432281494141e+01 0.000000000000000000e+00
8.363729492187500000e+03 1.088443756103515625e+01 0.000000000000000000e+00
8.365654296875000000e+03 1.180649471282958984e+01 0.000000000000000000e+00
8.367583007812500000e+03 1.208822917938232422e+01 0.000000000000000000e+00
8.369507812500000000e+03 1.088998794555664062e+01 0.000000000000000000e+00
8.371437500000000000e+03 1.021526622772216797e+01 0.000000000000000000e+00
8.373364257812500000e+03 1.049486446380615234e+01 0.000000000000000000e+00
8.375290039062500000e+03 9.156504631042480469e+00 0.000000000000000000e+00
8.377221679687500000e+03 8.109883308410644531e+00 0.000000000000000000e+00
8.379148437500000000e+03 8.570459365844726562e+00 0.000000000000000000e+00
8.381081054687500000e+03 9.456580162048339844e+00 0.000000000000000000e+00
8.383008789062500000e+03 9.239768981933593750e+00 0.000000000000000000e+00
8.384942382812500000e+03 8.665174484252929688e+00 0.000000000000000000e+00
8.386871093750000000e+03 9.851659774780273438e+00 0.000000000000000000e+00
8.388804687500000000e+03 9.429684638977050781e+00 0.000000000000000000e+00
8.390734375000000000e+03 9.213095664978027344e+00 0.000000000000000000e+00
8.392665039062500000e+03 8.126490592956542969e+00 0.000000000000000000e+00
8.394600585937500000e+03 7.783102512359619141e+00 0.000000000000000000e+00
8.396531250000000000e+03 8.858781814575195312e+00 0.000000000000000000e+00
8.398467773437500000e+03 8.406332969665527344e+00 0.000000000000000000e+00
8.400399414062500000e+03 6.894939422607421875e+00 0.000000000000000000e+00
8.402336914062500000e+03 9.923396110534667969e+00 0.000000000000000000e+00
8.404269531250000000e+03 9.779031753540039062e+00 0.000000000000000000e+00
8.406203125000000000e+03 7.817085266113281250e+00 0.000000000000000000e+00
8.408141601562500000e+03 7.642073631286621094e+00 0.000000000000000000e+00
8.410076171875000000e+03 6.842464447021484375e+00 0.000000000000000000e+00
8.412015625000000000e+03 7.296049118041992188e+00 0.000000000000000000e+00
8.413950195312500000e+03 6.899638175964355469e+00 0.000000000000000000e+00
8.415890625000000000e+03 6.818084239959716797e+00 0.000000000000000000e+00
8.417827148437500000e+03 6.370037555694580078e+00 0.000000000000000000e+00
8.419763671875000000e+03 5.369046688079833984e+00 0.000000000000000000e+00
8.421705078125000000e+03 6.066618919372558594e+00 0.000000000000000000e+00
8.423642578125000000e+03 7.706206321716308594e+00 0.000000000000000000e+00
8.425584960937500000e+03 5.841855049133300781e+00 0.000000000000000000e+00
8.427523437500000000e+03 6.524702548980712891e+00 0.000000000000000000e+00
8.429466796875000000e+03 5.698386192321777344e+00 0.000000000000000000e+00
8.431405273437500000e+03 3.295856237411499023e+00 0.000000000000000000e+00
8.433345703125000000e+03 8.711992263793945312e+00 0.000000000000000000e+00
8.435290039062500000e+03 7.392713546752929688e+00 0.000000000000000000e+00
8.437230468750000000e+03 6.130842685699462891e+00 0.000000000000000000e+00
8.439175781250000000e+03 6.253334522247314453e+00 0.000000000000000000e+00
8.441117187500000000e+03 6.828900814056396484e+00 0.000000000000000000e+00
8.443064453125000000e+03 6.989684104919433594e+00 0.000000000000000000e+00
8.445005859375000000e+03 6.287468910217285156e+00 0.000000000000000000e+00
8.446949218750000000e+03 5.302769184112548828e+00 0.000000000000000000e+00
8.448896484375000000e+03 7.023929595947265625e+00 0.000000000000000000e+00
8.450840820312500000e+03 7.594543457031250000e+00 0.000000000000000000e+00
8.452789062500000000e+03 6.871989727020263672e+00 0.000000000000000000e+00
8.454734375000000000e+03 6.840584278106689453e+00 0.000000000000000000e+00
8.456683593750000000e+03 7.443690776824951172e+00 0.000000000000000000e+00
8.458628906250000000e+03 7.664953708648681641e+00 0.000000000000000000e+00
8.460575195312500000e+03 6.762419223785400391e+00 0.000000000000000000e+00
8.462525390625000000e+03 7.315930366516113281e+00 0.000000000000000000e+00
8.464472656250000000e+03 8.899364471435546875e+00 0.000000000000000000e+00
8.466424804687500000e+03 9.134173393249511719e+00 0.000000000000000000e+00
8.468372070312500000e+03 9.368982315063476562e+00 0.000000000000000000e+00
8.470325195312500000e+03 5.009985446929931641e+00 0.000000000000000000e+00
8.472273437500000000e+03 6.080317020416259766e+00 0.000000000000000000e+00
8.474222656250000000e+03 7.210361957550048828e+00 0.000000000000000000e+00
8.476176757812500000e+03 7.271695137023925781e+00 0.000000000000000000e+00
8.478126953125000000e+03 7.325281620025634766e+00 0.000000000000000000e+00
8.480082031250000000e+03 5.887121677398681641e+00 0.000000000000000000e+00
8.482032226562500000e+03 7.160754680633544922e+00 0.000000000000000000e+00
8.483988281250000000e+03 7.441665649414062500e+00 0.000000000000000000e+00
8.485940429687500000e+03 6.894811153411865234e+00 0.000000000000000000e+00
8.487892578125000000e+03 6.695339679718017578e+00 0.000000000000000000e+00
8.489849609375000000e+03 7.007966995239257812e+00 0.000000000000000000e+00
8.491802734375000000e+03 6.963303565979003906e+00 0.000000000000000000e+00
8.493760742187500000e+03 6.572599411010742188e+00 0.000000000000000000e+00
8.495714843750000000e+03 5.448525428771972656e+00 0.000000000000000000e+00
8.497673828125000000e+03 6.727220058441162109e+00 0.000000000000000000e+00
8.499628906250000000e+03 8.140860557556152344e+00 0.000000000000000000e+00
8.501583984375000000e+03 6.930324077606201172e+00 0.000000000000000000e+00
8.503544921875000000e+03 5.631057739257812500e+00 0.000000000000000000e+00
8.505500976562500000e+03 6.574655532836914062e+00 0.000000000000000000e+00
8.507461914062500000e+03 8.039937019348144531e+00 0.000000000000000000e+00
8.509419921875000000e+03 7.102561950683593750e+00 0.000000000000000000e+00
8.511381835937500000e+03 6.024301052093505859e+00 0.000000000000000000e+00
8.513339843750000000e+03 6.887424945831298828e+00 0.000000000000000000e+00
8.515297851562500000e+03 7.156158447265625000e+00 0.000000000000000000e+00
8.517261718750000000e+03 7.118330478668212891e+00 0.000000000000000000e+00
8.519221679687500000e+03 7.521876811981201172e+00 0.000000000000000000e+00
8.521185546875000000e+03 6.668539524078369141e+00 0.000000000000000000e+00
8.523146484375000000e+03 6.051783561706542969e+00 0.000000000000000000e+00
8.525111328125000000e+03 6.835920333862304688e+00 0.000000000000000000e+00
8.527072265625000000e+03 6.907067775726318359e+00 0.000000000000000000e+00
8.529034179687500000e+03 7.368759632110595703e+00 0.000000000000000000e+00
8.531000976562500000e+03 7.171195030212402344e+00 0.000000000000000000e+00
8.532963867187500000e+03 7.033050060272216797e+00 0.000000000000000000e+00
8.534931640625000000e+03 7.429516315460205078e+00 0.000000000000000000e+00
8.536894531250000000e+03 7.423816680908203125e+00 0.000000000000000000e+00
8.538863281250000000e+03 5.659106254577636719e+00 0.000000000000000000e+00
8.540828125000000000e+03 4.441450119018554688e+00 0.000000000000000000e+00
8.542796875000000000e+03 5.330357551574707031e+00 0.000000000000000000e+00
8.544762695312500000e+03 6.359058856964111328e+00 0.000000000000000000e+00
8.546728515625000000e+03 6.523970127105712891e+00 0.000000000000000000e+00
8.548699218750000000e+03 6.639250755310058594e+00 0.000000000000000000e+00
8.550666015625000000e+03 7.501457691192626953e+00 0.000000000000000000e+00
8.552637695312500000e+03 6.701707839965820312e+00 0.000000000000000000e+00
8.554604492187500000e+03 6.524827003479003906e+00 0.000000000000000000e+00
8.556577148437500000e+03 6.347946166992187500e+00 0.000000000000000000e+00
8.558545898437500000e+03 6.171064853668212891e+00 0.000000000000000000e+00
8.560514648437500000e+03 5.994184017181396484e+00 0.000000000000000000e+00
8.562489257812500000e+03 5.817303180694580078e+00 0.000000000000000000e+00
8.564458984375000000e+03 5.640421867370605469e+00 0.000000000000000000e+00
8.566433593750000000e+03 5.463541030883789062e+00 0.000000000000000000e+00
8.568404296875000000e+03 5.286660194396972656e+00 0.000000000000000000e+00
8.570379882812500000e+03 7.783916950225830078e+00 0.000000000000000000e+00
8.572351562500000000e+03 6.999912261962890625e+00 0.000000000000000000e+00
8.574324218750000000e+03 6.180951118469238281e+00 0.000000000000000000e+00
8.576300781250000000e+03 6.470011234283447266e+00 0.000000000000000000e+00
8.578274414062500000e+03 6.117988109588623047e+00 0.000000000000000000e+00
8.580251953125000000e+03 5.980293273925781250e+00 0.000000000000000000e+00
8.582225585937500000e+03 6.699294567108154297e+00 0.000000000000000000e+00
8.584205078125000000e+03 6.219516277313232422e+00 0.000000000000000000e+00
8.586179687500000000e+03 6.757473945617675781e+00 0.000000000000000000e+00
8.588155273437500000e+03 7.477259635925292969e+00 0.000000000000000000e+00
8.590135742187500000e+03 7.600281715393066406e+00 0.000000000000000000e+00
8.592111328125000000e+03 7.228102684020996094e+00 0.000000000000000000e+00
8.594092773437500000e+03 6.980078220367431641e+00 0.000000000000000000e+00
8.596070312500000000e+03 5.256141185760498047e+00 0.000000000000000000e+00
8.598052734375000000e+03 5.082268714904785156e+00 0.000000000000000000e+00
8.600030273437500000e+03 5.856298446655273438e+00 0.000000000000000000e+00
8.602008789062500000e+03 5.823279857635498047e+00 0.000000000000000000e+00
8.603992187500000000e+03 5.769983291625976562e+00 0.000000000000000000e+00
8.605971679687500000e+03 7.127605438232421875e+00 0.000000000000000000e+00
8.607956054687500000e+03 6.074507713317871094e+00 0.000000000000000000e+00
8.609936523437500000e+03 5.266685485839843750e+00 0.000000000000000000e+00
8.611921875000000000e+03 6.329135894775390625e+00 0.000000000000000000e+00
8.613903320312500000e+03 3.947010040283203125e+00 0.000000000000000000e+00
8.615884765625000000e+03 5.356998443603515625e+00 0.000000000000000000e+00
8.617871093750000000e+03 5.486311912536621094e+00 0.000000000000000000e+00
8.619853515625000000e+03 5.281575679779052734e+00 0.000000000000000000e+00
8.621841796875000000e+03 6.936166286468505859e+00 0.000000000000000000e+00
8.623825195312500000e+03 6.615912437438964844e+00 0.000000000000000000e+00
8.625813476562500000e+03 6.295658111572265625e+00 0.000000000000000000e+00
8.627797851562500000e+03 5.975404262542724609e+00 0.000000000000000000e+00
8.629783203125000000e+03 5.655150413513183594e+00 0.000000000000000000e+00
8.631772460937500000e+03 5.334896087646484375e+00 0.000000000000000000e+00
8.633758789062500000e+03 5.014642238616943359e+00 0.000000000000000000e+00
8.635750000000000000e+03 4.694388389587402344e+00 0.000000000000000000e+00
8.637736328125000000e+03 4.374134063720703125e+00 0.000000000000000000e+00
8.639728515625000000e+03 2.359602689743041992e+00 0.000000000000000000e+00
8.641715820312500000e+03 2.240901470184326172e+00 0.000000000000000000e+00
8.643704101562500000e+03 6.437020301818847656e+00 0.000000000000000000e+00
8.645697265625000000e+03 6.929457187652587891e+00 0.000000000000000000e+00
8.647685546875000000e+03 4.935366153717041016e+00 0.000000000000000000e+00
8.649679687500000000e+03 4.617079257965087891e+00 0.000000000000000000e+00
8.651669921875000000e+03 6.095827102661132812e+00 0.000000000000000000e+00
8.653665039062500000e+03 4.739978790283203125e+00 0.000000000000000000e+00
8.655655273437500000e+03 6.679711818695068359e+00 0.000000000000000000e+00
8.657646484375000000e+03 5.921986103057861328e+00 0.000000000000000000e+00
8.659643554687500000e+03 6.325631618499755859e+00 0.000000000000000000e+00
8.661635742187500000e+03 7.076616287231445312e+00 0.000000000000000000e+00
8.663632812500000000e+03 3.699881076812744141e+00 0.000000000000000000e+00
8.665625976562500000e+03 9.478426575660705566e-01 0.000000000000000000e+00
8.667624023437500000e+03 6.279772758483886719e+00 0.000000000000000000e+00
8.669618164062500000e+03 7.340183734893798828e+00 0.000000000000000000e+00
8.671612304687500000e+03 5.489611148834228516e+00 0.000000000000000000e+00
8.673612304687500000e+03 5.694694519042968750e+00 0.000000000000000000e+00
8.675607421875000000e+03 7.722255229949951172e+00 0.000000000000000000e+00
8.677608398437500000e+03 6.886224269866943359e+00 0.000000000000000000e+00
8.679604492187500000e+03 4.514564514160156250e+00 0.000000000000000000e+00
8.681605468750000000e+03 4.197425842285156250e+00 0.000000000000000000e+00
8.683602539062500000e+03 4.920890808105468750e+00 0.000000000000000000e+00
8.685600585937500000e+03 5.545150279998779297e+00 0.000000000000000000e+00
8.687603515625000000e+03 6.713466644287109375e+00 0.000000000000000000e+00
8.689602539062500000e+03 7.102920055389404297e+00 0.000000000000000000e+00
8.691605468750000000e+03 5.770239353179931641e+00 0.000000000000000000e+00
8.693605468750000000e+03 5.861823081970214844e+00 0.000000000000000000e+00
8.695610351562500000e+03 6.173358917236328125e+00 0.000000000000000000e+00
8.697610351562500000e+03 5.528365135192871094e+00 0.000000000000000000e+00
8.699616210937500000e+03 5.791374683380126953e+00 0.000000000000000000e+00
8.701617187500000000e+03 6.076725482940673828e+00 0.000000000000000000e+00
8.703619140625000000e+03 6.033176422119140625e+00 0.000000000000000000e+00
8.705625976562500000e+03 6.575567722320556641e+00 0.000000000000000000e+00
8.707628906250000000e+03 7.058838367462158203e+00 0.000000000000000000e+00
8.709636718750000000e+03 6.689913749694824219e+00 0.000000000000000000e+00
8.711640625000000000e+03 6.125224590301513672e+00 0.000000000000000000e+00
8.713649414062500000e+03 5.378058910369873047e+00 0.000000000000000000e+00
8.715654296875000000e+03 5.276125431060791016e+00 0.000000000000000000e+00
8.717659179687500000e+03 5.151827812194824219e+00 0.000000000000000000e+00
8.719669921875000000e+03 4.793177604675292969e+00 0.000000000000000000e+00
8.721675781250000000e+03 4.834917545318603516e+00 0.000000000000000000e+00
8.723686523437500000e+03 5.827919006347656250e+00 0.000000000000000000e+00
8.725693359375000000e+03 6.594144821166992188e+00 0.000000000000000000e+00
8.727706054687500000e+03 6.350544929504394531e+00 0.000000000000000000e+00
8.729712890625000000e+03 6.618982791900634766e+00 0.000000000000000000e+00
8.731721679687500000e+03 6.766459465026855469e+00 0.000000000000000000e+00
8.733735351562500000e+03 5.927182197570800781e+00 0.000000000000000000e+00
8.735744140625000000e+03 6.975680828094482422e+00 0.000000000000000000e+00
8.737758789062500000e+03 6.836965084075927734e+00 0.000000000000000000e+00
8.739768554687500000e+03 5.785931587219238281e+00 0.000000000000000000e+00
8.741784179687500000e+03 6.495101928710937500e+00 0.000000000000000000e+00
8.743794921875000000e+03 7.469844818115234375e+00 0.000000000000000000e+00
8.745806640625000000e+03 5.828509330749511719e+00 0.000000000000000000e+00
8.747823242187500000e+03 6.336975097656250000e+00 0.000000000000000000e+00
8.749835937500000000e+03 6.564347267150878906e+00 0.000000000000000000e+00
8.751853515625000000e+03 5.642806053161621094e+00 0.000000000000000000e+00
8.753867187500000000e+03 5.200071811676025391e+00 0.000000000000000000e+00
8.755885742187500000e+03 5.842953205108642578e+00 0.000000000000000000e+00
8.757900390625000000e+03 6.445336341857910156e+00 0.000000000000000000e+00
8.759915039062500000e+03 6.964947700500488281e+00 0.000000000000000000e+00
8.761934570312500000e+03 4.120025157928466797e+00 0.000000000000000000e+00
8.763950195312500000e+03 2.665867805480957031e+00 0.000000000000000000e+00
8.765971679687500000e+03 3.732558727264404297e+00 0.000000000000000000e+00
8.767988281250000000e+03 5.089276313781738281e+00 0.000000000000000000e+00
8.770009765625000000e+03 4.826601028442382812e+00 0.000000000000000000e+00
8.772027343750000000e+03 4.149551391601562500e+00 0.000000000000000000e+00
8.774044921875000000e+03 3.279963731765747070e+00 0.000000000000000000e+00
8.776068359375000000e+03 6.206577777862548828e+00 0.000000000000000000e+00
8.778087890625000000e+03 6.563324928283691406e+00 0.000000000000000000e+00
8.780111328125000000e+03 1.681361198425292969e+00 0.000000000000000000e+00
8.782131835937500000e+03 2.535748481750488281e+00 0.000000000000000000e+00
8.784156250000000000e+03 5.459182262420654297e+00 0.000000000000000000e+00
8.786177734375000000e+03 6.324836254119873047e+00 0.000000000000000000e+00
8.788199218750000000e+03 5.002311706542968750e+00 0.000000000000000000e+00
8.790225585937500000e+03 4.943374633789062500e+00 0.000000000000000000e+00
8.792247070312500000e+03 7.387776851654052734e+00 0.000000000000000000e+00
8.794275390625000000e+03 7.230504035949707031e+00 0.000000000000000000e+00
8.796297851562500000e+03 5.168498992919921875e+00 0.000000000000000000e+00
8.798326171875000000e+03 6.137656211853027344e+00 0.000000000000000000e+00
8.800350585937500000e+03 6.517594337463378906e+00 0.000000000000000000e+00
8.802375000000000000e+03 5.319005966186523438e+00 0.000000000000000000e+00
8.804405273437500000e+03 5.279771804809570312e+00 0.000000000000000000e+00
8.806430664062500000e+03 6.262881755828857422e+00 0.000000000000000000e+00
8.808460937500000000e+03 6.839337825775146484e+00 0.000000000000000000e+00
8.810487304687500000e+03 6.588155746459960938e+00 0.000000000000000000e+00
8.812519531250000000e+03 6.094892501831054688e+00 0.000000000000000000e+00
8.814545898437500000e+03 5.670136451721191406e+00 0.000000000000000000e+00
8.816574218750000000e+03 5.493611335754394531e+00 0.000000000000000000e+00
8.818607421875000000e+03 6.345873355865478516e+00 0.000000000000000000e+00
8.820635742187500000e+03 6.152618885040283203e+00 0.000000000000000000e+00
8.822669921875000000e+03 6.109313011169433594e+00 0.000000000000000000e+00
8.824699218750000000e+03 5.301656246185302734e+00 0.000000000000000000e+00
8.826734375000000000e+03 2.890387535095214844e+00 0.000000000000000000e+00
8.828764648437500000e+03 6.205692887306213379e-01 0.000000000000000000e+00
8.830795898437500000e+03 2.083480358123779297e+00 0.000000000000000000e+00
8.832833007812500000e+03 4.004237651824951172e+00 0.000000000000000000e+00
8.834864257812500000e+03 3.090047121047973633e+00 0.000000000000000000e+00
8.836901367187500000e+03 3.202572584152221680e+00 0.000000000000000000e+00
8.838934570312500000e+03 6.031175136566162109e+00 0.000000000000000000e+00
8.840972656250000000e+03 6.654359340667724609e+00 0.000000000000000000e+00
8.843006835937500000e+03 5.426240444183349609e+00 0.000000000000000000e+00
8.845041015625000000e+03 5.480227947235107422e+00 0.000000000000000000e+00
8.847081054687500000e+03 5.534214973449707031e+00 0.000000000000000000e+00
8.849116210937500000e+03 5.588202476501464844e+00 0.000000000000000000e+00
8.851156250000000000e+03 5.642189979553222656e+00 0.000000000000000000e+00
8.853192382812500000e+03 5.696177482604980469e+00 0.000000000000000000e+00
8.855234375000000000e+03 5.750164508819580078e+00 0.000000000000000000e+00
8.857271484375000000e+03 5.804152011871337891e+00 0.000000000000000000e+00
8.859314453125000000e+03 5.312308788299560547e+00 0.000000000000000000e+00
8.861351562500000000e+03 5.743208408355712891e+00 0.000000000000000000e+00
8.863390625000000000e+03 6.142442703247070312e+00 0.000000000000000000e+00
8.865434570312500000e+03 5.217783927917480469e+00 0.000000000000000000e+00
8.867473632812500000e+03 6.901212215423583984e+00 0.000000000000000000e+00
8.869518554687500000e+03 7.047731399536132812e+00 0.000000000000000000e+00
8.871559570312500000e+03 6.217936038970947266e+00 0.000000000000000000e+00
8.873604492187500000e+03 6.366751670837402344e+00 0.000000000000000000e+00
8.875646484375000000e+03 5.017179965972900391e+00 0.000000000000000000e+00
8.877688476562500000e+03 6.058654308319091797e+00 0.000000000000000000e+00
8.879735351562500000e+03 5.478579998016357422e+00 0.000000000000000000e+00
8.881778320312500000e+03 5.595017910003662109e+00 0.000000000000000000e+00
8.883826171875000000e+03 5.332321643829345703e+00 0.000000000000000000e+00
8.885870117187500000e+03 3.438392162322998047e+00 0.000000000000000000e+00
8.887918945312500000e+03 4.169262886047363281e+00 0.000000000000000000e+00
8.889963867187500000e+03 2.462595701217651367e+00 0.000000000000000000e+00
8.892008789062500000e+03 3.781202077865600586e+00 0.000000000000000000e+00
8.894059570312500000e+03 5.513485908508300781e+00 0.000000000000000000e+00
8.896105468750000000e+03 5.682112216949462891e+00 0.000000000000000000e+00
8.898156250000000000e+03 5.656124591827392578e+00 0.000000000000000000e+00
8.900204101562500000e+03 6.407865047454833984e+00 0.000000000000000000e+00
8.902255859375000000e+03 5.250472545623779297e+00 0.000000000000000000e+00
8.904303710937500000e+03 4.553641319274902344e+00 0.000000000000000000e+00
8.906352539062500000e+03 4.935052394866943359e+00 0.000000000000000000e+00
8.908406250000000000e+03 5.321374416351318359e+00 0.000000000000000000e+00
8.910456054687500000e+03 4.928668975830078125e+00 0.000000000000000000e+00
8.912510742187500000e+03 4.923357486724853516e+00 0.000000000000000000e+00
8.914560546875000000e+03 5.164328098297119141e+00 0.000000000000000000e+00
8.916616210937500000e+03 5.795638084411621094e+00 0.000000000000000000e+00
8.918667968750000000e+03 5.594294071197509766e+00 0.000000000000000000e+00
8.920719726562500000e+03 5.271584987640380859e+00 0.000000000000000000e+00
8.922776367187500000e+03 5.768646240234375000e+00 0.000000000000000000e+00
8.924829101562500000e+03 3.705969572067260742e+00 0.000000000000000000e+00
8.926886718750000000e+03 2.039565801620483398e+00 0.000000000000000000e+00
8.928940429687500000e+03 4.032444477081298828e+00 0.000000000000000000e+00
8.931000000000000000e+03 5.874147415161132812e+00 0.000000000000000000e+00
8.933054687500000000e+03 6.036571502685546875e+00 0.000000000000000000e+00
8.935109375000000000e+03 6.548113346099853516e+00 0.000000000000000000e+00
8.937169921875000000e+03 5.260864734649658203e+00 0.000000000000000000e+00
8.939225585937500000e+03 5.954174041748046875e+00 0.000000000000000000e+00
8.941287109375000000e+03 6.655562877655029297e+00 0.000000000000000000e+00
8.943343750000000000e+03 4.606348037719726562e+00 0.000000000000000000e+00
8.945406250000000000e+03 2.831506729125976562e+00 0.000000000000000000e+00
8.947463867187500000e+03 5.544456005096435547e+00 0.000000000000000000e+00
8.949522460937500000e+03 3.828001737594604492e+00 0.000000000000000000e+00
8.951585937500000000e+03 3.130660295486450195e+00 0.000000000000000000e+00
8.953645507812500000e+03 4.574789524078369141e+00 0.000000000000000000e+00
8.955709960937500000e+03 5.304632663726806641e+00 0.000000000000000000e+00
8.957770507812500000e+03 5.357491970062255859e+00 0.000000000000000000e+00
8.959835937500000000e+03 7.457308292388916016e+00 0.000000000000000000e+00
8.961897460937500000e+03 6.604843616485595703e+00 0.000000000000000000e+00
8.963958984375000000e+03 3.817747354507446289e+00 0.000000000000000000e+00
8.966026367187500000e+03 3.547744274139404297e+00 0.000000000000000000e+00
8.968088867187500000e+03 4.452692985534667969e+00 0.000000000000000000e+00
8.970157226562500000e+03 4.457780838012695312e+00 0.000000000000000000e+00
8.972220703125000000e+03 5.199555873870849609e+00 0.000000000000000000e+00
8.974289062500000000e+03 7.025673389434814453e+00 0.000000000000000000e+00
8.976353515625000000e+03 5.772354602813720703e+00 0.000000000000000000e+00
8.978418945312500000e+03 5.151948451995849609e+00 0.000000000000000000e+00
8.980489257812500000e+03 5.801689624786376953e+00 0.000000000000000000e+00
8.982555664062500000e+03 5.864271640777587891e+00 0.000000000000000000e+00
8.984626953125000000e+03 5.199332714080810547e+00 0.000000000000000000e+00
8.986693359375000000e+03 5.958986759185791016e+00 0.000000000000000000e+00
8.988765625000000000e+03 5.006708145141601562e+00 0.000000000000000000e+00
8.990833984375000000e+03 4.371407032012939453e+00 0.000000000000000000e+00
8.992902343750000000e+03 3.571990251541137695e+00 0.000000000000000000e+00
8.994975585937500000e+03 3.022618293762207031e+00 0.000000000000000000e+00
8.997044921875000000e+03 6.080483436584472656e+00 0.000000000000000000e+00
8.999120117187500000e+03 5.451552867889404297e+00 0.000000000000000000e+00
9.001190429687500000e+03 4.688449382781982422e+00 0.000000000000000000e+00
9.003265625000000000e+03 5.450473308563232422e+00 0.000000000000000000e+00
9.005336914062500000e+03 5.930478572845458984e+00 0.000000000000000000e+00
9.007408203125000000e+03 4.675153255462646484e+00 0.000000000000000000e+00
9.009485351562500000e+03 3.856705427169799805e+00 0.000000000000000000e+00
9.011558593750000000e+03 4.295194149017333984e+00 0.000000000000000000e+00
9.013635742187500000e+03 4.952184200286865234e+00 0.000000000000000000e+00
9.015709960937500000e+03 5.763658523559570312e+00 0.000000000000000000e+00
9.017789062500000000e+03 5.763216018676757812e+00 0.000000000000000000e+00
9.019863281250000000e+03 4.501122474670410156e+00 0.000000000000000000e+00
9.021943359375000000e+03 4.342090606689453125e+00 0.000000000000000000e+00
9.024018554687500000e+03 5.828703880310058594e+00 0.000000000000000000e+00
9.026094726562500000e+03 5.639081954956054688e+00 0.000000000000000000e+00
9.028175781250000000e+03 4.633825302124023438e+00 0.000000000000000000e+00
9.030252929687500000e+03 4.956683158874511719e+00 0.000000000000000000e+00
9.032334960937500000e+03 6.301066875457763672e+00 0.000000000000000000e+00
9.034413085937500000e+03 5.097589492797851562e+00 0.000000000000000000e+00
9.036497070312500000e+03 4.519779205322265625e+00 0.000000000000000000e+00
9.038575195312500000e+03 4.290485858917236328e+00 0.000000000000000000e+00
9.040654296875000000e+03 5.318258285522460938e+00 0.000000000000000000e+00
9.042739257812500000e+03 6.722838401794433594e+00 0.000000000000000000e+00
9.044819335937500000e+03 6.286063194274902344e+00 0.000000000000000000e+00
9.046905273437500000e+03 4.720464229583740234e+00 0.000000000000000000e+00
9.048986328125000000e+03 5.124661445617675781e+00 0.000000000000000000e+00
9.051073242187500000e+03 4.714250564575195312e+00 0.000000000000000000e+00
9.053155273437500000e+03 4.069685935974121094e+00 0.000000000000000000e+00
9.055238281250000000e+03 3.310042142868041992e+00 0.000000000000000000e+00
9.057326171875000000e+03 2.299849987030029297e+00 0.000000000000000000e+00
9.059410156250000000e+03 4.636911869049072266e+00 0.000000000000000000e+00
9.061499023437500000e+03 5.235770702362060547e+00 0.000000000000000000e+00
9.063583984375000000e+03 4.634631633758544922e+00 0.000000000000000000e+00
9.065673828125000000e+03 5.379319190979003906e+00 0.000000000000000000e+00
9.067758789062500000e+03 6.758015632629394531e+00 0.000000000000000000e+00
9.069845703125000000e+03 5.792082786560058594e+00 0.000000000000000000e+00
9.071936523437500000e+03 4.506894111633300781e+00 0.000000000000000000e+00
9.074023437500000000e+03 5.531233310699462891e+00 0.000000000000000000e+00
9.076116210937500000e+03 6.368374824523925781e+00 0.000000000000000000e+00
9.078204101562500000e+03 5.714413642883300781e+00 0.000000000000000000e+00
9.080297851562500000e+03 4.987088680267333984e+00 0.000000000000000000e+00
9.082386718750000000e+03 5.887411594390869141e+00 0.000000000000000000e+00
9.084475585937500000e+03 5.497762203216552734e+00 0.000000000000000000e+00
9.086570312500000000e+03 4.513970375061035156e+00 0.000000000000000000e+00
9.088661132812500000e+03 4.962271690368652344e+00 0.000000000000000000e+00
9.090756835937500000e+03 5.281378269195556641e+00 0.000000000000000000e+00
9.092848632812500000e+03 4.742688655853271484e+00 0.000000000000000000e+00
9.094945312500000000e+03 5.422760486602783203e+00 0.000000000000000000e+00
9.097037109375000000e+03 6.190209388732910156e+00 0.000000000000000000e+00
9.099129882812500000e+03 5.416615486145019531e+00 0.000000000000000000e+00
9.101228515625000000e+03 4.549562454223632812e+00 0.000000000000000000e+00
9.103322265625000000e+03 4.960285186767578125e+00 0.000000000000000000e+00
9.105420898437500000e+03 5.105464935302734375e+00 0.000000000000000000e+00
9.107515625000000000e+03 2.842905044555664062e+00 0.000000000000000000e+00
9.109616210937500000e+03 4.806791782379150391e+00 0.000000000000000000e+00
9.111711914062500000e+03 4.611335754394531250e+00 0.000000000000000000e+00
9.113807617187500000e+03 5.144819736480712891e+00 0.000000000000000000e+00
9.115909179687500000e+03 5.835302829742431641e+00 0.000000000000000000e+00
9.118006835937500000e+03 4.891942501068115234e+00 0.000000000000000000e+00
9.120109375000000000e+03 4.615956783294677734e+00 0.000000000000000000e+00
9.122207031250000000e+03 5.740291118621826172e+00 0.000000000000000000e+00
9.124310546875000000e+03 5.147531032562255859e+00 0.000000000000000000e+00
9.126410156250000000e+03 4.701244354248046875e+00 0.000000000000000000e+00
9.128509765625000000e+03 5.093787193298339844e+00 0.000000000000000000e+00
9.130614257812500000e+03 5.564264297485351562e+00 0.000000000000000000e+00
9.132714843750000000e+03 5.993268013000488281e+00 0.000000000000000000e+00
9.134821289062500000e+03 6.079429149627685547e+00 0.000000000000000000e+00
9.136921875000000000e+03 5.909161090850830078e+00 0.000000000000000000e+00
9.139029296875000000e+03 5.968679428100585938e+00 0.000000000000000000e+00
9.141131835937500000e+03 5.974423408508300781e+00 0.000000000000000000e+00
9.143234375000000000e+03 5.375853061676025391e+00 0.000000000000000000e+00
9.145342773437500000e+03 4.716764926910400391e+00 0.000000000000000000e+00
9.147447265625000000e+03 5.603453159332275391e+00 0.000000000000000000e+00
9.149556640625000000e+03 5.264989376068115234e+00 0.000000000000000000e+00
9.151661132812500000e+03 4.528483390808105469e+00 0.000000000000000000e+00
9.153771484375000000e+03 3.722447395324707031e+00 0.000000000000000000e+00
9.155876953125000000e+03 2.880970716476440430e+00 0.000000000000000000e+00
9.157983398437500000e+03 4.029206275939941406e+00 0.000000000000000000e+00
9.160095703125000000e+03 5.861092567443847656e+00 0.000000000000000000e+00
9.162203125000000000e+03 5.612938404083251953e+00 0.000000000000000000e+00
9.164315429687500000e+03 5.145305633544921875e+00 0.000000000000000000e+00
9.166423828125000000e+03 5.488792419433593750e+00 0.000000000000000000e+00
9.168537109375000000e+03 5.664266109466552734e+00 0.000000000000000000e+00
9.170646484375000000e+03 5.291089534759521484e+00 0.000000000000000000e+00
9.172761718750000000e+03 4.354995727539062500e+00 0.000000000000000000e+00
9.174871093750000000e+03 5.415023803710937500e+00 0.000000000000000000e+00
9.176982421875000000e+03 5.564094066619873047e+00 0.000000000000000000e+00
9.179098632812500000e+03 4.648063182830810547e+00 0.000000000000000000e+00
9.181209960937500000e+03 5.427534580230712891e+00 0.000000000000000000e+00
9.183327148437500000e+03 5.836498737335205078e+00 0.000000000000000000e+00
9.185439453125000000e+03 4.830122470855712891e+00 0.000000000000000000e+00
9.187557617187500000e+03 4.725443840026855469e+00 0.000000000000000000e+00
9.189671875000000000e+03 5.606405735015869141e+00 0.000000000000000000e+00
9.191785156250000000e+03 5.848530292510986328e+00 0.000000000000000000e+00
9.193905273437500000e+03 4.661828994750976562e+00 0.000000000000000000e+00
9.196020507812500000e+03 4.581737041473388672e+00 0.000000000000000000e+00
9.198140625000000000e+03 5.589410781860351562e+00 0.000000000000000000e+00
9.200256835937500000e+03 5.946984767913818359e+00 0.000000000000000000e+00
9.202378906250000000e+03 4.994832515716552734e+00 0.000000000000000000e+00
9.204495117187500000e+03 4.344892501831054688e+00 0.000000000000000000e+00
9.206613281250000000e+03 5.761364936828613281e+00 0.000000000000000000e+00
9.208736328125000000e+03 6.240290641784667969e+00 0.000000000000000000e+00
9.210854492187500000e+03 5.580137729644775391e+00 0.000000000000000000e+00
9.212978515625000000e+03 4.828825950622558594e+00 0.000000000000000000e+00
9.215097656250000000e+03 4.288314819335937500e+00 0.000000000000000000e+00
9.217222656250000000e+03 4.660163879394531250e+00 0.000000000000000000e+00
9.219342773437500000e+03 6.295007705688476562e+00 0.000000000000000000e+00
9.221463867187500000e+03 5.701544761657714844e+00 0.000000000000000000e+00
9.223590820312500000e+03 4.737218856811523438e+00 0.000000000000000000e+00
9.225712890625000000e+03 5.767189025878906250e+00 0.000000000000000000e+00
9.227839843750000000e+03 6.926108837127685547e+00 0.000000000000000000e+00
9.229962890625000000e+03 6.276400566101074219e+00 0.000000000000000000e+00
9.232090820312500000e+03 5.055296897888183594e+00 0.000000000000000000e+00
9.234214843750000000e+03 4.702298164367675781e+00 0.000000000000000000e+00
9.236338867187500000e+03 5.817230701446533203e+00 0.000000000000000000e+00
9.238468750000000000e+03 4.909327030181884766e+00 0.000000000000000000e+00
9.240594726562500000e+03 3.728473186492919922e+00 0.000000000000000000e+00
9.242725585937500000e+03 4.903387069702148438e+00 0.000000000000000000e+00
9.244851562500000000e+03 6.251628875732421875e+00 0.000000000000000000e+00
9.246983398437500000e+03 4.919751644134521484e+00 0.000000000000000000e+00
9.249110351562500000e+03 5.055212974548339844e+00 0.000000000000000000e+00
9.251238281250000000e+03 6.703349590301513672e+00 0.000000000000000000e+00
9.253372070312500000e+03 7.005475521087646484e+00 0.000000000000000000e+00
9.255500976562500000e+03 5.570812702178955078e+00 0.000000000000000000e+00
9.257634765625000000e+03 5.885048866271972656e+00 0.000000000000000000e+00
9.259764648437500000e+03 4.651731014251708984e+00 0.000000000000000000e+00
9.261899414062500000e+03 4.454642772674560547e+00 0.000000000000000000e+00
9.264030273437500000e+03 5.004619121551513672e+00 0.000000000000000000e+00
9.266162109375000000e+03 5.253610610961914062e+00 0.000000000000000000e+00
9.268298828125000000e+03 4.874489784240722656e+00 0.000000000000000000e+00
9.270430664062500000e+03 4.598942279815673828e+00 0.000000000000000000e+00
9.272568359375000000e+03 5.468618392944335938e+00 0.000000000000000000e+00
9.274701171875000000e+03 5.321295261383056641e+00 0.000000000000000000e+00
9.276839843750000000e+03 4.897186756134033203e+00 0.000000000000000000e+00
9.278974609375000000e+03 4.868772029876708984e+00 0.000000000000000000e+00
9.281109375000000000e+03 5.345721244812011719e+00 0.000000000000000000e+00
9.283249023437500000e+03 6.236413002014160156e+00 0.000000000000000000e+00
9.285384765625000000e+03 4.355020999908447266e+00 0.000000000000000000e+00
9.287526367187500000e+03 4.277267932891845703e+00 0.000000000000000000e+00
9.289662109375000000e+03 4.969966411590576172e+00 0.000000000000000000e+00
9.291804687500000000e+03 5.143624305725097656e+00 0.000000000000000000e+00
9.293942382812500000e+03 5.151934623718261719e+00 0.000000000000000000e+00
9.296080078125000000e+03 5.150401115417480469e+00 0.000000000000000000e+00
9.298223632812500000e+03 5.907141208648681641e+00 0.000000000000000000e+00
9.300363281250000000e+03 6.607559680938720703e+00 0.000000000000000000e+00
9.302507812500000000e+03 5.683096885681152344e+00 0.000000000000000000e+00
9.304647460937500000e+03 4.193433284759521484e+00 0.000000000000000000e+00
9.306792968750000000e+03 4.292335987091064453e+00 0.000000000000000000e+00
9.308934570312500000e+03 4.262369632720947266e+00 0.000000000000000000e+00
9.311076171875000000e+03 1.469563961029052734e+00 0.000000000000000000e+00
9.313222656250000000e+03 -1.639981269836425781e+00 0.000000000000000000e+00
9.315365234375000000e+03 -2.138866901397705078e+00 0.000000000000000000e+00
9.317513671875000000e+03 -2.637752532958984375e+00 0.000000000000000000e+00
9.319657226562500000e+03 -7.131421089172363281e+00 0.000000000000000000e+00
9.321805664062500000e+03 6.736512780189514160e-01 0.000000000000000000e+00
9.323950195312500000e+03 4.292825222015380859e+00 0.000000000000000000e+00
9.326095703125000000e+03 1.236501407623291016e+01 0.000000000000000000e+00
9.328246093750000000e+03 1.487275791168212891e+01 0.000000000000000000e+00
9.330391601562500000e+03 7.404039859771728516e+00 0.000000000000000000e+00
9.332543945312500000e+03 1.785329461097717285e+00 0.000000000000000000e+00
9.334690429687500000e+03 3.006506204605102539e+00 0.000000000000000000e+00
9.336842773437500000e+03 6.788571834564208984e+00 0.000000000000000000e+00
9.338991210937500000e+03 5.956150531768798828e+00 0.000000000000000000e+00
9.341144531250000000e+03 3.898175954818725586e+00 0.000000000000000000e+00
9.343293945312500000e+03 4.236867904663085938e+00 0.000000000000000000e+00
9.345443359375000000e+03 5.311064243316650391e+00 0.000000000000000000e+00
9.347597656250000000e+03 7.317005157470703125e+00 0.000000000000000000e+00
9.349748046875000000e+03 6.265232563018798828e+00 0.000000000000000000e+00
9.351904296875000000e+03 4.017861843109130859e+00 0.000000000000000000e+00
9.354055664062500000e+03 4.152413368225097656e+00 0.000000000000000000e+00
9.356212890625000000e+03 5.789469718933105469e+00 0.000000000000000000e+00
9.358365234375000000e+03 4.733522891998291016e+00 0.000000000000000000e+00
9.360518554687500000e+03 5.328774452209472656e+00 0.000000000000000000e+00
9.362676757812500000e+03 7.297111988067626953e+00 0.000000000000000000e+00
9.364830078125000000e+03 6.660935878753662109e+00 0.000000000000000000e+00
9.366990234375000000e+03 4.853592395782470703e+00 0.000000000000000000e+00
9.369144531250000000e+03 4.455344676971435547e+00 0.000000000000000000e+00
9.371305664062500000e+03 4.656971454620361328e+00 0.000000000000000000e+00
9.373460937500000000e+03 4.417981624603271484e+00 0.000000000000000000e+00
9.375617187500000000e+03 2.940942525863647461e+00 0.000000000000000000e+00
9.377779296875000000e+03 1.463903427124023438e+00 0.000000000000000000e+00
9.379936523437500000e+03 -1.313543319702148438e-02 0.000000000000000000e+00
9.382099609375000000e+03 -1.490174770355224609e+00 0.000000000000000000e+00
9.384257812500000000e+03 -2.967213869094848633e+00 0.000000000000000000e+00
9.386421875000000000e+03 1.136614680290222168e+00 0.000000000000000000e+00
9.388582031250000000e+03 7.165689468383789062e+00 0.000000000000000000e+00
9.390741210937500000e+03 4.600718021392822266e+00 0.000000000000000000e+00
9.392907226562500000e+03 4.511440277099609375e+00 0.000000000000000000e+00
9.395067382812500000e+03 4.452469825744628906e+00 0.000000000000000000e+00
9.397234375000000000e+03 4.655040740966796875e+00 0.000000000000000000e+00
9.399396484375000000e+03 5.668604373931884766e+00 0.000000000000000000e+00
9.401563476562500000e+03 6.130306720733642578e+00 0.000000000000000000e+00
9.403726562500000000e+03 4.510251045227050781e+00 0.000000000000000000e+00
9.405889648437500000e+03 6.677643775939941406e+00 0.000000000000000000e+00
9.408058593750000000e+03 6.578807353973388672e+00 0.000000000000000000e+00
9.410222656250000000e+03 4.553047657012939453e+00 0.000000000000000000e+00
9.412392578125000000e+03 4.224672794342041016e+00 0.000000000000000000e+00
9.414558593750000000e+03 5.189544200897216797e+00 0.000000000000000000e+00
9.416729492187500000e+03 5.691017150878906250e+00 0.000000000000000000e+00
9.418895507812500000e+03 4.547239303588867188e+00 0.000000000000000000e+00
9.421062500000000000e+03 3.685130357742309570e+00 0.000000000000000000e+00
9.423234375000000000e+03 4.992286682128906250e+00 0.000000000000000000e+00
9.425402343750000000e+03 6.299443244934082031e+00 0.000000000000000000e+00
9.427576171875000000e+03 5.989785671234130859e+00 0.000000000000000000e+00
9.429745117187500000e+03 4.082612037658691406e+00 0.000000000000000000e+00
9.431918945312500000e+03 3.942484140396118164e+00 0.000000000000000000e+00
9.434088867187500000e+03 5.793117046356201172e+00 0.000000000000000000e+00
9.436259765625000000e+03 6.699250221252441406e+00 0.000000000000000000e+00
9.438435546875000000e+03 4.296337604522705078e+00 0.000000000000000000e+00
9.440606445312500000e+03 5.447603225708007812e+00 0.000000000000000000e+00
9.442783203125000000e+03 1.413052654266357422e+01 0.000000000000000000e+00
9.444956054687500000e+03 7.910373210906982422e+00 0.000000000000000000e+00
9.447133789062500000e+03 1.690220117568969727e+00 0.000000000000000000e+00
9.449307617187500000e+03 3.796930551528930664e+00 0.000000000000000000e+00
9.451481445312500000e+03 6.628536224365234375e+00 0.000000000000000000e+00
9.453660156250000000e+03 5.532839298248291016e+00 0.000000000000000000e+00
9.455834960937500000e+03 4.458357810974121094e+00 0.000000000000000000e+00
9.458015625000000000e+03 8.326053619384765625e+00 0.000000000000000000e+00
9.460191406250000000e+03 1.219374847412109375e+01 0.000000000000000000e+00
9.462373046875000000e+03 2.019538497924804688e+01 0.000000000000000000e+00
9.464549804687500000e+03 7.433384418487548828e+00 0.000000000000000000e+00
9.466727539062500000e+03 3.448099136352539062e+00 0.000000000000000000e+00
9.468910156250000000e+03 4.700058460235595703e+00 0.000000000000000000e+00
9.471088867187500000e+03 4.213393688201904297e+00 0.000000000000000000e+00
9.473272460937500000e+03 4.647109031677246094e+00 0.000000000000000000e+00
9.475452148437500000e+03 4.343123912811279297e+00 0.000000000000000000e+00
9.477636718750000000e+03 4.108615875244140625e+00 0.000000000000000000e+00
9.479817382812500000e+03 3.874107599258422852e+00 0.000000000000000000e+00
9.481998046875000000e+03 3.639599323272705078e+00 0.000000000000000000e+00
9.484184570312500000e+03 3.405091285705566406e+00 0.000000000000000000e+00
9.486366210937500000e+03 3.170583009719848633e+00 0.000000000000000000e+00
9.488553710937500000e+03 5.903152465820312500e+00 0.000000000000000000e+00
9.490736328125000000e+03 5.537572383880615234e+00 0.000000000000000000e+00
9.492925781250000000e+03 4.864289760589599609e+00 0.000000000000000000e+00
9.495109375000000000e+03 6.343980312347412109e+00 0.000000000000000000e+00
9.497293945312500000e+03 5.835593223571777344e+00 0.000000000000000000e+00
9.499483398437500000e+03 4.310835838317871094e+00 0.000000000000000000e+00
9.501668945312500000e+03 4.118197441101074219e+00 0.000000000000000000e+00
9.503860351562500000e+03 5.115396499633789062e+00 0.000000000000000000e+00
9.506045898437500000e+03 3.317375659942626953e+00 0.000000000000000000e+00
9.508238281250000000e+03 1.519354820251464844e+00 0.000000000000000000e+00
9.510425781250000000e+03 3.890171289443969727e+00 0.000000000000000000e+00
9.512619140625000000e+03 5.416707038879394531e+00 0.000000000000000000e+00
9.514807617187500000e+03 5.075960159301757812e+00 0.000000000000000000e+00
9.516996093750000000e+03 5.466160297393798828e+00 0.000000000000000000e+00
9.519190429687500000e+03 5.740115165710449219e+00 0.000000000000000000e+00
9.521380859375000000e+03 7.095942497253417969e+00 0.000000000000000000e+00
9.523576171875000000e+03 1.224187088012695312e+01 0.000000000000000000e+00
9.525766601562500000e+03 1.070877075195312500e+01 0.000000000000000000e+00
9.527963867187500000e+03 5.458112239837646484e+00 0.000000000000000000e+00
9.530155273437500000e+03 4.813678264617919922e+00 0.000000000000000000e+00
9.532347656250000000e+03 4.582826137542724609e+00 0.000000000000000000e+00
9.534545898437500000e+03 4.731389999389648438e+00 0.000000000000000000e+00
9.536739257812500000e+03 7.192687988281250000e+00 0.000000000000000000e+00
9.538938476562500000e+03 6.642632007598876953e+00 0.000000000000000000e+00
9.541132812500000000e+03 4.290236949920654297e+00 0.000000000000000000e+00
9.543333007812500000e+03 4.788464069366455078e+00 0.000000000000000000e+00
9.545528320312500000e+03 6.165378093719482422e+00 0.000000000000000000e+00
9.547724609375000000e+03 6.344581604003906250e+00 0.000000000000000000e+00
9.549926757812500000e+03 3.970189571380615234e+00 0.000000000000000000e+00
9.552123046875000000e+03 5.013363361358642578e+00 0.000000000000000000e+00
9.554326171875000000e+03 8.665932655334472656e+00 0.000000000000000000e+00
9.556523437500000000e+03 7.858583450317382812e+00 0.000000000000000000e+00
9.558727539062500000e+03 7.051234722137451172e+00 0.000000000000000000e+00
9.560926757812500000e+03 1.246793270111083984e+00 0.000000000000000000e+00
9.563125976562500000e+03 5.887468338012695312e+00 0.000000000000000000e+00
9.565331054687500000e+03 6.675356864929199219e+00 0.000000000000000000e+00
9.567532226562500000e+03 2.348542451858520508e+00 0.000000000000000000e+00
9.569738281250000000e+03 7.387981414794921875e+00 0.000000000000000000e+00
9.571939453125000000e+03 1.242742061614990234e+01 0.000000000000000000e+00
9.574146484375000000e+03 4.517323970794677734e+00 0.000000000000000000e+00
9.576349609375000000e+03 4.106737613677978516e+00 0.000000000000000000e+00
9.578552734375000000e+03 4.820671558380126953e+00 0.000000000000000000e+00
9.580760742187500000e+03 3.478948593139648438e+00 0.000000000000000000e+00
9.582964843750000000e+03 5.887532711029052734e+00 0.000000000000000000e+00
9.585174804687500000e+03 6.998319149017333984e+00 0.000000000000000000e+00
9.587379882812500000e+03 5.024855136871337891e+00 0.000000000000000000e+00
9.589590820312500000e+03 5.176988124847412109e+00 0.000000000000000000e+00
9.591796875000000000e+03 5.581955432891845703e+00 0.000000000000000000e+00
9.594003906250000000e+03 4.414157390594482422e+00 0.000000000000000000e+00
9.596215820312500000e+03 3.367464780807495117e+00 0.000000000000000000e+00
9.598423828125000000e+03 4.555333137512207031e+00 0.000000000000000000e+00
9.600636718750000000e+03 5.036111354827880859e+00 0.000000000000000000e+00
9.602845703125000000e+03 5.800998210906982422e+00 0.000000000000000000e+00
9.605059570312500000e+03 5.024030208587646484e+00 0.000000000000000000e+00
9.607269531250000000e+03 2.935445547103881836e+00 0.000000000000000000e+00
9.609479492187500000e+03 2.695239782333374023e+00 0.000000000000000000e+00
9.611695312500000000e+03 5.191105842590332031e+00 0.000000000000000000e+00
9.613906250000000000e+03 6.013442516326904297e+00 0.000000000000000000e+00
9.616124023437500000e+03 5.475915431976318359e+00 0.000000000000000000e+00
9.618335937500000000e+03 4.901149749755859375e+00 0.000000000000000000e+00
9.620553710937500000e+03 4.469618320465087891e+00 0.000000000000000000e+00
9.622766601562500000e+03 4.620890140533447266e+00 0.000000000000000000e+00
9.624980468750000000e+03 7.575091361999511719e+00 0.000000000000000000e+00
9.627200195312500000e+03 6.111189842224121094e+00 0.000000000000000000e+00
9.629415039062500000e+03 4.839318752288818359e+00 0.000000000000000000e+00
9.631635742187500000e+03 5.182335376739501953e+00 0.000000000000000000e+00
9.633851562500000000e+03 5.993486404418945312e+00 0.000000000000000000e+00
9.636072265625000000e+03 6.066976070404052734e+00 0.000000000000000000e+00
9.638289062500000000e+03 4.884144306182861328e+00 0.000000000000000000e+00
9.640506835937500000e+03 4.039174556732177734e+00 0.000000000000000000e+00
9.642729492187500000e+03 5.531930923461914062e+00 0.000000000000000000e+00
9.644948242187500000e+03 5.635534763336181641e+00 0.000000000000000000e+00
9.647171875000000000e+03 4.235585689544677734e+00 0.000000000000000000e+00
9.649391601562500000e+03 5.164157390594482422e+00 0.000000000000000000e+00
9.651617187500000000e+03 4.644019603729248047e+00 0.000000000000000000e+00
9.653836914062500000e+03 4.486683845520019531e+00 0.000000000000000000e+00
9.656057617187500000e+03 4.558636665344238281e+00 0.000000000000000000e+00
9.658284179687500000e+03 3.988429307937622070e+00 0.000000000000000000e+00
9.660506835937500000e+03 3.699588298797607422e+00 0.000000000000000000e+00
9.662734375000000000e+03 5.579245090484619141e+00 0.000000000000000000e+00
9.664957031250000000e+03 7.394791126251220703e+00 0.000000000000000000e+00
9.667185546875000000e+03 5.543555736541748047e+00 0.000000000000000000e+00
9.669410156250000000e+03 5.268338680267333984e+00 0.000000000000000000e+00
9.671633789062500000e+03 7.408151626586914062e+00 0.000000000000000000e+00
9.673864257812500000e+03 8.152961730957031250e+00 0.000000000000000000e+00
9.676089843750000000e+03 4.917613029479980469e+00 0.000000000000000000e+00
9.678321289062500000e+03 3.772920131683349609e+00 0.000000000000000000e+00
9.680547851562500000e+03 4.942270755767822266e+00 0.000000000000000000e+00
9.682780273437500000e+03 5.663239002227783203e+00 0.000000000000000000e+00
9.685007812500000000e+03 5.766708374023437500e+00 0.000000000000000000e+00
9.687241210937500000e+03 5.092492580413818359e+00 0.000000000000000000e+00
9.689469726562500000e+03 3.268161773681640625e+00 0.000000000000000000e+00
9.691698242187500000e+03 4.683548927307128906e+00 0.000000000000000000e+00
9.693933593750000000e+03 5.293105125427246094e+00 0.000000000000000000e+00
9.696163085937500000e+03 3.405163288116455078e+00 0.000000000000000000e+00
9.698399414062500000e+03 2.738688945770263672e+00 0.000000000000000000e+00
9.700629882812500000e+03 4.919465065002441406e+00 0.000000000000000000e+00
9.702867187500000000e+03 5.880741119384765625e+00 0.000000000000000000e+00
9.705099609375000000e+03 4.373745918273925781e+00 0.000000000000000000e+00
9.707332031250000000e+03 4.051800727844238281e+00 0.000000000000000000e+00
9.709570312500000000e+03 5.170452117919921875e+00 0.000000000000000000e+00
9.711804687500000000e+03 5.012960433959960938e+00 0.000000000000000000e+00
9.714043945312500000e+03 4.455236434936523438e+00 0.000000000000000000e+00
9.716278320312500000e+03 7.443964481353759766e+00 0.000000000000000000e+00
9.718518554687500000e+03 6.253295898437500000e+00 0.000000000000000000e+00
9.720754882812500000e+03 2.358109235763549805e+00 0.000000000000000000e+00
9.722991210937500000e+03 3.904338836669921875e+00 0.000000000000000000e+00
9.725233398437500000e+03 6.612921714782714844e+00 0.000000000000000000e+00
9.727470703125000000e+03 5.055215835571289062e+00 0.000000000000000000e+00
9.729713867187500000e+03 3.960422992706298828e+00 0.000000000000000000e+00
9.731952148437500000e+03 5.134869575500488281e+00 0.000000000000000000e+00
9.734196289062500000e+03 5.278131008148193359e+00 0.000000000000000000e+00
9.736435546875000000e+03 5.273420333862304688e+00 0.000000000000000000e+00
9.738674804687500000e+03 4.643545150756835938e+00 0.000000000000000000e+00
9.740920898437500000e+03 3.422995805740356445e+00 0.000000000000000000e+00
9.743162109375000000e+03 4.050122737884521484e+00 0.000000000000000000e+00
9.745408203125000000e+03 4.802633762359619141e+00 0.000000000000000000e+00
9.747650390625000000e+03 2.941293954849243164e+00 0.000000000000000000e+00
9.749898437500000000e+03 3.118215560913085938e+00 0.000000000000000000e+00
9.752141601562500000e+03 4.356983184814453125e+00 0.000000000000000000e+00
9.754384765625000000e+03 4.386851787567138672e+00 0.000000000000000000e+00
9.756633789062500000e+03 5.805092334747314453e+00 0.000000000000000000e+00
9.758878906250000000e+03 5.806485176086425781e+00 0.000000000000000000e+00
9.761128906250000000e+03 4.628166198730468750e+00 0.000000000000000000e+00
9.763374023437500000e+03 5.150213241577148438e+00 0.000000000000000000e+00
9.765625976562500000e+03 5.724388122558593750e+00 0.000000000000000000e+00
9.767872070312500000e+03 4.916432857513427734e+00 0.000000000000000000e+00
9.770119140625000000e+03 6.027765750885009766e+00 0.000000000000000000e+00
9.772372070312500000e+03 5.171459674835205078e+00 0.000000000000000000e+00
9.774620117187500000e+03 3.856834173202514648e+00 0.000000000000000000e+00
9.776875000000000000e+03 3.843462228775024414e+00 0.000000000000000000e+00
9.779124023437500000e+03 4.711628913879394531e+00 0.000000000000000000e+00
9.781378906250000000e+03 5.271527767181396484e+00 0.000000000000000000e+00
9.783628906250000000e+03 5.593169689178466797e+00 0.000000000000000000e+00
9.785879882812500000e+03 5.687755584716796875e+00 0.000000000000000000e+00
9.788136718750000000e+03 5.423104286193847656e+00 0.000000000000000000e+00
9.790387695312500000e+03 4.316815376281738281e+00 0.000000000000000000e+00
9.792645507812500000e+03 2.854672908782958984e+00 0.000000000000000000e+00
9.794898437500000000e+03 2.312042474746704102e+00 0.000000000000000000e+00
9.797157226562500000e+03 1.769412040710449219e+00 0.000000000000000000e+00
9.799411132812500000e+03 3.582580327987670898e+00 0.000000000000000000e+00
9.801665039062500000e+03 3.121633052825927734e+00 0.000000000000000000e+00
9.803925781250000000e+03 2.955908298492431641e+00 0.000000000000000000e+00
9.806180664062500000e+03 3.353166580200195312e+00 0.000000000000000000e+00
9.808442382812500000e+03 3.373381614685058594e+00 0.000000000000000000e+00
9.810698242187500000e+03 5.686027526855468750e+00 0.000000000000000000e+00
9.812960937500000000e+03 5.649563789367675781e+00 0.000000000000000000e+00
9.815218750000000000e+03 4.942024707794189453e+00 0.000000000000000000e+00
9.817476562500000000e+03 5.209665298461914062e+00 0.000000000000000000e+00
9.819740234375000000e+03 5.302240848541259766e+00 0.000000000000000000e+00
9.821999023437500000e+03 3.876542091369628906e+00 0.000000000000000000e+00
9.824264648437500000e+03 3.423804283142089844e+00 0.000000000000000000e+00
9.826524414062500000e+03 5.504788875579833984e+00 0.000000000000000000e+00
9.828790039062500000e+03 5.306429862976074219e+00 0.000000000000000000e+00
9.831051757812500000e+03 4.055014610290527344e+00 0.000000000000000000e+00
9.833312500000000000e+03 4.646304607391357422e+00 0.000000000000000000e+00
9.835580078125000000e+03 6.260651111602783203e+00 0.000000000000000000e+00
9.837842773437500000e+03 3.958160877227783203e+00 0.000000000000000000e+00
9.840111328125000000e+03 4.154284000396728516e+00 0.000000000000000000e+00
9.842375000000000000e+03 4.662600994110107422e+00 0.000000000000000000e+00
9.844645507812500000e+03 4.886993885040283203e+00 0.000000000000000000e+00
9.846910156250000000e+03 4.843508243560791016e+00 0.000000000000000000e+00
9.849174804687500000e+03 4.998836517333984375e+00 0.000000000000000000e+00
9.851446289062500000e+03 6.766927242279052734e+00 0.000000000000000000e+00
9.853712890625000000e+03 5.024765014648437500e+00 0.000000000000000000e+00
9.855984375000000000e+03 2.751099824905395508e+00 0.000000000000000000e+00
9.858251953125000000e+03 3.494142293930053711e+00 0.000000000000000000e+00
9.860525390625000000e+03 5.346266269683837891e+00 0.000000000000000000e+00
9.862793945312500000e+03 4.487802028656005859e+00 0.000000000000000000e+00
9.865068359375000000e+03 3.868880987167358398e+00 0.000000000000000000e+00
9.867337890625000000e+03 3.119802236557006836e+00 0.000000000000000000e+00
9.869607421875000000e+03 4.090857982635498047e+00 0.000000000000000000e+00
9.871883789062500000e+03 3.478097200393676758e+00 0.000000000000000000e+00
9.874154296875000000e+03 3.694481849670410156e+00 0.000000000000000000e+00
9.876431640625000000e+03 7.661087036132812500e+00 0.000000000000000000e+00
9.878703125000000000e+03 3.313929319381713867e+00 0.000000000000000000e+00
9.880981445312500000e+03 3.196492910385131836e+00 0.000000000000000000e+00
9.883254882812500000e+03 3.726258754730224609e+00 0.000000000000000000e+00
9.885528320312500000e+03 3.981357336044311523e+00 0.000000000000000000e+00
9.887807617187500000e+03 5.095083236694335938e+00 0.000000000000000000e+00
9.890083007812500000e+03 6.509163856506347656e+00 0.000000000000000000e+00
9.892363281250000000e+03 5.904932975769042969e+00 0.000000000000000000e+00
9.894638671875000000e+03 6.406734466552734375e+00 0.000000000000000000e+00
9.896920898437500000e+03 4.860181331634521484e+00 0.000000000000000000e+00
9.899197265625000000e+03 4.122537612915039062e+00 0.000000000000000000e+00
9.901474609375000000e+03 4.989139556884765625e+00 0.000000000000000000e+00
9.903757812500000000e+03 3.935154676437377930e+00 0.000000000000000000e+00
9.906036132812500000e+03 2.582310438156127930e+00 0.000000000000000000e+00
9.908320312500000000e+03 3.988009929656982422e+00 0.000000000000000000e+00
9.910599609375000000e+03 6.544903755187988281e+00 0.000000000000000000e+00
9.912885742187500000e+03 3.298941373825073242e+00 0.000000000000000000e+00
9.915166015625000000e+03 8.316376209259033203e-01 0.000000000000000000e+00
9.917447265625000000e+03 9.520195960998535156e+00 0.000000000000000000e+00
9.919733398437500000e+03 3.852533102035522461e+00 0.000000000000000000e+00
9.922015625000000000e+03 2.691903591156005859e+00 0.000000000000000000e+00
9.924303710937500000e+03 5.176131725311279297e+00 0.000000000000000000e+00
9.926586914062500000e+03 6.618424892425537109e+00 0.000000000000000000e+00
9.928875976562500000e+03 5.552645683288574219e+00 0.000000000000000000e+00
9.931160156250000000e+03 4.104654312133789062e+00 0.000000000000000000e+00
9.933444335937500000e+03 4.957538127899169922e+00 0.000000000000000000e+00
9.935735351562500000e+03 4.239083766937255859e+00 0.000000000000000000e+00
9.938020507812500000e+03 3.267951011657714844e+00 0.000000000000000000e+00
9.940312500000000000e+03 6.358066558837890625e+00 0.000000000000000000e+00
9.942599609375000000e+03 7.628648281097412109e+00 0.000000000000000000e+00
9.944892578125000000e+03 -2.075565814971923828e+00 0.000000000000000000e+00
9.947179687500000000e+03 -7.691633105278015137e-01 0.000000000000000000e+00
9.949468750000000000e+03 1.864401102066040039e+00 0.000000000000000000e+00
9.951762695312500000e+03 4.497965812683105469e+00 0.000000000000000000e+00
9.954051757812500000e+03 6.232878684997558594e+00 0.000000000000000000e+00
9.956347656250000000e+03 5.760629653930664062e+00 0.000000000000000000e+00
9.958637695312500000e+03 1.344563603401184082e+00 0.000000000000000000e+00
9.960934570312500000e+03 9.658877849578857422e-01 0.000000000000000000e+00
9.963225585937500000e+03 5.872119069099426270e-01 0.000000000000000000e+00
9.965517578125000000e+03 5.244728565216064453e+00 0.000000000000000000e+00
9.967815429687500000e+03 7.199834346771240234e+00 0.000000000000000000e+00
9.970109375000000000e+03 4.417215347290039062e+00 0.000000000000000000e+00
9.972408203125000000e+03 3.975303411483764648e+00 0.000000000000000000e+00
9.974702148437500000e+03 4.734995841979980469e+00 0.000000000000000000e+00
9.977001953125000000e+03 6.229992866516113281e+00 0.000000000000000000e+00
9.979297851562500000e+03 5.550361156463623047e+00 0.000000000000000000e+00
9.981592773437500000e+03 2.216047286987304688e+00 0.000000000000000000e+00
9.983894531250000000e+03 4.996422678232192993e-02 0.000000000000000000e+00
9.986191406250000000e+03 3.255283355712890625e+00 0.000000000000000000e+00
9.988494140625000000e+03 4.566260337829589844e+00 0.000000000000000000e+00
9.990791992187500000e+03 3.115551471710205078e+00 0.000000000000000000e+00
9.993096679687500000e+03 3.192030668258666992e+00 0.000000000000000000e+00
9.995395507812500000e+03 4.661891460418701172e+00 0.000000000000000000e+00
9.997694335937500000e+03 4.964532852172851562e+00 0.000000000000000000e+00
1.000000000000000000e+04 3.652102947235107422e+00 0.000000000000000000e+00
1.000230566406250000e+04 2.296337842941284180e+00 0.000000000000000000e+00
1.000460156250000000e+04 5.922524452209472656e+00 0.000000000000000000e+00
1.000690820312500000e+04 3.246521472930908203e+00 0.000000000000000000e+00
1.000921582031250000e+04 2.498701333999633789e+00 0.000000000000000000e+00
1.001152441406250000e+04 4.956202030181884766e+00 0.000000000000000000e+00
1.001382226562500000e+04 -6.163175582885742188e+00 0.000000000000000000e+00
1.001613085937500000e+04 1.661425971984863281e+01 0.000000000000000000e+00
1.001844042968750000e+04 1.223044013977050781e+01 0.000000000000000000e+00
1.002074023437500000e+04 5.658604621887207031e+00 0.000000000000000000e+00
1.002305078125000000e+04 6.105988025665283203e+00 0.000000000000000000e+00
1.002536230468750000e+04 1.984412431716918945e+00 0.000000000000000000e+00
1.002767382812500000e+04 1.611307144165039062e+00 0.000000000000000000e+00
1.002997558593750000e+04 1.330398082733154297e+01 0.000000000000000000e+00
1.003228808593750000e+04 9.116548538208007812e+00 0.000000000000000000e+00
1.003460156250000000e+04 3.709544181823730469e+00 0.000000000000000000e+00
1.003690429687500000e+04 4.219027996063232422e+00 0.000000000000000000e+00
1.003921875000000000e+04 4.552027702331542969e+00 0.000000000000000000e+00
1.004153417968750000e+04 3.735910415649414062e+00 0.000000000000000000e+00
1.004384960937500000e+04 2.627048254013061523e+00 0.000000000000000000e+00
1.004615429687500000e+04 1.133858323097229004e+00 0.000000000000000000e+00
1.004847070312500000e+04 4.119301319122314453e+00 0.000000000000000000e+00
1.005078808593750000e+04 7.317671298980712891e+00 0.000000000000000000e+00
1.005309472656250000e+04 5.488368034362792969e+00 0.000000000000000000e+00
1.005541308593750000e+04 5.606218814849853516e+00 0.000000000000000000e+00
1.005773242187500000e+04 6.016526222229003906e+00 0.000000000000000000e+00
1.006005078125000000e+04 5.257573127746582031e+00 0.000000000000000000e+00
1.006236035156250000e+04 3.192655801773071289e+00 0.000000000000000000e+00
1.006468066406250000e+04 2.441895723342895508e+00 0.000000000000000000e+00
1.006700097656250000e+04 4.092422485351562500e+00 0.000000000000000000e+00
1.006931152343750000e+04 3.299699306488037109e+00 0.000000000000000000e+00
1.007163378906250000e+04 8.839838504791259766e-01 0.000000000000000000e+00
1.007395605468750000e+04 6.339438915252685547e+00 0.000000000000000000e+00
1.007627929687500000e+04 6.408043861389160156e+00 0.000000000000000000e+00
1.007859179687500000e+04 3.696218013763427734e+00 0.000000000000000000e+00
1.008091601562500000e+04 4.514170646667480469e+00 0.000000000000000000e+00
1.008324023437500000e+04 -8.800087928771972656e+00 0.000000000000000000e+00
1.008555468750000000e+04 -3.712950468063354492e+00 0.000000000000000000e+00
1.008787988281250000e+04 4.347466945648193359e+00 0.000000000000000000e+00
1.009020605468750000e+04 5.591122150421142578e+00 0.000000000000000000e+00
1.009253320312500000e+04 4.126510143280029297e+00 0.000000000000000000e+00
1.009484960937500000e+04 5.256810188293457031e+00 0.000000000000000000e+00
1.009717773437500000e+04 2.649425506591796875e+00 0.000000000000000000e+00
1.009950585937500000e+04 3.439400434494018555e+00 0.000000000000000000e+00
1.010182324218750000e+04 2.816052675247192383e+00 0.000000000000000000e+00
1.010415332031250000e+04 1.554947972297668457e+00 0.000000000000000000e+00
1.010648339843750000e+04 4.488073348999023438e+00 0.000000000000000000e+00
1.010881347656250000e+04 8.736557006835937500e+00 0.000000000000000000e+00
1.011113378906250000e+04 -6.424655318260192871e-01 0.000000000000000000e+00
1.011346484375000000e+04 1.128950357437133789e+00 0.000000000000000000e+00
1.011579687500000000e+04 3.738812923431396484e+00 0.000000000000000000e+00
1.011811914062500000e+04 3.377809524536132812e+00 0.000000000000000000e+00
1.012045214843750000e+04 3.811402320861816406e+00 0.000000000000000000e+00
1.012278613281250000e+04 3.348296880722045898e+00 0.000000000000000000e+00
1.012512011718750000e+04 -9.281267166137695312e+00 0.000000000000000000e+00
1.012744335937500000e+04 1.274637818336486816e+00 0.000000000000000000e+00
1.012977929687500000e+04 6.928322315216064453e+00 0.000000000000000000e+00
1.013211523437500000e+04 1.633684992790222168e+00 0.000000000000000000e+00
1.013444042968750000e+04 -2.109575986862182617e+00 0.000000000000000000e+00
1.013677734375000000e+04 4.076013088226318359e+00 0.000000000000000000e+00
1.013911523437500000e+04 7.875227451324462891e+00 0.000000000000000000e+00
1.014145312500000000e+04 5.444775581359863281e+00 0.000000000000000000e+00
1.014378027343750000e+04 4.239370346069335938e+00 0.000000000000000000e+00
1.014611914062500000e+04 6.745535850524902344e+00 0.000000000000000000e+00
1.014845898437500000e+04 8.045145034790039062e+00 0.000000000000000000e+00
1.015078808593750000e+04 3.278938770294189453e+00 0.000000000000000000e+00
1.015312890625000000e+04 -1.416228264570236206e-01 0.000000000000000000e+00
1.015547070312500000e+04 -6.086375117301940918e-01 0.000000000000000000e+00
1.015781250000000000e+04 2.078682422637939453e+00 0.000000000000000000e+00
1.016014355468750000e+04 7.241853475570678711e-01 0.000000000000000000e+00
1.016248632812500000e+04 -1.519693613052368164e+00 0.000000000000000000e+00
1.016483007812500000e+04 5.000985622406005859e+00 0.000000000000000000e+00
1.016716210937500000e+04 7.181541919708251953e+00 0.000000000000000000e+00
1.016950683593750000e+04 3.771573543548583984e+00 0.000000000000000000e+00
1.017185253906250000e+04 1.685014247894287109e+00 0.000000000000000000e+00
1.017419726562500000e+04 1.093027591705322266e+01 0.000000000000000000e+00
1.017653222656250000e+04 2.073523330688476562e+01 0.000000000000000000e+00
1.017887890625000000e+04 9.614575386047363281e+00 0.000000000000000000e+00
1.018122656250000000e+04 -1.080935716629028320e+00 0.000000000000000000e+00
1.018356347656250000e+04 -9.136345386505126953e-01 0.000000000000000000e+00
1.018591113281250000e+04 5.295431137084960938e+00 0.000000000000000000e+00
1.018826074218750000e+04 3.636078596115112305e+00 0.000000000000000000e+00
1.019060937500000000e+04 -1.948153257369995117e+00 0.000000000000000000e+00
1.019294824218750000e+04 6.358776569366455078e+00 0.000000000000000000e+00
1.019529882812500000e+04 1.094041824340820312e+01 0.000000000000000000e+00
1.019765039062500000e+04 1.363792061805725098e+00 0.000000000000000000e+00
1.019999023437500000e+04 2.153335809707641602e+00 0.000000000000000000e+00
1.020234277343750000e+04 2.867919921875000000e+00 0.000000000000000000e+00
1.020469531250000000e+04 -2.527803421020507812e+00 0.000000000000000000e+00
1.020704785156250000e+04 3.498171329498291016e+00 0.000000000000000000e+00
1.020939062500000000e+04 3.206593513488769531e+00 0.000000000000000000e+00
1.021174511718750000e+04 -1.263810539245605469e+01 0.000000000000000000e+00
1.021409960937500000e+04 8.153889656066894531e+00 0.000000000000000000e+00
1.021644433593750000e+04 1.951564979553222656e+01 0.000000000000000000e+00
1.021879980468750000e+04 -1.970749855041503906e+00 0.000000000000000000e+00
1.022115625000000000e+04 4.468130588531494141e+00 0.000000000000000000e+00
1.022351367187500000e+04 5.232077121734619141e+00 0.000000000000000000e+00
1.022585937500000000e+04 2.985196113586425781e+00 0.000000000000000000e+00
1.022821777343750000e+04 7.781001091003417969e+00 0.000000000000000000e+00
1.023057617187500000e+04 5.059213161468505859e+00 0.000000000000000000e+00
1.023292382812500000e+04 -2.882457494735717773e+00 0.000000000000000000e+00
1.023528417968750000e+04 1.107337951660156250e+01 0.000000000000000000e+00
1.023764355468750000e+04 8.732962608337402344e+00 0.000000000000000000e+00
1.024000488281250000e+04 3.100148200988769531e+00 0.000000000000000000e+00
1.024235449218750000e+04 3.920960187911987305e+00 0.000000000000000000e+00
1.024471679687500000e+04 5.095355987548828125e+00 0.000000000000000000e+00
1.024707910156250000e+04 3.154251098632812500e+00 0.000000000000000000e+00
1.024943066406250000e+04 4.761467456817626953e+00 0.000000000000000000e+00
1.025179394531250000e+04 -1.255748033523559570e+00 0.000000000000000000e+00
1.025415820312500000e+04 -1.086797118186950684e+00 0.000000000000000000e+00
1.025652343750000000e+04 -9.178462028503417969e-01 0.000000000000000000e+00
1.025887695312500000e+04 -7.488953471183776855e-01 0.000000000000000000e+00
1.026124218750000000e+04 -5.799444317817687988e-01 0.000000000000000000e+00
1.026360839843750000e+04 -4.109935164451599121e-01 0.000000000000000000e+00
1.026596386718750000e+04 -2.420426607131958008e-01 0.000000000000000000e+00
1.026833105468750000e+04 -7.309177517890930176e-02 0.000000000000000000e+00
1.027069921875000000e+04 2.519267082214355469e+00 0.000000000000000000e+00
1.027306738281250000e+04 1.130512833595275879e+00 0.000000000000000000e+00
1.027542578125000000e+04 1.125703525543212891e+01 0.000000000000000000e+00
1.027779492187500000e+04 3.127253293991088867e+00 0.000000000000000000e+00
1.028016503906250000e+04 -1.975981593132019043e+00 0.000000000000000000e+00
1.028252441406250000e+04 1.900924205780029297e+00 0.000000000000000000e+00
1.028489550781250000e+04 -2.889954566955566406e+00 0.000000000000000000e+00
1.028726660156250000e+04 -3.443463897705078125e+01 0.000000000000000000e+00
1.028963964843750000e+04 -6.468385219573974609e+00 0.000000000000000000e+00
1.029200097656250000e+04 1.323136997222900391e+01 0.000000000000000000e+00
1.029437402343750000e+04 9.324275255203247070e-01 0.000000000000000000e+00
1.029674804687500000e+04 -3.446009635925292969e+00 0.000000000000000000e+00
1.029911132812500000e+04 5.456541538238525391e+00 0.000000000000000000e+00
1.030148632812500000e+04 2.218112182617187500e+01 0.000000000000000000e+00
1.030386132812500000e+04 1.373849582672119141e+01 0.000000000000000000e+00
1.030623730468750000e+04 -7.404093742370605469e+00 0.000000000000000000e+00
1.030860253906250000e+04 5.268481731414794922e+00 0.000000000000000000e+00
1.031097949218750000e+04 -3.612899541854858398e+00 0.000000000000000000e+00
1.031335742187500000e+04 4.160941123962402344e+00 0.000000000000000000e+00
1.031573632812500000e+04 6.369717121124267578e+00 0.000000000000000000e+00
1.031810351562500000e+04 -5.960044384002685547e+00 0.000000000000000000e+00
1.032048242187500000e+04 6.442694187164306641e+00 0.000000000000000000e+00
1.032286230468750000e+04 6.442694187164306641e+00 0.000000000000000000e+00
1.032523144531250000e+04 6.442694187164306641e+00 0.000000000000000000e+00
1.032761230468750000e+04 6.442694187164306641e+00 0.000000000000000000e+00
1.032999414062500000e+04 6.442694187164306641e+00 0.000000000000000000e+00
1.033237597656250000e+04 6.442694187164306641e+00 0.000000000000000000e+00
1.033474707031250000e+04 6.442694187164306641e+00 0.000000000000000000e+00
1.033713085937500000e+04 6.442694187164306641e+00 0.000000000000000000e+00
1.033951464843750000e+04 6.442694187164306641e+00 0.000000000000000000e+00
1.034188769531250000e+04 6.442694187164306641e+00 0.000000000000000000e+00
1.034427246093750000e+04 6.442694187164306641e+00 0.000000000000000000e+00
1.034665722656250000e+04 6.442694187164306641e+00 0.000000000000000000e+00
1.034904296875000000e+04 6.442694187164306641e+00 0.000000000000000000e+00
1.035141894531250000e+04 6.442694187164306641e+00 0.000000000000000000e+00
1.035380566406250000e+04 6.442694187164306641e+00 0.000000000000000000e+00
1.035619335937500000e+04 6.442694187164306641e+00 0.000000000000000000e+00
1.035856933593750000e+04 6.442694187164306641e+00 0.000000000000000000e+00
1.036095800781250000e+04 6.442694187164306641e+00 0.000000000000000000e+00
1.036334765625000000e+04 6.442694187164306641e+00 0.000000000000000000e+00
1.036573730468750000e+04 6.442694187164306641e+00 0.000000000000000000e+00
1.036811621093750000e+04 6.442694187164306641e+00 0.000000000000000000e+00
1.037050683593750000e+04 6.442694187164306641e+00 0.000000000000000000e+00
1.037289843750000000e+04 6.442694187164306641e+00 0.000000000000000000e+00
1.037527929687500000e+04 6.442694187164306641e+00 0.000000000000000000e+00
1.037767187500000000e+04 6.442694187164306641e+00 0.000000000000000000e+00
1.038006445312500000e+04 6.442694187164306641e+00 0.000000000000000000e+00
1.038245800781250000e+04 6.442694187164306641e+00 0.000000000000000000e+00
1.038484082031250000e+04 6.442694187164306641e+00 0.000000000000000000e+00
1.038723632812500000e+04 6.442694187164306641e+00 0.000000000000000000e+00
1.038963085937500000e+04 6.442694187164306641e+00 0.000000000000000000e+00
1.039201562500000000e+04 6.442694187164306641e+00 0.000000000000000000e+00
1.039441210937500000e+04 6.442694187164306641e+00 0.000000000000000000e+00
1.039680859375000000e+04 6.442694187164306641e+00 0.000000000000000000e+00
1.039920605468750000e+04 6.442694187164306641e+00 0.000000000000000000e+00
