SPECTRA INDEX,SPECTRA FILE NAME,SDSS SNR,CALCULATED SNR
2,spec-7634-56935-0762-dered.dr16,11.20957,5.51913
3,spec-8214-57867-0380-dered.dr16,10.31995,5.44494
4,spec-8302-57389-0164-dered.dr16,12.58006,6.34743
