SPECTRA INDEX,SPECTRA FILE NAME,NORM SPECTRA FILE NAME,REDSHIFT,CALCULATED SNR,SDSS SNR,BF,CF
1,spec-10901-58397-0466-dered.dr16,spec-10901-58397-0466norm.dr16,1.9001,10.13723,19.31803,14018280.543005684,-1.6005247086857584
5,spec-9140-58039-0081-dered.dr16,spec-9140-58039-0081norm.dr16,1.9001,14.52915,31.09008,8.91154284240097,0.1324715998482844
