SPECTRA INDEX,SPECTRA FILE NAME,NORM SPECTRA FILE NAME,REDSHIFT,CALCULATED SNR,SDSS SNR,BF,CF
437,spec-10431-58137-0135-dered.dr16,spec-10431-58137-0135norm.dr16,1.914,13.83831,18.46092,6017.576506757087,-0.7232986804666385
