SPECTRA INDEX,SPECTRA FILE NAME,NORM SPECTRA FILE NAME,REDSHIFT,CALCULATED SNR,SDSS SNR,BF,CF
1,spec-10901-58397-0466-dered.dr16,spec-10901-58397-0466norm.dr16,1.9001,10.13723,19.31803,2032272.2266521202,-1.3421106003660117
