SPECTRA INDEX,SPECTRA FILE NAME,CHI SQUARED
55,spec-9162-58040-0112-dered.dr16,57.658040045650694
56,spec-9227-57932-0572-dered.dr16,21.65372531967575
