SPECTRA INDEX,SPECTRA FILE NAME,CHI SQUARED
1,spec-10901-58397-0466-dered.dr16,14.506025780362187
5,spec-9140-58039-0081-dered.dr16,6.015989101501762
