SPECTRA INDEX,SPECTRA FILE NAME,CHI SQUARED
10000,spec-5716-56684-0654-dered.dr16,4.647188386056957
437,spec-10431-58137-0135-dered.dr16,9.132949549554436
