SPECTRA INDEX,SPECTRA FILE NAME,CHI SQUARED
97,spec-1372-53062-0154-dered.dr16,76.73873651745727
98,spec-6636-56367-0036-dered.dr16,49.740054287762014
