SPECTRA INDEX,SPECTRA FILE NAME,CHI SQUARED
10,spec-5778-56328-0973-dered.dr16,29.366702313803664
11,spec-9602-58131-0454-dered.dr16,11.367326687490463
