index,spectra index,chi_sq
1,2829,9.294841620182707
2,2830,3.0855709262542526
