#wavelengths flux error
3.566974365234375000e+03 4.113713073730468750e+01 0.000000000000000000e+00
3.567794921875000000e+03 1.167797565460205078e+01 0.000000000000000000e+00
3.568617675781250000e+03 5.635886001586914062e+01 0.000000000000000000e+00
3.569438476562500000e+03 1.303273582458496094e+01 0.000000000000000000e+00
3.570261718750000000e+03 3.829090118408203125e+01 0.000000000000000000e+00
3.571083007812500000e+03 2.999762535095214844e+01 0.000000000000000000e+00
3.571906494140625000e+03 9.504981040954589844e+00 0.000000000000000000e+00
3.572728271484375000e+03 2.529714012145996094e+01 0.000000000000000000e+00
3.573550048828125000e+03 5.147239685058593750e+01 0.000000000000000000e+00
3.574374023437500000e+03 1.707647895812988281e+01 0.000000000000000000e+00
3.575196289062500000e+03 4.131126022338867188e+01 0.000000000000000000e+00
3.576020751953125000e+03 4.430253601074218750e+01 0.000000000000000000e+00
3.576843505859375000e+03 2.734034156799316406e+01 0.000000000000000000e+00
3.577668212890625000e+03 1.247464656829833984e+01 0.000000000000000000e+00
3.578491455078125000e+03 1.712196731567382812e+01 0.000000000000000000e+00
3.579314453125000000e+03 4.206519699096679688e+01 0.000000000000000000e+00
3.580139892578125000e+03 3.245413970947265625e+01 0.000000000000000000e+00
3.580963623046875000e+03 2.431304550170898438e+01 0.000000000000000000e+00
3.581789306640625000e+03 9.000456809997558594e+00 0.000000000000000000e+00
3.582613281250000000e+03 1.677998161315917969e+01 0.000000000000000000e+00
3.583439453125000000e+03 4.616915130615234375e+01 0.000000000000000000e+00
3.584263916015625000e+03 2.769196701049804688e+01 0.000000000000000000e+00
3.585088378906250000e+03 3.190216636657714844e+01 0.000000000000000000e+00
3.585915039062500000e+03 5.295739746093750000e+01 0.000000000000000000e+00
3.586739990234375000e+03 3.657461929321289062e+01 0.000000000000000000e+00
3.587567138671875000e+03 9.985682487487792969e+00 0.000000000000000000e+00
3.588392333984375000e+03 1.262463092803955078e+01 0.000000000000000000e+00
3.589219970703125000e+03 1.659177398681640625e+01 0.000000000000000000e+00
3.590045654296875000e+03 2.606580734252929688e+01 0.000000000000000000e+00
3.590871582031250000e+03 2.833532571792602539e+00 0.000000000000000000e+00
3.591699462890625000e+03 2.475881385803222656e+01 0.000000000000000000e+00
3.592525878906250000e+03 4.158445358276367188e+01 0.000000000000000000e+00
3.593354248046875000e+03 1.798391342163085938e+01 0.000000000000000000e+00
3.594180908203125000e+03 4.912345123291015625e+01 0.000000000000000000e+00
3.595009765625000000e+03 1.186287879943847656e+01 0.000000000000000000e+00
3.595836669921875000e+03 4.512531280517578125e+01 0.000000000000000000e+00
3.596663818359375000e+03 3.295495605468750000e+01 0.000000000000000000e+00
3.597493408203125000e+03 1.488540649414062500e+01 0.000000000000000000e+00
3.598320800781250000e+03 4.255105972290039062e+01 0.000000000000000000e+00
3.599150634765625000e+03 6.093475341796875000e+00 0.000000000000000000e+00
3.599978759765625000e+03 3.957507705688476562e+01 0.000000000000000000e+00
3.600808837890625000e+03 8.978075027465820312e+00 0.000000000000000000e+00
3.601637207031250000e+03 7.947749614715576172e+00 0.000000000000000000e+00
3.602467773437500000e+03 2.716261100769042969e+01 0.000000000000000000e+00
3.603296386718750000e+03 2.524071311950683594e+01 0.000000000000000000e+00
3.604125244140625000e+03 5.194390869140625000e+01 0.000000000000000000e+00
3.604956542968750000e+03 5.028908252716064453e+00 0.000000000000000000e+00
3.605785888671875000e+03 2.419163703918457031e+01 0.000000000000000000e+00
3.606617187500000000e+03 3.136217308044433594e+01 0.000000000000000000e+00
3.607447021484375000e+03 1.532034397125244141e+01 0.000000000000000000e+00
3.608278808593750000e+03 1.046418380737304688e+01 0.000000000000000000e+00
3.609108886718750000e+03 -5.844907760620117188e+00 0.000000000000000000e+00
3.609939208984375000e+03 4.401059150695800781e+00 0.000000000000000000e+00
3.610771728515625000e+03 -9.125214576721191406e+00 0.000000000000000000e+00
3.611602294921875000e+03 3.867026090621948242e+00 0.000000000000000000e+00
3.612435058593750000e+03 1.033596134185791016e+01 0.000000000000000000e+00
3.613266113281250000e+03 -6.831117153167724609e+00 0.000000000000000000e+00
3.614099365234375000e+03 3.700663375854492188e+01 0.000000000000000000e+00
3.614930664062500000e+03 3.527032089233398438e+01 0.000000000000000000e+00
3.615762451171875000e+03 1.925809669494628906e+01 0.000000000000000000e+00
3.616596191406250000e+03 2.050187301635742188e+01 0.000000000000000000e+00
3.617428222656250000e+03 2.473638725280761719e+01 0.000000000000000000e+00
3.618262451171875000e+03 2.294127845764160156e+01 0.000000000000000000e+00
3.619094726562500000e+03 4.210795974731445312e+01 0.000000000000000000e+00
3.619929199218750000e+03 4.389792633056640625e+01 0.000000000000000000e+00
3.620761962890625000e+03 3.353298950195312500e+01 0.000000000000000000e+00
3.621594970703125000e+03 3.443311309814453125e+01 0.000000000000000000e+00
3.622430175781250000e+03 2.899743461608886719e+01 0.000000000000000000e+00
3.623263427734375000e+03 1.358893871307373047e+01 0.000000000000000000e+00
3.624098876953125000e+03 3.381365585327148438e+01 0.000000000000000000e+00
3.624932617187500000e+03 4.202905654907226562e+01 0.000000000000000000e+00
3.625768554687500000e+03 2.469288063049316406e+01 0.000000000000000000e+00
3.626602783203125000e+03 3.395633697509765625e+01 0.000000000000000000e+00
3.627437011718750000e+03 4.687306594848632812e+01 0.000000000000000000e+00
3.628273437500000000e+03 2.845714378356933594e+01 0.000000000000000000e+00
3.629108154296875000e+03 2.307069778442382812e+01 0.000000000000000000e+00
3.629945068359375000e+03 3.622945022583007812e+01 0.000000000000000000e+00
3.630780029296875000e+03 8.315877914428710938e+00 0.000000000000000000e+00
3.631617431640625000e+03 2.405047035217285156e+01 0.000000000000000000e+00
3.632452880859375000e+03 4.453162384033203125e+01 0.000000000000000000e+00
3.633288330078125000e+03 2.091521263122558594e+01 0.000000000000000000e+00
3.634126220703125000e+03 4.068083572387695312e+01 0.000000000000000000e+00
3.634962158203125000e+03 3.149376106262207031e+01 0.000000000000000000e+00
3.635800537109375000e+03 2.797620391845703125e+01 0.000000000000000000e+00
3.636636962890625000e+03 2.863552665710449219e+01 0.000000000000000000e+00
3.637475585937500000e+03 2.713757514953613281e+01 0.000000000000000000e+00
3.638312255859375000e+03 2.619153213500976562e+01 0.000000000000000000e+00
3.639149169921875000e+03 3.014378929138183594e+01 0.000000000000000000e+00
3.639988525390625000e+03 3.479796218872070312e+01 0.000000000000000000e+00
3.640825927734375000e+03 2.961044883728027344e+01 0.000000000000000000e+00
3.641665283203125000e+03 2.857576179504394531e+01 0.000000000000000000e+00
3.642503173828125000e+03 3.105025100708007812e+01 0.000000000000000000e+00
3.643343017578125000e+03 3.268246078491210938e+01 0.000000000000000000e+00
3.644181152343750000e+03 4.189094543457031250e+01 0.000000000000000000e+00
3.645019531250000000e+03 4.132860565185546875e+01 0.000000000000000000e+00
3.645860107421875000e+03 3.172871589660644531e+01 0.000000000000000000e+00
3.646698974609375000e+03 3.189827919006347656e+01 0.000000000000000000e+00
3.647539794921875000e+03 3.382889938354492188e+01 0.000000000000000000e+00
3.648378906250000000e+03 2.721153640747070312e+01 0.000000000000000000e+00
3.649220214843750000e+03 3.141051864624023438e+01 0.000000000000000000e+00
3.650059570312500000e+03 4.600060653686523438e+01 0.000000000000000000e+00
3.650899414062500000e+03 4.889093399047851562e+01 0.000000000000000000e+00
3.651741210937500000e+03 3.969941711425781250e+01 0.000000000000000000e+00
3.652581298828125000e+03 3.377758026123046875e+01 0.000000000000000000e+00
3.653423583984375000e+03 3.727874755859375000e+01 0.000000000000000000e+00
3.654264160156250000e+03 3.570201873779296875e+01 0.000000000000000000e+00
3.655106689453125000e+03 3.687761306762695312e+01 0.000000000000000000e+00
3.655947509765625000e+03 3.219276046752929688e+01 0.000000000000000000e+00
3.656788574218750000e+03 4.221870803833007812e+01 0.000000000000000000e+00
3.657631835937500000e+03 4.394118881225585938e+01 0.000000000000000000e+00
3.658473388671875000e+03 2.310918998718261719e+01 0.000000000000000000e+00
3.659316894531250000e+03 2.583255386352539062e+01 0.000000000000000000e+00
3.660158691406250000e+03 1.926769638061523438e+01 0.000000000000000000e+00
3.661002929687500000e+03 2.171012306213378906e+01 0.000000000000000000e+00
3.661844970703125000e+03 2.224687004089355469e+01 0.000000000000000000e+00
3.662687500000000000e+03 2.778305625915527344e+01 0.000000000000000000e+00
3.663531982421875000e+03 4.147647476196289062e+01 0.000000000000000000e+00
3.664374755859375000e+03 3.661124801635742188e+01 0.000000000000000000e+00
3.665219726562500000e+03 3.543321609497070312e+01 0.000000000000000000e+00
3.666062988281250000e+03 3.102734756469726562e+01 0.000000000000000000e+00
3.666908447265625000e+03 2.722869300842285156e+01 0.000000000000000000e+00
3.667751953125000000e+03 3.068227005004882812e+01 0.000000000000000000e+00
3.668597656250000000e+03 3.685974884033203125e+01 0.000000000000000000e+00
3.669441650390625000e+03 2.895468139648437500e+01 0.000000000000000000e+00
3.670285888671875000e+03 1.559393215179443359e+01 0.000000000000000000e+00
3.671132080078125000e+03 2.675850296020507812e+01 0.000000000000000000e+00
3.671976806640625000e+03 3.059386825561523438e+01 0.000000000000000000e+00
3.672823486328125000e+03 2.647979545593261719e+01 0.000000000000000000e+00
3.673668457031250000e+03 3.349229049682617188e+01 0.000000000000000000e+00
3.674515625000000000e+03 3.962928009033203125e+01 0.000000000000000000e+00
3.675360839843750000e+03 3.210221099853515625e+01 0.000000000000000000e+00
3.676206298828125000e+03 3.266213226318359375e+01 0.000000000000000000e+00
3.677054199218750000e+03 3.358620834350585938e+01 0.000000000000000000e+00
3.677899902343750000e+03 2.625272178649902344e+01 0.000000000000000000e+00
3.678748046875000000e+03 2.204061508178710938e+01 0.000000000000000000e+00
3.679594482421875000e+03 3.933841323852539062e+01 0.000000000000000000e+00
3.680442871093750000e+03 3.451308059692382812e+01 0.000000000000000000e+00
3.681289550781250000e+03 2.445602607727050781e+01 0.000000000000000000e+00
3.682136474609375000e+03 2.533742332458496094e+01 0.000000000000000000e+00
3.682985595703125000e+03 3.261850738525390625e+01 0.000000000000000000e+00
3.683832763671875000e+03 3.199783515930175781e+01 0.000000000000000000e+00
3.684682373046875000e+03 2.437210273742675781e+01 0.000000000000000000e+00
3.685530029296875000e+03 4.031372451782226562e+01 0.000000000000000000e+00
3.686379882812500000e+03 2.124854660034179688e+01 0.000000000000000000e+00
3.687227783203125000e+03 2.891133308410644531e+01 0.000000000000000000e+00
3.688076171875000000e+03 4.693847274780273438e+01 0.000000000000000000e+00
3.688926513671875000e+03 3.095675086975097656e+01 0.000000000000000000e+00
3.689775146484375000e+03 2.944214439392089844e+01 0.000000000000000000e+00
3.690625976562500000e+03 3.037754249572753906e+01 0.000000000000000000e+00
3.691475097656250000e+03 2.853126335144042969e+01 0.000000000000000000e+00
3.692326416015625000e+03 2.221910476684570312e+01 0.000000000000000000e+00
3.693175781250000000e+03 3.296745681762695312e+01 0.000000000000000000e+00
3.694025390625000000e+03 5.187462234497070312e+01 0.000000000000000000e+00
3.694877197265625000e+03 2.383065414428710938e+01 0.000000000000000000e+00
3.695727294921875000e+03 4.264750671386718750e+01 0.000000000000000000e+00
3.696579345703125000e+03 2.259592437744140625e+01 0.000000000000000000e+00
3.697429931640625000e+03 3.205686187744140625e+01 0.000000000000000000e+00
3.698282470703125000e+03 5.174949264526367188e+01 0.000000000000000000e+00
3.699133300781250000e+03 3.252932357788085938e+01 0.000000000000000000e+00
3.699984130859375000e+03 3.958446121215820312e+01 0.000000000000000000e+00
3.700837402343750000e+03 3.325607681274414062e+01 0.000000000000000000e+00
3.701688720703125000e+03 2.687731170654296875e+01 0.000000000000000000e+00
3.702542480468750000e+03 3.332284927368164062e+01 0.000000000000000000e+00
3.703394287109375000e+03 3.126263999938964844e+01 0.000000000000000000e+00
3.704248291015625000e+03 1.738281250000000000e+01 0.000000000000000000e+00
3.705100341796875000e+03 3.988774490356445312e+01 0.000000000000000000e+00
3.705952636718750000e+03 4.569527053833007812e+01 0.000000000000000000e+00
3.706807373046875000e+03 3.140790176391601562e+01 0.000000000000000000e+00
3.707659912109375000e+03 3.321809387207031250e+01 0.000000000000000000e+00
3.708514892578125000e+03 3.191462516784667969e+01 0.000000000000000000e+00
3.709368164062500000e+03 1.253606605529785156e+01 0.000000000000000000e+00
3.710223388671875000e+03 3.140192222595214844e+01 0.000000000000000000e+00
3.711077148437500000e+03 3.263459396362304688e+01 0.000000000000000000e+00
3.711930664062500000e+03 3.360440063476562500e+01 0.000000000000000000e+00
3.712786621093750000e+03 3.424952316284179688e+01 0.000000000000000000e+00
3.713640869140625000e+03 3.584135818481445312e+01 0.000000000000000000e+00
3.714497314453125000e+03 4.309848022460937500e+01 0.000000000000000000e+00
3.715351806640625000e+03 4.868070220947265625e+01 0.000000000000000000e+00
3.716208496093750000e+03 3.386909103393554688e+01 0.000000000000000000e+00
3.717063476562500000e+03 1.807995986938476562e+01 0.000000000000000000e+00
3.717918457031250000e+03 1.258148670196533203e+01 0.000000000000000000e+00
3.718775878906250000e+03 1.344697284698486328e+01 0.000000000000000000e+00
3.719631347656250000e+03 2.082489585876464844e+01 0.000000000000000000e+00
3.720489013671875000e+03 4.253833007812500000e+01 0.000000000000000000e+00
3.721344970703125000e+03 3.166932106018066406e+01 0.000000000000000000e+00
3.722203125000000000e+03 3.698446655273437500e+01 0.000000000000000000e+00
3.723059326171875000e+03 4.569351196289062500e+01 0.000000000000000000e+00
3.723915771484375000e+03 4.415785980224609375e+01 0.000000000000000000e+00
3.724774658203125000e+03 3.893175888061523438e+01 0.000000000000000000e+00
3.725631591796875000e+03 3.896305084228515625e+01 0.000000000000000000e+00
3.726490478515625000e+03 4.290478897094726562e+01 0.000000000000000000e+00
3.727347900390625000e+03 4.287461853027343750e+01 0.000000000000000000e+00
3.728207275390625000e+03 3.544713592529296875e+01 0.000000000000000000e+00
3.729064941406250000e+03 2.954781913757324219e+01 0.000000000000000000e+00
3.729922851562500000e+03 3.528348541259765625e+01 0.000000000000000000e+00
3.730782958984375000e+03 4.618315505981445312e+01 0.000000000000000000e+00
3.731641357421875000e+03 4.543825149536132812e+01 0.000000000000000000e+00
3.732501708984375000e+03 3.983656311035156250e+01 0.000000000000000000e+00
3.733360351562500000e+03 4.481090545654296875e+01 0.000000000000000000e+00
3.734221435546875000e+03 5.357807540893554688e+01 0.000000000000000000e+00
3.735080322265625000e+03 5.399451446533203125e+01 0.000000000000000000e+00
3.735941650390625000e+03 5.399676895141601562e+01 0.000000000000000000e+00
3.736801269531250000e+03 4.339877700805664062e+01 0.000000000000000000e+00
3.737660888671875000e+03 4.503179931640625000e+01 0.000000000000000000e+00
3.738522705078125000e+03 5.397316741943359375e+01 0.000000000000000000e+00
3.739382812500000000e+03 5.172259140014648438e+01 0.000000000000000000e+00
3.740245117187500000e+03 4.019720458984375000e+01 0.000000000000000000e+00
3.741105468750000000e+03 4.611322784423828125e+01 0.000000000000000000e+00
3.741968261718750000e+03 2.451807022094726562e+01 0.000000000000000000e+00
3.742829101562500000e+03 6.226402664184570312e+01 0.000000000000000000e+00
3.743689941406250000e+03 5.324604034423828125e+01 0.000000000000000000e+00
3.744553222656250000e+03 4.036215972900390625e+01 0.000000000000000000e+00
3.745414794921875000e+03 8.179219818115234375e+01 0.000000000000000000e+00
3.746278564453125000e+03 2.337463378906250000e+01 0.000000000000000000e+00
3.747140380859375000e+03 6.109624481201171875e+01 0.000000000000000000e+00
3.748004394531250000e+03 5.936916351318359375e+01 0.000000000000000000e+00
3.748866699218750000e+03 4.977440643310546875e+01 0.000000000000000000e+00
3.749729003906250000e+03 5.445763015747070312e+01 0.000000000000000000e+00
3.750593750000000000e+03 5.068705368041992188e+01 0.000000000000000000e+00
3.751456542968750000e+03 5.049406051635742188e+01 0.000000000000000000e+00
3.752321533203125000e+03 5.510354995727539062e+01 0.000000000000000000e+00
3.753184814453125000e+03 4.949892425537109375e+01 0.000000000000000000e+00
3.754050292968750000e+03 5.430995941162109375e+01 0.000000000000000000e+00
3.754913818359375000e+03 6.162140274047851562e+01 0.000000000000000000e+00
3.755777587890625000e+03 5.393827438354492188e+01 0.000000000000000000e+00
3.756643798828125000e+03 5.285121536254882812e+01 0.000000000000000000e+00
3.757508056640625000e+03 5.407646942138671875e+01 0.000000000000000000e+00
3.758374511718750000e+03 6.101884078979492188e+01 0.000000000000000000e+00
3.759239013671875000e+03 5.711365127563476562e+01 0.000000000000000000e+00
3.760105957031250000e+03 5.542327117919921875e+01 0.000000000000000000e+00
3.760970947265625000e+03 6.767764282226562500e+01 0.000000000000000000e+00
3.761836181640625000e+03 6.043203353881835938e+01 0.000000000000000000e+00
3.762703613281250000e+03 6.242840194702148438e+01 0.000000000000000000e+00
3.763569335937500000e+03 4.928974914550781250e+01 0.000000000000000000e+00
3.764437011718750000e+03 4.242806243896484375e+01 0.000000000000000000e+00
3.765302978515625000e+03 5.612345123291015625e+01 0.000000000000000000e+00
3.766171386718750000e+03 6.985188293457031250e+01 0.000000000000000000e+00
3.767037841796875000e+03 5.322771072387695312e+01 0.000000000000000000e+00
3.767904296875000000e+03 5.559754180908203125e+01 0.000000000000000000e+00
3.768773193359375000e+03 5.891853713989257812e+01 0.000000000000000000e+00
3.769640136718750000e+03 5.856770324707031250e+01 0.000000000000000000e+00
3.770509521484375000e+03 5.712735748291015625e+01 0.000000000000000000e+00
3.771376953125000000e+03 5.323080444335937500e+01 0.000000000000000000e+00
3.772246582031250000e+03 4.475593566894531250e+01 0.000000000000000000e+00
3.773114501953125000e+03 4.995584487915039062e+01 0.000000000000000000e+00
3.773982421875000000e+03 4.304349136352539062e+01 0.000000000000000000e+00
3.774852783203125000e+03 4.379345703125000000e+01 0.000000000000000000e+00
3.775720947265625000e+03 6.191019058227539062e+01 0.000000000000000000e+00
3.776591796875000000e+03 7.211457061767578125e+01 0.000000000000000000e+00
3.777460449218750000e+03 4.642123413085937500e+01 0.000000000000000000e+00
3.778331542968750000e+03 5.121950912475585938e+01 0.000000000000000000e+00
3.779200927734375000e+03 6.704844665527343750e+01 0.000000000000000000e+00
3.780070312500000000e+03 7.217430114746093750e+01 0.000000000000000000e+00
3.780941894531250000e+03 6.609376525878906250e+01 0.000000000000000000e+00
3.781811767578125000e+03 5.894795989990234375e+01 0.000000000000000000e+00
3.782683837890625000e+03 5.584202194213867188e+01 0.000000000000000000e+00
3.783553955078125000e+03 6.566561889648437500e+01 0.000000000000000000e+00
3.784426513671875000e+03 7.345330047607421875e+01 0.000000000000000000e+00
3.785297119140625000e+03 6.837232971191406250e+01 0.000000000000000000e+00
3.786167968750000000e+03 5.535712814331054688e+01 0.000000000000000000e+00
3.787041015625000000e+03 5.254105758666992188e+01 0.000000000000000000e+00
3.787912109375000000e+03 7.178609466552734375e+01 0.000000000000000000e+00
3.788785644531250000e+03 7.607425689697265625e+01 0.000000000000000000e+00
3.789657226562500000e+03 5.177115631103515625e+01 0.000000000000000000e+00
3.790531005859375000e+03 5.240526199340820312e+01 0.000000000000000000e+00
3.791403076171875000e+03 6.562092590332031250e+01 0.000000000000000000e+00
3.792275390625000000e+03 5.500682067871093750e+01 0.000000000000000000e+00
3.793149902343750000e+03 6.415361785888671875e+01 0.000000000000000000e+00
3.794022460937500000e+03 5.900168991088867188e+01 0.000000000000000000e+00
3.794897216796875000e+03 6.256037521362304688e+01 0.000000000000000000e+00
3.795770263671875000e+03 6.020634841918945312e+01 0.000000000000000000e+00
3.796645507812500000e+03 5.099691772460937500e+01 0.000000000000000000e+00
3.797519042968750000e+03 4.992821884155273438e+01 0.000000000000000000e+00
3.798392578125000000e+03 5.268967819213867188e+01 0.000000000000000000e+00
3.799268554687500000e+03 5.133637619018554688e+01 0.000000000000000000e+00
3.800142578125000000e+03 5.720695495605468750e+01 0.000000000000000000e+00
3.801018798828125000e+03 6.226394271850585938e+01 0.000000000000000000e+00
3.801893310546875000e+03 6.659674835205078125e+01 0.000000000000000000e+00
3.802770019531250000e+03 7.437814331054687500e+01 0.000000000000000000e+00
3.803644775390625000e+03 7.498479461669921875e+01 0.000000000000000000e+00
3.804521972656250000e+03 7.592341613769531250e+01 0.000000000000000000e+00
3.805397216796875000e+03 8.418424224853515625e+01 0.000000000000000000e+00
3.806272705078125000e+03 8.210298156738281250e+01 0.000000000000000000e+00
3.807150390625000000e+03 7.220414733886718750e+01 0.000000000000000000e+00
3.808026123046875000e+03 7.049291992187500000e+01 0.000000000000000000e+00
3.808904296875000000e+03 7.156265258789062500e+01 0.000000000000000000e+00
3.809780517578125000e+03 7.326849365234375000e+01 0.000000000000000000e+00
3.810658935546875000e+03 7.643526458740234375e+01 0.000000000000000000e+00
3.811535644531250000e+03 6.378167724609375000e+01 0.000000000000000000e+00
3.812412597656250000e+03 4.414185333251953125e+01 0.000000000000000000e+00
3.813291748046875000e+03 4.132321548461914062e+01 0.000000000000000000e+00
3.814168945312500000e+03 5.175232696533203125e+01 0.000000000000000000e+00
3.815048339843750000e+03 6.724663543701171875e+01 0.000000000000000000e+00
3.815926025390625000e+03 6.922399902343750000e+01 0.000000000000000000e+00
3.816805908203125000e+03 6.504248809814453125e+01 0.000000000000000000e+00
3.817684082031250000e+03 6.302297210693359375e+01 0.000000000000000000e+00
3.818562255859375000e+03 6.570049285888671875e+01 0.000000000000000000e+00
3.819442871093750000e+03 7.306227874755859375e+01 0.000000000000000000e+00
3.820321533203125000e+03 6.375190353393554688e+01 0.000000000000000000e+00
3.821202392578125000e+03 5.960784912109375000e+01 0.000000000000000000e+00
3.822081542968750000e+03 4.994114303588867188e+01 0.000000000000000000e+00
3.822962890625000000e+03 4.329224014282226562e+01 0.000000000000000000e+00
3.823842285156250000e+03 5.752851867675781250e+01 0.000000000000000000e+00
3.824721923828125000e+03 7.357152557373046875e+01 0.000000000000000000e+00
3.825604003906250000e+03 8.858631896972656250e+01 0.000000000000000000e+00
3.826484130859375000e+03 8.545220947265625000e+01 0.000000000000000000e+00
3.827366455078125000e+03 8.811877441406250000e+01 0.000000000000000000e+00
3.828246826171875000e+03 9.593057250976562500e+01 0.000000000000000000e+00
3.829129638671875000e+03 8.861898040771484375e+01 0.000000000000000000e+00
3.830010498046875000e+03 7.978258514404296875e+01 0.000000000000000000e+00
3.830891601562500000e+03 9.128541564941406250e+01 0.000000000000000000e+00
3.831775146484375000e+03 8.299433135986328125e+01 0.000000000000000000e+00
3.832656494140625000e+03 7.953186798095703125e+01 0.000000000000000000e+00
3.833540283203125000e+03 9.177209472656250000e+01 0.000000000000000000e+00
3.834422363281250000e+03 9.873992919921875000e+01 0.000000000000000000e+00
3.835306396484375000e+03 9.213030242919921875e+01 0.000000000000000000e+00
3.836188720703125000e+03 9.155699920654296875e+01 0.000000000000000000e+00
3.837071289062500000e+03 8.584110260009765625e+01 0.000000000000000000e+00
3.837956054687500000e+03 6.646241760253906250e+01 0.000000000000000000e+00
3.838839111328125000e+03 4.669683456420898438e+01 0.000000000000000000e+00
3.839724365234375000e+03 4.139195632934570312e+01 0.000000000000000000e+00
3.840607666015625000e+03 4.108202743530273438e+01 0.000000000000000000e+00
3.841493164062500000e+03 7.018751525878906250e+01 0.000000000000000000e+00
3.842376953125000000e+03 8.308436584472656250e+01 0.000000000000000000e+00
3.843260986328125000e+03 9.012760925292968750e+01 0.000000000000000000e+00
3.844147216796875000e+03 9.400306701660156250e+01 0.000000000000000000e+00
3.845031494140625000e+03 7.862123107910156250e+01 0.000000000000000000e+00
3.845918212890625000e+03 5.402643966674804688e+01 0.000000000000000000e+00
3.846802978515625000e+03 5.449772262573242188e+01 0.000000000000000000e+00
3.847689941406250000e+03 5.948102951049804688e+01 0.000000000000000000e+00
3.848575195312500000e+03 6.687636566162109375e+01 0.000000000000000000e+00
3.849460449218750000e+03 7.678327941894531250e+01 0.000000000000000000e+00
3.850348144531250000e+03 8.391376495361328125e+01 0.000000000000000000e+00
3.851233886718750000e+03 8.759305572509765625e+01 0.000000000000000000e+00
3.852122070312500000e+03 9.089690399169921875e+01 0.000000000000000000e+00
3.853008300781250000e+03 8.667875671386718750e+01 0.000000000000000000e+00
3.853896728515625000e+03 7.889011383056640625e+01 0.000000000000000000e+00
3.854783203125000000e+03 6.936803436279296875e+01 0.000000000000000000e+00
3.855670166015625000e+03 6.282460784912109375e+01 0.000000000000000000e+00
3.856559082031250000e+03 7.322805786132812500e+01 0.000000000000000000e+00
3.857446289062500000e+03 7.183753204345703125e+01 0.000000000000000000e+00
3.858335937500000000e+03 9.107830810546875000e+01 0.000000000000000000e+00
3.859223388671875000e+03 9.843579864501953125e+01 0.000000000000000000e+00
3.860113525390625000e+03 8.419209289550781250e+01 0.000000000000000000e+00
3.861001464843750000e+03 7.919241333007812500e+01 0.000000000000000000e+00
3.861889648437500000e+03 9.270566558837890625e+01 0.000000000000000000e+00
3.862780273437500000e+03 7.926472473144531250e+01 0.000000000000000000e+00
3.863668945312500000e+03 7.709254455566406250e+01 0.000000000000000000e+00
3.864559814453125000e+03 8.278370666503906250e+01 0.000000000000000000e+00
3.865448730468750000e+03 8.706669616699218750e+01 0.000000000000000000e+00
3.866340087890625000e+03 8.930700683593750000e+01 0.000000000000000000e+00
3.867229736328125000e+03 8.233071899414062500e+01 0.000000000000000000e+00
3.868121337890625000e+03 7.553515625000000000e+01 0.000000000000000000e+00
3.869011230468750000e+03 7.489834594726562500e+01 0.000000000000000000e+00
3.869901367187500000e+03 7.260282135009765625e+01 0.000000000000000000e+00
3.870793701171875000e+03 7.403769683837890625e+01 0.000000000000000000e+00
3.871684082031250000e+03 8.665421295166015625e+01 0.000000000000000000e+00
3.872576904296875000e+03 9.016698455810546875e+01 0.000000000000000000e+00
3.873467773437500000e+03 8.361526489257812500e+01 0.000000000000000000e+00
3.874361083984375000e+03 7.766493225097656250e+01 0.000000000000000000e+00
3.875252441406250000e+03 7.238510894775390625e+01 0.000000000000000000e+00
3.876143798828125000e+03 6.991122436523437500e+01 0.000000000000000000e+00
3.877037597656250000e+03 7.287881469726562500e+01 0.000000000000000000e+00
3.877929687500000000e+03 7.268685913085937500e+01 0.000000000000000000e+00
3.878823730468750000e+03 6.849308013916015625e+01 0.000000000000000000e+00
3.879716064453125000e+03 6.925510406494140625e+01 0.000000000000000000e+00
3.880610839843750000e+03 6.777954101562500000e+01 0.000000000000000000e+00
3.881503662109375000e+03 6.585526275634765625e+01 0.000000000000000000e+00
3.882396484375000000e+03 6.799027252197265625e+01 0.000000000000000000e+00
3.883291748046875000e+03 6.006847381591796875e+01 0.000000000000000000e+00
3.884185058593750000e+03 6.091591262817382812e+01 0.000000000000000000e+00
3.885080810546875000e+03 5.714016723632812500e+01 0.000000000000000000e+00
3.885974609375000000e+03 5.647748947143554688e+01 0.000000000000000000e+00
3.886870605468750000e+03 6.290048599243164062e+01 0.000000000000000000e+00
3.887764892578125000e+03 6.768825531005859375e+01 0.000000000000000000e+00
3.888659179687500000e+03 6.568738555908203125e+01 0.000000000000000000e+00
3.889555908203125000e+03 6.837399291992187500e+01 0.000000000000000000e+00
3.890450683593750000e+03 6.675806427001953125e+01 0.000000000000000000e+00
3.891347900390625000e+03 7.175383758544921875e+01 0.000000000000000000e+00
3.892242919921875000e+03 7.670299530029296875e+01 0.000000000000000000e+00
3.893140625000000000e+03 6.769976043701171875e+01 0.000000000000000000e+00
3.894036132812500000e+03 6.497016906738281250e+01 0.000000000000000000e+00
3.894931884765625000e+03 6.259280014038085938e+01 0.000000000000000000e+00
3.895830078125000000e+03 5.659781265258789062e+01 0.000000000000000000e+00
3.896726318359375000e+03 6.164342880249023438e+01 0.000000000000000000e+00
3.897625000000000000e+03 7.070744323730468750e+01 0.000000000000000000e+00
3.898521484375000000e+03 6.737313842773437500e+01 0.000000000000000000e+00
3.899420654296875000e+03 7.043196868896484375e+01 0.000000000000000000e+00
3.900317626953125000e+03 7.659824371337890625e+01 0.000000000000000000e+00
3.901214843750000000e+03 6.403363800048828125e+01 0.000000000000000000e+00
3.902114501953125000e+03 6.489224243164062500e+01 0.000000000000000000e+00
3.903012207031250000e+03 7.578151702880859375e+01 0.000000000000000000e+00
3.903912109375000000e+03 6.831593322753906250e+01 0.000000000000000000e+00
3.904810302734375000e+03 7.090576934814453125e+01 0.000000000000000000e+00
3.905710693359375000e+03 7.121549987792968750e+01 0.000000000000000000e+00
3.906609375000000000e+03 7.264636993408203125e+01 0.000000000000000000e+00
3.907508056640625000e+03 6.960580444335937500e+01 0.000000000000000000e+00
3.908408935546875000e+03 6.714901733398437500e+01 0.000000000000000000e+00
3.909308105468750000e+03 7.101883697509765625e+01 0.000000000000000000e+00
3.910209716796875000e+03 6.378052902221679688e+01 0.000000000000000000e+00
3.911109130859375000e+03 6.838625335693359375e+01 0.000000000000000000e+00
3.912010986328125000e+03 6.940133666992187500e+01 0.000000000000000000e+00
3.912911132812500000e+03 6.927661132812500000e+01 0.000000000000000000e+00
3.913811279296875000e+03 7.061525726318359375e+01 0.000000000000000000e+00
3.914713623046875000e+03 6.749593353271484375e+01 0.000000000000000000e+00
3.915614257812500000e+03 5.918855285644531250e+01 0.000000000000000000e+00
3.916517089843750000e+03 6.321598052978515625e+01 0.000000000000000000e+00
3.917418212890625000e+03 7.292761230468750000e+01 0.000000000000000000e+00
3.918321533203125000e+03 6.942789459228515625e+01 0.000000000000000000e+00
3.919222900390625000e+03 5.546928405761718750e+01 0.000000000000000000e+00
3.920124511718750000e+03 5.378811264038085938e+01 0.000000000000000000e+00
3.921028564453125000e+03 6.937812805175781250e+01 0.000000000000000000e+00
3.921930664062500000e+03 6.367877960205078125e+01 0.000000000000000000e+00
3.922834960937500000e+03 6.361221694946289062e+01 0.000000000000000000e+00
3.923737304687500000e+03 6.422064208984375000e+01 0.000000000000000000e+00
3.924642089843750000e+03 6.191967773437500000e+01 0.000000000000000000e+00
3.925545166015625000e+03 6.340953826904296875e+01 0.000000000000000000e+00
3.926447998046875000e+03 6.112834930419921875e+01 0.000000000000000000e+00
3.927353515625000000e+03 6.213733673095703125e+01 0.000000000000000000e+00
3.928257080078125000e+03 5.970299530029296875e+01 0.000000000000000000e+00
3.929162841796875000e+03 5.833198928833007812e+01 0.000000000000000000e+00
3.930066894531250000e+03 5.925006484985351562e+01 0.000000000000000000e+00
3.930973144531250000e+03 5.956080245971679688e+01 0.000000000000000000e+00
3.931877441406250000e+03 6.338545608520507812e+01 0.000000000000000000e+00
3.932781982421875000e+03 6.096870803833007812e+01 0.000000000000000000e+00
3.933688720703125000e+03 5.201586532592773438e+01 0.000000000000000000e+00
3.934593750000000000e+03 4.705737304687500000e+01 0.000000000000000000e+00
3.935500976562500000e+03 5.020127105712890625e+01 0.000000000000000000e+00
3.936406250000000000e+03 5.577609634399414062e+01 0.000000000000000000e+00
3.937314208984375000e+03 5.847315979003906250e+01 0.000000000000000000e+00
3.938219970703125000e+03 5.857159042358398438e+01 0.000000000000000000e+00
3.939127929687500000e+03 5.799933242797851562e+01 0.000000000000000000e+00
3.940034179687500000e+03 5.133916854858398438e+01 0.000000000000000000e+00
3.940940673828125000e+03 4.873453903198242188e+01 0.000000000000000000e+00
3.941849365234375000e+03 5.817855072021484375e+01 0.000000000000000000e+00
3.942756103515625000e+03 4.966711807250976562e+01 0.000000000000000000e+00
3.943665283203125000e+03 4.789146423339843750e+01 0.000000000000000000e+00
3.944572509765625000e+03 5.526369094848632812e+01 0.000000000000000000e+00
3.945482177734375000e+03 5.892451477050781250e+01 0.000000000000000000e+00
3.946389892578125000e+03 5.313883972167968750e+01 0.000000000000000000e+00
3.947297851562500000e+03 4.776041793823242188e+01 0.000000000000000000e+00
3.948208007812500000e+03 5.590039825439453125e+01 0.000000000000000000e+00
3.949116210937500000e+03 5.135148239135742188e+01 0.000000000000000000e+00
3.950026855468750000e+03 4.680553817749023438e+01 0.000000000000000000e+00
3.950935546875000000e+03 4.973504638671875000e+01 0.000000000000000000e+00
3.951846679687500000e+03 5.026080703735351562e+01 0.000000000000000000e+00
3.952755859375000000e+03 4.239443206787109375e+01 0.000000000000000000e+00
3.953665039062500000e+03 4.906859588623046875e+01 0.000000000000000000e+00
3.954576904296875000e+03 4.553404235839843750e+01 0.000000000000000000e+00
3.955486572265625000e+03 4.326438903808593750e+01 0.000000000000000000e+00
3.956398681640625000e+03 4.482579421997070312e+01 0.000000000000000000e+00
3.957308837890625000e+03 4.605817031860351562e+01 0.000000000000000000e+00
3.958221435546875000e+03 4.670383834838867188e+01 0.000000000000000000e+00
3.959132080078125000e+03 5.099390029907226562e+01 0.000000000000000000e+00
3.960042724609375000e+03 3.793044662475585938e+01 0.000000000000000000e+00
3.960956054687500000e+03 4.623150253295898438e+01 0.000000000000000000e+00
3.961867187500000000e+03 4.762397766113281250e+01 0.000000000000000000e+00
3.962780761718750000e+03 3.803713226318359375e+01 0.000000000000000000e+00
3.963692382812500000e+03 4.482182312011718750e+01 0.000000000000000000e+00
3.964606445312500000e+03 4.333261871337890625e+01 0.000000000000000000e+00
3.965518554687500000e+03 4.447349548339843750e+01 0.000000000000000000e+00
3.966430664062500000e+03 4.253766632080078125e+01 0.000000000000000000e+00
3.967345458984375000e+03 3.904563903808593750e+01 0.000000000000000000e+00
3.968258056640625000e+03 3.894939804077148438e+01 0.000000000000000000e+00
3.969173095703125000e+03 4.210053634643554688e+01 0.000000000000000000e+00
3.970086181640625000e+03 4.146343994140625000e+01 0.000000000000000000e+00
3.971001708984375000e+03 4.740813064575195312e+01 0.000000000000000000e+00
3.971915283203125000e+03 4.401811218261718750e+01 0.000000000000000000e+00
3.972829101562500000e+03 4.046073913574218750e+01 0.000000000000000000e+00
3.973745117187500000e+03 4.216484832763671875e+01 0.000000000000000000e+00
3.974659179687500000e+03 4.392760467529296875e+01 0.000000000000000000e+00
3.975575927734375000e+03 5.042805480957031250e+01 0.000000000000000000e+00
3.976490478515625000e+03 4.961466979980468750e+01 0.000000000000000000e+00
3.977407470703125000e+03 3.857858276367187500e+01 0.000000000000000000e+00
3.978322509765625000e+03 4.032883453369140625e+01 0.000000000000000000e+00
3.979237548828125000e+03 5.041092300415039062e+01 0.000000000000000000e+00
3.980155273437500000e+03 4.356777191162109375e+01 0.000000000000000000e+00
3.981070800781250000e+03 3.703420639038085938e+01 0.000000000000000000e+00
3.981988769531250000e+03 4.559225463867187500e+01 0.000000000000000000e+00
3.982904785156250000e+03 4.610557174682617188e+01 0.000000000000000000e+00
3.983823242187500000e+03 4.270955657958984375e+01 0.000000000000000000e+00
3.984739746093750000e+03 4.277067565917968750e+01 0.000000000000000000e+00
3.985656494140625000e+03 4.283351135253906250e+01 0.000000000000000000e+00
3.986575683593750000e+03 4.200247192382812500e+01 0.000000000000000000e+00
3.987492675781250000e+03 4.835951614379882812e+01 0.000000000000000000e+00
3.988412109375000000e+03 4.472931671142578125e+01 0.000000000000000000e+00
3.989329833984375000e+03 4.089288330078125000e+01 0.000000000000000000e+00
3.990249755859375000e+03 4.254761123657226562e+01 0.000000000000000000e+00
3.991167724609375000e+03 4.220554733276367188e+01 0.000000000000000000e+00
3.992085693359375000e+03 4.286609268188476562e+01 0.000000000000000000e+00
3.993006347656250000e+03 4.416241836547851562e+01 0.000000000000000000e+00
3.993925048828125000e+03 3.727988815307617188e+01 0.000000000000000000e+00
3.994845947265625000e+03 3.546440887451171875e+01 0.000000000000000000e+00
3.995764892578125000e+03 4.148681259155273438e+01 0.000000000000000000e+00
3.996686279296875000e+03 4.246058273315429688e+01 0.000000000000000000e+00
3.997605712890625000e+03 4.002577590942382812e+01 0.000000000000000000e+00
3.998525390625000000e+03 4.260129165649414062e+01 0.000000000000000000e+00
3.999447509765625000e+03 4.246026229858398438e+01 0.000000000000000000e+00
4.000367431640625000e+03 4.099730682373046875e+01 0.000000000000000000e+00
4.001290039062500000e+03 4.051087570190429688e+01 0.000000000000000000e+00
4.002210449218750000e+03 4.090903091430664062e+01 0.000000000000000000e+00
4.003133300781250000e+03 4.503075027465820312e+01 0.000000000000000000e+00
4.004054443359375000e+03 4.476293182373046875e+01 0.000000000000000000e+00
4.004975341796875000e+03 4.066856384277343750e+01 0.000000000000000000e+00
4.005898925781250000e+03 3.989476394653320312e+01 0.000000000000000000e+00
4.006820556640625000e+03 4.294283294677734375e+01 0.000000000000000000e+00
4.007744628906250000e+03 4.314889526367187500e+01 0.000000000000000000e+00
4.008666503906250000e+03 4.038936233520507812e+01 0.000000000000000000e+00
4.009590820312500000e+03 4.388191604614257812e+01 0.000000000000000000e+00
4.010513183593750000e+03 4.665797424316406250e+01 0.000000000000000000e+00
4.011437988281250000e+03 4.300258636474609375e+01 0.000000000000000000e+00
4.012360839843750000e+03 3.837300109863281250e+01 0.000000000000000000e+00
4.013283935546875000e+03 3.962161636352539062e+01 0.000000000000000000e+00
4.014209472656250000e+03 3.639287567138671875e+01 0.000000000000000000e+00
4.015132812500000000e+03 4.064877319335937500e+01 0.000000000000000000e+00
4.016058837890625000e+03 3.589178466796875000e+01 0.000000000000000000e+00
4.016982666015625000e+03 3.672943878173828125e+01 0.000000000000000000e+00
4.017908935546875000e+03 4.049450683593750000e+01 0.000000000000000000e+00
4.018833251953125000e+03 3.137120246887207031e+01 0.000000000000000000e+00
4.019757812500000000e+03 3.956525802612304688e+01 0.000000000000000000e+00
4.020684814453125000e+03 3.921778106689453125e+01 0.000000000000000000e+00
4.021609619140625000e+03 3.356283569335937500e+01 0.000000000000000000e+00
4.022537109375000000e+03 3.284675979614257812e+01 0.000000000000000000e+00
4.023462402343750000e+03 3.725636672973632812e+01 0.000000000000000000e+00
4.024390136718750000e+03 3.835587692260742188e+01 0.000000000000000000e+00
4.025316162109375000e+03 3.502109146118164062e+01 0.000000000000000000e+00
4.026242187500000000e+03 3.393177032470703125e+01 0.000000000000000000e+00
4.027170410156250000e+03 3.492790985107421875e+01 0.000000000000000000e+00
4.028096923828125000e+03 3.493100738525390625e+01 0.000000000000000000e+00
4.029025878906250000e+03 3.481713867187500000e+01 0.000000000000000000e+00
4.029952636718750000e+03 3.684093093872070312e+01 0.000000000000000000e+00
4.030882080078125000e+03 3.627110671997070312e+01 0.000000000000000000e+00
4.031809326171875000e+03 3.936548614501953125e+01 0.000000000000000000e+00
4.032736816406250000e+03 3.222203063964843750e+01 0.000000000000000000e+00
4.033666748046875000e+03 3.079955673217773438e+01 0.000000000000000000e+00
4.034594726562500000e+03 3.660146713256835938e+01 0.000000000000000000e+00
4.035525146484375000e+03 3.287602615356445312e+01 0.000000000000000000e+00
4.036453369140625000e+03 3.310836410522460938e+01 0.000000000000000000e+00
4.037384277343750000e+03 2.975911712646484375e+01 0.000000000000000000e+00
4.038312988281250000e+03 2.968961143493652344e+01 0.000000000000000000e+00
4.039241943359375000e+03 3.197661209106445312e+01 0.000000000000000000e+00
4.040173583984375000e+03 3.341230773925781250e+01 0.000000000000000000e+00
4.041103027343750000e+03 3.357569885253906250e+01 0.000000000000000000e+00
4.042034667968750000e+03 3.236692047119140625e+01 0.000000000000000000e+00
4.042964599609375000e+03 2.958000946044921875e+01 0.000000000000000000e+00
4.043896972656250000e+03 2.971847152709960938e+01 0.000000000000000000e+00
4.044827148437500000e+03 3.250197982788085938e+01 0.000000000000000000e+00
4.045757812500000000e+03 3.411705780029296875e+01 0.000000000000000000e+00
4.046690673828125000e+03 3.207013320922851562e+01 0.000000000000000000e+00
4.047621582031250000e+03 3.069739341735839844e+01 0.000000000000000000e+00
4.048554931640625000e+03 3.365502929687500000e+01 0.000000000000000000e+00
4.049486328125000000e+03 2.757136917114257812e+01 0.000000000000000000e+00
4.050420166015625000e+03 2.875177001953125000e+01 0.000000000000000000e+00
4.051352050781250000e+03 3.669568252563476562e+01 0.000000000000000000e+00
4.052283935546875000e+03 3.274459838867187500e+01 0.000000000000000000e+00
4.053218505859375000e+03 3.556095123291015625e+01 0.000000000000000000e+00
4.054150878906250000e+03 3.177775192260742188e+01 0.000000000000000000e+00
4.055085693359375000e+03 3.028491973876953125e+01 0.000000000000000000e+00
4.056018554687500000e+03 3.309408950805664062e+01 0.000000000000000000e+00
4.056953857421875000e+03 3.550263977050781250e+01 0.000000000000000000e+00
4.057887207031250000e+03 3.390623092651367188e+01 0.000000000000000000e+00
4.058820800781250000e+03 3.179744529724121094e+01 0.000000000000000000e+00
4.059756591796875000e+03 3.032595443725585938e+01 0.000000000000000000e+00
4.060690673828125000e+03 2.889326477050781250e+01 0.000000000000000000e+00
4.061626953125000000e+03 3.186668586730957031e+01 0.000000000000000000e+00
4.062561279296875000e+03 3.547455215454101562e+01 0.000000000000000000e+00
4.063498291015625000e+03 3.305812072753906250e+01 0.000000000000000000e+00
4.064433105468750000e+03 3.693473052978515625e+01 0.000000000000000000e+00
4.065367919921875000e+03 3.326919555664062500e+01 0.000000000000000000e+00
4.066305419921875000e+03 3.708885192871093750e+01 0.000000000000000000e+00
4.067240966796875000e+03 3.502650070190429688e+01 0.000000000000000000e+00
4.068178710937500000e+03 2.693496513366699219e+01 0.000000000000000000e+00
4.069114746093750000e+03 3.137548065185546875e+01 0.000000000000000000e+00
4.070052978515625000e+03 3.306887435913085938e+01 0.000000000000000000e+00
4.070989257812500000e+03 3.191816902160644531e+01 0.000000000000000000e+00
4.071925781250000000e+03 2.963018798828125000e+01 0.000000000000000000e+00
4.072864746093750000e+03 2.859302330017089844e+01 0.000000000000000000e+00
4.073801757812500000e+03 2.942119979858398438e+01 0.000000000000000000e+00
4.074741210937500000e+03 3.018066406250000000e+01 0.000000000000000000e+00
4.075678710937500000e+03 2.973523521423339844e+01 0.000000000000000000e+00
4.076618408203125000e+03 3.518280410766601562e+01 0.000000000000000000e+00
4.077556152343750000e+03 3.284292221069335938e+01 0.000000000000000000e+00
4.078494384765625000e+03 3.121351051330566406e+01 0.000000000000000000e+00
4.079434814453125000e+03 3.278342437744140625e+01 0.000000000000000000e+00
4.080373291015625000e+03 2.895518493652343750e+01 0.000000000000000000e+00
4.081314208984375000e+03 3.194426345825195312e+01 0.000000000000000000e+00
4.082253173828125000e+03 3.054240036010742188e+01 0.000000000000000000e+00
4.083194335937500000e+03 3.392930984497070312e+01 0.000000000000000000e+00
4.084133789062500000e+03 3.654797744750976562e+01 0.000000000000000000e+00
4.085075683593750000e+03 3.451834487915039062e+01 0.000000000000000000e+00
4.086015380859375000e+03 3.323759078979492188e+01 0.000000000000000000e+00
4.086955322265625000e+03 3.177155685424804688e+01 0.000000000000000000e+00
4.087897705078125000e+03 3.268830108642578125e+01 0.000000000000000000e+00
4.088838134765625000e+03 3.475559234619140625e+01 0.000000000000000000e+00
4.089781005859375000e+03 3.375621795654296875e+01 0.000000000000000000e+00
4.090721923828125000e+03 3.118664360046386719e+01 0.000000000000000000e+00
4.091665283203125000e+03 3.257624435424804688e+01 0.000000000000000000e+00
4.092606445312500000e+03 3.389220428466796875e+01 0.000000000000000000e+00
4.093548095703125000e+03 3.430091857910156250e+01 0.000000000000000000e+00
4.094491943359375000e+03 3.406990432739257812e+01 0.000000000000000000e+00
4.095433837890625000e+03 3.413576889038085938e+01 0.000000000000000000e+00
4.096378417968750000e+03 3.427980804443359375e+01 0.000000000000000000e+00
4.097320800781250000e+03 3.316958618164062500e+01 0.000000000000000000e+00
4.098265625000000000e+03 3.120738029479980469e+01 0.000000000000000000e+00
4.099208496093750000e+03 3.120028495788574219e+01 0.000000000000000000e+00
4.100151367187500000e+03 3.587180709838867188e+01 0.000000000000000000e+00
4.101096679687500000e+03 3.645124435424804688e+01 0.000000000000000000e+00
4.102040039062500000e+03 3.126380157470703125e+01 0.000000000000000000e+00
4.102986328125000000e+03 3.017667007446289062e+01 0.000000000000000000e+00
4.103930175781250000e+03 3.394385910034179688e+01 0.000000000000000000e+00
4.104876464843750000e+03 3.435631942749023438e+01 0.000000000000000000e+00
4.105820800781250000e+03 3.623944473266601562e+01 0.000000000000000000e+00
4.106765136718750000e+03 3.393891143798828125e+01 0.000000000000000000e+00
4.107712402343750000e+03 3.217197799682617188e+01 0.000000000000000000e+00
4.108657226562500000e+03 3.951769638061523438e+01 0.000000000000000000e+00
4.109604492187500000e+03 3.021722793579101562e+01 0.000000000000000000e+00
4.110550292968750000e+03 3.240304565429687500e+01 0.000000000000000000e+00
4.111498046875000000e+03 3.552824401855468750e+01 0.000000000000000000e+00
4.112443847656250000e+03 3.477143096923828125e+01 0.000000000000000000e+00
4.113389648437500000e+03 3.353839492797851562e+01 0.000000000000000000e+00
4.114338378906250000e+03 3.417171096801757812e+01 0.000000000000000000e+00
4.115285156250000000e+03 3.312895584106445312e+01 0.000000000000000000e+00
4.116233886718750000e+03 3.397640609741210938e+01 0.000000000000000000e+00
4.117180664062500000e+03 3.548232650756835938e+01 0.000000000000000000e+00
4.118130371093750000e+03 3.415386581420898438e+01 0.000000000000000000e+00
4.119077636718750000e+03 3.057470703125000000e+01 0.000000000000000000e+00
4.120025390625000000e+03 3.001568984985351562e+01 0.000000000000000000e+00
4.120975097656250000e+03 3.422319030761718750e+01 0.000000000000000000e+00
4.121923339843750000e+03 3.672495269775390625e+01 0.000000000000000000e+00
4.122874023437500000e+03 3.801280975341796875e+01 0.000000000000000000e+00
4.123822265625000000e+03 3.663619613647460938e+01 0.000000000000000000e+00
4.124773437500000000e+03 3.429995346069335938e+01 0.000000000000000000e+00
4.125722167968750000e+03 3.536641693115234375e+01 0.000000000000000000e+00
4.126671386718750000e+03 3.605047988891601562e+01 0.000000000000000000e+00
4.127623046875000000e+03 3.722705841064453125e+01 0.000000000000000000e+00
4.128572265625000000e+03 3.655505752563476562e+01 0.000000000000000000e+00
4.129524414062500000e+03 3.611450576782226562e+01 0.000000000000000000e+00
4.130474609375000000e+03 3.606010055541992188e+01 0.000000000000000000e+00
4.131426757812500000e+03 3.460321426391601562e+01 0.000000000000000000e+00
4.132377441406250000e+03 3.743152999877929688e+01 0.000000000000000000e+00
4.133328125000000000e+03 3.900825881958007812e+01 0.000000000000000000e+00
4.134281250000000000e+03 3.753022766113281250e+01 0.000000000000000000e+00
4.135232421875000000e+03 3.492037582397460938e+01 0.000000000000000000e+00
4.136185546875000000e+03 3.591537094116210938e+01 0.000000000000000000e+00
4.137137207031250000e+03 4.052700805664062500e+01 0.000000000000000000e+00
4.138091308593750000e+03 3.474995040893554688e+01 0.000000000000000000e+00
4.139043457031250000e+03 3.544834136962890625e+01 0.000000000000000000e+00
4.139995605468750000e+03 3.593822860717773438e+01 0.000000000000000000e+00
4.140950195312500000e+03 3.428459930419921875e+01 0.000000000000000000e+00
4.141902832031250000e+03 3.233327102661132812e+01 0.000000000000000000e+00
4.142857910156250000e+03 3.181159019470214844e+01 0.000000000000000000e+00
4.143811035156250000e+03 3.635008239746093750e+01 0.000000000000000000e+00
4.144766601562500000e+03 3.732200622558593750e+01 0.000000000000000000e+00
4.145720214843750000e+03 3.630164718627929688e+01 0.000000000000000000e+00
4.146673828125000000e+03 3.428131866455078125e+01 0.000000000000000000e+00
4.147629882812500000e+03 3.149259185791015625e+01 0.000000000000000000e+00
4.148583984375000000e+03 2.986521720886230469e+01 0.000000000000000000e+00
4.149540527343750000e+03 3.192987632751464844e+01 0.000000000000000000e+00
4.150495117187500000e+03 3.073678398132324219e+01 0.000000000000000000e+00
4.151452636718750000e+03 3.252409744262695312e+01 0.000000000000000000e+00
4.152407226562500000e+03 3.176421737670898438e+01 0.000000000000000000e+00
4.153362792968750000e+03 2.972838592529296875e+01 0.000000000000000000e+00
4.154320312500000000e+03 3.463148498535156250e+01 0.000000000000000000e+00
4.155276367187500000e+03 3.021974754333496094e+01 0.000000000000000000e+00
4.156234375000000000e+03 3.301102828979492188e+01 0.000000000000000000e+00
4.157190429687500000e+03 3.356829071044921875e+01 0.000000000000000000e+00
4.158148925781250000e+03 3.276674270629882812e+01 0.000000000000000000e+00
4.159105468750000000e+03 3.279021453857421875e+01 0.000000000000000000e+00
4.160064941406250000e+03 3.154841995239257812e+01 0.000000000000000000e+00
4.161021972656250000e+03 3.587632369995117188e+01 0.000000000000000000e+00
4.161979003906250000e+03 3.305685424804687500e+01 0.000000000000000000e+00
4.162938964843750000e+03 3.369780731201171875e+01 0.000000000000000000e+00
4.163896484375000000e+03 3.652221298217773438e+01 0.000000000000000000e+00
4.164856445312500000e+03 3.512844085693359375e+01 0.000000000000000000e+00
4.165814941406250000e+03 3.028697395324707031e+01 0.000000000000000000e+00
4.166775390625000000e+03 3.011244392395019531e+01 0.000000000000000000e+00
4.167733886718750000e+03 3.278492736816406250e+01 0.000000000000000000e+00
4.168692871093750000e+03 3.171097755432128906e+01 0.000000000000000000e+00
4.169653808593750000e+03 3.076440429687500000e+01 0.000000000000000000e+00
4.170613281250000000e+03 3.202521896362304688e+01 0.000000000000000000e+00
4.171575195312500000e+03 3.151049232482910156e+01 0.000000000000000000e+00
4.172534667968750000e+03 3.274544143676757812e+01 0.000000000000000000e+00
4.173497070312500000e+03 2.963876914978027344e+01 0.000000000000000000e+00
4.174457031250000000e+03 3.109751892089843750e+01 0.000000000000000000e+00
4.175417480468750000e+03 3.344158172607421875e+01 0.000000000000000000e+00
4.176379882812500000e+03 3.216514205932617188e+01 0.000000000000000000e+00
4.177340820312500000e+03 3.117628479003906250e+01 0.000000000000000000e+00
4.178304199218750000e+03 3.197512435913085938e+01 0.000000000000000000e+00
4.179265136718750000e+03 3.061705207824707031e+01 0.000000000000000000e+00
4.180229003906250000e+03 3.054301261901855469e+01 0.000000000000000000e+00
4.181190917968750000e+03 2.949702453613281250e+01 0.000000000000000000e+00
4.182152832031250000e+03 2.796741485595703125e+01 0.000000000000000000e+00
4.183117187500000000e+03 3.052137756347656250e+01 0.000000000000000000e+00
4.184079589843750000e+03 3.093180274963378906e+01 0.000000000000000000e+00
4.185044433593750000e+03 3.244131469726562500e+01 0.000000000000000000e+00
4.186006835937500000e+03 2.894564247131347656e+01 0.000000000000000000e+00
4.186972167968750000e+03 3.091036605834960938e+01 0.000000000000000000e+00
4.187935546875000000e+03 3.616973114013671875e+01 0.000000000000000000e+00
4.188898925781250000e+03 2.909131813049316406e+01 0.000000000000000000e+00
4.189864746093750000e+03 3.225733947753906250e+01 0.000000000000000000e+00
4.190828613281250000e+03 3.244221115112304688e+01 0.000000000000000000e+00
4.191794921875000000e+03 3.138247108459472656e+01 0.000000000000000000e+00
4.192759277343750000e+03 3.146940040588378906e+01 0.000000000000000000e+00
4.193726074218750000e+03 3.133715820312500000e+01 0.000000000000000000e+00
4.194690917968750000e+03 2.937552261352539062e+01 0.000000000000000000e+00
4.195655761718750000e+03 2.985485267639160156e+01 0.000000000000000000e+00
4.196623535156250000e+03 3.122198104858398438e+01 0.000000000000000000e+00
4.197588867187500000e+03 3.097562980651855469e+01 0.000000000000000000e+00
4.198557128906250000e+03 3.124457168579101562e+01 0.000000000000000000e+00
4.199522949218750000e+03 3.160869598388671875e+01 0.000000000000000000e+00
4.200491210937500000e+03 2.894367980957031250e+01 0.000000000000000000e+00
4.201457519531250000e+03 2.996313095092773438e+01 0.000000000000000000e+00
4.202423828125000000e+03 3.311873245239257812e+01 0.000000000000000000e+00
4.203393066406250000e+03 3.244722747802734375e+01 0.000000000000000000e+00
4.204359863281250000e+03 3.171035766601562500e+01 0.000000000000000000e+00
4.205329589843750000e+03 3.240845489501953125e+01 0.000000000000000000e+00
4.206296875000000000e+03 3.079238700866699219e+01 0.000000000000000000e+00
4.207267089843750000e+03 3.419940185546875000e+01 0.000000000000000000e+00
4.208234863281250000e+03 3.142922592163085938e+01 0.000000000000000000e+00
4.209203125000000000e+03 3.319865417480468750e+01 0.000000000000000000e+00
4.210173828125000000e+03 3.453797149658203125e+01 0.000000000000000000e+00
4.211142089843750000e+03 3.392936706542968750e+01 0.000000000000000000e+00
4.212113281250000000e+03 3.951558685302734375e+01 0.000000000000000000e+00
4.213082031250000000e+03 3.616363143920898438e+01 0.000000000000000000e+00
4.214053710937500000e+03 3.499218750000000000e+01 0.000000000000000000e+00
4.215022949218750000e+03 3.607622909545898438e+01 0.000000000000000000e+00
4.215992675781250000e+03 3.451778411865234375e+01 0.000000000000000000e+00
4.216964843750000000e+03 3.058563613891601562e+01 0.000000000000000000e+00
4.217935058593750000e+03 3.051162147521972656e+01 0.000000000000000000e+00
4.218907714843750000e+03 3.335454940795898438e+01 0.000000000000000000e+00
4.219878417968750000e+03 3.126862907409667969e+01 0.000000000000000000e+00
4.220851562500000000e+03 3.299399948120117188e+01 0.000000000000000000e+00
4.221822265625000000e+03 3.346231842041015625e+01 0.000000000000000000e+00
4.222793457031250000e+03 3.115341949462890625e+01 0.000000000000000000e+00
4.223767578125000000e+03 3.423777008056640625e+01 0.000000000000000000e+00
4.224739257812500000e+03 3.133196258544921875e+01 0.000000000000000000e+00
4.225713378906250000e+03 2.932304000854492188e+01 0.000000000000000000e+00
4.226685546875000000e+03 2.963362121582031250e+01 0.000000000000000000e+00
4.227660156250000000e+03 3.214027404785156250e+01 0.000000000000000000e+00
4.228632812500000000e+03 3.369159317016601562e+01 0.000000000000000000e+00
4.229605468750000000e+03 3.110846328735351562e+01 0.000000000000000000e+00
4.230580566406250000e+03 3.271881103515625000e+01 0.000000000000000000e+00
4.231554199218750000e+03 3.618166351318359375e+01 0.000000000000000000e+00
4.232529785156250000e+03 3.397916793823242188e+01 0.000000000000000000e+00
4.233503417968750000e+03 3.374283981323242188e+01 0.000000000000000000e+00
4.234479980468750000e+03 3.780101013183593750e+01 0.000000000000000000e+00
4.235454101562500000e+03 3.567807006835937500e+01 0.000000000000000000e+00
4.236430664062500000e+03 3.303567886352539062e+01 0.000000000000000000e+00
4.237405273437500000e+03 2.996006202697753906e+01 0.000000000000000000e+00
4.238379882812500000e+03 3.408274078369140625e+01 0.000000000000000000e+00
4.239357421875000000e+03 3.854391098022460938e+01 0.000000000000000000e+00
4.240332519531250000e+03 3.741191482543945312e+01 0.000000000000000000e+00
4.241310546875000000e+03 3.591887283325195312e+01 0.000000000000000000e+00
4.242286132812500000e+03 3.448179626464843750e+01 0.000000000000000000e+00
4.243264160156250000e+03 3.237900543212890625e+01 0.000000000000000000e+00
4.244240722656250000e+03 3.407157897949218750e+01 0.000000000000000000e+00
4.245216796875000000e+03 3.466828918457031250e+01 0.000000000000000000e+00
4.246195800781250000e+03 3.275201034545898438e+01 0.000000000000000000e+00
4.247172851562500000e+03 3.395043182373046875e+01 0.000000000000000000e+00
4.248151855468750000e+03 3.042674064636230469e+01 0.000000000000000000e+00
4.249129394531250000e+03 3.420803833007812500e+01 0.000000000000000000e+00
4.250109375000000000e+03 3.231584167480468750e+01 0.000000000000000000e+00
4.251086914062500000e+03 2.918384552001953125e+01 0.000000000000000000e+00
4.252064941406250000e+03 3.184467887878417969e+01 0.000000000000000000e+00
4.253045410156250000e+03 3.398727798461914062e+01 0.000000000000000000e+00
4.254023925781250000e+03 3.184984207153320312e+01 0.000000000000000000e+00
4.255004882812500000e+03 3.123334503173828125e+01 0.000000000000000000e+00
4.255983398437500000e+03 3.255799102783203125e+01 0.000000000000000000e+00
4.256964843750000000e+03 3.306246948242187500e+01 0.000000000000000000e+00
4.257944335937500000e+03 3.080846786499023438e+01 0.000000000000000000e+00
4.258923828125000000e+03 2.902781677246093750e+01 0.000000000000000000e+00
4.259905761718750000e+03 3.603303527832031250e+01 0.000000000000000000e+00
4.260885742187500000e+03 3.282566070556640625e+01 0.000000000000000000e+00
4.261868652343750000e+03 2.962675094604492188e+01 0.000000000000000000e+00
4.262849121093750000e+03 3.052753639221191406e+01 0.000000000000000000e+00
4.263832031250000000e+03 3.180718612670898438e+01 0.000000000000000000e+00
4.264812988281250000e+03 3.140934562683105469e+01 0.000000000000000000e+00
4.265793945312500000e+03 3.277679061889648438e+01 0.000000000000000000e+00
4.266777832031250000e+03 3.238413619995117188e+01 0.000000000000000000e+00
4.267759277343750000e+03 3.149297142028808594e+01 0.000000000000000000e+00
4.268743164062500000e+03 3.089896965026855469e+01 0.000000000000000000e+00
4.269725585937500000e+03 2.985673522949218750e+01 0.000000000000000000e+00
4.270709960937500000e+03 2.835321235656738281e+01 0.000000000000000000e+00
4.271692382812500000e+03 3.024154472351074219e+01 0.000000000000000000e+00
4.272675292968750000e+03 3.272261428833007812e+01 0.000000000000000000e+00
4.273660156250000000e+03 3.396722793579101562e+01 0.000000000000000000e+00
4.274643554687500000e+03 3.305218505859375000e+01 0.000000000000000000e+00
4.275629394531250000e+03 3.131926345825195312e+01 0.000000000000000000e+00
4.276612792968750000e+03 3.074063873291015625e+01 0.000000000000000000e+00
4.277599121093750000e+03 2.776610755920410156e+01 0.000000000000000000e+00
4.278583007812500000e+03 2.930840110778808594e+01 0.000000000000000000e+00
4.279567382812500000e+03 3.149698448181152344e+01 0.000000000000000000e+00
4.280554199218750000e+03 3.293384170532226562e+01 0.000000000000000000e+00
4.281539062500000000e+03 3.292771911621093750e+01 0.000000000000000000e+00
4.282526367187500000e+03 3.034919357299804688e+01 0.000000000000000000e+00
4.283511718750000000e+03 3.173060417175292969e+01 0.000000000000000000e+00
4.284499023437500000e+03 3.432636260986328125e+01 0.000000000000000000e+00
4.285484863281250000e+03 3.341847610473632812e+01 0.000000000000000000e+00
4.286470703125000000e+03 3.009612274169921875e+01 0.000000000000000000e+00
4.287458984375000000e+03 2.931036376953125000e+01 0.000000000000000000e+00
4.288445312500000000e+03 3.238949966430664062e+01 0.000000000000000000e+00
4.289434570312500000e+03 2.947513008117675781e+01 0.000000000000000000e+00
4.290421386718750000e+03 3.420755767822265625e+01 0.000000000000000000e+00
4.291410644531250000e+03 3.075264549255371094e+01 0.000000000000000000e+00
4.292397949218750000e+03 2.818708419799804688e+01 0.000000000000000000e+00
4.293385253906250000e+03 3.342338562011718750e+01 0.000000000000000000e+00
4.294375488281250000e+03 3.146423912048339844e+01 0.000000000000000000e+00
4.295363281250000000e+03 2.989119529724121094e+01 0.000000000000000000e+00
4.296353515625000000e+03 3.238324356079101562e+01 0.000000000000000000e+00
4.297342285156250000e+03 3.034780502319335938e+01 0.000000000000000000e+00
4.298333007812500000e+03 2.892175674438476562e+01 0.000000000000000000e+00
4.299321777343750000e+03 3.254173278808593750e+01 0.000000000000000000e+00
4.300311035156250000e+03 3.381481170654296875e+01 0.000000000000000000e+00
4.301302734375000000e+03 3.366992950439453125e+01 0.000000000000000000e+00
4.302291992187500000e+03 3.559450531005859375e+01 0.000000000000000000e+00
4.303284179687500000e+03 3.321442031860351562e+01 0.000000000000000000e+00
4.304274414062500000e+03 3.083659553527832031e+01 0.000000000000000000e+00
4.305266601562500000e+03 3.245786666870117188e+01 0.000000000000000000e+00
4.306257324218750000e+03 3.269410324096679688e+01 0.000000000000000000e+00
4.307247558593750000e+03 3.140318679809570312e+01 0.000000000000000000e+00
4.308241210937500000e+03 2.743760871887207031e+01 0.000000000000000000e+00
4.309231933593750000e+03 3.174133682250976562e+01 0.000000000000000000e+00
4.310226074218750000e+03 3.767810058593750000e+01 0.000000000000000000e+00
4.311217285156250000e+03 3.557106399536132812e+01 0.000000000000000000e+00
4.312211425781250000e+03 3.009604644775390625e+01 0.000000000000000000e+00
4.313203613281250000e+03 3.076305770874023438e+01 0.000000000000000000e+00
4.314198242187500000e+03 3.332487487792968750e+01 0.000000000000000000e+00
4.315190429687500000e+03 3.293614196777343750e+01 0.000000000000000000e+00
4.316183593750000000e+03 3.219826507568359375e+01 0.000000000000000000e+00
4.317178710937500000e+03 3.322709655761718750e+01 0.000000000000000000e+00
4.318171875000000000e+03 3.312577056884765625e+01 0.000000000000000000e+00
4.319167480468750000e+03 3.378917312622070312e+01 0.000000000000000000e+00
4.320161132812500000e+03 3.282536315917968750e+01 0.000000000000000000e+00
4.321157226562500000e+03 3.296463775634765625e+01 0.000000000000000000e+00
4.322151367187500000e+03 3.337780380249023438e+01 0.000000000000000000e+00
4.323145996093750000e+03 3.316695785522460938e+01 0.000000000000000000e+00
4.324142578125000000e+03 3.389361953735351562e+01 0.000000000000000000e+00
4.325137695312500000e+03 3.313650894165039062e+01 0.000000000000000000e+00
4.326134765625000000e+03 3.809037780761718750e+01 0.000000000000000000e+00
4.327129882812500000e+03 3.592688369750976562e+01 0.000000000000000000e+00
4.328127929687500000e+03 3.333304595947265625e+01 0.000000000000000000e+00
4.329123535156250000e+03 3.529190063476562500e+01 0.000000000000000000e+00
4.330119628906250000e+03 3.163795661926269531e+01 0.000000000000000000e+00
4.331118164062500000e+03 3.599237442016601562e+01 0.000000000000000000e+00
4.332114257812500000e+03 3.190245628356933594e+01 0.000000000000000000e+00
4.333113281250000000e+03 3.220313644409179688e+01 0.000000000000000000e+00
4.334110351562500000e+03 3.343626403808593750e+01 0.000000000000000000e+00
4.335109863281250000e+03 3.170631408691406250e+01 0.000000000000000000e+00
4.336106933593750000e+03 3.558085250854492188e+01 0.000000000000000000e+00
4.337104492187500000e+03 3.107065963745117188e+01 0.000000000000000000e+00
4.338104492187500000e+03 3.459392547607421875e+01 0.000000000000000000e+00
4.339102539062500000e+03 3.477606582641601562e+01 0.000000000000000000e+00
4.340103027343750000e+03 3.256090927124023438e+01 0.000000000000000000e+00
4.341101562500000000e+03 3.270705032348632812e+01 0.000000000000000000e+00
4.342102539062500000e+03 3.139424705505371094e+01 0.000000000000000000e+00
4.343101562500000000e+03 3.448264312744140625e+01 0.000000000000000000e+00
4.344100585937500000e+03 3.352054214477539062e+01 0.000000000000000000e+00
4.345102539062500000e+03 3.213152694702148438e+01 0.000000000000000000e+00
4.346102050781250000e+03 3.342207717895507812e+01 0.000000000000000000e+00
4.347104003906250000e+03 3.597445297241210938e+01 0.000000000000000000e+00
4.348104003906250000e+03 3.557187652587890625e+01 0.000000000000000000e+00
4.349106933593750000e+03 3.115052032470703125e+01 0.000000000000000000e+00
4.350107421875000000e+03 3.423496627807617188e+01 0.000000000000000000e+00
4.351107910156250000e+03 3.655228805541992188e+01 0.000000000000000000e+00
4.352111328125000000e+03 3.666737747192382812e+01 0.000000000000000000e+00
4.353112792968750000e+03 3.564123153686523438e+01 0.000000000000000000e+00
4.354116699218750000e+03 3.156844139099121094e+01 0.000000000000000000e+00
4.355118164062500000e+03 3.432471084594726562e+01 0.000000000000000000e+00
4.356122558593750000e+03 3.348135757446289062e+01 0.000000000000000000e+00
4.357124511718750000e+03 3.135644912719726562e+01 0.000000000000000000e+00
4.358126953125000000e+03 3.166250228881835938e+01 0.000000000000000000e+00
4.359131835937500000e+03 3.447697830200195312e+01 0.000000000000000000e+00
4.360134765625000000e+03 3.643257522583007812e+01 0.000000000000000000e+00
4.361140136718750000e+03 3.459775924682617188e+01 0.000000000000000000e+00
4.362143554687500000e+03 3.651618576049804688e+01 0.000000000000000000e+00
4.363149414062500000e+03 3.412683486938476562e+01 0.000000000000000000e+00
4.364152832031250000e+03 3.264546203613281250e+01 0.000000000000000000e+00
4.365156738281250000e+03 3.729528808593750000e+01 0.000000000000000000e+00
4.366163574218750000e+03 3.904801559448242188e+01 0.000000000000000000e+00
4.367167968750000000e+03 3.612263488769531250e+01 0.000000000000000000e+00
4.368175292968750000e+03 3.363595199584960938e+01 0.000000000000000000e+00
4.369180175781250000e+03 3.529865646362304688e+01 0.000000000000000000e+00
4.370187500000000000e+03 3.723309326171875000e+01 0.000000000000000000e+00
4.371192871093750000e+03 3.694577789306640625e+01 0.000000000000000000e+00
4.372198242187500000e+03 3.799048995971679688e+01 0.000000000000000000e+00
4.373206542968750000e+03 3.646807098388671875e+01 0.000000000000000000e+00
4.374212890625000000e+03 3.726642227172851562e+01 0.000000000000000000e+00
4.375221191406250000e+03 3.958901214599609375e+01 0.000000000000000000e+00
4.376228027343750000e+03 4.061529922485351562e+01 0.000000000000000000e+00
4.377236816406250000e+03 3.924165344238281250e+01 0.000000000000000000e+00
4.378244140625000000e+03 3.763249206542968750e+01 0.000000000000000000e+00
4.379251464843750000e+03 3.833066177368164062e+01 0.000000000000000000e+00
4.380261230468750000e+03 3.519766998291015625e+01 0.000000000000000000e+00
4.381268554687500000e+03 3.582922363281250000e+01 0.000000000000000000e+00
4.382279296875000000e+03 3.703611373901367188e+01 0.000000000000000000e+00
4.383287109375000000e+03 3.606555175781250000e+01 0.000000000000000000e+00
4.384297851562500000e+03 3.929620742797851562e+01 0.000000000000000000e+00
4.385306640625000000e+03 3.650928115844726562e+01 0.000000000000000000e+00
4.386315429687500000e+03 3.836024856567382812e+01 0.000000000000000000e+00
4.387326660156250000e+03 3.624139785766601562e+01 0.000000000000000000e+00
4.388335937500000000e+03 3.515250778198242188e+01 0.000000000000000000e+00
4.389348144531250000e+03 3.990822982788085938e+01 0.000000000000000000e+00
4.390357910156250000e+03 4.035103607177734375e+01 0.000000000000000000e+00
4.391370117187500000e+03 3.985839843750000000e+01 0.000000000000000000e+00
4.392380371093750000e+03 3.887844848632812500e+01 0.000000000000000000e+00
4.393393554687500000e+03 3.767168045043945312e+01 0.000000000000000000e+00
4.394404296875000000e+03 3.822861862182617188e+01 0.000000000000000000e+00
4.395415039062500000e+03 3.993645095825195312e+01 0.000000000000000000e+00
4.396428710937500000e+03 3.894932937622070312e+01 0.000000000000000000e+00
4.397439941406250000e+03 3.951655960083007812e+01 0.000000000000000000e+00
4.398454101562500000e+03 3.953836059570312500e+01 0.000000000000000000e+00
4.399465820312500000e+03 3.880786514282226562e+01 0.000000000000000000e+00
4.400480468750000000e+03 3.832229995727539062e+01 0.000000000000000000e+00
4.401492675781250000e+03 3.825463104248046875e+01 0.000000000000000000e+00
4.402505371093750000e+03 3.846464920043945312e+01 0.000000000000000000e+00
4.403520507812500000e+03 4.210776138305664062e+01 0.000000000000000000e+00
4.404533691406250000e+03 3.768791580200195312e+01 0.000000000000000000e+00
4.405549316406250000e+03 3.617280578613281250e+01 0.000000000000000000e+00
4.406562500000000000e+03 3.819478988647460938e+01 0.000000000000000000e+00
4.407578613281250000e+03 3.790010833740234375e+01 0.000000000000000000e+00
4.408592773437500000e+03 3.704084014892578125e+01 0.000000000000000000e+00
4.409606933593750000e+03 4.009515380859375000e+01 0.000000000000000000e+00
4.410624023437500000e+03 3.990647506713867188e+01 0.000000000000000000e+00
4.411638671875000000e+03 3.677122116088867188e+01 0.000000000000000000e+00
4.412655761718750000e+03 3.712629699707031250e+01 0.000000000000000000e+00
4.413670898437500000e+03 3.935523986816406250e+01 0.000000000000000000e+00
4.414688476562500000e+03 3.439310455322265625e+01 0.000000000000000000e+00
4.415704101562500000e+03 4.129700088500976562e+01 0.000000000000000000e+00
4.416720214843750000e+03 3.848557281494140625e+01 0.000000000000000000e+00
4.417738769531250000e+03 3.783569335937500000e+01 0.000000000000000000e+00
4.418754882812500000e+03 3.997980117797851562e+01 0.000000000000000000e+00
4.419773925781250000e+03 3.807569503784179688e+01 0.000000000000000000e+00
4.420790527343750000e+03 3.609686660766601562e+01 0.000000000000000000e+00
4.421810058593750000e+03 3.904969406127929688e+01 0.000000000000000000e+00
4.422827148437500000e+03 3.791721343994140625e+01 0.000000000000000000e+00
4.423844726562500000e+03 3.875166702270507812e+01 0.000000000000000000e+00
4.424864746093750000e+03 4.144250869750976562e+01 0.000000000000000000e+00
4.425882812500000000e+03 4.139252853393554688e+01 0.000000000000000000e+00
4.426903320312500000e+03 3.906126403808593750e+01 0.000000000000000000e+00
4.427921875000000000e+03 3.881398391723632812e+01 0.000000000000000000e+00
4.428942871093750000e+03 3.879197692871093750e+01 0.000000000000000000e+00
4.429961914062500000e+03 3.926331710815429688e+01 0.000000000000000000e+00
4.430980957031250000e+03 3.975421905517578125e+01 0.000000000000000000e+00
4.432002441406250000e+03 3.880918502807617188e+01 0.000000000000000000e+00
4.433021972656250000e+03 3.687791442871093750e+01 0.000000000000000000e+00
4.434044433593750000e+03 3.966472244262695312e+01 0.000000000000000000e+00
4.435064453125000000e+03 3.978727340698242188e+01 0.000000000000000000e+00
4.436087402343750000e+03 3.753572845458984375e+01 0.000000000000000000e+00
4.437107910156250000e+03 3.778311920166015625e+01 0.000000000000000000e+00
4.438128417968750000e+03 4.039111709594726562e+01 0.000000000000000000e+00
4.439151855468750000e+03 3.831534957885742188e+01 0.000000000000000000e+00
4.440173339843750000e+03 3.687154769897460938e+01 0.000000000000000000e+00
4.441196777343750000e+03 3.892863464355468750e+01 0.000000000000000000e+00
4.442218750000000000e+03 3.868715286254882812e+01 0.000000000000000000e+00
4.443243164062500000e+03 3.635889053344726562e+01 0.000000000000000000e+00
4.444265136718750000e+03 3.578543472290039062e+01 0.000000000000000000e+00
4.445287597656250000e+03 3.730937576293945312e+01 0.000000000000000000e+00
4.446312500000000000e+03 3.878235626220703125e+01 0.000000000000000000e+00
4.447335449218750000e+03 3.741407012939453125e+01 0.000000000000000000e+00
4.448361328125000000e+03 3.754835891723632812e+01 0.000000000000000000e+00
4.449384277343750000e+03 3.740686416625976562e+01 0.000000000000000000e+00
4.450410644531250000e+03 3.518043518066406250e+01 0.000000000000000000e+00
4.451434082031250000e+03 3.588119888305664062e+01 0.000000000000000000e+00
4.452458496093750000e+03 3.734456253051757812e+01 0.000000000000000000e+00
4.453484863281250000e+03 3.559162139892578125e+01 0.000000000000000000e+00
4.454509765625000000e+03 3.487805175781250000e+01 0.000000000000000000e+00
4.455536621093750000e+03 3.570123291015625000e+01 0.000000000000000000e+00
4.456561523437500000e+03 3.471087265014648438e+01 0.000000000000000000e+00
4.457589355468750000e+03 3.166966629028320312e+01 0.000000000000000000e+00
4.458614746093750000e+03 3.498380279541015625e+01 0.000000000000000000e+00
4.459640625000000000e+03 3.707198333740234375e+01 0.000000000000000000e+00
4.460668945312500000e+03 3.592068099975585938e+01 0.000000000000000000e+00
4.461695312500000000e+03 3.546840286254882812e+01 0.000000000000000000e+00
4.462724121093750000e+03 3.578760147094726562e+01 0.000000000000000000e+00
4.463750488281250000e+03 3.108130645751953125e+01 0.000000000000000000e+00
4.464779785156250000e+03 3.166493415832519531e+01 0.000000000000000000e+00
4.465807128906250000e+03 3.198725318908691406e+01 0.000000000000000000e+00
4.466836914062500000e+03 3.203798675537109375e+01 0.000000000000000000e+00
4.467864257812500000e+03 3.351541519165039062e+01 0.000000000000000000e+00
4.468892089843750000e+03 3.529523468017578125e+01 0.000000000000000000e+00
4.469922851562500000e+03 3.334318161010742188e+01 0.000000000000000000e+00
4.470951171875000000e+03 2.940931892395019531e+01 0.000000000000000000e+00
4.471981933593750000e+03 3.168063354492187500e+01 0.000000000000000000e+00
4.473010742187500000e+03 3.247100067138671875e+01 0.000000000000000000e+00
4.474042480468750000e+03 3.315370941162109375e+01 0.000000000000000000e+00
4.475071777343750000e+03 3.628533554077148438e+01 0.000000000000000000e+00
4.476101074218750000e+03 3.400985717773437500e+01 0.000000000000000000e+00
4.477133300781250000e+03 3.073099708557128906e+01 0.000000000000000000e+00
4.478163085937500000e+03 3.263203811645507812e+01 0.000000000000000000e+00
4.479195800781250000e+03 3.358325195312500000e+01 0.000000000000000000e+00
4.480226562500000000e+03 3.132027435302734375e+01 0.000000000000000000e+00
4.481259277343750000e+03 2.966300582885742188e+01 0.000000000000000000e+00
4.482290527343750000e+03 3.189681243896484375e+01 0.000000000000000000e+00
4.483321289062500000e+03 3.277232742309570312e+01 0.000000000000000000e+00
4.484355468750000000e+03 3.252667236328125000e+01 0.000000000000000000e+00
4.485387207031250000e+03 3.188910293579101562e+01 0.000000000000000000e+00
4.486421386718750000e+03 2.933502960205078125e+01 0.000000000000000000e+00
4.487453613281250000e+03 2.687484359741210938e+01 0.000000000000000000e+00
4.488488281250000000e+03 3.089988136291503906e+01 0.000000000000000000e+00
4.489520996093750000e+03 3.255002975463867188e+01 0.000000000000000000e+00
4.490553710937500000e+03 3.144186019897460938e+01 0.000000000000000000e+00
4.491588867187500000e+03 2.968254470825195312e+01 0.000000000000000000e+00
4.492622558593750000e+03 2.949608802795410156e+01 0.000000000000000000e+00
4.493658203125000000e+03 3.090298843383789062e+01 0.000000000000000000e+00
4.494691894531250000e+03 3.136809921264648438e+01 0.000000000000000000e+00
4.495728515625000000e+03 3.199919319152832031e+01 0.000000000000000000e+00
4.496762695312500000e+03 3.212508392333984375e+01 0.000000000000000000e+00
4.497797363281250000e+03 3.114253234863281250e+01 0.000000000000000000e+00
4.498834472656250000e+03 3.172500610351562500e+01 0.000000000000000000e+00
4.499869628906250000e+03 3.273186492919921875e+01 0.000000000000000000e+00
4.500907226562500000e+03 2.859007263183593750e+01 0.000000000000000000e+00
4.501942382812500000e+03 3.343955612182617188e+01 0.000000000000000000e+00
4.502980468750000000e+03 3.179743385314941406e+01 0.000000000000000000e+00
4.504016601562500000e+03 2.886756896972656250e+01 0.000000000000000000e+00
4.505052734375000000e+03 2.937012290954589844e+01 0.000000000000000000e+00
4.506091308593750000e+03 3.016581153869628906e+01 0.000000000000000000e+00
4.507127929687500000e+03 2.717795944213867188e+01 0.000000000000000000e+00
4.508167480468750000e+03 2.826036262512207031e+01 0.000000000000000000e+00
4.509204589843750000e+03 2.800707244873046875e+01 0.000000000000000000e+00
4.510244628906250000e+03 2.888956832885742188e+01 0.000000000000000000e+00
4.511282226562500000e+03 2.994506454467773438e+01 0.000000000000000000e+00
4.512319824218750000e+03 2.901987838745117188e+01 0.000000000000000000e+00
4.513360351562500000e+03 2.916096496582031250e+01 0.000000000000000000e+00
4.514398437500000000e+03 3.128775787353515625e+01 0.000000000000000000e+00
4.515439453125000000e+03 3.091856002807617188e+01 0.000000000000000000e+00
4.516478515625000000e+03 3.350938796997070312e+01 0.000000000000000000e+00
4.517520019531250000e+03 3.323639297485351562e+01 0.000000000000000000e+00
4.518559082031250000e+03 2.766141319274902344e+01 0.000000000000000000e+00
4.519598632812500000e+03 3.115311431884765625e+01 0.000000000000000000e+00
4.520640625000000000e+03 3.191816902160644531e+01 0.000000000000000000e+00
4.521680664062500000e+03 2.830760765075683594e+01 0.000000000000000000e+00
4.522723632812500000e+03 2.849006652832031250e+01 0.000000000000000000e+00
4.523764160156250000e+03 3.072137451171875000e+01 0.000000000000000000e+00
4.524807128906250000e+03 2.951194572448730469e+01 0.000000000000000000e+00
4.525848144531250000e+03 2.800348091125488281e+01 0.000000000000000000e+00
4.526889160156250000e+03 2.860205268859863281e+01 0.000000000000000000e+00
4.527933105468750000e+03 2.795747375488281250e+01 0.000000000000000000e+00
4.528974609375000000e+03 2.827173423767089844e+01 0.000000000000000000e+00
4.530019042968750000e+03 2.932109069824218750e+01 0.000000000000000000e+00
4.531061035156250000e+03 2.917965888977050781e+01 0.000000000000000000e+00
4.532105957031250000e+03 2.848625564575195312e+01 0.000000000000000000e+00
4.533148925781250000e+03 2.833917617797851562e+01 0.000000000000000000e+00
4.534191406250000000e+03 2.909160232543945312e+01 0.000000000000000000e+00
4.535237304687500000e+03 2.996213340759277344e+01 0.000000000000000000e+00
4.536280273437500000e+03 3.037834548950195312e+01 0.000000000000000000e+00
4.537326660156250000e+03 2.986753082275390625e+01 0.000000000000000000e+00
4.538370117187500000e+03 2.859667778015136719e+01 0.000000000000000000e+00
4.539416992187500000e+03 3.031229591369628906e+01 0.000000000000000000e+00
4.540460937500000000e+03 3.134771919250488281e+01 0.000000000000000000e+00
4.541505859375000000e+03 2.887192153930664062e+01 0.000000000000000000e+00
4.542552734375000000e+03 2.705849456787109375e+01 0.000000000000000000e+00
4.543598144531250000e+03 2.841094779968261719e+01 0.000000000000000000e+00
4.544645507812500000e+03 2.734284210205078125e+01 0.000000000000000000e+00
4.545691406250000000e+03 2.993455886840820312e+01 0.000000000000000000e+00
4.546739257812500000e+03 2.958375740051269531e+01 0.000000000000000000e+00
4.547785156250000000e+03 2.766999053955078125e+01 0.000000000000000000e+00
4.548833984375000000e+03 2.734876441955566406e+01 0.000000000000000000e+00
4.549880371093750000e+03 2.881430625915527344e+01 0.000000000000000000e+00
4.550927246093750000e+03 2.878409576416015625e+01 0.000000000000000000e+00
4.551976562500000000e+03 2.635017585754394531e+01 0.000000000000000000e+00
4.553023925781250000e+03 2.973319816589355469e+01 0.000000000000000000e+00
4.554073730468750000e+03 2.921755790710449219e+01 0.000000000000000000e+00
4.555121582031250000e+03 2.683212661743164062e+01 0.000000000000000000e+00
4.556171875000000000e+03 2.871790885925292969e+01 0.000000000000000000e+00
4.557219726562500000e+03 2.786022186279296875e+01 0.000000000000000000e+00
4.558268554687500000e+03 2.726339149475097656e+01 0.000000000000000000e+00
4.559319335937500000e+03 2.685183334350585938e+01 0.000000000000000000e+00
4.560368164062500000e+03 2.992890739440917969e+01 0.000000000000000000e+00
4.561419921875000000e+03 3.037866783142089844e+01 0.000000000000000000e+00
4.562469238281250000e+03 2.539462280273437500e+01 0.000000000000000000e+00
4.563521484375000000e+03 2.735563278198242188e+01 0.000000000000000000e+00
4.564571289062500000e+03 2.831501007080078125e+01 0.000000000000000000e+00
4.565621093750000000e+03 2.685983848571777344e+01 0.000000000000000000e+00
4.566674316406250000e+03 2.708089637756347656e+01 0.000000000000000000e+00
4.567724609375000000e+03 2.970606803894042969e+01 0.000000000000000000e+00
4.568777832031250000e+03 3.029692649841308594e+01 0.000000000000000000e+00
4.569829101562500000e+03 2.583250999450683594e+01 0.000000000000000000e+00
4.570882812500000000e+03 2.937267684936523438e+01 0.000000000000000000e+00
4.571934570312500000e+03 2.801919555664062500e+01 0.000000000000000000e+00
4.572986328125000000e+03 2.687517929077148438e+01 0.000000000000000000e+00
4.574040527343750000e+03 2.857855987548828125e+01 0.000000000000000000e+00
4.575092773437500000e+03 2.907488822937011719e+01 0.000000000000000000e+00
4.576147949218750000e+03 2.662754631042480469e+01 0.000000000000000000e+00
4.577200683593750000e+03 2.736223030090332031e+01 0.000000000000000000e+00
4.578255859375000000e+03 2.702249526977539062e+01 0.000000000000000000e+00
4.579309082031250000e+03 2.684018707275390625e+01 0.000000000000000000e+00
4.580362792968750000e+03 2.844029998779296875e+01 0.000000000000000000e+00
4.581418945312500000e+03 3.008619499206542969e+01 0.000000000000000000e+00
4.582473144531250000e+03 2.841061973571777344e+01 0.000000000000000000e+00
4.583529785156250000e+03 2.839991950988769531e+01 0.000000000000000000e+00
4.584583984375000000e+03 2.884173965454101562e+01 0.000000000000000000e+00
4.585641113281250000e+03 2.792831611633300781e+01 0.000000000000000000e+00
4.586696289062500000e+03 2.749290657043457031e+01 0.000000000000000000e+00
4.587751464843750000e+03 2.871670341491699219e+01 0.000000000000000000e+00
4.588809082031250000e+03 2.815787315368652344e+01 0.000000000000000000e+00
4.589864746093750000e+03 2.831307411193847656e+01 0.000000000000000000e+00
4.590923339843750000e+03 2.588441467285156250e+01 0.000000000000000000e+00
4.591979492187500000e+03 2.758188438415527344e+01 0.000000000000000000e+00
4.593038574218750000e+03 3.050589561462402344e+01 0.000000000000000000e+00
4.594095214843750000e+03 2.886206436157226562e+01 0.000000000000000000e+00
4.595151855468750000e+03 2.855826377868652344e+01 0.000000000000000000e+00
4.596211425781250000e+03 2.965318489074707031e+01 0.000000000000000000e+00
4.597269042968750000e+03 2.781008148193359375e+01 0.000000000000000000e+00
4.598329101562500000e+03 2.729352760314941406e+01 0.000000000000000000e+00
4.599386718750000000e+03 2.868460083007812500e+01 0.000000000000000000e+00
4.600447265625000000e+03 2.934629249572753906e+01 0.000000000000000000e+00
4.601505859375000000e+03 2.967702293395996094e+01 0.000000000000000000e+00
4.602564453125000000e+03 2.900972938537597656e+01 0.000000000000000000e+00
4.603625488281250000e+03 2.876397705078125000e+01 0.000000000000000000e+00
4.604684570312500000e+03 2.857086372375488281e+01 0.000000000000000000e+00
4.605746582031250000e+03 2.834438133239746094e+01 0.000000000000000000e+00
4.606806152343750000e+03 2.874066925048828125e+01 0.000000000000000000e+00
4.607868652343750000e+03 2.942113876342773438e+01 0.000000000000000000e+00
4.608928222656250000e+03 2.685067558288574219e+01 0.000000000000000000e+00
4.609988769531250000e+03 2.860605621337890625e+01 0.000000000000000000e+00
4.611051757812500000e+03 2.875832748413085938e+01 0.000000000000000000e+00
4.612112792968750000e+03 2.676317596435546875e+01 0.000000000000000000e+00
4.613176269531250000e+03 2.778203010559082031e+01 0.000000000000000000e+00
4.614237304687500000e+03 3.101666450500488281e+01 0.000000000000000000e+00
4.615301269531250000e+03 2.881232261657714844e+01 0.000000000000000000e+00
4.616363281250000000e+03 2.715071105957031250e+01 0.000000000000000000e+00
4.617425292968750000e+03 2.822985839843750000e+01 0.000000000000000000e+00
4.618489746093750000e+03 2.912676620483398438e+01 0.000000000000000000e+00
4.619552246093750000e+03 2.814704322814941406e+01 0.000000000000000000e+00
4.620617675781250000e+03 2.900138092041015625e+01 0.000000000000000000e+00
4.621680664062500000e+03 2.827222251892089844e+01 0.000000000000000000e+00
4.622746582031250000e+03 2.733871650695800781e+01 0.000000000000000000e+00
4.623809570312500000e+03 2.785074424743652344e+01 0.000000000000000000e+00
4.624873535156250000e+03 2.761992835998535156e+01 0.000000000000000000e+00
4.625939941406250000e+03 2.679215049743652344e+01 0.000000000000000000e+00
4.627004394531250000e+03 3.140301132202148438e+01 0.000000000000000000e+00
4.628071289062500000e+03 3.112270927429199219e+01 0.000000000000000000e+00
4.629135742187500000e+03 2.894507980346679688e+01 0.000000000000000000e+00
4.630203125000000000e+03 2.667282867431640625e+01 0.000000000000000000e+00
4.631268554687500000e+03 2.806374168395996094e+01 0.000000000000000000e+00
4.632336425781250000e+03 3.106317710876464844e+01 0.000000000000000000e+00
4.633402343750000000e+03 2.522954177856445312e+01 0.000000000000000000e+00
4.634467773437500000e+03 2.971414566040039062e+01 0.000000000000000000e+00
4.635536621093750000e+03 2.773054885864257812e+01 0.000000000000000000e+00
4.636603027343750000e+03 2.823451995849609375e+01 0.000000000000000000e+00
4.637672363281250000e+03 3.125536346435546875e+01 0.000000000000000000e+00
4.638739257812500000e+03 3.003579711914062500e+01 0.000000000000000000e+00
4.639809082031250000e+03 3.124774551391601562e+01 0.000000000000000000e+00
4.640876464843750000e+03 3.045482063293457031e+01 0.000000000000000000e+00
4.641943847656250000e+03 2.838557815551757812e+01 0.000000000000000000e+00
4.643014160156250000e+03 3.077451896667480469e+01 0.000000000000000000e+00
4.644082519531250000e+03 3.122178268432617188e+01 0.000000000000000000e+00
4.645153320312500000e+03 2.527066612243652344e+01 0.000000000000000000e+00
4.646222167968750000e+03 2.739650154113769531e+01 0.000000000000000000e+00
4.647293457031250000e+03 2.755593681335449219e+01 0.000000000000000000e+00
4.648362304687500000e+03 3.000849914550781250e+01 0.000000000000000000e+00
4.649431640625000000e+03 3.143165206909179688e+01 0.000000000000000000e+00
4.650503906250000000e+03 3.056892776489257812e+01 0.000000000000000000e+00
4.651573730468750000e+03 2.865907669067382812e+01 0.000000000000000000e+00
4.652646484375000000e+03 2.543377876281738281e+01 0.000000000000000000e+00
4.653716796875000000e+03 2.750008773803710938e+01 0.000000000000000000e+00
4.654790039062500000e+03 2.677578353881835938e+01 0.000000000000000000e+00
4.655860839843750000e+03 2.893959808349609375e+01 0.000000000000000000e+00
4.656931640625000000e+03 3.148312187194824219e+01 0.000000000000000000e+00
4.658005859375000000e+03 2.852473258972167969e+01 0.000000000000000000e+00
4.659077148437500000e+03 2.759407043457031250e+01 0.000000000000000000e+00
4.660151855468750000e+03 2.918417549133300781e+01 0.000000000000000000e+00
4.661223632812500000e+03 2.805982589721679688e+01 0.000000000000000000e+00
4.662298339843750000e+03 2.874834251403808594e+01 0.000000000000000000e+00
4.663371093750000000e+03 2.959689140319824219e+01 0.000000000000000000e+00
4.664443847656250000e+03 2.784616470336914062e+01 0.000000000000000000e+00
4.665519531250000000e+03 3.048511314392089844e+01 0.000000000000000000e+00
4.666592773437500000e+03 2.932734107971191406e+01 0.000000000000000000e+00
4.667668945312500000e+03 2.711880874633789062e+01 0.000000000000000000e+00
4.668742675781250000e+03 2.877690887451171875e+01 0.000000000000000000e+00
4.669819335937500000e+03 3.110655593872070312e+01 0.000000000000000000e+00
4.670893554687500000e+03 2.953202247619628906e+01 0.000000000000000000e+00
4.671968261718750000e+03 2.879945373535156250e+01 0.000000000000000000e+00
4.673045410156250000e+03 2.824815940856933594e+01 0.000000000000000000e+00
4.674120605468750000e+03 3.029156875610351562e+01 0.000000000000000000e+00
4.675198242187500000e+03 3.086628913879394531e+01 0.000000000000000000e+00
4.676273925781250000e+03 2.938335990905761719e+01 0.000000000000000000e+00
4.677352050781250000e+03 2.845149421691894531e+01 0.000000000000000000e+00
4.678428222656250000e+03 2.796342468261718750e+01 0.000000000000000000e+00
4.679504394531250000e+03 2.881146430969238281e+01 0.000000000000000000e+00
4.680583496093750000e+03 2.819331169128417969e+01 0.000000000000000000e+00
4.681660156250000000e+03 2.785126495361328125e+01 0.000000000000000000e+00
4.682739746093750000e+03 2.934919929504394531e+01 0.000000000000000000e+00
4.683817382812500000e+03 3.056253814697265625e+01 0.000000000000000000e+00
4.684897460937500000e+03 2.815742492675781250e+01 0.000000000000000000e+00
4.685975097656250000e+03 3.124407196044921875e+01 0.000000000000000000e+00
4.687053222656250000e+03 3.063863563537597656e+01 0.000000000000000000e+00
4.688133789062500000e+03 2.800268173217773438e+01 0.000000000000000000e+00
4.689212402343750000e+03 2.863176536560058594e+01 0.000000000000000000e+00
4.690293457031250000e+03 3.137362480163574219e+01 0.000000000000000000e+00
4.691372558593750000e+03 2.819753837585449219e+01 0.000000000000000000e+00
4.692454589843750000e+03 3.049352264404296875e+01 0.000000000000000000e+00
4.693534179687500000e+03 2.942019081115722656e+01 0.000000000000000000e+00
4.694613769531250000e+03 2.939865875244140625e+01 0.000000000000000000e+00
4.695696289062500000e+03 3.022925186157226562e+01 0.000000000000000000e+00
4.696776367187500000e+03 2.858080101013183594e+01 0.000000000000000000e+00
4.697859375000000000e+03 2.994650840759277344e+01 0.000000000000000000e+00
4.698940429687500000e+03 3.001246833801269531e+01 0.000000000000000000e+00
4.700023925781250000e+03 2.760940551757812500e+01 0.000000000000000000e+00
4.701104980468750000e+03 2.787327003479003906e+01 0.000000000000000000e+00
4.702186523437500000e+03 3.108194732666015625e+01 0.000000000000000000e+00
4.703270996093750000e+03 3.197706413269042969e+01 0.000000000000000000e+00
4.704353027343750000e+03 2.828305244445800781e+01 0.000000000000000000e+00
4.705437500000000000e+03 2.872661972045898438e+01 0.000000000000000000e+00
4.706520019531250000e+03 2.958953857421875000e+01 0.000000000000000000e+00
4.707605468750000000e+03 2.993342781066894531e+01 0.000000000000000000e+00
4.708688476562500000e+03 2.998055267333984375e+01 0.000000000000000000e+00
4.709771972656250000e+03 3.003940773010253906e+01 0.000000000000000000e+00
4.710857910156250000e+03 3.068732452392578125e+01 0.000000000000000000e+00
4.711941406250000000e+03 2.931807708740234375e+01 0.000000000000000000e+00
4.713028320312500000e+03 3.107170867919921875e+01 0.000000000000000000e+00
4.714112304687500000e+03 3.077121543884277344e+01 0.000000000000000000e+00
4.715199218750000000e+03 2.901973342895507812e+01 0.000000000000000000e+00
4.716284179687500000e+03 2.978718185424804688e+01 0.000000000000000000e+00
4.717371582031250000e+03 2.852273750305175781e+01 0.000000000000000000e+00
4.718457031250000000e+03 2.843676948547363281e+01 0.000000000000000000e+00
4.719542480468750000e+03 3.237616348266601562e+01 0.000000000000000000e+00
4.720630859375000000e+03 3.169774436950683594e+01 0.000000000000000000e+00
4.721716796875000000e+03 2.837803077697753906e+01 0.000000000000000000e+00
4.722805664062500000e+03 3.035789680480957031e+01 0.000000000000000000e+00
4.723892089843750000e+03 3.265021133422851562e+01 0.000000000000000000e+00
4.724981445312500000e+03 3.286947250366210938e+01 0.000000000000000000e+00
4.726068359375000000e+03 3.302020645141601562e+01 0.000000000000000000e+00
4.727155273437500000e+03 3.095212745666503906e+01 0.000000000000000000e+00
4.728245605468750000e+03 2.887519073486328125e+01 0.000000000000000000e+00
4.729333496093750000e+03 3.028254318237304688e+01 0.000000000000000000e+00
4.730423828125000000e+03 3.118869400024414062e+01 0.000000000000000000e+00
4.731512207031250000e+03 3.180025863647460938e+01 0.000000000000000000e+00
4.732603027343750000e+03 3.131898117065429688e+01 0.000000000000000000e+00
4.733691894531250000e+03 3.065839004516601562e+01 0.000000000000000000e+00
4.734780761718750000e+03 3.071810150146484375e+01 0.000000000000000000e+00
4.735872558593750000e+03 3.190294456481933594e+01 0.000000000000000000e+00
4.736962402343750000e+03 3.348917388916015625e+01 0.000000000000000000e+00
4.738054687500000000e+03 3.007380294799804688e+01 0.000000000000000000e+00
4.739144531250000000e+03 2.979460144042968750e+01 0.000000000000000000e+00
4.740237304687500000e+03 3.004625320434570312e+01 0.000000000000000000e+00
4.741327636718750000e+03 3.160262870788574219e+01 0.000000000000000000e+00
4.742418457031250000e+03 3.502955245971679688e+01 0.000000000000000000e+00
4.743512207031250000e+03 3.075108146667480469e+01 0.000000000000000000e+00
4.744603515625000000e+03 3.138450431823730469e+01 0.000000000000000000e+00
4.745697265625000000e+03 3.166401290893554688e+01 0.000000000000000000e+00
4.746789062500000000e+03 3.313834762573242188e+01 0.000000000000000000e+00
4.747883789062500000e+03 3.371678161621093750e+01 0.000000000000000000e+00
4.748976074218750000e+03 3.099345588684082031e+01 0.000000000000000000e+00
4.750068359375000000e+03 3.215717697143554688e+01 0.000000000000000000e+00
4.751164062500000000e+03 3.016414642333984375e+01 0.000000000000000000e+00
4.752256835937500000e+03 3.034752655029296875e+01 0.000000000000000000e+00
4.753352539062500000e+03 3.216527938842773438e+01 0.000000000000000000e+00
4.754446289062500000e+03 3.313858032226562500e+01 0.000000000000000000e+00
4.755542480468750000e+03 3.278794479370117188e+01 0.000000000000000000e+00
4.756636718750000000e+03 3.283634948730468750e+01 0.000000000000000000e+00
4.757730957031250000e+03 3.314867019653320312e+01 0.000000000000000000e+00
4.758828125000000000e+03 3.387757873535156250e+01 0.000000000000000000e+00
4.759922851562500000e+03 3.167852401733398438e+01 0.000000000000000000e+00
4.761020507812500000e+03 2.926548576354980469e+01 0.000000000000000000e+00
4.762115722656250000e+03 3.115094375610351562e+01 0.000000000000000000e+00
4.763213867187500000e+03 3.257807159423828125e+01 0.000000000000000000e+00
4.764309570312500000e+03 3.333856964111328125e+01 0.000000000000000000e+00
4.765405761718750000e+03 3.191607284545898438e+01 0.000000000000000000e+00
4.766504394531250000e+03 3.076337623596191406e+01 0.000000000000000000e+00
4.767601074218750000e+03 3.127826690673828125e+01 0.000000000000000000e+00
4.768700195312500000e+03 3.234226608276367188e+01 0.000000000000000000e+00
4.769797363281250000e+03 3.268274688720703125e+01 0.000000000000000000e+00
4.770897460937500000e+03 3.307353210449218750e+01 0.000000000000000000e+00
4.771995117187500000e+03 3.297793579101562500e+01 0.000000000000000000e+00
4.773092773437500000e+03 3.499758911132812500e+01 0.000000000000000000e+00
4.774193359375000000e+03 3.475090026855468750e+01 0.000000000000000000e+00
4.775291503906250000e+03 3.032297325134277344e+01 0.000000000000000000e+00
4.776392578125000000e+03 3.484078979492187500e+01 0.000000000000000000e+00
4.777491699218750000e+03 3.227273941040039062e+01 0.000000000000000000e+00
4.778593261718750000e+03 3.323894500732421875e+01 0.000000000000000000e+00
4.779692382812500000e+03 3.318506622314453125e+01 0.000000000000000000e+00
4.780791992187500000e+03 3.191325187683105469e+01 0.000000000000000000e+00
4.781894531250000000e+03 3.415787124633789062e+01 0.000000000000000000e+00
4.782994628906250000e+03 3.413343811035156250e+01 0.000000000000000000e+00
4.784097656250000000e+03 3.431367111206054688e+01 0.000000000000000000e+00
4.785198242187500000e+03 3.379841613769531250e+01 0.000000000000000000e+00
4.786301757812500000e+03 3.389724349975585938e+01 0.000000000000000000e+00
4.787402832031250000e+03 3.429706954956054688e+01 0.000000000000000000e+00
4.788503906250000000e+03 3.386722946166992188e+01 0.000000000000000000e+00
4.789608398437500000e+03 3.459375000000000000e+01 0.000000000000000000e+00
4.790709960937500000e+03 3.615420150756835938e+01 0.000000000000000000e+00
4.791814941406250000e+03 3.552163314819335938e+01 0.000000000000000000e+00
4.792916992187500000e+03 3.391012954711914062e+01 0.000000000000000000e+00
4.794022460937500000e+03 3.466007232666015625e+01 0.000000000000000000e+00
4.795125488281250000e+03 3.768549728393554688e+01 0.000000000000000000e+00
4.796228515625000000e+03 3.666101455688476562e+01 0.000000000000000000e+00
4.797334472656250000e+03 3.644990158081054688e+01 0.000000000000000000e+00
4.798437988281250000e+03 3.525627899169921875e+01 0.000000000000000000e+00
4.799544433593750000e+03 3.474418258666992188e+01 0.000000000000000000e+00
4.800648925781250000e+03 3.556407165527343750e+01 0.000000000000000000e+00
4.801755859375000000e+03 3.578432083129882812e+01 0.000000000000000000e+00
4.802860351562500000e+03 3.456613540649414062e+01 0.000000000000000000e+00
4.803967773437500000e+03 3.620633316040039062e+01 0.000000000000000000e+00
4.805073242187500000e+03 3.098607635498046875e+01 0.000000000000000000e+00
4.806178222656250000e+03 3.212950515747070312e+01 0.000000000000000000e+00
4.807286621093750000e+03 3.746482467651367188e+01 0.000000000000000000e+00
4.808392578125000000e+03 3.418289184570312500e+01 0.000000000000000000e+00
4.809501464843750000e+03 3.439449310302734375e+01 0.000000000000000000e+00
4.810607910156250000e+03 3.678836441040039062e+01 0.000000000000000000e+00
4.811717285156250000e+03 3.769388580322265625e+01 0.000000000000000000e+00
4.812824218750000000e+03 3.626507949829101562e+01 0.000000000000000000e+00
4.813931152343750000e+03 3.698326873779296875e+01 0.000000000000000000e+00
4.815041503906250000e+03 4.053165817260742188e+01 0.000000000000000000e+00
4.816148925781250000e+03 3.568651580810546875e+01 0.000000000000000000e+00
4.817259765625000000e+03 3.726780319213867188e+01 0.000000000000000000e+00
4.818367675781250000e+03 3.614794158935546875e+01 0.000000000000000000e+00
4.819479003906250000e+03 3.510307693481445312e+01 0.000000000000000000e+00
4.820587890625000000e+03 3.727299499511718750e+01 0.000000000000000000e+00
4.821696777343750000e+03 3.902784729003906250e+01 0.000000000000000000e+00
4.822808593750000000e+03 3.638191604614257812e+01 0.000000000000000000e+00
4.823917968750000000e+03 3.858144378662109375e+01 0.000000000000000000e+00
4.825030273437500000e+03 3.853968811035156250e+01 0.000000000000000000e+00
4.826140136718750000e+03 3.704459381103515625e+01 0.000000000000000000e+00
4.827253417968750000e+03 3.749609375000000000e+01 0.000000000000000000e+00
4.828363769531250000e+03 3.926688385009765625e+01 0.000000000000000000e+00
4.829474609375000000e+03 3.782075881958007812e+01 0.000000000000000000e+00
4.830588378906250000e+03 3.882517623901367188e+01 0.000000000000000000e+00
4.831699707031250000e+03 3.998597335815429688e+01 0.000000000000000000e+00
4.832813476562500000e+03 4.123067855834960938e+01 0.000000000000000000e+00
4.833925292968750000e+03 4.034978866577148438e+01 0.000000000000000000e+00
4.835040039062500000e+03 3.667494201660156250e+01 0.000000000000000000e+00
4.836152343750000000e+03 3.837725448608398438e+01 0.000000000000000000e+00
4.837265136718750000e+03 4.075345230102539062e+01 0.000000000000000000e+00
4.838380371093750000e+03 4.317154693603515625e+01 0.000000000000000000e+00
4.839493652343750000e+03 4.334232711791992188e+01 0.000000000000000000e+00
4.840609375000000000e+03 4.116754531860351562e+01 0.000000000000000000e+00
4.841723144531250000e+03 3.912848281860351562e+01 0.000000000000000000e+00
4.842839355468750000e+03 3.880538558959960938e+01 0.000000000000000000e+00
4.843953613281250000e+03 4.135541534423828125e+01 0.000000000000000000e+00
4.845067871093750000e+03 4.095638275146484375e+01 0.000000000000000000e+00
4.846185058593750000e+03 4.259933853149414062e+01 0.000000000000000000e+00
4.847300292968750000e+03 4.448835372924804688e+01 0.000000000000000000e+00
4.848417968750000000e+03 4.198026275634765625e+01 0.000000000000000000e+00
4.849533203125000000e+03 4.489358520507812500e+01 0.000000000000000000e+00
4.850651367187500000e+03 4.273260879516601562e+01 0.000000000000000000e+00
4.851767578125000000e+03 4.385819244384765625e+01 0.000000000000000000e+00
4.852883789062500000e+03 4.418117141723632812e+01 0.000000000000000000e+00
4.854002441406250000e+03 4.165375518798828125e+01 0.000000000000000000e+00
4.855119140625000000e+03 4.089441680908203125e+01 0.000000000000000000e+00
4.856238769531250000e+03 4.285533523559570312e+01 0.000000000000000000e+00
4.857355957031250000e+03 4.402106094360351562e+01 0.000000000000000000e+00
4.858476074218750000e+03 4.334540557861328125e+01 0.000000000000000000e+00
4.859593750000000000e+03 4.326568222045898438e+01 0.000000000000000000e+00
4.860711914062500000e+03 4.434745407104492188e+01 0.000000000000000000e+00
4.861832519531250000e+03 4.435998535156250000e+01 0.000000000000000000e+00
4.862951171875000000e+03 4.293585968017578125e+01 0.000000000000000000e+00
4.864072265625000000e+03 4.663080215454101562e+01 0.000000000000000000e+00
4.865191406250000000e+03 4.456465148925781250e+01 0.000000000000000000e+00
4.866313476562500000e+03 4.460777664184570312e+01 0.000000000000000000e+00
4.867432617187500000e+03 4.595002365112304688e+01 0.000000000000000000e+00
4.868552734375000000e+03 4.145486450195312500e+01 0.000000000000000000e+00
4.869675292968750000e+03 4.430533599853515625e+01 0.000000000000000000e+00
4.870795410156250000e+03 4.573204421997070312e+01 0.000000000000000000e+00
4.871918945312500000e+03 4.607651519775390625e+01 0.000000000000000000e+00
4.873039550781250000e+03 4.566025924682617188e+01 0.000000000000000000e+00
4.874163085937500000e+03 4.515459823608398438e+01 0.000000000000000000e+00
4.875284667968750000e+03 4.468691635131835938e+01 0.000000000000000000e+00
4.876406250000000000e+03 4.220488357543945312e+01 0.000000000000000000e+00
4.877530761718750000e+03 4.394768524169921875e+01 0.000000000000000000e+00
4.878652832031250000e+03 4.571264266967773438e+01 0.000000000000000000e+00
4.879777832031250000e+03 4.487870407104492188e+01 0.000000000000000000e+00
4.880900390625000000e+03 4.372373962402343750e+01 0.000000000000000000e+00
4.882025878906250000e+03 4.507230377197265625e+01 0.000000000000000000e+00
4.883148925781250000e+03 4.539536285400390625e+01 0.000000000000000000e+00
4.884271972656250000e+03 4.401482009887695312e+01 0.000000000000000000e+00
4.885398437500000000e+03 4.438162231445312500e+01 0.000000000000000000e+00
4.886522460937500000e+03 4.387659072875976562e+01 0.000000000000000000e+00
4.887649414062500000e+03 4.127735900878906250e+01 0.000000000000000000e+00
4.888773437500000000e+03 3.920895004272460938e+01 0.000000000000000000e+00
4.889900878906250000e+03 3.927930068969726562e+01 0.000000000000000000e+00
4.891025878906250000e+03 4.016664886474609375e+01 0.000000000000000000e+00
4.892153808593750000e+03 4.301057052612304688e+01 0.000000000000000000e+00
4.893279296875000000e+03 4.466029357910156250e+01 0.000000000000000000e+00
4.894404785156250000e+03 4.443894958496093750e+01 0.000000000000000000e+00
4.895533691406250000e+03 4.373276901245117188e+01 0.000000000000000000e+00
4.896659667968750000e+03 4.022125625610351562e+01 0.000000000000000000e+00
4.897789062500000000e+03 3.996366119384765625e+01 0.000000000000000000e+00
4.898915527343750000e+03 4.016049575805664062e+01 0.000000000000000000e+00
4.900045410156250000e+03 4.311510086059570312e+01 0.000000000000000000e+00
4.901172363281250000e+03 4.366182327270507812e+01 0.000000000000000000e+00
4.902299804687500000e+03 3.707278060913085938e+01 0.000000000000000000e+00
4.903430664062500000e+03 3.984766387939453125e+01 0.000000000000000000e+00
4.904558593750000000e+03 4.252124786376953125e+01 0.000000000000000000e+00
4.905689453125000000e+03 3.962545013427734375e+01 0.000000000000000000e+00
4.906817871093750000e+03 3.888988876342773438e+01 0.000000000000000000e+00
4.907949707031250000e+03 4.088416290283203125e+01 0.000000000000000000e+00
4.909078613281250000e+03 3.931634521484375000e+01 0.000000000000000000e+00
4.910208007812500000e+03 3.948838806152343750e+01 0.000000000000000000e+00
4.911340332031250000e+03 4.020042800903320312e+01 0.000000000000000000e+00
4.912470214843750000e+03 3.845569610595703125e+01 0.000000000000000000e+00
4.913603027343750000e+03 3.836809539794921875e+01 0.000000000000000000e+00
4.914733398437500000e+03 3.892216873168945312e+01 0.000000000000000000e+00
4.915866699218750000e+03 3.668757247924804688e+01 0.000000000000000000e+00
4.916997558593750000e+03 3.891917037963867188e+01 0.000000000000000000e+00
4.918128417968750000e+03 3.539317321777343750e+01 0.000000000000000000e+00
4.919262695312500000e+03 3.629025650024414062e+01 0.000000000000000000e+00
4.920394531250000000e+03 3.759067916870117188e+01 0.000000000000000000e+00
4.921528808593750000e+03 3.559786224365234375e+01 0.000000000000000000e+00
4.922661132812500000e+03 3.425954055786132812e+01 0.000000000000000000e+00
4.923796386718750000e+03 3.591163635253906250e+01 0.000000000000000000e+00
4.924929199218750000e+03 3.696997833251953125e+01 0.000000000000000000e+00
4.926062011718750000e+03 3.532007980346679688e+01 0.000000000000000000e+00
4.927197753906250000e+03 3.482659912109375000e+01 0.000000000000000000e+00
4.928331542968750000e+03 3.649169921875000000e+01 0.000000000000000000e+00
4.929467773437500000e+03 3.600944519042968750e+01 0.000000000000000000e+00
4.930602050781250000e+03 3.168861007690429688e+01 0.000000000000000000e+00
4.931738769531250000e+03 3.535853958129882812e+01 0.000000000000000000e+00
4.932873535156250000e+03 3.686585617065429688e+01 0.000000000000000000e+00
4.934008300781250000e+03 3.398715209960937500e+01 0.000000000000000000e+00
4.935145996093750000e+03 3.192040443420410156e+01 0.000000000000000000e+00
4.936281250000000000e+03 3.416175460815429688e+01 0.000000000000000000e+00
4.937419433593750000e+03 3.495113372802734375e+01 0.000000000000000000e+00
4.938555664062500000e+03 3.449319839477539062e+01 0.000000000000000000e+00
4.939694335937500000e+03 3.230546951293945312e+01 0.000000000000000000e+00
4.940830566406250000e+03 3.210431671142578125e+01 0.000000000000000000e+00
4.941967285156250000e+03 3.282846069335937500e+01 0.000000000000000000e+00
4.943106933593750000e+03 3.050112152099609375e+01 0.000000000000000000e+00
4.944244140625000000e+03 3.029728698730468750e+01 0.000000000000000000e+00
4.945384277343750000e+03 3.285435867309570312e+01 0.000000000000000000e+00
4.946521972656250000e+03 3.272287750244140625e+01 0.000000000000000000e+00
4.947662597656250000e+03 3.236834716796875000e+01 0.000000000000000000e+00
4.948800781250000000e+03 3.138479042053222656e+01 0.000000000000000000e+00
4.949939453125000000e+03 2.867387199401855469e+01 0.000000000000000000e+00
4.951080566406250000e+03 3.402642059326171875e+01 0.000000000000000000e+00
4.952219726562500000e+03 3.231512069702148438e+01 0.000000000000000000e+00
4.953361816406250000e+03 2.839515876770019531e+01 0.000000000000000000e+00
4.954500976562500000e+03 2.874304008483886719e+01 0.000000000000000000e+00
4.955643554687500000e+03 3.184059143066406250e+01 0.000000000000000000e+00
4.956783691406250000e+03 3.167790985107421875e+01 0.000000000000000000e+00
4.957923828125000000e+03 2.960339164733886719e+01 0.000000000000000000e+00
4.959067382812500000e+03 2.959639549255371094e+01 0.000000000000000000e+00
4.960208007812500000e+03 3.280149841308593750e+01 0.000000000000000000e+00
4.961352050781250000e+03 3.124384498596191406e+01 0.000000000000000000e+00
4.962493164062500000e+03 2.710762786865234375e+01 0.000000000000000000e+00
4.963637695312500000e+03 2.911371231079101562e+01 0.000000000000000000e+00
4.964779296875000000e+03 2.800807380676269531e+01 0.000000000000000000e+00
4.965921386718750000e+03 2.785675430297851562e+01 0.000000000000000000e+00
4.967066894531250000e+03 2.935074234008789062e+01 0.000000000000000000e+00
4.968209472656250000e+03 2.939642524719238281e+01 0.000000000000000000e+00
4.969354980468750000e+03 2.840811729431152344e+01 0.000000000000000000e+00
4.970498046875000000e+03 2.929486465454101562e+01 0.000000000000000000e+00
4.971644531250000000e+03 2.912550163269042969e+01 0.000000000000000000e+00
4.972788085937500000e+03 2.871507835388183594e+01 0.000000000000000000e+00
4.973932128906250000e+03 2.813537979125976562e+01 0.000000000000000000e+00
4.975079101562500000e+03 2.928605842590332031e+01 0.000000000000000000e+00
4.976223632812500000e+03 2.971663856506347656e+01 0.000000000000000000e+00
4.977371093750000000e+03 2.627726364135742188e+01 0.000000000000000000e+00
4.978516113281250000e+03 2.666261672973632812e+01 0.000000000000000000e+00
4.979664062500000000e+03 2.840905570983886719e+01 0.000000000000000000e+00
4.980809570312500000e+03 2.971469688415527344e+01 0.000000000000000000e+00
4.981958496093750000e+03 2.949935340881347656e+01 0.000000000000000000e+00
4.983104492187500000e+03 2.824386405944824219e+01 0.000000000000000000e+00
4.984250976562500000e+03 2.746838760375976562e+01 0.000000000000000000e+00
4.985400390625000000e+03 2.764189338684082031e+01 0.000000000000000000e+00
4.986546875000000000e+03 2.935806083679199219e+01 0.000000000000000000e+00
4.987696777343750000e+03 2.724056243896484375e+01 0.000000000000000000e+00
4.988844238281250000e+03 2.661125183105468750e+01 0.000000000000000000e+00
4.989994628906250000e+03 2.823488235473632812e+01 0.000000000000000000e+00
4.991142578125000000e+03 2.751487159729003906e+01 0.000000000000000000e+00
4.992291015625000000e+03 3.025649642944335938e+01 0.000000000000000000e+00
4.993441894531250000e+03 2.824717140197753906e+01 0.000000000000000000e+00
4.994590820312500000e+03 2.870038986206054688e+01 0.000000000000000000e+00
4.995742675781250000e+03 2.961266326904296875e+01 0.000000000000000000e+00
4.996892089843750000e+03 2.897767257690429688e+01 0.000000000000000000e+00
4.998043945312500000e+03 2.885052680969238281e+01 0.000000000000000000e+00
4.999193847656250000e+03 2.760608291625976562e+01 0.000000000000000000e+00
5.000343750000000000e+03 2.898178863525390625e+01 0.000000000000000000e+00
5.001497070312500000e+03 2.955540466308593750e+01 0.000000000000000000e+00
5.002647460937500000e+03 2.898852157592773438e+01 0.000000000000000000e+00
5.003801269531250000e+03 2.820186042785644531e+01 0.000000000000000000e+00
5.004952148437500000e+03 2.767547607421875000e+01 0.000000000000000000e+00
5.006106445312500000e+03 2.823288536071777344e+01 0.000000000000000000e+00
5.007258300781250000e+03 2.756871604919433594e+01 0.000000000000000000e+00
5.008410156250000000e+03 2.864570999145507812e+01 0.000000000000000000e+00
5.009564941406250000e+03 2.912970352172851562e+01 0.000000000000000000e+00
5.010717285156250000e+03 2.726966857910156250e+01 0.000000000000000000e+00
5.011873046875000000e+03 2.580222511291503906e+01 0.000000000000000000e+00
5.013025878906250000e+03 2.810939025878906250e+01 0.000000000000000000e+00
5.014181640625000000e+03 2.916771888732910156e+01 0.000000000000000000e+00
5.015335449218750000e+03 2.727283668518066406e+01 0.000000000000000000e+00
5.016489257812500000e+03 2.807308006286621094e+01 0.000000000000000000e+00
5.017645996093750000e+03 2.996200561523437500e+01 0.000000000000000000e+00
5.018800292968750000e+03 2.656054687500000000e+01 0.000000000000000000e+00
5.019957519531250000e+03 2.675947761535644531e+01 0.000000000000000000e+00
5.021112304687500000e+03 2.843535423278808594e+01 0.000000000000000000e+00
5.022270019531250000e+03 3.025452995300292969e+01 0.000000000000000000e+00
5.023425781250000000e+03 2.904664230346679688e+01 0.000000000000000000e+00
5.024581054687500000e+03 2.572279357910156250e+01 0.000000000000000000e+00
5.025739746093750000e+03 2.562112808227539062e+01 0.000000000000000000e+00
5.026895996093750000e+03 2.916928100585937500e+01 0.000000000000000000e+00
5.028055175781250000e+03 2.808980751037597656e+01 0.000000000000000000e+00
5.029211914062500000e+03 3.007824897766113281e+01 0.000000000000000000e+00
5.030371582031250000e+03 2.912218856811523438e+01 0.000000000000000000e+00
5.031528808593750000e+03 2.649683380126953125e+01 0.000000000000000000e+00
5.032686523437500000e+03 3.045459556579589844e+01 0.000000000000000000e+00
5.033847167968750000e+03 2.752406692504882812e+01 0.000000000000000000e+00
5.035004882812500000e+03 2.902320480346679688e+01 0.000000000000000000e+00
5.036166015625000000e+03 2.899771881103515625e+01 0.000000000000000000e+00
5.037324707031250000e+03 2.746641159057617188e+01 0.000000000000000000e+00
5.038486328125000000e+03 2.711321449279785156e+01 0.000000000000000000e+00
5.039645507812500000e+03 2.782535934448242188e+01 0.000000000000000000e+00
5.040804687500000000e+03 2.783982467651367188e+01 0.000000000000000000e+00
5.041967285156250000e+03 2.835495376586914062e+01 0.000000000000000000e+00
5.043126953125000000e+03 2.947277641296386719e+01 0.000000000000000000e+00
5.044290039062500000e+03 2.897208404541015625e+01 0.000000000000000000e+00
5.045450195312500000e+03 2.751736831665039062e+01 0.000000000000000000e+00
5.046613769531250000e+03 2.787243461608886719e+01 0.000000000000000000e+00
5.047774902343750000e+03 2.753761100769042969e+01 0.000000000000000000e+00
5.048936035156250000e+03 2.808988952636718750e+01 0.000000000000000000e+00
5.050100097656250000e+03 2.998864173889160156e+01 0.000000000000000000e+00
5.051262207031250000e+03 2.938626861572265625e+01 0.000000000000000000e+00
5.052426757812500000e+03 2.792701721191406250e+01 0.000000000000000000e+00
5.053589355468750000e+03 3.002567481994628906e+01 0.000000000000000000e+00
5.054754394531250000e+03 2.753208160400390625e+01 0.000000000000000000e+00
5.055917480468750000e+03 2.756399154663085938e+01 0.000000000000000000e+00
5.057080566406250000e+03 2.718294715881347656e+01 0.000000000000000000e+00
5.058246582031250000e+03 2.648112869262695312e+01 0.000000000000000000e+00
5.059410156250000000e+03 2.707457542419433594e+01 0.000000000000000000e+00
5.060577148437500000e+03 2.815382575988769531e+01 0.000000000000000000e+00
5.061741210937500000e+03 2.649475669860839844e+01 0.000000000000000000e+00
5.062908203125000000e+03 2.681021118164062500e+01 0.000000000000000000e+00
5.064073242187500000e+03 2.943691444396972656e+01 0.000000000000000000e+00
5.065237792968750000e+03 2.987459945678710938e+01 0.000000000000000000e+00
5.066406250000000000e+03 2.766918754577636719e+01 0.000000000000000000e+00
5.067571777343750000e+03 2.775384521484375000e+01 0.000000000000000000e+00
5.068740234375000000e+03 3.033925056457519531e+01 0.000000000000000000e+00
5.069906250000000000e+03 2.815811920166015625e+01 0.000000000000000000e+00
5.071075195312500000e+03 2.691326141357421875e+01 0.000000000000000000e+00
5.072241699218750000e+03 2.693582725524902344e+01 0.000000000000000000e+00
5.073411621093750000e+03 2.700930786132812500e+01 0.000000000000000000e+00
5.074578613281250000e+03 2.787876319885253906e+01 0.000000000000000000e+00
5.075746093750000000e+03 2.836127662658691406e+01 0.000000000000000000e+00
5.076916503906250000e+03 2.691382408142089844e+01 0.000000000000000000e+00
5.078084472656250000e+03 2.841995811462402344e+01 0.000000000000000000e+00
5.079255371093750000e+03 2.851647758483886719e+01 0.000000000000000000e+00
5.080423828125000000e+03 2.616265869140625000e+01 0.000000000000000000e+00
5.081595703125000000e+03 2.702571868896484375e+01 0.000000000000000000e+00
5.082764648437500000e+03 2.884678649902343750e+01 0.000000000000000000e+00
5.083933593750000000e+03 3.011645126342773438e+01 0.000000000000000000e+00
5.085105957031250000e+03 2.783140754699707031e+01 0.000000000000000000e+00
5.086275878906250000e+03 2.780594444274902344e+01 0.000000000000000000e+00
5.087448730468750000e+03 2.949840164184570312e+01 0.000000000000000000e+00
5.088619140625000000e+03 2.654206085205078125e+01 0.000000000000000000e+00
5.089792480468750000e+03 2.825154304504394531e+01 0.000000000000000000e+00
5.090963378906250000e+03 2.730121040344238281e+01 0.000000000000000000e+00
5.092134765625000000e+03 2.777073287963867188e+01 0.000000000000000000e+00
5.093309082031250000e+03 2.691072463989257812e+01 0.000000000000000000e+00
5.094480468750000000e+03 2.584217262268066406e+01 0.000000000000000000e+00
5.095655273437500000e+03 2.959292221069335938e+01 0.000000000000000000e+00
5.096827636718750000e+03 2.869596862792968750e+01 0.000000000000000000e+00
5.098002929687500000e+03 2.792736434936523438e+01 0.000000000000000000e+00
5.099175781250000000e+03 3.032905769348144531e+01 0.000000000000000000e+00
5.100348632812500000e+03 2.967172241210937500e+01 0.000000000000000000e+00
5.101524902343750000e+03 2.717347526550292969e+01 0.000000000000000000e+00
5.102698730468750000e+03 3.011177062988281250e+01 0.000000000000000000e+00
5.103875000000000000e+03 2.757654762268066406e+01 0.000000000000000000e+00
5.105049316406250000e+03 2.766661834716796875e+01 0.000000000000000000e+00
5.106226562500000000e+03 3.064283180236816406e+01 0.000000000000000000e+00
5.107401367187500000e+03 2.918173599243164062e+01 0.000000000000000000e+00
5.108576171875000000e+03 2.593935585021972656e+01 0.000000000000000000e+00
5.109754394531250000e+03 2.971547698974609375e+01 0.000000000000000000e+00
5.110929687500000000e+03 2.759555625915527344e+01 0.000000000000000000e+00
5.112108398437500000e+03 2.904868125915527344e+01 0.000000000000000000e+00
5.113284179687500000e+03 2.855178451538085938e+01 0.000000000000000000e+00
5.114463378906250000e+03 2.739451217651367188e+01 0.000000000000000000e+00
5.115640136718750000e+03 2.733773803710937500e+01 0.000000000000000000e+00
5.116816894531250000e+03 2.660160446166992188e+01 0.000000000000000000e+00
5.117996582031250000e+03 2.787502479553222656e+01 0.000000000000000000e+00
5.119174316406250000e+03 2.871932983398437500e+01 0.000000000000000000e+00
5.120354492187500000e+03 2.814649009704589844e+01 0.000000000000000000e+00
5.121532714843750000e+03 2.670194435119628906e+01 0.000000000000000000e+00
5.122713378906250000e+03 2.643228912353515625e+01 0.000000000000000000e+00
5.123892089843750000e+03 2.820677566528320312e+01 0.000000000000000000e+00
5.125070800781250000e+03 2.713737678527832031e+01 0.000000000000000000e+00
5.126252441406250000e+03 2.564144706726074219e+01 0.000000000000000000e+00
5.127432128906250000e+03 2.764893722534179688e+01 0.000000000000000000e+00
5.128614257812500000e+03 2.864514732360839844e+01 0.000000000000000000e+00
5.129793945312500000e+03 2.683826828002929688e+01 0.000000000000000000e+00
5.130977050781250000e+03 2.752025032043457031e+01 0.000000000000000000e+00
5.132157226562500000e+03 3.081338691711425781e+01 0.000000000000000000e+00
5.133337890625000000e+03 2.811939048767089844e+01 0.000000000000000000e+00
5.134521972656250000e+03 2.601083183288574219e+01 0.000000000000000000e+00
5.135703125000000000e+03 2.641178321838378906e+01 0.000000000000000000e+00
5.136887207031250000e+03 2.750903320312500000e+01 0.000000000000000000e+00
5.138068847656250000e+03 2.814714813232421875e+01 0.000000000000000000e+00
5.139253906250000000e+03 2.819705009460449219e+01 0.000000000000000000e+00
5.140436035156250000e+03 2.683730125427246094e+01 0.000000000000000000e+00
5.141618652343750000e+03 2.806830406188964844e+01 0.000000000000000000e+00
5.142804199218750000e+03 2.915099716186523438e+01 0.000000000000000000e+00
5.143987304687500000e+03 2.747985839843750000e+01 0.000000000000000000e+00
5.145173828125000000e+03 2.552712059020996094e+01 0.000000000000000000e+00
5.146357421875000000e+03 2.586792373657226562e+01 0.000000000000000000e+00
5.147543945312500000e+03 2.639351272583007812e+01 0.000000000000000000e+00
5.148728027343750000e+03 2.624388122558593750e+01 0.000000000000000000e+00
5.149912597656250000e+03 2.860646247863769531e+01 0.000000000000000000e+00
5.151100097656250000e+03 3.124057197570800781e+01 0.000000000000000000e+00
5.152285156250000000e+03 2.803904151916503906e+01 0.000000000000000000e+00
5.153473144531250000e+03 2.675534057617187500e+01 0.000000000000000000e+00
5.154658691406250000e+03 2.789613342285156250e+01 0.000000000000000000e+00
5.155847656250000000e+03 2.900913619995117188e+01 0.000000000000000000e+00
5.157033691406250000e+03 2.935475921630859375e+01 0.000000000000000000e+00
5.158222656250000000e+03 2.829509544372558594e+01 0.000000000000000000e+00
5.159409179687500000e+03 2.604963111877441406e+01 0.000000000000000000e+00
5.160596191406250000e+03 2.750403213500976562e+01 0.000000000000000000e+00
5.161786132812500000e+03 2.770203781127929688e+01 0.000000000000000000e+00
5.162973632812500000e+03 2.987832069396972656e+01 0.000000000000000000e+00
5.164164550781250000e+03 2.979594993591308594e+01 0.000000000000000000e+00
5.165352539062500000e+03 2.652114105224609375e+01 0.000000000000000000e+00
5.166543457031250000e+03 2.654097366333007812e+01 0.000000000000000000e+00
5.167731933593750000e+03 2.822119712829589844e+01 0.000000000000000000e+00
5.168920898437500000e+03 2.799525260925292969e+01 0.000000000000000000e+00
5.170112792968750000e+03 2.734021377563476562e+01 0.000000000000000000e+00
5.171302246093750000e+03 2.626788711547851562e+01 0.000000000000000000e+00
5.172494628906250000e+03 2.605617904663085938e+01 0.000000000000000000e+00
5.173684570312500000e+03 2.857479286193847656e+01 0.000000000000000000e+00
5.174877929687500000e+03 2.847461128234863281e+01 0.000000000000000000e+00
5.176068359375000000e+03 2.602986717224121094e+01 0.000000000000000000e+00
5.177258789062500000e+03 2.591471481323242188e+01 0.000000000000000000e+00
5.178452636718750000e+03 2.717912101745605469e+01 0.000000000000000000e+00
5.179644042968750000e+03 2.844057273864746094e+01 0.000000000000000000e+00
5.180838378906250000e+03 2.944891166687011719e+01 0.000000000000000000e+00
5.182030273437500000e+03 2.539325523376464844e+01 0.000000000000000000e+00
5.183225097656250000e+03 2.720665550231933594e+01 0.000000000000000000e+00
5.184417480468750000e+03 2.616562080383300781e+01 0.000000000000000000e+00
5.185610351562500000e+03 2.515142250061035156e+01 0.000000000000000000e+00
5.186806152343750000e+03 2.740498352050781250e+01 0.000000000000000000e+00
5.187999511718750000e+03 2.762972259521484375e+01 0.000000000000000000e+00
5.189195800781250000e+03 2.608728790283203125e+01 0.000000000000000000e+00
5.190389648437500000e+03 2.807228279113769531e+01 0.000000000000000000e+00
5.191586425781250000e+03 2.953315925598144531e+01 0.000000000000000000e+00
5.192780761718750000e+03 2.740457916259765625e+01 0.000000000000000000e+00
5.193975097656250000e+03 2.578410148620605469e+01 0.000000000000000000e+00
5.195172851562500000e+03 2.937196540832519531e+01 0.000000000000000000e+00
5.196368164062500000e+03 2.636929321289062500e+01 0.000000000000000000e+00
5.197566406250000000e+03 2.655734252929687500e+01 0.000000000000000000e+00
5.198762207031250000e+03 2.808107185363769531e+01 0.000000000000000000e+00
5.199960937500000000e+03 2.871950721740722656e+01 0.000000000000000000e+00
5.201157226562500000e+03 2.813997840881347656e+01 0.000000000000000000e+00
5.202353515625000000e+03 2.638330459594726562e+01 0.000000000000000000e+00
5.203553222656250000e+03 2.411212539672851562e+01 0.000000000000000000e+00
5.204750488281250000e+03 2.909063529968261719e+01 0.000000000000000000e+00
5.205950683593750000e+03 2.874404907226562500e+01 0.000000000000000000e+00
5.207148437500000000e+03 2.553755569458007812e+01 0.000000000000000000e+00
5.208349121093750000e+03 2.536891365051269531e+01 0.000000000000000000e+00
5.209547363281250000e+03 2.608529090881347656e+01 0.000000000000000000e+00
5.210745605468750000e+03 2.733254432678222656e+01 0.000000000000000000e+00
5.211947265625000000e+03 2.731286811828613281e+01 0.000000000000000000e+00
5.213145996093750000e+03 2.593051147460937500e+01 0.000000000000000000e+00
5.214348144531250000e+03 2.648068046569824219e+01 0.000000000000000000e+00
5.215547851562500000e+03 2.761961364746093750e+01 0.000000000000000000e+00
5.216750488281250000e+03 2.456844902038574219e+01 0.000000000000000000e+00
5.217950683593750000e+03 2.543125534057617188e+01 0.000000000000000000e+00
5.219150878906250000e+03 2.840566062927246094e+01 0.000000000000000000e+00
5.220354492187500000e+03 2.536605644226074219e+01 0.000000000000000000e+00
5.221555664062500000e+03 2.370170974731445312e+01 0.000000000000000000e+00
5.222759765625000000e+03 2.667094421386718750e+01 0.000000000000000000e+00
5.223960937500000000e+03 2.573655891418457031e+01 0.000000000000000000e+00
5.225165527343750000e+03 2.647664260864257812e+01 0.000000000000000000e+00
5.226367675781250000e+03 2.628369140625000000e+01 0.000000000000000000e+00
5.227570312500000000e+03 2.666730880737304688e+01 0.000000000000000000e+00
5.228775390625000000e+03 2.678610610961914062e+01 0.000000000000000000e+00
5.229978515625000000e+03 2.613527297973632812e+01 0.000000000000000000e+00
5.231184570312500000e+03 2.630510330200195312e+01 0.000000000000000000e+00
5.232387695312500000e+03 2.664489555358886719e+01 0.000000000000000000e+00
5.233594238281250000e+03 2.729544067382812500e+01 0.000000000000000000e+00
5.234798339843750000e+03 2.558702468872070312e+01 0.000000000000000000e+00
5.236002929687500000e+03 2.559052658081054688e+01 0.000000000000000000e+00
5.237209960937500000e+03 2.794073104858398438e+01 0.000000000000000000e+00
5.238415039062500000e+03 2.706688880920410156e+01 0.000000000000000000e+00
5.239623046875000000e+03 2.715545845031738281e+01 0.000000000000000000e+00
5.240828125000000000e+03 2.512584304809570312e+01 0.000000000000000000e+00
5.242036621093750000e+03 2.475466918945312500e+01 0.000000000000000000e+00
5.243242675781250000e+03 2.542182350158691406e+01 0.000000000000000000e+00
5.244448730468750000e+03 2.520624923706054688e+01 0.000000000000000000e+00
5.245658203125000000e+03 2.516672134399414062e+01 0.000000000000000000e+00
5.246865234375000000e+03 2.692413711547851562e+01 0.000000000000000000e+00
5.248074707031250000e+03 2.830788230895996094e+01 0.000000000000000000e+00
5.249282226562500000e+03 2.760650062561035156e+01 0.000000000000000000e+00
5.250492675781250000e+03 2.637981605529785156e+01 0.000000000000000000e+00
5.251700683593750000e+03 2.597530364990234375e+01 0.000000000000000000e+00
5.252911621093750000e+03 2.563654327392578125e+01 0.000000000000000000e+00
5.254120117187500000e+03 2.561727714538574219e+01 0.000000000000000000e+00
5.255328613281250000e+03 2.579045867919921875e+01 0.000000000000000000e+00
5.256540527343750000e+03 2.666601371765136719e+01 0.000000000000000000e+00
5.257750000000000000e+03 2.575836944580078125e+01 0.000000000000000000e+00
5.258962402343750000e+03 2.483395195007324219e+01 0.000000000000000000e+00
5.260172363281250000e+03 2.798331451416015625e+01 0.000000000000000000e+00
5.261385253906250000e+03 2.459533691406250000e+01 0.000000000000000000e+00
5.262595703125000000e+03 2.714156150817871094e+01 0.000000000000000000e+00
5.263806152343750000e+03 2.723511505126953125e+01 0.000000000000000000e+00
5.265020019531250000e+03 2.588685989379882812e+01 0.000000000000000000e+00
5.266230957031250000e+03 2.680583572387695312e+01 0.000000000000000000e+00
5.267445800781250000e+03 2.684062767028808594e+01 0.000000000000000000e+00
5.268657226562500000e+03 2.487508010864257812e+01 0.000000000000000000e+00
5.269872070312500000e+03 2.462631225585937500e+01 0.000000000000000000e+00
5.271084472656250000e+03 2.636468505859375000e+01 0.000000000000000000e+00
5.272297363281250000e+03 2.692355537414550781e+01 0.000000000000000000e+00
5.273513183593750000e+03 2.528381538391113281e+01 0.000000000000000000e+00
5.274726074218750000e+03 2.471836090087890625e+01 0.000000000000000000e+00
5.275942382812500000e+03 2.618129920959472656e+01 0.000000000000000000e+00
5.277156250000000000e+03 2.515998840332031250e+01 0.000000000000000000e+00
5.278373046875000000e+03 2.446292495727539062e+01 0.000000000000000000e+00
5.279587402343750000e+03 2.598292541503906250e+01 0.000000000000000000e+00
5.280801757812500000e+03 2.687311744689941406e+01 0.000000000000000000e+00
5.282019531250000000e+03 2.391075325012207031e+01 0.000000000000000000e+00
5.283234863281250000e+03 2.513534927368164062e+01 0.000000000000000000e+00
5.284453125000000000e+03 2.548185920715332031e+01 0.000000000000000000e+00
5.285668945312500000e+03 2.529928398132324219e+01 0.000000000000000000e+00
5.286887695312500000e+03 2.565475463867187500e+01 0.000000000000000000e+00
5.288104003906250000e+03 2.630027961730957031e+01 0.000000000000000000e+00
5.289320312500000000e+03 2.615752792358398438e+01 0.000000000000000000e+00
5.290540039062500000e+03 2.536580657958984375e+01 0.000000000000000000e+00
5.291757324218750000e+03 2.638346672058105469e+01 0.000000000000000000e+00
5.292977539062500000e+03 2.539901351928710938e+01 0.000000000000000000e+00
5.294195312500000000e+03 2.472130203247070312e+01 0.000000000000000000e+00
5.295416015625000000e+03 2.590887641906738281e+01 0.000000000000000000e+00
5.296634277343750000e+03 2.532379531860351562e+01 0.000000000000000000e+00
5.297852539062500000e+03 2.488185501098632812e+01 0.000000000000000000e+00
5.299074218750000000e+03 2.470055389404296875e+01 0.000000000000000000e+00
5.300293457031250000e+03 2.537158393859863281e+01 0.000000000000000000e+00
5.301515625000000000e+03 2.549674797058105469e+01 0.000000000000000000e+00
5.302735351562500000e+03 2.454226684570312500e+01 0.000000000000000000e+00
5.303958007812500000e+03 2.469985961914062500e+01 0.000000000000000000e+00
5.305178222656250000e+03 2.669394874572753906e+01 0.000000000000000000e+00
5.306398437500000000e+03 2.509864807128906250e+01 0.000000000000000000e+00
5.307622070312500000e+03 2.664921760559082031e+01 0.000000000000000000e+00
5.308843261718750000e+03 2.684525680541992188e+01 0.000000000000000000e+00
5.310067382812500000e+03 2.367058944702148438e+01 0.000000000000000000e+00
5.311289062500000000e+03 2.542083168029785156e+01 0.000000000000000000e+00
5.312513671875000000e+03 2.622195434570312500e+01 0.000000000000000000e+00
5.313735839843750000e+03 2.469145965576171875e+01 0.000000000000000000e+00
5.314958496093750000e+03 2.434548759460449219e+01 0.000000000000000000e+00
5.316184082031250000e+03 2.468414115905761719e+01 0.000000000000000000e+00
5.317407226562500000e+03 2.514337730407714844e+01 0.000000000000000000e+00
5.318633300781250000e+03 2.698744773864746094e+01 0.000000000000000000e+00
5.319856933593750000e+03 2.575086402893066406e+01 0.000000000000000000e+00
5.321083496093750000e+03 2.566749954223632812e+01 0.000000000000000000e+00
5.322307617187500000e+03 2.506106758117675781e+01 0.000000000000000000e+00
5.323531738281250000e+03 2.377179145812988281e+01 0.000000000000000000e+00
5.324759765625000000e+03 2.321995925903320312e+01 0.000000000000000000e+00
5.325984375000000000e+03 2.388358306884765625e+01 0.000000000000000000e+00
5.327212890625000000e+03 2.448667144775390625e+01 0.000000000000000000e+00
5.328437988281250000e+03 2.555230903625488281e+01 0.000000000000000000e+00
5.329666992187500000e+03 2.657472229003906250e+01 0.000000000000000000e+00
5.330893066406250000e+03 2.620335578918457031e+01 0.000000000000000000e+00
5.332119140625000000e+03 2.510951995849609375e+01 0.000000000000000000e+00
5.333349121093750000e+03 2.571753311157226562e+01 0.000000000000000000e+00
5.334575683593750000e+03 2.530154037475585938e+01 0.000000000000000000e+00
5.335806152343750000e+03 2.291742897033691406e+01 0.000000000000000000e+00
5.337033691406250000e+03 2.219087219238281250e+01 0.000000000000000000e+00
5.338264160156250000e+03 2.424660110473632812e+01 0.000000000000000000e+00
5.339492187500000000e+03 2.619944763183593750e+01 0.000000000000000000e+00
5.340720703125000000e+03 2.515114021301269531e+01 0.000000000000000000e+00
5.341952148437500000e+03 2.636788558959960938e+01 0.000000000000000000e+00
5.343181152343750000e+03 2.441149330139160156e+01 0.000000000000000000e+00
5.344413085937500000e+03 2.441318321228027344e+01 0.000000000000000000e+00
5.345642578125000000e+03 2.501575851440429688e+01 0.000000000000000000e+00
5.346875488281250000e+03 2.428933334350585938e+01 0.000000000000000000e+00
5.348105468750000000e+03 2.514197540283203125e+01 0.000000000000000000e+00
5.349338867187500000e+03 2.400047683715820312e+01 0.000000000000000000e+00
5.350569335937500000e+03 2.351342582702636719e+01 0.000000000000000000e+00
5.351800292968750000e+03 2.412448120117187500e+01 0.000000000000000000e+00
5.353034179687500000e+03 2.490211105346679688e+01 0.000000000000000000e+00
5.354265625000000000e+03 2.492801666259765625e+01 0.000000000000000000e+00
5.355500488281250000e+03 2.420846748352050781e+01 0.000000000000000000e+00
5.356732421875000000e+03 2.387848472595214844e+01 0.000000000000000000e+00
5.357967773437500000e+03 2.371549224853515625e+01 0.000000000000000000e+00
5.359200195312500000e+03 2.313064765930175781e+01 0.000000000000000000e+00
5.360433105468750000e+03 2.335283851623535156e+01 0.000000000000000000e+00
5.361669433593750000e+03 2.449056053161621094e+01 0.000000000000000000e+00
5.362902832031250000e+03 2.455847740173339844e+01 0.000000000000000000e+00
5.364139160156250000e+03 2.517479705810546875e+01 0.000000000000000000e+00
5.365373535156250000e+03 2.540089988708496094e+01 0.000000000000000000e+00
5.366610839843750000e+03 2.439983558654785156e+01 0.000000000000000000e+00
5.367845214843750000e+03 2.393629264831542969e+01 0.000000000000000000e+00
5.369080078125000000e+03 2.396723937988281250e+01 0.000000000000000000e+00
5.370318359375000000e+03 2.234188270568847656e+01 0.000000000000000000e+00
5.371553710937500000e+03 2.458752632141113281e+01 0.000000000000000000e+00
5.372792480468750000e+03 2.418250656127929688e+01 0.000000000000000000e+00
5.374028320312500000e+03 2.438071060180664062e+01 0.000000000000000000e+00
5.375267578125000000e+03 2.487889671325683594e+01 0.000000000000000000e+00
5.376503906250000000e+03 2.406322669982910156e+01 0.000000000000000000e+00
5.377741210937500000e+03 2.335258674621582031e+01 0.000000000000000000e+00
5.378980957031250000e+03 2.258390426635742188e+01 0.000000000000000000e+00
5.380218261718750000e+03 2.556510162353515625e+01 0.000000000000000000e+00
5.381458984375000000e+03 2.612149810791015625e+01 0.000000000000000000e+00
5.382697265625000000e+03 2.539706611633300781e+01 0.000000000000000000e+00
5.383938476562500000e+03 2.504189300537109375e+01 0.000000000000000000e+00
5.385176757812500000e+03 2.208021354675292969e+01 0.000000000000000000e+00
5.386416015625000000e+03 2.389659118652343750e+01 0.000000000000000000e+00
5.387657714843750000e+03 2.595811080932617188e+01 0.000000000000000000e+00
5.388897460937500000e+03 2.450143432617187500e+01 0.000000000000000000e+00
5.390140136718750000e+03 2.394458198547363281e+01 0.000000000000000000e+00
5.391379882812500000e+03 2.580891990661621094e+01 0.000000000000000000e+00
5.392623046875000000e+03 2.423585319519042969e+01 0.000000000000000000e+00
5.393863769531250000e+03 2.527962684631347656e+01 0.000000000000000000e+00
5.395104492187500000e+03 2.555710029602050781e+01 0.000000000000000000e+00
5.396348632812500000e+03 2.510035324096679688e+01 0.000000000000000000e+00
5.397590332031250000e+03 2.413298797607421875e+01 0.000000000000000000e+00
5.398834960937500000e+03 2.388944244384765625e+01 0.000000000000000000e+00
5.400076660156250000e+03 2.592674446105957031e+01 0.000000000000000000e+00
5.401322265625000000e+03 2.530720710754394531e+01 0.000000000000000000e+00
5.402564453125000000e+03 2.449140548706054688e+01 0.000000000000000000e+00
5.403807617187500000e+03 2.262916755676269531e+01 0.000000000000000000e+00
5.405053710937500000e+03 2.277915000915527344e+01 0.000000000000000000e+00
5.406296875000000000e+03 2.509107589721679688e+01 0.000000000000000000e+00
5.407543945312500000e+03 2.391968536376953125e+01 0.000000000000000000e+00
5.408787597656250000e+03 2.417218017578125000e+01 0.000000000000000000e+00
5.410035156250000000e+03 2.458748245239257812e+01 0.000000000000000000e+00
5.411279785156250000e+03 2.387970352172851562e+01 0.000000000000000000e+00
5.412524414062500000e+03 2.404591751098632812e+01 0.000000000000000000e+00
5.413772460937500000e+03 2.594794845581054688e+01 0.000000000000000000e+00
5.415018066406250000e+03 2.678489112854003906e+01 0.000000000000000000e+00
5.416266601562500000e+03 2.690787506103515625e+01 0.000000000000000000e+00
5.417512695312500000e+03 2.473553466796875000e+01 0.000000000000000000e+00
5.418761718750000000e+03 2.363652801513671875e+01 0.000000000000000000e+00
5.420008300781250000e+03 2.529768180847167969e+01 0.000000000000000000e+00
5.421255371093750000e+03 2.647383308410644531e+01 0.000000000000000000e+00
5.422505371093750000e+03 2.360780334472656250e+01 0.000000000000000000e+00
5.423752929687500000e+03 2.654568290710449219e+01 0.000000000000000000e+00
5.425003417968750000e+03 2.600326156616210938e+01 0.000000000000000000e+00
5.426251464843750000e+03 2.450859832763671875e+01 0.000000000000000000e+00
5.427502929687500000e+03 2.376260948181152344e+01 0.000000000000000000e+00
5.428751464843750000e+03 2.409213256835937500e+01 0.000000000000000000e+00
5.430000488281250000e+03 2.616585350036621094e+01 0.000000000000000000e+00
5.431252441406250000e+03 2.503243827819824219e+01 0.000000000000000000e+00
5.432501953125000000e+03 2.479300880432128906e+01 0.000000000000000000e+00
5.433754882812500000e+03 2.613114356994628906e+01 0.000000000000000000e+00
5.435004882812500000e+03 2.652136039733886719e+01 0.000000000000000000e+00
5.436258300781250000e+03 2.504168319702148438e+01 0.000000000000000000e+00
5.437508789062500000e+03 2.472840118408203125e+01 0.000000000000000000e+00
5.438759765625000000e+03 2.635466957092285156e+01 0.000000000000000000e+00
5.440013671875000000e+03 2.589912796020507812e+01 0.000000000000000000e+00
5.441265136718750000e+03 2.592465019226074219e+01 0.000000000000000000e+00
5.442520019531250000e+03 2.576849937438964844e+01 0.000000000000000000e+00
5.443771972656250000e+03 2.364204978942871094e+01 0.000000000000000000e+00
5.445027343750000000e+03 2.204535865783691406e+01 0.000000000000000000e+00
5.446279785156250000e+03 2.537308120727539062e+01 0.000000000000000000e+00
5.447535644531250000e+03 2.414908981323242188e+01 0.000000000000000000e+00
5.448789062500000000e+03 2.483460426330566406e+01 0.000000000000000000e+00
5.450042480468750000e+03 2.573726844787597656e+01 0.000000000000000000e+00
5.451299316406250000e+03 2.381314277648925781e+01 0.000000000000000000e+00
5.452553222656250000e+03 2.439228439331054688e+01 0.000000000000000000e+00
5.453810546875000000e+03 2.511417579650878906e+01 0.000000000000000000e+00
5.455065429687500000e+03 2.711619377136230469e+01 0.000000000000000000e+00
5.456323242187500000e+03 2.612945938110351562e+01 0.000000000000000000e+00
5.457578613281250000e+03 2.421772193908691406e+01 0.000000000000000000e+00
5.458833984375000000e+03 2.440604782104492188e+01 0.000000000000000000e+00
5.460092773437500000e+03 2.408875846862792969e+01 0.000000000000000000e+00
5.461348632812500000e+03 2.338799476623535156e+01 0.000000000000000000e+00
5.462608398437500000e+03 2.376237106323242188e+01 0.000000000000000000e+00
5.463864746093750000e+03 2.618059539794921875e+01 0.000000000000000000e+00
5.465125000000000000e+03 2.718860244750976562e+01 0.000000000000000000e+00
5.466382324218750000e+03 2.531559181213378906e+01 0.000000000000000000e+00
5.467639648437500000e+03 2.490359687805175781e+01 0.000000000000000000e+00
5.468900390625000000e+03 2.444159317016601562e+01 0.000000000000000000e+00
5.470158691406250000e+03 2.312647247314453125e+01 0.000000000000000000e+00
5.471419921875000000e+03 2.458398056030273438e+01 0.000000000000000000e+00
5.472678710937500000e+03 2.620651817321777344e+01 0.000000000000000000e+00
5.473940429687500000e+03 2.480965042114257812e+01 0.000000000000000000e+00
5.475199707031250000e+03 2.357102203369140625e+01 0.000000000000000000e+00
5.476459472656250000e+03 2.405973434448242188e+01 0.000000000000000000e+00
5.477722167968750000e+03 2.483071327209472656e+01 0.000000000000000000e+00
5.478982421875000000e+03 2.549954986572265625e+01 0.000000000000000000e+00
5.480246093750000000e+03 2.528898811340332031e+01 0.000000000000000000e+00
5.481506835937500000e+03 2.419300460815429688e+01 0.000000000000000000e+00
5.482770507812500000e+03 2.460828208923339844e+01 0.000000000000000000e+00
5.484032226562500000e+03 2.840340232849121094e+01 0.000000000000000000e+00
5.485293457031250000e+03 2.411083030700683594e+01 0.000000000000000000e+00
5.486558593750000000e+03 2.388700294494628906e+01 0.000000000000000000e+00
5.487820800781250000e+03 2.557838630676269531e+01 0.000000000000000000e+00
5.489085937500000000e+03 2.375219154357910156e+01 0.000000000000000000e+00
5.490349121093750000e+03 2.579055595397949219e+01 0.000000000000000000e+00
5.491614746093750000e+03 2.506373405456542969e+01 0.000000000000000000e+00
5.492878417968750000e+03 2.540378952026367188e+01 0.000000000000000000e+00
5.494142089843750000e+03 2.567984390258789062e+01 0.000000000000000000e+00
5.495408691406250000e+03 2.548096084594726562e+01 0.000000000000000000e+00
5.496672851562500000e+03 2.511789512634277344e+01 0.000000000000000000e+00
5.497940429687500000e+03 2.422080421447753906e+01 0.000000000000000000e+00
5.499205566406250000e+03 2.494565010070800781e+01 0.000000000000000000e+00
5.500473632812500000e+03 2.614940643310546875e+01 0.000000000000000000e+00
5.501738769531250000e+03 2.539528656005859375e+01 0.000000000000000000e+00
5.503004394531250000e+03 2.408477401733398438e+01 0.000000000000000000e+00
5.504273437500000000e+03 2.358699607849121094e+01 0.000000000000000000e+00
5.505539550781250000e+03 2.261524963378906250e+01 0.000000000000000000e+00
5.506809570312500000e+03 2.517095756530761719e+01 0.000000000000000000e+00
5.508076171875000000e+03 2.491370582580566406e+01 0.000000000000000000e+00
5.509346191406250000e+03 2.460611915588378906e+01 0.000000000000000000e+00
5.510613769531250000e+03 2.540383720397949219e+01 0.000000000000000000e+00
5.511881347656250000e+03 2.528808212280273438e+01 0.000000000000000000e+00
5.513152343750000000e+03 2.324417495727539062e+01 0.000000000000000000e+00
5.514420898437500000e+03 2.273195648193359375e+01 0.000000000000000000e+00
5.515692382812500000e+03 2.256266403198242188e+01 0.000000000000000000e+00
5.516961425781250000e+03 2.335345077514648438e+01 0.000000000000000000e+00
5.518233398437500000e+03 2.454690170288085938e+01 0.000000000000000000e+00
5.519502929687500000e+03 2.533538246154785156e+01 0.000000000000000000e+00
5.520772460937500000e+03 2.573720550537109375e+01 0.000000000000000000e+00
5.522045898437500000e+03 2.370413970947265625e+01 0.000000000000000000e+00
5.523315917968750000e+03 2.489748001098632812e+01 0.000000000000000000e+00
5.524589843750000000e+03 2.599295234680175781e+01 0.000000000000000000e+00
5.525860839843750000e+03 2.593451118469238281e+01 0.000000000000000000e+00
5.527134765625000000e+03 2.568861007690429688e+01 0.000000000000000000e+00
5.528406250000000000e+03 2.451851081848144531e+01 0.000000000000000000e+00
5.529678222656250000e+03 2.383845138549804688e+01 0.000000000000000000e+00
5.530953613281250000e+03 2.507517242431640625e+01 0.000000000000000000e+00
5.532225585937500000e+03 2.423900985717773438e+01 0.000000000000000000e+00
5.533501464843750000e+03 2.351658821105957031e+01 0.000000000000000000e+00
5.534774414062500000e+03 2.463832283020019531e+01 0.000000000000000000e+00
5.536050781250000000e+03 2.291495895385742188e+01 0.000000000000000000e+00
5.537324218750000000e+03 2.423098564147949219e+01 0.000000000000000000e+00
5.538598144531250000e+03 2.446456146240234375e+01 0.000000000000000000e+00
5.539875488281250000e+03 2.308218193054199219e+01 0.000000000000000000e+00
5.541149902343750000e+03 2.391603660583496094e+01 0.000000000000000000e+00
5.542427734375000000e+03 2.634859085083007812e+01 0.000000000000000000e+00
5.543702636718750000e+03 2.305776977539062500e+01 0.000000000000000000e+00
5.544980957031250000e+03 2.213136100769042969e+01 0.000000000000000000e+00
5.546256835937500000e+03 2.370436477661132812e+01 0.000000000000000000e+00
5.547535644531250000e+03 2.483887100219726562e+01 0.000000000000000000e+00
5.548811523437500000e+03 2.551025390625000000e+01 0.000000000000000000e+00
5.550088378906250000e+03 2.624588966369628906e+01 0.000000000000000000e+00
5.551368164062500000e+03 2.528873443603515625e+01 0.000000000000000000e+00
5.552645019531250000e+03 2.369765472412109375e+01 0.000000000000000000e+00
5.553925781250000000e+03 2.199669265747070312e+01 0.000000000000000000e+00
5.555203125000000000e+03 2.407845115661621094e+01 0.000000000000000000e+00
5.556484375000000000e+03 2.465563392639160156e+01 0.000000000000000000e+00
5.557762695312500000e+03 2.175721740722656250e+01 0.000000000000000000e+00
5.559041015625000000e+03 2.502503013610839844e+01 0.000000000000000000e+00
5.560323242187500000e+03 2.322514915466308594e+01 0.000000000000000000e+00
5.561602050781250000e+03 2.507770729064941406e+01 0.000000000000000000e+00
5.562884765625000000e+03 2.459094810485839844e+01 0.000000000000000000e+00
5.564164550781250000e+03 2.298512840270996094e+01 0.000000000000000000e+00
5.565447265625000000e+03 2.434208488464355469e+01 0.000000000000000000e+00
5.566728027343750000e+03 2.430771064758300781e+01 0.000000000000000000e+00
5.568008300781250000e+03 2.350494575500488281e+01 0.000000000000000000e+00
5.569292480468750000e+03 2.508886718750000000e+01 0.000000000000000000e+00
5.570573730468750000e+03 2.523837661743164062e+01 0.000000000000000000e+00
5.571857910156250000e+03 2.437145614624023438e+01 0.000000000000000000e+00
5.573140136718750000e+03 2.452075386047363281e+01 0.000000000000000000e+00
5.574425292968750000e+03 2.625562095642089844e+01 0.000000000000000000e+00
5.575707519531250000e+03 3.865005874633789062e+01 0.000000000000000000e+00
5.576990234375000000e+03 3.121657371520996094e+01 0.000000000000000000e+00
5.578276367187500000e+03 5.526351928710937500e+00 0.000000000000000000e+00
5.579559570312500000e+03 8.554233312606811523e-01 0.000000000000000000e+00
5.580846191406250000e+03 2.729308128356933594e+01 0.000000000000000000e+00
5.582129882812500000e+03 2.942090225219726562e+01 0.000000000000000000e+00
5.583416992187500000e+03 2.323183631896972656e+01 0.000000000000000000e+00
5.584701660156250000e+03 2.277141189575195312e+01 0.000000000000000000e+00
5.585986328125000000e+03 2.352457237243652344e+01 0.000000000000000000e+00
5.587274414062500000e+03 2.399963951110839844e+01 0.000000000000000000e+00
5.588560058593750000e+03 2.457998847961425781e+01 0.000000000000000000e+00
5.589848632812500000e+03 2.214391899108886719e+01 0.000000000000000000e+00
5.591134765625000000e+03 2.490558242797851562e+01 0.000000000000000000e+00
5.592423828125000000e+03 2.272731399536132812e+01 0.000000000000000000e+00
5.593710449218750000e+03 2.221677970886230469e+01 0.000000000000000000e+00
5.594997070312500000e+03 2.332948684692382812e+01 0.000000000000000000e+00
5.596287597656250000e+03 2.308830451965332031e+01 0.000000000000000000e+00
5.597574707031250000e+03 2.554111480712890625e+01 0.000000000000000000e+00
5.598865722656250000e+03 2.356833648681640625e+01 0.000000000000000000e+00
5.600153808593750000e+03 2.246490097045898438e+01 0.000000000000000000e+00
5.601444824218750000e+03 2.275786781311035156e+01 0.000000000000000000e+00
5.602733398437500000e+03 2.295231628417968750e+01 0.000000000000000000e+00
5.604022460937500000e+03 2.301073455810546875e+01 0.000000000000000000e+00
5.605314941406250000e+03 2.419942474365234375e+01 0.000000000000000000e+00
5.606604492187500000e+03 2.313388061523437500e+01 0.000000000000000000e+00
5.607896972656250000e+03 2.396099853515625000e+01 0.000000000000000000e+00
5.609187011718750000e+03 2.323348999023437500e+01 0.000000000000000000e+00
5.610480468750000000e+03 2.224053382873535156e+01 0.000000000000000000e+00
5.611771484375000000e+03 2.262680244445800781e+01 0.000000000000000000e+00
5.613062500000000000e+03 2.050707244873046875e+01 0.000000000000000000e+00
5.614356933593750000e+03 2.311360359191894531e+01 0.000000000000000000e+00
5.615648437500000000e+03 2.469264411926269531e+01 0.000000000000000000e+00
5.616943359375000000e+03 2.434560394287109375e+01 0.000000000000000000e+00
5.618235351562500000e+03 2.349043273925781250e+01 0.000000000000000000e+00
5.619530761718750000e+03 2.297195243835449219e+01 0.000000000000000000e+00
5.620823730468750000e+03 2.257901763916015625e+01 0.000000000000000000e+00
5.622116699218750000e+03 2.307343864440917969e+01 0.000000000000000000e+00
5.623413085937500000e+03 2.207766151428222656e+01 0.000000000000000000e+00
5.624707031250000000e+03 2.312964248657226562e+01 0.000000000000000000e+00
5.626003906250000000e+03 2.500621223449707031e+01 0.000000000000000000e+00
5.627298339843750000e+03 2.419146347045898438e+01 0.000000000000000000e+00
5.628595703125000000e+03 2.222570991516113281e+01 0.000000000000000000e+00
5.629890625000000000e+03 2.217537498474121094e+01 0.000000000000000000e+00
5.631186035156250000e+03 2.306059455871582031e+01 0.000000000000000000e+00
5.632484375000000000e+03 2.367921829223632812e+01 0.000000000000000000e+00
5.633780273437500000e+03 2.347917938232421875e+01 0.000000000000000000e+00
5.635079101562500000e+03 2.324273300170898438e+01 0.000000000000000000e+00
5.636375488281250000e+03 2.460773468017578125e+01 0.000000000000000000e+00
5.637675292968750000e+03 2.569846916198730469e+01 0.000000000000000000e+00
5.638972167968750000e+03 2.555585479736328125e+01 0.000000000000000000e+00
5.640269531250000000e+03 2.383314514160156250e+01 0.000000000000000000e+00
5.641570312500000000e+03 2.284739875793457031e+01 0.000000000000000000e+00
5.642868164062500000e+03 2.403474426269531250e+01 0.000000000000000000e+00
5.644169433593750000e+03 2.450385284423828125e+01 0.000000000000000000e+00
5.645467773437500000e+03 2.424137496948242188e+01 0.000000000000000000e+00
5.646769531250000000e+03 2.449097824096679688e+01 0.000000000000000000e+00
5.648068359375000000e+03 2.348697853088378906e+01 0.000000000000000000e+00
5.649371093750000000e+03 2.211143684387207031e+01 0.000000000000000000e+00
5.650670410156250000e+03 2.303816795349121094e+01 0.000000000000000000e+00
5.651970703125000000e+03 2.590711593627929688e+01 0.000000000000000000e+00
5.653273925781250000e+03 2.536083030700683594e+01 0.000000000000000000e+00
5.654574218750000000e+03 2.498335456848144531e+01 0.000000000000000000e+00
5.655878417968750000e+03 2.443351936340332031e+01 0.000000000000000000e+00
5.657179199218750000e+03 2.292516136169433594e+01 0.000000000000000000e+00
5.658483886718750000e+03 2.173883438110351562e+01 0.000000000000000000e+00
5.659785644531250000e+03 2.319865608215332031e+01 0.000000000000000000e+00
5.661087890625000000e+03 2.497413825988769531e+01 0.000000000000000000e+00
5.662393066406250000e+03 2.635027313232421875e+01 0.000000000000000000e+00
5.663695800781250000e+03 2.451518821716308594e+01 0.000000000000000000e+00
5.665001953125000000e+03 2.281474494934082031e+01 0.000000000000000000e+00
5.666305175781250000e+03 2.452025222778320312e+01 0.000000000000000000e+00
5.667611816406250000e+03 2.471397209167480469e+01 0.000000000000000000e+00
5.668915527343750000e+03 2.471263885498046875e+01 0.000000000000000000e+00
5.670219726562500000e+03 2.511328506469726562e+01 0.000000000000000000e+00
5.671527343750000000e+03 2.613898086547851562e+01 0.000000000000000000e+00
5.672832031250000000e+03 2.490169334411621094e+01 0.000000000000000000e+00
5.674140136718750000e+03 2.169333076477050781e+01 0.000000000000000000e+00
5.675445312500000000e+03 2.350393295288085938e+01 0.000000000000000000e+00
5.676753906250000000e+03 2.356526565551757812e+01 0.000000000000000000e+00
5.678060058593750000e+03 2.465875434875488281e+01 0.000000000000000000e+00
5.679366210937500000e+03 2.372383117675781250e+01 0.000000000000000000e+00
5.680675781250000000e+03 2.268669891357421875e+01 0.000000000000000000e+00
5.681982910156250000e+03 2.402921485900878906e+01 0.000000000000000000e+00
5.683292968750000000e+03 2.293158721923828125e+01 0.000000000000000000e+00
5.684600585937500000e+03 2.258101272583007812e+01 0.000000000000000000e+00
5.685911132812500000e+03 2.378309822082519531e+01 0.000000000000000000e+00
5.687219238281250000e+03 2.270108032226562500e+01 0.000000000000000000e+00
5.688527832031250000e+03 2.244626045227050781e+01 0.000000000000000000e+00
5.689839355468750000e+03 2.434142494201660156e+01 0.000000000000000000e+00
5.691148437500000000e+03 2.028216361999511719e+01 0.000000000000000000e+00
5.692460937500000000e+03 2.409258460998535156e+01 0.000000000000000000e+00
5.693770507812500000e+03 2.276668930053710938e+01 0.000000000000000000e+00
5.695083496093750000e+03 2.196683120727539062e+01 0.000000000000000000e+00
5.696393554687500000e+03 2.347390937805175781e+01 0.000000000000000000e+00
5.697704101562500000e+03 2.312350082397460938e+01 0.000000000000000000e+00
5.699017578125000000e+03 2.201487159729003906e+01 0.000000000000000000e+00
5.700328613281250000e+03 2.316437530517578125e+01 0.000000000000000000e+00
5.701643066406250000e+03 2.386248016357421875e+01 0.000000000000000000e+00
5.702955078125000000e+03 2.178139686584472656e+01 0.000000000000000000e+00
5.704270019531250000e+03 2.175440788269042969e+01 0.000000000000000000e+00
5.705582519531250000e+03 2.515933227539062500e+01 0.000000000000000000e+00
5.706895019531250000e+03 2.189359664916992188e+01 0.000000000000000000e+00
5.708210937500000000e+03 2.197311210632324219e+01 0.000000000000000000e+00
5.709523925781250000e+03 2.195406723022460938e+01 0.000000000000000000e+00
5.710840820312500000e+03 2.186515808105468750e+01 0.000000000000000000e+00
5.712154296875000000e+03 2.248976707458496094e+01 0.000000000000000000e+00
5.713471679687500000e+03 2.333484840393066406e+01 0.000000000000000000e+00
5.714786132812500000e+03 2.312264823913574219e+01 0.000000000000000000e+00
5.716100585937500000e+03 2.157823753356933594e+01 0.000000000000000000e+00
5.717418945312500000e+03 2.296637344360351562e+01 0.000000000000000000e+00
5.718733886718750000e+03 2.336531448364257812e+01 0.000000000000000000e+00
5.720052734375000000e+03 2.254425430297851562e+01 0.000000000000000000e+00
5.721368652343750000e+03 2.300858879089355469e+01 0.000000000000000000e+00
5.722687988281250000e+03 2.296017837524414062e+01 0.000000000000000000e+00
5.724004394531250000e+03 2.170730781555175781e+01 0.000000000000000000e+00
5.725321289062500000e+03 2.151545143127441406e+01 0.000000000000000000e+00
5.726641601562500000e+03 2.210864639282226562e+01 0.000000000000000000e+00
5.727958984375000000e+03 2.254458045959472656e+01 0.000000000000000000e+00
5.729279785156250000e+03 2.266852569580078125e+01 0.000000000000000000e+00
5.730597656250000000e+03 2.322630500793457031e+01 0.000000000000000000e+00
5.731919433593750000e+03 2.378947639465332031e+01 0.000000000000000000e+00
5.733237792968750000e+03 2.107572746276855469e+01 0.000000000000000000e+00
5.734556640625000000e+03 2.234919929504394531e+01 0.000000000000000000e+00
5.735879394531250000e+03 2.395312500000000000e+01 0.000000000000000000e+00
5.737198730468750000e+03 2.077724266052246094e+01 0.000000000000000000e+00
5.738521484375000000e+03 2.274729156494140625e+01 0.000000000000000000e+00
5.739841796875000000e+03 2.228958129882812500e+01 0.000000000000000000e+00
5.741165527343750000e+03 2.342714691162109375e+01 0.000000000000000000e+00
5.742486328125000000e+03 2.374260330200195312e+01 0.000000000000000000e+00
5.743807128906250000e+03 2.372641944885253906e+01 0.000000000000000000e+00
5.745131835937500000e+03 2.413190269470214844e+01 0.000000000000000000e+00
5.746453613281250000e+03 2.094628906250000000e+01 0.000000000000000000e+00
5.747778320312500000e+03 2.321736717224121094e+01 0.000000000000000000e+00
5.749100585937500000e+03 2.053572654724121094e+01 0.000000000000000000e+00
5.750426757812500000e+03 2.138325691223144531e+01 0.000000000000000000e+00
5.751749511718750000e+03 2.397095489501953125e+01 0.000000000000000000e+00
5.753075683593750000e+03 2.209718132019042969e+01 0.000000000000000000e+00
5.754399414062500000e+03 2.433555793762207031e+01 0.000000000000000000e+00
5.755723144531250000e+03 2.293947601318359375e+01 0.000000000000000000e+00
5.757050292968750000e+03 2.178425216674804688e+01 0.000000000000000000e+00
5.758374511718750000e+03 2.206606101989746094e+01 0.000000000000000000e+00
5.759702636718750000e+03 2.279971122741699219e+01 0.000000000000000000e+00
5.761027343750000000e+03 2.264374351501464844e+01 0.000000000000000000e+00
5.762355957031250000e+03 2.189843559265136719e+01 0.000000000000000000e+00
5.763681640625000000e+03 2.527597045898437500e+01 0.000000000000000000e+00
5.765007812500000000e+03 2.432775115966796875e+01 0.000000000000000000e+00
5.766336914062500000e+03 2.304389762878417969e+01 0.000000000000000000e+00
5.767663574218750000e+03 2.368001556396484375e+01 0.000000000000000000e+00
5.768993652343750000e+03 2.410839653015136719e+01 0.000000000000000000e+00
5.770320800781250000e+03 2.380208778381347656e+01 0.000000000000000000e+00
5.771651367187500000e+03 2.225575447082519531e+01 0.000000000000000000e+00
5.772979003906250000e+03 2.261187362670898438e+01 0.000000000000000000e+00
5.774307128906250000e+03 2.301461410522460938e+01 0.000000000000000000e+00
5.775638671875000000e+03 2.291098594665527344e+01 0.000000000000000000e+00
5.776967285156250000e+03 2.304851722717285156e+01 0.000000000000000000e+00
5.778299316406250000e+03 2.232752799987792969e+01 0.000000000000000000e+00
5.779628906250000000e+03 2.239075660705566406e+01 0.000000000000000000e+00
5.780961425781250000e+03 2.303452682495117188e+01 0.000000000000000000e+00
5.782291503906250000e+03 2.243432426452636719e+01 0.000000000000000000e+00
5.783621582031250000e+03 2.215808486938476562e+01 0.000000000000000000e+00
5.784955566406250000e+03 2.359312248229980469e+01 0.000000000000000000e+00
5.786286132812500000e+03 2.290005493164062500e+01 0.000000000000000000e+00
5.787620605468750000e+03 2.259436798095703125e+01 0.000000000000000000e+00
5.788952148437500000e+03 2.250144767761230469e+01 0.000000000000000000e+00
5.790287109375000000e+03 2.257704734802246094e+01 0.000000000000000000e+00
5.791619140625000000e+03 2.340535163879394531e+01 0.000000000000000000e+00
5.792951171875000000e+03 2.411944198608398438e+01 0.000000000000000000e+00
5.794287109375000000e+03 2.199196434020996094e+01 0.000000000000000000e+00
5.795620117187500000e+03 2.177766799926757812e+01 0.000000000000000000e+00
5.796956542968750000e+03 2.173672485351562500e+01 0.000000000000000000e+00
5.798290039062500000e+03 2.258272743225097656e+01 0.000000000000000000e+00
5.799627441406250000e+03 2.313550758361816406e+01 0.000000000000000000e+00
5.800961425781250000e+03 2.223668098449707031e+01 0.000000000000000000e+00
5.802295898437500000e+03 2.310563850402832031e+01 0.000000000000000000e+00
5.803633789062500000e+03 2.459725189208984375e+01 0.000000000000000000e+00
5.804969238281250000e+03 2.239461898803710938e+01 0.000000000000000000e+00
5.806307617187500000e+03 2.364220809936523438e+01 0.000000000000000000e+00
5.807643554687500000e+03 2.528508758544921875e+01 0.000000000000000000e+00
5.808982421875000000e+03 2.232389640808105469e+01 0.000000000000000000e+00
5.810318847656250000e+03 2.527507400512695312e+01 0.000000000000000000e+00
5.811655761718750000e+03 2.427702140808105469e+01 0.000000000000000000e+00
5.812995605468750000e+03 2.346935081481933594e+01 0.000000000000000000e+00
5.814333007812500000e+03 2.349665451049804688e+01 0.000000000000000000e+00
5.815673828125000000e+03 2.296956062316894531e+01 0.000000000000000000e+00
5.817011718750000000e+03 2.204618263244628906e+01 0.000000000000000000e+00
5.818353027343750000e+03 2.317055320739746094e+01 0.000000000000000000e+00
5.819691406250000000e+03 2.441046905517578125e+01 0.000000000000000000e+00
5.821030273437500000e+03 2.349933815002441406e+01 0.000000000000000000e+00
5.822372558593750000e+03 2.239531898498535156e+01 0.000000000000000000e+00
5.823711914062500000e+03 2.296119499206542969e+01 0.000000000000000000e+00
5.825055175781250000e+03 2.445139694213867188e+01 0.000000000000000000e+00
5.826395019531250000e+03 2.452531814575195312e+01 0.000000000000000000e+00
5.827738769531250000e+03 2.588704299926757812e+01 0.000000000000000000e+00
5.829079101562500000e+03 2.570272636413574219e+01 0.000000000000000000e+00
5.830420410156250000e+03 2.362230873107910156e+01 0.000000000000000000e+00
5.831764648437500000e+03 2.276096534729003906e+01 0.000000000000000000e+00
5.833106445312500000e+03 2.442704391479492188e+01 0.000000000000000000e+00
5.834451660156250000e+03 2.378783416748046875e+01 0.000000000000000000e+00
5.835793457031250000e+03 2.358534812927246094e+01 0.000000000000000000e+00
5.837139648437500000e+03 2.258112525939941406e+01 0.000000000000000000e+00
5.838482421875000000e+03 2.397304916381835938e+01 0.000000000000000000e+00
5.839825195312500000e+03 2.488939857482910156e+01 0.000000000000000000e+00
5.841171875000000000e+03 2.264297866821289062e+01 0.000000000000000000e+00
5.842515625000000000e+03 2.542842292785644531e+01 0.000000000000000000e+00
5.843863281250000000e+03 2.556955528259277344e+01 0.000000000000000000e+00
5.845207519531250000e+03 2.664043807983398438e+01 0.000000000000000000e+00
5.846555175781250000e+03 2.667903137207031250e+01 0.000000000000000000e+00
5.847900390625000000e+03 2.482685089111328125e+01 0.000000000000000000e+00
5.849245605468750000e+03 2.373725891113281250e+01 0.000000000000000000e+00
5.850594238281250000e+03 2.545701408386230469e+01 0.000000000000000000e+00
5.851940429687500000e+03 2.610423278808593750e+01 0.000000000000000000e+00
5.853289550781250000e+03 2.430109024047851562e+01 0.000000000000000000e+00
5.854636230468750000e+03 2.421936798095703125e+01 0.000000000000000000e+00
5.855986328125000000e+03 2.493054771423339844e+01 0.000000000000000000e+00
5.857333496093750000e+03 2.431852531433105469e+01 0.000000000000000000e+00
5.858684082031250000e+03 2.698659324645996094e+01 0.000000000000000000e+00
5.860032226562500000e+03 2.390649986267089844e+01 0.000000000000000000e+00
5.861380371093750000e+03 2.450878906250000000e+01 0.000000000000000000e+00
5.862731933593750000e+03 2.597511291503906250e+01 0.000000000000000000e+00
5.864080566406250000e+03 2.532134246826171875e+01 0.000000000000000000e+00
5.865432617187500000e+03 2.527641677856445312e+01 0.000000000000000000e+00
5.866782226562500000e+03 2.799491691589355469e+01 0.000000000000000000e+00
5.868134765625000000e+03 2.290394020080566406e+01 0.000000000000000000e+00
5.869484863281250000e+03 2.450051879882812500e+01 0.000000000000000000e+00
5.870834960937500000e+03 2.631860351562500000e+01 0.000000000000000000e+00
5.872188964843750000e+03 2.665614128112792969e+01 0.000000000000000000e+00
5.873540039062500000e+03 2.870844459533691406e+01 0.000000000000000000e+00
5.874894042968750000e+03 2.507381057739257812e+01 0.000000000000000000e+00
5.876245605468750000e+03 2.736776542663574219e+01 0.000000000000000000e+00
5.877600585937500000e+03 2.700108528137207031e+01 0.000000000000000000e+00
5.878953125000000000e+03 2.505085182189941406e+01 0.000000000000000000e+00
5.880305175781250000e+03 2.553227615356445312e+01 0.000000000000000000e+00
5.881661132812500000e+03 2.783654975891113281e+01 0.000000000000000000e+00
5.883014648437500000e+03 2.689892387390136719e+01 0.000000000000000000e+00
5.884371093750000000e+03 2.775843429565429688e+01 0.000000000000000000e+00
5.885724609375000000e+03 2.531382942199707031e+01 0.000000000000000000e+00
5.887082031250000000e+03 2.603662109375000000e+01 0.000000000000000000e+00
5.888436523437500000e+03 2.881311607360839844e+01 0.000000000000000000e+00
5.889791015625000000e+03 2.659363746643066406e+01 0.000000000000000000e+00
5.891148925781250000e+03 2.358661079406738281e+01 0.000000000000000000e+00
5.892504394531250000e+03 2.559988212585449219e+01 0.000000000000000000e+00
5.893863281250000000e+03 2.684317207336425781e+01 0.000000000000000000e+00
5.895219238281250000e+03 2.644423103332519531e+01 0.000000000000000000e+00
5.896578613281250000e+03 2.602650833129882812e+01 0.000000000000000000e+00
5.897935058593750000e+03 2.595732116699218750e+01 0.000000000000000000e+00
5.899291992187500000e+03 2.499452209472656250e+01 0.000000000000000000e+00
5.900652343750000000e+03 2.668960762023925781e+01 0.000000000000000000e+00
5.902009765625000000e+03 2.708218765258789062e+01 0.000000000000000000e+00
5.903370605468750000e+03 2.625818443298339844e+01 0.000000000000000000e+00
5.904728515625000000e+03 2.591200256347656250e+01 0.000000000000000000e+00
5.906090332031250000e+03 2.651396179199218750e+01 0.000000000000000000e+00
5.907448730468750000e+03 2.683275985717773438e+01 0.000000000000000000e+00
5.908808105468750000e+03 2.733607292175292969e+01 0.000000000000000000e+00
5.910170410156250000e+03 2.613322830200195312e+01 0.000000000000000000e+00
5.911530273437500000e+03 2.612636184692382812e+01 0.000000000000000000e+00
5.912893066406250000e+03 2.714634704589843750e+01 0.000000000000000000e+00
5.914253417968750000e+03 2.643684768676757812e+01 0.000000000000000000e+00
5.915617187500000000e+03 2.548339080810546875e+01 0.000000000000000000e+00
5.916978027343750000e+03 2.606646919250488281e+01 0.000000000000000000e+00
5.918339355468750000e+03 2.538689804077148438e+01 0.000000000000000000e+00
5.919704101562500000e+03 2.492652130126953125e+01 0.000000000000000000e+00
5.921065917968750000e+03 2.555687713623046875e+01 0.000000000000000000e+00
5.922431152343750000e+03 2.602192306518554688e+01 0.000000000000000000e+00
5.923793945312500000e+03 2.562933540344238281e+01 0.000000000000000000e+00
5.925159667968750000e+03 2.553663253784179688e+01 0.000000000000000000e+00
5.926522949218750000e+03 2.544114112854003906e+01 0.000000000000000000e+00
5.927886230468750000e+03 2.482378196716308594e+01 0.000000000000000000e+00
5.929253417968750000e+03 2.413609313964843750e+01 0.000000000000000000e+00
5.930617187500000000e+03 2.504653549194335938e+01 0.000000000000000000e+00
5.931984863281250000e+03 2.777123641967773438e+01 0.000000000000000000e+00
5.933349609375000000e+03 2.344282722473144531e+01 0.000000000000000000e+00
5.934717773437500000e+03 2.349569892883300781e+01 0.000000000000000000e+00
5.936083007812500000e+03 2.568432617187500000e+01 0.000000000000000000e+00
5.937448730468750000e+03 2.644360733032226562e+01 0.000000000000000000e+00
5.938817871093750000e+03 2.597648048400878906e+01 0.000000000000000000e+00
5.940184082031250000e+03 2.402681350708007812e+01 0.000000000000000000e+00
5.941553710937500000e+03 2.602400398254394531e+01 0.000000000000000000e+00
5.942920410156250000e+03 2.568403625488281250e+01 0.000000000000000000e+00
5.944291015625000000e+03 2.653077316284179688e+01 0.000000000000000000e+00
5.945658691406250000e+03 2.728734397888183594e+01 0.000000000000000000e+00
5.947026367187500000e+03 2.454259490966796875e+01 0.000000000000000000e+00
5.948397460937500000e+03 2.616095352172851562e+01 0.000000000000000000e+00
5.949766113281250000e+03 2.566438674926757812e+01 0.000000000000000000e+00
5.951138183593750000e+03 2.611712646484375000e+01 0.000000000000000000e+00
5.952507324218750000e+03 2.544335174560546875e+01 0.000000000000000000e+00
5.953879882812500000e+03 2.481785964965820312e+01 0.000000000000000000e+00
5.955249511718750000e+03 2.678963470458984375e+01 0.000000000000000000e+00
5.956622558593750000e+03 2.630377960205078125e+01 0.000000000000000000e+00
5.957993164062500000e+03 2.584834289550781250e+01 0.000000000000000000e+00
5.959363769531250000e+03 2.643340110778808594e+01 0.000000000000000000e+00
5.960737792968750000e+03 2.514381790161132812e+01 0.000000000000000000e+00
5.962109375000000000e+03 2.476291084289550781e+01 0.000000000000000000e+00
5.963483886718750000e+03 2.816581916809082031e+01 0.000000000000000000e+00
5.964855957031250000e+03 2.661816787719726562e+01 0.000000000000000000e+00
5.966231445312500000e+03 2.620000839233398438e+01 0.000000000000000000e+00
5.967604003906250000e+03 2.425826835632324219e+01 0.000000000000000000e+00
5.968976562500000000e+03 2.491889572143554688e+01 0.000000000000000000e+00
5.970353027343750000e+03 2.795223236083984375e+01 0.000000000000000000e+00
5.971726562500000000e+03 2.783754730224609375e+01 0.000000000000000000e+00
5.973103515625000000e+03 2.520079231262207031e+01 0.000000000000000000e+00
5.974478027343750000e+03 2.922520637512207031e+01 0.000000000000000000e+00
5.975855468750000000e+03 2.897819519042968750e+01 0.000000000000000000e+00
5.977230468750000000e+03 2.753289413452148438e+01 0.000000000000000000e+00
5.978605468750000000e+03 2.753783798217773438e+01 0.000000000000000000e+00
5.979983886718750000e+03 2.716748809814453125e+01 0.000000000000000000e+00
5.981359863281250000e+03 2.848981475830078125e+01 0.000000000000000000e+00
5.982738769531250000e+03 2.823714065551757812e+01 0.000000000000000000e+00
5.984115234375000000e+03 2.695606994628906250e+01 0.000000000000000000e+00
5.985495117187500000e+03 2.773079681396484375e+01 0.000000000000000000e+00
5.986872070312500000e+03 2.954811286926269531e+01 0.000000000000000000e+00
5.988249511718750000e+03 2.883168220520019531e+01 0.000000000000000000e+00
5.989630371093750000e+03 2.719172668457031250e+01 0.000000000000000000e+00
5.991008300781250000e+03 2.888186454772949219e+01 0.000000000000000000e+00
5.992389648437500000e+03 3.007839584350585938e+01 0.000000000000000000e+00
5.993768066406250000e+03 2.854164505004882812e+01 0.000000000000000000e+00
5.995150390625000000e+03 2.769110107421875000e+01 0.000000000000000000e+00
5.996529785156250000e+03 3.016709136962890625e+01 0.000000000000000000e+00
5.997909179687500000e+03 2.925140190124511719e+01 0.000000000000000000e+00
5.999291992187500000e+03 3.018665504455566406e+01 0.000000000000000000e+00
6.000672363281250000e+03 2.926521492004394531e+01 0.000000000000000000e+00
6.002056152343750000e+03 2.939033699035644531e+01 0.000000000000000000e+00
6.003437011718750000e+03 3.044300460815429688e+01 0.000000000000000000e+00
6.004821289062500000e+03 2.979113960266113281e+01 0.000000000000000000e+00
6.006202636718750000e+03 3.126149368286132812e+01 0.000000000000000000e+00
6.007584472656250000e+03 3.074792861938476562e+01 0.000000000000000000e+00
6.008969726562500000e+03 3.004946136474609375e+01 0.000000000000000000e+00
6.010352050781250000e+03 2.972348594665527344e+01 0.000000000000000000e+00
6.011737792968750000e+03 2.977382278442382812e+01 0.000000000000000000e+00
6.013121093750000000e+03 3.009387207031250000e+01 0.000000000000000000e+00
6.014507812500000000e+03 2.994068717956542969e+01 0.000000000000000000e+00
6.015891113281250000e+03 3.084059906005859375e+01 0.000000000000000000e+00
6.017275390625000000e+03 2.970259475708007812e+01 0.000000000000000000e+00
6.018662597656250000e+03 2.972094154357910156e+01 0.000000000000000000e+00
6.020047363281250000e+03 3.011131095886230469e+01 0.000000000000000000e+00
6.021435546875000000e+03 2.853852653503417969e+01 0.000000000000000000e+00
6.022820800781250000e+03 3.143726921081542969e+01 0.000000000000000000e+00
6.024209472656250000e+03 3.044715309143066406e+01 0.000000000000000000e+00
6.025595703125000000e+03 2.794698524475097656e+01 0.000000000000000000e+00
6.026981445312500000e+03 2.776445198059082031e+01 0.000000000000000000e+00
6.028371582031250000e+03 2.869007682800292969e+01 0.000000000000000000e+00
6.029758300781250000e+03 2.808833694458007812e+01 0.000000000000000000e+00
6.031148925781250000e+03 2.914666938781738281e+01 0.000000000000000000e+00
6.032536132812500000e+03 2.692129898071289062e+01 0.000000000000000000e+00
6.033927246093750000e+03 2.760969161987304688e+01 0.000000000000000000e+00
6.035315429687500000e+03 2.800430488586425781e+01 0.000000000000000000e+00
6.036703613281250000e+03 2.725638580322265625e+01 0.000000000000000000e+00
6.038095703125000000e+03 2.784742355346679688e+01 0.000000000000000000e+00
6.039484863281250000e+03 2.625414276123046875e+01 0.000000000000000000e+00
6.040877441406250000e+03 2.929373550415039062e+01 0.000000000000000000e+00
6.042267089843750000e+03 2.779536437988281250e+01 0.000000000000000000e+00
6.043660644531250000e+03 2.617711448669433594e+01 0.000000000000000000e+00
6.045050781250000000e+03 2.768205261230468750e+01 0.000000000000000000e+00
6.046441406250000000e+03 2.838853073120117188e+01 0.000000000000000000e+00
6.047835937500000000e+03 2.680323600769042969e+01 0.000000000000000000e+00
6.049227050781250000e+03 2.817061233520507812e+01 0.000000000000000000e+00
6.050622070312500000e+03 2.934478759765625000e+01 0.000000000000000000e+00
6.052014160156250000e+03 2.930697250366210938e+01 0.000000000000000000e+00
6.053409667968750000e+03 2.894536018371582031e+01 0.000000000000000000e+00
6.054802246093750000e+03 2.909543037414550781e+01 0.000000000000000000e+00
6.056195312500000000e+03 2.948926544189453125e+01 0.000000000000000000e+00
6.057591796875000000e+03 2.975343322753906250e+01 0.000000000000000000e+00
6.058985351562500000e+03 2.786960029602050781e+01 0.000000000000000000e+00
6.060382324218750000e+03 2.783493423461914062e+01 0.000000000000000000e+00
6.061776367187500000e+03 2.935753059387207031e+01 0.000000000000000000e+00
6.063174316406250000e+03 2.860897827148437500e+01 0.000000000000000000e+00
6.064569335937500000e+03 2.873036766052246094e+01 0.000000000000000000e+00
6.065967773437500000e+03 2.782966041564941406e+01 0.000000000000000000e+00
6.067363281250000000e+03 2.739046859741210938e+01 0.000000000000000000e+00
6.068758789062500000e+03 2.794628906250000000e+01 0.000000000000000000e+00
6.070158203125000000e+03 2.772693443298339844e+01 0.000000000000000000e+00
6.071554687500000000e+03 2.613568878173828125e+01 0.000000000000000000e+00
6.072955078125000000e+03 2.773074722290039062e+01 0.000000000000000000e+00
6.074352050781250000e+03 2.773464584350585938e+01 0.000000000000000000e+00
6.075752929687500000e+03 2.628453445434570312e+01 0.000000000000000000e+00
6.077150390625000000e+03 2.623492050170898438e+01 0.000000000000000000e+00
6.078548339843750000e+03 2.803176116943359375e+01 0.000000000000000000e+00
6.079950195312500000e+03 2.844126510620117188e+01 0.000000000000000000e+00
6.081349121093750000e+03 2.491986656188964844e+01 0.000000000000000000e+00
6.082751464843750000e+03 2.545247077941894531e+01 0.000000000000000000e+00
6.084150390625000000e+03 2.573807907104492188e+01 0.000000000000000000e+00
6.085553710937500000e+03 2.504995346069335938e+01 0.000000000000000000e+00
6.086953613281250000e+03 2.534706878662109375e+01 0.000000000000000000e+00
6.088354003906250000e+03 2.671378135681152344e+01 0.000000000000000000e+00
6.089757812500000000e+03 2.552921867370605469e+01 0.000000000000000000e+00
6.091158691406250000e+03 2.603294563293457031e+01 0.000000000000000000e+00
6.092563476562500000e+03 2.626473617553710938e+01 0.000000000000000000e+00
6.093964843750000000e+03 2.548459434509277344e+01 0.000000000000000000e+00
6.095370117187500000e+03 2.423441505432128906e+01 0.000000000000000000e+00
6.096772460937500000e+03 2.365639686584472656e+01 0.000000000000000000e+00
6.098174804687500000e+03 2.471016120910644531e+01 0.000000000000000000e+00
6.099581054687500000e+03 2.340408134460449219e+01 0.000000000000000000e+00
6.100984375000000000e+03 2.399418067932128906e+01 0.000000000000000000e+00
6.102391113281250000e+03 2.468312072753906250e+01 0.000000000000000000e+00
6.103794921875000000e+03 2.482545471191406250e+01 0.000000000000000000e+00
6.105202636718750000e+03 2.594071578979492188e+01 0.000000000000000000e+00
6.106606933593750000e+03 2.485188484191894531e+01 0.000000000000000000e+00
6.108011718750000000e+03 2.358597183227539062e+01 0.000000000000000000e+00
6.109420410156250000e+03 2.413067054748535156e+01 0.000000000000000000e+00
6.110825683593750000e+03 2.548912048339843750e+01 0.000000000000000000e+00
6.112234863281250000e+03 2.563995742797851562e+01 0.000000000000000000e+00
6.113641113281250000e+03 2.441068840026855469e+01 0.000000000000000000e+00
6.115050781250000000e+03 2.487272071838378906e+01 0.000000000000000000e+00
6.116457519531250000e+03 2.438210296630859375e+01 0.000000000000000000e+00
6.117864746093750000e+03 2.348758506774902344e+01 0.000000000000000000e+00
6.119275390625000000e+03 2.236454391479492188e+01 0.000000000000000000e+00
6.120683105468750000e+03 2.179286956787109375e+01 0.000000000000000000e+00
6.122094726562500000e+03 2.256210136413574219e+01 0.000000000000000000e+00
6.123502929687500000e+03 2.299955749511718750e+01 0.000000000000000000e+00
6.124915039062500000e+03 2.325350189208984375e+01 0.000000000000000000e+00
6.126324218750000000e+03 2.259925270080566406e+01 0.000000000000000000e+00
6.127733398437500000e+03 2.218747329711914062e+01 0.000000000000000000e+00
6.129146484375000000e+03 2.183756256103515625e+01 0.000000000000000000e+00
6.130556640625000000e+03 2.119607353210449219e+01 0.000000000000000000e+00
6.131970214843750000e+03 2.356875228881835938e+01 0.000000000000000000e+00
6.133380859375000000e+03 2.340526771545410156e+01 0.000000000000000000e+00
6.134795410156250000e+03 2.342165946960449219e+01 0.000000000000000000e+00
6.136206542968750000e+03 2.273962402343750000e+01 0.000000000000000000e+00
6.137618164062500000e+03 2.222642898559570312e+01 0.000000000000000000e+00
6.139033691406250000e+03 2.391642189025878906e+01 0.000000000000000000e+00
6.140445800781250000e+03 2.313760948181152344e+01 0.000000000000000000e+00
6.141861816406250000e+03 2.149674987792968750e+01 0.000000000000000000e+00
6.143274902343750000e+03 2.128192710876464844e+01 0.000000000000000000e+00
6.144691406250000000e+03 2.246601867675781250e+01 0.000000000000000000e+00
6.146104980468750000e+03 2.293568611145019531e+01 0.000000000000000000e+00
6.147518554687500000e+03 2.157475471496582031e+01 0.000000000000000000e+00
6.148936523437500000e+03 2.204589462280273438e+01 0.000000000000000000e+00
6.150351074218750000e+03 2.319657325744628906e+01 0.000000000000000000e+00
6.151769042968750000e+03 2.308626365661621094e+01 0.000000000000000000e+00
6.153184570312500000e+03 2.318317794799804688e+01 0.000000000000000000e+00
6.154603515625000000e+03 2.271916770935058594e+01 0.000000000000000000e+00
6.156019042968750000e+03 2.080451583862304688e+01 0.000000000000000000e+00
6.157435546875000000e+03 2.330249786376953125e+01 0.000000000000000000e+00
6.158855468750000000e+03 1.981335449218750000e+01 0.000000000000000000e+00
6.160271972656250000e+03 2.073701667785644531e+01 0.000000000000000000e+00
6.161692871093750000e+03 2.121363449096679688e+01 0.000000000000000000e+00
6.163110351562500000e+03 1.892148399353027344e+01 0.000000000000000000e+00
6.164531250000000000e+03 2.005512237548828125e+01 0.000000000000000000e+00
6.165949707031250000e+03 2.234817314147949219e+01 0.000000000000000000e+00
6.167368164062500000e+03 2.197364807128906250e+01 0.000000000000000000e+00
6.168790039062500000e+03 2.050102043151855469e+01 0.000000000000000000e+00
6.170209472656250000e+03 2.028603744506835938e+01 0.000000000000000000e+00
6.171632324218750000e+03 2.058349227905273438e+01 0.000000000000000000e+00
6.173051757812500000e+03 2.000739479064941406e+01 0.000000000000000000e+00
6.174475585937500000e+03 2.207939910888671875e+01 0.000000000000000000e+00
6.175895996093750000e+03 2.117965888977050781e+01 0.000000000000000000e+00
6.177319824218750000e+03 2.118330764770507812e+01 0.000000000000000000e+00
6.178741210937500000e+03 2.170524215698242188e+01 0.000000000000000000e+00
6.180162597656250000e+03 2.192308998107910156e+01 0.000000000000000000e+00
6.181587402343750000e+03 2.233610343933105469e+01 0.000000000000000000e+00
6.183009765625000000e+03 2.121610260009765625e+01 0.000000000000000000e+00
6.184435546875000000e+03 2.098542594909667969e+01 0.000000000000000000e+00
6.185857910156250000e+03 2.117546653747558594e+01 0.000000000000000000e+00
6.187284667968750000e+03 2.127693748474121094e+01 0.000000000000000000e+00
6.188708007812500000e+03 2.176992034912109375e+01 0.000000000000000000e+00
6.190131835937500000e+03 2.247549247741699219e+01 0.000000000000000000e+00
6.191559082031250000e+03 2.067788696289062500e+01 0.000000000000000000e+00
6.192983398437500000e+03 2.055196571350097656e+01 0.000000000000000000e+00
6.194411621093750000e+03 2.148954200744628906e+01 0.000000000000000000e+00
6.195836425781250000e+03 2.252092742919921875e+01 0.000000000000000000e+00
6.197265136718750000e+03 2.246910285949707031e+01 0.000000000000000000e+00
6.198690917968750000e+03 2.099289894104003906e+01 0.000000000000000000e+00
6.200117187500000000e+03 2.100050735473632812e+01 0.000000000000000000e+00
6.201546875000000000e+03 2.200804519653320312e+01 0.000000000000000000e+00
6.202973144531250000e+03 2.124066734313964844e+01 0.000000000000000000e+00
6.204403808593750000e+03 1.995249938964843750e+01 0.000000000000000000e+00
6.205831054687500000e+03 2.018155288696289062e+01 0.000000000000000000e+00
6.207262207031250000e+03 2.146329879760742188e+01 0.000000000000000000e+00
6.208689941406250000e+03 2.074568176269531250e+01 0.000000000000000000e+00
6.210118164062500000e+03 1.940886878967285156e+01 0.000000000000000000e+00
6.211550292968750000e+03 1.930780982971191406e+01 0.000000000000000000e+00
6.212979492187500000e+03 1.949686813354492188e+01 0.000000000000000000e+00
6.214412109375000000e+03 1.951610183715820312e+01 0.000000000000000000e+00
6.215841796875000000e+03 2.000007438659667969e+01 0.000000000000000000e+00
6.217274902343750000e+03 1.991562652587890625e+01 0.000000000000000000e+00
6.218705566406250000e+03 2.088350868225097656e+01 0.000000000000000000e+00
6.220135742187500000e+03 1.919990921020507812e+01 0.000000000000000000e+00
6.221570312500000000e+03 1.913092803955078125e+01 0.000000000000000000e+00
6.223001464843750000e+03 2.096773910522460938e+01 0.000000000000000000e+00
6.224436523437500000e+03 1.984220695495605469e+01 0.000000000000000000e+00
6.225868652343750000e+03 1.994884300231933594e+01 0.000000000000000000e+00
6.227304199218750000e+03 1.945038223266601562e+01 0.000000000000000000e+00
6.228736816406250000e+03 2.083913993835449219e+01 0.000000000000000000e+00
6.230169433593750000e+03 2.051257514953613281e+01 0.000000000000000000e+00
6.231606445312500000e+03 1.920836067199707031e+01 0.000000000000000000e+00
6.233040039062500000e+03 2.128696632385253906e+01 0.000000000000000000e+00
6.234477050781250000e+03 1.998432922363281250e+01 0.000000000000000000e+00
6.235911621093750000e+03 1.986892890930175781e+01 0.000000000000000000e+00
6.237349609375000000e+03 1.985775184631347656e+01 0.000000000000000000e+00
6.238784179687500000e+03 1.888741874694824219e+01 0.000000000000000000e+00
6.240219726562500000e+03 1.888570785522460938e+01 0.000000000000000000e+00
6.241658691406250000e+03 2.136878967285156250e+01 0.000000000000000000e+00
6.243094238281250000e+03 2.060654067993164062e+01 0.000000000000000000e+00
6.244534179687500000e+03 1.834406089782714844e+01 0.000000000000000000e+00
6.245970703125000000e+03 1.810603713989257812e+01 0.000000000000000000e+00
6.247411132812500000e+03 2.040898513793945312e+01 0.000000000000000000e+00
6.248848144531250000e+03 2.209113502502441406e+01 0.000000000000000000e+00
6.250285644531250000e+03 2.019372558593750000e+01 0.000000000000000000e+00
6.251727050781250000e+03 1.891589546203613281e+01 0.000000000000000000e+00
6.253165039062500000e+03 1.927764892578125000e+01 0.000000000000000000e+00
6.254606933593750000e+03 1.833274459838867188e+01 0.000000000000000000e+00
6.256045898437500000e+03 1.791180610656738281e+01 0.000000000000000000e+00
6.257488769531250000e+03 1.878577041625976562e+01 0.000000000000000000e+00
6.258928222656250000e+03 1.922781181335449219e+01 0.000000000000000000e+00
6.260368164062500000e+03 2.086564826965332031e+01 0.000000000000000000e+00
6.261811523437500000e+03 2.018630218505859375e+01 0.000000000000000000e+00
6.263251953125000000e+03 2.061244392395019531e+01 0.000000000000000000e+00
6.264696289062500000e+03 2.063885688781738281e+01 0.000000000000000000e+00
6.266137695312500000e+03 1.940834426879882812e+01 0.000000000000000000e+00
6.267582519531250000e+03 1.907854652404785156e+01 0.000000000000000000e+00
6.269024414062500000e+03 1.898581695556640625e+01 0.000000000000000000e+00
6.270466796875000000e+03 2.024714088439941406e+01 0.000000000000000000e+00
6.271912597656250000e+03 2.074043655395507812e+01 0.000000000000000000e+00
6.273355468750000000e+03 1.997756385803222656e+01 0.000000000000000000e+00
6.274802246093750000e+03 1.910641860961914062e+01 0.000000000000000000e+00
6.276245605468750000e+03 1.927009773254394531e+01 0.000000000000000000e+00
6.277692871093750000e+03 1.970171737670898438e+01 0.000000000000000000e+00
6.279137207031250000e+03 1.945246315002441406e+01 0.000000000000000000e+00
6.280581542968750000e+03 1.897339248657226562e+01 0.000000000000000000e+00
6.282029785156250000e+03 1.952811431884765625e+01 0.000000000000000000e+00
6.283475097656250000e+03 2.021906089782714844e+01 0.000000000000000000e+00
6.284923828125000000e+03 1.939956283569335938e+01 0.000000000000000000e+00
6.286369628906250000e+03 2.021747970581054688e+01 0.000000000000000000e+00
6.287819335937500000e+03 2.029289817810058594e+01 0.000000000000000000e+00
6.289266113281250000e+03 1.900279808044433594e+01 0.000000000000000000e+00
6.290716308593750000e+03 1.909278297424316406e+01 0.000000000000000000e+00
6.292163574218750000e+03 2.068664741516113281e+01 0.000000000000000000e+00
6.293610839843750000e+03 2.042481994628906250e+01 0.000000000000000000e+00
6.295062011718750000e+03 1.889060974121093750e+01 0.000000000000000000e+00
6.296510253906250000e+03 2.068678283691406250e+01 0.000000000000000000e+00
6.297962402343750000e+03 2.067258262634277344e+01 0.000000000000000000e+00
6.299411132812500000e+03 1.903517341613769531e+01 0.000000000000000000e+00
6.300863769531250000e+03 1.875366592407226562e+01 0.000000000000000000e+00
6.302313476562500000e+03 2.007299613952636719e+01 0.000000000000000000e+00
6.303763183593750000e+03 1.908590126037597656e+01 0.000000000000000000e+00
6.305216796875000000e+03 1.977768516540527344e+01 0.000000000000000000e+00
6.306667480468750000e+03 1.938278007507324219e+01 0.000000000000000000e+00
6.308121582031250000e+03 1.951325416564941406e+01 0.000000000000000000e+00
6.309572753906250000e+03 2.027850341796875000e+01 0.000000000000000000e+00
6.311027832031250000e+03 1.917186737060546875e+01 0.000000000000000000e+00
6.312479492187500000e+03 1.953431129455566406e+01 0.000000000000000000e+00
6.313931640625000000e+03 1.762311553955078125e+01 0.000000000000000000e+00
6.315387695312500000e+03 1.978090667724609375e+01 0.000000000000000000e+00
6.316840332031250000e+03 2.064501953125000000e+01 0.000000000000000000e+00
6.318297363281250000e+03 1.909275245666503906e+01 0.000000000000000000e+00
6.319750976562500000e+03 2.113058471679687500e+01 0.000000000000000000e+00
6.321208007812500000e+03 1.890023040771484375e+01 0.000000000000000000e+00
6.322662109375000000e+03 1.969117736816406250e+01 0.000000000000000000e+00
6.324116699218750000e+03 2.052318382263183594e+01 0.000000000000000000e+00
6.325575195312500000e+03 1.960752868652343750e+01 0.000000000000000000e+00
6.327030273437500000e+03 1.828179931640625000e+01 0.000000000000000000e+00
6.328489257812500000e+03 1.866210556030273438e+01 0.000000000000000000e+00
6.329945312500000000e+03 2.015927696228027344e+01 0.000000000000000000e+00
6.331404785156250000e+03 2.086350822448730469e+01 0.000000000000000000e+00
6.332861328125000000e+03 2.047263336181640625e+01 0.000000000000000000e+00
6.334318359375000000e+03 1.964405632019042969e+01 0.000000000000000000e+00
6.335778808593750000e+03 1.920335769653320312e+01 0.000000000000000000e+00
6.337236328125000000e+03 1.951981163024902344e+01 0.000000000000000000e+00
6.338697753906250000e+03 2.007261466979980469e+01 0.000000000000000000e+00
6.340155761718750000e+03 2.096776390075683594e+01 0.000000000000000000e+00
6.341618164062500000e+03 2.003893470764160156e+01 0.000000000000000000e+00
6.343076660156250000e+03 1.842368698120117188e+01 0.000000000000000000e+00
6.344536132812500000e+03 1.859044837951660156e+01 0.000000000000000000e+00
6.345999023437500000e+03 2.066034317016601562e+01 0.000000000000000000e+00
6.347458984375000000e+03 2.047263336181640625e+01 0.000000000000000000e+00
6.348922851562500000e+03 1.955468177795410156e+01 0.000000000000000000e+00
6.350383300781250000e+03 1.991596412658691406e+01 0.000000000000000000e+00
6.351847656250000000e+03 1.977793693542480469e+01 0.000000000000000000e+00
6.353309082031250000e+03 1.890505409240722656e+01 0.000000000000000000e+00
6.354770507812500000e+03 1.974520492553710938e+01 0.000000000000000000e+00
6.356235839843750000e+03 2.067440986633300781e+01 0.000000000000000000e+00
6.357698242187500000e+03 2.044913673400878906e+01 0.000000000000000000e+00
6.359164062500000000e+03 1.858066368103027344e+01 0.000000000000000000e+00
6.360626953125000000e+03 1.833367538452148438e+01 0.000000000000000000e+00
6.362093750000000000e+03 2.039188957214355469e+01 0.000000000000000000e+00
6.363557617187500000e+03 2.107171058654785156e+01 0.000000000000000000e+00
6.365021484375000000e+03 1.983064651489257812e+01 0.000000000000000000e+00
6.366489257812500000e+03 1.899705886840820312e+01 0.000000000000000000e+00
6.367953613281250000e+03 1.917680740356445312e+01 0.000000000000000000e+00
6.369422363281250000e+03 2.005150413513183594e+01 0.000000000000000000e+00
6.370887695312500000e+03 1.978727149963378906e+01 0.000000000000000000e+00
6.372356445312500000e+03 1.811889457702636719e+01 0.000000000000000000e+00
6.373822753906250000e+03 2.137227439880371094e+01 0.000000000000000000e+00
6.375288574218750000e+03 1.895327186584472656e+01 0.000000000000000000e+00
6.376758789062500000e+03 1.902339553833007812e+01 0.000000000000000000e+00
6.378226074218750000e+03 2.038320350646972656e+01 0.000000000000000000e+00
6.379696777343750000e+03 2.022752189636230469e+01 0.000000000000000000e+00
6.381164550781250000e+03 2.048279571533203125e+01 0.000000000000000000e+00
6.382635742187500000e+03 1.878656387329101562e+01 0.000000000000000000e+00
6.384104003906250000e+03 1.789094734191894531e+01 0.000000000000000000e+00
6.385572753906250000e+03 1.849657821655273438e+01 0.000000000000000000e+00
6.387045410156250000e+03 1.908524322509765625e+01 0.000000000000000000e+00
6.388514648437500000e+03 1.943985366821289062e+01 0.000000000000000000e+00
6.389987792968750000e+03 2.045774459838867188e+01 0.000000000000000000e+00
6.391458007812500000e+03 1.964016342163085938e+01 0.000000000000000000e+00
6.392931640625000000e+03 2.093173408508300781e+01 0.000000000000000000e+00
6.394402343750000000e+03 2.034803009033203125e+01 0.000000000000000000e+00
6.395873535156250000e+03 1.950800323486328125e+01 0.000000000000000000e+00
6.397348144531250000e+03 1.991520309448242188e+01 0.000000000000000000e+00
6.398819824218750000e+03 1.960977172851562500e+01 0.000000000000000000e+00
6.400295410156250000e+03 1.997086524963378906e+01 0.000000000000000000e+00
6.401768066406250000e+03 1.842064285278320312e+01 0.000000000000000000e+00
6.403244140625000000e+03 1.857420730590820312e+01 0.000000000000000000e+00
6.404717285156250000e+03 1.895088386535644531e+01 0.000000000000000000e+00
6.406194335937500000e+03 1.821311187744140625e+01 0.000000000000000000e+00
6.407667968750000000e+03 1.907159423828125000e+01 0.000000000000000000e+00
6.409142089843750000e+03 2.268480873107910156e+01 0.000000000000000000e+00
6.410619628906250000e+03 2.602599143981933594e+01 0.000000000000000000e+00
6.412094726562500000e+03 2.347120857238769531e+01 0.000000000000000000e+00
6.413573242187500000e+03 2.037479972839355469e+01 0.000000000000000000e+00
6.415048828125000000e+03 2.007670783996582031e+01 0.000000000000000000e+00
6.416527832031250000e+03 1.868218612670898438e+01 0.000000000000000000e+00
6.418003906250000000e+03 1.923810195922851562e+01 0.000000000000000000e+00
6.419480468750000000e+03 1.919160842895507812e+01 0.000000000000000000e+00
6.420960937500000000e+03 1.884943389892578125e+01 0.000000000000000000e+00
6.422437988281250000e+03 1.854427719116210938e+01 0.000000000000000000e+00
6.423918945312500000e+03 1.834989929199218750e+01 0.000000000000000000e+00
6.425396972656250000e+03 1.865192985534667969e+01 0.000000000000000000e+00
6.426878417968750000e+03 1.973694992065429688e+01 0.000000000000000000e+00
6.428356933593750000e+03 1.863218307495117188e+01 0.000000000000000000e+00
6.429835937500000000e+03 1.899236106872558594e+01 0.000000000000000000e+00
6.431318359375000000e+03 1.893939208984375000e+01 0.000000000000000000e+00
6.432797851562500000e+03 1.774411964416503906e+01 0.000000000000000000e+00
6.434281250000000000e+03 1.840810775756835938e+01 0.000000000000000000e+00
6.435761718750000000e+03 1.773991584777832031e+01 0.000000000000000000e+00
6.437245605468750000e+03 1.973585128784179688e+01 0.000000000000000000e+00
6.438726562500000000e+03 1.949814414978027344e+01 0.000000000000000000e+00
6.440208007812500000e+03 1.824737167358398438e+01 0.000000000000000000e+00
6.441692871093750000e+03 1.830137443542480469e+01 0.000000000000000000e+00
6.443174804687500000e+03 1.847173118591308594e+01 0.000000000000000000e+00
6.444660644531250000e+03 1.907103729248046875e+01 0.000000000000000000e+00
6.446143066406250000e+03 1.893268585205078125e+01 0.000000000000000000e+00
6.447629394531250000e+03 1.971011543273925781e+01 0.000000000000000000e+00
6.449112792968750000e+03 1.922575378417968750e+01 0.000000000000000000e+00
6.450596679687500000e+03 1.736861801147460938e+01 0.000000000000000000e+00
6.452083984375000000e+03 1.822176933288574219e+01 0.000000000000000000e+00
6.453568359375000000e+03 2.037003707885742188e+01 0.000000000000000000e+00
6.455056640625000000e+03 1.798486709594726562e+01 0.000000000000000000e+00
6.456541503906250000e+03 1.938680648803710938e+01 0.000000000000000000e+00
6.458030273437500000e+03 2.069482231140136719e+01 0.000000000000000000e+00
6.459516113281250000e+03 1.864724540710449219e+01 0.000000000000000000e+00
6.461001953125000000e+03 1.877441406250000000e+01 0.000000000000000000e+00
6.462491699218750000e+03 1.911101150512695312e+01 0.000000000000000000e+00
6.463978515625000000e+03 1.994039916992187500e+01 0.000000000000000000e+00
6.465469238281250000e+03 1.985862541198730469e+01 0.000000000000000000e+00
6.466956542968750000e+03 2.005444145202636719e+01 0.000000000000000000e+00
6.468447753906250000e+03 1.981711769104003906e+01 0.000000000000000000e+00
6.469936035156250000e+03 1.741224098205566406e+01 0.000000000000000000e+00
6.471424316406250000e+03 2.010640907287597656e+01 0.000000000000000000e+00
6.472916503906250000e+03 2.103552436828613281e+01 0.000000000000000000e+00
6.474405761718750000e+03 2.007423210144042969e+01 0.000000000000000000e+00
6.475898437500000000e+03 1.902693367004394531e+01 0.000000000000000000e+00
6.477388183593750000e+03 1.830787086486816406e+01 0.000000000000000000e+00
6.478881835937500000e+03 1.829721260070800781e+01 0.000000000000000000e+00
6.480372558593750000e+03 2.245582008361816406e+01 0.000000000000000000e+00
6.481863281250000000e+03 1.865350723266601562e+01 0.000000000000000000e+00
6.483357910156250000e+03 1.899946022033691406e+01 0.000000000000000000e+00
6.484849609375000000e+03 2.119045829772949219e+01 0.000000000000000000e+00
6.486344726562500000e+03 2.050314903259277344e+01 0.000000000000000000e+00
6.487836914062500000e+03 2.089058876037597656e+01 0.000000000000000000e+00
6.489333007812500000e+03 1.940506362915039062e+01 0.000000000000000000e+00
6.490826171875000000e+03 1.881596183776855469e+01 0.000000000000000000e+00
6.492319335937500000e+03 1.942026710510253906e+01 0.000000000000000000e+00
6.493816406250000000e+03 2.059803199768066406e+01 0.000000000000000000e+00
6.495310058593750000e+03 2.044326972961425781e+01 0.000000000000000000e+00
6.496808105468750000e+03 1.807628250122070312e+01 0.000000000000000000e+00
6.498302734375000000e+03 1.945952415466308594e+01 0.000000000000000000e+00
6.499801269531250000e+03 2.016755485534667969e+01 0.000000000000000000e+00
6.501296386718750000e+03 1.875468444824218750e+01 0.000000000000000000e+00
6.502791992187500000e+03 1.845651245117187500e+01 0.000000000000000000e+00
6.504291503906250000e+03 2.054165649414062500e+01 0.000000000000000000e+00
6.505787597656250000e+03 2.142638778686523438e+01 0.000000000000000000e+00
6.507288085937500000e+03 1.978733825683593750e+01 0.000000000000000000e+00
6.508785156250000000e+03 2.009968376159667969e+01 0.000000000000000000e+00
6.510286132812500000e+03 2.089699363708496094e+01 0.000000000000000000e+00
6.511783691406250000e+03 2.084699058532714844e+01 0.000000000000000000e+00
6.513281738281250000e+03 2.014241409301757812e+01 0.000000000000000000e+00
6.514783691406250000e+03 1.968605804443359375e+01 0.000000000000000000e+00
6.516282226562500000e+03 1.972640609741210938e+01 0.000000000000000000e+00
6.517785156250000000e+03 1.863064193725585938e+01 0.000000000000000000e+00
6.519284179687500000e+03 1.967822456359863281e+01 0.000000000000000000e+00
6.520787597656250000e+03 2.113858032226562500e+01 0.000000000000000000e+00
6.522287597656250000e+03 2.088506317138671875e+01 0.000000000000000000e+00
6.523791992187500000e+03 2.047932815551757812e+01 0.000000000000000000e+00
6.525292480468750000e+03 2.048630332946777344e+01 0.000000000000000000e+00
6.526793945312500000e+03 2.169499969482421875e+01 0.000000000000000000e+00
6.528298828125000000e+03 2.068007850646972656e+01 0.000000000000000000e+00
6.529800781250000000e+03 1.884995079040527344e+01 0.000000000000000000e+00
6.531306152343750000e+03 1.932384872436523438e+01 0.000000000000000000e+00
6.532809082031250000e+03 2.161710357666015625e+01 0.000000000000000000e+00
6.534315429687500000e+03 2.079787635803222656e+01 0.000000000000000000e+00
6.535818359375000000e+03 1.819824790954589844e+01 0.000000000000000000e+00
6.537322265625000000e+03 1.937971115112304688e+01 0.000000000000000000e+00
6.538829589843750000e+03 2.043484878540039062e+01 0.000000000000000000e+00
6.540333984375000000e+03 1.957781982421875000e+01 0.000000000000000000e+00
6.541842285156250000e+03 2.165583801269531250e+01 0.000000000000000000e+00
6.543347167968750000e+03 1.992747497558593750e+01 0.000000000000000000e+00
6.544855957031250000e+03 1.957310867309570312e+01 0.000000000000000000e+00
6.546361328125000000e+03 2.068691444396972656e+01 0.000000000000000000e+00
6.547867675781250000e+03 2.098051643371582031e+01 0.000000000000000000e+00
6.549377441406250000e+03 2.024286079406738281e+01 0.000000000000000000e+00
6.550884277343750000e+03 2.098092651367187500e+01 0.000000000000000000e+00
6.552394531250000000e+03 2.251024436950683594e+01 0.000000000000000000e+00
6.553901855468750000e+03 2.022303199768066406e+01 0.000000000000000000e+00
6.555413574218750000e+03 1.880274200439453125e+01 0.000000000000000000e+00
6.556921386718750000e+03 2.081311035156250000e+01 0.000000000000000000e+00
6.558429687500000000e+03 2.308237075805664062e+01 0.000000000000000000e+00
6.559942382812500000e+03 2.193493843078613281e+01 0.000000000000000000e+00
6.561451171875000000e+03 2.475816726684570312e+01 0.000000000000000000e+00
6.562964355468750000e+03 2.279545021057128906e+01 0.000000000000000000e+00
6.564474121093750000e+03 2.040042304992675781e+01 0.000000000000000000e+00
6.565987792968750000e+03 1.993120765686035156e+01 0.000000000000000000e+00
6.567498535156250000e+03 2.002765655517578125e+01 0.000000000000000000e+00
6.569009277343750000e+03 1.969827651977539062e+01 0.000000000000000000e+00
6.570523925781250000e+03 2.090350532531738281e+01 0.000000000000000000e+00
6.572035644531250000e+03 1.921745491027832031e+01 0.000000000000000000e+00
6.573551269531250000e+03 2.048674011230468750e+01 0.000000000000000000e+00
6.575063476562500000e+03 2.158556938171386719e+01 0.000000000000000000e+00
6.576579589843750000e+03 1.943096542358398438e+01 0.000000000000000000e+00
6.578092285156250000e+03 1.852525329589843750e+01 0.000000000000000000e+00
6.579605957031250000e+03 1.793629837036132812e+01 0.000000000000000000e+00
6.581123046875000000e+03 1.796117591857910156e+01 0.000000000000000000e+00
6.582637207031250000e+03 1.899900054931640625e+01 0.000000000000000000e+00
6.584154785156250000e+03 2.019490051269531250e+01 0.000000000000000000e+00
6.585669433593750000e+03 2.013720512390136719e+01 0.000000000000000000e+00
6.587188476562500000e+03 1.901453781127929688e+01 0.000000000000000000e+00
6.588703613281250000e+03 2.047105026245117188e+01 0.000000000000000000e+00
6.590219238281250000e+03 1.927201652526855469e+01 0.000000000000000000e+00
6.591739257812500000e+03 1.909166336059570312e+01 0.000000000000000000e+00
6.593255371093750000e+03 1.933053016662597656e+01 0.000000000000000000e+00
6.594775878906250000e+03 1.901030158996582031e+01 0.000000000000000000e+00
6.596292968750000000e+03 2.041966438293457031e+01 0.000000000000000000e+00
6.597813964843750000e+03 2.077775764465332031e+01 0.000000000000000000e+00
6.599332031250000000e+03 2.060614776611328125e+01 0.000000000000000000e+00
6.600850097656250000e+03 2.010962104797363281e+01 0.000000000000000000e+00
6.602372070312500000e+03 1.992326927185058594e+01 0.000000000000000000e+00
6.603891113281250000e+03 2.063555717468261719e+01 0.000000000000000000e+00
6.605414062500000000e+03 2.117653846740722656e+01 0.000000000000000000e+00
6.606933593750000000e+03 1.817081069946289062e+01 0.000000000000000000e+00
6.608457031250000000e+03 1.799397277832031250e+01 0.000000000000000000e+00
6.609977050781250000e+03 1.954332160949707031e+01 0.000000000000000000e+00
6.611498046875000000e+03 1.955051231384277344e+01 0.000000000000000000e+00
6.613022460937500000e+03 1.873649597167968750e+01 0.000000000000000000e+00
6.614543945312500000e+03 2.034040069580078125e+01 0.000000000000000000e+00
6.616069335937500000e+03 1.824361228942871094e+01 0.000000000000000000e+00
6.617591308593750000e+03 1.839782905578613281e+01 0.000000000000000000e+00
6.619117187500000000e+03 2.026181602478027344e+01 0.000000000000000000e+00
6.620639648437500000e+03 2.096080780029296875e+01 0.000000000000000000e+00
6.622163085937500000e+03 2.027581214904785156e+01 0.000000000000000000e+00
6.623689941406250000e+03 2.033438873291015625e+01 0.000000000000000000e+00
6.625213867187500000e+03 1.821747016906738281e+01 0.000000000000000000e+00
6.626741699218750000e+03 1.876237869262695312e+01 0.000000000000000000e+00
6.628266113281250000e+03 1.908568000793457031e+01 0.000000000000000000e+00
6.629794433593750000e+03 1.862985801696777344e+01 0.000000000000000000e+00
6.631319824218750000e+03 1.890337753295898438e+01 0.000000000000000000e+00
6.632845214843750000e+03 1.976169204711914062e+01 0.000000000000000000e+00
6.634374511718750000e+03 1.882388114929199219e+01 0.000000000000000000e+00
6.635900878906250000e+03 1.855491065979003906e+01 0.000000000000000000e+00
6.637431152343750000e+03 1.928512001037597656e+01 0.000000000000000000e+00
6.638958007812500000e+03 2.014204978942871094e+01 0.000000000000000000e+00
6.640488769531250000e+03 2.031886482238769531e+01 0.000000000000000000e+00
6.642016601562500000e+03 1.931758689880371094e+01 0.000000000000000000e+00
6.643548339843750000e+03 1.683400344848632812e+01 0.000000000000000000e+00
6.645076660156250000e+03 1.901490020751953125e+01 0.000000000000000000e+00
6.646605468750000000e+03 1.896272850036621094e+01 0.000000000000000000e+00
6.648138183593750000e+03 1.750353240966796875e+01 0.000000000000000000e+00
6.649667480468750000e+03 1.852862358093261719e+01 0.000000000000000000e+00
6.651200683593750000e+03 1.985710906982421875e+01 0.000000000000000000e+00
6.652730957031250000e+03 1.779279708862304688e+01 0.000000000000000000e+00
6.654265136718750000e+03 1.820483589172363281e+01 0.000000000000000000e+00
6.655795898437500000e+03 1.898380661010742188e+01 0.000000000000000000e+00
6.657327148437500000e+03 1.911607170104980469e+01 0.000000000000000000e+00
6.658862304687500000e+03 1.948723602294921875e+01 0.000000000000000000e+00
6.660394042968750000e+03 2.021053886413574219e+01 0.000000000000000000e+00
6.661929687500000000e+03 1.983996009826660156e+01 0.000000000000000000e+00
6.663462402343750000e+03 1.982742500305175781e+01 0.000000000000000000e+00
6.664999023437500000e+03 1.859805107116699219e+01 0.000000000000000000e+00
6.666532226562500000e+03 1.843207168579101562e+01 0.000000000000000000e+00
6.668065917968750000e+03 1.937713241577148438e+01 0.000000000000000000e+00
6.669603515625000000e+03 1.738554382324218750e+01 0.000000000000000000e+00
6.671137695312500000e+03 1.887144279479980469e+01 0.000000000000000000e+00
6.672676269531250000e+03 1.800390625000000000e+01 0.000000000000000000e+00
6.674211425781250000e+03 1.852458190917968750e+01 0.000000000000000000e+00
6.675750488281250000e+03 1.928111076354980469e+01 0.000000000000000000e+00
6.677286132812500000e+03 1.881664276123046875e+01 0.000000000000000000e+00
6.678822265625000000e+03 1.985778427124023438e+01 0.000000000000000000e+00
6.680362304687500000e+03 1.809257316589355469e+01 0.000000000000000000e+00
6.681898925781250000e+03 1.796163940429687500e+01 0.000000000000000000e+00
6.683439941406250000e+03 1.791751289367675781e+01 0.000000000000000000e+00
6.684977539062500000e+03 1.753969955444335938e+01 0.000000000000000000e+00
6.686519042968750000e+03 1.802065658569335938e+01 0.000000000000000000e+00
6.688057128906250000e+03 1.938769340515136719e+01 0.000000000000000000e+00
6.689595703125000000e+03 1.903239822387695312e+01 0.000000000000000000e+00
6.691138183593750000e+03 1.799407196044921875e+01 0.000000000000000000e+00
6.692677734375000000e+03 1.796217918395996094e+01 0.000000000000000000e+00
6.694221191406250000e+03 1.855073928833007812e+01 0.000000000000000000e+00
6.695760742187500000e+03 1.831021881103515625e+01 0.000000000000000000e+00
6.697305175781250000e+03 1.717477798461914062e+01 0.000000000000000000e+00
6.698845703125000000e+03 1.802848434448242188e+01 0.000000000000000000e+00
6.700386718750000000e+03 1.783301544189453125e+01 0.000000000000000000e+00
6.701931640625000000e+03 1.879209709167480469e+01 0.000000000000000000e+00
6.703473632812500000e+03 1.957430648803710938e+01 0.000000000000000000e+00
6.705019531250000000e+03 1.838856315612792969e+01 0.000000000000000000e+00
6.706562011718750000e+03 1.755383491516113281e+01 0.000000000000000000e+00
6.708108398437500000e+03 1.872418785095214844e+01 0.000000000000000000e+00
6.709651855468750000e+03 1.769893455505371094e+01 0.000000000000000000e+00
6.711195312500000000e+03 1.785717010498046875e+01 0.000000000000000000e+00
6.712742675781250000e+03 1.901681327819824219e+01 0.000000000000000000e+00
6.714287109375000000e+03 1.894400405883789062e+01 0.000000000000000000e+00
6.715835449218750000e+03 1.795701789855957031e+01 0.000000000000000000e+00
6.717380371093750000e+03 1.730706214904785156e+01 0.000000000000000000e+00
6.718929199218750000e+03 1.831458091735839844e+01 0.000000000000000000e+00
6.720475097656250000e+03 1.882488822937011719e+01 0.000000000000000000e+00
6.722020996093750000e+03 1.815975379943847656e+01 0.000000000000000000e+00
6.723571289062500000e+03 1.770787239074707031e+01 0.000000000000000000e+00
6.725117675781250000e+03 1.859188652038574219e+01 0.000000000000000000e+00
6.726668457031250000e+03 1.818470954895019531e+01 0.000000000000000000e+00
6.728216308593750000e+03 1.758658027648925781e+01 0.000000000000000000e+00
6.729767578125000000e+03 1.746975326538085938e+01 0.000000000000000000e+00
6.731315917968750000e+03 1.795803833007812500e+01 0.000000000000000000e+00
6.732864257812500000e+03 1.809412193298339844e+01 0.000000000000000000e+00
6.734416992187500000e+03 1.688533401489257812e+01 0.000000000000000000e+00
6.735966308593750000e+03 1.750741195678710938e+01 0.000000000000000000e+00
6.737519531250000000e+03 1.699257087707519531e+01 0.000000000000000000e+00
6.739069335937500000e+03 1.772114372253417969e+01 0.000000000000000000e+00
6.740623535156250000e+03 1.849103736877441406e+01 0.000000000000000000e+00
6.742174316406250000e+03 1.743894767761230469e+01 0.000000000000000000e+00
6.743725097656250000e+03 1.672192573547363281e+01 0.000000000000000000e+00
6.745280273437500000e+03 1.777280998229980469e+01 0.000000000000000000e+00
6.746832031250000000e+03 1.819672012329101562e+01 0.000000000000000000e+00
6.748387695312500000e+03 1.715326499938964844e+01 0.000000000000000000e+00
6.749940429687500000e+03 1.692538261413574219e+01 0.000000000000000000e+00
6.751496582031250000e+03 1.787897300720214844e+01 0.000000000000000000e+00
6.753049804687500000e+03 1.692559242248535156e+01 0.000000000000000000e+00
6.754603515625000000e+03 1.781132507324218750e+01 0.000000000000000000e+00
6.756161132812500000e+03 1.739627647399902344e+01 0.000000000000000000e+00
6.757715332031250000e+03 1.797182846069335938e+01 0.000000000000000000e+00
6.759273437500000000e+03 1.876884078979492188e+01 0.000000000000000000e+00
6.760828613281250000e+03 1.807282447814941406e+01 0.000000000000000000e+00
6.762387695312500000e+03 1.717159271240234375e+01 0.000000000000000000e+00
6.763943359375000000e+03 1.630528640747070312e+01 0.000000000000000000e+00
6.765502929687500000e+03 1.679654502868652344e+01 0.000000000000000000e+00
6.767059570312500000e+03 1.767076301574707031e+01 0.000000000000000000e+00
6.768616210937500000e+03 1.820759582519531250e+01 0.000000000000000000e+00
6.770176757812500000e+03 1.818579292297363281e+01 0.000000000000000000e+00
6.771734375000000000e+03 1.740139961242675781e+01 0.000000000000000000e+00
6.773295898437500000e+03 1.635862922668457031e+01 0.000000000000000000e+00
6.774854003906250000e+03 1.685411071777343750e+01 0.000000000000000000e+00
6.776416503906250000e+03 1.787265968322753906e+01 0.000000000000000000e+00
6.777975585937500000e+03 1.828369331359863281e+01 0.000000000000000000e+00
6.779534667968750000e+03 1.793022727966308594e+01 0.000000000000000000e+00
6.781098144531250000e+03 1.749215507507324219e+01 0.000000000000000000e+00
6.782658203125000000e+03 1.741332054138183594e+01 0.000000000000000000e+00
6.784222167968750000e+03 1.700611305236816406e+01 0.000000000000000000e+00
6.785782714843750000e+03 1.769640350341796875e+01 0.000000000000000000e+00
6.787347656250000000e+03 1.843546104431152344e+01 0.000000000000000000e+00
6.788909179687500000e+03 1.796400260925292969e+01 0.000000000000000000e+00
6.790470703125000000e+03 1.745848274230957031e+01 0.000000000000000000e+00
6.792036621093750000e+03 1.657587432861328125e+01 0.000000000000000000e+00
6.793599121093750000e+03 1.657715606689453125e+01 0.000000000000000000e+00
6.795165527343750000e+03 1.733937072753906250e+01 0.000000000000000000e+00
6.796729003906250000e+03 1.738625526428222656e+01 0.000000000000000000e+00
6.798296386718750000e+03 1.657702827453613281e+01 0.000000000000000000e+00
6.799860351562500000e+03 1.667045974731445312e+01 0.000000000000000000e+00
6.801424316406250000e+03 1.536476898193359375e+01 0.000000000000000000e+00
6.802992675781250000e+03 1.564615917205810547e+01 0.000000000000000000e+00
6.804557617187500000e+03 1.743720626831054688e+01 0.000000000000000000e+00
6.806126953125000000e+03 1.816500663757324219e+01 0.000000000000000000e+00
6.807692871093750000e+03 1.712081146240234375e+01 0.000000000000000000e+00
6.809262695312500000e+03 1.731354904174804688e+01 0.000000000000000000e+00
6.810829101562500000e+03 1.819550704956054688e+01 0.000000000000000000e+00
6.812395996093750000e+03 1.810909271240234375e+01 0.000000000000000000e+00
6.813966796875000000e+03 1.795741653442382812e+01 0.000000000000000000e+00
6.815534179687500000e+03 1.740873908996582031e+01 0.000000000000000000e+00
6.817105957031250000e+03 1.661956596374511719e+01 0.000000000000000000e+00
6.818674316406250000e+03 1.708960723876953125e+01 0.000000000000000000e+00
6.820246582031250000e+03 1.536704730987548828e+01 0.000000000000000000e+00
6.821815429687500000e+03 1.736173248291015625e+01 0.000000000000000000e+00
6.823384765625000000e+03 1.684572410583496094e+01 0.000000000000000000e+00
6.824958496093750000e+03 1.503232288360595703e+01 0.000000000000000000e+00
6.826528320312500000e+03 1.620228576660156250e+01 0.000000000000000000e+00
6.828102539062500000e+03 1.757858848571777344e+01 0.000000000000000000e+00
6.829673339843750000e+03 1.713556098937988281e+01 0.000000000000000000e+00
6.831248535156250000e+03 1.698079490661621094e+01 0.000000000000000000e+00
6.832819824218750000e+03 1.744984054565429688e+01 0.000000000000000000e+00
6.834391601562500000e+03 1.798012542724609375e+01 0.000000000000000000e+00
6.835967773437500000e+03 1.756599426269531250e+01 0.000000000000000000e+00
6.837540527343750000e+03 1.595570468902587891e+01 0.000000000000000000e+00
6.839117187500000000e+03 1.672010803222656250e+01 0.000000000000000000e+00
6.840690429687500000e+03 1.665448760986328125e+01 0.000000000000000000e+00
6.842268066406250000e+03 1.733610534667968750e+01 0.000000000000000000e+00
6.843841796875000000e+03 1.717660522460937500e+01 0.000000000000000000e+00
6.845416503906250000e+03 1.537320709228515625e+01 0.000000000000000000e+00
6.846994628906250000e+03 1.617985343933105469e+01 0.000000000000000000e+00
6.848569824218750000e+03 1.744157409667968750e+01 0.000000000000000000e+00
6.850149414062500000e+03 1.696106529235839844e+01 0.000000000000000000e+00
6.851725097656250000e+03 1.640491676330566406e+01 0.000000000000000000e+00
6.853305175781250000e+03 1.634994125366210938e+01 0.000000000000000000e+00
6.854881835937500000e+03 1.621595001220703125e+01 0.000000000000000000e+00
6.856458496093750000e+03 1.633468246459960938e+01 0.000000000000000000e+00
6.858039550781250000e+03 1.796605873107910156e+01 0.000000000000000000e+00
6.859617675781250000e+03 1.725672340393066406e+01 0.000000000000000000e+00
6.861199218750000000e+03 1.573558235168457031e+01 0.000000000000000000e+00
6.862777832031250000e+03 1.634245109558105469e+01 0.000000000000000000e+00
6.864360351562500000e+03 1.746235084533691406e+01 0.000000000000000000e+00
6.865939453125000000e+03 1.438836860656738281e+01 0.000000000000000000e+00
6.867519042968750000e+03 1.725077056884765625e+01 0.000000000000000000e+00
6.869102539062500000e+03 2.197989082336425781e+01 0.000000000000000000e+00
6.870682617187500000e+03 2.239253997802734375e+01 0.000000000000000000e+00
6.872267089843750000e+03 1.931016349792480469e+01 0.000000000000000000e+00
6.873848144531250000e+03 1.750600051879882812e+01 0.000000000000000000e+00
6.875433105468750000e+03 1.864103317260742188e+01 0.000000000000000000e+00
6.877014648437500000e+03 1.826646804809570312e+01 0.000000000000000000e+00
6.878600585937500000e+03 1.752548599243164062e+01 0.000000000000000000e+00
6.880183105468750000e+03 1.754478263854980469e+01 0.000000000000000000e+00
6.881765625000000000e+03 1.738305473327636719e+01 0.000000000000000000e+00
6.883352539062500000e+03 1.668079757690429688e+01 0.000000000000000000e+00
6.884936035156250000e+03 1.731820869445800781e+01 0.000000000000000000e+00
6.886523925781250000e+03 1.762639427185058594e+01 0.000000000000000000e+00
6.888107910156250000e+03 1.660781860351562500e+01 0.000000000000000000e+00
6.889696289062500000e+03 1.619587898254394531e+01 0.000000000000000000e+00
6.891281250000000000e+03 1.643745994567871094e+01 0.000000000000000000e+00
6.892866699218750000e+03 1.694402503967285156e+01 0.000000000000000000e+00
6.894456542968750000e+03 1.838924980163574219e+01 0.000000000000000000e+00
6.896042480468750000e+03 1.691151237487792969e+01 0.000000000000000000e+00
6.897632812500000000e+03 1.659393310546875000e+01 0.000000000000000000e+00
6.899219238281250000e+03 1.796672248840332031e+01 0.000000000000000000e+00
6.900810546875000000e+03 1.846107292175292969e+01 0.000000000000000000e+00
6.902397949218750000e+03 1.738224029541015625e+01 0.000000000000000000e+00
6.903985839843750000e+03 1.787395668029785156e+01 0.000000000000000000e+00
6.905577636718750000e+03 1.743463897705078125e+01 0.000000000000000000e+00
6.907166503906250000e+03 1.602660179138183594e+01 0.000000000000000000e+00
6.908759277343750000e+03 1.665620613098144531e+01 0.000000000000000000e+00
6.910348632812500000e+03 1.809542465209960938e+01 0.000000000000000000e+00
6.911941894531250000e+03 1.780152702331542969e+01 0.000000000000000000e+00
6.913532226562500000e+03 1.699709129333496094e+01 0.000000000000000000e+00
6.915122558593750000e+03 1.641619873046875000e+01 0.000000000000000000e+00
6.916717285156250000e+03 1.553248596191406250e+01 0.000000000000000000e+00
6.918308105468750000e+03 1.696009826660156250e+01 0.000000000000000000e+00
6.919903808593750000e+03 1.808842468261718750e+01 0.000000000000000000e+00
6.921495605468750000e+03 1.686172866821289062e+01 0.000000000000000000e+00
6.923091796875000000e+03 1.780713844299316406e+01 0.000000000000000000e+00
6.924684570312500000e+03 1.754282569885253906e+01 0.000000000000000000e+00
6.926277343750000000e+03 1.672914505004882812e+01 0.000000000000000000e+00
6.927874511718750000e+03 1.696706962585449219e+01 0.000000000000000000e+00
6.929468261718750000e+03 1.747803878784179688e+01 0.000000000000000000e+00
6.931066406250000000e+03 1.718999671936035156e+01 0.000000000000000000e+00
6.932660644531250000e+03 1.713413619995117188e+01 0.000000000000000000e+00
6.934259277343750000e+03 1.661366462707519531e+01 0.000000000000000000e+00
6.935854492187500000e+03 1.631481742858886719e+01 0.000000000000000000e+00
6.937450195312500000e+03 1.703219223022460938e+01 0.000000000000000000e+00
6.939049804687500000e+03 1.714851951599121094e+01 0.000000000000000000e+00
6.940645996093750000e+03 1.635072898864746094e+01 0.000000000000000000e+00
6.942246582031250000e+03 1.769510841369628906e+01 0.000000000000000000e+00
6.943843750000000000e+03 1.695240592956542969e+01 0.000000000000000000e+00
6.945444824218750000e+03 1.587062072753906250e+01 0.000000000000000000e+00
6.947042968750000000e+03 1.754001045227050781e+01 0.000000000000000000e+00
6.948641113281250000e+03 1.839148521423339844e+01 0.000000000000000000e+00
6.950243164062500000e+03 1.622241020202636719e+01 0.000000000000000000e+00
6.951842285156250000e+03 1.715616416931152344e+01 0.000000000000000000e+00
6.953445312500000000e+03 1.636974716186523438e+01 0.000000000000000000e+00
6.955044921875000000e+03 1.570205783843994141e+01 0.000000000000000000e+00
6.956648925781250000e+03 1.642065429687500000e+01 0.000000000000000000e+00
6.958249023437500000e+03 1.718316268920898438e+01 0.000000000000000000e+00
6.959849609375000000e+03 1.679565048217773438e+01 0.000000000000000000e+00
6.961454589843750000e+03 1.658716583251953125e+01 0.000000000000000000e+00
6.963056152343750000e+03 1.602510643005371094e+01 0.000000000000000000e+00
6.964662109375000000e+03 1.683367347717285156e+01 0.000000000000000000e+00
6.966264160156250000e+03 1.617732238769531250e+01 0.000000000000000000e+00
6.967870605468750000e+03 1.573531723022460938e+01 0.000000000000000000e+00
6.969473632812500000e+03 1.710903930664062500e+01 0.000000000000000000e+00
6.971076660156250000e+03 1.593810558319091797e+01 0.000000000000000000e+00
6.972684082031250000e+03 1.567694187164306641e+01 0.000000000000000000e+00
6.974288574218750000e+03 1.524597930908203125e+01 0.000000000000000000e+00
6.975896484375000000e+03 1.563721847534179688e+01 0.000000000000000000e+00
6.977501464843750000e+03 1.606490135192871094e+01 0.000000000000000000e+00
6.979110351562500000e+03 1.577294921875000000e+01 0.000000000000000000e+00
6.980715820312500000e+03 1.673583030700683594e+01 0.000000000000000000e+00
6.982321777343750000e+03 1.752252960205078125e+01 0.000000000000000000e+00
6.983932128906250000e+03 1.680621910095214844e+01 0.000000000000000000e+00
6.985538574218750000e+03 1.677642250061035156e+01 0.000000000000000000e+00
6.987149414062500000e+03 1.694648361206054688e+01 0.000000000000000000e+00
6.988756835937500000e+03 1.626164817810058594e+01 0.000000000000000000e+00
6.990368164062500000e+03 1.662574195861816406e+01 0.000000000000000000e+00
6.991976562500000000e+03 1.604345703125000000e+01 0.000000000000000000e+00
6.993584960937500000e+03 1.574158573150634766e+01 0.000000000000000000e+00
6.995197753906250000e+03 1.593519783020019531e+01 0.000000000000000000e+00
6.996807128906250000e+03 1.667544746398925781e+01 0.000000000000000000e+00
6.998420410156250000e+03 1.752005195617675781e+01 0.000000000000000000e+00
7.000030273437500000e+03 1.724751281738281250e+01 0.000000000000000000e+00
7.001644531250000000e+03 1.680086326599121094e+01 0.000000000000000000e+00
7.003255371093750000e+03 1.637669372558593750e+01 0.000000000000000000e+00
7.004870117187500000e+03 1.630600547790527344e+01 0.000000000000000000e+00
7.006481933593750000e+03 1.599170684814453125e+01 0.000000000000000000e+00
7.008093750000000000e+03 1.558763599395751953e+01 0.000000000000000000e+00
7.009709472656250000e+03 1.665856170654296875e+01 0.000000000000000000e+00
7.011322265625000000e+03 1.582940387725830078e+01 0.000000000000000000e+00
7.012938964843750000e+03 1.665086746215820312e+01 0.000000000000000000e+00
7.014552246093750000e+03 1.662762641906738281e+01 0.000000000000000000e+00
7.016169921875000000e+03 1.608798789978027344e+01 0.000000000000000000e+00
7.017783691406250000e+03 1.672042274475097656e+01 0.000000000000000000e+00
7.019398437500000000e+03 1.654644203186035156e+01 0.000000000000000000e+00
7.021017089843750000e+03 1.667919731140136719e+01 0.000000000000000000e+00
7.022632324218750000e+03 1.575301456451416016e+01 0.000000000000000000e+00
7.024251464843750000e+03 1.608726882934570312e+01 0.000000000000000000e+00
7.025867675781250000e+03 1.717629241943359375e+01 0.000000000000000000e+00
7.027487792968750000e+03 1.698993301391601562e+01 0.000000000000000000e+00
7.029104492187500000e+03 1.649043083190917969e+01 0.000000000000000000e+00
7.030721191406250000e+03 1.683190536499023438e+01 0.000000000000000000e+00
7.032342773437500000e+03 1.777918052673339844e+01 0.000000000000000000e+00
7.033960449218750000e+03 1.722938346862792969e+01 0.000000000000000000e+00
7.035582519531250000e+03 1.656947135925292969e+01 0.000000000000000000e+00
7.037200683593750000e+03 1.734204292297363281e+01 0.000000000000000000e+00
7.038823730468750000e+03 1.679851341247558594e+01 0.000000000000000000e+00
7.040442871093750000e+03 1.676776313781738281e+01 0.000000000000000000e+00
7.042062500000000000e+03 1.698731422424316406e+01 0.000000000000000000e+00
7.043686523437500000e+03 1.691500854492187500e+01 0.000000000000000000e+00
7.045306640625000000e+03 1.649724769592285156e+01 0.000000000000000000e+00
7.046931640625000000e+03 1.623796081542968750e+01 0.000000000000000000e+00
7.048552734375000000e+03 1.674625396728515625e+01 0.000000000000000000e+00
7.050178222656250000e+03 1.734580802917480469e+01 0.000000000000000000e+00
7.051799804687500000e+03 1.660387420654296875e+01 0.000000000000000000e+00
7.053422363281250000e+03 1.650139808654785156e+01 0.000000000000000000e+00
7.055048828125000000e+03 1.644093704223632812e+01 0.000000000000000000e+00
7.056671875000000000e+03 1.548355674743652344e+01 0.000000000000000000e+00
7.058298828125000000e+03 1.626806068420410156e+01 0.000000000000000000e+00
7.059922851562500000e+03 1.669630432128906250e+01 0.000000000000000000e+00
7.061550781250000000e+03 1.771221733093261719e+01 0.000000000000000000e+00
7.063175292968750000e+03 1.736798858642578125e+01 0.000000000000000000e+00
7.064799804687500000e+03 1.641147804260253906e+01 0.000000000000000000e+00
7.066429199218750000e+03 1.670324516296386719e+01 0.000000000000000000e+00
7.068054687500000000e+03 1.676252555847167969e+01 0.000000000000000000e+00
7.069684570312500000e+03 1.585804557800292969e+01 0.000000000000000000e+00
7.071311035156250000e+03 1.579376316070556641e+01 0.000000000000000000e+00
7.072941894531250000e+03 1.592590808868408203e+01 0.000000000000000000e+00
7.074568847656250000e+03 1.614940261840820312e+01 0.000000000000000000e+00
7.076196289062500000e+03 1.665630149841308594e+01 0.000000000000000000e+00
7.077828125000000000e+03 1.646109390258789062e+01 0.000000000000000000e+00
7.079456054687500000e+03 1.618886375427246094e+01 0.000000000000000000e+00
7.081088867187500000e+03 1.534336185455322266e+01 0.000000000000000000e+00
7.082717773437500000e+03 1.665135765075683594e+01 0.000000000000000000e+00
7.084351074218750000e+03 1.758719635009765625e+01 0.000000000000000000e+00
7.085980957031250000e+03 1.581483936309814453e+01 0.000000000000000000e+00
7.087610839843750000e+03 1.655643653869628906e+01 0.000000000000000000e+00
7.089245117187500000e+03 1.536893367767333984e+01 0.000000000000000000e+00
7.090875976562500000e+03 1.583926963806152344e+01 0.000000000000000000e+00
7.092511230468750000e+03 1.606188964843750000e+01 0.000000000000000000e+00
7.094143066406250000e+03 1.596404457092285156e+01 0.000000000000000000e+00
7.095778808593750000e+03 1.645823478698730469e+01 0.000000000000000000e+00
7.097411132812500000e+03 1.549344635009765625e+01 0.000000000000000000e+00
7.099043945312500000e+03 1.600996780395507812e+01 0.000000000000000000e+00
7.100681152343750000e+03 1.578632068634033203e+01 0.000000000000000000e+00
7.102314453125000000e+03 1.589387130737304688e+01 0.000000000000000000e+00
7.103952148437500000e+03 1.652332115173339844e+01 0.000000000000000000e+00
7.105586425781250000e+03 1.662464332580566406e+01 0.000000000000000000e+00
7.107225097656250000e+03 1.627847671508789062e+01 0.000000000000000000e+00
7.108859863281250000e+03 1.606299781799316406e+01 0.000000000000000000e+00
7.110495605468750000e+03 1.582192993164062500e+01 0.000000000000000000e+00
7.112135253906250000e+03 1.604084587097167969e+01 0.000000000000000000e+00
7.113771484375000000e+03 1.698972129821777344e+01 0.000000000000000000e+00
7.115411621093750000e+03 1.763308906555175781e+01 0.000000000000000000e+00
7.117048339843750000e+03 1.640513229370117188e+01 0.000000000000000000e+00
7.118689941406250000e+03 1.692253303527832031e+01 0.000000000000000000e+00
7.120327148437500000e+03 1.622941017150878906e+01 0.000000000000000000e+00
7.121965332031250000e+03 1.565538024902343750e+01 0.000000000000000000e+00
7.123607910156250000e+03 1.580473232269287109e+01 0.000000000000000000e+00
7.125246582031250000e+03 1.608085823059082031e+01 0.000000000000000000e+00
7.126889648437500000e+03 1.684633255004882812e+01 0.000000000000000000e+00
7.128529296875000000e+03 1.624305915832519531e+01 0.000000000000000000e+00
7.130172851562500000e+03 1.503855323791503906e+01 0.000000000000000000e+00
7.131812988281250000e+03 1.611022186279296875e+01 0.000000000000000000e+00
7.133458007812500000e+03 1.757960700988769531e+01 0.000000000000000000e+00
7.135098632812500000e+03 1.665242767333984375e+01 0.000000000000000000e+00
7.136740234375000000e+03 1.642060852050781250e+01 0.000000000000000000e+00
7.138385742187500000e+03 1.618278121948242188e+01 0.000000000000000000e+00
7.140028320312500000e+03 1.580687236785888672e+01 0.000000000000000000e+00
7.141674804687500000e+03 1.634792518615722656e+01 0.000000000000000000e+00
7.143317382812500000e+03 1.629907989501953125e+01 0.000000000000000000e+00
7.144964843750000000e+03 1.517962837219238281e+01 0.000000000000000000e+00
7.146608398437500000e+03 1.699309349060058594e+01 0.000000000000000000e+00
7.148252441406250000e+03 1.619915580749511719e+01 0.000000000000000000e+00
7.149900878906250000e+03 1.694250106811523438e+01 0.000000000000000000e+00
7.151545898437500000e+03 1.640951156616210938e+01 0.000000000000000000e+00
7.153194824218750000e+03 1.499563217163085938e+01 0.000000000000000000e+00
7.154840332031250000e+03 1.591869258880615234e+01 0.000000000000000000e+00
7.156490234375000000e+03 1.758721542358398438e+01 0.000000000000000000e+00
7.158136718750000000e+03 1.660176467895507812e+01 0.000000000000000000e+00
7.159783203125000000e+03 1.618187522888183594e+01 0.000000000000000000e+00
7.161434570312500000e+03 1.587033271789550781e+01 0.000000000000000000e+00
7.163082031250000000e+03 1.570057487487792969e+01 0.000000000000000000e+00
7.164733886718750000e+03 1.635517311096191406e+01 0.000000000000000000e+00
7.166381835937500000e+03 1.667211723327636719e+01 0.000000000000000000e+00
7.168034667968750000e+03 1.672553062438964844e+01 0.000000000000000000e+00
7.169683593750000000e+03 1.548376369476318359e+01 0.000000000000000000e+00
7.171333007812500000e+03 1.636391639709472656e+01 0.000000000000000000e+00
7.172986328125000000e+03 1.746473884582519531e+01 0.000000000000000000e+00
7.174636718750000000e+03 1.580203437805175781e+01 0.000000000000000000e+00
7.176291015625000000e+03 1.622539329528808594e+01 0.000000000000000000e+00
7.177941894531250000e+03 1.680896759033203125e+01 0.000000000000000000e+00
7.179597167968750000e+03 1.714166259765625000e+01 0.000000000000000000e+00
7.181249023437500000e+03 1.744106674194335938e+01 0.000000000000000000e+00
7.182900878906250000e+03 1.705362510681152344e+01 0.000000000000000000e+00
7.184557128906250000e+03 1.593667125701904297e+01 0.000000000000000000e+00
7.186209960937500000e+03 1.621982002258300781e+01 0.000000000000000000e+00
7.187867187500000000e+03 1.648528099060058594e+01 0.000000000000000000e+00
7.189520996093750000e+03 1.521133708953857422e+01 0.000000000000000000e+00
7.191178710937500000e+03 1.581843280792236328e+01 0.000000000000000000e+00
7.192833007812500000e+03 1.707213020324707031e+01 0.000000000000000000e+00
7.194487792968750000e+03 1.593317794799804688e+01 0.000000000000000000e+00
7.196146972656250000e+03 1.586407852172851562e+01 0.000000000000000000e+00
7.197802246093750000e+03 1.702137756347656250e+01 0.000000000000000000e+00
7.199461914062500000e+03 1.593273162841796875e+01 0.000000000000000000e+00
7.201118164062500000e+03 1.563724803924560547e+01 0.000000000000000000e+00
7.202778808593750000e+03 1.690705108642578125e+01 0.000000000000000000e+00
7.204435546875000000e+03 1.719369697570800781e+01 0.000000000000000000e+00
7.206093261718750000e+03 1.619846916198730469e+01 0.000000000000000000e+00
7.207754882812500000e+03 1.760310173034667969e+01 0.000000000000000000e+00
7.209413085937500000e+03 1.645095252990722656e+01 0.000000000000000000e+00
7.211075683593750000e+03 1.644148063659667969e+01 0.000000000000000000e+00
7.212734375000000000e+03 1.748046684265136719e+01 0.000000000000000000e+00
7.214397460937500000e+03 1.627491188049316406e+01 0.000000000000000000e+00
7.216057128906250000e+03 1.552160644531250000e+01 0.000000000000000000e+00
7.217717285156250000e+03 1.676025581359863281e+01 0.000000000000000000e+00
7.219381835937500000e+03 1.687657737731933594e+01 0.000000000000000000e+00
7.221042480468750000e+03 1.698676872253417969e+01 0.000000000000000000e+00
7.222707519531250000e+03 1.713636779785156250e+01 0.000000000000000000e+00
7.224369140625000000e+03 1.655378341674804688e+01 0.000000000000000000e+00
7.226035156250000000e+03 1.701570701599121094e+01 0.000000000000000000e+00
7.227697265625000000e+03 1.716777038574218750e+01 0.000000000000000000e+00
7.229360351562500000e+03 1.774207496643066406e+01 0.000000000000000000e+00
7.231027343750000000e+03 1.701774406433105469e+01 0.000000000000000000e+00
7.232690917968750000e+03 1.559581947326660156e+01 0.000000000000000000e+00
7.234358398437500000e+03 1.580047130584716797e+01 0.000000000000000000e+00
7.236022949218750000e+03 1.708062171936035156e+01 0.000000000000000000e+00
7.237691406250000000e+03 1.679571342468261719e+01 0.000000000000000000e+00
7.239356445312500000e+03 1.742474937438964844e+01 0.000000000000000000e+00
7.241021972656250000e+03 1.708946990966796875e+01 0.000000000000000000e+00
7.242691894531250000e+03 1.577810001373291016e+01 0.000000000000000000e+00
7.244357910156250000e+03 1.570056724548339844e+01 0.000000000000000000e+00
7.246028320312500000e+03 1.654656791687011719e+01 0.000000000000000000e+00
7.247695312500000000e+03 1.607966232299804688e+01 0.000000000000000000e+00
7.249366699218750000e+03 1.546652412414550781e+01 0.000000000000000000e+00
7.251034179687500000e+03 1.707986068725585938e+01 0.000000000000000000e+00
7.252702636718750000e+03 1.822195816040039062e+01 0.000000000000000000e+00
7.254375000000000000e+03 1.608637619018554688e+01 0.000000000000000000e+00
7.256043945312500000e+03 1.615205764770507812e+01 0.000000000000000000e+00
7.257716796875000000e+03 1.769048309326171875e+01 0.000000000000000000e+00
7.259386718750000000e+03 1.759699058532714844e+01 0.000000000000000000e+00
7.261060546875000000e+03 1.615328788757324219e+01 0.000000000000000000e+00
7.262730957031250000e+03 1.627643966674804688e+01 0.000000000000000000e+00
7.264405761718750000e+03 1.852860260009765625e+01 0.000000000000000000e+00
7.266077148437500000e+03 1.758559226989746094e+01 0.000000000000000000e+00
7.267748535156250000e+03 1.622134017944335938e+01 0.000000000000000000e+00
7.269424316406250000e+03 1.678063583374023438e+01 0.000000000000000000e+00
7.271096679687500000e+03 1.734807968139648438e+01 0.000000000000000000e+00
7.272773437500000000e+03 1.623424720764160156e+01 0.000000000000000000e+00
7.274446289062500000e+03 1.539055252075195312e+01 0.000000000000000000e+00
7.276124023437500000e+03 1.893050765991210938e+01 0.000000000000000000e+00
7.277797851562500000e+03 1.942561340332031250e+01 0.000000000000000000e+00
7.279472167968750000e+03 1.699096679687500000e+01 0.000000000000000000e+00
7.281150878906250000e+03 1.574237728118896484e+01 0.000000000000000000e+00
7.282825683593750000e+03 1.636318016052246094e+01 0.000000000000000000e+00
7.284505371093750000e+03 1.698773956298828125e+01 0.000000000000000000e+00
7.286181152343750000e+03 1.776827430725097656e+01 0.000000000000000000e+00
7.287861328125000000e+03 1.636979103088378906e+01 0.000000000000000000e+00
7.289537597656250000e+03 1.718073844909667969e+01 0.000000000000000000e+00
7.291214843750000000e+03 1.686572456359863281e+01 0.000000000000000000e+00
7.292895996093750000e+03 1.543570613861083984e+01 0.000000000000000000e+00
7.294573730468750000e+03 1.626727867126464844e+01 0.000000000000000000e+00
7.296255859375000000e+03 1.735735511779785156e+01 0.000000000000000000e+00
7.297934082031250000e+03 1.668516349792480469e+01 0.000000000000000000e+00
7.299617187500000000e+03 1.616643142700195312e+01 0.000000000000000000e+00
7.301296386718750000e+03 1.702599525451660156e+01 0.000000000000000000e+00
7.302976074218750000e+03 1.748787307739257812e+01 0.000000000000000000e+00
7.304660156250000000e+03 1.627488517761230469e+01 0.000000000000000000e+00
7.306340820312500000e+03 1.690056419372558594e+01 0.000000000000000000e+00
7.308025390625000000e+03 1.706491661071777344e+01 0.000000000000000000e+00
7.309706542968750000e+03 1.708889389038085938e+01 0.000000000000000000e+00
7.311392089843750000e+03 1.696010017395019531e+01 0.000000000000000000e+00
7.313074218750000000e+03 1.671953201293945312e+01 0.000000000000000000e+00
7.314756347656250000e+03 1.752699661254882812e+01 0.000000000000000000e+00
7.316443359375000000e+03 2.012169265747070312e+01 0.000000000000000000e+00
7.318126464843750000e+03 1.629969978332519531e+01 0.000000000000000000e+00
7.319813964843750000e+03 1.548252964019775391e+01 0.000000000000000000e+00
7.321498046875000000e+03 1.719390296936035156e+01 0.000000000000000000e+00
7.323186035156250000e+03 1.774949645996093750e+01 0.000000000000000000e+00
7.324871093750000000e+03 1.700208473205566406e+01 0.000000000000000000e+00
7.326556152343750000e+03 1.808395195007324219e+01 0.000000000000000000e+00
7.328245605468750000e+03 1.715975761413574219e+01 0.000000000000000000e+00
7.329931152343750000e+03 1.629633903503417969e+01 0.000000000000000000e+00
7.331621582031250000e+03 1.651955223083496094e+01 0.000000000000000000e+00
7.333308105468750000e+03 1.675681114196777344e+01 0.000000000000000000e+00
7.334999511718750000e+03 1.613232231140136719e+01 0.000000000000000000e+00
7.336686523437500000e+03 1.632481765747070312e+01 0.000000000000000000e+00
7.338374511718750000e+03 1.647240829467773438e+01 0.000000000000000000e+00
7.340066894531250000e+03 1.852122879028320312e+01 0.000000000000000000e+00
7.341755371093750000e+03 1.909566688537597656e+01 0.000000000000000000e+00
7.343448242187500000e+03 1.667948913574218750e+01 0.000000000000000000e+00
7.345137695312500000e+03 1.487870597839355469e+01 0.000000000000000000e+00
7.346831542968750000e+03 1.781360626220703125e+01 0.000000000000000000e+00
7.348521484375000000e+03 1.673365592956542969e+01 0.000000000000000000e+00
7.350211914062500000e+03 1.711990356445312500e+01 0.000000000000000000e+00
7.351906738281250000e+03 1.745085144042968750e+01 0.000000000000000000e+00
7.353598144531250000e+03 1.703896331787109375e+01 0.000000000000000000e+00
7.355293945312500000e+03 1.727770614624023438e+01 0.000000000000000000e+00
7.356985839843750000e+03 1.621359062194824219e+01 0.000000000000000000e+00
7.358682617187500000e+03 1.659364318847656250e+01 0.000000000000000000e+00
7.360375488281250000e+03 1.820978736877441406e+01 0.000000000000000000e+00
7.362068847656250000e+03 1.746786689758300781e+01 0.000000000000000000e+00
7.363766601562500000e+03 1.641577148437500000e+01 0.000000000000000000e+00
7.365460449218750000e+03 1.822706031799316406e+01 0.000000000000000000e+00
7.367158691406250000e+03 1.730360221862792969e+01 0.000000000000000000e+00
7.368853515625000000e+03 1.993828201293945312e+01 0.000000000000000000e+00
7.370552734375000000e+03 1.893177604675292969e+01 0.000000000000000000e+00
7.372248535156250000e+03 1.666651916503906250e+01 0.000000000000000000e+00
7.373944335937500000e+03 1.672956085205078125e+01 0.000000000000000000e+00
7.375645019531250000e+03 1.802042007446289062e+01 0.000000000000000000e+00
7.377341796875000000e+03 1.708925628662109375e+01 0.000000000000000000e+00
7.379042968750000000e+03 1.746596527099609375e+01 0.000000000000000000e+00
7.380740234375000000e+03 1.855484580993652344e+01 0.000000000000000000e+00
7.382442382812500000e+03 1.795028305053710938e+01 0.000000000000000000e+00
7.384140625000000000e+03 1.717032432556152344e+01 0.000000000000000000e+00
7.385839355468750000e+03 1.843502616882324219e+01 0.000000000000000000e+00
7.387542480468750000e+03 1.768152046203613281e+01 0.000000000000000000e+00
7.389242187500000000e+03 1.741125488281250000e+01 0.000000000000000000e+00
7.390945800781250000e+03 1.814400672912597656e+01 0.000000000000000000e+00
7.392646484375000000e+03 1.852928161621093750e+01 0.000000000000000000e+00
7.394351074218750000e+03 1.775894737243652344e+01 0.000000000000000000e+00
7.396052246093750000e+03 1.672460556030273438e+01 0.000000000000000000e+00
7.397757324218750000e+03 1.711996841430664062e+01 0.000000000000000000e+00
7.399459472656250000e+03 1.679762649536132812e+01 0.000000000000000000e+00
7.401161621093750000e+03 1.724641799926757812e+01 0.000000000000000000e+00
7.402868164062500000e+03 1.731630134582519531e+01 0.000000000000000000e+00
7.404571289062500000e+03 1.675925445556640625e+01 0.000000000000000000e+00
7.406278808593750000e+03 1.687884140014648438e+01 0.000000000000000000e+00
7.407982421875000000e+03 1.757543182373046875e+01 0.000000000000000000e+00
7.409690917968750000e+03 1.767133522033691406e+01 0.000000000000000000e+00
7.411395507812500000e+03 1.766632843017578125e+01 0.000000000000000000e+00
7.413100585937500000e+03 1.783168792724609375e+01 0.000000000000000000e+00
7.414810058593750000e+03 1.805880546569824219e+01 0.000000000000000000e+00
7.416515625000000000e+03 1.804870414733886719e+01 0.000000000000000000e+00
7.418226074218750000e+03 1.748480415344238281e+01 0.000000000000000000e+00
7.419932617187500000e+03 1.644943046569824219e+01 0.000000000000000000e+00
7.421643554687500000e+03 1.733762741088867188e+01 0.000000000000000000e+00
7.423350585937500000e+03 1.721294975280761719e+01 0.000000000000000000e+00
7.425058593750000000e+03 1.609800338745117188e+01 0.000000000000000000e+00
7.426770507812500000e+03 1.717761993408203125e+01 0.000000000000000000e+00
7.428479492187500000e+03 1.887780761718750000e+01 0.000000000000000000e+00
7.430192382812500000e+03 1.709747314453125000e+01 0.000000000000000000e+00
7.431901367187500000e+03 1.569364833831787109e+01 0.000000000000000000e+00
7.433615234375000000e+03 1.594335365295410156e+01 0.000000000000000000e+00
7.435325683593750000e+03 1.659465980529785156e+01 0.000000000000000000e+00
7.437036132812500000e+03 1.674311447143554688e+01 0.000000000000000000e+00
7.438750976562500000e+03 1.772088623046875000e+01 0.000000000000000000e+00
7.440462402343750000e+03 1.719490051269531250e+01 0.000000000000000000e+00
7.442177734375000000e+03 1.601525878906250000e+01 0.000000000000000000e+00
7.443890136718750000e+03 1.606901741027832031e+01 0.000000000000000000e+00
7.445606445312500000e+03 1.734684371948242188e+01 0.000000000000000000e+00
7.447319335937500000e+03 1.757455062866210938e+01 0.000000000000000000e+00
7.449032714843750000e+03 1.543396472930908203e+01 0.000000000000000000e+00
7.450750488281250000e+03 1.717402648925781250e+01 0.000000000000000000e+00
7.452464355468750000e+03 1.680358123779296875e+01 0.000000000000000000e+00
7.454183105468750000e+03 1.659216117858886719e+01 0.000000000000000000e+00
7.455897949218750000e+03 1.699636840820312500e+01 0.000000000000000000e+00
7.457617187500000000e+03 1.577240180969238281e+01 0.000000000000000000e+00
7.459332519531250000e+03 1.667996597290039062e+01 0.000000000000000000e+00
7.461048828125000000e+03 1.669341659545898438e+01 0.000000000000000000e+00
7.462769042968750000e+03 1.724827384948730469e+01 0.000000000000000000e+00
7.464485839843750000e+03 1.691192436218261719e+01 0.000000000000000000e+00
7.466207031250000000e+03 1.642188644409179688e+01 0.000000000000000000e+00
7.467924804687500000e+03 1.745801544189453125e+01 0.000000000000000000e+00
7.469646972656250000e+03 1.672302436828613281e+01 0.000000000000000000e+00
7.471365234375000000e+03 1.744098854064941406e+01 0.000000000000000000e+00
7.473083984375000000e+03 1.581880283355712891e+01 0.000000000000000000e+00
7.474807617187500000e+03 1.585887050628662109e+01 0.000000000000000000e+00
7.476526855468750000e+03 1.714669418334960938e+01 0.000000000000000000e+00
7.478250976562500000e+03 1.572745513916015625e+01 0.000000000000000000e+00
7.479971191406250000e+03 1.674446678161621094e+01 0.000000000000000000e+00
7.481696289062500000e+03 1.810424804687500000e+01 0.000000000000000000e+00
7.483417480468750000e+03 1.636653327941894531e+01 0.000000000000000000e+00
7.485139160156250000e+03 1.533338356018066406e+01 0.000000000000000000e+00
7.486865234375000000e+03 1.585987281799316406e+01 0.000000000000000000e+00
7.488587402343750000e+03 1.555059242248535156e+01 0.000000000000000000e+00
7.490313964843750000e+03 1.683045768737792969e+01 0.000000000000000000e+00
7.492037109375000000e+03 1.554286670684814453e+01 0.000000000000000000e+00
7.493765136718750000e+03 1.582635402679443359e+01 0.000000000000000000e+00
7.495488769531250000e+03 1.651837730407714844e+01 0.000000000000000000e+00
7.497213378906250000e+03 1.597256946563720703e+01 0.000000000000000000e+00
7.498941894531250000e+03 1.517506027221679688e+01 0.000000000000000000e+00
7.500666992187500000e+03 1.552738094329833984e+01 0.000000000000000000e+00
7.502396972656250000e+03 1.587434101104736328e+01 0.000000000000000000e+00
7.504122558593750000e+03 1.627064704895019531e+01 0.000000000000000000e+00
7.505853027343750000e+03 1.700187683105468750e+01 0.000000000000000000e+00
7.507580078125000000e+03 1.714074134826660156e+01 0.000000000000000000e+00
7.509307128906250000e+03 1.629525756835937500e+01 0.000000000000000000e+00
7.511038574218750000e+03 1.715020942687988281e+01 0.000000000000000000e+00
7.512766601562500000e+03 1.637840080261230469e+01 0.000000000000000000e+00
7.514499023437500000e+03 1.680261421203613281e+01 0.000000000000000000e+00
7.516227539062500000e+03 1.711609077453613281e+01 0.000000000000000000e+00
7.517960937500000000e+03 1.638839721679687500e+01 0.000000000000000000e+00
7.519690429687500000e+03 1.584738159179687500e+01 0.000000000000000000e+00
7.521420410156250000e+03 1.577181148529052734e+01 0.000000000000000000e+00
7.523154785156250000e+03 1.644907188415527344e+01 0.000000000000000000e+00
7.524885253906250000e+03 1.678635215759277344e+01 0.000000000000000000e+00
7.526620605468750000e+03 1.688551330566406250e+01 0.000000000000000000e+00
7.528352050781250000e+03 1.644265937805175781e+01 0.000000000000000000e+00
7.530088378906250000e+03 1.570198726654052734e+01 0.000000000000000000e+00
7.531820312500000000e+03 1.731099891662597656e+01 0.000000000000000000e+00
7.533557128906250000e+03 1.662673377990722656e+01 0.000000000000000000e+00
7.535290527343750000e+03 1.552349472045898438e+01 0.000000000000000000e+00
7.537023925781250000e+03 1.602321243286132812e+01 0.000000000000000000e+00
7.538761718750000000e+03 1.704498291015625000e+01 0.000000000000000000e+00
7.540496093750000000e+03 1.655514717102050781e+01 0.000000000000000000e+00
7.542234863281250000e+03 1.640722274780273438e+01 0.000000000000000000e+00
7.543970214843750000e+03 1.629299736022949219e+01 0.000000000000000000e+00
7.545709472656250000e+03 1.617486381530761719e+01 0.000000000000000000e+00
7.547445312500000000e+03 1.609162712097167969e+01 0.000000000000000000e+00
7.549181640625000000e+03 1.636754608154296875e+01 0.000000000000000000e+00
7.550922851562500000e+03 1.674199867248535156e+01 0.000000000000000000e+00
7.552659667968750000e+03 1.564505767822265625e+01 0.000000000000000000e+00
7.554401367187500000e+03 1.612086868286132812e+01 0.000000000000000000e+00
7.556139160156250000e+03 1.781670188903808594e+01 0.000000000000000000e+00
7.557881835937500000e+03 1.830177879333496094e+01 0.000000000000000000e+00
7.559620117187500000e+03 1.772516250610351562e+01 0.000000000000000000e+00
7.561359375000000000e+03 1.763867950439453125e+01 0.000000000000000000e+00
7.563103027343750000e+03 1.603395080566406250e+01 0.000000000000000000e+00
7.564842773437500000e+03 1.593343830108642578e+01 0.000000000000000000e+00
7.566587402343750000e+03 1.626972579956054688e+01 0.000000000000000000e+00
7.568328125000000000e+03 1.638365554809570312e+01 0.000000000000000000e+00
7.570073242187500000e+03 1.627606391906738281e+01 0.000000000000000000e+00
7.571814941406250000e+03 1.602867126464843750e+01 0.000000000000000000e+00
7.573556640625000000e+03 1.582062149047851562e+01 0.000000000000000000e+00
7.575303222656250000e+03 1.676953887939453125e+01 0.000000000000000000e+00
7.577045898437500000e+03 1.669832038879394531e+01 0.000000000000000000e+00
7.578792968750000000e+03 1.599104499816894531e+01 0.000000000000000000e+00
7.580536621093750000e+03 1.568336296081542969e+01 0.000000000000000000e+00
7.582284667968750000e+03 1.630655670166015625e+01 0.000000000000000000e+00
7.584028808593750000e+03 1.799635696411132812e+01 0.000000000000000000e+00
7.585773437500000000e+03 1.656750679016113281e+01 0.000000000000000000e+00
7.587522949218750000e+03 1.637874984741210938e+01 0.000000000000000000e+00
7.589268554687500000e+03 1.622007560729980469e+01 0.000000000000000000e+00
7.591018554687500000e+03 1.587235069274902344e+01 0.000000000000000000e+00
7.592764648437500000e+03 1.683427810668945312e+01 0.000000000000000000e+00
7.594515625000000000e+03 1.551367759704589844e+01 0.000000000000000000e+00
7.596262695312500000e+03 1.565607357025146484e+01 0.000000000000000000e+00
7.598010253906250000e+03 1.606611442565917969e+01 0.000000000000000000e+00
7.599762207031250000e+03 1.647923851013183594e+01 0.000000000000000000e+00
7.601510742187500000e+03 1.685304450988769531e+01 0.000000000000000000e+00
7.603263671875000000e+03 1.665047645568847656e+01 0.000000000000000000e+00
7.605012695312500000e+03 1.582564926147460938e+01 0.000000000000000000e+00
7.606766113281250000e+03 1.465218448638916016e+01 0.000000000000000000e+00
7.608516113281250000e+03 1.675148773193359375e+01 0.000000000000000000e+00
7.610266601562500000e+03 1.804413604736328125e+01 0.000000000000000000e+00
7.612021484375000000e+03 1.643495178222656250e+01 0.000000000000000000e+00
7.613772460937500000e+03 1.534330844879150391e+01 0.000000000000000000e+00
7.615528320312500000e+03 1.627129936218261719e+01 0.000000000000000000e+00
7.617280273437500000e+03 1.521564579010009766e+01 0.000000000000000000e+00
7.619036621093750000e+03 1.660101699829101562e+01 0.000000000000000000e+00
7.620789550781250000e+03 1.766295814514160156e+01 0.000000000000000000e+00
7.622542480468750000e+03 1.660118484497070312e+01 0.000000000000000000e+00
7.624300292968750000e+03 1.593774509429931641e+01 0.000000000000000000e+00
7.626054199218750000e+03 1.603281402587890625e+01 0.000000000000000000e+00
7.627812988281250000e+03 1.607412528991699219e+01 0.000000000000000000e+00
7.629567871093750000e+03 1.538276004791259766e+01 0.000000000000000000e+00
7.631327148437500000e+03 1.579068088531494141e+01 0.000000000000000000e+00
7.633082519531250000e+03 1.711215972900390625e+01 0.000000000000000000e+00
7.634838867187500000e+03 1.693687438964843750e+01 0.000000000000000000e+00
7.636599121093750000e+03 1.594799613952636719e+01 0.000000000000000000e+00
7.638355957031250000e+03 1.608286476135253906e+01 0.000000000000000000e+00
7.640117187500000000e+03 1.565460300445556641e+01 0.000000000000000000e+00
7.641875000000000000e+03 1.664505386352539062e+01 0.000000000000000000e+00
7.643637207031250000e+03 1.800228118896484375e+01 0.000000000000000000e+00
7.645395507812500000e+03 1.658616447448730469e+01 0.000000000000000000e+00
7.647154296875000000e+03 1.656967544555664062e+01 0.000000000000000000e+00
7.648917968750000000e+03 1.538401603698730469e+01 0.000000000000000000e+00
7.650677246093750000e+03 1.567916774749755859e+01 0.000000000000000000e+00
7.652441894531250000e+03 1.698857688903808594e+01 0.000000000000000000e+00
7.654202148437500000e+03 1.742127799987792969e+01 0.000000000000000000e+00
7.655967285156250000e+03 1.698203277587890625e+01 0.000000000000000000e+00
7.657728515625000000e+03 1.812519073486328125e+01 0.000000000000000000e+00
7.659490234375000000e+03 1.613193702697753906e+01 0.000000000000000000e+00
7.661256347656250000e+03 1.743593978881835938e+01 0.000000000000000000e+00
7.663018554687500000e+03 1.891173553466796875e+01 0.000000000000000000e+00
7.664785644531250000e+03 1.806546401977539062e+01 0.000000000000000000e+00
7.666549316406250000e+03 1.731761741638183594e+01 0.000000000000000000e+00
7.668316894531250000e+03 1.609185218811035156e+01 0.000000000000000000e+00
7.670081054687500000e+03 1.784481620788574219e+01 0.000000000000000000e+00
7.671849609375000000e+03 1.779491233825683594e+01 0.000000000000000000e+00
7.673614746093750000e+03 1.736687278747558594e+01 0.000000000000000000e+00
7.675379882812500000e+03 1.777408027648925781e+01 0.000000000000000000e+00
7.677149902343750000e+03 1.716074943542480469e+01 0.000000000000000000e+00
7.678916015625000000e+03 1.644212150573730469e+01 0.000000000000000000e+00
7.680687011718750000e+03 1.728351974487304688e+01 0.000000000000000000e+00
7.682453613281250000e+03 1.818552970886230469e+01 0.000000000000000000e+00
7.684225097656250000e+03 1.716324424743652344e+01 0.000000000000000000e+00
7.685993164062500000e+03 1.617337608337402344e+01 0.000000000000000000e+00
7.687761230468750000e+03 1.791270065307617188e+01 0.000000000000000000e+00
7.689534179687500000e+03 1.703679656982421875e+01 0.000000000000000000e+00
7.691302734375000000e+03 1.651937675476074219e+01 0.000000000000000000e+00
7.693076660156250000e+03 1.751982307434082031e+01 0.000000000000000000e+00
7.694846191406250000e+03 1.853477096557617188e+01 0.000000000000000000e+00
7.696620605468750000e+03 1.807525825500488281e+01 0.000000000000000000e+00
7.698391113281250000e+03 1.663747978210449219e+01 0.000000000000000000e+00
7.700162109375000000e+03 1.682248306274414062e+01 0.000000000000000000e+00
7.701937988281250000e+03 1.844952201843261719e+01 0.000000000000000000e+00
7.703709960937500000e+03 1.792562675476074219e+01 0.000000000000000000e+00
7.705486328125000000e+03 1.702989387512207031e+01 0.000000000000000000e+00
7.707258789062500000e+03 1.708377265930175781e+01 0.000000000000000000e+00
7.709036132812500000e+03 1.663611984252929688e+01 0.000000000000000000e+00
7.710809570312500000e+03 1.630091476440429688e+01 0.000000000000000000e+00
7.712583496093750000e+03 1.715716361999511719e+01 0.000000000000000000e+00
7.714361816406250000e+03 1.764010047912597656e+01 0.000000000000000000e+00
7.716136718750000000e+03 1.620593261718750000e+01 0.000000000000000000e+00
7.717916015625000000e+03 1.526004028320312500e+01 0.000000000000000000e+00
7.719691406250000000e+03 1.739743995666503906e+01 0.000000000000000000e+00
7.721471679687500000e+03 1.609839820861816406e+01 0.000000000000000000e+00
7.723248046875000000e+03 1.526602077484130859e+01 0.000000000000000000e+00
7.725024902343750000e+03 1.619392967224121094e+01 0.000000000000000000e+00
7.726806152343750000e+03 1.755723571777343750e+01 0.000000000000000000e+00
7.728583496093750000e+03 1.766574096679687500e+01 0.000000000000000000e+00
7.730365722656250000e+03 1.670983505249023438e+01 0.000000000000000000e+00
7.732144042968750000e+03 1.761321830749511719e+01 0.000000000000000000e+00
7.733927246093750000e+03 1.738802528381347656e+01 0.000000000000000000e+00
7.735706542968750000e+03 1.679002189636230469e+01 0.000000000000000000e+00
7.737485839843750000e+03 1.663892936706542969e+01 0.000000000000000000e+00
7.739270019531250000e+03 1.701975059509277344e+01 0.000000000000000000e+00
7.741050781250000000e+03 1.725797843933105469e+01 0.000000000000000000e+00
7.742835449218750000e+03 1.643511772155761719e+01 0.000000000000000000e+00
7.744616699218750000e+03 1.753746032714843750e+01 0.000000000000000000e+00
7.746402832031250000e+03 1.713091278076171875e+01 0.000000000000000000e+00
7.748185058593750000e+03 1.613577461242675781e+01 0.000000000000000000e+00
7.749967285156250000e+03 1.693000030517578125e+01 0.000000000000000000e+00
7.751754394531250000e+03 1.859344100952148438e+01 0.000000000000000000e+00
7.753537597656250000e+03 1.640241241455078125e+01 0.000000000000000000e+00
7.755325683593750000e+03 1.535501098632812500e+01 0.000000000000000000e+00
7.757109863281250000e+03 1.531992149353027344e+01 0.000000000000000000e+00
7.758898437500000000e+03 1.609361267089843750e+01 0.000000000000000000e+00
7.760683593750000000e+03 1.669079780578613281e+01 0.000000000000000000e+00
7.762468750000000000e+03 1.569347763061523438e+01 0.000000000000000000e+00
7.764258789062500000e+03 1.486977672576904297e+01 0.000000000000000000e+00
7.766044921875000000e+03 1.604378509521484375e+01 0.000000000000000000e+00
7.767835937500000000e+03 1.652142143249511719e+01 0.000000000000000000e+00
7.769622558593750000e+03 1.647023582458496094e+01 0.000000000000000000e+00
7.771414550781250000e+03 1.648777580261230469e+01 0.000000000000000000e+00
7.773202148437500000e+03 1.615402984619140625e+01 0.000000000000000000e+00
7.774990234375000000e+03 1.622543144226074219e+01 0.000000000000000000e+00
7.776783203125000000e+03 1.577463245391845703e+01 0.000000000000000000e+00
7.778572265625000000e+03 1.665315818786621094e+01 0.000000000000000000e+00
7.780366210937500000e+03 1.706448936462402344e+01 0.000000000000000000e+00
7.782155761718750000e+03 1.641866874694824219e+01 0.000000000000000000e+00
7.783950683593750000e+03 1.648278808593750000e+01 0.000000000000000000e+00
7.785741210937500000e+03 1.577102279663085938e+01 0.000000000000000000e+00
7.787532226562500000e+03 1.608551788330078125e+01 0.000000000000000000e+00
7.789328125000000000e+03 1.631495666503906250e+01 0.000000000000000000e+00
7.791120117187500000e+03 1.657379341125488281e+01 0.000000000000000000e+00
7.792916503906250000e+03 1.668147277832031250e+01 0.000000000000000000e+00
7.794709472656250000e+03 1.630172538757324219e+01 0.000000000000000000e+00
7.796506835937500000e+03 1.763115310668945312e+01 0.000000000000000000e+00
7.798300292968750000e+03 1.713393974304199219e+01 0.000000000000000000e+00
7.800094238281250000e+03 1.621272468566894531e+01 0.000000000000000000e+00
7.801893066406250000e+03 1.608973693847656250e+01 0.000000000000000000e+00
7.803687988281250000e+03 1.593271732330322266e+01 0.000000000000000000e+00
7.805487304687500000e+03 1.454091358184814453e+01 0.000000000000000000e+00
7.807283203125000000e+03 1.409303092956542969e+01 0.000000000000000000e+00
7.809083496093750000e+03 1.470706844329833984e+01 0.000000000000000000e+00
7.810879882812500000e+03 1.668898391723632812e+01 0.000000000000000000e+00
7.812681152343750000e+03 1.740997314453125000e+01 0.000000000000000000e+00
7.814478515625000000e+03 1.620351409912109375e+01 0.000000000000000000e+00
7.816275878906250000e+03 1.597367286682128906e+01 0.000000000000000000e+00
7.818078613281250000e+03 1.744304275512695312e+01 0.000000000000000000e+00
7.819876953125000000e+03 1.578352260589599609e+01 0.000000000000000000e+00
7.821680175781250000e+03 1.582964324951171875e+01 0.000000000000000000e+00
7.823479492187500000e+03 1.632036781311035156e+01 0.000000000000000000e+00
7.825283691406250000e+03 1.576013565063476562e+01 0.000000000000000000e+00
7.827083984375000000e+03 1.593683052062988281e+01 0.000000000000000000e+00
7.828884277343750000e+03 1.561461734771728516e+01 0.000000000000000000e+00
7.830689941406250000e+03 1.520510673522949219e+01 0.000000000000000000e+00
7.832491210937500000e+03 1.668948173522949219e+01 0.000000000000000000e+00
7.834297363281250000e+03 1.730421829223632812e+01 0.000000000000000000e+00
7.836099609375000000e+03 1.580818748474121094e+01 0.000000000000000000e+00
7.837906738281250000e+03 1.525561809539794922e+01 0.000000000000000000e+00
7.839709960937500000e+03 1.666914939880371094e+01 0.000000000000000000e+00
7.841513183593750000e+03 1.626578521728515625e+01 0.000000000000000000e+00
7.843321289062500000e+03 1.624432373046875000e+01 0.000000000000000000e+00
7.845125976562500000e+03 1.617036437988281250e+01 0.000000000000000000e+00
7.846935058593750000e+03 1.599082660675048828e+01 0.000000000000000000e+00
7.848740234375000000e+03 1.693557548522949219e+01 0.000000000000000000e+00
7.850549804687500000e+03 1.621135902404785156e+01 0.000000000000000000e+00
7.852355957031250000e+03 1.378563880920410156e+01 0.000000000000000000e+00
7.854162597656250000e+03 1.645670509338378906e+01 0.000000000000000000e+00
7.855973632812500000e+03 1.655810165405273438e+01 0.000000000000000000e+00
7.857780761718750000e+03 1.327452278137207031e+01 0.000000000000000000e+00
7.859592773437500000e+03 1.632651519775390625e+01 0.000000000000000000e+00
7.861400878906250000e+03 1.653949928283691406e+01 0.000000000000000000e+00
7.863213867187500000e+03 1.592103004455566406e+01 0.000000000000000000e+00
7.865022460937500000e+03 1.687557411193847656e+01 0.000000000000000000e+00
7.866832031250000000e+03 1.676907920837402344e+01 0.000000000000000000e+00
7.868645996093750000e+03 1.545030784606933594e+01 0.000000000000000000e+00
7.870456054687500000e+03 1.623154830932617188e+01 0.000000000000000000e+00
7.872270996093750000e+03 1.598008441925048828e+01 0.000000000000000000e+00
7.874082031250000000e+03 1.692793083190917969e+01 0.000000000000000000e+00
7.875897949218750000e+03 1.726331901550292969e+01 0.000000000000000000e+00
7.877709960937500000e+03 1.650233078002929688e+01 0.000000000000000000e+00
7.879521972656250000e+03 1.640821838378906250e+01 0.000000000000000000e+00
7.881338867187500000e+03 1.777562522888183594e+01 0.000000000000000000e+00
7.883151855468750000e+03 1.607129669189453125e+01 0.000000000000000000e+00
7.884969726562500000e+03 1.660875129699707031e+01 0.000000000000000000e+00
7.886783691406250000e+03 1.560865783691406250e+01 0.000000000000000000e+00
7.888602539062500000e+03 1.543037509918212891e+01 0.000000000000000000e+00
7.890417480468750000e+03 1.697960090637207031e+01 0.000000000000000000e+00
7.892232421875000000e+03 1.637699127197265625e+01 0.000000000000000000e+00
7.894052246093750000e+03 1.570335769653320312e+01 0.000000000000000000e+00
7.895868652343750000e+03 1.542922782897949219e+01 0.000000000000000000e+00
7.897688964843750000e+03 1.583993625640869141e+01 0.000000000000000000e+00
7.899505859375000000e+03 1.576340770721435547e+01 0.000000000000000000e+00
7.901327636718750000e+03 1.563195419311523438e+01 0.000000000000000000e+00
7.903145507812500000e+03 1.701353836059570312e+01 0.000000000000000000e+00
7.904963378906250000e+03 1.682755470275878906e+01 0.000000000000000000e+00
7.906786132812500000e+03 1.597192859649658203e+01 0.000000000000000000e+00
7.908605468750000000e+03 1.739448928833007812e+01 0.000000000000000000e+00
7.910429199218750000e+03 1.652278518676757812e+01 0.000000000000000000e+00
7.912248535156250000e+03 1.367825317382812500e+01 0.000000000000000000e+00
7.914073242187500000e+03 1.536303997039794922e+01 0.000000000000000000e+00
7.915894042968750000e+03 1.486957263946533203e+01 0.000000000000000000e+00
7.917714843750000000e+03 1.457031154632568359e+01 0.000000000000000000e+00
7.919540527343750000e+03 1.463937187194824219e+01 0.000000000000000000e+00
7.921362792968750000e+03 1.497149658203125000e+01 0.000000000000000000e+00
7.923189453125000000e+03 1.543342971801757812e+01 0.000000000000000000e+00
7.925012207031250000e+03 1.579351997375488281e+01 0.000000000000000000e+00
7.926839355468750000e+03 1.615425491333007812e+01 0.000000000000000000e+00
7.928663085937500000e+03 1.496623992919921875e+01 0.000000000000000000e+00
7.930486816406250000e+03 1.542954444885253906e+01 0.000000000000000000e+00
7.932315917968750000e+03 1.640902709960937500e+01 0.000000000000000000e+00
7.934140625000000000e+03 1.623551750183105469e+01 0.000000000000000000e+00
7.935970214843750000e+03 1.599071121215820312e+01 0.000000000000000000e+00
7.937795898437500000e+03 1.642952728271484375e+01 0.000000000000000000e+00
7.939626464843750000e+03 1.649573898315429688e+01 0.000000000000000000e+00
7.941452636718750000e+03 1.637444877624511719e+01 0.000000000000000000e+00
7.943284179687500000e+03 1.638232803344726562e+01 0.000000000000000000e+00
7.945111328125000000e+03 1.635781860351562500e+01 0.000000000000000000e+00
7.946938964843750000e+03 1.600301170349121094e+01 0.000000000000000000e+00
7.948771972656250000e+03 1.600484085083007812e+01 0.000000000000000000e+00
7.950600585937500000e+03 1.654173469543457031e+01 0.000000000000000000e+00
7.952433593750000000e+03 1.596248245239257812e+01 0.000000000000000000e+00
7.954263183593750000e+03 1.603194427490234375e+01 0.000000000000000000e+00
7.956097656250000000e+03 1.681306648254394531e+01 0.000000000000000000e+00
7.957927734375000000e+03 1.585732841491699219e+01 0.000000000000000000e+00
7.959758300781250000e+03 1.642919158935546875e+01 0.000000000000000000e+00
7.961593750000000000e+03 1.574405765533447266e+01 0.000000000000000000e+00
7.963425292968750000e+03 1.466452598571777344e+01 0.000000000000000000e+00
7.965261718750000000e+03 1.491628074645996094e+01 0.000000000000000000e+00
7.967094238281250000e+03 1.550596714019775391e+01 0.000000000000000000e+00
7.968931640625000000e+03 1.449463939666748047e+01 0.000000000000000000e+00
7.970764648437500000e+03 1.627844047546386719e+01 0.000000000000000000e+00
7.972598144531250000e+03 1.665507316589355469e+01 0.000000000000000000e+00
7.974437011718750000e+03 1.588440895080566406e+01 0.000000000000000000e+00
7.976271484375000000e+03 1.557891941070556641e+01 0.000000000000000000e+00
7.978110839843750000e+03 1.607331466674804688e+01 0.000000000000000000e+00
7.979945800781250000e+03 1.625855827331542969e+01 0.000000000000000000e+00
7.981786132812500000e+03 1.595164775848388672e+01 0.000000000000000000e+00
7.983622558593750000e+03 1.561541938781738281e+01 0.000000000000000000e+00
7.985458984375000000e+03 1.604482650756835938e+01 0.000000000000000000e+00
7.987300292968750000e+03 1.654807281494140625e+01 0.000000000000000000e+00
7.989137695312500000e+03 1.602173423767089844e+01 0.000000000000000000e+00
7.990979980468750000e+03 1.471397495269775391e+01 0.000000000000000000e+00
7.992818359375000000e+03 1.500555419921875000e+01 0.000000000000000000e+00
7.994661621093750000e+03 1.587996196746826172e+01 0.000000000000000000e+00
7.996500488281250000e+03 1.507404232025146484e+01 0.000000000000000000e+00
7.998340332031250000e+03 1.462023448944091797e+01 0.000000000000000000e+00
8.000184570312500000e+03 1.576581764221191406e+01 0.000000000000000000e+00
8.002024902343750000e+03 1.621636962890625000e+01 0.000000000000000000e+00
8.003870605468750000e+03 1.573054409027099609e+01 0.000000000000000000e+00
8.005711425781250000e+03 1.590542221069335938e+01 0.000000000000000000e+00
8.007557617187500000e+03 1.623431015014648438e+01 0.000000000000000000e+00
8.009399902343750000e+03 1.674572753906250000e+01 0.000000000000000000e+00
8.011242675781250000e+03 1.647529411315917969e+01 0.000000000000000000e+00
8.013089843750000000e+03 1.505215167999267578e+01 0.000000000000000000e+00
8.014933105468750000e+03 1.806911849975585938e+01 0.000000000000000000e+00
8.016781250000000000e+03 1.574114990234375000e+01 0.000000000000000000e+00
8.018625488281250000e+03 1.452416896820068359e+01 0.000000000000000000e+00
8.020474609375000000e+03 1.530003356933593750e+01 0.000000000000000000e+00
8.022319824218750000e+03 1.553286361694335938e+01 0.000000000000000000e+00
8.024165527343750000e+03 1.595507812500000000e+01 0.000000000000000000e+00
8.026015625000000000e+03 1.888428688049316406e+01 0.000000000000000000e+00
8.027862304687500000e+03 1.667570686340332031e+01 0.000000000000000000e+00
8.029713378906250000e+03 1.529161453247070312e+01 0.000000000000000000e+00
8.031560546875000000e+03 1.577515983581542969e+01 0.000000000000000000e+00
8.033412597656250000e+03 1.565168762207031250e+01 0.000000000000000000e+00
8.035260742187500000e+03 1.486261749267578125e+01 0.000000000000000000e+00
8.037109375000000000e+03 1.605356216430664062e+01 0.000000000000000000e+00
8.038962402343750000e+03 1.539964962005615234e+01 0.000000000000000000e+00
8.040812011718750000e+03 1.586421489715576172e+01 0.000000000000000000e+00
8.042666015625000000e+03 1.679692077636718750e+01 0.000000000000000000e+00
8.044516113281250000e+03 1.649094009399414062e+01 0.000000000000000000e+00
8.046371093750000000e+03 1.595198249816894531e+01 0.000000000000000000e+00
8.048222167968750000e+03 1.648700141906738281e+01 0.000000000000000000e+00
8.050073730468750000e+03 1.551358509063720703e+01 0.000000000000000000e+00
8.051930175781250000e+03 1.512803268432617188e+01 0.000000000000000000e+00
8.053782714843750000e+03 1.558276939392089844e+01 0.000000000000000000e+00
8.055639648437500000e+03 1.635786247253417969e+01 0.000000000000000000e+00
8.057492675781250000e+03 1.699892807006835938e+01 0.000000000000000000e+00
8.059351074218750000e+03 1.471207141876220703e+01 0.000000000000000000e+00
8.061205078125000000e+03 1.449989128112792969e+01 0.000000000000000000e+00
8.063059570312500000e+03 1.631248474121093750e+01 0.000000000000000000e+00
8.064918945312500000e+03 1.670284271240234375e+01 0.000000000000000000e+00
8.066773925781250000e+03 1.526545333862304688e+01 0.000000000000000000e+00
8.068634277343750000e+03 1.558175468444824219e+01 0.000000000000000000e+00
8.070490234375000000e+03 1.623601722717285156e+01 0.000000000000000000e+00
8.072351562500000000e+03 1.628536224365234375e+01 0.000000000000000000e+00
8.074208496093750000e+03 1.529067039489746094e+01 0.000000000000000000e+00
8.076065917968750000e+03 1.562521839141845703e+01 0.000000000000000000e+00
8.077928222656250000e+03 1.676124954223632812e+01 0.000000000000000000e+00
8.079786621093750000e+03 1.503932762145996094e+01 0.000000000000000000e+00
8.081649902343750000e+03 1.517413711547851562e+01 0.000000000000000000e+00
8.083508789062500000e+03 1.547861671447753906e+01 0.000000000000000000e+00
8.085373046875000000e+03 1.503661441802978516e+01 0.000000000000000000e+00
8.087232910156250000e+03 1.523171997070312500e+01 0.000000000000000000e+00
8.089098144531250000e+03 1.597432518005371094e+01 0.000000000000000000e+00
8.090958984375000000e+03 1.519349193572998047e+01 0.000000000000000000e+00
8.092820312500000000e+03 1.530350589752197266e+01 0.000000000000000000e+00
8.094686523437500000e+03 1.553003883361816406e+01 0.000000000000000000e+00
8.096548339843750000e+03 1.508160972595214844e+01 0.000000000000000000e+00
8.098415527343750000e+03 1.521841335296630859e+01 0.000000000000000000e+00
8.100278808593750000e+03 1.575361537933349609e+01 0.000000000000000000e+00
8.102146484375000000e+03 1.469726276397705078e+01 0.000000000000000000e+00
8.104010253906250000e+03 1.506679821014404297e+01 0.000000000000000000e+00
8.105874511718750000e+03 1.591009235382080078e+01 0.000000000000000000e+00
8.107744140625000000e+03 1.508939552307128906e+01 0.000000000000000000e+00
8.109608886718750000e+03 1.483078289031982422e+01 0.000000000000000000e+00
8.111479003906250000e+03 1.551787281036376953e+01 0.000000000000000000e+00
8.113345214843750000e+03 1.412588787078857422e+01 0.000000000000000000e+00
8.115216308593750000e+03 1.521539783477783203e+01 0.000000000000000000e+00
8.117083007812500000e+03 1.555442142486572266e+01 0.000000000000000000e+00
8.118950195312500000e+03 1.484154891967773438e+01 0.000000000000000000e+00
8.120822753906250000e+03 1.494481277465820312e+01 0.000000000000000000e+00
8.122690917968750000e+03 1.560638427734375000e+01 0.000000000000000000e+00
8.124563964843750000e+03 1.478711700439453125e+01 0.000000000000000000e+00
8.126432617187500000e+03 1.627752494812011719e+01 0.000000000000000000e+00
8.128306640625000000e+03 1.536615562438964844e+01 0.000000000000000000e+00
8.130176757812500000e+03 1.454449367523193359e+01 0.000000000000000000e+00
8.132046875000000000e+03 1.448803901672363281e+01 0.000000000000000000e+00
8.133922363281250000e+03 1.470151329040527344e+01 0.000000000000000000e+00
8.135793457031250000e+03 1.560395336151123047e+01 0.000000000000000000e+00
8.137669433593750000e+03 1.608141326904296875e+01 0.000000000000000000e+00
8.139541503906250000e+03 1.512951660156250000e+01 0.000000000000000000e+00
8.141418457031250000e+03 1.552461528778076172e+01 0.000000000000000000e+00
8.143291503906250000e+03 1.600631523132324219e+01 0.000000000000000000e+00
8.145165039062500000e+03 1.510430622100830078e+01 0.000000000000000000e+00
8.147042968750000000e+03 1.462401580810546875e+01 0.000000000000000000e+00
8.148917480468750000e+03 1.488225746154785156e+01 0.000000000000000000e+00
8.150796386718750000e+03 1.461801052093505859e+01 0.000000000000000000e+00
8.152671386718750000e+03 1.802520942687988281e+01 0.000000000000000000e+00
8.154551269531250000e+03 1.805699157714843750e+01 0.000000000000000000e+00
8.156427246093750000e+03 1.377733898162841797e+01 0.000000000000000000e+00
8.158303710937500000e+03 1.628760337829589844e+01 0.000000000000000000e+00
8.160185058593750000e+03 1.557164859771728516e+01 0.000000000000000000e+00
8.162062500000000000e+03 1.474269866943359375e+01 0.000000000000000000e+00
8.163944335937500000e+03 1.496320343017578125e+01 0.000000000000000000e+00
8.165822753906250000e+03 1.469677066802978516e+01 0.000000000000000000e+00
8.167705566406250000e+03 1.402427005767822266e+01 0.000000000000000000e+00
8.169584472656250000e+03 1.501462554931640625e+01 0.000000000000000000e+00
8.171463867187500000e+03 1.434786510467529297e+01 0.000000000000000000e+00
8.173348144531250000e+03 1.441149139404296875e+01 0.000000000000000000e+00
8.175228515625000000e+03 1.592026042938232422e+01 0.000000000000000000e+00
8.177113769531250000e+03 1.574716854095458984e+01 0.000000000000000000e+00
8.178995117187500000e+03 1.364741325378417969e+01 0.000000000000000000e+00
8.180880859375000000e+03 1.428680038452148438e+01 0.000000000000000000e+00
8.182763183593750000e+03 1.556188488006591797e+01 0.000000000000000000e+00
8.184645507812500000e+03 1.479869174957275391e+01 0.000000000000000000e+00
8.186532714843750000e+03 1.386400985717773438e+01 0.000000000000000000e+00
8.188416015625000000e+03 1.401717376708984375e+01 0.000000000000000000e+00
8.190304199218750000e+03 1.486395072937011719e+01 0.000000000000000000e+00
8.192188476562500000e+03 1.549919414520263672e+01 0.000000000000000000e+00
8.194077148437500000e+03 1.603867912292480469e+01 0.000000000000000000e+00
8.195962890625000000e+03 1.381238651275634766e+01 0.000000000000000000e+00
8.197847656250000000e+03 1.462874794006347656e+01 0.000000000000000000e+00
8.199738281250000000e+03 1.616443252563476562e+01 0.000000000000000000e+00
8.201625000000000000e+03 1.520719146728515625e+01 0.000000000000000000e+00
8.203515625000000000e+03 1.483300209045410156e+01 0.000000000000000000e+00
8.205403320312500000e+03 1.435990524291992188e+01 0.000000000000000000e+00
8.207295898437500000e+03 1.522979640960693359e+01 0.000000000000000000e+00
8.209183593750000000e+03 1.525967121124267578e+01 0.000000000000000000e+00
8.211072265625000000e+03 1.503474807739257812e+01 0.000000000000000000e+00
8.212965820312500000e+03 1.499437904357910156e+01 0.000000000000000000e+00
8.214854492187500000e+03 1.372548770904541016e+01 0.000000000000000000e+00
8.216749023437500000e+03 1.449199771881103516e+01 0.000000000000000000e+00
8.218639648437500000e+03 1.467824554443359375e+01 0.000000000000000000e+00
8.220534179687500000e+03 1.516919708251953125e+01 0.000000000000000000e+00
8.222425781250000000e+03 1.519213962554931641e+01 0.000000000000000000e+00
8.224317382812500000e+03 1.457114982604980469e+01 0.000000000000000000e+00
8.226213867187500000e+03 1.526894187927246094e+01 0.000000000000000000e+00
8.228106445312500000e+03 1.553717041015625000e+01 0.000000000000000000e+00
8.230003906250000000e+03 1.513176155090332031e+01 0.000000000000000000e+00
8.231896484375000000e+03 1.489499759674072266e+01 0.000000000000000000e+00
8.233794921875000000e+03 1.473722743988037109e+01 0.000000000000000000e+00
8.235689453125000000e+03 1.485478687286376953e+01 0.000000000000000000e+00
8.237588867187500000e+03 1.576219081878662109e+01 0.000000000000000000e+00
8.239483398437500000e+03 1.478694343566894531e+01 0.000000000000000000e+00
8.241378906250000000e+03 1.466749668121337891e+01 0.000000000000000000e+00
8.243279296875000000e+03 1.605839347839355469e+01 0.000000000000000000e+00
8.245175781250000000e+03 1.623910331726074219e+01 0.000000000000000000e+00
8.247077148437500000e+03 1.480501651763916016e+01 0.000000000000000000e+00
8.248974609375000000e+03 1.541306686401367188e+01 0.000000000000000000e+00
8.250876953125000000e+03 1.573595333099365234e+01 0.000000000000000000e+00
8.252774414062500000e+03 1.456684684753417969e+01 0.000000000000000000e+00
8.254672851562500000e+03 1.458312129974365234e+01 0.000000000000000000e+00
8.256577148437500000e+03 1.503599739074707031e+01 0.000000000000000000e+00
8.258476562500000000e+03 1.456944370269775391e+01 0.000000000000000000e+00
8.260380859375000000e+03 1.452746200561523438e+01 0.000000000000000000e+00
8.262281250000000000e+03 1.477917766571044922e+01 0.000000000000000000e+00
8.264186523437500000e+03 1.347208595275878906e+01 0.000000000000000000e+00
8.266086914062500000e+03 1.456294059753417969e+01 0.000000000000000000e+00
8.267989257812500000e+03 1.587091064453125000e+01 0.000000000000000000e+00
8.269895507812500000e+03 1.520393371582031250e+01 0.000000000000000000e+00
8.271797851562500000e+03 1.565611934661865234e+01 0.000000000000000000e+00
8.273705078125000000e+03 1.486577510833740234e+01 0.000000000000000000e+00
8.275608398437500000e+03 1.501823043823242188e+01 0.000000000000000000e+00
8.277516601562500000e+03 1.542032814025878906e+01 0.000000000000000000e+00
8.279420898437500000e+03 1.467123889923095703e+01 0.000000000000000000e+00
8.281326171875000000e+03 1.410459232330322266e+01 0.000000000000000000e+00
8.283235351562500000e+03 1.621185302734375000e+01 0.000000000000000000e+00
8.285141601562500000e+03 1.478294849395751953e+01 0.000000000000000000e+00
8.287051757812500000e+03 1.396480751037597656e+01 0.000000000000000000e+00
8.288958007812500000e+03 1.419379329681396484e+01 0.000000000000000000e+00
8.290869140625000000e+03 1.440089416503906250e+01 0.000000000000000000e+00
8.292777343750000000e+03 1.405406570434570312e+01 0.000000000000000000e+00
8.294684570312500000e+03 1.355026054382324219e+01 0.000000000000000000e+00
8.296597656250000000e+03 1.312958240509033203e+01 0.000000000000000000e+00
8.298505859375000000e+03 1.331768226623535156e+01 0.000000000000000000e+00
8.300419921875000000e+03 1.547869110107421875e+01 0.000000000000000000e+00
8.302329101562500000e+03 1.630210304260253906e+01 0.000000000000000000e+00
8.304243164062500000e+03 1.449883079528808594e+01 0.000000000000000000e+00
8.306154296875000000e+03 1.460333538055419922e+01 0.000000000000000000e+00
8.308064453125000000e+03 1.442857933044433594e+01 0.000000000000000000e+00
8.309980468750000000e+03 1.363984489440917969e+01 0.000000000000000000e+00
8.311892578125000000e+03 1.439344310760498047e+01 0.000000000000000000e+00
8.313808593750000000e+03 1.536569023132324219e+01 0.000000000000000000e+00
8.315721679687500000e+03 1.514066410064697266e+01 0.000000000000000000e+00
8.317639648437500000e+03 1.513897895812988281e+01 0.000000000000000000e+00
8.319552734375000000e+03 1.402556514739990234e+01 0.000000000000000000e+00
8.321466796875000000e+03 1.432216453552246094e+01 0.000000000000000000e+00
8.323385742187500000e+03 1.456348609924316406e+01 0.000000000000000000e+00
8.325299804687500000e+03 1.479110145568847656e+01 0.000000000000000000e+00
8.327219726562500000e+03 1.484034633636474609e+01 0.000000000000000000e+00
8.329135742187500000e+03 1.355687904357910156e+01 0.000000000000000000e+00
8.331056640625000000e+03 1.548398876190185547e+01 0.000000000000000000e+00
8.332972656250000000e+03 1.497389602661132812e+01 0.000000000000000000e+00
8.334889648437500000e+03 1.429238891601562500e+01 0.000000000000000000e+00
8.336811523437500000e+03 1.429589462280273438e+01 0.000000000000000000e+00
8.338729492187500000e+03 1.442158126831054688e+01 0.000000000000000000e+00
8.340652343750000000e+03 1.472538089752197266e+01 0.000000000000000000e+00
8.342571289062500000e+03 1.264241218566894531e+01 0.000000000000000000e+00
8.344495117187500000e+03 1.196498966217041016e+01 0.000000000000000000e+00
8.346415039062500000e+03 1.518422031402587891e+01 0.000000000000000000e+00
8.348334960937500000e+03 1.653984069824218750e+01 0.000000000000000000e+00
8.350259765625000000e+03 1.346719551086425781e+01 0.000000000000000000e+00
8.352180664062500000e+03 1.364754104614257812e+01 0.000000000000000000e+00
8.354107421875000000e+03 1.543674468994140625e+01 0.000000000000000000e+00
8.356029296875000000e+03 1.554284954071044922e+01 0.000000000000000000e+00
8.357956054687500000e+03 1.465598773956298828e+01 0.000000000000000000e+00
8.359878906250000000e+03 1.437251472473144531e+01 0.000000000000000000e+00
8.361801757812500000e+03 1.481339931488037109e+01 0.000000000000000000e+00
8.363729492187500000e+03 1.457308101654052734e+01 0.000000000000000000e+00
8.365654296875000000e+03 1.442569828033447266e+01 0.000000000000000000e+00
8.367583007812500000e+03 1.486261749267578125e+01 0.000000000000000000e+00
8.369507812500000000e+03 1.445496559143066406e+01 0.000000000000000000e+00
8.371437500000000000e+03 1.436876392364501953e+01 0.000000000000000000e+00
8.373364257812500000e+03 1.532732868194580078e+01 0.000000000000000000e+00
8.375290039062500000e+03 1.502248764038085938e+01 0.000000000000000000e+00
8.377221679687500000e+03 1.419071674346923828e+01 0.000000000000000000e+00
8.379148437500000000e+03 1.331969261169433594e+01 0.000000000000000000e+00
8.381081054687500000e+03 1.312519168853759766e+01 0.000000000000000000e+00
8.383008789062500000e+03 1.325553798675537109e+01 0.000000000000000000e+00
8.384942382812500000e+03 1.316256618499755859e+01 0.000000000000000000e+00
8.386871093750000000e+03 1.326602935791015625e+01 0.000000000000000000e+00
8.388804687500000000e+03 1.417314052581787109e+01 0.000000000000000000e+00
8.390734375000000000e+03 1.461622428894042969e+01 0.000000000000000000e+00
8.392665039062500000e+03 1.401433563232421875e+01 0.000000000000000000e+00
8.394600585937500000e+03 1.349116039276123047e+01 0.000000000000000000e+00
8.396531250000000000e+03 1.313451385498046875e+01 0.000000000000000000e+00
8.398467773437500000e+03 1.132689857482910156e+01 0.000000000000000000e+00
8.400399414062500000e+03 1.159099578857421875e+01 0.000000000000000000e+00
8.402336914062500000e+03 1.421137619018554688e+01 0.000000000000000000e+00
8.404269531250000000e+03 1.424838733673095703e+01 0.000000000000000000e+00
8.406203125000000000e+03 1.346087741851806641e+01 0.000000000000000000e+00
8.408141601562500000e+03 1.437596511840820312e+01 0.000000000000000000e+00
8.410076171875000000e+03 1.363964271545410156e+01 0.000000000000000000e+00
8.412015625000000000e+03 1.281009197235107422e+01 0.000000000000000000e+00
8.413950195312500000e+03 1.371477031707763672e+01 0.000000000000000000e+00
8.415890625000000000e+03 1.422844505310058594e+01 0.000000000000000000e+00
8.417827148437500000e+03 1.349363899230957031e+01 0.000000000000000000e+00
8.419763671875000000e+03 1.305683040618896484e+01 0.000000000000000000e+00
8.421705078125000000e+03 1.424826335906982422e+01 0.000000000000000000e+00
8.423642578125000000e+03 1.325935077667236328e+01 0.000000000000000000e+00
8.425584960937500000e+03 1.464939117431640625e+01 0.000000000000000000e+00
8.427523437500000000e+03 1.398206806182861328e+01 0.000000000000000000e+00
8.429466796875000000e+03 1.216523647308349609e+01 0.000000000000000000e+00
8.431405273437500000e+03 1.274245262145996094e+01 0.000000000000000000e+00
8.433345703125000000e+03 1.415797233581542969e+01 0.000000000000000000e+00
8.435290039062500000e+03 1.312702274322509766e+01 0.000000000000000000e+00
8.437230468750000000e+03 1.289536380767822266e+01 0.000000000000000000e+00
8.439175781250000000e+03 1.400621414184570312e+01 0.000000000000000000e+00
8.441117187500000000e+03 1.478465747833251953e+01 0.000000000000000000e+00
8.443064453125000000e+03 1.449771881103515625e+01 0.000000000000000000e+00
8.445005859375000000e+03 1.441043663024902344e+01 0.000000000000000000e+00
8.446949218750000000e+03 1.303338241577148438e+01 0.000000000000000000e+00
8.448896484375000000e+03 1.435469532012939453e+01 0.000000000000000000e+00
8.450840820312500000e+03 1.410290241241455078e+01 0.000000000000000000e+00
8.452789062500000000e+03 1.321353912353515625e+01 0.000000000000000000e+00
8.454734375000000000e+03 1.402108478546142578e+01 0.000000000000000000e+00
8.456683593750000000e+03 1.370179653167724609e+01 0.000000000000000000e+00
8.458628906250000000e+03 1.350891971588134766e+01 0.000000000000000000e+00
8.460575195312500000e+03 1.441354084014892578e+01 0.000000000000000000e+00
8.462525390625000000e+03 1.316741275787353516e+01 0.000000000000000000e+00
8.464472656250000000e+03 1.277346611022949219e+01 0.000000000000000000e+00
8.466424804687500000e+03 1.532509517669677734e+01 0.000000000000000000e+00
8.468372070312500000e+03 1.470332241058349609e+01 0.000000000000000000e+00
8.470325195312500000e+03 1.171306133270263672e+01 0.000000000000000000e+00
8.472273437500000000e+03 1.227451324462890625e+01 0.000000000000000000e+00
8.474222656250000000e+03 1.312668895721435547e+01 0.000000000000000000e+00
8.476176757812500000e+03 1.391368484497070312e+01 0.000000000000000000e+00
8.478126953125000000e+03 1.523090553283691406e+01 0.000000000000000000e+00
8.480082031250000000e+03 1.418964958190917969e+01 0.000000000000000000e+00
8.482032226562500000e+03 1.320011901855468750e+01 0.000000000000000000e+00
8.483988281250000000e+03 1.414221000671386719e+01 0.000000000000000000e+00
8.485940429687500000e+03 1.439616203308105469e+01 0.000000000000000000e+00
8.487892578125000000e+03 1.377830219268798828e+01 0.000000000000000000e+00
8.489849609375000000e+03 1.338881874084472656e+01 0.000000000000000000e+00
8.491802734375000000e+03 1.286824226379394531e+01 0.000000000000000000e+00
8.493760742187500000e+03 1.382264328002929688e+01 0.000000000000000000e+00
8.495714843750000000e+03 1.504798698425292969e+01 0.000000000000000000e+00
8.497673828125000000e+03 1.468786525726318359e+01 0.000000000000000000e+00
8.499628906250000000e+03 1.410515785217285156e+01 0.000000000000000000e+00
8.501583984375000000e+03 1.407068347930908203e+01 0.000000000000000000e+00
8.503544921875000000e+03 1.243420600891113281e+01 0.000000000000000000e+00
8.505500976562500000e+03 1.350846672058105469e+01 0.000000000000000000e+00
8.507461914062500000e+03 1.351180362701416016e+01 0.000000000000000000e+00
8.509419921875000000e+03 1.362989711761474609e+01 0.000000000000000000e+00
8.511381835937500000e+03 1.407514762878417969e+01 0.000000000000000000e+00
8.513339843750000000e+03 1.400827598571777344e+01 0.000000000000000000e+00
8.515297851562500000e+03 1.393823814392089844e+01 0.000000000000000000e+00
8.517261718750000000e+03 1.410503578186035156e+01 0.000000000000000000e+00
8.519221679687500000e+03 1.460307693481445312e+01 0.000000000000000000e+00
8.521185546875000000e+03 1.469245910644531250e+01 0.000000000000000000e+00
8.523146484375000000e+03 1.373498153686523438e+01 0.000000000000000000e+00
8.525111328125000000e+03 1.259960556030273438e+01 0.000000000000000000e+00
8.527072265625000000e+03 1.346502971649169922e+01 0.000000000000000000e+00
8.529034179687500000e+03 1.480467128753662109e+01 0.000000000000000000e+00
8.531000976562500000e+03 1.412335681915283203e+01 0.000000000000000000e+00
8.532963867187500000e+03 1.390515041351318359e+01 0.000000000000000000e+00
8.534931640625000000e+03 1.433026027679443359e+01 0.000000000000000000e+00
8.536894531250000000e+03 1.418763923645019531e+01 0.000000000000000000e+00
8.538863281250000000e+03 1.438511276245117188e+01 0.000000000000000000e+00
8.540828125000000000e+03 1.531074142456054688e+01 0.000000000000000000e+00
8.542796875000000000e+03 1.379038906097412109e+01 0.000000000000000000e+00
8.544762695312500000e+03 1.374631500244140625e+01 0.000000000000000000e+00
8.546728515625000000e+03 1.426257896423339844e+01 0.000000000000000000e+00
8.548699218750000000e+03 1.299476146697998047e+01 0.000000000000000000e+00
8.550666015625000000e+03 1.315521526336669922e+01 0.000000000000000000e+00
8.552637695312500000e+03 1.519230270385742188e+01 0.000000000000000000e+00
8.554604492187500000e+03 1.447782421112060547e+01 0.000000000000000000e+00
8.556577148437500000e+03 1.424044322967529297e+01 0.000000000000000000e+00
8.558545898437500000e+03 1.431710338592529297e+01 0.000000000000000000e+00
8.560514648437500000e+03 1.327714252471923828e+01 0.000000000000000000e+00
8.562489257812500000e+03 1.367116737365722656e+01 0.000000000000000000e+00
8.564458984375000000e+03 1.395253944396972656e+01 0.000000000000000000e+00
8.566433593750000000e+03 1.346030330657958984e+01 0.000000000000000000e+00
8.568404296875000000e+03 1.457100772857666016e+01 0.000000000000000000e+00
8.570379882812500000e+03 1.499446773529052734e+01 0.000000000000000000e+00
8.572351562500000000e+03 1.354584217071533203e+01 0.000000000000000000e+00
8.574324218750000000e+03 1.520919990539550781e+01 0.000000000000000000e+00
8.576300781250000000e+03 1.490387248992919922e+01 0.000000000000000000e+00
8.578274414062500000e+03 1.368642997741699219e+01 0.000000000000000000e+00
8.580251953125000000e+03 1.426537990570068359e+01 0.000000000000000000e+00
8.582225585937500000e+03 1.521350574493408203e+01 0.000000000000000000e+00
8.584205078125000000e+03 1.444076347351074219e+01 0.000000000000000000e+00
8.586179687500000000e+03 1.398453521728515625e+01 0.000000000000000000e+00
8.588155273437500000e+03 1.470193958282470703e+01 0.000000000000000000e+00
8.590135742187500000e+03 1.422799968719482422e+01 0.000000000000000000e+00
8.592111328125000000e+03 1.403940200805664062e+01 0.000000000000000000e+00
8.594092773437500000e+03 1.465107536315917969e+01 0.000000000000000000e+00
8.596070312500000000e+03 1.493548870086669922e+01 0.000000000000000000e+00
8.598052734375000000e+03 1.436238002777099609e+01 0.000000000000000000e+00
8.600030273437500000e+03 1.477680110931396484e+01 0.000000000000000000e+00
8.602008789062500000e+03 1.464483261108398438e+01 0.000000000000000000e+00
8.603992187500000000e+03 1.412004089355468750e+01 0.000000000000000000e+00
8.605971679687500000e+03 1.423849391937255859e+01 0.000000000000000000e+00
8.607956054687500000e+03 1.496511363983154297e+01 0.000000000000000000e+00
8.609936523437500000e+03 1.463203144073486328e+01 0.000000000000000000e+00
8.611921875000000000e+03 1.406687450408935547e+01 0.000000000000000000e+00
8.613903320312500000e+03 1.479209709167480469e+01 0.000000000000000000e+00
8.615884765625000000e+03 1.461966419219970703e+01 0.000000000000000000e+00
8.617871093750000000e+03 1.398929023742675781e+01 0.000000000000000000e+00
8.619853515625000000e+03 1.425709342956542969e+01 0.000000000000000000e+00
8.621841796875000000e+03 1.415873622894287109e+01 0.000000000000000000e+00
8.623825195312500000e+03 1.491608524322509766e+01 0.000000000000000000e+00
8.625813476562500000e+03 1.505807781219482422e+01 0.000000000000000000e+00
8.627797851562500000e+03 1.392035293579101562e+01 0.000000000000000000e+00
8.629783203125000000e+03 1.377009868621826172e+01 0.000000000000000000e+00
8.631772460937500000e+03 1.517391586303710938e+01 0.000000000000000000e+00
8.633758789062500000e+03 1.431214618682861328e+01 0.000000000000000000e+00
8.635750000000000000e+03 1.548524761199951172e+01 0.000000000000000000e+00
8.637736328125000000e+03 1.615073394775390625e+01 0.000000000000000000e+00
8.639728515625000000e+03 1.599103927612304688e+01 0.000000000000000000e+00
8.641715820312500000e+03 1.569790267944335938e+01 0.000000000000000000e+00
8.643704101562500000e+03 1.552978038787841797e+01 0.000000000000000000e+00
8.645697265625000000e+03 1.516425704956054688e+01 0.000000000000000000e+00
8.647685546875000000e+03 1.510731792449951172e+01 0.000000000000000000e+00
8.649679687500000000e+03 1.467862796783447266e+01 0.000000000000000000e+00
8.651669921875000000e+03 1.429413509368896484e+01 0.000000000000000000e+00
8.653665039062500000e+03 1.425490665435791016e+01 0.000000000000000000e+00
8.655655273437500000e+03 1.445675086975097656e+01 0.000000000000000000e+00
8.657646484375000000e+03 1.443943214416503906e+01 0.000000000000000000e+00
8.659643554687500000e+03 1.310062694549560547e+01 0.000000000000000000e+00
8.661635742187500000e+03 1.424673461914062500e+01 0.000000000000000000e+00
8.663632812500000000e+03 1.511734294891357422e+01 0.000000000000000000e+00
8.665625976562500000e+03 1.502068996429443359e+01 0.000000000000000000e+00
8.667624023437500000e+03 1.537463665008544922e+01 0.000000000000000000e+00
8.669618164062500000e+03 1.552978229522705078e+01 0.000000000000000000e+00
8.671612304687500000e+03 1.490739536285400391e+01 0.000000000000000000e+00
8.673612304687500000e+03 1.588318443298339844e+01 0.000000000000000000e+00
8.675607421875000000e+03 1.614298820495605469e+01 0.000000000000000000e+00
8.677608398437500000e+03 1.523978137969970703e+01 0.000000000000000000e+00
8.679604492187500000e+03 1.459561252593994141e+01 0.000000000000000000e+00
8.681605468750000000e+03 1.448376464843750000e+01 0.000000000000000000e+00
8.683602539062500000e+03 1.547945022583007812e+01 0.000000000000000000e+00
8.685600585937500000e+03 1.519438457489013672e+01 0.000000000000000000e+00
8.687603515625000000e+03 1.496818256378173828e+01 0.000000000000000000e+00
8.689602539062500000e+03 1.509602451324462891e+01 0.000000000000000000e+00
8.691605468750000000e+03 1.482657527923583984e+01 0.000000000000000000e+00
8.693605468750000000e+03 1.474108219146728516e+01 0.000000000000000000e+00
8.695610351562500000e+03 1.531496143341064453e+01 0.000000000000000000e+00
8.697610351562500000e+03 1.549866485595703125e+01 0.000000000000000000e+00
8.699616210937500000e+03 1.534537792205810547e+01 0.000000000000000000e+00
8.701617187500000000e+03 1.519555282592773438e+01 0.000000000000000000e+00
8.703619140625000000e+03 1.523431587219238281e+01 0.000000000000000000e+00
8.705625976562500000e+03 1.536186122894287109e+01 0.000000000000000000e+00
8.707628906250000000e+03 1.496860408782958984e+01 0.000000000000000000e+00
8.709636718750000000e+03 1.562664413452148438e+01 0.000000000000000000e+00
8.711640625000000000e+03 1.578045368194580078e+01 0.000000000000000000e+00
8.713649414062500000e+03 1.546535301208496094e+01 0.000000000000000000e+00
8.715654296875000000e+03 1.552039241790771484e+01 0.000000000000000000e+00
8.717659179687500000e+03 1.500739479064941406e+01 0.000000000000000000e+00
8.719669921875000000e+03 1.519631767272949219e+01 0.000000000000000000e+00
8.721675781250000000e+03 1.584542655944824219e+01 0.000000000000000000e+00
8.723686523437500000e+03 1.600221633911132812e+01 0.000000000000000000e+00
8.725693359375000000e+03 1.569293880462646484e+01 0.000000000000000000e+00
8.727706054687500000e+03 1.567458152770996094e+01 0.000000000000000000e+00
8.729712890625000000e+03 1.599355220794677734e+01 0.000000000000000000e+00
8.731721679687500000e+03 1.510633182525634766e+01 0.000000000000000000e+00
8.733735351562500000e+03 1.549315738677978516e+01 0.000000000000000000e+00
8.735744140625000000e+03 1.545695590972900391e+01 0.000000000000000000e+00
8.737758789062500000e+03 1.512830924987792969e+01 0.000000000000000000e+00
8.739768554687500000e+03 1.568754100799560547e+01 0.000000000000000000e+00
8.741784179687500000e+03 1.581728649139404297e+01 0.000000000000000000e+00
8.743794921875000000e+03 1.598739242553710938e+01 0.000000000000000000e+00
8.745806640625000000e+03 1.643804168701171875e+01 0.000000000000000000e+00
8.747823242187500000e+03 1.582038879394531250e+01 0.000000000000000000e+00
8.749835937500000000e+03 1.508350563049316406e+01 0.000000000000000000e+00
8.751853515625000000e+03 1.563466072082519531e+01 0.000000000000000000e+00
8.753867187500000000e+03 1.587367916107177734e+01 0.000000000000000000e+00
8.755885742187500000e+03 1.548619937896728516e+01 0.000000000000000000e+00
8.757900390625000000e+03 1.518107223510742188e+01 0.000000000000000000e+00
8.759915039062500000e+03 1.520489597320556641e+01 0.000000000000000000e+00
8.761934570312500000e+03 1.535627079010009766e+01 0.000000000000000000e+00
8.763950195312500000e+03 1.487417030334472656e+01 0.000000000000000000e+00
8.765971679687500000e+03 1.352844905853271484e+01 0.000000000000000000e+00
8.767988281250000000e+03 1.547871780395507812e+01 0.000000000000000000e+00
8.770009765625000000e+03 1.600787925720214844e+01 0.000000000000000000e+00
8.772027343750000000e+03 1.585581398010253906e+01 0.000000000000000000e+00
8.774044921875000000e+03 1.533013725280761719e+01 0.000000000000000000e+00
8.776068359375000000e+03 1.404674911499023438e+01 0.000000000000000000e+00
8.778087890625000000e+03 1.393022251129150391e+01 0.000000000000000000e+00
8.780111328125000000e+03 1.504944992065429688e+01 0.000000000000000000e+00
8.782131835937500000e+03 1.594429492950439453e+01 0.000000000000000000e+00
8.784156250000000000e+03 1.542700672149658203e+01 0.000000000000000000e+00
8.786177734375000000e+03 1.475017452239990234e+01 0.000000000000000000e+00
8.788199218750000000e+03 1.491625118255615234e+01 0.000000000000000000e+00
8.790225585937500000e+03 1.410011386871337891e+01 0.000000000000000000e+00
8.792247070312500000e+03 1.520893287658691406e+01 0.000000000000000000e+00
8.794275390625000000e+03 1.673373222351074219e+01 0.000000000000000000e+00
8.796297851562500000e+03 1.668832588195800781e+01 0.000000000000000000e+00
8.798326171875000000e+03 1.563918781280517578e+01 0.000000000000000000e+00
8.800350585937500000e+03 1.547723484039306641e+01 0.000000000000000000e+00
8.802375000000000000e+03 1.632995605468750000e+01 0.000000000000000000e+00
8.804405273437500000e+03 1.623353576660156250e+01 0.000000000000000000e+00
8.806430664062500000e+03 1.607518577575683594e+01 0.000000000000000000e+00
8.808460937500000000e+03 1.626072883605957031e+01 0.000000000000000000e+00
8.810487304687500000e+03 1.693712234497070312e+01 0.000000000000000000e+00
8.812519531250000000e+03 1.768837547302246094e+01 0.000000000000000000e+00
8.814545898437500000e+03 1.737631797790527344e+01 0.000000000000000000e+00
8.816574218750000000e+03 1.695779991149902344e+01 0.000000000000000000e+00
8.818607421875000000e+03 1.693860244750976562e+01 0.000000000000000000e+00
8.820635742187500000e+03 1.653996658325195312e+01 0.000000000000000000e+00
8.822669921875000000e+03 1.660412788391113281e+01 0.000000000000000000e+00
8.824699218750000000e+03 1.632337188720703125e+01 0.000000000000000000e+00
8.826734375000000000e+03 1.238679027557373047e+01 0.000000000000000000e+00
8.828764648437500000e+03 1.735892486572265625e+01 0.000000000000000000e+00
8.830795898437500000e+03 2.393974304199218750e+01 0.000000000000000000e+00
8.832833007812500000e+03 2.089762115478515625e+01 0.000000000000000000e+00
8.834864257812500000e+03 1.487245845794677734e+01 0.000000000000000000e+00
8.836901367187500000e+03 1.699862289428710938e+01 0.000000000000000000e+00
8.838934570312500000e+03 1.944088935852050781e+01 0.000000000000000000e+00
8.840972656250000000e+03 2.040619850158691406e+01 0.000000000000000000e+00
8.843006835937500000e+03 1.858309745788574219e+01 0.000000000000000000e+00
8.845041015625000000e+03 1.861115455627441406e+01 0.000000000000000000e+00
8.847081054687500000e+03 2.009089469909667969e+01 0.000000000000000000e+00
8.849116210937500000e+03 1.986898040771484375e+01 0.000000000000000000e+00
8.851156250000000000e+03 2.024452400207519531e+01 0.000000000000000000e+00
8.853192382812500000e+03 2.119681739807128906e+01 0.000000000000000000e+00
8.855234375000000000e+03 2.029648780822753906e+01 0.000000000000000000e+00
8.857271484375000000e+03 2.022159767150878906e+01 0.000000000000000000e+00
8.859314453125000000e+03 2.101603889465332031e+01 0.000000000000000000e+00
8.861351562500000000e+03 2.094980239868164062e+01 0.000000000000000000e+00
8.863390625000000000e+03 2.150661849975585938e+01 0.000000000000000000e+00
8.865434570312500000e+03 2.158208656311035156e+01 0.000000000000000000e+00
8.867473632812500000e+03 1.975083732604980469e+01 0.000000000000000000e+00
8.869518554687500000e+03 2.149210357666015625e+01 0.000000000000000000e+00
8.871559570312500000e+03 2.336122131347656250e+01 0.000000000000000000e+00
8.873604492187500000e+03 2.071108055114746094e+01 0.000000000000000000e+00
8.875646484375000000e+03 2.214670753479003906e+01 0.000000000000000000e+00
8.877688476562500000e+03 2.229627037048339844e+01 0.000000000000000000e+00
8.879735351562500000e+03 2.182522773742675781e+01 0.000000000000000000e+00
8.881778320312500000e+03 2.154153633117675781e+01 0.000000000000000000e+00
8.883826171875000000e+03 1.886586570739746094e+01 0.000000000000000000e+00
8.885870117187500000e+03 1.675531768798828125e+01 0.000000000000000000e+00
8.887918945312500000e+03 2.658677673339843750e+01 0.000000000000000000e+00
8.889963867187500000e+03 2.565861129760742188e+01 0.000000000000000000e+00
8.892008789062500000e+03 2.145159149169921875e+01 0.000000000000000000e+00
8.894059570312500000e+03 1.948418998718261719e+01 0.000000000000000000e+00
8.896105468750000000e+03 1.970701408386230469e+01 0.000000000000000000e+00
8.898156250000000000e+03 1.987545013427734375e+01 0.000000000000000000e+00
8.900204101562500000e+03 1.895171546936035156e+01 0.000000000000000000e+00
8.902255859375000000e+03 1.819938659667968750e+01 0.000000000000000000e+00
8.904303710937500000e+03 1.873715400695800781e+01 0.000000000000000000e+00
8.906352539062500000e+03 2.002424430847167969e+01 0.000000000000000000e+00
8.908406250000000000e+03 2.014752006530761719e+01 0.000000000000000000e+00
8.910456054687500000e+03 1.870821952819824219e+01 0.000000000000000000e+00
8.912510742187500000e+03 1.900935554504394531e+01 0.000000000000000000e+00
8.914560546875000000e+03 1.983317565917968750e+01 0.000000000000000000e+00
8.916616210937500000e+03 1.812063789367675781e+01 0.000000000000000000e+00
8.918667968750000000e+03 1.402627086639404297e+01 0.000000000000000000e+00
8.920719726562500000e+03 1.453933143615722656e+01 0.000000000000000000e+00
8.922776367187500000e+03 2.032150650024414062e+01 0.000000000000000000e+00
8.924829101562500000e+03 1.600226020812988281e+01 0.000000000000000000e+00
8.926886718750000000e+03 1.769375228881835938e+01 0.000000000000000000e+00
8.928940429687500000e+03 1.676539421081542969e+01 0.000000000000000000e+00
8.931000000000000000e+03 1.619794082641601562e+01 0.000000000000000000e+00
8.933054687500000000e+03 1.646918296813964844e+01 0.000000000000000000e+00
8.935109375000000000e+03 1.552690124511718750e+01 0.000000000000000000e+00
8.937169921875000000e+03 1.767030906677246094e+01 0.000000000000000000e+00
8.939225585937500000e+03 1.639556312561035156e+01 0.000000000000000000e+00
8.941287109375000000e+03 1.383741188049316406e+01 0.000000000000000000e+00
8.943343750000000000e+03 1.424900054931640625e+01 0.000000000000000000e+00
8.945406250000000000e+03 1.604100608825683594e+01 0.000000000000000000e+00
8.947463867187500000e+03 1.556867504119873047e+01 0.000000000000000000e+00
8.949522460937500000e+03 1.518741416931152344e+01 0.000000000000000000e+00
8.951585937500000000e+03 1.462707424163818359e+01 0.000000000000000000e+00
8.953645507812500000e+03 1.307244586944580078e+01 0.000000000000000000e+00
8.955709960937500000e+03 1.186050891876220703e+01 0.000000000000000000e+00
8.957770507812500000e+03 1.097113037109375000e+01 0.000000000000000000e+00
8.959835937500000000e+03 1.076182746887207031e+01 0.000000000000000000e+00
8.961897460937500000e+03 1.417318630218505859e+01 0.000000000000000000e+00
8.963958984375000000e+03 1.511000251770019531e+01 0.000000000000000000e+00
8.966026367187500000e+03 1.460148334503173828e+01 0.000000000000000000e+00
8.968088867187500000e+03 1.386172008514404297e+01 0.000000000000000000e+00
8.970157226562500000e+03 1.381986618041992188e+01 0.000000000000000000e+00
8.972220703125000000e+03 1.463016891479492188e+01 0.000000000000000000e+00
8.974289062500000000e+03 1.471291351318359375e+01 0.000000000000000000e+00
8.976353515625000000e+03 1.357058238983154297e+01 0.000000000000000000e+00
8.978418945312500000e+03 1.462970352172851562e+01 0.000000000000000000e+00
8.980489257812500000e+03 1.506002807617187500e+01 0.000000000000000000e+00
8.982555664062500000e+03 1.389879226684570312e+01 0.000000000000000000e+00
8.984626953125000000e+03 1.334338855743408203e+01 0.000000000000000000e+00
8.986693359375000000e+03 1.398876285552978516e+01 0.000000000000000000e+00
8.988765625000000000e+03 1.439101123809814453e+01 0.000000000000000000e+00
8.990833984375000000e+03 1.377398872375488281e+01 0.000000000000000000e+00
8.992902343750000000e+03 1.292161560058593750e+01 0.000000000000000000e+00
8.994975585937500000e+03 1.420335006713867188e+01 0.000000000000000000e+00
8.997044921875000000e+03 1.725181579589843750e+01 0.000000000000000000e+00
8.999120117187500000e+03 1.584242439270019531e+01 0.000000000000000000e+00
9.001190429687500000e+03 1.388359546661376953e+01 0.000000000000000000e+00
9.003265625000000000e+03 1.580088043212890625e+01 0.000000000000000000e+00
9.005336914062500000e+03 1.641565132141113281e+01 0.000000000000000000e+00
9.007408203125000000e+03 1.440562915802001953e+01 0.000000000000000000e+00
9.009485351562500000e+03 1.362629508972167969e+01 0.000000000000000000e+00
9.011558593750000000e+03 1.453443050384521484e+01 0.000000000000000000e+00
9.013635742187500000e+03 1.401217555999755859e+01 0.000000000000000000e+00
9.015709960937500000e+03 1.341029453277587891e+01 0.000000000000000000e+00
9.017789062500000000e+03 1.248196125030517578e+01 0.000000000000000000e+00
9.019863281250000000e+03 1.267955207824707031e+01 0.000000000000000000e+00
9.021943359375000000e+03 1.466029834747314453e+01 0.000000000000000000e+00
9.024018554687500000e+03 1.378065967559814453e+01 0.000000000000000000e+00
9.026094726562500000e+03 1.223584556579589844e+01 0.000000000000000000e+00
9.028175781250000000e+03 1.273635196685791016e+01 0.000000000000000000e+00
9.030252929687500000e+03 1.350806999206542969e+01 0.000000000000000000e+00
9.032334960937500000e+03 1.352202320098876953e+01 0.000000000000000000e+00
9.034413085937500000e+03 1.357812976837158203e+01 0.000000000000000000e+00
9.036497070312500000e+03 1.389024162292480469e+01 0.000000000000000000e+00
9.038575195312500000e+03 1.439144134521484375e+01 0.000000000000000000e+00
9.040654296875000000e+03 1.479931259155273438e+01 0.000000000000000000e+00
9.042739257812500000e+03 1.446677207946777344e+01 0.000000000000000000e+00
9.044819335937500000e+03 1.389690971374511719e+01 0.000000000000000000e+00
9.046905273437500000e+03 1.414527606964111328e+01 0.000000000000000000e+00
9.048986328125000000e+03 1.468799686431884766e+01 0.000000000000000000e+00
9.051073242187500000e+03 1.405741119384765625e+01 0.000000000000000000e+00
9.053155273437500000e+03 1.518280124664306641e+01 0.000000000000000000e+00
9.055238281250000000e+03 1.474676322937011719e+01 0.000000000000000000e+00
9.057326171875000000e+03 1.328781795501708984e+01 0.000000000000000000e+00
9.059410156250000000e+03 1.396450233459472656e+01 0.000000000000000000e+00
9.061499023437500000e+03 1.381268692016601562e+01 0.000000000000000000e+00
9.063583984375000000e+03 1.395597648620605469e+01 0.000000000000000000e+00
9.065673828125000000e+03 1.380073356628417969e+01 0.000000000000000000e+00
9.067758789062500000e+03 1.376709556579589844e+01 0.000000000000000000e+00
9.069845703125000000e+03 1.389353656768798828e+01 0.000000000000000000e+00
9.071936523437500000e+03 1.380221939086914062e+01 0.000000000000000000e+00
9.074023437500000000e+03 1.399638080596923828e+01 0.000000000000000000e+00
9.076116210937500000e+03 1.496265506744384766e+01 0.000000000000000000e+00
9.078204101562500000e+03 1.408146190643310547e+01 0.000000000000000000e+00
9.080297851562500000e+03 1.382624530792236328e+01 0.000000000000000000e+00
9.082386718750000000e+03 1.461321735382080078e+01 0.000000000000000000e+00
9.084475585937500000e+03 1.431537532806396484e+01 0.000000000000000000e+00
9.086570312500000000e+03 1.356839847564697266e+01 0.000000000000000000e+00
9.088661132812500000e+03 1.331623840332031250e+01 0.000000000000000000e+00
9.090756835937500000e+03 1.367102050781250000e+01 0.000000000000000000e+00
9.092848632812500000e+03 1.437027263641357422e+01 0.000000000000000000e+00
9.094945312500000000e+03 1.417354679107666016e+01 0.000000000000000000e+00
9.097037109375000000e+03 1.260901451110839844e+01 0.000000000000000000e+00
9.099129882812500000e+03 1.226699161529541016e+01 0.000000000000000000e+00
9.101228515625000000e+03 1.291546630859375000e+01 0.000000000000000000e+00
9.103322265625000000e+03 1.354071426391601562e+01 0.000000000000000000e+00
9.105420898437500000e+03 1.343829917907714844e+01 0.000000000000000000e+00
9.107515625000000000e+03 1.317594146728515625e+01 0.000000000000000000e+00
9.109616210937500000e+03 1.367765140533447266e+01 0.000000000000000000e+00
9.111711914062500000e+03 1.408814620971679688e+01 0.000000000000000000e+00
9.113807617187500000e+03 1.280669021606445312e+01 0.000000000000000000e+00
9.115909179687500000e+03 1.361407470703125000e+01 0.000000000000000000e+00
9.118006835937500000e+03 1.398101806640625000e+01 0.000000000000000000e+00
9.120109375000000000e+03 1.314750194549560547e+01 0.000000000000000000e+00
9.122207031250000000e+03 1.351410770416259766e+01 0.000000000000000000e+00
9.124310546875000000e+03 1.475462532043457031e+01 0.000000000000000000e+00
9.126410156250000000e+03 1.433000278472900391e+01 0.000000000000000000e+00
9.128509765625000000e+03 1.321684932708740234e+01 0.000000000000000000e+00
9.130614257812500000e+03 1.284378433227539062e+01 0.000000000000000000e+00
9.132714843750000000e+03 1.313246631622314453e+01 0.000000000000000000e+00
9.134821289062500000e+03 1.325298213958740234e+01 0.000000000000000000e+00
9.136921875000000000e+03 1.349857330322265625e+01 0.000000000000000000e+00
9.139029296875000000e+03 1.337884235382080078e+01 0.000000000000000000e+00
9.141131835937500000e+03 1.336389636993408203e+01 0.000000000000000000e+00
9.143234375000000000e+03 1.338577651977539062e+01 0.000000000000000000e+00
9.145342773437500000e+03 1.373254585266113281e+01 0.000000000000000000e+00
9.147447265625000000e+03 1.422146320343017578e+01 0.000000000000000000e+00
9.149556640625000000e+03 1.307600402832031250e+01 0.000000000000000000e+00
9.151661132812500000e+03 1.256220626831054688e+01 0.000000000000000000e+00
9.153771484375000000e+03 1.257294940948486328e+01 0.000000000000000000e+00
9.155876953125000000e+03 1.249600219726562500e+01 0.000000000000000000e+00
9.157983398437500000e+03 1.209058094024658203e+01 0.000000000000000000e+00
9.160095703125000000e+03 1.179825878143310547e+01 0.000000000000000000e+00
9.162203125000000000e+03 1.241633701324462891e+01 0.000000000000000000e+00
9.164315429687500000e+03 1.278755569458007812e+01 0.000000000000000000e+00
9.166423828125000000e+03 1.269250965118408203e+01 0.000000000000000000e+00
9.168537109375000000e+03 1.250741958618164062e+01 0.000000000000000000e+00
9.170646484375000000e+03 1.288753032684326172e+01 0.000000000000000000e+00
9.172761718750000000e+03 1.372667026519775391e+01 0.000000000000000000e+00
9.174871093750000000e+03 1.334601116180419922e+01 0.000000000000000000e+00
9.176982421875000000e+03 1.266409397125244141e+01 0.000000000000000000e+00
9.179098632812500000e+03 1.302935886383056641e+01 0.000000000000000000e+00
9.181209960937500000e+03 1.295409965515136719e+01 0.000000000000000000e+00
9.183327148437500000e+03 1.259330081939697266e+01 0.000000000000000000e+00
9.185439453125000000e+03 1.321013355255126953e+01 0.000000000000000000e+00
9.187557617187500000e+03 1.312407779693603516e+01 0.000000000000000000e+00
9.189671875000000000e+03 1.343427371978759766e+01 0.000000000000000000e+00
9.191785156250000000e+03 1.230230903625488281e+01 0.000000000000000000e+00
9.193905273437500000e+03 1.191823577880859375e+01 0.000000000000000000e+00
9.196020507812500000e+03 1.279153728485107422e+01 0.000000000000000000e+00
9.198140625000000000e+03 1.297324371337890625e+01 0.000000000000000000e+00
9.200256835937500000e+03 1.265295982360839844e+01 0.000000000000000000e+00
9.202378906250000000e+03 1.285216140747070312e+01 0.000000000000000000e+00
9.204495117187500000e+03 1.303782367706298828e+01 0.000000000000000000e+00
9.206613281250000000e+03 1.310949420928955078e+01 0.000000000000000000e+00
9.208736328125000000e+03 1.293748664855957031e+01 0.000000000000000000e+00
9.210854492187500000e+03 1.289889430999755859e+01 0.000000000000000000e+00
9.212978515625000000e+03 1.417649173736572266e+01 0.000000000000000000e+00
9.215097656250000000e+03 1.280264186859130859e+01 0.000000000000000000e+00
9.217222656250000000e+03 1.189746665954589844e+01 0.000000000000000000e+00
9.219342773437500000e+03 1.269038105010986328e+01 0.000000000000000000e+00
9.221463867187500000e+03 1.366654682159423828e+01 0.000000000000000000e+00
9.223590820312500000e+03 1.340062999725341797e+01 0.000000000000000000e+00
9.225712890625000000e+03 1.353144931793212891e+01 0.000000000000000000e+00
9.227839843750000000e+03 1.280738067626953125e+01 0.000000000000000000e+00
9.229962890625000000e+03 1.308188819885253906e+01 0.000000000000000000e+00
9.232090820312500000e+03 1.381440162658691406e+01 0.000000000000000000e+00
9.234214843750000000e+03 1.399799251556396484e+01 0.000000000000000000e+00
9.236338867187500000e+03 1.353300189971923828e+01 0.000000000000000000e+00
9.238468750000000000e+03 1.287794494628906250e+01 0.000000000000000000e+00
9.240594726562500000e+03 1.240765571594238281e+01 0.000000000000000000e+00
9.242725585937500000e+03 1.262018394470214844e+01 0.000000000000000000e+00
9.244851562500000000e+03 1.273681640625000000e+01 0.000000000000000000e+00
9.246983398437500000e+03 1.264326000213623047e+01 0.000000000000000000e+00
9.249110351562500000e+03 1.296265506744384766e+01 0.000000000000000000e+00
9.251238281250000000e+03 1.332434177398681641e+01 0.000000000000000000e+00
9.253372070312500000e+03 1.339070224761962891e+01 0.000000000000000000e+00
9.255500976562500000e+03 1.258510684967041016e+01 0.000000000000000000e+00
9.257634765625000000e+03 1.231632328033447266e+01 0.000000000000000000e+00
9.259764648437500000e+03 1.256255245208740234e+01 0.000000000000000000e+00
9.261899414062500000e+03 1.262381458282470703e+01 0.000000000000000000e+00
9.264030273437500000e+03 1.431299972534179688e+01 0.000000000000000000e+00
9.266162109375000000e+03 1.372077846527099609e+01 0.000000000000000000e+00
9.268298828125000000e+03 1.303311347961425781e+01 0.000000000000000000e+00
9.270430664062500000e+03 1.300829505920410156e+01 0.000000000000000000e+00
9.272568359375000000e+03 1.285366630554199219e+01 0.000000000000000000e+00
9.274701171875000000e+03 1.226832485198974609e+01 0.000000000000000000e+00
9.276839843750000000e+03 1.292135620117187500e+01 0.000000000000000000e+00
9.278974609375000000e+03 1.410530281066894531e+01 0.000000000000000000e+00
9.281109375000000000e+03 1.341452217102050781e+01 0.000000000000000000e+00
9.283249023437500000e+03 1.274462318420410156e+01 0.000000000000000000e+00
9.285384765625000000e+03 1.342449188232421875e+01 0.000000000000000000e+00
9.287526367187500000e+03 1.402287006378173828e+01 0.000000000000000000e+00
9.289662109375000000e+03 1.313924407958984375e+01 0.000000000000000000e+00
9.291804687500000000e+03 1.396349620819091797e+01 0.000000000000000000e+00
9.293942382812500000e+03 1.265553569793701172e+01 0.000000000000000000e+00
9.296080078125000000e+03 1.267836952209472656e+01 0.000000000000000000e+00
9.298223632812500000e+03 1.422187232971191406e+01 0.000000000000000000e+00
9.300363281250000000e+03 1.373449611663818359e+01 0.000000000000000000e+00
9.302507812500000000e+03 1.416441154479980469e+01 0.000000000000000000e+00
9.304647460937500000e+03 1.289138126373291016e+01 0.000000000000000000e+00
9.306792968750000000e+03 1.251318359375000000e+01 0.000000000000000000e+00
9.308934570312500000e+03 1.189773082733154297e+01 0.000000000000000000e+00
9.311076171875000000e+03 9.158243179321289062e+00 0.000000000000000000e+00
9.313222656250000000e+03 7.795174121856689453e+00 0.000000000000000000e+00
9.315365234375000000e+03 1.612256240844726562e+01 0.000000000000000000e+00
9.317513671875000000e+03 1.499200630187988281e+01 0.000000000000000000e+00
9.319657226562500000e+03 1.325373268127441406e+01 0.000000000000000000e+00
9.321805664062500000e+03 1.083692550659179688e+01 0.000000000000000000e+00
9.323950195312500000e+03 1.148159885406494141e+01 0.000000000000000000e+00
9.326095703125000000e+03 1.824966430664062500e+01 0.000000000000000000e+00
9.328246093750000000e+03 1.390474224090576172e+01 0.000000000000000000e+00
9.330391601562500000e+03 1.410560894012451172e+01 0.000000000000000000e+00
9.332543945312500000e+03 1.399435329437255859e+01 0.000000000000000000e+00
9.334690429687500000e+03 1.321895694732666016e+01 0.000000000000000000e+00
9.336842773437500000e+03 1.375775241851806641e+01 0.000000000000000000e+00
9.338991210937500000e+03 1.504699039459228516e+01 0.000000000000000000e+00
9.341144531250000000e+03 1.421018695831298828e+01 0.000000000000000000e+00
9.343293945312500000e+03 1.235669898986816406e+01 0.000000000000000000e+00
9.345443359375000000e+03 1.237469100952148438e+01 0.000000000000000000e+00
9.347597656250000000e+03 1.292459487915039062e+01 0.000000000000000000e+00
9.349748046875000000e+03 1.310035514831542969e+01 0.000000000000000000e+00
9.351904296875000000e+03 1.355420494079589844e+01 0.000000000000000000e+00
9.354055664062500000e+03 1.321922683715820312e+01 0.000000000000000000e+00
9.356212890625000000e+03 1.248270606994628906e+01 0.000000000000000000e+00
9.358365234375000000e+03 1.220950889587402344e+01 0.000000000000000000e+00
9.360518554687500000e+03 1.281976127624511719e+01 0.000000000000000000e+00
9.362676757812500000e+03 1.294720840454101562e+01 0.000000000000000000e+00
9.364830078125000000e+03 1.194344329833984375e+01 0.000000000000000000e+00
9.366990234375000000e+03 1.349351787567138672e+01 0.000000000000000000e+00
9.369144531250000000e+03 1.284814548492431641e+01 0.000000000000000000e+00
9.371305664062500000e+03 1.421818447113037109e+01 0.000000000000000000e+00
9.373460937500000000e+03 4.622054100036621094e+00 0.000000000000000000e+00
9.375617187500000000e+03 2.095544099807739258e+00 0.000000000000000000e+00
9.377779296875000000e+03 2.624206352233886719e+01 0.000000000000000000e+00
9.379936523437500000e+03 1.594606781005859375e+01 0.000000000000000000e+00
9.382099609375000000e+03 1.175468158721923828e+01 0.000000000000000000e+00
9.384257812500000000e+03 1.245300579071044922e+01 0.000000000000000000e+00
9.386421875000000000e+03 1.353236484527587891e+01 0.000000000000000000e+00
9.388582031250000000e+03 1.350087738037109375e+01 0.000000000000000000e+00
9.390741210937500000e+03 1.256709003448486328e+01 0.000000000000000000e+00
9.392907226562500000e+03 1.361192417144775391e+01 0.000000000000000000e+00
9.395067382812500000e+03 1.428668403625488281e+01 0.000000000000000000e+00
9.397234375000000000e+03 1.284315013885498047e+01 0.000000000000000000e+00
9.399396484375000000e+03 1.234854125976562500e+01 0.000000000000000000e+00
9.401563476562500000e+03 1.284984588623046875e+01 0.000000000000000000e+00
9.403726562500000000e+03 1.231658172607421875e+01 0.000000000000000000e+00
9.405889648437500000e+03 1.468735980987548828e+01 0.000000000000000000e+00
9.408058593750000000e+03 1.297196769714355469e+01 0.000000000000000000e+00
9.410222656250000000e+03 1.312738418579101562e+01 0.000000000000000000e+00
9.412392578125000000e+03 1.315904808044433594e+01 0.000000000000000000e+00
9.414558593750000000e+03 1.210514068603515625e+01 0.000000000000000000e+00
9.416729492187500000e+03 1.233400726318359375e+01 0.000000000000000000e+00
9.418895507812500000e+03 1.115443229675292969e+01 0.000000000000000000e+00
9.421062500000000000e+03 1.370763015747070312e+01 0.000000000000000000e+00
9.423234375000000000e+03 1.296034049987792969e+01 0.000000000000000000e+00
9.425402343750000000e+03 1.212593078613281250e+01 0.000000000000000000e+00
9.427576171875000000e+03 1.336833858489990234e+01 0.000000000000000000e+00
9.429745117187500000e+03 1.325039100646972656e+01 0.000000000000000000e+00
9.431918945312500000e+03 1.225999546051025391e+01 0.000000000000000000e+00
9.434088867187500000e+03 1.374355030059814453e+01 0.000000000000000000e+00
9.436259765625000000e+03 1.304755115509033203e+01 0.000000000000000000e+00
9.438435546875000000e+03 1.015972328186035156e+01 0.000000000000000000e+00
9.440606445312500000e+03 1.282367038726806641e+01 0.000000000000000000e+00
9.442783203125000000e+03 2.075289154052734375e+01 0.000000000000000000e+00
9.444956054687500000e+03 9.233873367309570312e+00 0.000000000000000000e+00
9.447133789062500000e+03 1.180981922149658203e+01 0.000000000000000000e+00
9.449307617187500000e+03 1.254977226257324219e+01 0.000000000000000000e+00
9.451481445312500000e+03 1.285524749755859375e+01 0.000000000000000000e+00
9.453660156250000000e+03 1.557961177825927734e+01 0.000000000000000000e+00
9.455834960937500000e+03 1.303993511199951172e+01 0.000000000000000000e+00
9.458015625000000000e+03 5.286172866821289062e+00 0.000000000000000000e+00
9.460191406250000000e+03 1.668061447143554688e+01 0.000000000000000000e+00
9.462373046875000000e+03 1.717007255554199219e+01 0.000000000000000000e+00
9.464549804687500000e+03 1.214320182800292969e+01 0.000000000000000000e+00
9.466727539062500000e+03 1.234924221038818359e+01 0.000000000000000000e+00
9.468910156250000000e+03 1.333492660522460938e+01 0.000000000000000000e+00
9.471088867187500000e+03 1.338211917877197266e+01 0.000000000000000000e+00
9.473272460937500000e+03 1.350170135498046875e+01 0.000000000000000000e+00
9.475452148437500000e+03 1.069956493377685547e+01 0.000000000000000000e+00
9.477636718750000000e+03 1.058498382568359375e+01 0.000000000000000000e+00
9.479817382812500000e+03 1.408487987518310547e+01 0.000000000000000000e+00
9.481998046875000000e+03 1.455013561248779297e+01 0.000000000000000000e+00
9.484184570312500000e+03 1.184650611877441406e+01 0.000000000000000000e+00
9.486366210937500000e+03 1.206734848022460938e+01 0.000000000000000000e+00
9.488553710937500000e+03 1.202607631683349609e+01 0.000000000000000000e+00
9.490736328125000000e+03 1.179477596282958984e+01 0.000000000000000000e+00
9.492925781250000000e+03 1.245901393890380859e+01 0.000000000000000000e+00
9.495109375000000000e+03 1.275994396209716797e+01 0.000000000000000000e+00
9.497293945312500000e+03 1.069503116607666016e+01 0.000000000000000000e+00
9.499483398437500000e+03 1.312221717834472656e+01 0.000000000000000000e+00
9.501668945312500000e+03 1.077549362182617188e+01 0.000000000000000000e+00
9.503860351562500000e+03 1.254651260375976562e+01 0.000000000000000000e+00
9.506045898437500000e+03 1.656637001037597656e+01 0.000000000000000000e+00
9.508238281250000000e+03 1.069254302978515625e+01 0.000000000000000000e+00
9.510425781250000000e+03 1.149005603790283203e+01 0.000000000000000000e+00
9.512619140625000000e+03 1.207887744903564453e+01 0.000000000000000000e+00
9.514807617187500000e+03 1.273107337951660156e+01 0.000000000000000000e+00
9.516996093750000000e+03 1.122464275360107422e+01 0.000000000000000000e+00
9.519190429687500000e+03 1.109001350402832031e+01 0.000000000000000000e+00
9.521380859375000000e+03 1.577245140075683594e+01 0.000000000000000000e+00
9.523576171875000000e+03 1.090195465087890625e+01 0.000000000000000000e+00
9.525766601562500000e+03 1.302850151062011719e+01 0.000000000000000000e+00
9.527963867187500000e+03 1.255554962158203125e+01 0.000000000000000000e+00
9.530155273437500000e+03 1.140144538879394531e+01 0.000000000000000000e+00
9.532347656250000000e+03 1.239990901947021484e+01 0.000000000000000000e+00
9.534545898437500000e+03 1.210779190063476562e+01 0.000000000000000000e+00
9.536739257812500000e+03 1.108394908905029297e+01 0.000000000000000000e+00
9.538938476562500000e+03 1.164782524108886719e+01 0.000000000000000000e+00
9.541132812500000000e+03 1.097523403167724609e+01 0.000000000000000000e+00
9.543333007812500000e+03 1.212781620025634766e+01 0.000000000000000000e+00
9.545528320312500000e+03 1.362152862548828125e+01 0.000000000000000000e+00
9.547724609375000000e+03 1.050197887420654297e+01 0.000000000000000000e+00
9.549926757812500000e+03 1.067067527770996094e+01 0.000000000000000000e+00
9.552123046875000000e+03 1.383024978637695312e+01 0.000000000000000000e+00
9.554326171875000000e+03 1.503986740112304688e+01 0.000000000000000000e+00
9.556523437500000000e+03 1.208763885498046875e+01 0.000000000000000000e+00
9.558727539062500000e+03 9.639144897460937500e+00 0.000000000000000000e+00
9.560926757812500000e+03 1.246836662292480469e+01 0.000000000000000000e+00
9.563125976562500000e+03 1.117261123657226562e+01 0.000000000000000000e+00
9.565331054687500000e+03 8.624495506286621094e+00 0.000000000000000000e+00
9.567532226562500000e+03 1.109663295745849609e+01 0.000000000000000000e+00
9.569738281250000000e+03 1.188847255706787109e+01 0.000000000000000000e+00
9.571939453125000000e+03 8.933012962341308594e+00 0.000000000000000000e+00
9.574146484375000000e+03 9.305621147155761719e+00 0.000000000000000000e+00
9.576349609375000000e+03 1.126231098175048828e+01 0.000000000000000000e+00
9.578552734375000000e+03 1.086894512176513672e+01 0.000000000000000000e+00
9.580760742187500000e+03 1.153845691680908203e+01 0.000000000000000000e+00
9.582964843750000000e+03 1.079978466033935547e+01 0.000000000000000000e+00
9.585174804687500000e+03 9.723634719848632812e+00 0.000000000000000000e+00
9.587379882812500000e+03 1.242010307312011719e+01 0.000000000000000000e+00
9.589590820312500000e+03 1.135172271728515625e+01 0.000000000000000000e+00
9.591796875000000000e+03 1.047056865692138672e+01 0.000000000000000000e+00
9.594003906250000000e+03 1.091061210632324219e+01 0.000000000000000000e+00
9.596215820312500000e+03 1.105930233001708984e+01 0.000000000000000000e+00
9.598423828125000000e+03 1.081719684600830078e+01 0.000000000000000000e+00
9.600636718750000000e+03 1.148118591308593750e+01 0.000000000000000000e+00
9.602845703125000000e+03 1.106987190246582031e+01 0.000000000000000000e+00
9.605059570312500000e+03 1.047975730895996094e+01 0.000000000000000000e+00
9.607269531250000000e+03 1.038523292541503906e+01 0.000000000000000000e+00
9.609479492187500000e+03 1.092304420471191406e+01 0.000000000000000000e+00
9.611695312500000000e+03 1.148570919036865234e+01 0.000000000000000000e+00
9.613906250000000000e+03 1.133233165740966797e+01 0.000000000000000000e+00
9.616124023437500000e+03 1.107409954071044922e+01 0.000000000000000000e+00
9.618335937500000000e+03 1.079063510894775391e+01 0.000000000000000000e+00
9.620553710937500000e+03 1.045470428466796875e+01 0.000000000000000000e+00
9.622766601562500000e+03 1.114891147613525391e+01 0.000000000000000000e+00
9.624980468750000000e+03 1.242224788665771484e+01 0.000000000000000000e+00
9.627200195312500000e+03 1.213437652587890625e+01 0.000000000000000000e+00
9.629415039062500000e+03 1.078332233428955078e+01 0.000000000000000000e+00
9.631635742187500000e+03 1.209506607055664062e+01 0.000000000000000000e+00
9.633851562500000000e+03 1.198874092102050781e+01 0.000000000000000000e+00
9.636072265625000000e+03 1.062791347503662109e+01 0.000000000000000000e+00
9.638289062500000000e+03 1.055150890350341797e+01 0.000000000000000000e+00
9.640506835937500000e+03 1.173918914794921875e+01 0.000000000000000000e+00
9.642729492187500000e+03 1.004328060150146484e+01 0.000000000000000000e+00
9.644948242187500000e+03 1.195682144165039062e+01 0.000000000000000000e+00
9.647171875000000000e+03 1.153126811981201172e+01 0.000000000000000000e+00
9.649391601562500000e+03 1.064335727691650391e+01 0.000000000000000000e+00
9.651617187500000000e+03 1.124969577789306641e+01 0.000000000000000000e+00
9.653836914062500000e+03 1.093672752380371094e+01 0.000000000000000000e+00
9.656057617187500000e+03 1.107850074768066406e+01 0.000000000000000000e+00
9.658284179687500000e+03 1.092197990417480469e+01 0.000000000000000000e+00
9.660506835937500000e+03 1.112353134155273438e+01 0.000000000000000000e+00
9.662734375000000000e+03 1.068657588958740234e+01 0.000000000000000000e+00
9.664957031250000000e+03 9.569963455200195312e+00 0.000000000000000000e+00
9.667185546875000000e+03 9.518372535705566406e+00 0.000000000000000000e+00
9.669410156250000000e+03 1.049655055999755859e+01 0.000000000000000000e+00
9.671633789062500000e+03 1.014397430419921875e+01 0.000000000000000000e+00
9.673864257812500000e+03 1.063834190368652344e+01 0.000000000000000000e+00
9.676089843750000000e+03 1.097523689270019531e+01 0.000000000000000000e+00
9.678321289062500000e+03 1.062599849700927734e+01 0.000000000000000000e+00
9.680547851562500000e+03 1.118300628662109375e+01 0.000000000000000000e+00
9.682780273437500000e+03 1.168117141723632812e+01 0.000000000000000000e+00
9.685007812500000000e+03 1.027412223815917969e+01 0.000000000000000000e+00
9.687241210937500000e+03 1.031579589843750000e+01 0.000000000000000000e+00
9.689469726562500000e+03 1.110602569580078125e+01 0.000000000000000000e+00
9.691698242187500000e+03 1.089613056182861328e+01 0.000000000000000000e+00
9.693933593750000000e+03 1.018848609924316406e+01 0.000000000000000000e+00
9.696163085937500000e+03 1.049906444549560547e+01 0.000000000000000000e+00
9.698399414062500000e+03 9.844073295593261719e+00 0.000000000000000000e+00
9.700629882812500000e+03 1.220262813568115234e+01 0.000000000000000000e+00
9.702867187500000000e+03 1.139705276489257812e+01 0.000000000000000000e+00
9.705099609375000000e+03 8.215925216674804688e+00 0.000000000000000000e+00
9.707332031250000000e+03 1.130678749084472656e+01 0.000000000000000000e+00
9.709570312500000000e+03 1.071746158599853516e+01 0.000000000000000000e+00
9.711804687500000000e+03 1.050335884094238281e+01 0.000000000000000000e+00
9.714043945312500000e+03 1.139613437652587891e+01 0.000000000000000000e+00
9.716278320312500000e+03 1.035631084442138672e+01 0.000000000000000000e+00
9.718518554687500000e+03 1.059124851226806641e+01 0.000000000000000000e+00
9.720754882812500000e+03 1.619903373718261719e+01 0.000000000000000000e+00
9.722991210937500000e+03 1.167755317687988281e+01 0.000000000000000000e+00
9.725233398437500000e+03 1.083565425872802734e+01 0.000000000000000000e+00
9.727470703125000000e+03 1.199320030212402344e+01 0.000000000000000000e+00
9.729713867187500000e+03 1.207664012908935547e+01 0.000000000000000000e+00
9.731952148437500000e+03 1.151247406005859375e+01 0.000000000000000000e+00
9.734196289062500000e+03 1.156656074523925781e+01 0.000000000000000000e+00
9.736435546875000000e+03 9.583092689514160156e+00 0.000000000000000000e+00
9.738674804687500000e+03 1.178651046752929688e+01 0.000000000000000000e+00
9.740920898437500000e+03 1.253770065307617188e+01 0.000000000000000000e+00
9.743162109375000000e+03 1.186135005950927734e+01 0.000000000000000000e+00
9.745408203125000000e+03 1.148894500732421875e+01 0.000000000000000000e+00
9.747650390625000000e+03 1.071785736083984375e+01 0.000000000000000000e+00
9.749898437500000000e+03 1.038339614868164062e+01 0.000000000000000000e+00
9.752141601562500000e+03 1.111668491363525391e+01 0.000000000000000000e+00
9.754384765625000000e+03 1.140680027008056641e+01 0.000000000000000000e+00
9.756633789062500000e+03 1.121275234222412109e+01 0.000000000000000000e+00
9.758878906250000000e+03 1.123986053466796875e+01 0.000000000000000000e+00
9.761128906250000000e+03 1.160403060913085938e+01 0.000000000000000000e+00
9.763374023437500000e+03 1.133714771270751953e+01 0.000000000000000000e+00
9.765625976562500000e+03 9.190414428710937500e+00 0.000000000000000000e+00
9.767872070312500000e+03 1.024072456359863281e+01 0.000000000000000000e+00
9.770119140625000000e+03 1.241813278198242188e+01 0.000000000000000000e+00
9.772372070312500000e+03 1.218929386138916016e+01 0.000000000000000000e+00
9.774620117187500000e+03 1.044628715515136719e+01 0.000000000000000000e+00
9.776875000000000000e+03 1.049517250061035156e+01 0.000000000000000000e+00
9.779124023437500000e+03 1.132934856414794922e+01 0.000000000000000000e+00
9.781378906250000000e+03 1.162089920043945312e+01 0.000000000000000000e+00
9.783628906250000000e+03 1.103116798400878906e+01 0.000000000000000000e+00
9.785879882812500000e+03 9.922304153442382812e+00 0.000000000000000000e+00
9.788136718750000000e+03 1.006564712524414062e+01 0.000000000000000000e+00
9.790387695312500000e+03 1.452423954010009766e+01 0.000000000000000000e+00
9.792645507812500000e+03 1.387469959259033203e+01 0.000000000000000000e+00
9.794898437500000000e+03 1.060431575775146484e+01 0.000000000000000000e+00
9.797157226562500000e+03 9.949254035949707031e+00 0.000000000000000000e+00
9.799411132812500000e+03 1.194686031341552734e+01 0.000000000000000000e+00
9.801665039062500000e+03 1.170576953887939453e+01 0.000000000000000000e+00
9.803925781250000000e+03 9.538436889648437500e+00 0.000000000000000000e+00
9.806180664062500000e+03 1.069410896301269531e+01 0.000000000000000000e+00
9.808442382812500000e+03 1.132078742980957031e+01 0.000000000000000000e+00
9.810698242187500000e+03 1.103175258636474609e+01 0.000000000000000000e+00
9.812960937500000000e+03 1.123589229583740234e+01 0.000000000000000000e+00
9.815218750000000000e+03 1.139024353027343750e+01 0.000000000000000000e+00
9.817476562500000000e+03 9.832919120788574219e+00 0.000000000000000000e+00
9.819740234375000000e+03 9.804703712463378906e+00 0.000000000000000000e+00
9.821999023437500000e+03 1.044071960449218750e+01 0.000000000000000000e+00
9.824264648437500000e+03 1.061074256896972656e+01 0.000000000000000000e+00
9.826524414062500000e+03 1.035322666168212891e+01 0.000000000000000000e+00
9.828790039062500000e+03 1.043077468872070312e+01 0.000000000000000000e+00
9.831051757812500000e+03 1.069500064849853516e+01 0.000000000000000000e+00
9.833312500000000000e+03 1.017634773254394531e+01 0.000000000000000000e+00
9.835580078125000000e+03 1.024219894409179688e+01 0.000000000000000000e+00
9.837842773437500000e+03 1.165581417083740234e+01 0.000000000000000000e+00
9.840111328125000000e+03 1.218891239166259766e+01 0.000000000000000000e+00
9.842375000000000000e+03 9.419525146484375000e+00 0.000000000000000000e+00
9.844645507812500000e+03 9.122984886169433594e+00 0.000000000000000000e+00
9.846910156250000000e+03 1.181418037414550781e+01 0.000000000000000000e+00
9.849174804687500000e+03 1.030532264709472656e+01 0.000000000000000000e+00
9.851446289062500000e+03 9.950580596923828125e+00 0.000000000000000000e+00
9.853712890625000000e+03 1.274861907958984375e+01 0.000000000000000000e+00
9.855984375000000000e+03 1.111339282989501953e+01 0.000000000000000000e+00
9.858251953125000000e+03 9.680572509765625000e+00 0.000000000000000000e+00
9.860525390625000000e+03 1.186499214172363281e+01 0.000000000000000000e+00
9.862793945312500000e+03 1.041765785217285156e+01 0.000000000000000000e+00
9.865068359375000000e+03 9.775295257568359375e+00 0.000000000000000000e+00
9.867337890625000000e+03 1.095722198486328125e+01 0.000000000000000000e+00
9.869607421875000000e+03 7.958529472351074219e+00 0.000000000000000000e+00
9.871883789062500000e+03 1.240406608581542969e+01 0.000000000000000000e+00
9.874154296875000000e+03 1.332923603057861328e+01 0.000000000000000000e+00
9.876431640625000000e+03 1.010015106201171875e+01 0.000000000000000000e+00
9.878703125000000000e+03 8.943121910095214844e+00 0.000000000000000000e+00
9.880981445312500000e+03 1.094102764129638672e+01 0.000000000000000000e+00
9.883254882812500000e+03 1.085490322113037109e+01 0.000000000000000000e+00
9.885528320312500000e+03 1.190486240386962891e+01 0.000000000000000000e+00
9.887807617187500000e+03 1.157620048522949219e+01 0.000000000000000000e+00
9.890083007812500000e+03 1.145286750793457031e+01 0.000000000000000000e+00
9.892363281250000000e+03 1.186352252960205078e+01 0.000000000000000000e+00
9.894638671875000000e+03 1.257937335968017578e+01 0.000000000000000000e+00
9.896920898437500000e+03 1.326308917999267578e+01 0.000000000000000000e+00
9.899197265625000000e+03 1.145299720764160156e+01 0.000000000000000000e+00
9.901474609375000000e+03 1.056592559814453125e+01 0.000000000000000000e+00
9.903757812500000000e+03 9.342140197753906250e+00 0.000000000000000000e+00
9.906036132812500000e+03 9.943789482116699219e+00 0.000000000000000000e+00
9.908320312500000000e+03 1.205197811126708984e+01 0.000000000000000000e+00
9.910599609375000000e+03 1.111125183105468750e+01 0.000000000000000000e+00
9.912885742187500000e+03 1.041143608093261719e+01 0.000000000000000000e+00
9.915166015625000000e+03 1.703227615356445312e+01 0.000000000000000000e+00
9.917447265625000000e+03 1.113714981079101562e+01 0.000000000000000000e+00
9.919733398437500000e+03 4.971248149871826172e+00 0.000000000000000000e+00
9.922015625000000000e+03 9.684817314147949219e+00 0.000000000000000000e+00
9.924303710937500000e+03 1.202023887634277344e+01 0.000000000000000000e+00
9.926586914062500000e+03 1.130016517639160156e+01 0.000000000000000000e+00
9.928875976562500000e+03 1.147949218750000000e+01 0.000000000000000000e+00
9.931160156250000000e+03 1.034877300262451172e+01 0.000000000000000000e+00
9.933444335937500000e+03 1.040236759185791016e+01 0.000000000000000000e+00
9.935735351562500000e+03 1.167603397369384766e+01 0.000000000000000000e+00
9.938020507812500000e+03 1.005301856994628906e+01 0.000000000000000000e+00
9.940312500000000000e+03 1.131520462036132812e+01 0.000000000000000000e+00
9.942599609375000000e+03 1.153058147430419922e+01 0.000000000000000000e+00
9.944892578125000000e+03 1.160323619842529297e+01 0.000000000000000000e+00
9.947179687500000000e+03 1.219480991363525391e+01 0.000000000000000000e+00
9.949468750000000000e+03 1.114511108398437500e+01 0.000000000000000000e+00
9.951762695312500000e+03 7.175517082214355469e+00 0.000000000000000000e+00
9.954051757812500000e+03 8.498457908630371094e+00 0.000000000000000000e+00
9.956347656250000000e+03 1.134445381164550781e+01 0.000000000000000000e+00
9.958637695312500000e+03 5.826362133026123047e+00 0.000000000000000000e+00
9.960934570312500000e+03 3.802993297576904297e+00 0.000000000000000000e+00
9.963225585937500000e+03 9.146374702453613281e+00 0.000000000000000000e+00
9.965517578125000000e+03 6.761997699737548828e+00 0.000000000000000000e+00
9.967815429687500000e+03 6.577580451965332031e+00 0.000000000000000000e+00
9.970109375000000000e+03 9.229834556579589844e+00 0.000000000000000000e+00
9.972408203125000000e+03 1.048059844970703125e+01 0.000000000000000000e+00
9.974702148437500000e+03 9.529921531677246094e+00 0.000000000000000000e+00
9.977001953125000000e+03 8.783297538757324219e+00 0.000000000000000000e+00
9.979297851562500000e+03 1.023850917816162109e+01 0.000000000000000000e+00
9.981592773437500000e+03 1.126673698425292969e+01 0.000000000000000000e+00
9.983894531250000000e+03 1.273339748382568359e+01 0.000000000000000000e+00
9.986191406250000000e+03 1.240710830688476562e+01 0.000000000000000000e+00
9.988494140625000000e+03 1.087536239624023438e+01 0.000000000000000000e+00
9.990791992187500000e+03 1.020730781555175781e+01 0.000000000000000000e+00
9.993096679687500000e+03 1.101226997375488281e+01 0.000000000000000000e+00
9.995395507812500000e+03 1.143083763122558594e+01 0.000000000000000000e+00
9.997694335937500000e+03 1.077465820312500000e+01 0.000000000000000000e+00
1.000000000000000000e+04 1.198622798919677734e+01 0.000000000000000000e+00
1.000230566406250000e+04 1.129712295532226562e+01 0.000000000000000000e+00
1.000460156250000000e+04 1.040188694000244141e+01 0.000000000000000000e+00
1.000690820312500000e+04 1.468082523345947266e+01 0.000000000000000000e+00
1.000921582031250000e+04 5.788019657135009766e+00 0.000000000000000000e+00
1.001152441406250000e+04 1.384475803375244141e+01 0.000000000000000000e+00
1.001382226562500000e+04 1.857736778259277344e+01 0.000000000000000000e+00
1.001613085937500000e+04 8.723745346069335938e+00 0.000000000000000000e+00
1.001844042968750000e+04 -4.379064738750457764e-01 0.000000000000000000e+00
1.002074023437500000e+04 9.770734786987304688e+00 0.000000000000000000e+00
1.002305078125000000e+04 9.898488044738769531e+00 0.000000000000000000e+00
1.002536230468750000e+04 1.137996673583984375e+01 0.000000000000000000e+00
1.002767382812500000e+04 9.613459587097167969e+00 0.000000000000000000e+00
1.002997558593750000e+04 8.241672515869140625e+00 0.000000000000000000e+00
1.003228808593750000e+04 1.020209121704101562e+01 0.000000000000000000e+00
1.003460156250000000e+04 1.021996879577636719e+01 0.000000000000000000e+00
1.003690429687500000e+04 1.175100231170654297e+01 0.000000000000000000e+00
1.003921875000000000e+04 9.572737693786621094e+00 0.000000000000000000e+00
1.004153417968750000e+04 9.679877281188964844e+00 0.000000000000000000e+00
1.004384960937500000e+04 1.174476623535156250e+01 0.000000000000000000e+00
1.004615429687500000e+04 1.139003181457519531e+01 0.000000000000000000e+00
1.004847070312500000e+04 8.286412239074707031e+00 0.000000000000000000e+00
1.005078808593750000e+04 9.273956298828125000e+00 0.000000000000000000e+00
1.005309472656250000e+04 1.121406173706054688e+01 0.000000000000000000e+00
1.005541308593750000e+04 1.045940685272216797e+01 0.000000000000000000e+00
1.005773242187500000e+04 1.163706111907958984e+01 0.000000000000000000e+00
1.006005078125000000e+04 1.534198760986328125e+01 0.000000000000000000e+00
1.006236035156250000e+04 1.329478359222412109e+01 0.000000000000000000e+00
1.006468066406250000e+04 8.612531661987304688e+00 0.000000000000000000e+00
1.006700097656250000e+04 9.101115226745605469e+00 0.000000000000000000e+00
1.006931152343750000e+04 1.138164615631103516e+01 0.000000000000000000e+00
1.007163378906250000e+04 1.145595645904541016e+01 0.000000000000000000e+00
1.007395605468750000e+04 1.067892932891845703e+01 0.000000000000000000e+00
1.007627929687500000e+04 1.237273502349853516e+01 0.000000000000000000e+00
1.007859179687500000e+04 9.719601631164550781e+00 0.000000000000000000e+00
1.008091601562500000e+04 1.222274494171142578e+01 0.000000000000000000e+00
1.008324023437500000e+04 9.733072280883789062e+00 0.000000000000000000e+00
1.008555468750000000e+04 6.926856040954589844e+00 0.000000000000000000e+00
1.008787988281250000e+04 9.165548324584960938e+00 0.000000000000000000e+00
1.009020605468750000e+04 9.828208923339843750e+00 0.000000000000000000e+00
1.009253320312500000e+04 1.245391178131103516e+01 0.000000000000000000e+00
1.009484960937500000e+04 1.221119785308837891e+01 0.000000000000000000e+00
1.009717773437500000e+04 1.176573181152343750e+01 0.000000000000000000e+00
1.009950585937500000e+04 1.184843730926513672e+01 0.000000000000000000e+00
1.010182324218750000e+04 1.214042568206787109e+01 0.000000000000000000e+00
1.010415332031250000e+04 1.281838607788085938e+01 0.000000000000000000e+00
1.010648339843750000e+04 1.039012527465820312e+01 0.000000000000000000e+00
1.010881347656250000e+04 6.934290409088134766e+00 0.000000000000000000e+00
1.011113378906250000e+04 9.701000213623046875e+00 0.000000000000000000e+00
1.011346484375000000e+04 1.424275684356689453e+01 0.000000000000000000e+00
1.011579687500000000e+04 1.454870510101318359e+01 0.000000000000000000e+00
1.011811914062500000e+04 1.252709388732910156e+01 0.000000000000000000e+00
1.012045214843750000e+04 9.555227279663085938e+00 0.000000000000000000e+00
1.012278613281250000e+04 1.127754402160644531e+01 0.000000000000000000e+00
1.012512011718750000e+04 1.203667163848876953e+01 0.000000000000000000e+00
1.012744335937500000e+04 6.138352870941162109e+00 0.000000000000000000e+00
1.012977929687500000e+04 1.819202065467834473e+00 0.000000000000000000e+00
1.013211523437500000e+04 1.262297248840332031e+01 0.000000000000000000e+00
1.013444042968750000e+04 1.386093139648437500e+01 0.000000000000000000e+00
1.013677734375000000e+04 1.034654808044433594e+01 0.000000000000000000e+00
1.013911523437500000e+04 9.859679222106933594e+00 0.000000000000000000e+00
1.014145312500000000e+04 1.143651580810546875e+01 0.000000000000000000e+00
1.014378027343750000e+04 1.225443553924560547e+01 0.000000000000000000e+00
1.014611914062500000e+04 1.272668743133544922e+01 0.000000000000000000e+00
1.014845898437500000e+04 1.008000755310058594e+01 0.000000000000000000e+00
1.015078808593750000e+04 8.585864067077636719e+00 0.000000000000000000e+00
1.015312890625000000e+04 1.139436435699462891e+01 0.000000000000000000e+00
1.015547070312500000e+04 1.202461338043212891e+01 0.000000000000000000e+00
1.015781250000000000e+04 9.271884918212890625e+00 0.000000000000000000e+00
1.016014355468750000e+04 1.157805538177490234e+01 0.000000000000000000e+00
1.016248632812500000e+04 9.261994361877441406e+00 0.000000000000000000e+00
1.016483007812500000e+04 9.743755340576171875e+00 0.000000000000000000e+00
1.016716210937500000e+04 8.349402427673339844e+00 0.000000000000000000e+00
1.016950683593750000e+04 1.200359821319580078e+01 0.000000000000000000e+00
1.017185253906250000e+04 1.815636825561523438e+01 0.000000000000000000e+00
1.017419726562500000e+04 7.562816619873046875e+00 0.000000000000000000e+00
1.017653222656250000e+04 -1.974732875823974609e+00 0.000000000000000000e+00
1.017887890625000000e+04 1.038707923889160156e+01 0.000000000000000000e+00
1.018122656250000000e+04 1.375203990936279297e+01 0.000000000000000000e+00
1.018356347656250000e+04 9.846066474914550781e+00 0.000000000000000000e+00
1.018591113281250000e+04 1.041444015502929688e+01 0.000000000000000000e+00
1.018826074218750000e+04 7.824051380157470703e+00 0.000000000000000000e+00
1.019060937500000000e+04 1.180253028869628906e+01 0.000000000000000000e+00
1.019294824218750000e+04 7.341558456420898438e+00 0.000000000000000000e+00
1.019529882812500000e+04 1.088034629821777344e+01 0.000000000000000000e+00
1.019765039062500000e+04 1.144256782531738281e+01 0.000000000000000000e+00
1.019999023437500000e+04 4.822151184082031250e+00 0.000000000000000000e+00
1.020234277343750000e+04 1.399879455566406250e+01 0.000000000000000000e+00
1.020469531250000000e+04 1.316206264495849609e+01 0.000000000000000000e+00
1.020704785156250000e+04 5.729907035827636719e+00 0.000000000000000000e+00
1.020939062500000000e+04 1.371757507324218750e+01 0.000000000000000000e+00
1.021174511718750000e+04 1.844718933105468750e+01 0.000000000000000000e+00
1.021409960937500000e+04 6.114614486694335938e+00 0.000000000000000000e+00
1.021644433593750000e+04 3.599405527114868164e+00 0.000000000000000000e+00
1.021879980468750000e+04 1.076499271392822266e+01 0.000000000000000000e+00
1.022115625000000000e+04 9.110884666442871094e+00 0.000000000000000000e+00
1.022351367187500000e+04 9.158361434936523438e+00 0.000000000000000000e+00
1.022585937500000000e+04 1.330202198028564453e+01 0.000000000000000000e+00
1.022821777343750000e+04 1.299792098999023438e+01 0.000000000000000000e+00
1.023057617187500000e+04 5.015598297119140625e+00 0.000000000000000000e+00
1.023292382812500000e+04 7.526785373687744141e+00 0.000000000000000000e+00
1.023528417968750000e+04 1.064143085479736328e+01 0.000000000000000000e+00
1.023764355468750000e+04 8.302966117858886719e+00 0.000000000000000000e+00
1.024000488281250000e+04 7.270474910736083984e+00 0.000000000000000000e+00
1.024235449218750000e+04 1.166331481933593750e+01 0.000000000000000000e+00
1.024471679687500000e+04 1.311386966705322266e+01 0.000000000000000000e+00
1.024707910156250000e+04 1.004733085632324219e+01 0.000000000000000000e+00
1.024943066406250000e+04 1.059198760986328125e+01 0.000000000000000000e+00
1.025179394531250000e+04 1.208586406707763672e+01 0.000000000000000000e+00
1.025415820312500000e+04 1.340863227844238281e+01 0.000000000000000000e+00
1.025652343750000000e+04 1.336758422851562500e+01 0.000000000000000000e+00
1.025887695312500000e+04 9.599636077880859375e+00 0.000000000000000000e+00
1.026124218750000000e+04 1.021987724304199219e+01 0.000000000000000000e+00
1.026360839843750000e+04 1.259919738769531250e+01 0.000000000000000000e+00
1.026596386718750000e+04 1.168707561492919922e+01 0.000000000000000000e+00
1.026833105468750000e+04 1.072099590301513672e+01 0.000000000000000000e+00
1.027069921875000000e+04 1.194698333740234375e+01 0.000000000000000000e+00
1.027306738281250000e+04 9.942464828491210938e+00 0.000000000000000000e+00
1.027542578125000000e+04 7.176873207092285156e+00 0.000000000000000000e+00
1.027779492187500000e+04 1.445497512817382812e+01 0.000000000000000000e+00
1.028016503906250000e+04 8.491539001464843750e+00 0.000000000000000000e+00
1.028252441406250000e+04 4.095236301422119141e+00 0.000000000000000000e+00
1.028489550781250000e+04 1.894419860839843750e+01 0.000000000000000000e+00
1.028726660156250000e+04 2.493119812011718750e+01 0.000000000000000000e+00
1.028963964843750000e+04 -9.611624717712402344e+00 0.000000000000000000e+00
1.029200097656250000e+04 -1.517078208923339844e+01 0.000000000000000000e+00
1.029437402343750000e+04 1.454156208038330078e+01 0.000000000000000000e+00
1.029674804687500000e+04 2.329363250732421875e+01 0.000000000000000000e+00
1.029911132812500000e+04 -1.176300525665283203e+00 0.000000000000000000e+00
1.030148632812500000e+04 7.799326896667480469e+00 0.000000000000000000e+00
1.030386132812500000e+04 1.352195453643798828e+01 0.000000000000000000e+00
1.030623730468750000e+04 1.475312042236328125e+01 0.000000000000000000e+00
1.030860253906250000e+04 1.219198894500732422e+01 0.000000000000000000e+00
1.031097949218750000e+04 9.693122863769531250e+00 0.000000000000000000e+00
1.031335742187500000e+04 9.183371543884277344e+00 0.000000000000000000e+00
1.031573632812500000e+04 7.358630180358886719e+00 0.000000000000000000e+00
1.031810351562500000e+04 6.738837242126464844e+00 0.000000000000000000e+00
1.032048242187500000e+04 8.217069625854492188e+00 0.000000000000000000e+00
1.032286230468750000e+04 5.406124114990234375e+00 0.000000000000000000e+00
1.032523144531250000e+04 4.328007698059082031e+00 0.000000000000000000e+00
1.032761230468750000e+04 8.713342666625976562e+00 0.000000000000000000e+00
1.032999414062500000e+04 8.128294944763183594e+00 0.000000000000000000e+00
1.033237597656250000e+04 5.185898303985595703e+00 0.000000000000000000e+00
1.033474707031250000e+04 5.185898303985595703e+00 0.000000000000000000e+00
1.033713085937500000e+04 5.185898303985595703e+00 0.000000000000000000e+00
1.033951464843750000e+04 5.185898303985595703e+00 0.000000000000000000e+00
1.034188769531250000e+04 5.185898303985595703e+00 0.000000000000000000e+00
1.034427246093750000e+04 5.185898303985595703e+00 0.000000000000000000e+00
1.034665722656250000e+04 5.185898303985595703e+00 0.000000000000000000e+00
1.034904296875000000e+04 5.185898303985595703e+00 0.000000000000000000e+00
1.035141894531250000e+04 5.185898303985595703e+00 0.000000000000000000e+00
1.035380566406250000e+04 5.185898303985595703e+00 0.000000000000000000e+00
1.035619335937500000e+04 5.185898303985595703e+00 0.000000000000000000e+00
1.035856933593750000e+04 5.185898303985595703e+00 0.000000000000000000e+00
1.036095800781250000e+04 5.185898303985595703e+00 0.000000000000000000e+00
1.036334765625000000e+04 5.185898303985595703e+00 0.000000000000000000e+00
1.036573730468750000e+04 5.185898303985595703e+00 0.000000000000000000e+00
1.036811621093750000e+04 5.185898303985595703e+00 0.000000000000000000e+00
1.037050683593750000e+04 5.185898303985595703e+00 0.000000000000000000e+00
1.037289843750000000e+04 5.185898303985595703e+00 0.000000000000000000e+00
1.037527929687500000e+04 5.185898303985595703e+00 0.000000000000000000e+00
1.037767187500000000e+04 5.185898303985595703e+00 0.000000000000000000e+00
1.038006445312500000e+04 5.185898303985595703e+00 0.000000000000000000e+00
1.038245800781250000e+04 5.185898303985595703e+00 0.000000000000000000e+00
1.038484082031250000e+04 5.185898303985595703e+00 0.000000000000000000e+00
1.038723632812500000e+04 5.185898303985595703e+00 0.000000000000000000e+00
1.038963085937500000e+04 5.185898303985595703e+00 0.000000000000000000e+00
1.039201562500000000e+04 5.185898303985595703e+00 0.000000000000000000e+00
1.039441210937500000e+04 5.185898303985595703e+00 0.000000000000000000e+00
1.039680859375000000e+04 5.185898303985595703e+00 0.000000000000000000e+00
1.039920605468750000e+04 5.185898303985595703e+00 0.000000000000000000e+00
