#wavelengths flux error
3.566974365234375000e+03 2.817188453674316406e+01 0.000000000000000000e+00
3.567794921875000000e+03 4.246434402465820312e+01 0.000000000000000000e+00
3.568617675781250000e+03 3.213193130493164062e+01 0.000000000000000000e+00
3.569438476562500000e+03 2.250868797302246094e+01 0.000000000000000000e+00
3.570261718750000000e+03 4.275400924682617188e+01 0.000000000000000000e+00
3.571083007812500000e+03 5.017929458618164062e+01 0.000000000000000000e+00
3.571906494140625000e+03 3.552532577514648438e+01 0.000000000000000000e+00
3.572728271484375000e+03 2.865205192565917969e+01 0.000000000000000000e+00
3.573550048828125000e+03 4.172588348388671875e+01 0.000000000000000000e+00
3.574374023437500000e+03 4.065222167968750000e+01 0.000000000000000000e+00
3.575196289062500000e+03 2.922892570495605469e+01 0.000000000000000000e+00
3.576020751953125000e+03 1.906569671630859375e+01 0.000000000000000000e+00
3.576843505859375000e+03 3.036418151855468750e+01 0.000000000000000000e+00
3.577668212890625000e+03 3.681154251098632812e+01 0.000000000000000000e+00
3.578491455078125000e+03 1.907108879089355469e+01 0.000000000000000000e+00
3.579314453125000000e+03 1.091738128662109375e+01 0.000000000000000000e+00
3.580139892578125000e+03 1.305505466461181641e+01 0.000000000000000000e+00
3.580963623046875000e+03 -1.786784529685974121e+00 0.000000000000000000e+00
3.581789306640625000e+03 -7.744721412658691406e+00 0.000000000000000000e+00
3.582613281250000000e+03 2.977576851844787598e-01 0.000000000000000000e+00
3.583439453125000000e+03 1.460084724426269531e+01 0.000000000000000000e+00
3.584263916015625000e+03 3.269574737548828125e+01 0.000000000000000000e+00
3.585088378906250000e+03 1.965604782104492188e+01 0.000000000000000000e+00
3.585915039062500000e+03 1.930574607849121094e+01 0.000000000000000000e+00
3.586739990234375000e+03 9.659868240356445312e+00 0.000000000000000000e+00
3.587567138671875000e+03 2.048720741271972656e+01 0.000000000000000000e+00
3.588392333984375000e+03 5.075645828247070312e+01 0.000000000000000000e+00
3.589219970703125000e+03 2.294293594360351562e+01 0.000000000000000000e+00
3.590045654296875000e+03 3.191818428039550781e+01 0.000000000000000000e+00
3.590871582031250000e+03 2.231945800781250000e+01 0.000000000000000000e+00
3.591699462890625000e+03 3.014638900756835938e+01 0.000000000000000000e+00
3.592525878906250000e+03 3.292852783203125000e+01 0.000000000000000000e+00
3.593354248046875000e+03 1.515401458740234375e+01 0.000000000000000000e+00
3.594180908203125000e+03 3.510259628295898438e+01 0.000000000000000000e+00
3.595009765625000000e+03 3.444952392578125000e+01 0.000000000000000000e+00
3.595836669921875000e+03 2.054633712768554688e+01 0.000000000000000000e+00
3.596663818359375000e+03 1.008377456665039062e+01 0.000000000000000000e+00
3.597493408203125000e+03 1.444610500335693359e+01 0.000000000000000000e+00
3.598320800781250000e+03 2.703006362915039062e+01 0.000000000000000000e+00
3.599150634765625000e+03 2.142637252807617188e+01 0.000000000000000000e+00
3.599978759765625000e+03 -2.458852291107177734e+00 0.000000000000000000e+00
3.600808837890625000e+03 3.437848663330078125e+01 0.000000000000000000e+00
3.601637207031250000e+03 2.179134941101074219e+01 0.000000000000000000e+00
3.602467773437500000e+03 -3.609009683132171631e-01 0.000000000000000000e+00
3.603296386718750000e+03 2.906076240539550781e+01 0.000000000000000000e+00
3.604125244140625000e+03 1.894143676757812500e+01 0.000000000000000000e+00
3.604956542968750000e+03 1.361975002288818359e+01 0.000000000000000000e+00
3.605785888671875000e+03 3.408986282348632812e+01 0.000000000000000000e+00
3.606617187500000000e+03 1.919003868103027344e+01 0.000000000000000000e+00
3.607447021484375000e+03 -6.073822379112243652e-01 0.000000000000000000e+00
3.608278808593750000e+03 1.535773086547851562e+01 0.000000000000000000e+00
3.609108886718750000e+03 1.598787689208984375e+01 0.000000000000000000e+00
3.609939208984375000e+03 1.447018527984619141e+01 0.000000000000000000e+00
3.610771728515625000e+03 2.263114356994628906e+01 0.000000000000000000e+00
3.611602294921875000e+03 2.995237350463867188e+01 0.000000000000000000e+00
3.612435058593750000e+03 2.569465065002441406e+01 0.000000000000000000e+00
3.613266113281250000e+03 1.273571491241455078e+01 0.000000000000000000e+00
3.614099365234375000e+03 7.259280204772949219e+00 0.000000000000000000e+00
3.614930664062500000e+03 1.111593532562255859e+01 0.000000000000000000e+00
3.615762451171875000e+03 5.033474445343017578e+00 0.000000000000000000e+00
3.616596191406250000e+03 1.937441062927246094e+01 0.000000000000000000e+00
3.617428222656250000e+03 3.260424041748046875e+01 0.000000000000000000e+00
3.618262451171875000e+03 1.994779968261718750e+01 0.000000000000000000e+00
3.619094726562500000e+03 1.443586635589599609e+01 0.000000000000000000e+00
3.619929199218750000e+03 7.326282978057861328e+00 0.000000000000000000e+00
3.620761962890625000e+03 3.584400939941406250e+01 0.000000000000000000e+00
3.621594970703125000e+03 2.653527641296386719e+01 0.000000000000000000e+00
3.622430175781250000e+03 1.933274841308593750e+01 0.000000000000000000e+00
3.623263427734375000e+03 5.070286178588867188e+01 0.000000000000000000e+00
3.624098876953125000e+03 2.870992279052734375e+01 0.000000000000000000e+00
3.624932617187500000e+03 2.387406539916992188e+01 0.000000000000000000e+00
3.625768554687500000e+03 8.888850212097167969e+00 0.000000000000000000e+00
3.626602783203125000e+03 2.556144714355468750e+01 0.000000000000000000e+00
3.627437011718750000e+03 3.676997375488281250e+01 0.000000000000000000e+00
3.628273437500000000e+03 1.504833793640136719e+01 0.000000000000000000e+00
3.629108154296875000e+03 3.111774444580078125e+01 0.000000000000000000e+00
3.629945068359375000e+03 1.958942413330078125e+01 0.000000000000000000e+00
3.630780029296875000e+03 2.431556701660156250e+01 0.000000000000000000e+00
3.631617431640625000e+03 2.681023216247558594e+01 0.000000000000000000e+00
3.632452880859375000e+03 2.133656883239746094e+01 0.000000000000000000e+00
3.633288330078125000e+03 2.143723487854003906e+01 0.000000000000000000e+00
3.634126220703125000e+03 2.310347747802734375e+01 0.000000000000000000e+00
3.634962158203125000e+03 -2.772837162017822266e+00 0.000000000000000000e+00
3.635800537109375000e+03 1.249569416046142578e+01 0.000000000000000000e+00
3.636636962890625000e+03 1.195220565795898438e+01 0.000000000000000000e+00
3.637475585937500000e+03 -3.163683891296386719e+00 0.000000000000000000e+00
3.638312255859375000e+03 9.733422994613647461e-01 0.000000000000000000e+00
3.639149169921875000e+03 8.488776206970214844e+00 0.000000000000000000e+00
3.639988525390625000e+03 3.736299514770507812e+01 0.000000000000000000e+00
3.640825927734375000e+03 3.276968383789062500e+01 0.000000000000000000e+00
3.641665283203125000e+03 2.486282348632812500e+01 0.000000000000000000e+00
3.642503173828125000e+03 2.810141563415527344e+01 0.000000000000000000e+00
3.643343017578125000e+03 2.729013061523437500e+01 0.000000000000000000e+00
3.644181152343750000e+03 1.516640281677246094e+01 0.000000000000000000e+00
3.645019531250000000e+03 1.301436996459960938e+01 0.000000000000000000e+00
3.645860107421875000e+03 2.769553184509277344e+01 0.000000000000000000e+00
3.646698974609375000e+03 1.739930725097656250e+01 0.000000000000000000e+00
3.647539794921875000e+03 1.577444267272949219e+01 0.000000000000000000e+00
3.648378906250000000e+03 3.736410522460937500e+01 0.000000000000000000e+00
3.649220214843750000e+03 6.607392787933349609e+00 0.000000000000000000e+00
3.650059570312500000e+03 3.049387550354003906e+01 0.000000000000000000e+00
3.650899414062500000e+03 3.235124969482421875e+01 0.000000000000000000e+00
3.651741210937500000e+03 1.772186470031738281e+01 0.000000000000000000e+00
3.652581298828125000e+03 1.612775230407714844e+01 0.000000000000000000e+00
3.653423583984375000e+03 2.941514968872070312e+01 0.000000000000000000e+00
3.654264160156250000e+03 2.828514671325683594e+01 0.000000000000000000e+00
3.655106689453125000e+03 1.874324798583984375e+01 0.000000000000000000e+00
3.655947509765625000e+03 3.934896850585937500e+01 0.000000000000000000e+00
3.656788574218750000e+03 2.394362449645996094e+01 0.000000000000000000e+00
3.657631835937500000e+03 -3.232529640197753906e+00 0.000000000000000000e+00
3.658473388671875000e+03 7.968091011047363281e+00 0.000000000000000000e+00
3.659316894531250000e+03 1.416193675994873047e+01 0.000000000000000000e+00
3.660158691406250000e+03 2.201722335815429688e+01 0.000000000000000000e+00
3.661002929687500000e+03 1.373614883422851562e+01 0.000000000000000000e+00
3.661844970703125000e+03 1.524523735046386719e+01 0.000000000000000000e+00
3.662687500000000000e+03 2.867649841308593750e+01 0.000000000000000000e+00
3.663531982421875000e+03 2.934901809692382812e+01 0.000000000000000000e+00
3.664374755859375000e+03 1.251254749298095703e+01 0.000000000000000000e+00
3.665219726562500000e+03 3.973633193969726562e+01 0.000000000000000000e+00
3.666062988281250000e+03 4.582738876342773438e+01 0.000000000000000000e+00
3.666908447265625000e+03 3.225291824340820312e+01 0.000000000000000000e+00
3.667751953125000000e+03 2.976077651977539062e+01 0.000000000000000000e+00
3.668597656250000000e+03 4.113352966308593750e+01 0.000000000000000000e+00
3.669441650390625000e+03 3.034401893615722656e+01 0.000000000000000000e+00
3.670285888671875000e+03 2.546947288513183594e+01 0.000000000000000000e+00
3.671132080078125000e+03 2.864758300781250000e+01 0.000000000000000000e+00
3.671976806640625000e+03 2.523073387145996094e+01 0.000000000000000000e+00
3.672823486328125000e+03 3.202193450927734375e+01 0.000000000000000000e+00
3.673668457031250000e+03 4.481470870971679688e+01 0.000000000000000000e+00
3.674515625000000000e+03 1.371733951568603516e+01 0.000000000000000000e+00
3.675360839843750000e+03 2.633875274658203125e+01 0.000000000000000000e+00
3.676206298828125000e+03 2.214075279235839844e+01 0.000000000000000000e+00
3.677054199218750000e+03 2.169457435607910156e+01 0.000000000000000000e+00
3.677899902343750000e+03 3.120502853393554688e+01 0.000000000000000000e+00
3.678748046875000000e+03 3.129681777954101562e+01 0.000000000000000000e+00
3.679594482421875000e+03 2.311899375915527344e+01 0.000000000000000000e+00
3.680442871093750000e+03 3.263432312011718750e+01 0.000000000000000000e+00
3.681289550781250000e+03 3.497862625122070312e+01 0.000000000000000000e+00
3.682136474609375000e+03 2.668708992004394531e+01 0.000000000000000000e+00
3.682985595703125000e+03 3.430657577514648438e+01 0.000000000000000000e+00
3.683832763671875000e+03 5.270622634887695312e+01 0.000000000000000000e+00
3.684682373046875000e+03 2.503241729736328125e+01 0.000000000000000000e+00
3.685530029296875000e+03 2.394436454772949219e+01 0.000000000000000000e+00
3.686379882812500000e+03 2.769795989990234375e+01 0.000000000000000000e+00
3.687227783203125000e+03 3.481142044067382812e+01 0.000000000000000000e+00
3.688076171875000000e+03 2.850719070434570312e+01 0.000000000000000000e+00
3.688926513671875000e+03 6.433674812316894531e+00 0.000000000000000000e+00
3.689775146484375000e+03 1.284472846984863281e+01 0.000000000000000000e+00
3.690625976562500000e+03 3.041222000122070312e+01 0.000000000000000000e+00
3.691475097656250000e+03 2.850984191894531250e+01 0.000000000000000000e+00
3.692326416015625000e+03 2.534834861755371094e+01 0.000000000000000000e+00
3.693175781250000000e+03 2.910186576843261719e+01 0.000000000000000000e+00
3.694025390625000000e+03 2.931447219848632812e+01 0.000000000000000000e+00
3.694877197265625000e+03 2.154407119750976562e+01 0.000000000000000000e+00
3.695727294921875000e+03 2.247782707214355469e+01 0.000000000000000000e+00
3.696579345703125000e+03 1.767105674743652344e+01 0.000000000000000000e+00
3.697429931640625000e+03 2.243703460693359375e+01 0.000000000000000000e+00
3.698282470703125000e+03 3.579028701782226562e+01 0.000000000000000000e+00
3.699133300781250000e+03 4.151182556152343750e+01 0.000000000000000000e+00
3.699984130859375000e+03 3.459611511230468750e+01 0.000000000000000000e+00
3.700837402343750000e+03 2.243736076354980469e+01 0.000000000000000000e+00
3.701688720703125000e+03 2.387647438049316406e+01 0.000000000000000000e+00
3.702542480468750000e+03 2.633498764038085938e+01 0.000000000000000000e+00
3.703394287109375000e+03 2.413756370544433594e+01 0.000000000000000000e+00
3.704248291015625000e+03 2.410239791870117188e+01 0.000000000000000000e+00
3.705100341796875000e+03 2.892831802368164062e+01 0.000000000000000000e+00
3.705952636718750000e+03 2.736413764953613281e+01 0.000000000000000000e+00
3.706807373046875000e+03 2.538594818115234375e+01 0.000000000000000000e+00
3.707659912109375000e+03 2.853744888305664062e+01 0.000000000000000000e+00
3.708514892578125000e+03 3.266976547241210938e+01 0.000000000000000000e+00
3.709368164062500000e+03 3.347380447387695312e+01 0.000000000000000000e+00
3.710223388671875000e+03 3.506367492675781250e+01 0.000000000000000000e+00
3.711077148437500000e+03 2.859237670898437500e+01 0.000000000000000000e+00
3.711930664062500000e+03 2.532549858093261719e+01 0.000000000000000000e+00
3.712786621093750000e+03 2.964489746093750000e+01 0.000000000000000000e+00
3.713640869140625000e+03 3.241160583496093750e+01 0.000000000000000000e+00
3.714497314453125000e+03 2.923438453674316406e+01 0.000000000000000000e+00
3.715351806640625000e+03 3.070166015625000000e+01 0.000000000000000000e+00
3.716208496093750000e+03 1.582044029235839844e+01 0.000000000000000000e+00
3.717063476562500000e+03 2.104943275451660156e+01 0.000000000000000000e+00
3.717918457031250000e+03 2.937322807312011719e+01 0.000000000000000000e+00
3.718775878906250000e+03 2.690122985839843750e+01 0.000000000000000000e+00
3.719631347656250000e+03 2.183460235595703125e+01 0.000000000000000000e+00
3.720489013671875000e+03 2.548390769958496094e+01 0.000000000000000000e+00
3.721344970703125000e+03 2.296090888977050781e+01 0.000000000000000000e+00
3.722203125000000000e+03 1.545897483825683594e+01 0.000000000000000000e+00
3.723059326171875000e+03 1.862182807922363281e+01 0.000000000000000000e+00
3.723915771484375000e+03 2.589675140380859375e+01 0.000000000000000000e+00
3.724774658203125000e+03 2.317207336425781250e+01 0.000000000000000000e+00
3.725631591796875000e+03 2.149953460693359375e+01 0.000000000000000000e+00
3.726490478515625000e+03 3.444066238403320312e+01 0.000000000000000000e+00
3.727347900390625000e+03 2.858237266540527344e+01 0.000000000000000000e+00
3.728207275390625000e+03 1.824227523803710938e+01 0.000000000000000000e+00
3.729064941406250000e+03 2.370186805725097656e+01 0.000000000000000000e+00
3.729922851562500000e+03 3.633896636962890625e+01 0.000000000000000000e+00
3.730782958984375000e+03 2.578607559204101562e+01 0.000000000000000000e+00
3.731641357421875000e+03 2.901493072509765625e+01 0.000000000000000000e+00
3.732501708984375000e+03 3.376493835449218750e+01 0.000000000000000000e+00
3.733360351562500000e+03 3.128478813171386719e+01 0.000000000000000000e+00
3.734221435546875000e+03 2.638650512695312500e+01 0.000000000000000000e+00
3.735080322265625000e+03 2.420312309265136719e+01 0.000000000000000000e+00
3.735941650390625000e+03 1.879468917846679688e+01 0.000000000000000000e+00
3.736801269531250000e+03 1.707526588439941406e+01 0.000000000000000000e+00
3.737660888671875000e+03 2.361842727661132812e+01 0.000000000000000000e+00
3.738522705078125000e+03 2.051930236816406250e+01 0.000000000000000000e+00
3.739382812500000000e+03 1.814692497253417969e+01 0.000000000000000000e+00
3.740245117187500000e+03 3.087079429626464844e+01 0.000000000000000000e+00
3.741105468750000000e+03 3.314511108398437500e+01 0.000000000000000000e+00
3.741968261718750000e+03 2.520753479003906250e+01 0.000000000000000000e+00
3.742829101562500000e+03 2.630376815795898438e+01 0.000000000000000000e+00
3.743689941406250000e+03 2.365213203430175781e+01 0.000000000000000000e+00
3.744553222656250000e+03 2.087365341186523438e+01 0.000000000000000000e+00
3.745414794921875000e+03 2.497013092041015625e+01 0.000000000000000000e+00
3.746278564453125000e+03 1.765896606445312500e+01 0.000000000000000000e+00
3.747140380859375000e+03 2.068255615234375000e+01 0.000000000000000000e+00
3.748004394531250000e+03 1.875742530822753906e+01 0.000000000000000000e+00
3.748866699218750000e+03 1.660406875610351562e+01 0.000000000000000000e+00
3.749729003906250000e+03 1.662835693359375000e+01 0.000000000000000000e+00
3.750593750000000000e+03 1.548747348785400391e+01 0.000000000000000000e+00
3.751456542968750000e+03 1.486000347137451172e+01 0.000000000000000000e+00
3.752321533203125000e+03 1.499380016326904297e+01 0.000000000000000000e+00
3.753184814453125000e+03 1.296877670288085938e+01 0.000000000000000000e+00
3.754050292968750000e+03 4.267034530639648438e+00 0.000000000000000000e+00
3.754913818359375000e+03 4.436059474945068359e+00 0.000000000000000000e+00
3.755777587890625000e+03 1.971938705444335938e+01 0.000000000000000000e+00
3.756643798828125000e+03 1.920323944091796875e+01 0.000000000000000000e+00
3.757508056640625000e+03 2.664756011962890625e+01 0.000000000000000000e+00
3.758374511718750000e+03 1.890837287902832031e+01 0.000000000000000000e+00
3.759239013671875000e+03 2.089250755310058594e+01 0.000000000000000000e+00
3.760105957031250000e+03 2.938934135437011719e+01 0.000000000000000000e+00
3.760970947265625000e+03 2.247488403320312500e+01 0.000000000000000000e+00
3.761836181640625000e+03 1.485425472259521484e+01 0.000000000000000000e+00
3.762703613281250000e+03 2.103360176086425781e+01 0.000000000000000000e+00
3.763569335937500000e+03 2.169594192504882812e+01 0.000000000000000000e+00
3.764437011718750000e+03 2.424246406555175781e+01 0.000000000000000000e+00
3.765302978515625000e+03 2.449765396118164062e+01 0.000000000000000000e+00
3.766171386718750000e+03 1.671747207641601562e+01 0.000000000000000000e+00
3.767037841796875000e+03 1.998796463012695312e+01 0.000000000000000000e+00
3.767904296875000000e+03 2.119580459594726562e+01 0.000000000000000000e+00
3.768773193359375000e+03 1.866597366333007812e+01 0.000000000000000000e+00
3.769640136718750000e+03 2.097233772277832031e+01 0.000000000000000000e+00
3.770509521484375000e+03 2.485301017761230469e+01 0.000000000000000000e+00
3.771376953125000000e+03 2.464435768127441406e+01 0.000000000000000000e+00
3.772246582031250000e+03 2.846703529357910156e+01 0.000000000000000000e+00
3.773114501953125000e+03 2.432897377014160156e+01 0.000000000000000000e+00
3.773982421875000000e+03 2.120798110961914062e+01 0.000000000000000000e+00
3.774852783203125000e+03 2.470273208618164062e+01 0.000000000000000000e+00
3.775720947265625000e+03 2.392630386352539062e+01 0.000000000000000000e+00
3.776591796875000000e+03 1.598889064788818359e+01 0.000000000000000000e+00
3.777460449218750000e+03 2.679726028442382812e+01 0.000000000000000000e+00
3.778331542968750000e+03 3.492255020141601562e+01 0.000000000000000000e+00
3.779200927734375000e+03 2.449616050720214844e+01 0.000000000000000000e+00
3.780070312500000000e+03 2.444398117065429688e+01 0.000000000000000000e+00
3.780941894531250000e+03 3.027168273925781250e+01 0.000000000000000000e+00
3.781811767578125000e+03 2.000862503051757812e+01 0.000000000000000000e+00
3.782683837890625000e+03 1.343509960174560547e+01 0.000000000000000000e+00
3.783553955078125000e+03 1.926994132995605469e+01 0.000000000000000000e+00
3.784426513671875000e+03 1.715658569335937500e+01 0.000000000000000000e+00
3.785297119140625000e+03 1.380720806121826172e+01 0.000000000000000000e+00
3.786167968750000000e+03 2.083618927001953125e+01 0.000000000000000000e+00
3.787041015625000000e+03 3.009510803222656250e+01 0.000000000000000000e+00
3.787912109375000000e+03 1.750239944458007812e+01 0.000000000000000000e+00
3.788785644531250000e+03 2.059083747863769531e+01 0.000000000000000000e+00
3.789657226562500000e+03 1.866815757751464844e+01 0.000000000000000000e+00
3.790531005859375000e+03 1.748114395141601562e+01 0.000000000000000000e+00
3.791403076171875000e+03 2.281786155700683594e+01 0.000000000000000000e+00
3.792275390625000000e+03 2.388022613525390625e+01 0.000000000000000000e+00
3.793149902343750000e+03 7.024097919464111328e+00 0.000000000000000000e+00
3.794022460937500000e+03 2.393954515457153320e+00 0.000000000000000000e+00
3.794897216796875000e+03 2.834281206130981445e+00 0.000000000000000000e+00
3.795770263671875000e+03 7.970894813537597656e+00 0.000000000000000000e+00
3.796645507812500000e+03 1.347123432159423828e+01 0.000000000000000000e+00
3.797519042968750000e+03 1.478688049316406250e+01 0.000000000000000000e+00
3.798392578125000000e+03 1.844556808471679688e+01 0.000000000000000000e+00
3.799268554687500000e+03 1.786956214904785156e+01 0.000000000000000000e+00
3.800142578125000000e+03 2.056105613708496094e+01 0.000000000000000000e+00
3.801018798828125000e+03 2.298771858215332031e+01 0.000000000000000000e+00
3.801893310546875000e+03 2.276452636718750000e+01 0.000000000000000000e+00
3.802770019531250000e+03 2.350020980834960938e+01 0.000000000000000000e+00
3.803644775390625000e+03 2.797521400451660156e+01 0.000000000000000000e+00
3.804521972656250000e+03 2.511573410034179688e+01 0.000000000000000000e+00
3.805397216796875000e+03 2.276869010925292969e+01 0.000000000000000000e+00
3.806272705078125000e+03 2.032846450805664062e+01 0.000000000000000000e+00
3.807150390625000000e+03 1.800234413146972656e+01 0.000000000000000000e+00
3.808026123046875000e+03 1.749775505065917969e+01 0.000000000000000000e+00
3.808904296875000000e+03 1.731247138977050781e+01 0.000000000000000000e+00
3.809780517578125000e+03 2.353459739685058594e+01 0.000000000000000000e+00
3.810658935546875000e+03 1.518326568603515625e+01 0.000000000000000000e+00
3.811535644531250000e+03 6.639785766601562500e+00 0.000000000000000000e+00
3.812412597656250000e+03 3.294467210769653320e+00 0.000000000000000000e+00
3.813291748046875000e+03 1.332103967666625977e+00 0.000000000000000000e+00
3.814168945312500000e+03 1.223334312438964844e+01 0.000000000000000000e+00
3.815048339843750000e+03 2.261098480224609375e+01 0.000000000000000000e+00
3.815926025390625000e+03 2.305216979980468750e+01 0.000000000000000000e+00
3.816805908203125000e+03 1.776185607910156250e+01 0.000000000000000000e+00
3.817684082031250000e+03 1.794397926330566406e+01 0.000000000000000000e+00
3.818562255859375000e+03 2.651709556579589844e+01 0.000000000000000000e+00
3.819442871093750000e+03 2.723625755310058594e+01 0.000000000000000000e+00
3.820321533203125000e+03 2.024601745605468750e+01 0.000000000000000000e+00
3.821202392578125000e+03 1.533535289764404297e+01 0.000000000000000000e+00
3.822081542968750000e+03 2.227981376647949219e+01 0.000000000000000000e+00
3.822962890625000000e+03 2.627464294433593750e+01 0.000000000000000000e+00
3.823842285156250000e+03 1.616344833374023438e+01 0.000000000000000000e+00
3.824721923828125000e+03 1.981561851501464844e+01 0.000000000000000000e+00
3.825604003906250000e+03 1.118157672882080078e+01 0.000000000000000000e+00
3.826484130859375000e+03 1.274941444396972656e+01 0.000000000000000000e+00
3.827366455078125000e+03 1.368096923828125000e+01 0.000000000000000000e+00
3.828246826171875000e+03 1.242300224304199219e+01 0.000000000000000000e+00
3.829129638671875000e+03 1.837848854064941406e+01 0.000000000000000000e+00
3.830010498046875000e+03 2.208070564270019531e+01 0.000000000000000000e+00
3.830891601562500000e+03 2.205873680114746094e+01 0.000000000000000000e+00
3.831775146484375000e+03 2.452038955688476562e+01 0.000000000000000000e+00
3.832656494140625000e+03 1.815145111083984375e+01 0.000000000000000000e+00
3.833540283203125000e+03 9.380261421203613281e+00 0.000000000000000000e+00
3.834422363281250000e+03 1.158626747131347656e+01 0.000000000000000000e+00
3.835306396484375000e+03 1.029014873504638672e+01 0.000000000000000000e+00
3.836188720703125000e+03 5.469604492187500000e+00 0.000000000000000000e+00
3.837071289062500000e+03 1.334909820556640625e+01 0.000000000000000000e+00
3.837956054687500000e+03 2.016198730468750000e+01 0.000000000000000000e+00
3.838839111328125000e+03 2.187959480285644531e+01 0.000000000000000000e+00
3.839724365234375000e+03 2.498332595825195312e+01 0.000000000000000000e+00
3.840607666015625000e+03 2.284647941589355469e+01 0.000000000000000000e+00
3.841493164062500000e+03 2.543019866943359375e+01 0.000000000000000000e+00
3.842376953125000000e+03 2.446554183959960938e+01 0.000000000000000000e+00
3.843260986328125000e+03 2.560839653015136719e+01 0.000000000000000000e+00
3.844147216796875000e+03 2.995926475524902344e+01 0.000000000000000000e+00
3.845031494140625000e+03 3.054494476318359375e+01 0.000000000000000000e+00
3.845918212890625000e+03 2.451043510437011719e+01 0.000000000000000000e+00
3.846802978515625000e+03 1.648464965820312500e+01 0.000000000000000000e+00
3.847689941406250000e+03 2.073495483398437500e+01 0.000000000000000000e+00
3.848575195312500000e+03 2.139275741577148438e+01 0.000000000000000000e+00
3.849460449218750000e+03 1.666477966308593750e+01 0.000000000000000000e+00
3.850348144531250000e+03 1.790257453918457031e+01 0.000000000000000000e+00
3.851233886718750000e+03 1.844053840637207031e+01 0.000000000000000000e+00
3.852122070312500000e+03 2.113401222229003906e+01 0.000000000000000000e+00
3.853008300781250000e+03 2.135166740417480469e+01 0.000000000000000000e+00
3.853896728515625000e+03 2.053801918029785156e+01 0.000000000000000000e+00
3.854783203125000000e+03 2.367350578308105469e+01 0.000000000000000000e+00
3.855670166015625000e+03 2.898249244689941406e+01 0.000000000000000000e+00
3.856559082031250000e+03 2.402960968017578125e+01 0.000000000000000000e+00
3.857446289062500000e+03 2.358244705200195312e+01 0.000000000000000000e+00
3.858335937500000000e+03 2.469769477844238281e+01 0.000000000000000000e+00
3.859223388671875000e+03 2.555566787719726562e+01 0.000000000000000000e+00
3.860113525390625000e+03 2.498826789855957031e+01 0.000000000000000000e+00
3.861001464843750000e+03 2.265311050415039062e+01 0.000000000000000000e+00
3.861889648437500000e+03 2.123274230957031250e+01 0.000000000000000000e+00
3.862780273437500000e+03 1.963825798034667969e+01 0.000000000000000000e+00
3.863668945312500000e+03 1.507262611389160156e+01 0.000000000000000000e+00
3.864559814453125000e+03 9.599859237670898438e+00 0.000000000000000000e+00
3.865448730468750000e+03 6.579721927642822266e+00 0.000000000000000000e+00
3.866340087890625000e+03 8.474532127380371094e+00 0.000000000000000000e+00
3.867229736328125000e+03 1.448433971405029297e+01 0.000000000000000000e+00
3.868121337890625000e+03 1.418346977233886719e+01 0.000000000000000000e+00
3.869011230468750000e+03 9.163552284240722656e+00 0.000000000000000000e+00
3.869901367187500000e+03 1.304033946990966797e+01 0.000000000000000000e+00
3.870793701171875000e+03 1.832450675964355469e+01 0.000000000000000000e+00
3.871684082031250000e+03 1.375762271881103516e+01 0.000000000000000000e+00
3.872576904296875000e+03 2.055987358093261719e+01 0.000000000000000000e+00
3.873467773437500000e+03 2.016862297058105469e+01 0.000000000000000000e+00
3.874361083984375000e+03 1.753417015075683594e+01 0.000000000000000000e+00
3.875252441406250000e+03 1.944965362548828125e+01 0.000000000000000000e+00
3.876143798828125000e+03 1.917574882507324219e+01 0.000000000000000000e+00
3.877037597656250000e+03 1.175203132629394531e+01 0.000000000000000000e+00
3.877929687500000000e+03 1.489953613281250000e+01 0.000000000000000000e+00
3.878823730468750000e+03 1.383225440979003906e+01 0.000000000000000000e+00
3.879716064453125000e+03 1.719025230407714844e+01 0.000000000000000000e+00
3.880610839843750000e+03 2.377606582641601562e+01 0.000000000000000000e+00
3.881503662109375000e+03 2.533148002624511719e+01 0.000000000000000000e+00
3.882396484375000000e+03 1.994677925109863281e+01 0.000000000000000000e+00
3.883291748046875000e+03 2.003556823730468750e+01 0.000000000000000000e+00
3.884185058593750000e+03 1.903937149047851562e+01 0.000000000000000000e+00
3.885080810546875000e+03 2.306422615051269531e+01 0.000000000000000000e+00
3.885974609375000000e+03 1.943890380859375000e+01 0.000000000000000000e+00
3.886870605468750000e+03 1.882331657409667969e+01 0.000000000000000000e+00
3.887764892578125000e+03 3.106492042541503906e+01 0.000000000000000000e+00
3.888659179687500000e+03 1.710511016845703125e+01 0.000000000000000000e+00
3.889555908203125000e+03 2.113793945312500000e+01 0.000000000000000000e+00
3.890450683593750000e+03 2.322841644287109375e+01 0.000000000000000000e+00
3.891347900390625000e+03 1.980994987487792969e+01 0.000000000000000000e+00
3.892242919921875000e+03 1.842367744445800781e+01 0.000000000000000000e+00
3.893140625000000000e+03 2.073255538940429688e+01 0.000000000000000000e+00
3.894036132812500000e+03 1.764223861694335938e+01 0.000000000000000000e+00
3.894931884765625000e+03 1.640175437927246094e+01 0.000000000000000000e+00
3.895830078125000000e+03 7.608550071716308594e+00 0.000000000000000000e+00
3.896726318359375000e+03 6.206369876861572266e+00 0.000000000000000000e+00
3.897625000000000000e+03 1.797658920288085938e+01 0.000000000000000000e+00
3.898521484375000000e+03 2.567444610595703125e+01 0.000000000000000000e+00
3.899420654296875000e+03 1.283455848693847656e+01 0.000000000000000000e+00
3.900317626953125000e+03 1.886025238037109375e+01 0.000000000000000000e+00
3.901214843750000000e+03 1.709631729125976562e+01 0.000000000000000000e+00
3.902114501953125000e+03 1.671972656250000000e+01 0.000000000000000000e+00
3.903012207031250000e+03 1.961517143249511719e+01 0.000000000000000000e+00
3.903912109375000000e+03 1.569179248809814453e+01 0.000000000000000000e+00
3.904810302734375000e+03 1.815802764892578125e+01 0.000000000000000000e+00
3.905710693359375000e+03 2.032410812377929688e+01 0.000000000000000000e+00
3.906609375000000000e+03 1.443251228332519531e+01 0.000000000000000000e+00
3.907508056640625000e+03 1.735102844238281250e+01 0.000000000000000000e+00
3.908408935546875000e+03 2.577753067016601562e+01 0.000000000000000000e+00
3.909308105468750000e+03 2.047069740295410156e+01 0.000000000000000000e+00
3.910209716796875000e+03 1.124111080169677734e+01 0.000000000000000000e+00
3.911109130859375000e+03 1.414945220947265625e+01 0.000000000000000000e+00
3.912010986328125000e+03 1.243427467346191406e+01 0.000000000000000000e+00
3.912911132812500000e+03 1.203714370727539062e+01 0.000000000000000000e+00
3.913811279296875000e+03 1.731390571594238281e+01 0.000000000000000000e+00
3.914713623046875000e+03 2.049396896362304688e+01 0.000000000000000000e+00
3.915614257812500000e+03 1.654720306396484375e+01 0.000000000000000000e+00
3.916517089843750000e+03 1.635639190673828125e+01 0.000000000000000000e+00
3.917418212890625000e+03 2.047323608398437500e+01 0.000000000000000000e+00
3.918321533203125000e+03 2.058315849304199219e+01 0.000000000000000000e+00
3.919222900390625000e+03 1.791432380676269531e+01 0.000000000000000000e+00
3.920124511718750000e+03 1.846226501464843750e+01 0.000000000000000000e+00
3.921028564453125000e+03 1.557214164733886719e+01 0.000000000000000000e+00
3.921930664062500000e+03 1.758480834960937500e+01 0.000000000000000000e+00
3.922834960937500000e+03 1.339401435852050781e+01 0.000000000000000000e+00
3.923737304687500000e+03 1.299948024749755859e+01 0.000000000000000000e+00
3.924642089843750000e+03 1.896203804016113281e+01 0.000000000000000000e+00
3.925545166015625000e+03 1.941443443298339844e+01 0.000000000000000000e+00
3.926447998046875000e+03 1.187276268005371094e+01 0.000000000000000000e+00
3.927353515625000000e+03 1.740383911132812500e+01 0.000000000000000000e+00
3.928257080078125000e+03 2.276232910156250000e+01 0.000000000000000000e+00
3.929162841796875000e+03 1.977791404724121094e+01 0.000000000000000000e+00
3.930066894531250000e+03 1.701106834411621094e+01 0.000000000000000000e+00
3.930973144531250000e+03 2.147022247314453125e+01 0.000000000000000000e+00
3.931877441406250000e+03 1.592020416259765625e+01 0.000000000000000000e+00
3.932781982421875000e+03 1.880587577819824219e+01 0.000000000000000000e+00
3.933688720703125000e+03 1.915261268615722656e+01 0.000000000000000000e+00
3.934593750000000000e+03 1.617864227294921875e+01 0.000000000000000000e+00
3.935500976562500000e+03 1.668656158447265625e+01 0.000000000000000000e+00
3.936406250000000000e+03 2.203149032592773438e+01 0.000000000000000000e+00
3.937314208984375000e+03 2.061875534057617188e+01 0.000000000000000000e+00
3.938219970703125000e+03 1.748126983642578125e+01 0.000000000000000000e+00
3.939127929687500000e+03 1.884805297851562500e+01 0.000000000000000000e+00
3.940034179687500000e+03 2.035926246643066406e+01 0.000000000000000000e+00
3.940940673828125000e+03 2.006018257141113281e+01 0.000000000000000000e+00
3.941849365234375000e+03 1.982394027709960938e+01 0.000000000000000000e+00
3.942756103515625000e+03 1.720739173889160156e+01 0.000000000000000000e+00
3.943665283203125000e+03 1.794813919067382812e+01 0.000000000000000000e+00
3.944572509765625000e+03 1.750381278991699219e+01 0.000000000000000000e+00
3.945482177734375000e+03 1.608263969421386719e+01 0.000000000000000000e+00
3.946389892578125000e+03 1.371049499511718750e+01 0.000000000000000000e+00
3.947297851562500000e+03 1.206977367401123047e+01 0.000000000000000000e+00
3.948208007812500000e+03 1.844338989257812500e+01 0.000000000000000000e+00
3.949116210937500000e+03 1.593889141082763672e+01 0.000000000000000000e+00
3.950026855468750000e+03 1.690448188781738281e+01 0.000000000000000000e+00
3.950935546875000000e+03 1.716058921813964844e+01 0.000000000000000000e+00
3.951846679687500000e+03 1.358499240875244141e+01 0.000000000000000000e+00
3.952755859375000000e+03 1.163945102691650391e+01 0.000000000000000000e+00
3.953665039062500000e+03 1.311941337585449219e+01 0.000000000000000000e+00
3.954576904296875000e+03 1.515472602844238281e+01 0.000000000000000000e+00
3.955486572265625000e+03 1.324729728698730469e+01 0.000000000000000000e+00
3.956398681640625000e+03 1.228913116455078125e+01 0.000000000000000000e+00
3.957308837890625000e+03 1.343726825714111328e+01 0.000000000000000000e+00
3.958221435546875000e+03 1.310874557495117188e+01 0.000000000000000000e+00
3.959132080078125000e+03 1.300063133239746094e+01 0.000000000000000000e+00
3.960042724609375000e+03 8.389134407043457031e+00 0.000000000000000000e+00
3.960956054687500000e+03 1.015950965881347656e+01 0.000000000000000000e+00
3.961867187500000000e+03 1.187038135528564453e+01 0.000000000000000000e+00
3.962780761718750000e+03 9.838019371032714844e+00 0.000000000000000000e+00
3.963692382812500000e+03 9.455739974975585938e+00 0.000000000000000000e+00
3.964606445312500000e+03 1.138518047332763672e+01 0.000000000000000000e+00
3.965518554687500000e+03 1.390744686126708984e+01 0.000000000000000000e+00
3.966430664062500000e+03 1.658491325378417969e+01 0.000000000000000000e+00
3.967345458984375000e+03 1.759658813476562500e+01 0.000000000000000000e+00
3.968258056640625000e+03 1.501169204711914062e+01 0.000000000000000000e+00
3.969173095703125000e+03 9.796714782714843750e+00 0.000000000000000000e+00
3.970086181640625000e+03 8.429153442382812500e+00 0.000000000000000000e+00
3.971001708984375000e+03 1.427974414825439453e+01 0.000000000000000000e+00
3.971915283203125000e+03 1.225634574890136719e+01 0.000000000000000000e+00
3.972829101562500000e+03 6.574621200561523438e+00 0.000000000000000000e+00
3.973745117187500000e+03 4.669420719146728516e+00 0.000000000000000000e+00
3.974659179687500000e+03 6.620096206665039062e+00 0.000000000000000000e+00
3.975575927734375000e+03 8.911272048950195312e+00 0.000000000000000000e+00
3.976490478515625000e+03 9.049751281738281250e+00 0.000000000000000000e+00
3.977407470703125000e+03 1.099393177032470703e+01 0.000000000000000000e+00
3.978322509765625000e+03 1.030377483367919922e+01 0.000000000000000000e+00
3.979237548828125000e+03 8.041597366333007812e+00 0.000000000000000000e+00
3.980155273437500000e+03 1.069568729400634766e+01 0.000000000000000000e+00
3.981070800781250000e+03 1.400487899780273438e+01 0.000000000000000000e+00
3.981988769531250000e+03 1.273401546478271484e+01 0.000000000000000000e+00
3.982904785156250000e+03 1.282123661041259766e+01 0.000000000000000000e+00
3.983823242187500000e+03 1.257074069976806641e+01 0.000000000000000000e+00
3.984739746093750000e+03 1.114359092712402344e+01 0.000000000000000000e+00
3.985656494140625000e+03 1.192767715454101562e+01 0.000000000000000000e+00
3.986575683593750000e+03 1.498213863372802734e+01 0.000000000000000000e+00
3.987492675781250000e+03 1.337277507781982422e+01 0.000000000000000000e+00
3.988412109375000000e+03 1.029480171203613281e+01 0.000000000000000000e+00
3.989329833984375000e+03 8.336661338806152344e+00 0.000000000000000000e+00
3.990249755859375000e+03 9.720464706420898438e+00 0.000000000000000000e+00
3.991167724609375000e+03 1.456253337860107422e+01 0.000000000000000000e+00
3.992085693359375000e+03 1.599636650085449219e+01 0.000000000000000000e+00
3.993006347656250000e+03 1.017743301391601562e+01 0.000000000000000000e+00
3.993925048828125000e+03 9.670556068420410156e+00 0.000000000000000000e+00
3.994845947265625000e+03 1.119318866729736328e+01 0.000000000000000000e+00
3.995764892578125000e+03 1.143739223480224609e+01 0.000000000000000000e+00
3.996686279296875000e+03 1.280387687683105469e+01 0.000000000000000000e+00
3.997605712890625000e+03 1.243956089019775391e+01 0.000000000000000000e+00
3.998525390625000000e+03 1.125168704986572266e+01 0.000000000000000000e+00
3.999447509765625000e+03 1.075331497192382812e+01 0.000000000000000000e+00
4.000367431640625000e+03 8.495292663574218750e+00 0.000000000000000000e+00
4.001290039062500000e+03 6.035179615020751953e+00 0.000000000000000000e+00
4.002210449218750000e+03 8.108820915222167969e+00 0.000000000000000000e+00
4.003133300781250000e+03 1.196855926513671875e+01 0.000000000000000000e+00
4.004054443359375000e+03 1.335642337799072266e+01 0.000000000000000000e+00
4.004975341796875000e+03 1.335856342315673828e+01 0.000000000000000000e+00
4.005898925781250000e+03 1.376509094238281250e+01 0.000000000000000000e+00
4.006820556640625000e+03 1.342857265472412109e+01 0.000000000000000000e+00
4.007744628906250000e+03 1.150372600555419922e+01 0.000000000000000000e+00
4.008666503906250000e+03 1.336789798736572266e+01 0.000000000000000000e+00
4.009590820312500000e+03 1.392665195465087891e+01 0.000000000000000000e+00
4.010513183593750000e+03 1.478449916839599609e+01 0.000000000000000000e+00
4.011437988281250000e+03 1.443776988983154297e+01 0.000000000000000000e+00
4.012360839843750000e+03 1.248196220397949219e+01 0.000000000000000000e+00
4.013283935546875000e+03 1.139191532135009766e+01 0.000000000000000000e+00
4.014209472656250000e+03 1.224106597900390625e+01 0.000000000000000000e+00
4.015132812500000000e+03 1.284810543060302734e+01 0.000000000000000000e+00
4.016058837890625000e+03 1.267496109008789062e+01 0.000000000000000000e+00
4.016982666015625000e+03 1.292157936096191406e+01 0.000000000000000000e+00
4.017908935546875000e+03 1.360393524169921875e+01 0.000000000000000000e+00
4.018833251953125000e+03 1.335534667968750000e+01 0.000000000000000000e+00
4.019757812500000000e+03 1.236805820465087891e+01 0.000000000000000000e+00
4.020684814453125000e+03 1.251266098022460938e+01 0.000000000000000000e+00
4.021609619140625000e+03 1.652943992614746094e+01 0.000000000000000000e+00
4.022537109375000000e+03 1.797764968872070312e+01 0.000000000000000000e+00
4.023462402343750000e+03 1.583037757873535156e+01 0.000000000000000000e+00
4.024390136718750000e+03 1.592314147949218750e+01 0.000000000000000000e+00
4.025316162109375000e+03 1.624592018127441406e+01 0.000000000000000000e+00
4.026242187500000000e+03 1.619886779785156250e+01 0.000000000000000000e+00
4.027170410156250000e+03 1.679579353332519531e+01 0.000000000000000000e+00
4.028096923828125000e+03 1.448194694519042969e+01 0.000000000000000000e+00
4.029025878906250000e+03 1.116555023193359375e+01 0.000000000000000000e+00
4.029952636718750000e+03 1.286882400512695312e+01 0.000000000000000000e+00
4.030882080078125000e+03 1.507196235656738281e+01 0.000000000000000000e+00
4.031809326171875000e+03 1.365670299530029297e+01 0.000000000000000000e+00
4.032736816406250000e+03 1.497978687286376953e+01 0.000000000000000000e+00
4.033666748046875000e+03 1.384856128692626953e+01 0.000000000000000000e+00
4.034594726562500000e+03 9.358636856079101562e+00 0.000000000000000000e+00
4.035525146484375000e+03 8.424002647399902344e+00 0.000000000000000000e+00
4.036453369140625000e+03 9.989947319030761719e+00 0.000000000000000000e+00
4.037384277343750000e+03 1.377744007110595703e+01 0.000000000000000000e+00
4.038312988281250000e+03 1.427252101898193359e+01 0.000000000000000000e+00
4.039241943359375000e+03 1.331688880920410156e+01 0.000000000000000000e+00
4.040173583984375000e+03 1.399551200866699219e+01 0.000000000000000000e+00
4.041103027343750000e+03 1.593286991119384766e+01 0.000000000000000000e+00
4.042034667968750000e+03 1.659868240356445312e+01 0.000000000000000000e+00
4.042964599609375000e+03 1.508248043060302734e+01 0.000000000000000000e+00
4.043896972656250000e+03 1.468352222442626953e+01 0.000000000000000000e+00
4.044827148437500000e+03 1.567502784729003906e+01 0.000000000000000000e+00
4.045757812500000000e+03 1.756054306030273438e+01 0.000000000000000000e+00
4.046690673828125000e+03 1.957076072692871094e+01 0.000000000000000000e+00
4.047621582031250000e+03 1.878322219848632812e+01 0.000000000000000000e+00
4.048554931640625000e+03 1.841886901855468750e+01 0.000000000000000000e+00
4.049486328125000000e+03 1.354113006591796875e+01 0.000000000000000000e+00
4.050420166015625000e+03 1.413121128082275391e+01 0.000000000000000000e+00
4.051352050781250000e+03 1.915575599670410156e+01 0.000000000000000000e+00
4.052283935546875000e+03 1.664097785949707031e+01 0.000000000000000000e+00
4.053218505859375000e+03 1.646456718444824219e+01 0.000000000000000000e+00
4.054150878906250000e+03 1.434169769287109375e+01 0.000000000000000000e+00
4.055085693359375000e+03 1.625947952270507812e+01 0.000000000000000000e+00
4.056018554687500000e+03 1.654642105102539062e+01 0.000000000000000000e+00
4.056953857421875000e+03 1.206147766113281250e+01 0.000000000000000000e+00
4.057887207031250000e+03 8.929008483886718750e+00 0.000000000000000000e+00
4.058820800781250000e+03 1.043949413299560547e+01 0.000000000000000000e+00
4.059756591796875000e+03 8.324956893920898438e+00 0.000000000000000000e+00
4.060690673828125000e+03 1.158054733276367188e+01 0.000000000000000000e+00
4.061626953125000000e+03 1.692269134521484375e+01 0.000000000000000000e+00
4.062561279296875000e+03 1.979425621032714844e+01 0.000000000000000000e+00
4.063498291015625000e+03 2.061835670471191406e+01 0.000000000000000000e+00
4.064433105468750000e+03 1.719308662414550781e+01 0.000000000000000000e+00
4.065367919921875000e+03 1.373240184783935547e+01 0.000000000000000000e+00
4.066305419921875000e+03 1.208485031127929688e+01 0.000000000000000000e+00
4.067240966796875000e+03 1.207496261596679688e+01 0.000000000000000000e+00
4.068178710937500000e+03 1.324798011779785156e+01 0.000000000000000000e+00
4.069114746093750000e+03 1.584439373016357422e+01 0.000000000000000000e+00
4.070052978515625000e+03 2.013508605957031250e+01 0.000000000000000000e+00
4.070989257812500000e+03 2.192581558227539062e+01 0.000000000000000000e+00
4.071925781250000000e+03 1.926681709289550781e+01 0.000000000000000000e+00
4.072864746093750000e+03 1.223318862915039062e+01 0.000000000000000000e+00
4.073801757812500000e+03 5.343228340148925781e+00 0.000000000000000000e+00
4.074741210937500000e+03 4.235809326171875000e+00 0.000000000000000000e+00
4.075678710937500000e+03 5.626015186309814453e+00 0.000000000000000000e+00
4.076618408203125000e+03 6.498168945312500000e+00 0.000000000000000000e+00
4.077556152343750000e+03 1.171448993682861328e+01 0.000000000000000000e+00
4.078494384765625000e+03 1.440846157073974609e+01 0.000000000000000000e+00
4.079434814453125000e+03 1.274749851226806641e+01 0.000000000000000000e+00
4.080373291015625000e+03 1.313588809967041016e+01 0.000000000000000000e+00
4.081314208984375000e+03 1.223233032226562500e+01 0.000000000000000000e+00
4.082253173828125000e+03 1.553030872344970703e+01 0.000000000000000000e+00
4.083194335937500000e+03 1.199368190765380859e+01 0.000000000000000000e+00
4.084133789062500000e+03 1.035420513153076172e+01 0.000000000000000000e+00
4.085075683593750000e+03 1.288067531585693359e+01 0.000000000000000000e+00
4.086015380859375000e+03 1.060531520843505859e+01 0.000000000000000000e+00
4.086955322265625000e+03 1.338035678863525391e+01 0.000000000000000000e+00
4.087897705078125000e+03 1.260653400421142578e+01 0.000000000000000000e+00
4.088838134765625000e+03 1.577708053588867188e+01 0.000000000000000000e+00
4.089781005859375000e+03 1.843493270874023438e+01 0.000000000000000000e+00
4.090721923828125000e+03 1.652199745178222656e+01 0.000000000000000000e+00
4.091665283203125000e+03 1.436573600769042969e+01 0.000000000000000000e+00
4.092606445312500000e+03 1.485406303405761719e+01 0.000000000000000000e+00
4.093548095703125000e+03 1.520203495025634766e+01 0.000000000000000000e+00
4.094491943359375000e+03 1.656783866882324219e+01 0.000000000000000000e+00
4.095433837890625000e+03 1.628160285949707031e+01 0.000000000000000000e+00
4.096378417968750000e+03 1.231871795654296875e+01 0.000000000000000000e+00
4.097320800781250000e+03 6.215342521667480469e+00 0.000000000000000000e+00
4.098265625000000000e+03 7.961388826370239258e-01 0.000000000000000000e+00
4.099208496093750000e+03 9.899158775806427002e-02 0.000000000000000000e+00
4.100151367187500000e+03 9.814466834068298340e-01 0.000000000000000000e+00
4.101096679687500000e+03 1.207990795373916626e-01 0.000000000000000000e+00
4.102040039062500000e+03 -9.305742979049682617e-01 0.000000000000000000e+00
4.102986328125000000e+03 2.692034482955932617e+00 0.000000000000000000e+00
4.103930175781250000e+03 9.888367652893066406e+00 0.000000000000000000e+00
4.104876464843750000e+03 1.190673351287841797e+01 0.000000000000000000e+00
4.105820800781250000e+03 1.718454170227050781e+01 0.000000000000000000e+00
4.106765136718750000e+03 1.818400955200195312e+01 0.000000000000000000e+00
4.107712402343750000e+03 1.277682113647460938e+01 0.000000000000000000e+00
4.108657226562500000e+03 1.125587558746337891e+01 0.000000000000000000e+00
4.109604492187500000e+03 1.167428016662597656e+01 0.000000000000000000e+00
4.110550292968750000e+03 1.567017459869384766e+01 0.000000000000000000e+00
4.111498046875000000e+03 1.325143623352050781e+01 0.000000000000000000e+00
4.112443847656250000e+03 1.152192115783691406e+01 0.000000000000000000e+00
4.113389648437500000e+03 1.483770561218261719e+01 0.000000000000000000e+00
4.114338378906250000e+03 1.642443275451660156e+01 0.000000000000000000e+00
4.115285156250000000e+03 1.700572204589843750e+01 0.000000000000000000e+00
4.116233886718750000e+03 1.573412990570068359e+01 0.000000000000000000e+00
4.117180664062500000e+03 1.383474349975585938e+01 0.000000000000000000e+00
4.118130371093750000e+03 1.356214237213134766e+01 0.000000000000000000e+00
4.119077636718750000e+03 1.322021293640136719e+01 0.000000000000000000e+00
4.120025390625000000e+03 1.071250438690185547e+01 0.000000000000000000e+00
4.120975097656250000e+03 1.375113582611083984e+01 0.000000000000000000e+00
4.121923339843750000e+03 1.189758300781250000e+01 0.000000000000000000e+00
4.122874023437500000e+03 1.543964195251464844e+01 0.000000000000000000e+00
4.123822265625000000e+03 1.752566719055175781e+01 0.000000000000000000e+00
4.124773437500000000e+03 1.412631702423095703e+01 0.000000000000000000e+00
4.125722167968750000e+03 1.417666244506835938e+01 0.000000000000000000e+00
4.126671386718750000e+03 1.811211967468261719e+01 0.000000000000000000e+00
4.127623046875000000e+03 1.912395286560058594e+01 0.000000000000000000e+00
4.128572265625000000e+03 1.859906578063964844e+01 0.000000000000000000e+00
4.129524414062500000e+03 1.369716739654541016e+01 0.000000000000000000e+00
4.130474609375000000e+03 7.121750354766845703e+00 0.000000000000000000e+00
4.131426757812500000e+03 7.197152614593505859e+00 0.000000000000000000e+00
4.132377441406250000e+03 8.648507118225097656e+00 0.000000000000000000e+00
4.133328125000000000e+03 3.367167711257934570e+00 0.000000000000000000e+00
4.134281250000000000e+03 6.582842826843261719e+00 0.000000000000000000e+00
4.135232421875000000e+03 1.266473960876464844e+01 0.000000000000000000e+00
4.136185546875000000e+03 1.602294349670410156e+01 0.000000000000000000e+00
4.137137207031250000e+03 2.148049926757812500e+01 0.000000000000000000e+00
4.138091308593750000e+03 2.243664550781250000e+01 0.000000000000000000e+00
4.139043457031250000e+03 2.010274696350097656e+01 0.000000000000000000e+00
4.139995605468750000e+03 2.176347923278808594e+01 0.000000000000000000e+00
4.140950195312500000e+03 2.247741889953613281e+01 0.000000000000000000e+00
4.141902832031250000e+03 2.139279937744140625e+01 0.000000000000000000e+00
4.142857910156250000e+03 2.423898506164550781e+01 0.000000000000000000e+00
4.143811035156250000e+03 2.154521942138671875e+01 0.000000000000000000e+00
4.144766601562500000e+03 1.841656494140625000e+01 0.000000000000000000e+00
4.145720214843750000e+03 1.963052558898925781e+01 0.000000000000000000e+00
4.146673828125000000e+03 1.956495285034179688e+01 0.000000000000000000e+00
4.147629882812500000e+03 1.835348510742187500e+01 0.000000000000000000e+00
4.148583984375000000e+03 2.199591827392578125e+01 0.000000000000000000e+00
4.149540527343750000e+03 1.950056076049804688e+01 0.000000000000000000e+00
4.150495117187500000e+03 1.906254577636718750e+01 0.000000000000000000e+00
4.151452636718750000e+03 2.030945587158203125e+01 0.000000000000000000e+00
4.152407226562500000e+03 2.269138145446777344e+01 0.000000000000000000e+00
4.153362792968750000e+03 2.377783966064453125e+01 0.000000000000000000e+00
4.154320312500000000e+03 2.198241806030273438e+01 0.000000000000000000e+00
4.155276367187500000e+03 2.484823226928710938e+01 0.000000000000000000e+00
4.156234375000000000e+03 1.716623497009277344e+01 0.000000000000000000e+00
4.157190429687500000e+03 1.638882064819335938e+01 0.000000000000000000e+00
4.158148925781250000e+03 1.940533638000488281e+01 0.000000000000000000e+00
4.159105468750000000e+03 1.786563682556152344e+01 0.000000000000000000e+00
4.160064941406250000e+03 1.268841075897216797e+01 0.000000000000000000e+00
4.161021972656250000e+03 3.530689716339111328e+00 0.000000000000000000e+00
4.161979003906250000e+03 1.824496507644653320e+00 0.000000000000000000e+00
4.162938964843750000e+03 2.630046367645263672e+00 0.000000000000000000e+00
4.163896484375000000e+03 6.585828781127929688e+00 0.000000000000000000e+00
4.164856445312500000e+03 1.393400669097900391e+01 0.000000000000000000e+00
4.165814941406250000e+03 1.965467262268066406e+01 0.000000000000000000e+00
4.166775390625000000e+03 2.287453651428222656e+01 0.000000000000000000e+00
4.167733886718750000e+03 2.912430000305175781e+01 0.000000000000000000e+00
4.168692871093750000e+03 2.602479171752929688e+01 0.000000000000000000e+00
4.169653808593750000e+03 2.346726608276367188e+01 0.000000000000000000e+00
4.170613281250000000e+03 2.620071029663085938e+01 0.000000000000000000e+00
4.171575195312500000e+03 2.090838623046875000e+01 0.000000000000000000e+00
4.172534667968750000e+03 1.009669876098632812e+01 0.000000000000000000e+00
4.173497070312500000e+03 1.155737495422363281e+01 0.000000000000000000e+00
4.174457031250000000e+03 1.735754585266113281e+01 0.000000000000000000e+00
4.175417480468750000e+03 2.386282730102539062e+01 0.000000000000000000e+00
4.176379882812500000e+03 3.181719017028808594e+01 0.000000000000000000e+00
4.177340820312500000e+03 3.805508041381835938e+01 0.000000000000000000e+00
4.178304199218750000e+03 3.415622711181640625e+01 0.000000000000000000e+00
4.179265136718750000e+03 3.100094032287597656e+01 0.000000000000000000e+00
4.180229003906250000e+03 3.132694435119628906e+01 0.000000000000000000e+00
4.181190917968750000e+03 2.801275253295898438e+01 0.000000000000000000e+00
4.182152832031250000e+03 2.097265815734863281e+01 0.000000000000000000e+00
4.183117187500000000e+03 2.188493347167968750e+01 0.000000000000000000e+00
4.184079589843750000e+03 3.477038192749023438e+01 0.000000000000000000e+00
4.185044433593750000e+03 5.181625747680664062e+01 0.000000000000000000e+00
4.186006835937500000e+03 6.872746276855468750e+01 0.000000000000000000e+00
4.186972167968750000e+03 7.181835174560546875e+01 0.000000000000000000e+00
4.187935546875000000e+03 6.743907928466796875e+01 0.000000000000000000e+00
4.188898925781250000e+03 7.708048248291015625e+01 0.000000000000000000e+00
4.189864746093750000e+03 7.560305786132812500e+01 0.000000000000000000e+00
4.190828613281250000e+03 6.717907714843750000e+01 0.000000000000000000e+00
4.191794921875000000e+03 5.334686279296875000e+01 0.000000000000000000e+00
4.192759277343750000e+03 3.195425224304199219e+01 0.000000000000000000e+00
4.193726074218750000e+03 1.183960247039794922e+01 0.000000000000000000e+00
4.194690917968750000e+03 1.130714893341064453e+01 0.000000000000000000e+00
4.195655761718750000e+03 2.816321372985839844e+01 0.000000000000000000e+00
4.196623535156250000e+03 5.345476531982421875e+01 0.000000000000000000e+00
4.197588867187500000e+03 6.824668121337890625e+01 0.000000000000000000e+00
4.198557128906250000e+03 7.098951721191406250e+01 0.000000000000000000e+00
4.199522949218750000e+03 6.969453430175781250e+01 0.000000000000000000e+00
4.200491210937500000e+03 6.907610321044921875e+01 0.000000000000000000e+00
4.201457519531250000e+03 6.608806610107421875e+01 0.000000000000000000e+00
4.202423828125000000e+03 6.601759338378906250e+01 0.000000000000000000e+00
4.203393066406250000e+03 5.367591094970703125e+01 0.000000000000000000e+00
4.204359863281250000e+03 5.014155197143554688e+01 0.000000000000000000e+00
4.205329589843750000e+03 6.558453369140625000e+01 0.000000000000000000e+00
4.206296875000000000e+03 7.460913848876953125e+01 0.000000000000000000e+00
4.207267089843750000e+03 7.261817169189453125e+01 0.000000000000000000e+00
4.208234863281250000e+03 7.944613647460937500e+01 0.000000000000000000e+00
4.209203125000000000e+03 8.254437255859375000e+01 0.000000000000000000e+00
4.210173828125000000e+03 7.928811645507812500e+01 0.000000000000000000e+00
4.211142089843750000e+03 7.673753356933593750e+01 0.000000000000000000e+00
4.212113281250000000e+03 7.823103332519531250e+01 0.000000000000000000e+00
4.213082031250000000e+03 7.556537628173828125e+01 0.000000000000000000e+00
4.214053710937500000e+03 7.389430999755859375e+01 0.000000000000000000e+00
4.215022949218750000e+03 7.166329193115234375e+01 0.000000000000000000e+00
4.215992675781250000e+03 6.784754943847656250e+01 0.000000000000000000e+00
4.216964843750000000e+03 6.513903808593750000e+01 0.000000000000000000e+00
4.217935058593750000e+03 6.651118469238281250e+01 0.000000000000000000e+00
4.218907714843750000e+03 6.577268981933593750e+01 0.000000000000000000e+00
4.219878417968750000e+03 5.773038864135742188e+01 0.000000000000000000e+00
4.220851562500000000e+03 5.959907531738281250e+01 0.000000000000000000e+00
4.221822265625000000e+03 6.057410049438476562e+01 0.000000000000000000e+00
4.222793457031250000e+03 5.381136703491210938e+01 0.000000000000000000e+00
4.223767578125000000e+03 5.338507080078125000e+01 0.000000000000000000e+00
4.224739257812500000e+03 5.295175933837890625e+01 0.000000000000000000e+00
4.225713378906250000e+03 5.350176620483398438e+01 0.000000000000000000e+00
4.226685546875000000e+03 5.669077682495117188e+01 0.000000000000000000e+00
4.227660156250000000e+03 5.472832870483398438e+01 0.000000000000000000e+00
4.228632812500000000e+03 5.064576721191406250e+01 0.000000000000000000e+00
4.229605468750000000e+03 5.693994140625000000e+01 0.000000000000000000e+00
4.230580566406250000e+03 5.468771362304687500e+01 0.000000000000000000e+00
4.231554199218750000e+03 5.297125244140625000e+01 0.000000000000000000e+00
4.232529785156250000e+03 5.544552230834960938e+01 0.000000000000000000e+00
4.233503417968750000e+03 5.374691009521484375e+01 0.000000000000000000e+00
4.234479980468750000e+03 4.873297119140625000e+01 0.000000000000000000e+00
4.235454101562500000e+03 5.159205627441406250e+01 0.000000000000000000e+00
4.236430664062500000e+03 4.887487030029296875e+01 0.000000000000000000e+00
4.237405273437500000e+03 4.947295761108398438e+01 0.000000000000000000e+00
4.238379882812500000e+03 5.259531784057617188e+01 0.000000000000000000e+00
4.239357421875000000e+03 5.318924331665039062e+01 0.000000000000000000e+00
4.240332519531250000e+03 5.175944900512695312e+01 0.000000000000000000e+00
4.241310546875000000e+03 5.329166412353515625e+01 0.000000000000000000e+00
4.242286132812500000e+03 5.237871551513671875e+01 0.000000000000000000e+00
4.243264160156250000e+03 5.589343643188476562e+01 0.000000000000000000e+00
4.244240722656250000e+03 5.517192459106445312e+01 0.000000000000000000e+00
4.245216796875000000e+03 5.298550033569335938e+01 0.000000000000000000e+00
4.246195800781250000e+03 5.215988922119140625e+01 0.000000000000000000e+00
4.247172851562500000e+03 4.955334472656250000e+01 0.000000000000000000e+00
4.248151855468750000e+03 5.415184402465820312e+01 0.000000000000000000e+00
4.249129394531250000e+03 5.117888641357421875e+01 0.000000000000000000e+00
4.250109375000000000e+03 5.108079147338867188e+01 0.000000000000000000e+00
4.251086914062500000e+03 5.256050872802734375e+01 0.000000000000000000e+00
4.252064941406250000e+03 5.295790863037109375e+01 0.000000000000000000e+00
4.253045410156250000e+03 5.633032608032226562e+01 0.000000000000000000e+00
4.254023925781250000e+03 5.414126968383789062e+01 0.000000000000000000e+00
4.255004882812500000e+03 5.431765747070312500e+01 0.000000000000000000e+00
4.255983398437500000e+03 5.575731277465820312e+01 0.000000000000000000e+00
4.256964843750000000e+03 5.620458602905273438e+01 0.000000000000000000e+00
4.257944335937500000e+03 5.454199218750000000e+01 0.000000000000000000e+00
4.258923828125000000e+03 5.131388473510742188e+01 0.000000000000000000e+00
4.259905761718750000e+03 5.085807800292968750e+01 0.000000000000000000e+00
4.260885742187500000e+03 5.689361190795898438e+01 0.000000000000000000e+00
4.261868652343750000e+03 5.686462783813476562e+01 0.000000000000000000e+00
4.262849121093750000e+03 5.319111251831054688e+01 0.000000000000000000e+00
4.263832031250000000e+03 5.200761032104492188e+01 0.000000000000000000e+00
4.264812988281250000e+03 5.174359130859375000e+01 0.000000000000000000e+00
4.265793945312500000e+03 5.344974136352539062e+01 0.000000000000000000e+00
4.266777832031250000e+03 5.155886077880859375e+01 0.000000000000000000e+00
4.267759277343750000e+03 4.999703216552734375e+01 0.000000000000000000e+00
4.268743164062500000e+03 5.119022369384765625e+01 0.000000000000000000e+00
4.269725585937500000e+03 5.199373626708984375e+01 0.000000000000000000e+00
4.270709960937500000e+03 4.896885681152343750e+01 0.000000000000000000e+00
4.271692382812500000e+03 5.073040008544921875e+01 0.000000000000000000e+00
4.272675292968750000e+03 4.989055633544921875e+01 0.000000000000000000e+00
4.273660156250000000e+03 4.947760009765625000e+01 0.000000000000000000e+00
4.274643554687500000e+03 4.990133666992187500e+01 0.000000000000000000e+00
4.275629394531250000e+03 4.874658584594726562e+01 0.000000000000000000e+00
4.276612792968750000e+03 4.607315826416015625e+01 0.000000000000000000e+00
4.277599121093750000e+03 4.747690200805664062e+01 0.000000000000000000e+00
4.278583007812500000e+03 4.787434768676757812e+01 0.000000000000000000e+00
4.279567382812500000e+03 4.850778961181640625e+01 0.000000000000000000e+00
4.280554199218750000e+03 4.773877716064453125e+01 0.000000000000000000e+00
4.281539062500000000e+03 4.548070907592773438e+01 0.000000000000000000e+00
4.282526367187500000e+03 4.590730667114257812e+01 0.000000000000000000e+00
4.283511718750000000e+03 4.732921218872070312e+01 0.000000000000000000e+00
4.284499023437500000e+03 4.275075912475585938e+01 0.000000000000000000e+00
4.285484863281250000e+03 4.303994369506835938e+01 0.000000000000000000e+00
4.286470703125000000e+03 4.423030853271484375e+01 0.000000000000000000e+00
4.287458984375000000e+03 4.177962112426757812e+01 0.000000000000000000e+00
4.288445312500000000e+03 4.224651336669921875e+01 0.000000000000000000e+00
4.289434570312500000e+03 4.253639221191406250e+01 0.000000000000000000e+00
4.290421386718750000e+03 4.089568710327148438e+01 0.000000000000000000e+00
4.291410644531250000e+03 3.673847198486328125e+01 0.000000000000000000e+00
4.292397949218750000e+03 2.931777000427246094e+01 0.000000000000000000e+00
4.293385253906250000e+03 2.045190048217773438e+01 0.000000000000000000e+00
4.294375488281250000e+03 1.389640235900878906e+01 0.000000000000000000e+00
4.295363281250000000e+03 7.819200992584228516e+00 0.000000000000000000e+00
4.296353515625000000e+03 8.772242546081542969e+00 0.000000000000000000e+00
4.297342285156250000e+03 9.638965606689453125e+00 0.000000000000000000e+00
4.298333007812500000e+03 1.200949287414550781e+01 0.000000000000000000e+00
4.299321777343750000e+03 1.478202152252197266e+01 0.000000000000000000e+00
4.300311035156250000e+03 9.606039047241210938e+00 0.000000000000000000e+00
4.301302734375000000e+03 7.888097286224365234e+00 0.000000000000000000e+00
4.302291992187500000e+03 9.620876312255859375e+00 0.000000000000000000e+00
4.303284179687500000e+03 1.065723609924316406e+01 0.000000000000000000e+00
4.304274414062500000e+03 1.051783370971679688e+01 0.000000000000000000e+00
4.305266601562500000e+03 1.217477798461914062e+01 0.000000000000000000e+00
4.306257324218750000e+03 1.759001731872558594e+01 0.000000000000000000e+00
4.307247558593750000e+03 2.185770416259765625e+01 0.000000000000000000e+00
4.308241210937500000e+03 2.929860305786132812e+01 0.000000000000000000e+00
4.309231933593750000e+03 2.792794799804687500e+01 0.000000000000000000e+00
4.310226074218750000e+03 2.699946784973144531e+01 0.000000000000000000e+00
4.311217285156250000e+03 3.130127906799316406e+01 0.000000000000000000e+00
4.312211425781250000e+03 2.674578094482421875e+01 0.000000000000000000e+00
4.313203613281250000e+03 2.544316482543945312e+01 0.000000000000000000e+00
4.314198242187500000e+03 2.765489387512207031e+01 0.000000000000000000e+00
4.315190429687500000e+03 2.683280563354492188e+01 0.000000000000000000e+00
4.316183593750000000e+03 2.549957847595214844e+01 0.000000000000000000e+00
4.317178710937500000e+03 2.637423896789550781e+01 0.000000000000000000e+00
4.318171875000000000e+03 2.586970901489257812e+01 0.000000000000000000e+00
4.319167480468750000e+03 2.672702026367187500e+01 0.000000000000000000e+00
4.320161132812500000e+03 2.861013793945312500e+01 0.000000000000000000e+00
4.321157226562500000e+03 2.712047004699707031e+01 0.000000000000000000e+00
4.322151367187500000e+03 2.376366043090820312e+01 0.000000000000000000e+00
4.323145996093750000e+03 2.365403366088867188e+01 0.000000000000000000e+00
4.324142578125000000e+03 2.817591476440429688e+01 0.000000000000000000e+00
4.325137695312500000e+03 2.880475234985351562e+01 0.000000000000000000e+00
4.326134765625000000e+03 2.780163764953613281e+01 0.000000000000000000e+00
4.327129882812500000e+03 2.681536674499511719e+01 0.000000000000000000e+00
4.328127929687500000e+03 2.578614234924316406e+01 0.000000000000000000e+00
4.329123535156250000e+03 2.479816627502441406e+01 0.000000000000000000e+00
4.330119628906250000e+03 2.440202331542968750e+01 0.000000000000000000e+00
4.331118164062500000e+03 2.311250495910644531e+01 0.000000000000000000e+00
4.332114257812500000e+03 2.385590744018554688e+01 0.000000000000000000e+00
4.333113281250000000e+03 2.525368499755859375e+01 0.000000000000000000e+00
4.334110351562500000e+03 2.457852172851562500e+01 0.000000000000000000e+00
4.335109863281250000e+03 2.233526611328125000e+01 0.000000000000000000e+00
4.336106933593750000e+03 2.318425750732421875e+01 0.000000000000000000e+00
4.337104492187500000e+03 2.784713745117187500e+01 0.000000000000000000e+00
4.338104492187500000e+03 2.623857116699218750e+01 0.000000000000000000e+00
4.339102539062500000e+03 2.563686370849609375e+01 0.000000000000000000e+00
4.340103027343750000e+03 2.640502738952636719e+01 0.000000000000000000e+00
4.341101562500000000e+03 2.564803314208984375e+01 0.000000000000000000e+00
4.342102539062500000e+03 2.500208091735839844e+01 0.000000000000000000e+00
4.343101562500000000e+03 2.395721626281738281e+01 0.000000000000000000e+00
4.344100585937500000e+03 2.540873336791992188e+01 0.000000000000000000e+00
4.345102539062500000e+03 2.469261360168457031e+01 0.000000000000000000e+00
4.346102050781250000e+03 2.315432929992675781e+01 0.000000000000000000e+00
4.347104003906250000e+03 2.400070762634277344e+01 0.000000000000000000e+00
4.348104003906250000e+03 2.587133789062500000e+01 0.000000000000000000e+00
4.349106933593750000e+03 2.649483299255371094e+01 0.000000000000000000e+00
4.350107421875000000e+03 2.489954757690429688e+01 0.000000000000000000e+00
4.351107910156250000e+03 2.452563858032226562e+01 0.000000000000000000e+00
4.352111328125000000e+03 2.510177040100097656e+01 0.000000000000000000e+00
4.353112792968750000e+03 2.503001022338867188e+01 0.000000000000000000e+00
4.354116699218750000e+03 2.517772293090820312e+01 0.000000000000000000e+00
4.355118164062500000e+03 2.633302116394042969e+01 0.000000000000000000e+00
4.356122558593750000e+03 2.327829933166503906e+01 0.000000000000000000e+00
4.357124511718750000e+03 2.373934173583984375e+01 0.000000000000000000e+00
4.358126953125000000e+03 2.614514541625976562e+01 0.000000000000000000e+00
4.359131835937500000e+03 2.561854934692382812e+01 0.000000000000000000e+00
4.360134765625000000e+03 2.457154273986816406e+01 0.000000000000000000e+00
4.361140136718750000e+03 2.680181694030761719e+01 0.000000000000000000e+00
4.362143554687500000e+03 2.645267295837402344e+01 0.000000000000000000e+00
4.363149414062500000e+03 2.418306350708007812e+01 0.000000000000000000e+00
4.364152832031250000e+03 2.419443702697753906e+01 0.000000000000000000e+00
4.365156738281250000e+03 2.591812133789062500e+01 0.000000000000000000e+00
4.366163574218750000e+03 2.352860832214355469e+01 0.000000000000000000e+00
4.367167968750000000e+03 2.257175636291503906e+01 0.000000000000000000e+00
4.368175292968750000e+03 2.437520599365234375e+01 0.000000000000000000e+00
4.369180175781250000e+03 2.423870086669921875e+01 0.000000000000000000e+00
4.370187500000000000e+03 2.350444984436035156e+01 0.000000000000000000e+00
4.371192871093750000e+03 2.485084533691406250e+01 0.000000000000000000e+00
4.372198242187500000e+03 2.548831176757812500e+01 0.000000000000000000e+00
4.373206542968750000e+03 2.195728683471679688e+01 0.000000000000000000e+00
4.374212890625000000e+03 2.310101699829101562e+01 0.000000000000000000e+00
4.375221191406250000e+03 2.555865669250488281e+01 0.000000000000000000e+00
4.376228027343750000e+03 2.448986244201660156e+01 0.000000000000000000e+00
4.377236816406250000e+03 2.186004829406738281e+01 0.000000000000000000e+00
4.378244140625000000e+03 2.402349662780761719e+01 0.000000000000000000e+00
4.379251464843750000e+03 2.381884765625000000e+01 0.000000000000000000e+00
4.380261230468750000e+03 2.104639244079589844e+01 0.000000000000000000e+00
4.381268554687500000e+03 2.127772331237792969e+01 0.000000000000000000e+00
4.382279296875000000e+03 2.189761543273925781e+01 0.000000000000000000e+00
4.383287109375000000e+03 2.087072753906250000e+01 0.000000000000000000e+00
4.384297851562500000e+03 2.279836082458496094e+01 0.000000000000000000e+00
4.385306640625000000e+03 2.210618209838867188e+01 0.000000000000000000e+00
4.386315429687500000e+03 2.275888252258300781e+01 0.000000000000000000e+00
4.387326660156250000e+03 2.110824012756347656e+01 0.000000000000000000e+00
4.388335937500000000e+03 1.917868041992187500e+01 0.000000000000000000e+00
4.389348144531250000e+03 2.075333786010742188e+01 0.000000000000000000e+00
4.390357910156250000e+03 2.310623359680175781e+01 0.000000000000000000e+00
4.391370117187500000e+03 1.980805969238281250e+01 0.000000000000000000e+00
4.392380371093750000e+03 1.909785079956054688e+01 0.000000000000000000e+00
4.393393554687500000e+03 1.817374992370605469e+01 0.000000000000000000e+00
4.394404296875000000e+03 1.874722480773925781e+01 0.000000000000000000e+00
4.395415039062500000e+03 2.043394088745117188e+01 0.000000000000000000e+00
4.396428710937500000e+03 1.683819007873535156e+01 0.000000000000000000e+00
4.397439941406250000e+03 1.778828239440917969e+01 0.000000000000000000e+00
4.398454101562500000e+03 2.046089172363281250e+01 0.000000000000000000e+00
4.399465820312500000e+03 2.018585014343261719e+01 0.000000000000000000e+00
4.400480468750000000e+03 1.817901039123535156e+01 0.000000000000000000e+00
4.401492675781250000e+03 1.691528701782226562e+01 0.000000000000000000e+00
4.402505371093750000e+03 1.593727397918701172e+01 0.000000000000000000e+00
4.403520507812500000e+03 1.720811271667480469e+01 0.000000000000000000e+00
4.404533691406250000e+03 1.803785514831542969e+01 0.000000000000000000e+00
4.405549316406250000e+03 1.808080291748046875e+01 0.000000000000000000e+00
4.406562500000000000e+03 1.650886917114257812e+01 0.000000000000000000e+00
4.407578613281250000e+03 1.326157665252685547e+01 0.000000000000000000e+00
4.408592773437500000e+03 1.068583583831787109e+01 0.000000000000000000e+00
4.409606933593750000e+03 1.073643493652343750e+01 0.000000000000000000e+00
4.410624023437500000e+03 1.472471332550048828e+01 0.000000000000000000e+00
4.411638671875000000e+03 1.706897735595703125e+01 0.000000000000000000e+00
4.412655761718750000e+03 1.794993972778320312e+01 0.000000000000000000e+00
4.413670898437500000e+03 1.809843063354492188e+01 0.000000000000000000e+00
4.414688476562500000e+03 1.420389175415039062e+01 0.000000000000000000e+00
4.415704101562500000e+03 1.205428409576416016e+01 0.000000000000000000e+00
4.416720214843750000e+03 1.187685775756835938e+01 0.000000000000000000e+00
4.417738769531250000e+03 1.580382442474365234e+01 0.000000000000000000e+00
4.418754882812500000e+03 1.969619178771972656e+01 0.000000000000000000e+00
4.419773925781250000e+03 1.900693130493164062e+01 0.000000000000000000e+00
4.420790527343750000e+03 1.673140525817871094e+01 0.000000000000000000e+00
4.421810058593750000e+03 1.856570816040039062e+01 0.000000000000000000e+00
4.422827148437500000e+03 1.823493385314941406e+01 0.000000000000000000e+00
4.423844726562500000e+03 1.762493133544921875e+01 0.000000000000000000e+00
4.424864746093750000e+03 1.904558944702148438e+01 0.000000000000000000e+00
4.425882812500000000e+03 1.966167449951171875e+01 0.000000000000000000e+00
4.426903320312500000e+03 1.531642246246337891e+01 0.000000000000000000e+00
4.427921875000000000e+03 1.684659004211425781e+01 0.000000000000000000e+00
4.428942871093750000e+03 1.726610374450683594e+01 0.000000000000000000e+00
4.429961914062500000e+03 1.550341987609863281e+01 0.000000000000000000e+00
4.430980957031250000e+03 1.496766090393066406e+01 0.000000000000000000e+00
4.432002441406250000e+03 1.789780235290527344e+01 0.000000000000000000e+00
4.433021972656250000e+03 2.087295150756835938e+01 0.000000000000000000e+00
4.434044433593750000e+03 1.725594139099121094e+01 0.000000000000000000e+00
4.435064453125000000e+03 1.694796562194824219e+01 0.000000000000000000e+00
4.436087402343750000e+03 1.587809085845947266e+01 0.000000000000000000e+00
4.437107910156250000e+03 1.538834762573242188e+01 0.000000000000000000e+00
4.438128417968750000e+03 1.767894744873046875e+01 0.000000000000000000e+00
4.439151855468750000e+03 1.755309486389160156e+01 0.000000000000000000e+00
4.440173339843750000e+03 1.623370552062988281e+01 0.000000000000000000e+00
4.441196777343750000e+03 1.787464714050292969e+01 0.000000000000000000e+00
4.442218750000000000e+03 1.667913436889648438e+01 0.000000000000000000e+00
4.443243164062500000e+03 1.540331172943115234e+01 0.000000000000000000e+00
4.444265136718750000e+03 1.731815528869628906e+01 0.000000000000000000e+00
4.445287597656250000e+03 1.683914947509765625e+01 0.000000000000000000e+00
4.446312500000000000e+03 1.715521240234375000e+01 0.000000000000000000e+00
4.447335449218750000e+03 1.871658515930175781e+01 0.000000000000000000e+00
4.448361328125000000e+03 1.843447303771972656e+01 0.000000000000000000e+00
4.449384277343750000e+03 1.811762809753417969e+01 0.000000000000000000e+00
4.450410644531250000e+03 1.908286094665527344e+01 0.000000000000000000e+00
4.451434082031250000e+03 1.799125099182128906e+01 0.000000000000000000e+00
4.452458496093750000e+03 1.921381378173828125e+01 0.000000000000000000e+00
4.453484863281250000e+03 1.818412399291992188e+01 0.000000000000000000e+00
4.454509765625000000e+03 1.714152526855468750e+01 0.000000000000000000e+00
4.455536621093750000e+03 1.737252616882324219e+01 0.000000000000000000e+00
4.456561523437500000e+03 1.779828643798828125e+01 0.000000000000000000e+00
4.457589355468750000e+03 1.752932167053222656e+01 0.000000000000000000e+00
4.458614746093750000e+03 1.773524856567382812e+01 0.000000000000000000e+00
4.459640625000000000e+03 1.713876724243164062e+01 0.000000000000000000e+00
4.460668945312500000e+03 1.675388526916503906e+01 0.000000000000000000e+00
4.461695312500000000e+03 1.599062252044677734e+01 0.000000000000000000e+00
4.462724121093750000e+03 1.609867858886718750e+01 0.000000000000000000e+00
4.463750488281250000e+03 2.050918006896972656e+01 0.000000000000000000e+00
4.464779785156250000e+03 2.051107788085937500e+01 0.000000000000000000e+00
4.465807128906250000e+03 1.647761726379394531e+01 0.000000000000000000e+00
4.466836914062500000e+03 1.656222152709960938e+01 0.000000000000000000e+00
4.467864257812500000e+03 1.949372673034667969e+01 0.000000000000000000e+00
4.468892089843750000e+03 1.873864936828613281e+01 0.000000000000000000e+00
4.469922851562500000e+03 1.476968955993652344e+01 0.000000000000000000e+00
4.470951171875000000e+03 1.841350364685058594e+01 0.000000000000000000e+00
4.471981933593750000e+03 2.085449600219726562e+01 0.000000000000000000e+00
4.473010742187500000e+03 1.867569923400878906e+01 0.000000000000000000e+00
4.474042480468750000e+03 1.722344779968261719e+01 0.000000000000000000e+00
4.475071777343750000e+03 1.978047752380371094e+01 0.000000000000000000e+00
4.476101074218750000e+03 2.037805747985839844e+01 0.000000000000000000e+00
4.477133300781250000e+03 1.898595237731933594e+01 0.000000000000000000e+00
4.478163085937500000e+03 1.816203880310058594e+01 0.000000000000000000e+00
4.479195800781250000e+03 1.798127365112304688e+01 0.000000000000000000e+00
4.480226562500000000e+03 1.797987937927246094e+01 0.000000000000000000e+00
4.481259277343750000e+03 1.773556709289550781e+01 0.000000000000000000e+00
4.482290527343750000e+03 1.686083984375000000e+01 0.000000000000000000e+00
4.483321289062500000e+03 1.623614311218261719e+01 0.000000000000000000e+00
4.484355468750000000e+03 1.851067733764648438e+01 0.000000000000000000e+00
4.485387207031250000e+03 1.966490745544433594e+01 0.000000000000000000e+00
4.486421386718750000e+03 1.957233238220214844e+01 0.000000000000000000e+00
4.487453613281250000e+03 2.021240425109863281e+01 0.000000000000000000e+00
4.488488281250000000e+03 2.037201118469238281e+01 0.000000000000000000e+00
4.489520996093750000e+03 1.924315643310546875e+01 0.000000000000000000e+00
4.490553710937500000e+03 1.972173690795898438e+01 0.000000000000000000e+00
4.491588867187500000e+03 2.045735359191894531e+01 0.000000000000000000e+00
4.492622558593750000e+03 1.956387138366699219e+01 0.000000000000000000e+00
4.493658203125000000e+03 1.766102790832519531e+01 0.000000000000000000e+00
4.494691894531250000e+03 1.785671043395996094e+01 0.000000000000000000e+00
4.495728515625000000e+03 1.947271919250488281e+01 0.000000000000000000e+00
4.496762695312500000e+03 1.844490051269531250e+01 0.000000000000000000e+00
4.497797363281250000e+03 1.762151908874511719e+01 0.000000000000000000e+00
4.498834472656250000e+03 1.834831809997558594e+01 0.000000000000000000e+00
4.499869628906250000e+03 1.928442001342773438e+01 0.000000000000000000e+00
4.500907226562500000e+03 1.933031845092773438e+01 0.000000000000000000e+00
4.501942382812500000e+03 1.935971069335937500e+01 0.000000000000000000e+00
4.502980468750000000e+03 1.819024658203125000e+01 0.000000000000000000e+00
4.504016601562500000e+03 1.999413490295410156e+01 0.000000000000000000e+00
4.505052734375000000e+03 2.081992721557617188e+01 0.000000000000000000e+00
4.506091308593750000e+03 1.811103820800781250e+01 0.000000000000000000e+00
4.507127929687500000e+03 1.989312553405761719e+01 0.000000000000000000e+00
4.508167480468750000e+03 2.083499336242675781e+01 0.000000000000000000e+00
4.509204589843750000e+03 2.065904617309570312e+01 0.000000000000000000e+00
4.510244628906250000e+03 1.984322166442871094e+01 0.000000000000000000e+00
4.511282226562500000e+03 1.918840789794921875e+01 0.000000000000000000e+00
4.512319824218750000e+03 1.958487129211425781e+01 0.000000000000000000e+00
4.513360351562500000e+03 2.138879394531250000e+01 0.000000000000000000e+00
4.514398437500000000e+03 2.320505523681640625e+01 0.000000000000000000e+00
4.515439453125000000e+03 1.840521430969238281e+01 0.000000000000000000e+00
4.516478515625000000e+03 1.806654739379882812e+01 0.000000000000000000e+00
4.517520019531250000e+03 2.083930397033691406e+01 0.000000000000000000e+00
4.518559082031250000e+03 1.952428627014160156e+01 0.000000000000000000e+00
4.519598632812500000e+03 1.843711280822753906e+01 0.000000000000000000e+00
4.520640625000000000e+03 2.061626625061035156e+01 0.000000000000000000e+00
4.521680664062500000e+03 1.923127746582031250e+01 0.000000000000000000e+00
4.522723632812500000e+03 1.942519760131835938e+01 0.000000000000000000e+00
4.523764160156250000e+03 2.017725944519042969e+01 0.000000000000000000e+00
4.524807128906250000e+03 1.837695503234863281e+01 0.000000000000000000e+00
4.525848144531250000e+03 1.796443557739257812e+01 0.000000000000000000e+00
4.526889160156250000e+03 1.652018356323242188e+01 0.000000000000000000e+00
4.527933105468750000e+03 1.837702751159667969e+01 0.000000000000000000e+00
4.528974609375000000e+03 2.008652305603027344e+01 0.000000000000000000e+00
4.530019042968750000e+03 1.954806900024414062e+01 0.000000000000000000e+00
4.531061035156250000e+03 1.795576477050781250e+01 0.000000000000000000e+00
4.532105957031250000e+03 1.746035194396972656e+01 0.000000000000000000e+00
4.533148925781250000e+03 1.928414344787597656e+01 0.000000000000000000e+00
4.534191406250000000e+03 1.596157360076904297e+01 0.000000000000000000e+00
4.535237304687500000e+03 1.700258255004882812e+01 0.000000000000000000e+00
4.536280273437500000e+03 1.968158340454101562e+01 0.000000000000000000e+00
4.537326660156250000e+03 1.742141532897949219e+01 0.000000000000000000e+00
4.538370117187500000e+03 1.745864486694335938e+01 0.000000000000000000e+00
4.539416992187500000e+03 1.917813491821289062e+01 0.000000000000000000e+00
4.540460937500000000e+03 1.769790077209472656e+01 0.000000000000000000e+00
4.541505859375000000e+03 1.585235118865966797e+01 0.000000000000000000e+00
4.542552734375000000e+03 1.631014251708984375e+01 0.000000000000000000e+00
4.543598144531250000e+03 1.763066673278808594e+01 0.000000000000000000e+00
4.544645507812500000e+03 1.677507400512695312e+01 0.000000000000000000e+00
4.545691406250000000e+03 1.919142532348632812e+01 0.000000000000000000e+00
4.546739257812500000e+03 1.793539047241210938e+01 0.000000000000000000e+00
4.547785156250000000e+03 1.717577171325683594e+01 0.000000000000000000e+00
4.548833984375000000e+03 1.711603736877441406e+01 0.000000000000000000e+00
4.549880371093750000e+03 1.590558815002441406e+01 0.000000000000000000e+00
4.550927246093750000e+03 1.679233551025390625e+01 0.000000000000000000e+00
4.551976562500000000e+03 1.734637451171875000e+01 0.000000000000000000e+00
4.553023925781250000e+03 1.738099098205566406e+01 0.000000000000000000e+00
4.554073730468750000e+03 1.665546607971191406e+01 0.000000000000000000e+00
4.555121582031250000e+03 1.640949630737304688e+01 0.000000000000000000e+00
4.556171875000000000e+03 1.756221961975097656e+01 0.000000000000000000e+00
4.557219726562500000e+03 1.821077919006347656e+01 0.000000000000000000e+00
4.558268554687500000e+03 1.653143501281738281e+01 0.000000000000000000e+00
4.559319335937500000e+03 1.534392452239990234e+01 0.000000000000000000e+00
4.560368164062500000e+03 1.276271915435791016e+01 0.000000000000000000e+00
4.561419921875000000e+03 1.091170692443847656e+01 0.000000000000000000e+00
4.562469238281250000e+03 1.231028079986572266e+01 0.000000000000000000e+00
4.563521484375000000e+03 1.336720466613769531e+01 0.000000000000000000e+00
4.564571289062500000e+03 1.402277565002441406e+01 0.000000000000000000e+00
4.565621093750000000e+03 1.811247253417968750e+01 0.000000000000000000e+00
4.566674316406250000e+03 1.557516765594482422e+01 0.000000000000000000e+00
4.567724609375000000e+03 1.202618217468261719e+01 0.000000000000000000e+00
4.568777832031250000e+03 1.488285541534423828e+01 0.000000000000000000e+00
4.569829101562500000e+03 1.240779209136962891e+01 0.000000000000000000e+00
4.570882812500000000e+03 1.174752712249755859e+01 0.000000000000000000e+00
4.571934570312500000e+03 1.763824653625488281e+01 0.000000000000000000e+00
4.572986328125000000e+03 1.870136451721191406e+01 0.000000000000000000e+00
4.574040527343750000e+03 1.635137176513671875e+01 0.000000000000000000e+00
4.575092773437500000e+03 1.767261695861816406e+01 0.000000000000000000e+00
4.576147949218750000e+03 1.763175201416015625e+01 0.000000000000000000e+00
4.577200683593750000e+03 1.671866798400878906e+01 0.000000000000000000e+00
4.578255859375000000e+03 1.648064422607421875e+01 0.000000000000000000e+00
4.579309082031250000e+03 1.693545913696289062e+01 0.000000000000000000e+00
4.580362792968750000e+03 1.761043930053710938e+01 0.000000000000000000e+00
4.581418945312500000e+03 1.811485671997070312e+01 0.000000000000000000e+00
4.582473144531250000e+03 1.829469871520996094e+01 0.000000000000000000e+00
4.583529785156250000e+03 1.823384094238281250e+01 0.000000000000000000e+00
4.584583984375000000e+03 1.597786712646484375e+01 0.000000000000000000e+00
4.585641113281250000e+03 1.684733200073242188e+01 0.000000000000000000e+00
4.586696289062500000e+03 1.859945297241210938e+01 0.000000000000000000e+00
4.587751464843750000e+03 1.742777633666992188e+01 0.000000000000000000e+00
4.588809082031250000e+03 1.817554664611816406e+01 0.000000000000000000e+00
4.589864746093750000e+03 1.670880126953125000e+01 0.000000000000000000e+00
4.590923339843750000e+03 1.627244567871093750e+01 0.000000000000000000e+00
4.591979492187500000e+03 1.534554004669189453e+01 0.000000000000000000e+00
4.593038574218750000e+03 1.532458877563476562e+01 0.000000000000000000e+00
4.594095214843750000e+03 1.757085227966308594e+01 0.000000000000000000e+00
4.595151855468750000e+03 1.797987747192382812e+01 0.000000000000000000e+00
4.596211425781250000e+03 1.799376869201660156e+01 0.000000000000000000e+00
4.597269042968750000e+03 1.672777175903320312e+01 0.000000000000000000e+00
4.598329101562500000e+03 1.775817680358886719e+01 0.000000000000000000e+00
4.599386718750000000e+03 1.808277893066406250e+01 0.000000000000000000e+00
4.600447265625000000e+03 1.584660625457763672e+01 0.000000000000000000e+00
4.601505859375000000e+03 1.857760810852050781e+01 0.000000000000000000e+00
4.602564453125000000e+03 1.690980720520019531e+01 0.000000000000000000e+00
4.603625488281250000e+03 1.846553802490234375e+01 0.000000000000000000e+00
4.604684570312500000e+03 1.859135627746582031e+01 0.000000000000000000e+00
4.605746582031250000e+03 1.715179634094238281e+01 0.000000000000000000e+00
4.606806152343750000e+03 1.730924606323242188e+01 0.000000000000000000e+00
4.607868652343750000e+03 1.634903335571289062e+01 0.000000000000000000e+00
4.608928222656250000e+03 1.659030532836914062e+01 0.000000000000000000e+00
4.609988769531250000e+03 1.788617897033691406e+01 0.000000000000000000e+00
4.611051757812500000e+03 1.791822242736816406e+01 0.000000000000000000e+00
4.612112792968750000e+03 1.757862472534179688e+01 0.000000000000000000e+00
4.613176269531250000e+03 1.825213050842285156e+01 0.000000000000000000e+00
4.614237304687500000e+03 1.772340774536132812e+01 0.000000000000000000e+00
4.615301269531250000e+03 1.771179199218750000e+01 0.000000000000000000e+00
4.616363281250000000e+03 1.730828666687011719e+01 0.000000000000000000e+00
4.617425292968750000e+03 1.642827224731445312e+01 0.000000000000000000e+00
4.618489746093750000e+03 1.622076606750488281e+01 0.000000000000000000e+00
4.619552246093750000e+03 1.671370506286621094e+01 0.000000000000000000e+00
4.620617675781250000e+03 1.610872077941894531e+01 0.000000000000000000e+00
4.621680664062500000e+03 1.845845222473144531e+01 0.000000000000000000e+00
4.622746582031250000e+03 1.825713920593261719e+01 0.000000000000000000e+00
4.623809570312500000e+03 1.661652946472167969e+01 0.000000000000000000e+00
4.624873535156250000e+03 1.611491775512695312e+01 0.000000000000000000e+00
4.625939941406250000e+03 1.710836791992187500e+01 0.000000000000000000e+00
4.627004394531250000e+03 1.747988700866699219e+01 0.000000000000000000e+00
4.628071289062500000e+03 1.623747825622558594e+01 0.000000000000000000e+00
4.629135742187500000e+03 1.645623970031738281e+01 0.000000000000000000e+00
4.630203125000000000e+03 1.580288410186767578e+01 0.000000000000000000e+00
4.631268554687500000e+03 1.559918022155761719e+01 0.000000000000000000e+00
4.632336425781250000e+03 1.736149787902832031e+01 0.000000000000000000e+00
4.633402343750000000e+03 1.645774078369140625e+01 0.000000000000000000e+00
4.634467773437500000e+03 1.666224098205566406e+01 0.000000000000000000e+00
4.635536621093750000e+03 1.792993164062500000e+01 0.000000000000000000e+00
4.636603027343750000e+03 1.757993316650390625e+01 0.000000000000000000e+00
4.637672363281250000e+03 1.625847434997558594e+01 0.000000000000000000e+00
4.638739257812500000e+03 1.654767990112304688e+01 0.000000000000000000e+00
4.639809082031250000e+03 1.788299751281738281e+01 0.000000000000000000e+00
4.640876464843750000e+03 1.678896903991699219e+01 0.000000000000000000e+00
4.641943847656250000e+03 1.665665626525878906e+01 0.000000000000000000e+00
4.643014160156250000e+03 1.707120513916015625e+01 0.000000000000000000e+00
4.644082519531250000e+03 1.568365573883056641e+01 0.000000000000000000e+00
4.645153320312500000e+03 1.298447990417480469e+01 0.000000000000000000e+00
4.646222167968750000e+03 1.359021091461181641e+01 0.000000000000000000e+00
4.647293457031250000e+03 1.358487987518310547e+01 0.000000000000000000e+00
4.648362304687500000e+03 1.315921592712402344e+01 0.000000000000000000e+00
4.649431640625000000e+03 1.244170665740966797e+01 0.000000000000000000e+00
4.650503906250000000e+03 1.325149917602539062e+01 0.000000000000000000e+00
4.651573730468750000e+03 1.487574005126953125e+01 0.000000000000000000e+00
4.652646484375000000e+03 1.215280723571777344e+01 0.000000000000000000e+00
4.653716796875000000e+03 1.433218288421630859e+01 0.000000000000000000e+00
4.654790039062500000e+03 1.507173442840576172e+01 0.000000000000000000e+00
4.655860839843750000e+03 1.286847591400146484e+01 0.000000000000000000e+00
4.656931640625000000e+03 1.320045757293701172e+01 0.000000000000000000e+00
4.658005859375000000e+03 1.727779197692871094e+01 0.000000000000000000e+00
4.659077148437500000e+03 1.484808254241943359e+01 0.000000000000000000e+00
4.660151855468750000e+03 1.427293300628662109e+01 0.000000000000000000e+00
4.661223632812500000e+03 1.452558422088623047e+01 0.000000000000000000e+00
4.662298339843750000e+03 1.597552871704101562e+01 0.000000000000000000e+00
4.663371093750000000e+03 1.734134483337402344e+01 0.000000000000000000e+00
4.664443847656250000e+03 1.646365737915039062e+01 0.000000000000000000e+00
4.665519531250000000e+03 1.477755069732666016e+01 0.000000000000000000e+00
4.666592773437500000e+03 1.716480064392089844e+01 0.000000000000000000e+00
4.667668945312500000e+03 1.611908149719238281e+01 0.000000000000000000e+00
4.668742675781250000e+03 1.440615463256835938e+01 0.000000000000000000e+00
4.669819335937500000e+03 1.522411632537841797e+01 0.000000000000000000e+00
4.670893554687500000e+03 1.667285728454589844e+01 0.000000000000000000e+00
4.671968261718750000e+03 1.483263683319091797e+01 0.000000000000000000e+00
4.673045410156250000e+03 1.555585670471191406e+01 0.000000000000000000e+00
4.674120605468750000e+03 1.651353263854980469e+01 0.000000000000000000e+00
4.675198242187500000e+03 1.523172092437744141e+01 0.000000000000000000e+00
4.676273925781250000e+03 1.369619083404541016e+01 0.000000000000000000e+00
4.677352050781250000e+03 1.387839221954345703e+01 0.000000000000000000e+00
4.678428222656250000e+03 1.266771030426025391e+01 0.000000000000000000e+00
4.679504394531250000e+03 1.358216571807861328e+01 0.000000000000000000e+00
4.680583496093750000e+03 1.493595504760742188e+01 0.000000000000000000e+00
4.681660156250000000e+03 1.422322082519531250e+01 0.000000000000000000e+00
4.682739746093750000e+03 1.306206512451171875e+01 0.000000000000000000e+00
4.683817382812500000e+03 1.423128128051757812e+01 0.000000000000000000e+00
4.684897460937500000e+03 1.578828048706054688e+01 0.000000000000000000e+00
4.685975097656250000e+03 1.538108730316162109e+01 0.000000000000000000e+00
4.687053222656250000e+03 1.522469043731689453e+01 0.000000000000000000e+00
4.688133789062500000e+03 1.579679870605468750e+01 0.000000000000000000e+00
4.689212402343750000e+03 1.713983726501464844e+01 0.000000000000000000e+00
4.690293457031250000e+03 1.770450782775878906e+01 0.000000000000000000e+00
4.691372558593750000e+03 1.484086322784423828e+01 0.000000000000000000e+00
4.692454589843750000e+03 1.710852432250976562e+01 0.000000000000000000e+00
4.693534179687500000e+03 1.602564239501953125e+01 0.000000000000000000e+00
4.694613769531250000e+03 1.570312404632568359e+01 0.000000000000000000e+00
4.695696289062500000e+03 1.704337692260742188e+01 0.000000000000000000e+00
4.696776367187500000e+03 1.593795776367187500e+01 0.000000000000000000e+00
4.697859375000000000e+03 1.354134845733642578e+01 0.000000000000000000e+00
4.698940429687500000e+03 1.548176002502441406e+01 0.000000000000000000e+00
4.700023925781250000e+03 1.611156082153320312e+01 0.000000000000000000e+00
4.701104980468750000e+03 1.578116798400878906e+01 0.000000000000000000e+00
4.702186523437500000e+03 1.551508998870849609e+01 0.000000000000000000e+00
4.703270996093750000e+03 1.518080615997314453e+01 0.000000000000000000e+00
4.704353027343750000e+03 1.544231796264648438e+01 0.000000000000000000e+00
4.705437500000000000e+03 1.575789070129394531e+01 0.000000000000000000e+00
4.706520019531250000e+03 1.656900596618652344e+01 0.000000000000000000e+00
4.707605468750000000e+03 1.554183769226074219e+01 0.000000000000000000e+00
4.708688476562500000e+03 1.475565147399902344e+01 0.000000000000000000e+00
4.709771972656250000e+03 1.672630500793457031e+01 0.000000000000000000e+00
4.710857910156250000e+03 1.661795234680175781e+01 0.000000000000000000e+00
4.711941406250000000e+03 1.562053012847900391e+01 0.000000000000000000e+00
4.713028320312500000e+03 1.633445549011230469e+01 0.000000000000000000e+00
4.714112304687500000e+03 1.570546054840087891e+01 0.000000000000000000e+00
4.715199218750000000e+03 1.439724254608154297e+01 0.000000000000000000e+00
4.716284179687500000e+03 1.499253654479980469e+01 0.000000000000000000e+00
4.717371582031250000e+03 1.504897212982177734e+01 0.000000000000000000e+00
4.718457031250000000e+03 1.665958976745605469e+01 0.000000000000000000e+00
4.719542480468750000e+03 1.679844856262207031e+01 0.000000000000000000e+00
4.720630859375000000e+03 1.600278472900390625e+01 0.000000000000000000e+00
4.721716796875000000e+03 1.646735763549804688e+01 0.000000000000000000e+00
4.722805664062500000e+03 1.752248764038085938e+01 0.000000000000000000e+00
4.723892089843750000e+03 1.507748794555664062e+01 0.000000000000000000e+00
4.724981445312500000e+03 1.689320564270019531e+01 0.000000000000000000e+00
4.726068359375000000e+03 1.563705921173095703e+01 0.000000000000000000e+00
4.727155273437500000e+03 1.406855583190917969e+01 0.000000000000000000e+00
4.728245605468750000e+03 1.459629154205322266e+01 0.000000000000000000e+00
4.729333496093750000e+03 1.567883777618408203e+01 0.000000000000000000e+00
4.730423828125000000e+03 1.649108695983886719e+01 0.000000000000000000e+00
4.731512207031250000e+03 1.805297660827636719e+01 0.000000000000000000e+00
4.732603027343750000e+03 1.542646312713623047e+01 0.000000000000000000e+00
4.733691894531250000e+03 1.690235328674316406e+01 0.000000000000000000e+00
4.734780761718750000e+03 1.997091484069824219e+01 0.000000000000000000e+00
4.735872558593750000e+03 1.756101036071777344e+01 0.000000000000000000e+00
4.736962402343750000e+03 1.863045501708984375e+01 0.000000000000000000e+00
4.738054687500000000e+03 1.766839790344238281e+01 0.000000000000000000e+00
4.739144531250000000e+03 1.627906608581542969e+01 0.000000000000000000e+00
4.740237304687500000e+03 1.745708274841308594e+01 0.000000000000000000e+00
4.741327636718750000e+03 1.778764915466308594e+01 0.000000000000000000e+00
4.742418457031250000e+03 1.477127742767333984e+01 0.000000000000000000e+00
4.743512207031250000e+03 1.673408126831054688e+01 0.000000000000000000e+00
4.744603515625000000e+03 1.783435249328613281e+01 0.000000000000000000e+00
4.745697265625000000e+03 1.838861846923828125e+01 0.000000000000000000e+00
4.746789062500000000e+03 1.937621498107910156e+01 0.000000000000000000e+00
4.747883789062500000e+03 1.919662666320800781e+01 0.000000000000000000e+00
4.748976074218750000e+03 1.726058578491210938e+01 0.000000000000000000e+00
4.750068359375000000e+03 1.762887954711914062e+01 0.000000000000000000e+00
4.751164062500000000e+03 1.565341854095458984e+01 0.000000000000000000e+00
4.752256835937500000e+03 1.837867927551269531e+01 0.000000000000000000e+00
4.753352539062500000e+03 2.007521629333496094e+01 0.000000000000000000e+00
4.754446289062500000e+03 1.826082038879394531e+01 0.000000000000000000e+00
4.755542480468750000e+03 1.725695228576660156e+01 0.000000000000000000e+00
4.756636718750000000e+03 1.851292419433593750e+01 0.000000000000000000e+00
4.757730957031250000e+03 1.715261268615722656e+01 0.000000000000000000e+00
4.758828125000000000e+03 1.778543281555175781e+01 0.000000000000000000e+00
4.759922851562500000e+03 1.831307220458984375e+01 0.000000000000000000e+00
4.761020507812500000e+03 1.786371231079101562e+01 0.000000000000000000e+00
4.762115722656250000e+03 1.793075370788574219e+01 0.000000000000000000e+00
4.763213867187500000e+03 1.765011405944824219e+01 0.000000000000000000e+00
4.764309570312500000e+03 1.855398178100585938e+01 0.000000000000000000e+00
4.765405761718750000e+03 1.893413734436035156e+01 0.000000000000000000e+00
4.766504394531250000e+03 1.841363334655761719e+01 0.000000000000000000e+00
4.767601074218750000e+03 1.793655776977539062e+01 0.000000000000000000e+00
4.768700195312500000e+03 1.843830871582031250e+01 0.000000000000000000e+00
4.769797363281250000e+03 1.896490859985351562e+01 0.000000000000000000e+00
4.770897460937500000e+03 1.635894775390625000e+01 0.000000000000000000e+00
4.771995117187500000e+03 1.601281356811523438e+01 0.000000000000000000e+00
4.773092773437500000e+03 1.818765830993652344e+01 0.000000000000000000e+00
4.774193359375000000e+03 1.986083030700683594e+01 0.000000000000000000e+00
4.775291503906250000e+03 1.922185707092285156e+01 0.000000000000000000e+00
4.776392578125000000e+03 1.879394340515136719e+01 0.000000000000000000e+00
4.777491699218750000e+03 1.990807533264160156e+01 0.000000000000000000e+00
4.778593261718750000e+03 1.792014122009277344e+01 0.000000000000000000e+00
4.779692382812500000e+03 1.705834770202636719e+01 0.000000000000000000e+00
4.780791992187500000e+03 1.892818260192871094e+01 0.000000000000000000e+00
4.781894531250000000e+03 1.971488761901855469e+01 0.000000000000000000e+00
4.782994628906250000e+03 1.752930641174316406e+01 0.000000000000000000e+00
4.784097656250000000e+03 1.783430671691894531e+01 0.000000000000000000e+00
4.785198242187500000e+03 2.016539001464843750e+01 0.000000000000000000e+00
4.786301757812500000e+03 2.120571136474609375e+01 0.000000000000000000e+00
4.787402832031250000e+03 1.971101760864257812e+01 0.000000000000000000e+00
4.788503906250000000e+03 1.853914260864257812e+01 0.000000000000000000e+00
4.789608398437500000e+03 2.182168388366699219e+01 0.000000000000000000e+00
4.790709960937500000e+03 2.209183120727539062e+01 0.000000000000000000e+00
4.791814941406250000e+03 1.834506607055664062e+01 0.000000000000000000e+00
4.792916992187500000e+03 1.844791603088378906e+01 0.000000000000000000e+00
4.794022460937500000e+03 2.113348388671875000e+01 0.000000000000000000e+00
4.795125488281250000e+03 2.052442550659179688e+01 0.000000000000000000e+00
4.796228515625000000e+03 2.226016044616699219e+01 0.000000000000000000e+00
4.797334472656250000e+03 2.144944381713867188e+01 0.000000000000000000e+00
4.798437988281250000e+03 2.206125640869140625e+01 0.000000000000000000e+00
4.799544433593750000e+03 2.076519393920898438e+01 0.000000000000000000e+00
4.800648925781250000e+03 1.863625907897949219e+01 0.000000000000000000e+00
4.801755859375000000e+03 1.952626419067382812e+01 0.000000000000000000e+00
4.802860351562500000e+03 1.920285415649414062e+01 0.000000000000000000e+00
4.803967773437500000e+03 2.036266136169433594e+01 0.000000000000000000e+00
4.805073242187500000e+03 2.072594261169433594e+01 0.000000000000000000e+00
4.806178222656250000e+03 2.053398132324218750e+01 0.000000000000000000e+00
4.807286621093750000e+03 2.051441192626953125e+01 0.000000000000000000e+00
4.808392578125000000e+03 2.104761886596679688e+01 0.000000000000000000e+00
4.809501464843750000e+03 2.257119369506835938e+01 0.000000000000000000e+00
4.810607910156250000e+03 2.200957489013671875e+01 0.000000000000000000e+00
4.811717285156250000e+03 2.105611801147460938e+01 0.000000000000000000e+00
4.812824218750000000e+03 2.119352912902832031e+01 0.000000000000000000e+00
4.813931152343750000e+03 2.198512077331542969e+01 0.000000000000000000e+00
4.815041503906250000e+03 2.206775665283203125e+01 0.000000000000000000e+00
4.816148925781250000e+03 2.191168785095214844e+01 0.000000000000000000e+00
4.817259765625000000e+03 2.493049049377441406e+01 0.000000000000000000e+00
4.818367675781250000e+03 2.334440994262695312e+01 0.000000000000000000e+00
4.819479003906250000e+03 2.110944366455078125e+01 0.000000000000000000e+00
4.820587890625000000e+03 2.158980178833007812e+01 0.000000000000000000e+00
4.821696777343750000e+03 2.268614578247070312e+01 0.000000000000000000e+00
4.822808593750000000e+03 2.243897056579589844e+01 0.000000000000000000e+00
4.823917968750000000e+03 2.183890533447265625e+01 0.000000000000000000e+00
4.825030273437500000e+03 2.155732727050781250e+01 0.000000000000000000e+00
4.826140136718750000e+03 2.134119796752929688e+01 0.000000000000000000e+00
4.827253417968750000e+03 2.204518508911132812e+01 0.000000000000000000e+00
4.828363769531250000e+03 2.321051979064941406e+01 0.000000000000000000e+00
4.829474609375000000e+03 2.075314331054687500e+01 0.000000000000000000e+00
4.830588378906250000e+03 2.204431343078613281e+01 0.000000000000000000e+00
4.831699707031250000e+03 2.390201568603515625e+01 0.000000000000000000e+00
4.832813476562500000e+03 2.251570320129394531e+01 0.000000000000000000e+00
4.833925292968750000e+03 2.001683235168457031e+01 0.000000000000000000e+00
4.835040039062500000e+03 2.048120498657226562e+01 0.000000000000000000e+00
4.836152343750000000e+03 2.115151786804199219e+01 0.000000000000000000e+00
4.837265136718750000e+03 2.181776809692382812e+01 0.000000000000000000e+00
4.838380371093750000e+03 2.046574211120605469e+01 0.000000000000000000e+00
4.839493652343750000e+03 2.014996719360351562e+01 0.000000000000000000e+00
4.840609375000000000e+03 2.172774505615234375e+01 0.000000000000000000e+00
4.841723144531250000e+03 2.214111328125000000e+01 0.000000000000000000e+00
4.842839355468750000e+03 2.004336357116699219e+01 0.000000000000000000e+00
4.843953613281250000e+03 2.098551368713378906e+01 0.000000000000000000e+00
4.845067871093750000e+03 2.253744697570800781e+01 0.000000000000000000e+00
4.846185058593750000e+03 2.303621673583984375e+01 0.000000000000000000e+00
4.847300292968750000e+03 2.236736106872558594e+01 0.000000000000000000e+00
4.848417968750000000e+03 2.108580398559570312e+01 0.000000000000000000e+00
4.849533203125000000e+03 2.029939651489257812e+01 0.000000000000000000e+00
4.850651367187500000e+03 2.243268966674804688e+01 0.000000000000000000e+00
4.851767578125000000e+03 1.940773582458496094e+01 0.000000000000000000e+00
4.852883789062500000e+03 1.832725715637207031e+01 0.000000000000000000e+00
4.854002441406250000e+03 1.976814079284667969e+01 0.000000000000000000e+00
4.855119140625000000e+03 1.738047981262207031e+01 0.000000000000000000e+00
4.856238769531250000e+03 1.693671607971191406e+01 0.000000000000000000e+00
4.857355957031250000e+03 1.917577934265136719e+01 0.000000000000000000e+00
4.858476074218750000e+03 1.916147232055664062e+01 0.000000000000000000e+00
4.859593750000000000e+03 1.944282531738281250e+01 0.000000000000000000e+00
4.860711914062500000e+03 1.954377746582031250e+01 0.000000000000000000e+00
4.861832519531250000e+03 1.667477607727050781e+01 0.000000000000000000e+00
4.862951171875000000e+03 1.609269332885742188e+01 0.000000000000000000e+00
4.864072265625000000e+03 1.811658859252929688e+01 0.000000000000000000e+00
4.865191406250000000e+03 1.579769134521484375e+01 0.000000000000000000e+00
4.866313476562500000e+03 1.551885032653808594e+01 0.000000000000000000e+00
4.867432617187500000e+03 1.811439704895019531e+01 0.000000000000000000e+00
4.868552734375000000e+03 1.724973297119140625e+01 0.000000000000000000e+00
4.869675292968750000e+03 1.575891971588134766e+01 0.000000000000000000e+00
4.870795410156250000e+03 1.769317626953125000e+01 0.000000000000000000e+00
4.871918945312500000e+03 1.687144279479980469e+01 0.000000000000000000e+00
4.873039550781250000e+03 1.579115009307861328e+01 0.000000000000000000e+00
4.874163085937500000e+03 1.634851837158203125e+01 0.000000000000000000e+00
4.875284667968750000e+03 1.620144081115722656e+01 0.000000000000000000e+00
4.876406250000000000e+03 1.466001129150390625e+01 0.000000000000000000e+00
4.877530761718750000e+03 1.507268333435058594e+01 0.000000000000000000e+00
4.878652832031250000e+03 1.729984092712402344e+01 0.000000000000000000e+00
4.879777832031250000e+03 1.777002143859863281e+01 0.000000000000000000e+00
4.880900390625000000e+03 1.647025680541992188e+01 0.000000000000000000e+00
4.882025878906250000e+03 1.635815238952636719e+01 0.000000000000000000e+00
4.883148925781250000e+03 1.656124496459960938e+01 0.000000000000000000e+00
4.884271972656250000e+03 1.579732799530029297e+01 0.000000000000000000e+00
4.885398437500000000e+03 1.773028755187988281e+01 0.000000000000000000e+00
4.886522460937500000e+03 1.693645668029785156e+01 0.000000000000000000e+00
4.887649414062500000e+03 1.434276485443115234e+01 0.000000000000000000e+00
4.888773437500000000e+03 1.593604469299316406e+01 0.000000000000000000e+00
4.889900878906250000e+03 1.634791183471679688e+01 0.000000000000000000e+00
4.891025878906250000e+03 1.595995807647705078e+01 0.000000000000000000e+00
4.892153808593750000e+03 1.620808792114257812e+01 0.000000000000000000e+00
4.893279296875000000e+03 1.566310405731201172e+01 0.000000000000000000e+00
4.894404785156250000e+03 1.540393638610839844e+01 0.000000000000000000e+00
4.895533691406250000e+03 1.665505027770996094e+01 0.000000000000000000e+00
4.896659667968750000e+03 1.431063365936279297e+01 0.000000000000000000e+00
4.897789062500000000e+03 1.461234760284423828e+01 0.000000000000000000e+00
4.898915527343750000e+03 1.589421844482421875e+01 0.000000000000000000e+00
4.900045410156250000e+03 1.649805068969726562e+01 0.000000000000000000e+00
4.901172363281250000e+03 1.597879409790039062e+01 0.000000000000000000e+00
4.902299804687500000e+03 1.500325107574462891e+01 0.000000000000000000e+00
4.903430664062500000e+03 1.506224822998046875e+01 0.000000000000000000e+00
4.904558593750000000e+03 1.461396408081054688e+01 0.000000000000000000e+00
4.905689453125000000e+03 1.514385414123535156e+01 0.000000000000000000e+00
4.906817871093750000e+03 1.624115562438964844e+01 0.000000000000000000e+00
4.907949707031250000e+03 1.629102134704589844e+01 0.000000000000000000e+00
4.909078613281250000e+03 1.515898990631103516e+01 0.000000000000000000e+00
4.910208007812500000e+03 1.582267189025878906e+01 0.000000000000000000e+00
4.911340332031250000e+03 1.587157630920410156e+01 0.000000000000000000e+00
4.912470214843750000e+03 1.590751838684082031e+01 0.000000000000000000e+00
4.913603027343750000e+03 1.547348117828369141e+01 0.000000000000000000e+00
4.914733398437500000e+03 1.481536102294921875e+01 0.000000000000000000e+00
4.915866699218750000e+03 1.483855247497558594e+01 0.000000000000000000e+00
4.916997558593750000e+03 1.490464591979980469e+01 0.000000000000000000e+00
4.918128417968750000e+03 1.586622142791748047e+01 0.000000000000000000e+00
4.919262695312500000e+03 1.554918956756591797e+01 0.000000000000000000e+00
4.920394531250000000e+03 1.432502460479736328e+01 0.000000000000000000e+00
4.921528808593750000e+03 1.346505451202392578e+01 0.000000000000000000e+00
4.922661132812500000e+03 1.372989559173583984e+01 0.000000000000000000e+00
4.923796386718750000e+03 1.491025543212890625e+01 0.000000000000000000e+00
4.924929199218750000e+03 1.410677528381347656e+01 0.000000000000000000e+00
4.926062011718750000e+03 1.460039901733398438e+01 0.000000000000000000e+00
4.927197753906250000e+03 1.482745552062988281e+01 0.000000000000000000e+00
4.928331542968750000e+03 1.340859508514404297e+01 0.000000000000000000e+00
4.929467773437500000e+03 1.251033210754394531e+01 0.000000000000000000e+00
4.930602050781250000e+03 1.470623016357421875e+01 0.000000000000000000e+00
4.931738769531250000e+03 1.399729442596435547e+01 0.000000000000000000e+00
4.932873535156250000e+03 1.293731021881103516e+01 0.000000000000000000e+00
4.934008300781250000e+03 1.279443454742431641e+01 0.000000000000000000e+00
4.935145996093750000e+03 1.313677883148193359e+01 0.000000000000000000e+00
4.936281250000000000e+03 1.337484836578369141e+01 0.000000000000000000e+00
4.937419433593750000e+03 1.367253398895263672e+01 0.000000000000000000e+00
4.938555664062500000e+03 1.438575077056884766e+01 0.000000000000000000e+00
4.939694335937500000e+03 1.452346897125244141e+01 0.000000000000000000e+00
4.940830566406250000e+03 1.359333992004394531e+01 0.000000000000000000e+00
4.941967285156250000e+03 1.269321250915527344e+01 0.000000000000000000e+00
4.943106933593750000e+03 1.308351421356201172e+01 0.000000000000000000e+00
4.944244140625000000e+03 1.318014907836914062e+01 0.000000000000000000e+00
4.945384277343750000e+03 1.232670688629150391e+01 0.000000000000000000e+00
4.946521972656250000e+03 1.188784980773925781e+01 0.000000000000000000e+00
4.947662597656250000e+03 1.168383502960205078e+01 0.000000000000000000e+00
4.948800781250000000e+03 1.238230133056640625e+01 0.000000000000000000e+00
4.949939453125000000e+03 1.381741619110107422e+01 0.000000000000000000e+00
4.951080566406250000e+03 1.144750118255615234e+01 0.000000000000000000e+00
4.952219726562500000e+03 1.167935276031494141e+01 0.000000000000000000e+00
4.953361816406250000e+03 1.273498058319091797e+01 0.000000000000000000e+00
4.954500976562500000e+03 1.274254894256591797e+01 0.000000000000000000e+00
4.955643554687500000e+03 1.230646324157714844e+01 0.000000000000000000e+00
4.956783691406250000e+03 1.252178859710693359e+01 0.000000000000000000e+00
4.957923828125000000e+03 1.153281116485595703e+01 0.000000000000000000e+00
4.959067382812500000e+03 1.030813598632812500e+01 0.000000000000000000e+00
4.960208007812500000e+03 1.094145488739013672e+01 0.000000000000000000e+00
4.961352050781250000e+03 1.213418388366699219e+01 0.000000000000000000e+00
4.962493164062500000e+03 1.202181148529052734e+01 0.000000000000000000e+00
4.963637695312500000e+03 1.092392253875732422e+01 0.000000000000000000e+00
4.964779296875000000e+03 1.135863113403320312e+01 0.000000000000000000e+00
4.965921386718750000e+03 1.084673118591308594e+01 0.000000000000000000e+00
4.967066894531250000e+03 1.062791633605957031e+01 0.000000000000000000e+00
4.968209472656250000e+03 1.094521522521972656e+01 0.000000000000000000e+00
4.969354980468750000e+03 1.105058193206787109e+01 0.000000000000000000e+00
4.970498046875000000e+03 1.061046218872070312e+01 0.000000000000000000e+00
4.971644531250000000e+03 1.060792255401611328e+01 0.000000000000000000e+00
4.972788085937500000e+03 9.985457420349121094e+00 0.000000000000000000e+00
4.973932128906250000e+03 1.084558105468750000e+01 0.000000000000000000e+00
4.975079101562500000e+03 1.165038871765136719e+01 0.000000000000000000e+00
4.976223632812500000e+03 1.183766078948974609e+01 0.000000000000000000e+00
4.977371093750000000e+03 1.217152881622314453e+01 0.000000000000000000e+00
4.978516113281250000e+03 1.056230831146240234e+01 0.000000000000000000e+00
4.979664062500000000e+03 1.205502605438232422e+01 0.000000000000000000e+00
4.980809570312500000e+03 1.241767787933349609e+01 0.000000000000000000e+00
4.981958496093750000e+03 1.257001972198486328e+01 0.000000000000000000e+00
4.983104492187500000e+03 1.280526828765869141e+01 0.000000000000000000e+00
4.984250976562500000e+03 1.144420051574707031e+01 0.000000000000000000e+00
4.985400390625000000e+03 1.123400592803955078e+01 0.000000000000000000e+00
4.986546875000000000e+03 1.140139007568359375e+01 0.000000000000000000e+00
4.987696777343750000e+03 1.162214088439941406e+01 0.000000000000000000e+00
4.988844238281250000e+03 1.164164257049560547e+01 0.000000000000000000e+00
4.989994628906250000e+03 1.163938045501708984e+01 0.000000000000000000e+00
4.991142578125000000e+03 1.165996932983398438e+01 0.000000000000000000e+00
4.992291015625000000e+03 1.089725971221923828e+01 0.000000000000000000e+00
4.993441894531250000e+03 1.248901176452636719e+01 0.000000000000000000e+00
4.994590820312500000e+03 1.011773014068603516e+01 0.000000000000000000e+00
4.995742675781250000e+03 9.315857887268066406e+00 0.000000000000000000e+00
4.996892089843750000e+03 1.188740062713623047e+01 0.000000000000000000e+00
4.998043945312500000e+03 1.198738956451416016e+01 0.000000000000000000e+00
4.999193847656250000e+03 1.125316524505615234e+01 0.000000000000000000e+00
5.000343750000000000e+03 1.112299919128417969e+01 0.000000000000000000e+00
5.001497070312500000e+03 9.921058654785156250e+00 0.000000000000000000e+00
5.002647460937500000e+03 9.826462745666503906e+00 0.000000000000000000e+00
5.003801269531250000e+03 1.138542747497558594e+01 0.000000000000000000e+00
5.004952148437500000e+03 1.203268623352050781e+01 0.000000000000000000e+00
5.006106445312500000e+03 1.140740299224853516e+01 0.000000000000000000e+00
5.007258300781250000e+03 1.007784461975097656e+01 0.000000000000000000e+00
5.008410156250000000e+03 1.122658252716064453e+01 0.000000000000000000e+00
5.009564941406250000e+03 1.178085422515869141e+01 0.000000000000000000e+00
5.010717285156250000e+03 1.092356109619140625e+01 0.000000000000000000e+00
5.011873046875000000e+03 1.179220485687255859e+01 0.000000000000000000e+00
5.013025878906250000e+03 1.288109588623046875e+01 0.000000000000000000e+00
5.014181640625000000e+03 1.255183982849121094e+01 0.000000000000000000e+00
5.015335449218750000e+03 1.246398258209228516e+01 0.000000000000000000e+00
5.016489257812500000e+03 1.370513439178466797e+01 0.000000000000000000e+00
5.017645996093750000e+03 1.405730342864990234e+01 0.000000000000000000e+00
5.018800292968750000e+03 1.165962791442871094e+01 0.000000000000000000e+00
5.019957519531250000e+03 1.221821022033691406e+01 0.000000000000000000e+00
5.021112304687500000e+03 1.249967956542968750e+01 0.000000000000000000e+00
5.022270019531250000e+03 1.324830532073974609e+01 0.000000000000000000e+00
5.023425781250000000e+03 1.309141921997070312e+01 0.000000000000000000e+00
5.024581054687500000e+03 1.187328815460205078e+01 0.000000000000000000e+00
5.025739746093750000e+03 1.168979358673095703e+01 0.000000000000000000e+00
5.026895996093750000e+03 1.256763935089111328e+01 0.000000000000000000e+00
5.028055175781250000e+03 1.236514759063720703e+01 0.000000000000000000e+00
5.029211914062500000e+03 1.276148223876953125e+01 0.000000000000000000e+00
5.030371582031250000e+03 1.346487712860107422e+01 0.000000000000000000e+00
5.031528808593750000e+03 1.323975658416748047e+01 0.000000000000000000e+00
5.032686523437500000e+03 1.210481929779052734e+01 0.000000000000000000e+00
5.033847167968750000e+03 1.213459682464599609e+01 0.000000000000000000e+00
5.035004882812500000e+03 1.254164695739746094e+01 0.000000000000000000e+00
5.036166015625000000e+03 1.232244491577148438e+01 0.000000000000000000e+00
5.037324707031250000e+03 1.258535480499267578e+01 0.000000000000000000e+00
5.038486328125000000e+03 1.292539024353027344e+01 0.000000000000000000e+00
5.039645507812500000e+03 1.211941719055175781e+01 0.000000000000000000e+00
5.040804687500000000e+03 1.311840629577636719e+01 0.000000000000000000e+00
5.041967285156250000e+03 1.274838638305664062e+01 0.000000000000000000e+00
5.043126953125000000e+03 1.206367301940917969e+01 0.000000000000000000e+00
5.044290039062500000e+03 1.119606399536132812e+01 0.000000000000000000e+00
5.045450195312500000e+03 1.064039993286132812e+01 0.000000000000000000e+00
5.046613769531250000e+03 1.164387893676757812e+01 0.000000000000000000e+00
5.047774902343750000e+03 1.320201396942138672e+01 0.000000000000000000e+00
5.048936035156250000e+03 1.193690395355224609e+01 0.000000000000000000e+00
5.050100097656250000e+03 1.273402023315429688e+01 0.000000000000000000e+00
5.051262207031250000e+03 1.360346794128417969e+01 0.000000000000000000e+00
5.052426757812500000e+03 1.261906623840332031e+01 0.000000000000000000e+00
5.053589355468750000e+03 1.173741817474365234e+01 0.000000000000000000e+00
5.054754394531250000e+03 1.123859691619873047e+01 0.000000000000000000e+00
5.055917480468750000e+03 1.125156116485595703e+01 0.000000000000000000e+00
5.057080566406250000e+03 1.218396854400634766e+01 0.000000000000000000e+00
5.058246582031250000e+03 1.294292068481445312e+01 0.000000000000000000e+00
5.059410156250000000e+03 1.296118545532226562e+01 0.000000000000000000e+00
5.060577148437500000e+03 1.274578094482421875e+01 0.000000000000000000e+00
5.061741210937500000e+03 1.213694763183593750e+01 0.000000000000000000e+00
5.062908203125000000e+03 1.213562583923339844e+01 0.000000000000000000e+00
5.064073242187500000e+03 1.354878711700439453e+01 0.000000000000000000e+00
5.065237792968750000e+03 1.401113224029541016e+01 0.000000000000000000e+00
5.066406250000000000e+03 1.293607521057128906e+01 0.000000000000000000e+00
5.067571777343750000e+03 1.271148872375488281e+01 0.000000000000000000e+00
5.068740234375000000e+03 1.357373905181884766e+01 0.000000000000000000e+00
5.069906250000000000e+03 1.412349319458007812e+01 0.000000000000000000e+00
5.071075195312500000e+03 1.308414554595947266e+01 0.000000000000000000e+00
5.072241699218750000e+03 1.302746772766113281e+01 0.000000000000000000e+00
5.073411621093750000e+03 1.396298027038574219e+01 0.000000000000000000e+00
5.074578613281250000e+03 1.283336639404296875e+01 0.000000000000000000e+00
5.075746093750000000e+03 1.177924251556396484e+01 0.000000000000000000e+00
5.076916503906250000e+03 1.181404399871826172e+01 0.000000000000000000e+00
5.078084472656250000e+03 1.141239643096923828e+01 0.000000000000000000e+00
5.079255371093750000e+03 1.129212188720703125e+01 0.000000000000000000e+00
5.080423828125000000e+03 1.181570720672607422e+01 0.000000000000000000e+00
5.081595703125000000e+03 1.161217689514160156e+01 0.000000000000000000e+00
5.082764648437500000e+03 1.045202732086181641e+01 0.000000000000000000e+00
5.083933593750000000e+03 1.170713520050048828e+01 0.000000000000000000e+00
5.085105957031250000e+03 1.116571807861328125e+01 0.000000000000000000e+00
5.086275878906250000e+03 1.025340270996093750e+01 0.000000000000000000e+00
5.087448730468750000e+03 1.082274627685546875e+01 0.000000000000000000e+00
5.088619140625000000e+03 1.139439392089843750e+01 0.000000000000000000e+00
5.089792480468750000e+03 1.130383014678955078e+01 0.000000000000000000e+00
5.090963378906250000e+03 1.251462650299072266e+01 0.000000000000000000e+00
5.092134765625000000e+03 1.241982269287109375e+01 0.000000000000000000e+00
5.093309082031250000e+03 1.179678249359130859e+01 0.000000000000000000e+00
5.094480468750000000e+03 1.184746837615966797e+01 0.000000000000000000e+00
5.095655273437500000e+03 1.201160144805908203e+01 0.000000000000000000e+00
5.096827636718750000e+03 1.203025150299072266e+01 0.000000000000000000e+00
5.098002929687500000e+03 1.099647808074951172e+01 0.000000000000000000e+00
5.099175781250000000e+03 1.133821201324462891e+01 0.000000000000000000e+00
5.100348632812500000e+03 1.171529579162597656e+01 0.000000000000000000e+00
5.101524902343750000e+03 1.149300289154052734e+01 0.000000000000000000e+00
5.102698730468750000e+03 1.188116359710693359e+01 0.000000000000000000e+00
5.103875000000000000e+03 1.081301498413085938e+01 0.000000000000000000e+00
5.105049316406250000e+03 1.153358936309814453e+01 0.000000000000000000e+00
5.106226562500000000e+03 1.191534423828125000e+01 0.000000000000000000e+00
5.107401367187500000e+03 1.177511882781982422e+01 0.000000000000000000e+00
5.108576171875000000e+03 1.114839267730712891e+01 0.000000000000000000e+00
5.109754394531250000e+03 9.865233421325683594e+00 0.000000000000000000e+00
5.110929687500000000e+03 1.058309268951416016e+01 0.000000000000000000e+00
5.112108398437500000e+03 9.848366737365722656e+00 0.000000000000000000e+00
5.113284179687500000e+03 8.988000869750976562e+00 0.000000000000000000e+00
5.114463378906250000e+03 1.027933979034423828e+01 0.000000000000000000e+00
5.115640136718750000e+03 1.137472724914550781e+01 0.000000000000000000e+00
5.116816894531250000e+03 8.879835128784179688e+00 0.000000000000000000e+00
5.117996582031250000e+03 1.017513847351074219e+01 0.000000000000000000e+00
5.119174316406250000e+03 1.097939968109130859e+01 0.000000000000000000e+00
5.120354492187500000e+03 1.108779811859130859e+01 0.000000000000000000e+00
5.121532714843750000e+03 1.118692016601562500e+01 0.000000000000000000e+00
5.122713378906250000e+03 1.101204395294189453e+01 0.000000000000000000e+00
5.123892089843750000e+03 9.844225883483886719e+00 0.000000000000000000e+00
5.125070800781250000e+03 8.491182327270507812e+00 0.000000000000000000e+00
5.126252441406250000e+03 7.331223011016845703e+00 0.000000000000000000e+00
5.127432128906250000e+03 7.966052055358886719e+00 0.000000000000000000e+00
5.128614257812500000e+03 7.953996658325195312e+00 0.000000000000000000e+00
5.129793945312500000e+03 6.702155113220214844e+00 0.000000000000000000e+00
5.130977050781250000e+03 6.962684154510498047e+00 0.000000000000000000e+00
5.132157226562500000e+03 7.445537090301513672e+00 0.000000000000000000e+00
5.133337890625000000e+03 7.447676181793212891e+00 0.000000000000000000e+00
5.134521972656250000e+03 7.376891136169433594e+00 0.000000000000000000e+00
5.135703125000000000e+03 7.148067474365234375e+00 0.000000000000000000e+00
5.136887207031250000e+03 6.203988552093505859e+00 0.000000000000000000e+00
5.138068847656250000e+03 4.649311542510986328e+00 0.000000000000000000e+00
5.139253906250000000e+03 4.521895885467529297e+00 0.000000000000000000e+00
5.140436035156250000e+03 5.093033790588378906e+00 0.000000000000000000e+00
5.141618652343750000e+03 6.044631004333496094e+00 0.000000000000000000e+00
5.142804199218750000e+03 6.031034946441650391e+00 0.000000000000000000e+00
5.143987304687500000e+03 5.572656631469726562e+00 0.000000000000000000e+00
5.145173828125000000e+03 6.459358215332031250e+00 0.000000000000000000e+00
5.146357421875000000e+03 6.004562377929687500e+00 0.000000000000000000e+00
5.147543945312500000e+03 5.279870986938476562e+00 0.000000000000000000e+00
5.148728027343750000e+03 5.472187519073486328e+00 0.000000000000000000e+00
5.149912597656250000e+03 5.808065891265869141e+00 0.000000000000000000e+00
5.151100097656250000e+03 6.234485149383544922e+00 0.000000000000000000e+00
5.152285156250000000e+03 7.465928077697753906e+00 0.000000000000000000e+00
5.153473144531250000e+03 7.309616565704345703e+00 0.000000000000000000e+00
5.154658691406250000e+03 8.566648483276367188e+00 0.000000000000000000e+00
5.155847656250000000e+03 8.488575935363769531e+00 0.000000000000000000e+00
5.157033691406250000e+03 7.822402954101562500e+00 0.000000000000000000e+00
5.158222656250000000e+03 7.642554283142089844e+00 0.000000000000000000e+00
5.159409179687500000e+03 7.056958675384521484e+00 0.000000000000000000e+00
5.160596191406250000e+03 6.719839096069335938e+00 0.000000000000000000e+00
5.161786132812500000e+03 6.191398620605468750e+00 0.000000000000000000e+00
5.162973632812500000e+03 5.561081409454345703e+00 0.000000000000000000e+00
5.164164550781250000e+03 5.259175300598144531e+00 0.000000000000000000e+00
5.165352539062500000e+03 5.537395477294921875e+00 0.000000000000000000e+00
5.166543457031250000e+03 5.985142230987548828e+00 0.000000000000000000e+00
5.167731933593750000e+03 5.576149463653564453e+00 0.000000000000000000e+00
5.168920898437500000e+03 5.432734012603759766e+00 0.000000000000000000e+00
5.170112792968750000e+03 6.097486972808837891e+00 0.000000000000000000e+00
5.171302246093750000e+03 6.325925350189208984e+00 0.000000000000000000e+00
5.172494628906250000e+03 5.991088390350341797e+00 0.000000000000000000e+00
5.173684570312500000e+03 6.461349964141845703e+00 0.000000000000000000e+00
5.174877929687500000e+03 6.702356338500976562e+00 0.000000000000000000e+00
5.176068359375000000e+03 7.706141948699951172e+00 0.000000000000000000e+00
5.177258789062500000e+03 9.690368652343750000e+00 0.000000000000000000e+00
5.178452636718750000e+03 1.079156208038330078e+01 0.000000000000000000e+00
5.179644042968750000e+03 1.125314235687255859e+01 0.000000000000000000e+00
5.180838378906250000e+03 1.315083789825439453e+01 0.000000000000000000e+00
5.182030273437500000e+03 1.309952831268310547e+01 0.000000000000000000e+00
5.183225097656250000e+03 1.123466014862060547e+01 0.000000000000000000e+00
5.184417480468750000e+03 1.000161075592041016e+01 0.000000000000000000e+00
5.185610351562500000e+03 9.598526954650878906e+00 0.000000000000000000e+00
5.186806152343750000e+03 9.860457420349121094e+00 0.000000000000000000e+00
5.187999511718750000e+03 1.055546379089355469e+01 0.000000000000000000e+00
5.189195800781250000e+03 8.563237190246582031e+00 0.000000000000000000e+00
5.190389648437500000e+03 7.862782478332519531e+00 0.000000000000000000e+00
5.191586425781250000e+03 8.891208648681640625e+00 0.000000000000000000e+00
5.192780761718750000e+03 8.597813606262207031e+00 0.000000000000000000e+00
5.193975097656250000e+03 6.565912246704101562e+00 0.000000000000000000e+00
5.195172851562500000e+03 6.052912235260009766e+00 0.000000000000000000e+00
5.196368164062500000e+03 6.082400321960449219e+00 0.000000000000000000e+00
5.197566406250000000e+03 4.530083656311035156e+00 0.000000000000000000e+00
5.198762207031250000e+03 4.914314270019531250e+00 0.000000000000000000e+00
5.199960937500000000e+03 5.272743701934814453e+00 0.000000000000000000e+00
5.201157226562500000e+03 4.606222629547119141e+00 0.000000000000000000e+00
5.202353515625000000e+03 5.421196937561035156e+00 0.000000000000000000e+00
5.203553222656250000e+03 4.432270526885986328e+00 0.000000000000000000e+00
5.204750488281250000e+03 3.918230772018432617e+00 0.000000000000000000e+00
5.205950683593750000e+03 5.137289524078369141e+00 0.000000000000000000e+00
5.207148437500000000e+03 5.882202625274658203e+00 0.000000000000000000e+00
5.208349121093750000e+03 5.507012844085693359e+00 0.000000000000000000e+00
5.209547363281250000e+03 6.319812774658203125e+00 0.000000000000000000e+00
5.210745605468750000e+03 7.346540451049804688e+00 0.000000000000000000e+00
5.211947265625000000e+03 8.295683860778808594e+00 0.000000000000000000e+00
5.213145996093750000e+03 8.603381156921386719e+00 0.000000000000000000e+00
5.214348144531250000e+03 9.086008071899414062e+00 0.000000000000000000e+00
5.215547851562500000e+03 1.024636840820312500e+01 0.000000000000000000e+00
5.216750488281250000e+03 1.134401416778564453e+01 0.000000000000000000e+00
5.217950683593750000e+03 1.184218215942382812e+01 0.000000000000000000e+00
5.219150878906250000e+03 9.967341423034667969e+00 0.000000000000000000e+00
5.220354492187500000e+03 1.096953487396240234e+01 0.000000000000000000e+00
5.221555664062500000e+03 1.297630596160888672e+01 0.000000000000000000e+00
5.222759765625000000e+03 1.330697536468505859e+01 0.000000000000000000e+00
5.223960937500000000e+03 1.409717178344726562e+01 0.000000000000000000e+00
5.225165527343750000e+03 1.628744125366210938e+01 0.000000000000000000e+00
5.226367675781250000e+03 1.433832168579101562e+01 0.000000000000000000e+00
5.227570312500000000e+03 1.398390007019042969e+01 0.000000000000000000e+00
5.228775390625000000e+03 1.464175415039062500e+01 0.000000000000000000e+00
5.229978515625000000e+03 1.516950511932373047e+01 0.000000000000000000e+00
5.231184570312500000e+03 1.765179061889648438e+01 0.000000000000000000e+00
5.232387695312500000e+03 1.779375267028808594e+01 0.000000000000000000e+00
5.233594238281250000e+03 1.643532371520996094e+01 0.000000000000000000e+00
5.234798339843750000e+03 1.664800453186035156e+01 0.000000000000000000e+00
5.236002929687500000e+03 1.752117919921875000e+01 0.000000000000000000e+00
5.237209960937500000e+03 1.800826644897460938e+01 0.000000000000000000e+00
5.238415039062500000e+03 1.882758712768554688e+01 0.000000000000000000e+00
5.239623046875000000e+03 1.800693130493164062e+01 0.000000000000000000e+00
5.240828125000000000e+03 1.772225952148437500e+01 0.000000000000000000e+00
5.242036621093750000e+03 1.743595504760742188e+01 0.000000000000000000e+00
5.243242675781250000e+03 1.713204383850097656e+01 0.000000000000000000e+00
5.244448730468750000e+03 1.753013610839843750e+01 0.000000000000000000e+00
5.245658203125000000e+03 1.871091079711914062e+01 0.000000000000000000e+00
5.246865234375000000e+03 1.871675682067871094e+01 0.000000000000000000e+00
5.248074707031250000e+03 1.745797348022460938e+01 0.000000000000000000e+00
5.249282226562500000e+03 1.844262123107910156e+01 0.000000000000000000e+00
5.250492675781250000e+03 1.972434997558593750e+01 0.000000000000000000e+00
5.251700683593750000e+03 1.899127960205078125e+01 0.000000000000000000e+00
5.252911621093750000e+03 1.788384246826171875e+01 0.000000000000000000e+00
5.254120117187500000e+03 1.785204315185546875e+01 0.000000000000000000e+00
5.255328613281250000e+03 1.871145820617675781e+01 0.000000000000000000e+00
5.256540527343750000e+03 1.838298416137695312e+01 0.000000000000000000e+00
5.257750000000000000e+03 1.882402801513671875e+01 0.000000000000000000e+00
5.258962402343750000e+03 2.008497810363769531e+01 0.000000000000000000e+00
5.260172363281250000e+03 1.882939338684082031e+01 0.000000000000000000e+00
5.261385253906250000e+03 1.878879165649414062e+01 0.000000000000000000e+00
5.262595703125000000e+03 1.992777824401855469e+01 0.000000000000000000e+00
5.263806152343750000e+03 2.028047752380371094e+01 0.000000000000000000e+00
5.265020019531250000e+03 1.976039314270019531e+01 0.000000000000000000e+00
5.266230957031250000e+03 1.972122764587402344e+01 0.000000000000000000e+00
5.267445800781250000e+03 2.058711433410644531e+01 0.000000000000000000e+00
5.268657226562500000e+03 1.948885345458984375e+01 0.000000000000000000e+00
5.269872070312500000e+03 1.854410171508789062e+01 0.000000000000000000e+00
5.271084472656250000e+03 1.955292892456054688e+01 0.000000000000000000e+00
5.272297363281250000e+03 2.116433525085449219e+01 0.000000000000000000e+00
5.273513183593750000e+03 2.134301757812500000e+01 0.000000000000000000e+00
5.274726074218750000e+03 2.019763755798339844e+01 0.000000000000000000e+00
5.275942382812500000e+03 2.028406715393066406e+01 0.000000000000000000e+00
5.277156250000000000e+03 2.005833435058593750e+01 0.000000000000000000e+00
5.278373046875000000e+03 2.093463706970214844e+01 0.000000000000000000e+00
5.279587402343750000e+03 2.265736198425292969e+01 0.000000000000000000e+00
5.280801757812500000e+03 2.365894317626953125e+01 0.000000000000000000e+00
5.282019531250000000e+03 2.295692253112792969e+01 0.000000000000000000e+00
5.283234863281250000e+03 2.152554512023925781e+01 0.000000000000000000e+00
5.284453125000000000e+03 2.115821456909179688e+01 0.000000000000000000e+00
5.285668945312500000e+03 2.144013023376464844e+01 0.000000000000000000e+00
5.286887695312500000e+03 2.158534049987792969e+01 0.000000000000000000e+00
5.288104003906250000e+03 2.144560050964355469e+01 0.000000000000000000e+00
5.289320312500000000e+03 2.159972381591796875e+01 0.000000000000000000e+00
5.290540039062500000e+03 2.245826721191406250e+01 0.000000000000000000e+00
5.291757324218750000e+03 2.329427337646484375e+01 0.000000000000000000e+00
5.292977539062500000e+03 2.307420158386230469e+01 0.000000000000000000e+00
5.294195312500000000e+03 2.247238922119140625e+01 0.000000000000000000e+00
5.295416015625000000e+03 2.260725402832031250e+01 0.000000000000000000e+00
5.296634277343750000e+03 2.304192924499511719e+01 0.000000000000000000e+00
5.297852539062500000e+03 2.108375167846679688e+01 0.000000000000000000e+00
5.299074218750000000e+03 1.745622253417968750e+01 0.000000000000000000e+00
5.300293457031250000e+03 1.657059478759765625e+01 0.000000000000000000e+00
5.301515625000000000e+03 1.970013809204101562e+01 0.000000000000000000e+00
5.302735351562500000e+03 2.361040306091308594e+01 0.000000000000000000e+00
5.303958007812500000e+03 2.409924125671386719e+01 0.000000000000000000e+00
5.305178222656250000e+03 2.413908958435058594e+01 0.000000000000000000e+00
5.306398437500000000e+03 2.279737091064453125e+01 0.000000000000000000e+00
5.307622070312500000e+03 2.039878463745117188e+01 0.000000000000000000e+00
5.308843261718750000e+03 2.021343803405761719e+01 0.000000000000000000e+00
5.310067382812500000e+03 2.270473670959472656e+01 0.000000000000000000e+00
5.311289062500000000e+03 2.375775718688964844e+01 0.000000000000000000e+00
5.312513671875000000e+03 2.398409271240234375e+01 0.000000000000000000e+00
5.313735839843750000e+03 2.535534286499023438e+01 0.000000000000000000e+00
5.314958496093750000e+03 2.476622009277343750e+01 0.000000000000000000e+00
5.316184082031250000e+03 2.405686378479003906e+01 0.000000000000000000e+00
5.317407226562500000e+03 2.472129058837890625e+01 0.000000000000000000e+00
5.318633300781250000e+03 2.437504196166992188e+01 0.000000000000000000e+00
5.319856933593750000e+03 2.510400962829589844e+01 0.000000000000000000e+00
5.321083496093750000e+03 2.472698783874511719e+01 0.000000000000000000e+00
5.322307617187500000e+03 2.265935707092285156e+01 0.000000000000000000e+00
5.323531738281250000e+03 2.196626091003417969e+01 0.000000000000000000e+00
5.324759765625000000e+03 2.404306221008300781e+01 0.000000000000000000e+00
5.325984375000000000e+03 2.538178062438964844e+01 0.000000000000000000e+00
5.327212890625000000e+03 2.369859313964843750e+01 0.000000000000000000e+00
5.328437988281250000e+03 2.590758323669433594e+01 0.000000000000000000e+00
5.329666992187500000e+03 2.526455307006835938e+01 0.000000000000000000e+00
5.330893066406250000e+03 2.315773773193359375e+01 0.000000000000000000e+00
5.332119140625000000e+03 2.308914756774902344e+01 0.000000000000000000e+00
5.333349121093750000e+03 2.292610168457031250e+01 0.000000000000000000e+00
5.334575683593750000e+03 2.347335624694824219e+01 0.000000000000000000e+00
5.335806152343750000e+03 2.489514541625976562e+01 0.000000000000000000e+00
5.337033691406250000e+03 2.491421699523925781e+01 0.000000000000000000e+00
5.338264160156250000e+03 2.433606910705566406e+01 0.000000000000000000e+00
5.339492187500000000e+03 2.431168937683105469e+01 0.000000000000000000e+00
5.340720703125000000e+03 2.356516075134277344e+01 0.000000000000000000e+00
5.341952148437500000e+03 2.180725860595703125e+01 0.000000000000000000e+00
5.343181152343750000e+03 2.381005859375000000e+01 0.000000000000000000e+00
5.344413085937500000e+03 2.566311454772949219e+01 0.000000000000000000e+00
5.345642578125000000e+03 2.462550926208496094e+01 0.000000000000000000e+00
5.346875488281250000e+03 2.313437271118164062e+01 0.000000000000000000e+00
5.348105468750000000e+03 2.501844406127929688e+01 0.000000000000000000e+00
5.349338867187500000e+03 2.423104476928710938e+01 0.000000000000000000e+00
5.350569335937500000e+03 2.239914512634277344e+01 0.000000000000000000e+00
5.351800292968750000e+03 2.199559211730957031e+01 0.000000000000000000e+00
5.353034179687500000e+03 2.316733169555664062e+01 0.000000000000000000e+00
5.354265625000000000e+03 2.411312484741210938e+01 0.000000000000000000e+00
5.355500488281250000e+03 2.342437171936035156e+01 0.000000000000000000e+00
5.356732421875000000e+03 2.357018089294433594e+01 0.000000000000000000e+00
5.357967773437500000e+03 2.267140197753906250e+01 0.000000000000000000e+00
5.359200195312500000e+03 2.223159408569335938e+01 0.000000000000000000e+00
5.360433105468750000e+03 2.299683380126953125e+01 0.000000000000000000e+00
5.361669433593750000e+03 2.306644821166992188e+01 0.000000000000000000e+00
5.362902832031250000e+03 2.061385917663574219e+01 0.000000000000000000e+00
5.364139160156250000e+03 2.105067253112792969e+01 0.000000000000000000e+00
5.365373535156250000e+03 2.072844123840332031e+01 0.000000000000000000e+00
5.366610839843750000e+03 2.067894172668457031e+01 0.000000000000000000e+00
5.367845214843750000e+03 2.096042442321777344e+01 0.000000000000000000e+00
5.369080078125000000e+03 2.079722595214843750e+01 0.000000000000000000e+00
5.370318359375000000e+03 2.000911712646484375e+01 0.000000000000000000e+00
5.371553710937500000e+03 1.789270210266113281e+01 0.000000000000000000e+00
5.372792480468750000e+03 1.685049438476562500e+01 0.000000000000000000e+00
5.374028320312500000e+03 1.770968627929687500e+01 0.000000000000000000e+00
5.375267578125000000e+03 1.839984893798828125e+01 0.000000000000000000e+00
5.376503906250000000e+03 1.793400573730468750e+01 0.000000000000000000e+00
5.377741210937500000e+03 1.799132728576660156e+01 0.000000000000000000e+00
5.378980957031250000e+03 1.722237968444824219e+01 0.000000000000000000e+00
5.380218261718750000e+03 1.774811363220214844e+01 0.000000000000000000e+00
5.381458984375000000e+03 1.696071052551269531e+01 0.000000000000000000e+00
5.382697265625000000e+03 1.631476402282714844e+01 0.000000000000000000e+00
5.383938476562500000e+03 1.711990928649902344e+01 0.000000000000000000e+00
5.385176757812500000e+03 1.672283554077148438e+01 0.000000000000000000e+00
5.386416015625000000e+03 1.602484321594238281e+01 0.000000000000000000e+00
5.387657714843750000e+03 1.628534507751464844e+01 0.000000000000000000e+00
5.388897460937500000e+03 1.667579650878906250e+01 0.000000000000000000e+00
5.390140136718750000e+03 1.619562721252441406e+01 0.000000000000000000e+00
5.391379882812500000e+03 1.495954036712646484e+01 0.000000000000000000e+00
5.392623046875000000e+03 1.455488109588623047e+01 0.000000000000000000e+00
5.393863769531250000e+03 1.636596298217773438e+01 0.000000000000000000e+00
5.395104492187500000e+03 1.707443428039550781e+01 0.000000000000000000e+00
5.396348632812500000e+03 1.548489189147949219e+01 0.000000000000000000e+00
5.397590332031250000e+03 1.482940864562988281e+01 0.000000000000000000e+00
5.398834960937500000e+03 1.631938171386718750e+01 0.000000000000000000e+00
5.400076660156250000e+03 1.605520057678222656e+01 0.000000000000000000e+00
5.401322265625000000e+03 1.498845481872558594e+01 0.000000000000000000e+00
5.402564453125000000e+03 1.609609031677246094e+01 0.000000000000000000e+00
5.403807617187500000e+03 1.615519905090332031e+01 0.000000000000000000e+00
5.405053710937500000e+03 1.490636920928955078e+01 0.000000000000000000e+00
5.406296875000000000e+03 1.402448177337646484e+01 0.000000000000000000e+00
5.407543945312500000e+03 1.392438316345214844e+01 0.000000000000000000e+00
5.408787597656250000e+03 1.490623188018798828e+01 0.000000000000000000e+00
5.410035156250000000e+03 1.579844284057617188e+01 0.000000000000000000e+00
5.411279785156250000e+03 1.600734519958496094e+01 0.000000000000000000e+00
5.412524414062500000e+03 1.545872592926025391e+01 0.000000000000000000e+00
5.413772460937500000e+03 1.456992530822753906e+01 0.000000000000000000e+00
5.415018066406250000e+03 1.404232215881347656e+01 0.000000000000000000e+00
5.416266601562500000e+03 1.390803623199462891e+01 0.000000000000000000e+00
5.417512695312500000e+03 1.419665813446044922e+01 0.000000000000000000e+00
5.418761718750000000e+03 1.496928691864013672e+01 0.000000000000000000e+00
5.420008300781250000e+03 1.505548667907714844e+01 0.000000000000000000e+00
5.421255371093750000e+03 1.436099720001220703e+01 0.000000000000000000e+00
5.422505371093750000e+03 1.470906543731689453e+01 0.000000000000000000e+00
5.423752929687500000e+03 1.474756050109863281e+01 0.000000000000000000e+00
5.425003417968750000e+03 1.391243267059326172e+01 0.000000000000000000e+00
5.426251464843750000e+03 1.374995899200439453e+01 0.000000000000000000e+00
5.427502929687500000e+03 1.379122352600097656e+01 0.000000000000000000e+00
5.428751464843750000e+03 1.362690639495849609e+01 0.000000000000000000e+00
5.430000488281250000e+03 1.462485504150390625e+01 0.000000000000000000e+00
5.431252441406250000e+03 1.546358394622802734e+01 0.000000000000000000e+00
5.432501953125000000e+03 1.431275081634521484e+01 0.000000000000000000e+00
5.433754882812500000e+03 1.414918613433837891e+01 0.000000000000000000e+00
5.435004882812500000e+03 1.364001083374023438e+01 0.000000000000000000e+00
5.436258300781250000e+03 1.231517410278320312e+01 0.000000000000000000e+00
5.437508789062500000e+03 1.403701877593994141e+01 0.000000000000000000e+00
5.438759765625000000e+03 1.466437339782714844e+01 0.000000000000000000e+00
5.440013671875000000e+03 1.446069717407226562e+01 0.000000000000000000e+00
5.441265136718750000e+03 1.399570178985595703e+01 0.000000000000000000e+00
5.442520019531250000e+03 1.362075328826904297e+01 0.000000000000000000e+00
5.443771972656250000e+03 1.347354793548583984e+01 0.000000000000000000e+00
5.445027343750000000e+03 1.376779937744140625e+01 0.000000000000000000e+00
5.446279785156250000e+03 1.522863292694091797e+01 0.000000000000000000e+00
5.447535644531250000e+03 1.516821765899658203e+01 0.000000000000000000e+00
5.448789062500000000e+03 1.436104393005371094e+01 0.000000000000000000e+00
5.450042480468750000e+03 1.393911838531494141e+01 0.000000000000000000e+00
5.451299316406250000e+03 1.406237697601318359e+01 0.000000000000000000e+00
5.452553222656250000e+03 1.442939186096191406e+01 0.000000000000000000e+00
5.453810546875000000e+03 1.558351135253906250e+01 0.000000000000000000e+00
5.455065429687500000e+03 1.379705810546875000e+01 0.000000000000000000e+00
5.456323242187500000e+03 1.326091480255126953e+01 0.000000000000000000e+00
5.457578613281250000e+03 1.336495590209960938e+01 0.000000000000000000e+00
5.458833984375000000e+03 1.277350711822509766e+01 0.000000000000000000e+00
5.460092773437500000e+03 1.427325153350830078e+01 0.000000000000000000e+00
5.461348632812500000e+03 1.462819671630859375e+01 0.000000000000000000e+00
5.462608398437500000e+03 1.426899814605712891e+01 0.000000000000000000e+00
5.463864746093750000e+03 1.314421463012695312e+01 0.000000000000000000e+00
5.465125000000000000e+03 1.291206455230712891e+01 0.000000000000000000e+00
5.466382324218750000e+03 1.442325687408447266e+01 0.000000000000000000e+00
5.467639648437500000e+03 1.534191417694091797e+01 0.000000000000000000e+00
5.468900390625000000e+03 1.423380184173583984e+01 0.000000000000000000e+00
5.470158691406250000e+03 1.401607227325439453e+01 0.000000000000000000e+00
5.471419921875000000e+03 1.409278488159179688e+01 0.000000000000000000e+00
5.472678710937500000e+03 1.416368770599365234e+01 0.000000000000000000e+00
5.473940429687500000e+03 1.354972553253173828e+01 0.000000000000000000e+00
5.475199707031250000e+03 1.158753585815429688e+01 0.000000000000000000e+00
5.476459472656250000e+03 1.377470016479492188e+01 0.000000000000000000e+00
5.477722167968750000e+03 1.414688777923583984e+01 0.000000000000000000e+00
5.478982421875000000e+03 1.381517982482910156e+01 0.000000000000000000e+00
5.480246093750000000e+03 1.380478000640869141e+01 0.000000000000000000e+00
5.481506835937500000e+03 1.365151786804199219e+01 0.000000000000000000e+00
5.482770507812500000e+03 1.318491649627685547e+01 0.000000000000000000e+00
5.484032226562500000e+03 1.282045936584472656e+01 0.000000000000000000e+00
5.485293457031250000e+03 1.261372661590576172e+01 0.000000000000000000e+00
5.486558593750000000e+03 1.368335914611816406e+01 0.000000000000000000e+00
5.487820800781250000e+03 1.451302433013916016e+01 0.000000000000000000e+00
5.489085937500000000e+03 1.351283073425292969e+01 0.000000000000000000e+00
5.490349121093750000e+03 1.247059631347656250e+01 0.000000000000000000e+00
5.491614746093750000e+03 1.389073562622070312e+01 0.000000000000000000e+00
5.492878417968750000e+03 1.381114482879638672e+01 0.000000000000000000e+00
5.494142089843750000e+03 1.333045482635498047e+01 0.000000000000000000e+00
5.495408691406250000e+03 1.373667430877685547e+01 0.000000000000000000e+00
5.496672851562500000e+03 1.446818733215332031e+01 0.000000000000000000e+00
5.497940429687500000e+03 1.415721511840820312e+01 0.000000000000000000e+00
5.499205566406250000e+03 1.390903759002685547e+01 0.000000000000000000e+00
5.500473632812500000e+03 1.443645191192626953e+01 0.000000000000000000e+00
5.501738769531250000e+03 1.434167575836181641e+01 0.000000000000000000e+00
5.503004394531250000e+03 1.431318378448486328e+01 0.000000000000000000e+00
5.504273437500000000e+03 1.481490325927734375e+01 0.000000000000000000e+00
5.505539550781250000e+03 1.411639976501464844e+01 0.000000000000000000e+00
5.506809570312500000e+03 1.410120582580566406e+01 0.000000000000000000e+00
5.508076171875000000e+03 1.481285953521728516e+01 0.000000000000000000e+00
5.509346191406250000e+03 1.395415973663330078e+01 0.000000000000000000e+00
5.510613769531250000e+03 1.274150943756103516e+01 0.000000000000000000e+00
5.511881347656250000e+03 1.309055519104003906e+01 0.000000000000000000e+00
5.513152343750000000e+03 1.375106716156005859e+01 0.000000000000000000e+00
5.514420898437500000e+03 1.400777530670166016e+01 0.000000000000000000e+00
5.515692382812500000e+03 1.377200317382812500e+01 0.000000000000000000e+00
5.516961425781250000e+03 1.336509037017822266e+01 0.000000000000000000e+00
5.518233398437500000e+03 1.300457286834716797e+01 0.000000000000000000e+00
5.519502929687500000e+03 1.299968242645263672e+01 0.000000000000000000e+00
5.520772460937500000e+03 1.375817394256591797e+01 0.000000000000000000e+00
5.522045898437500000e+03 1.451791191101074219e+01 0.000000000000000000e+00
5.523315917968750000e+03 1.329406642913818359e+01 0.000000000000000000e+00
5.524589843750000000e+03 1.311528587341308594e+01 0.000000000000000000e+00
5.525860839843750000e+03 1.343142890930175781e+01 0.000000000000000000e+00
5.527134765625000000e+03 1.285566806793212891e+01 0.000000000000000000e+00
5.528406250000000000e+03 1.306292819976806641e+01 0.000000000000000000e+00
5.529678222656250000e+03 1.218838691711425781e+01 0.000000000000000000e+00
5.530953613281250000e+03 1.419056701660156250e+01 0.000000000000000000e+00
5.532225585937500000e+03 1.509347057342529297e+01 0.000000000000000000e+00
5.533501464843750000e+03 1.465365409851074219e+01 0.000000000000000000e+00
5.534774414062500000e+03 1.468184566497802734e+01 0.000000000000000000e+00
5.536050781250000000e+03 1.406151485443115234e+01 0.000000000000000000e+00
5.537324218750000000e+03 1.393267440795898438e+01 0.000000000000000000e+00
5.538598144531250000e+03 1.479663658142089844e+01 0.000000000000000000e+00
5.539875488281250000e+03 1.406115913391113281e+01 0.000000000000000000e+00
5.541149902343750000e+03 1.319093799591064453e+01 0.000000000000000000e+00
5.542427734375000000e+03 1.423643589019775391e+01 0.000000000000000000e+00
5.543702636718750000e+03 1.485922145843505859e+01 0.000000000000000000e+00
5.544980957031250000e+03 1.392479896545410156e+01 0.000000000000000000e+00
5.546256835937500000e+03 1.288708591461181641e+01 0.000000000000000000e+00
5.547535644531250000e+03 1.304622459411621094e+01 0.000000000000000000e+00
5.548811523437500000e+03 1.401492118835449219e+01 0.000000000000000000e+00
5.550088378906250000e+03 1.418664836883544922e+01 0.000000000000000000e+00
5.551368164062500000e+03 1.265782451629638672e+01 0.000000000000000000e+00
5.552645019531250000e+03 1.215535926818847656e+01 0.000000000000000000e+00
5.553925781250000000e+03 1.301607704162597656e+01 0.000000000000000000e+00
5.555203125000000000e+03 1.375082492828369141e+01 0.000000000000000000e+00
5.556484375000000000e+03 1.417436218261718750e+01 0.000000000000000000e+00
5.557762695312500000e+03 1.458569145202636719e+01 0.000000000000000000e+00
5.559041015625000000e+03 1.429859542846679688e+01 0.000000000000000000e+00
5.560323242187500000e+03 1.351443386077880859e+01 0.000000000000000000e+00
5.561602050781250000e+03 1.332025909423828125e+01 0.000000000000000000e+00
5.562884765625000000e+03 1.388183116912841797e+01 0.000000000000000000e+00
5.564164550781250000e+03 1.372079849243164062e+01 0.000000000000000000e+00
5.565447265625000000e+03 1.278430366516113281e+01 0.000000000000000000e+00
5.566728027343750000e+03 1.385285472869873047e+01 0.000000000000000000e+00
5.568008300781250000e+03 1.484433841705322266e+01 0.000000000000000000e+00
5.569292480468750000e+03 1.353544044494628906e+01 0.000000000000000000e+00
5.570573730468750000e+03 1.362527942657470703e+01 0.000000000000000000e+00
5.571857910156250000e+03 1.427724742889404297e+01 0.000000000000000000e+00
5.573140136718750000e+03 1.345380306243896484e+01 0.000000000000000000e+00
5.574425292968750000e+03 1.404704093933105469e+01 0.000000000000000000e+00
5.575707519531250000e+03 1.632714462280273438e+01 0.000000000000000000e+00
5.576990234375000000e+03 1.394143772125244141e+01 0.000000000000000000e+00
5.578276367187500000e+03 1.315055179595947266e+01 0.000000000000000000e+00
5.579559570312500000e+03 1.432482624053955078e+01 0.000000000000000000e+00
5.580846191406250000e+03 1.450654220581054688e+01 0.000000000000000000e+00
5.582129882812500000e+03 1.538937950134277344e+01 0.000000000000000000e+00
5.583416992187500000e+03 1.406484317779541016e+01 0.000000000000000000e+00
5.584701660156250000e+03 1.540300369262695312e+01 0.000000000000000000e+00
5.585986328125000000e+03 1.563720226287841797e+01 0.000000000000000000e+00
5.587274414062500000e+03 1.425196838378906250e+01 0.000000000000000000e+00
5.588560058593750000e+03 1.398532485961914062e+01 0.000000000000000000e+00
5.589848632812500000e+03 1.483971214294433594e+01 0.000000000000000000e+00
5.591134765625000000e+03 1.355843639373779297e+01 0.000000000000000000e+00
5.592423828125000000e+03 1.274573612213134766e+01 0.000000000000000000e+00
5.593710449218750000e+03 1.398167991638183594e+01 0.000000000000000000e+00
5.594997070312500000e+03 1.468723773956298828e+01 0.000000000000000000e+00
5.596287597656250000e+03 1.297938156127929688e+01 0.000000000000000000e+00
5.597574707031250000e+03 1.232844448089599609e+01 0.000000000000000000e+00
5.598865722656250000e+03 1.391698932647705078e+01 0.000000000000000000e+00
5.600153808593750000e+03 1.297925853729248047e+01 0.000000000000000000e+00
5.601444824218750000e+03 1.162075901031494141e+01 0.000000000000000000e+00
5.602733398437500000e+03 1.275211715698242188e+01 0.000000000000000000e+00
5.604022460937500000e+03 1.494588470458984375e+01 0.000000000000000000e+00
5.605314941406250000e+03 1.338273715972900391e+01 0.000000000000000000e+00
5.606604492187500000e+03 1.289552593231201172e+01 0.000000000000000000e+00
5.607896972656250000e+03 1.475815200805664062e+01 0.000000000000000000e+00
5.609187011718750000e+03 1.498410701751708984e+01 0.000000000000000000e+00
5.610480468750000000e+03 1.356784915924072266e+01 0.000000000000000000e+00
5.611771484375000000e+03 1.302357673645019531e+01 0.000000000000000000e+00
5.613062500000000000e+03 1.326651763916015625e+01 0.000000000000000000e+00
5.614356933593750000e+03 1.321845054626464844e+01 0.000000000000000000e+00
5.615648437500000000e+03 1.369407367706298828e+01 0.000000000000000000e+00
5.616943359375000000e+03 1.327625560760498047e+01 0.000000000000000000e+00
5.618235351562500000e+03 1.315495109558105469e+01 0.000000000000000000e+00
5.619530761718750000e+03 1.421293067932128906e+01 0.000000000000000000e+00
5.620823730468750000e+03 1.374961662292480469e+01 0.000000000000000000e+00
5.622116699218750000e+03 1.402425384521484375e+01 0.000000000000000000e+00
5.623413085937500000e+03 1.479858303070068359e+01 0.000000000000000000e+00
5.624707031250000000e+03 1.380895709991455078e+01 0.000000000000000000e+00
5.626003906250000000e+03 1.320371341705322266e+01 0.000000000000000000e+00
5.627298339843750000e+03 1.467481327056884766e+01 0.000000000000000000e+00
5.628595703125000000e+03 1.419965457916259766e+01 0.000000000000000000e+00
5.629890625000000000e+03 1.387545776367187500e+01 0.000000000000000000e+00
5.631186035156250000e+03 1.477341938018798828e+01 0.000000000000000000e+00
5.632484375000000000e+03 1.330051612854003906e+01 0.000000000000000000e+00
5.633780273437500000e+03 1.203097057342529297e+01 0.000000000000000000e+00
5.635079101562500000e+03 1.393935585021972656e+01 0.000000000000000000e+00
5.636375488281250000e+03 1.425505638122558594e+01 0.000000000000000000e+00
5.637675292968750000e+03 1.414188766479492188e+01 0.000000000000000000e+00
5.638972167968750000e+03 1.465824317932128906e+01 0.000000000000000000e+00
5.640269531250000000e+03 1.386361980438232422e+01 0.000000000000000000e+00
5.641570312500000000e+03 1.302724552154541016e+01 0.000000000000000000e+00
5.642868164062500000e+03 1.389112567901611328e+01 0.000000000000000000e+00
5.644169433593750000e+03 1.422230339050292969e+01 0.000000000000000000e+00
5.645467773437500000e+03 1.440967369079589844e+01 0.000000000000000000e+00
5.646769531250000000e+03 1.501020431518554688e+01 0.000000000000000000e+00
5.648068359375000000e+03 1.449474906921386719e+01 0.000000000000000000e+00
5.649371093750000000e+03 1.334438610076904297e+01 0.000000000000000000e+00
5.650670410156250000e+03 1.312415885925292969e+01 0.000000000000000000e+00
5.651970703125000000e+03 1.359645175933837891e+01 0.000000000000000000e+00
5.653273925781250000e+03 1.367366790771484375e+01 0.000000000000000000e+00
5.654574218750000000e+03 1.345975875854492188e+01 0.000000000000000000e+00
5.655878417968750000e+03 1.346644306182861328e+01 0.000000000000000000e+00
5.657179199218750000e+03 1.337318134307861328e+01 0.000000000000000000e+00
5.658483886718750000e+03 1.308858966827392578e+01 0.000000000000000000e+00
5.659785644531250000e+03 1.359560012817382812e+01 0.000000000000000000e+00
5.661087890625000000e+03 1.349630260467529297e+01 0.000000000000000000e+00
5.662393066406250000e+03 1.169706535339355469e+01 0.000000000000000000e+00
5.663695800781250000e+03 1.185379028320312500e+01 0.000000000000000000e+00
5.665001953125000000e+03 1.332787704467773438e+01 0.000000000000000000e+00
5.666305175781250000e+03 1.309689426422119141e+01 0.000000000000000000e+00
5.667611816406250000e+03 1.214850139617919922e+01 0.000000000000000000e+00
5.668915527343750000e+03 1.315953063964843750e+01 0.000000000000000000e+00
5.670219726562500000e+03 1.425579929351806641e+01 0.000000000000000000e+00
5.671527343750000000e+03 1.447268009185791016e+01 0.000000000000000000e+00
5.672832031250000000e+03 1.372975730895996094e+01 0.000000000000000000e+00
5.674140136718750000e+03 1.243504524230957031e+01 0.000000000000000000e+00
5.675445312500000000e+03 1.161022186279296875e+01 0.000000000000000000e+00
5.676753906250000000e+03 1.273482227325439453e+01 0.000000000000000000e+00
5.678060058593750000e+03 1.300583457946777344e+01 0.000000000000000000e+00
5.679366210937500000e+03 1.306585216522216797e+01 0.000000000000000000e+00
5.680675781250000000e+03 1.277107334136962891e+01 0.000000000000000000e+00
5.681982910156250000e+03 1.201926803588867188e+01 0.000000000000000000e+00
5.683292968750000000e+03 1.263374233245849609e+01 0.000000000000000000e+00
5.684600585937500000e+03 1.225333213806152344e+01 0.000000000000000000e+00
5.685911132812500000e+03 1.171202373504638672e+01 0.000000000000000000e+00
5.687219238281250000e+03 1.259471702575683594e+01 0.000000000000000000e+00
5.688527832031250000e+03 1.324104404449462891e+01 0.000000000000000000e+00
5.689839355468750000e+03 1.266240501403808594e+01 0.000000000000000000e+00
5.691148437500000000e+03 1.391895008087158203e+01 0.000000000000000000e+00
5.692460937500000000e+03 1.243669700622558594e+01 0.000000000000000000e+00
5.693770507812500000e+03 1.158331489562988281e+01 0.000000000000000000e+00
5.695083496093750000e+03 1.208224296569824219e+01 0.000000000000000000e+00
5.696393554687500000e+03 1.220588016510009766e+01 0.000000000000000000e+00
5.697704101562500000e+03 1.148690795898437500e+01 0.000000000000000000e+00
5.699017578125000000e+03 1.253858184814453125e+01 0.000000000000000000e+00
5.700328613281250000e+03 1.339897727966308594e+01 0.000000000000000000e+00
5.701643066406250000e+03 1.325248908996582031e+01 0.000000000000000000e+00
5.702955078125000000e+03 1.324211311340332031e+01 0.000000000000000000e+00
5.704270019531250000e+03 1.393102836608886719e+01 0.000000000000000000e+00
5.705582519531250000e+03 1.428288650512695312e+01 0.000000000000000000e+00
5.706895019531250000e+03 1.294345951080322266e+01 0.000000000000000000e+00
5.708210937500000000e+03 1.283346557617187500e+01 0.000000000000000000e+00
5.709523925781250000e+03 1.318611240386962891e+01 0.000000000000000000e+00
5.710840820312500000e+03 1.326752567291259766e+01 0.000000000000000000e+00
5.712154296875000000e+03 1.278890514373779297e+01 0.000000000000000000e+00
5.713471679687500000e+03 1.233221626281738281e+01 0.000000000000000000e+00
5.714786132812500000e+03 1.308329677581787109e+01 0.000000000000000000e+00
5.716100585937500000e+03 1.341804313659667969e+01 0.000000000000000000e+00
5.717418945312500000e+03 1.437382221221923828e+01 0.000000000000000000e+00
5.718733886718750000e+03 1.338506507873535156e+01 0.000000000000000000e+00
5.720052734375000000e+03 1.210476779937744141e+01 0.000000000000000000e+00
5.721368652343750000e+03 1.283081340789794922e+01 0.000000000000000000e+00
5.722687988281250000e+03 1.227710056304931641e+01 0.000000000000000000e+00
5.724004394531250000e+03 1.301244831085205078e+01 0.000000000000000000e+00
5.725321289062500000e+03 1.295880985260009766e+01 0.000000000000000000e+00
5.726641601562500000e+03 1.264417362213134766e+01 0.000000000000000000e+00
5.727958984375000000e+03 1.258165550231933594e+01 0.000000000000000000e+00
5.729279785156250000e+03 1.254000091552734375e+01 0.000000000000000000e+00
5.730597656250000000e+03 1.267854785919189453e+01 0.000000000000000000e+00
5.731919433593750000e+03 1.367659759521484375e+01 0.000000000000000000e+00
5.733237792968750000e+03 1.305377483367919922e+01 0.000000000000000000e+00
5.734556640625000000e+03 1.264942646026611328e+01 0.000000000000000000e+00
5.735879394531250000e+03 1.235678005218505859e+01 0.000000000000000000e+00
5.737198730468750000e+03 1.151363754272460938e+01 0.000000000000000000e+00
5.738521484375000000e+03 1.261867618560791016e+01 0.000000000000000000e+00
5.739841796875000000e+03 1.342739582061767578e+01 0.000000000000000000e+00
5.741165527343750000e+03 1.171510410308837891e+01 0.000000000000000000e+00
5.742486328125000000e+03 1.205170249938964844e+01 0.000000000000000000e+00
5.743807128906250000e+03 1.379261112213134766e+01 0.000000000000000000e+00
5.745131835937500000e+03 1.362768077850341797e+01 0.000000000000000000e+00
5.746453613281250000e+03 1.371040153503417969e+01 0.000000000000000000e+00
5.747778320312500000e+03 1.289753150939941406e+01 0.000000000000000000e+00
5.749100585937500000e+03 1.216727256774902344e+01 0.000000000000000000e+00
5.750426757812500000e+03 1.254467678070068359e+01 0.000000000000000000e+00
5.751749511718750000e+03 1.269607257843017578e+01 0.000000000000000000e+00
5.753075683593750000e+03 1.236000251770019531e+01 0.000000000000000000e+00
5.754399414062500000e+03 1.467039680480957031e+01 0.000000000000000000e+00
5.755723144531250000e+03 1.357313346862792969e+01 0.000000000000000000e+00
5.757050292968750000e+03 1.201955127716064453e+01 0.000000000000000000e+00
5.758374511718750000e+03 1.211980628967285156e+01 0.000000000000000000e+00
5.759702636718750000e+03 1.256188201904296875e+01 0.000000000000000000e+00
5.761027343750000000e+03 1.225261116027832031e+01 0.000000000000000000e+00
5.762355957031250000e+03 1.327797985076904297e+01 0.000000000000000000e+00
5.763681640625000000e+03 1.196571636199951172e+01 0.000000000000000000e+00
5.765007812500000000e+03 1.234930610656738281e+01 0.000000000000000000e+00
5.766336914062500000e+03 1.318735408782958984e+01 0.000000000000000000e+00
5.767663574218750000e+03 1.277303218841552734e+01 0.000000000000000000e+00
5.768993652343750000e+03 1.178536605834960938e+01 0.000000000000000000e+00
5.770320800781250000e+03 1.226451778411865234e+01 0.000000000000000000e+00
5.771651367187500000e+03 1.294436931610107422e+01 0.000000000000000000e+00
5.772979003906250000e+03 1.151245403289794922e+01 0.000000000000000000e+00
5.774307128906250000e+03 1.194803524017333984e+01 0.000000000000000000e+00
5.775638671875000000e+03 1.317108249664306641e+01 0.000000000000000000e+00
5.776967285156250000e+03 1.200190639495849609e+01 0.000000000000000000e+00
5.778299316406250000e+03 1.181898403167724609e+01 0.000000000000000000e+00
5.779628906250000000e+03 1.173727035522460938e+01 0.000000000000000000e+00
5.780961425781250000e+03 1.194666099548339844e+01 0.000000000000000000e+00
5.782291503906250000e+03 1.252782726287841797e+01 0.000000000000000000e+00
5.783621582031250000e+03 1.266472339630126953e+01 0.000000000000000000e+00
5.784955566406250000e+03 1.208428382873535156e+01 0.000000000000000000e+00
5.786286132812500000e+03 1.233089160919189453e+01 0.000000000000000000e+00
5.787620605468750000e+03 1.234264373779296875e+01 0.000000000000000000e+00
5.788952148437500000e+03 1.273031425476074219e+01 0.000000000000000000e+00
5.790287109375000000e+03 1.244981384277343750e+01 0.000000000000000000e+00
5.791619140625000000e+03 1.133414459228515625e+01 0.000000000000000000e+00
5.792951171875000000e+03 1.069583320617675781e+01 0.000000000000000000e+00
5.794287109375000000e+03 1.154045677185058594e+01 0.000000000000000000e+00
5.795620117187500000e+03 1.166569900512695312e+01 0.000000000000000000e+00
5.796956542968750000e+03 1.202209377288818359e+01 0.000000000000000000e+00
5.798290039062500000e+03 1.209340381622314453e+01 0.000000000000000000e+00
5.799627441406250000e+03 1.173485183715820312e+01 0.000000000000000000e+00
5.800961425781250000e+03 1.155726432800292969e+01 0.000000000000000000e+00
5.802295898437500000e+03 1.176304817199707031e+01 0.000000000000000000e+00
5.803633789062500000e+03 1.170219135284423828e+01 0.000000000000000000e+00
5.804969238281250000e+03 1.138045978546142578e+01 0.000000000000000000e+00
5.806307617187500000e+03 1.124727153778076172e+01 0.000000000000000000e+00
5.807643554687500000e+03 1.126949596405029297e+01 0.000000000000000000e+00
5.808982421875000000e+03 1.141092777252197266e+01 0.000000000000000000e+00
5.810318847656250000e+03 1.221844482421875000e+01 0.000000000000000000e+00
5.811655761718750000e+03 1.247464847564697266e+01 0.000000000000000000e+00
5.812995605468750000e+03 1.213760948181152344e+01 0.000000000000000000e+00
5.814333007812500000e+03 1.187795257568359375e+01 0.000000000000000000e+00
5.815673828125000000e+03 1.172646617889404297e+01 0.000000000000000000e+00
5.817011718750000000e+03 1.136532402038574219e+01 0.000000000000000000e+00
5.818353027343750000e+03 1.109815979003906250e+01 0.000000000000000000e+00
5.819691406250000000e+03 1.099005699157714844e+01 0.000000000000000000e+00
5.821030273437500000e+03 1.099160766601562500e+01 0.000000000000000000e+00
5.822372558593750000e+03 1.119799518585205078e+01 0.000000000000000000e+00
5.823711914062500000e+03 1.138768482208251953e+01 0.000000000000000000e+00
5.825055175781250000e+03 1.137388610839843750e+01 0.000000000000000000e+00
5.826395019531250000e+03 1.151062679290771484e+01 0.000000000000000000e+00
5.827738769531250000e+03 1.127925968170166016e+01 0.000000000000000000e+00
5.829079101562500000e+03 9.972834587097167969e+00 0.000000000000000000e+00
5.830420410156250000e+03 1.075424003601074219e+01 0.000000000000000000e+00
5.831764648437500000e+03 1.255631542205810547e+01 0.000000000000000000e+00
5.833106445312500000e+03 1.242535495758056641e+01 0.000000000000000000e+00
5.834451660156250000e+03 1.252912044525146484e+01 0.000000000000000000e+00
5.835793457031250000e+03 1.188677120208740234e+01 0.000000000000000000e+00
5.837139648437500000e+03 1.192739486694335938e+01 0.000000000000000000e+00
5.838482421875000000e+03 1.117225837707519531e+01 0.000000000000000000e+00
5.839825195312500000e+03 1.084310340881347656e+01 0.000000000000000000e+00
5.841171875000000000e+03 1.205325984954833984e+01 0.000000000000000000e+00
5.842515625000000000e+03 1.076171779632568359e+01 0.000000000000000000e+00
5.843863281250000000e+03 1.154608345031738281e+01 0.000000000000000000e+00
5.845207519531250000e+03 1.131462383270263672e+01 0.000000000000000000e+00
5.846555175781250000e+03 1.123643302917480469e+01 0.000000000000000000e+00
5.847900390625000000e+03 1.188141441345214844e+01 0.000000000000000000e+00
5.849245605468750000e+03 1.190386104583740234e+01 0.000000000000000000e+00
5.850594238281250000e+03 1.120827484130859375e+01 0.000000000000000000e+00
5.851940429687500000e+03 1.245043849945068359e+01 0.000000000000000000e+00
5.853289550781250000e+03 1.208560562133789062e+01 0.000000000000000000e+00
5.854636230468750000e+03 1.138432216644287109e+01 0.000000000000000000e+00
5.855986328125000000e+03 1.147629547119140625e+01 0.000000000000000000e+00
5.857333496093750000e+03 1.159150409698486328e+01 0.000000000000000000e+00
5.858684082031250000e+03 1.116161155700683594e+01 0.000000000000000000e+00
5.860032226562500000e+03 1.100139331817626953e+01 0.000000000000000000e+00
5.861380371093750000e+03 1.271621513366699219e+01 0.000000000000000000e+00
5.862731933593750000e+03 1.295080947875976562e+01 0.000000000000000000e+00
5.864080566406250000e+03 1.157559776306152344e+01 0.000000000000000000e+00
5.865432617187500000e+03 1.094686603546142578e+01 0.000000000000000000e+00
5.866782226562500000e+03 1.006530666351318359e+01 0.000000000000000000e+00
5.868134765625000000e+03 1.021132755279541016e+01 0.000000000000000000e+00
5.869484863281250000e+03 1.144540786743164062e+01 0.000000000000000000e+00
5.870834960937500000e+03 1.155932807922363281e+01 0.000000000000000000e+00
5.872188964843750000e+03 1.119075870513916016e+01 0.000000000000000000e+00
5.873540039062500000e+03 1.186233901977539062e+01 0.000000000000000000e+00
5.874894042968750000e+03 1.123987483978271484e+01 0.000000000000000000e+00
5.876245605468750000e+03 1.110981750488281250e+01 0.000000000000000000e+00
5.877600585937500000e+03 1.201325225830078125e+01 0.000000000000000000e+00
5.878953125000000000e+03 1.246866416931152344e+01 0.000000000000000000e+00
5.880305175781250000e+03 1.182836055755615234e+01 0.000000000000000000e+00
5.881661132812500000e+03 1.128603076934814453e+01 0.000000000000000000e+00
5.883014648437500000e+03 1.239265823364257812e+01 0.000000000000000000e+00
5.884371093750000000e+03 1.255455493927001953e+01 0.000000000000000000e+00
5.885724609375000000e+03 1.006503391265869141e+01 0.000000000000000000e+00
5.887082031250000000e+03 1.112584781646728516e+01 0.000000000000000000e+00
5.888436523437500000e+03 1.283138465881347656e+01 0.000000000000000000e+00
5.889791015625000000e+03 1.052294349670410156e+01 0.000000000000000000e+00
5.891148925781250000e+03 1.394522571563720703e+01 0.000000000000000000e+00
5.892504394531250000e+03 1.288786411285400391e+01 0.000000000000000000e+00
5.893863281250000000e+03 1.224339580535888672e+01 0.000000000000000000e+00
5.895219238281250000e+03 1.044287300109863281e+01 0.000000000000000000e+00
5.896578613281250000e+03 9.477977752685546875e+00 0.000000000000000000e+00
5.897935058593750000e+03 1.233887863159179688e+01 0.000000000000000000e+00
5.899291992187500000e+03 1.259610748291015625e+01 0.000000000000000000e+00
5.900652343750000000e+03 1.217713451385498047e+01 0.000000000000000000e+00
5.902009765625000000e+03 1.218076705932617188e+01 0.000000000000000000e+00
5.903370605468750000e+03 1.185309696197509766e+01 0.000000000000000000e+00
5.904728515625000000e+03 1.174013233184814453e+01 0.000000000000000000e+00
5.906090332031250000e+03 1.236917781829833984e+01 0.000000000000000000e+00
5.907448730468750000e+03 1.135031318664550781e+01 0.000000000000000000e+00
5.908808105468750000e+03 1.043520259857177734e+01 0.000000000000000000e+00
5.910170410156250000e+03 1.184372901916503906e+01 0.000000000000000000e+00
5.911530273437500000e+03 1.241302013397216797e+01 0.000000000000000000e+00
5.912893066406250000e+03 1.201609039306640625e+01 0.000000000000000000e+00
5.914253417968750000e+03 1.261143970489501953e+01 0.000000000000000000e+00
5.915617187500000000e+03 1.174736499786376953e+01 0.000000000000000000e+00
5.916978027343750000e+03 1.094280624389648438e+01 0.000000000000000000e+00
5.918339355468750000e+03 1.036492824554443359e+01 0.000000000000000000e+00
5.919704101562500000e+03 1.153102397918701172e+01 0.000000000000000000e+00
5.921065917968750000e+03 1.349151420593261719e+01 0.000000000000000000e+00
5.922431152343750000e+03 1.323319721221923828e+01 0.000000000000000000e+00
5.923793945312500000e+03 1.079570007324218750e+01 0.000000000000000000e+00
5.925159667968750000e+03 1.232396411895751953e+01 0.000000000000000000e+00
5.926522949218750000e+03 1.204542160034179688e+01 0.000000000000000000e+00
5.927886230468750000e+03 1.166071701049804688e+01 0.000000000000000000e+00
5.929253417968750000e+03 1.189912700653076172e+01 0.000000000000000000e+00
5.930617187500000000e+03 1.120901298522949219e+01 0.000000000000000000e+00
5.931984863281250000e+03 1.160117340087890625e+01 0.000000000000000000e+00
5.933349609375000000e+03 1.263677501678466797e+01 0.000000000000000000e+00
5.934717773437500000e+03 1.190647220611572266e+01 0.000000000000000000e+00
5.936083007812500000e+03 1.213331699371337891e+01 0.000000000000000000e+00
5.937448730468750000e+03 1.282095336914062500e+01 0.000000000000000000e+00
5.938817871093750000e+03 1.142936229705810547e+01 0.000000000000000000e+00
5.940184082031250000e+03 1.082123661041259766e+01 0.000000000000000000e+00
5.941553710937500000e+03 1.044177436828613281e+01 0.000000000000000000e+00
5.942920410156250000e+03 1.171401023864746094e+01 0.000000000000000000e+00
5.944291015625000000e+03 1.220622158050537109e+01 0.000000000000000000e+00
5.945658691406250000e+03 1.185671520233154297e+01 0.000000000000000000e+00
5.947026367187500000e+03 1.226358604431152344e+01 0.000000000000000000e+00
5.948397460937500000e+03 1.153271961212158203e+01 0.000000000000000000e+00
5.949766113281250000e+03 1.191065502166748047e+01 0.000000000000000000e+00
5.951138183593750000e+03 1.252215290069580078e+01 0.000000000000000000e+00
5.952507324218750000e+03 1.205819702148437500e+01 0.000000000000000000e+00
5.953879882812500000e+03 1.137553215026855469e+01 0.000000000000000000e+00
5.955249511718750000e+03 1.199914073944091797e+01 0.000000000000000000e+00
5.956622558593750000e+03 1.253684806823730469e+01 0.000000000000000000e+00
5.957993164062500000e+03 1.178193283081054688e+01 0.000000000000000000e+00
5.959363769531250000e+03 1.136132812500000000e+01 0.000000000000000000e+00
5.960737792968750000e+03 1.148715209960937500e+01 0.000000000000000000e+00
5.962109375000000000e+03 1.173183727264404297e+01 0.000000000000000000e+00
5.963483886718750000e+03 1.201220035552978516e+01 0.000000000000000000e+00
5.964855957031250000e+03 1.238677310943603516e+01 0.000000000000000000e+00
5.966231445312500000e+03 1.094524288177490234e+01 0.000000000000000000e+00
5.967604003906250000e+03 1.061533164978027344e+01 0.000000000000000000e+00
5.968976562500000000e+03 1.150543594360351562e+01 0.000000000000000000e+00
5.970353027343750000e+03 1.193708801269531250e+01 0.000000000000000000e+00
5.971726562500000000e+03 1.117761802673339844e+01 0.000000000000000000e+00
5.973103515625000000e+03 1.114578437805175781e+01 0.000000000000000000e+00
5.974478027343750000e+03 1.155986213684082031e+01 0.000000000000000000e+00
5.975855468750000000e+03 1.179162120819091797e+01 0.000000000000000000e+00
5.977230468750000000e+03 1.175695133209228516e+01 0.000000000000000000e+00
5.978605468750000000e+03 1.124794578552246094e+01 0.000000000000000000e+00
5.979983886718750000e+03 1.061349201202392578e+01 0.000000000000000000e+00
5.981359863281250000e+03 1.156691360473632812e+01 0.000000000000000000e+00
5.982738769531250000e+03 1.245346069335937500e+01 0.000000000000000000e+00
5.984115234375000000e+03 1.180606651306152344e+01 0.000000000000000000e+00
5.985495117187500000e+03 1.081777191162109375e+01 0.000000000000000000e+00
5.986872070312500000e+03 1.073870849609375000e+01 0.000000000000000000e+00
5.988249511718750000e+03 1.148631572723388672e+01 0.000000000000000000e+00
5.989630371093750000e+03 1.181258487701416016e+01 0.000000000000000000e+00
5.991008300781250000e+03 1.071089267730712891e+01 0.000000000000000000e+00
5.992389648437500000e+03 1.146333789825439453e+01 0.000000000000000000e+00
5.993768066406250000e+03 1.201321220397949219e+01 0.000000000000000000e+00
5.995150390625000000e+03 1.149966335296630859e+01 0.000000000000000000e+00
5.996529785156250000e+03 1.116655731201171875e+01 0.000000000000000000e+00
5.997909179687500000e+03 1.010601329803466797e+01 0.000000000000000000e+00
5.999291992187500000e+03 1.092606544494628906e+01 0.000000000000000000e+00
6.000672363281250000e+03 1.179128932952880859e+01 0.000000000000000000e+00
6.002056152343750000e+03 1.234179687500000000e+01 0.000000000000000000e+00
6.003437011718750000e+03 1.175116443634033203e+01 0.000000000000000000e+00
6.004821289062500000e+03 1.022071266174316406e+01 0.000000000000000000e+00
6.006202636718750000e+03 1.171694564819335938e+01 0.000000000000000000e+00
6.007584472656250000e+03 1.185006332397460938e+01 0.000000000000000000e+00
6.008969726562500000e+03 1.175691223144531250e+01 0.000000000000000000e+00
6.010352050781250000e+03 1.172174739837646484e+01 0.000000000000000000e+00
6.011737792968750000e+03 1.137300586700439453e+01 0.000000000000000000e+00
6.013121093750000000e+03 1.086278533935546875e+01 0.000000000000000000e+00
6.014507812500000000e+03 1.103806972503662109e+01 0.000000000000000000e+00
6.015891113281250000e+03 1.120192718505859375e+01 0.000000000000000000e+00
6.017275390625000000e+03 1.120240592956542969e+01 0.000000000000000000e+00
6.018662597656250000e+03 1.148130989074707031e+01 0.000000000000000000e+00
6.020047363281250000e+03 1.200831222534179688e+01 0.000000000000000000e+00
6.021435546875000000e+03 1.206269550323486328e+01 0.000000000000000000e+00
6.022820800781250000e+03 1.137153339385986328e+01 0.000000000000000000e+00
6.024209472656250000e+03 1.222437667846679688e+01 0.000000000000000000e+00
6.025595703125000000e+03 1.155007934570312500e+01 0.000000000000000000e+00
6.026981445312500000e+03 1.180330848693847656e+01 0.000000000000000000e+00
6.028371582031250000e+03 1.287935352325439453e+01 0.000000000000000000e+00
6.029758300781250000e+03 1.210765647888183594e+01 0.000000000000000000e+00
6.031148925781250000e+03 1.192064380645751953e+01 0.000000000000000000e+00
6.032536132812500000e+03 1.155706596374511719e+01 0.000000000000000000e+00
6.033927246093750000e+03 1.115350723266601562e+01 0.000000000000000000e+00
6.035315429687500000e+03 1.148548221588134766e+01 0.000000000000000000e+00
6.036703613281250000e+03 1.191713333129882812e+01 0.000000000000000000e+00
6.038095703125000000e+03 1.155798339843750000e+01 0.000000000000000000e+00
6.039484863281250000e+03 1.189881420135498047e+01 0.000000000000000000e+00
6.040877441406250000e+03 1.087954235076904297e+01 0.000000000000000000e+00
6.042267089843750000e+03 1.183758640289306641e+01 0.000000000000000000e+00
6.043660644531250000e+03 1.206472492218017578e+01 0.000000000000000000e+00
6.045050781250000000e+03 1.078686714172363281e+01 0.000000000000000000e+00
6.046441406250000000e+03 1.067981815338134766e+01 0.000000000000000000e+00
6.047835937500000000e+03 1.123662090301513672e+01 0.000000000000000000e+00
6.049227050781250000e+03 1.064813041687011719e+01 0.000000000000000000e+00
6.050622070312500000e+03 1.031323814392089844e+01 0.000000000000000000e+00
6.052014160156250000e+03 1.102066040039062500e+01 0.000000000000000000e+00
6.053409667968750000e+03 1.163542270660400391e+01 0.000000000000000000e+00
6.054802246093750000e+03 1.094418048858642578e+01 0.000000000000000000e+00
6.056195312500000000e+03 1.066817283630371094e+01 0.000000000000000000e+00
6.057591796875000000e+03 1.065724468231201172e+01 0.000000000000000000e+00
6.058985351562500000e+03 1.158888721466064453e+01 0.000000000000000000e+00
6.060382324218750000e+03 1.167737865447998047e+01 0.000000000000000000e+00
6.061776367187500000e+03 1.138407802581787109e+01 0.000000000000000000e+00
6.063174316406250000e+03 1.228488540649414062e+01 0.000000000000000000e+00
6.064569335937500000e+03 1.151926136016845703e+01 0.000000000000000000e+00
6.065967773437500000e+03 1.082290554046630859e+01 0.000000000000000000e+00
6.067363281250000000e+03 1.114395427703857422e+01 0.000000000000000000e+00
6.068758789062500000e+03 1.136564445495605469e+01 0.000000000000000000e+00
6.070158203125000000e+03 1.114732170104980469e+01 0.000000000000000000e+00
6.071554687500000000e+03 1.103094196319580078e+01 0.000000000000000000e+00
6.072955078125000000e+03 1.064446258544921875e+01 0.000000000000000000e+00
6.074352050781250000e+03 1.251987075805664062e+01 0.000000000000000000e+00
6.075752929687500000e+03 1.192685222625732422e+01 0.000000000000000000e+00
6.077150390625000000e+03 1.030358123779296875e+01 0.000000000000000000e+00
6.078548339843750000e+03 1.025595855712890625e+01 0.000000000000000000e+00
6.079950195312500000e+03 1.138534069061279297e+01 0.000000000000000000e+00
6.081349121093750000e+03 1.125142765045166016e+01 0.000000000000000000e+00
6.082751464843750000e+03 1.132379055023193359e+01 0.000000000000000000e+00
6.084150390625000000e+03 9.803970336914062500e+00 0.000000000000000000e+00
6.085553710937500000e+03 1.029120826721191406e+01 0.000000000000000000e+00
6.086953613281250000e+03 1.188478755950927734e+01 0.000000000000000000e+00
6.088354003906250000e+03 1.062504482269287109e+01 0.000000000000000000e+00
6.089757812500000000e+03 1.126020717620849609e+01 0.000000000000000000e+00
6.091158691406250000e+03 1.211510753631591797e+01 0.000000000000000000e+00
6.092563476562500000e+03 1.090391540527343750e+01 0.000000000000000000e+00
6.093964843750000000e+03 1.097285938262939453e+01 0.000000000000000000e+00
6.095370117187500000e+03 1.178137016296386719e+01 0.000000000000000000e+00
6.096772460937500000e+03 1.013163471221923828e+01 0.000000000000000000e+00
6.098174804687500000e+03 1.059638500213623047e+01 0.000000000000000000e+00
6.099581054687500000e+03 1.086648082733154297e+01 0.000000000000000000e+00
6.100984375000000000e+03 1.035835170745849609e+01 0.000000000000000000e+00
6.102391113281250000e+03 1.010820293426513672e+01 0.000000000000000000e+00
6.103794921875000000e+03 1.013490772247314453e+01 0.000000000000000000e+00
6.105202636718750000e+03 1.015808486938476562e+01 0.000000000000000000e+00
6.106606933593750000e+03 1.173765945434570312e+01 0.000000000000000000e+00
6.108011718750000000e+03 1.025439167022705078e+01 0.000000000000000000e+00
6.109420410156250000e+03 1.054619407653808594e+01 0.000000000000000000e+00
6.110825683593750000e+03 1.073143863677978516e+01 0.000000000000000000e+00
6.112234863281250000e+03 9.912177085876464844e+00 0.000000000000000000e+00
6.113641113281250000e+03 1.038725852966308594e+01 0.000000000000000000e+00
6.115050781250000000e+03 1.085934257507324219e+01 0.000000000000000000e+00
6.116457519531250000e+03 1.089805126190185547e+01 0.000000000000000000e+00
6.117864746093750000e+03 1.063351440429687500e+01 0.000000000000000000e+00
6.119275390625000000e+03 1.060436439514160156e+01 0.000000000000000000e+00
6.120683105468750000e+03 1.054710578918457031e+01 0.000000000000000000e+00
6.122094726562500000e+03 1.029800128936767578e+01 0.000000000000000000e+00
6.123502929687500000e+03 1.159484195709228516e+01 0.000000000000000000e+00
6.124915039062500000e+03 1.207648468017578125e+01 0.000000000000000000e+00
6.126324218750000000e+03 1.189608383178710938e+01 0.000000000000000000e+00
6.127733398437500000e+03 1.117039585113525391e+01 0.000000000000000000e+00
6.129146484375000000e+03 1.050697422027587891e+01 0.000000000000000000e+00
6.130556640625000000e+03 1.053748035430908203e+01 0.000000000000000000e+00
6.131970214843750000e+03 1.016435146331787109e+01 0.000000000000000000e+00
6.133380859375000000e+03 9.623440742492675781e+00 0.000000000000000000e+00
6.134795410156250000e+03 1.159336185455322266e+01 0.000000000000000000e+00
6.136206542968750000e+03 1.228913497924804688e+01 0.000000000000000000e+00
6.137618164062500000e+03 1.091863059997558594e+01 0.000000000000000000e+00
6.139033691406250000e+03 1.098949813842773438e+01 0.000000000000000000e+00
6.140445800781250000e+03 1.124118518829345703e+01 0.000000000000000000e+00
6.141861816406250000e+03 1.088245964050292969e+01 0.000000000000000000e+00
6.143274902343750000e+03 1.112101173400878906e+01 0.000000000000000000e+00
6.144691406250000000e+03 1.079305744171142578e+01 0.000000000000000000e+00
6.146104980468750000e+03 1.006433773040771484e+01 0.000000000000000000e+00
6.147518554687500000e+03 1.050938224792480469e+01 0.000000000000000000e+00
6.148936523437500000e+03 1.080749225616455078e+01 0.000000000000000000e+00
6.150351074218750000e+03 1.110137939453125000e+01 0.000000000000000000e+00
6.151769042968750000e+03 1.064595317840576172e+01 0.000000000000000000e+00
6.153184570312500000e+03 1.134812641143798828e+01 0.000000000000000000e+00
6.154603515625000000e+03 1.226814842224121094e+01 0.000000000000000000e+00
6.156019042968750000e+03 1.053567028045654297e+01 0.000000000000000000e+00
6.157435546875000000e+03 9.239938735961914062e+00 0.000000000000000000e+00
6.158855468750000000e+03 9.904372215270996094e+00 0.000000000000000000e+00
6.160271972656250000e+03 9.504707336425781250e+00 0.000000000000000000e+00
6.161692871093750000e+03 9.886552810668945312e+00 0.000000000000000000e+00
6.163110351562500000e+03 1.139740467071533203e+01 0.000000000000000000e+00
6.164531250000000000e+03 1.153398799896240234e+01 0.000000000000000000e+00
6.165949707031250000e+03 1.120744895935058594e+01 0.000000000000000000e+00
6.167368164062500000e+03 1.053629207611083984e+01 0.000000000000000000e+00
6.168790039062500000e+03 1.002114391326904297e+01 0.000000000000000000e+00
6.170209472656250000e+03 1.039341259002685547e+01 0.000000000000000000e+00
6.171632324218750000e+03 1.092059707641601562e+01 0.000000000000000000e+00
6.173051757812500000e+03 1.043452739715576172e+01 0.000000000000000000e+00
6.174475585937500000e+03 1.061755561828613281e+01 0.000000000000000000e+00
6.175895996093750000e+03 1.112742900848388672e+01 0.000000000000000000e+00
6.177319824218750000e+03 1.049527645111083984e+01 0.000000000000000000e+00
6.178741210937500000e+03 1.114122581481933594e+01 0.000000000000000000e+00
6.180162597656250000e+03 1.252108860015869141e+01 0.000000000000000000e+00
6.181587402343750000e+03 1.144868659973144531e+01 0.000000000000000000e+00
6.183009765625000000e+03 1.087022781372070312e+01 0.000000000000000000e+00
6.184435546875000000e+03 1.133049964904785156e+01 0.000000000000000000e+00
6.185857910156250000e+03 1.085436058044433594e+01 0.000000000000000000e+00
6.187284667968750000e+03 1.119812107086181641e+01 0.000000000000000000e+00
6.188708007812500000e+03 1.255074024200439453e+01 0.000000000000000000e+00
6.190131835937500000e+03 1.217686557769775391e+01 0.000000000000000000e+00
6.191559082031250000e+03 1.015242099761962891e+01 0.000000000000000000e+00
6.192983398437500000e+03 1.063257598876953125e+01 0.000000000000000000e+00
6.194411621093750000e+03 1.109683609008789062e+01 0.000000000000000000e+00
6.195836425781250000e+03 1.057488822937011719e+01 0.000000000000000000e+00
6.197265136718750000e+03 1.017669391632080078e+01 0.000000000000000000e+00
6.198690917968750000e+03 1.091979789733886719e+01 0.000000000000000000e+00
6.200117187500000000e+03 1.139943027496337891e+01 0.000000000000000000e+00
6.201546875000000000e+03 1.098718166351318359e+01 0.000000000000000000e+00
6.202973144531250000e+03 1.047317218780517578e+01 0.000000000000000000e+00
6.204403808593750000e+03 9.677713394165039062e+00 0.000000000000000000e+00
6.205831054687500000e+03 9.120169639587402344e+00 0.000000000000000000e+00
6.207262207031250000e+03 9.811135292053222656e+00 0.000000000000000000e+00
6.208689941406250000e+03 1.052194881439208984e+01 0.000000000000000000e+00
6.210118164062500000e+03 1.102291011810302734e+01 0.000000000000000000e+00
6.211550292968750000e+03 1.121907711029052734e+01 0.000000000000000000e+00
6.212979492187500000e+03 1.094170856475830078e+01 0.000000000000000000e+00
6.214412109375000000e+03 1.038204574584960938e+01 0.000000000000000000e+00
6.215841796875000000e+03 1.023460865020751953e+01 0.000000000000000000e+00
6.217274902343750000e+03 1.088523864746093750e+01 0.000000000000000000e+00
6.218705566406250000e+03 1.033916950225830078e+01 0.000000000000000000e+00
6.220135742187500000e+03 1.064279079437255859e+01 0.000000000000000000e+00
6.221570312500000000e+03 1.052655410766601562e+01 0.000000000000000000e+00
6.223001464843750000e+03 9.576529502868652344e+00 0.000000000000000000e+00
6.224436523437500000e+03 9.653698921203613281e+00 0.000000000000000000e+00
6.225868652343750000e+03 1.036423969268798828e+01 0.000000000000000000e+00
6.227304199218750000e+03 1.012174701690673828e+01 0.000000000000000000e+00
6.228736816406250000e+03 9.868577957153320312e+00 0.000000000000000000e+00
6.230169433593750000e+03 9.581492424011230469e+00 0.000000000000000000e+00
6.231606445312500000e+03 9.636116027832031250e+00 0.000000000000000000e+00
6.233040039062500000e+03 1.041442489624023438e+01 0.000000000000000000e+00
6.234477050781250000e+03 9.720072746276855469e+00 0.000000000000000000e+00
6.235911621093750000e+03 9.459845542907714844e+00 0.000000000000000000e+00
6.237349609375000000e+03 1.042240142822265625e+01 0.000000000000000000e+00
6.238784179687500000e+03 1.046205329895019531e+01 0.000000000000000000e+00
6.240219726562500000e+03 9.642693519592285156e+00 0.000000000000000000e+00
6.241658691406250000e+03 1.025166225433349609e+01 0.000000000000000000e+00
6.243094238281250000e+03 1.050413894653320312e+01 0.000000000000000000e+00
6.244534179687500000e+03 1.037653064727783203e+01 0.000000000000000000e+00
6.245970703125000000e+03 1.004012012481689453e+01 0.000000000000000000e+00
6.247411132812500000e+03 1.054249286651611328e+01 0.000000000000000000e+00
6.248848144531250000e+03 1.117655658721923828e+01 0.000000000000000000e+00
6.250285644531250000e+03 1.027382183074951172e+01 0.000000000000000000e+00
6.251727050781250000e+03 1.002286911010742188e+01 0.000000000000000000e+00
6.253165039062500000e+03 1.115066242218017578e+01 0.000000000000000000e+00
6.254606933593750000e+03 1.106325626373291016e+01 0.000000000000000000e+00
6.256045898437500000e+03 1.081229972839355469e+01 0.000000000000000000e+00
6.257488769531250000e+03 1.128804588317871094e+01 0.000000000000000000e+00
6.258928222656250000e+03 1.105073928833007812e+01 0.000000000000000000e+00
6.260368164062500000e+03 9.647704124450683594e+00 0.000000000000000000e+00
6.261811523437500000e+03 1.091787242889404297e+01 0.000000000000000000e+00
6.263251953125000000e+03 1.125566768646240234e+01 0.000000000000000000e+00
6.264696289062500000e+03 1.088900184631347656e+01 0.000000000000000000e+00
6.266137695312500000e+03 1.090345287322998047e+01 0.000000000000000000e+00
6.267582519531250000e+03 1.091939258575439453e+01 0.000000000000000000e+00
6.269024414062500000e+03 1.137797546386718750e+01 0.000000000000000000e+00
6.270466796875000000e+03 1.086301994323730469e+01 0.000000000000000000e+00
6.271912597656250000e+03 1.088501167297363281e+01 0.000000000000000000e+00
6.273355468750000000e+03 1.133267116546630859e+01 0.000000000000000000e+00
6.274802246093750000e+03 1.125420379638671875e+01 0.000000000000000000e+00
6.276245605468750000e+03 1.023670387268066406e+01 0.000000000000000000e+00
6.277692871093750000e+03 9.102138519287109375e+00 0.000000000000000000e+00
6.279137207031250000e+03 1.038806343078613281e+01 0.000000000000000000e+00
6.280581542968750000e+03 1.051080417633056641e+01 0.000000000000000000e+00
6.282029785156250000e+03 1.015542507171630859e+01 0.000000000000000000e+00
6.283475097656250000e+03 1.006119155883789062e+01 0.000000000000000000e+00
6.284923828125000000e+03 9.394512176513671875e+00 0.000000000000000000e+00
6.286369628906250000e+03 1.024487495422363281e+01 0.000000000000000000e+00
6.287819335937500000e+03 9.754134178161621094e+00 0.000000000000000000e+00
6.289266113281250000e+03 1.019198036193847656e+01 0.000000000000000000e+00
6.290716308593750000e+03 1.082790946960449219e+01 0.000000000000000000e+00
6.292163574218750000e+03 1.072966766357421875e+01 0.000000000000000000e+00
6.293610839843750000e+03 1.070996856689453125e+01 0.000000000000000000e+00
6.295062011718750000e+03 1.066507244110107422e+01 0.000000000000000000e+00
6.296510253906250000e+03 9.883692741394042969e+00 0.000000000000000000e+00
6.297962402343750000e+03 1.026012134552001953e+01 0.000000000000000000e+00
6.299411132812500000e+03 1.129842948913574219e+01 0.000000000000000000e+00
6.300863769531250000e+03 1.147325134277343750e+01 0.000000000000000000e+00
6.302313476562500000e+03 1.069947814941406250e+01 0.000000000000000000e+00
6.303763183593750000e+03 1.098854541778564453e+01 0.000000000000000000e+00
6.305216796875000000e+03 9.251717567443847656e+00 0.000000000000000000e+00
6.306667480468750000e+03 9.098405838012695312e+00 0.000000000000000000e+00
6.308121582031250000e+03 1.040131950378417969e+01 0.000000000000000000e+00
6.309572753906250000e+03 1.100747203826904297e+01 0.000000000000000000e+00
6.311027832031250000e+03 1.032429122924804688e+01 0.000000000000000000e+00
6.312479492187500000e+03 1.031690979003906250e+01 0.000000000000000000e+00
6.313931640625000000e+03 1.006328582763671875e+01 0.000000000000000000e+00
6.315387695312500000e+03 1.003291988372802734e+01 0.000000000000000000e+00
6.316840332031250000e+03 1.043132781982421875e+01 0.000000000000000000e+00
6.318297363281250000e+03 1.096407794952392578e+01 0.000000000000000000e+00
6.319750976562500000e+03 1.115017223358154297e+01 0.000000000000000000e+00
6.321208007812500000e+03 1.078125762939453125e+01 0.000000000000000000e+00
6.322662109375000000e+03 1.013520145416259766e+01 0.000000000000000000e+00
6.324116699218750000e+03 1.022984695434570312e+01 0.000000000000000000e+00
6.325575195312500000e+03 1.022636699676513672e+01 0.000000000000000000e+00
6.327030273437500000e+03 1.000949287414550781e+01 0.000000000000000000e+00
6.328489257812500000e+03 1.057210159301757812e+01 0.000000000000000000e+00
6.329945312500000000e+03 1.056085777282714844e+01 0.000000000000000000e+00
6.331404785156250000e+03 9.936403274536132812e+00 0.000000000000000000e+00
6.332861328125000000e+03 1.020895385742187500e+01 0.000000000000000000e+00
6.334318359375000000e+03 1.122447109222412109e+01 0.000000000000000000e+00
6.335778808593750000e+03 1.178934574127197266e+01 0.000000000000000000e+00
6.337236328125000000e+03 1.128654575347900391e+01 0.000000000000000000e+00
6.338697753906250000e+03 1.094221115112304688e+01 0.000000000000000000e+00
6.340155761718750000e+03 1.070083332061767578e+01 0.000000000000000000e+00
6.341618164062500000e+03 1.146722602844238281e+01 0.000000000000000000e+00
6.343076660156250000e+03 1.145679378509521484e+01 0.000000000000000000e+00
6.344536132812500000e+03 1.036122322082519531e+01 0.000000000000000000e+00
6.345999023437500000e+03 1.023549461364746094e+01 0.000000000000000000e+00
6.347458984375000000e+03 1.010317802429199219e+01 0.000000000000000000e+00
6.348922851562500000e+03 1.042766284942626953e+01 0.000000000000000000e+00
6.350383300781250000e+03 1.093002223968505859e+01 0.000000000000000000e+00
6.351847656250000000e+03 1.086715602874755859e+01 0.000000000000000000e+00
6.353309082031250000e+03 1.041687488555908203e+01 0.000000000000000000e+00
6.354770507812500000e+03 1.050683593750000000e+01 0.000000000000000000e+00
6.356235839843750000e+03 1.048657512664794922e+01 0.000000000000000000e+00
6.357698242187500000e+03 9.715864181518554688e+00 0.000000000000000000e+00
6.359164062500000000e+03 1.078954124450683594e+01 0.000000000000000000e+00
6.360626953125000000e+03 1.192166900634765625e+01 0.000000000000000000e+00
6.362093750000000000e+03 1.145731639862060547e+01 0.000000000000000000e+00
6.363557617187500000e+03 1.079133224487304688e+01 0.000000000000000000e+00
6.365021484375000000e+03 1.069255638122558594e+01 0.000000000000000000e+00
6.366489257812500000e+03 1.027583217620849609e+01 0.000000000000000000e+00
6.367953613281250000e+03 1.135408878326416016e+01 0.000000000000000000e+00
6.369422363281250000e+03 1.181319332122802734e+01 0.000000000000000000e+00
6.370887695312500000e+03 1.068023395538330078e+01 0.000000000000000000e+00
6.372356445312500000e+03 1.050179386138916016e+01 0.000000000000000000e+00
6.373822753906250000e+03 1.159044075012207031e+01 0.000000000000000000e+00
6.375288574218750000e+03 1.203189754486083984e+01 0.000000000000000000e+00
6.376758789062500000e+03 1.150078773498535156e+01 0.000000000000000000e+00
6.378226074218750000e+03 1.086151981353759766e+01 0.000000000000000000e+00
6.379696777343750000e+03 1.080613327026367188e+01 0.000000000000000000e+00
6.381164550781250000e+03 1.129039955139160156e+01 0.000000000000000000e+00
6.382635742187500000e+03 1.176363372802734375e+01 0.000000000000000000e+00
6.384104003906250000e+03 9.992348670959472656e+00 0.000000000000000000e+00
6.385572753906250000e+03 1.008859729766845703e+01 0.000000000000000000e+00
6.387045410156250000e+03 1.135565567016601562e+01 0.000000000000000000e+00
6.388514648437500000e+03 1.154662132263183594e+01 0.000000000000000000e+00
6.389987792968750000e+03 1.104431915283203125e+01 0.000000000000000000e+00
6.391458007812500000e+03 1.181335544586181641e+01 0.000000000000000000e+00
6.392931640625000000e+03 1.188884639739990234e+01 0.000000000000000000e+00
6.394402343750000000e+03 1.099044895172119141e+01 0.000000000000000000e+00
6.395873535156250000e+03 1.120202445983886719e+01 0.000000000000000000e+00
6.397348144531250000e+03 1.230003166198730469e+01 0.000000000000000000e+00
6.398819824218750000e+03 1.158239459991455078e+01 0.000000000000000000e+00
6.400295410156250000e+03 1.104106330871582031e+01 0.000000000000000000e+00
6.401768066406250000e+03 1.209189605712890625e+01 0.000000000000000000e+00
6.403244140625000000e+03 1.200077819824218750e+01 0.000000000000000000e+00
6.404717285156250000e+03 1.113474082946777344e+01 0.000000000000000000e+00
6.406194335937500000e+03 1.134500122070312500e+01 0.000000000000000000e+00
6.407667968750000000e+03 1.260776519775390625e+01 0.000000000000000000e+00
6.409142089843750000e+03 1.197671031951904297e+01 0.000000000000000000e+00
6.410619628906250000e+03 1.128140926361083984e+01 0.000000000000000000e+00
6.412094726562500000e+03 1.189726924896240234e+01 0.000000000000000000e+00
6.413573242187500000e+03 1.250786113739013672e+01 0.000000000000000000e+00
6.415048828125000000e+03 1.197484397888183594e+01 0.000000000000000000e+00
6.416527832031250000e+03 1.153829097747802734e+01 0.000000000000000000e+00
6.418003906250000000e+03 1.312779235839843750e+01 0.000000000000000000e+00
6.419480468750000000e+03 1.202847385406494141e+01 0.000000000000000000e+00
6.420960937500000000e+03 1.174319362640380859e+01 0.000000000000000000e+00
6.422437988281250000e+03 1.159466648101806641e+01 0.000000000000000000e+00
6.423918945312500000e+03 1.085552787780761719e+01 0.000000000000000000e+00
6.425396972656250000e+03 1.158996009826660156e+01 0.000000000000000000e+00
6.426878417968750000e+03 1.224535942077636719e+01 0.000000000000000000e+00
6.428356933593750000e+03 1.077770996093750000e+01 0.000000000000000000e+00
6.429835937500000000e+03 1.152755069732666016e+01 0.000000000000000000e+00
6.431318359375000000e+03 1.222245597839355469e+01 0.000000000000000000e+00
6.432797851562500000e+03 1.118425273895263672e+01 0.000000000000000000e+00
6.434281250000000000e+03 1.132855510711669922e+01 0.000000000000000000e+00
6.435761718750000000e+03 1.135633659362792969e+01 0.000000000000000000e+00
6.437245605468750000e+03 1.124288654327392578e+01 0.000000000000000000e+00
6.438726562500000000e+03 1.187925338745117188e+01 0.000000000000000000e+00
6.440208007812500000e+03 1.205779361724853516e+01 0.000000000000000000e+00
6.441692871093750000e+03 1.139414215087890625e+01 0.000000000000000000e+00
6.443174804687500000e+03 1.132001686096191406e+01 0.000000000000000000e+00
6.444660644531250000e+03 1.117021369934082031e+01 0.000000000000000000e+00
6.446143066406250000e+03 1.171603012084960938e+01 0.000000000000000000e+00
6.447629394531250000e+03 1.125896739959716797e+01 0.000000000000000000e+00
6.449112792968750000e+03 1.068640518188476562e+01 0.000000000000000000e+00
6.450596679687500000e+03 1.082726192474365234e+01 0.000000000000000000e+00
6.452083984375000000e+03 1.101294326782226562e+01 0.000000000000000000e+00
6.453568359375000000e+03 1.220773792266845703e+01 0.000000000000000000e+00
6.455056640625000000e+03 1.205656433105468750e+01 0.000000000000000000e+00
6.456541503906250000e+03 1.175993156433105469e+01 0.000000000000000000e+00
6.458030273437500000e+03 1.206803798675537109e+01 0.000000000000000000e+00
6.459516113281250000e+03 1.246955299377441406e+01 0.000000000000000000e+00
6.461001953125000000e+03 1.215052509307861328e+01 0.000000000000000000e+00
6.462491699218750000e+03 1.160127544403076172e+01 0.000000000000000000e+00
6.463978515625000000e+03 1.114355564117431641e+01 0.000000000000000000e+00
6.465469238281250000e+03 1.231920337677001953e+01 0.000000000000000000e+00
6.466956542968750000e+03 1.278166389465332031e+01 0.000000000000000000e+00
6.468447753906250000e+03 1.189067363739013672e+01 0.000000000000000000e+00
6.469936035156250000e+03 1.218258285522460938e+01 0.000000000000000000e+00
6.471424316406250000e+03 1.100932502746582031e+01 0.000000000000000000e+00
6.472916503906250000e+03 1.144133663177490234e+01 0.000000000000000000e+00
6.474405761718750000e+03 1.188930225372314453e+01 0.000000000000000000e+00
6.475898437500000000e+03 1.161956214904785156e+01 0.000000000000000000e+00
6.477388183593750000e+03 1.122946071624755859e+01 0.000000000000000000e+00
6.478881835937500000e+03 1.124193954467773438e+01 0.000000000000000000e+00
6.480372558593750000e+03 1.111577033996582031e+01 0.000000000000000000e+00
6.481863281250000000e+03 1.130254268646240234e+01 0.000000000000000000e+00
6.483357910156250000e+03 1.164291000366210938e+01 0.000000000000000000e+00
6.484849609375000000e+03 1.164782714843750000e+01 0.000000000000000000e+00
6.486344726562500000e+03 1.155005264282226562e+01 0.000000000000000000e+00
6.487836914062500000e+03 1.186476707458496094e+01 0.000000000000000000e+00
6.489333007812500000e+03 1.112740421295166016e+01 0.000000000000000000e+00
6.490826171875000000e+03 1.133007621765136719e+01 0.000000000000000000e+00
6.492319335937500000e+03 1.178246116638183594e+01 0.000000000000000000e+00
6.493816406250000000e+03 1.263275051116943359e+01 0.000000000000000000e+00
6.495310058593750000e+03 1.259504699707031250e+01 0.000000000000000000e+00
6.496808105468750000e+03 1.013090229034423828e+01 0.000000000000000000e+00
6.498302734375000000e+03 1.111314487457275391e+01 0.000000000000000000e+00
6.499801269531250000e+03 1.175902843475341797e+01 0.000000000000000000e+00
6.501296386718750000e+03 1.164886379241943359e+01 0.000000000000000000e+00
6.502791992187500000e+03 1.150885581970214844e+01 0.000000000000000000e+00
6.504291503906250000e+03 1.181437206268310547e+01 0.000000000000000000e+00
6.505787597656250000e+03 1.235099124908447266e+01 0.000000000000000000e+00
6.507288085937500000e+03 1.220281887054443359e+01 0.000000000000000000e+00
6.508785156250000000e+03 1.209871292114257812e+01 0.000000000000000000e+00
6.510286132812500000e+03 1.312792968750000000e+01 0.000000000000000000e+00
6.511783691406250000e+03 1.306350421905517578e+01 0.000000000000000000e+00
6.513281738281250000e+03 1.222324848175048828e+01 0.000000000000000000e+00
6.514783691406250000e+03 1.393427181243896484e+01 0.000000000000000000e+00
6.516282226562500000e+03 1.331002235412597656e+01 0.000000000000000000e+00
6.517785156250000000e+03 1.289900588989257812e+01 0.000000000000000000e+00
6.519284179687500000e+03 1.360061359405517578e+01 0.000000000000000000e+00
6.520787597656250000e+03 1.331885528564453125e+01 0.000000000000000000e+00
6.522287597656250000e+03 1.221893501281738281e+01 0.000000000000000000e+00
6.523791992187500000e+03 1.316032314300537109e+01 0.000000000000000000e+00
6.525292480468750000e+03 1.285996532440185547e+01 0.000000000000000000e+00
6.526793945312500000e+03 1.359708976745605469e+01 0.000000000000000000e+00
6.528298828125000000e+03 1.417885303497314453e+01 0.000000000000000000e+00
6.529800781250000000e+03 1.419385623931884766e+01 0.000000000000000000e+00
6.531306152343750000e+03 1.406778049468994141e+01 0.000000000000000000e+00
6.532809082031250000e+03 1.404810428619384766e+01 0.000000000000000000e+00
6.534315429687500000e+03 1.430187034606933594e+01 0.000000000000000000e+00
6.535818359375000000e+03 1.472364521026611328e+01 0.000000000000000000e+00
6.537322265625000000e+03 1.397060585021972656e+01 0.000000000000000000e+00
6.538829589843750000e+03 1.356218147277832031e+01 0.000000000000000000e+00
6.540333984375000000e+03 1.413892841339111328e+01 0.000000000000000000e+00
6.541842285156250000e+03 1.364557361602783203e+01 0.000000000000000000e+00
6.543347167968750000e+03 1.309607505798339844e+01 0.000000000000000000e+00
6.544855957031250000e+03 1.420435333251953125e+01 0.000000000000000000e+00
6.546361328125000000e+03 1.458596897125244141e+01 0.000000000000000000e+00
6.547867675781250000e+03 1.438446331024169922e+01 0.000000000000000000e+00
6.549377441406250000e+03 1.406464958190917969e+01 0.000000000000000000e+00
6.550884277343750000e+03 1.322180271148681641e+01 0.000000000000000000e+00
6.552394531250000000e+03 1.484212207794189453e+01 0.000000000000000000e+00
6.553901855468750000e+03 1.410313606262207031e+01 0.000000000000000000e+00
6.555413574218750000e+03 1.454500293731689453e+01 0.000000000000000000e+00
6.556921386718750000e+03 1.578314495086669922e+01 0.000000000000000000e+00
6.558429687500000000e+03 1.541534709930419922e+01 0.000000000000000000e+00
6.559942382812500000e+03 1.394060134887695312e+01 0.000000000000000000e+00
6.561451171875000000e+03 1.427331542968750000e+01 0.000000000000000000e+00
6.562964355468750000e+03 1.407339096069335938e+01 0.000000000000000000e+00
6.564474121093750000e+03 1.392521953582763672e+01 0.000000000000000000e+00
6.565987792968750000e+03 1.417476558685302734e+01 0.000000000000000000e+00
6.567498535156250000e+03 1.460306930541992188e+01 0.000000000000000000e+00
6.569009277343750000e+03 1.480746746063232422e+01 0.000000000000000000e+00
6.570523925781250000e+03 1.398390579223632812e+01 0.000000000000000000e+00
6.572035644531250000e+03 1.415455436706542969e+01 0.000000000000000000e+00
6.573551269531250000e+03 1.484601783752441406e+01 0.000000000000000000e+00
6.575063476562500000e+03 1.434525394439697266e+01 0.000000000000000000e+00
6.576579589843750000e+03 1.348968505859375000e+01 0.000000000000000000e+00
6.578092285156250000e+03 1.517943096160888672e+01 0.000000000000000000e+00
6.579605957031250000e+03 1.608039283752441406e+01 0.000000000000000000e+00
6.581123046875000000e+03 1.500304889678955078e+01 0.000000000000000000e+00
6.582637207031250000e+03 1.437656974792480469e+01 0.000000000000000000e+00
6.584154785156250000e+03 1.403926658630371094e+01 0.000000000000000000e+00
6.585669433593750000e+03 1.355909824371337891e+01 0.000000000000000000e+00
6.587188476562500000e+03 1.430551815032958984e+01 0.000000000000000000e+00
6.588703613281250000e+03 1.545541667938232422e+01 0.000000000000000000e+00
6.590219238281250000e+03 1.420497798919677734e+01 0.000000000000000000e+00
6.591739257812500000e+03 1.364591884613037109e+01 0.000000000000000000e+00
6.593255371093750000e+03 1.436854457855224609e+01 0.000000000000000000e+00
6.594775878906250000e+03 1.493978977203369141e+01 0.000000000000000000e+00
6.596292968750000000e+03 1.472086811065673828e+01 0.000000000000000000e+00
6.597813964843750000e+03 1.455821037292480469e+01 0.000000000000000000e+00
6.599332031250000000e+03 1.507828521728515625e+01 0.000000000000000000e+00
6.600850097656250000e+03 1.453109455108642578e+01 0.000000000000000000e+00
6.602372070312500000e+03 1.416616153717041016e+01 0.000000000000000000e+00
6.603891113281250000e+03 1.455104160308837891e+01 0.000000000000000000e+00
6.605414062500000000e+03 1.382687950134277344e+01 0.000000000000000000e+00
6.606933593750000000e+03 1.439898586273193359e+01 0.000000000000000000e+00
6.608457031250000000e+03 1.365190219879150391e+01 0.000000000000000000e+00
6.609977050781250000e+03 1.347074127197265625e+01 0.000000000000000000e+00
6.611498046875000000e+03 1.388843917846679688e+01 0.000000000000000000e+00
6.613022460937500000e+03 1.370159912109375000e+01 0.000000000000000000e+00
6.614543945312500000e+03 1.297875404357910156e+01 0.000000000000000000e+00
6.616069335937500000e+03 1.304606533050537109e+01 0.000000000000000000e+00
6.617591308593750000e+03 1.306725978851318359e+01 0.000000000000000000e+00
6.619117187500000000e+03 1.322413730621337891e+01 0.000000000000000000e+00
6.620639648437500000e+03 1.302418708801269531e+01 0.000000000000000000e+00
6.622163085937500000e+03 1.246708297729492188e+01 0.000000000000000000e+00
6.623689941406250000e+03 1.249676322937011719e+01 0.000000000000000000e+00
6.625213867187500000e+03 1.215108680725097656e+01 0.000000000000000000e+00
6.626741699218750000e+03 1.191698551177978516e+01 0.000000000000000000e+00
6.628266113281250000e+03 1.289802837371826172e+01 0.000000000000000000e+00
6.629794433593750000e+03 1.322387218475341797e+01 0.000000000000000000e+00
6.631319824218750000e+03 1.216176700592041016e+01 0.000000000000000000e+00
6.632845214843750000e+03 1.221806335449218750e+01 0.000000000000000000e+00
6.634374511718750000e+03 1.235419940948486328e+01 0.000000000000000000e+00
6.635900878906250000e+03 1.188078117370605469e+01 0.000000000000000000e+00
6.637431152343750000e+03 1.108418560028076172e+01 0.000000000000000000e+00
6.638958007812500000e+03 1.126508045196533203e+01 0.000000000000000000e+00
6.640488769531250000e+03 1.184048366546630859e+01 0.000000000000000000e+00
6.642016601562500000e+03 1.076109600067138672e+01 0.000000000000000000e+00
6.643548339843750000e+03 1.181886768341064453e+01 0.000000000000000000e+00
6.645076660156250000e+03 1.173804378509521484e+01 0.000000000000000000e+00
6.646605468750000000e+03 1.086828231811523438e+01 0.000000000000000000e+00
6.648138183593750000e+03 1.048996639251708984e+01 0.000000000000000000e+00
6.649667480468750000e+03 1.066830348968505859e+01 0.000000000000000000e+00
6.651200683593750000e+03 1.045201873779296875e+01 0.000000000000000000e+00
6.652730957031250000e+03 1.066252708435058594e+01 0.000000000000000000e+00
6.654265136718750000e+03 1.041042995452880859e+01 0.000000000000000000e+00
6.655795898437500000e+03 1.073534584045410156e+01 0.000000000000000000e+00
6.657327148437500000e+03 1.119233512878417969e+01 0.000000000000000000e+00
6.658862304687500000e+03 1.107594966888427734e+01 0.000000000000000000e+00
6.660394042968750000e+03 1.078687381744384766e+01 0.000000000000000000e+00
6.661929687500000000e+03 1.008367729187011719e+01 0.000000000000000000e+00
6.663462402343750000e+03 1.137173557281494141e+01 0.000000000000000000e+00
6.664999023437500000e+03 1.147303199768066406e+01 0.000000000000000000e+00
6.666532226562500000e+03 1.054451274871826172e+01 0.000000000000000000e+00
6.668065917968750000e+03 1.023097991943359375e+01 0.000000000000000000e+00
6.669603515625000000e+03 1.017905426025390625e+01 0.000000000000000000e+00
6.671137695312500000e+03 1.026054859161376953e+01 0.000000000000000000e+00
6.672676269531250000e+03 1.002676582336425781e+01 0.000000000000000000e+00
6.674211425781250000e+03 1.047533798217773438e+01 0.000000000000000000e+00
6.675750488281250000e+03 1.063384723663330078e+01 0.000000000000000000e+00
6.677286132812500000e+03 1.009667778015136719e+01 0.000000000000000000e+00
6.678822265625000000e+03 1.047001934051513672e+01 0.000000000000000000e+00
6.680362304687500000e+03 1.025747013092041016e+01 0.000000000000000000e+00
6.681898925781250000e+03 9.940700531005859375e+00 0.000000000000000000e+00
6.683439941406250000e+03 1.024435520172119141e+01 0.000000000000000000e+00
6.684977539062500000e+03 1.007425308227539062e+01 0.000000000000000000e+00
6.686519042968750000e+03 9.425368309020996094e+00 0.000000000000000000e+00
6.688057128906250000e+03 1.020687580108642578e+01 0.000000000000000000e+00
6.689595703125000000e+03 9.875170707702636719e+00 0.000000000000000000e+00
6.691138183593750000e+03 9.867849349975585938e+00 0.000000000000000000e+00
6.692677734375000000e+03 9.934069633483886719e+00 0.000000000000000000e+00
6.694221191406250000e+03 9.727258682250976562e+00 0.000000000000000000e+00
6.695760742187500000e+03 9.576416015625000000e+00 0.000000000000000000e+00
6.697305175781250000e+03 9.930068016052246094e+00 0.000000000000000000e+00
6.698845703125000000e+03 9.760548591613769531e+00 0.000000000000000000e+00
6.700386718750000000e+03 9.570959091186523438e+00 0.000000000000000000e+00
6.701931640625000000e+03 9.264958381652832031e+00 0.000000000000000000e+00
6.703473632812500000e+03 9.241972923278808594e+00 0.000000000000000000e+00
6.705019531250000000e+03 9.503086090087890625e+00 0.000000000000000000e+00
6.706562011718750000e+03 9.358516693115234375e+00 0.000000000000000000e+00
6.708108398437500000e+03 9.891665458679199219e+00 0.000000000000000000e+00
6.709651855468750000e+03 9.861144065856933594e+00 0.000000000000000000e+00
6.711195312500000000e+03 9.567168235778808594e+00 0.000000000000000000e+00
6.712742675781250000e+03 9.824569702148437500e+00 0.000000000000000000e+00
6.714287109375000000e+03 1.028192996978759766e+01 0.000000000000000000e+00
6.715835449218750000e+03 9.533765792846679688e+00 0.000000000000000000e+00
6.717380371093750000e+03 8.926523208618164062e+00 0.000000000000000000e+00
6.718929199218750000e+03 9.610623359680175781e+00 0.000000000000000000e+00
6.720475097656250000e+03 9.901396751403808594e+00 0.000000000000000000e+00
6.722020996093750000e+03 9.226046562194824219e+00 0.000000000000000000e+00
6.723571289062500000e+03 8.556633949279785156e+00 0.000000000000000000e+00
6.725117675781250000e+03 8.819420814514160156e+00 0.000000000000000000e+00
6.726668457031250000e+03 8.777083396911621094e+00 0.000000000000000000e+00
6.728216308593750000e+03 9.053151130676269531e+00 0.000000000000000000e+00
6.729767578125000000e+03 9.686232566833496094e+00 0.000000000000000000e+00
6.731315917968750000e+03 9.585923194885253906e+00 0.000000000000000000e+00
6.732864257812500000e+03 8.923612594604492188e+00 0.000000000000000000e+00
6.734416992187500000e+03 9.498302459716796875e+00 0.000000000000000000e+00
6.735966308593750000e+03 9.106832504272460938e+00 0.000000000000000000e+00
6.737519531250000000e+03 9.274181365966796875e+00 0.000000000000000000e+00
6.739069335937500000e+03 9.239128112792968750e+00 0.000000000000000000e+00
6.740623535156250000e+03 9.132385253906250000e+00 0.000000000000000000e+00
6.742174316406250000e+03 9.399161338806152344e+00 0.000000000000000000e+00
6.743725097656250000e+03 9.560422897338867188e+00 0.000000000000000000e+00
6.745280273437500000e+03 9.758056640625000000e+00 0.000000000000000000e+00
6.746832031250000000e+03 9.773589134216308594e+00 0.000000000000000000e+00
6.748387695312500000e+03 9.077297210693359375e+00 0.000000000000000000e+00
6.749940429687500000e+03 8.324920654296875000e+00 0.000000000000000000e+00
6.751496582031250000e+03 8.720252990722656250e+00 0.000000000000000000e+00
6.753049804687500000e+03 1.003041172027587891e+01 0.000000000000000000e+00
6.754603515625000000e+03 8.974382400512695312e+00 0.000000000000000000e+00
6.756161132812500000e+03 8.786296844482421875e+00 0.000000000000000000e+00
6.757715332031250000e+03 8.941664695739746094e+00 0.000000000000000000e+00
6.759273437500000000e+03 9.062600135803222656e+00 0.000000000000000000e+00
6.760828613281250000e+03 9.183344841003417969e+00 0.000000000000000000e+00
6.762387695312500000e+03 8.851977348327636719e+00 0.000000000000000000e+00
6.763943359375000000e+03 8.628256797790527344e+00 0.000000000000000000e+00
6.765502929687500000e+03 9.170254707336425781e+00 0.000000000000000000e+00
6.767059570312500000e+03 9.153807640075683594e+00 0.000000000000000000e+00
6.768616210937500000e+03 9.079680442810058594e+00 0.000000000000000000e+00
6.770176757812500000e+03 9.467315673828125000e+00 0.000000000000000000e+00
6.771734375000000000e+03 9.064017295837402344e+00 0.000000000000000000e+00
6.773295898437500000e+03 8.851162910461425781e+00 0.000000000000000000e+00
6.774854003906250000e+03 9.527412414550781250e+00 0.000000000000000000e+00
6.776416503906250000e+03 9.662019729614257812e+00 0.000000000000000000e+00
6.777975585937500000e+03 9.364691734313964844e+00 0.000000000000000000e+00
6.779534667968750000e+03 9.051436424255371094e+00 0.000000000000000000e+00
6.781098144531250000e+03 8.149446487426757812e+00 0.000000000000000000e+00
6.782658203125000000e+03 8.329353332519531250e+00 0.000000000000000000e+00
6.784222167968750000e+03 8.915526390075683594e+00 0.000000000000000000e+00
6.785782714843750000e+03 8.728123664855957031e+00 0.000000000000000000e+00
6.787347656250000000e+03 8.536952018737792969e+00 0.000000000000000000e+00
6.788909179687500000e+03 8.890314102172851562e+00 0.000000000000000000e+00
6.790470703125000000e+03 8.560370445251464844e+00 0.000000000000000000e+00
6.792036621093750000e+03 8.654765129089355469e+00 0.000000000000000000e+00
6.793599121093750000e+03 8.947095870971679688e+00 0.000000000000000000e+00
6.795165527343750000e+03 8.729936599731445312e+00 0.000000000000000000e+00
6.796729003906250000e+03 8.822994232177734375e+00 0.000000000000000000e+00
6.798296386718750000e+03 9.242172241210937500e+00 0.000000000000000000e+00
6.799860351562500000e+03 8.271676063537597656e+00 0.000000000000000000e+00
6.801424316406250000e+03 8.574104309082031250e+00 0.000000000000000000e+00
6.802992675781250000e+03 8.979081153869628906e+00 0.000000000000000000e+00
6.804557617187500000e+03 8.192107200622558594e+00 0.000000000000000000e+00
6.806126953125000000e+03 7.916490554809570312e+00 0.000000000000000000e+00
6.807692871093750000e+03 8.856369018554687500e+00 0.000000000000000000e+00
6.809262695312500000e+03 8.311437606811523438e+00 0.000000000000000000e+00
6.810829101562500000e+03 8.372952461242675781e+00 0.000000000000000000e+00
6.812395996093750000e+03 9.273530006408691406e+00 0.000000000000000000e+00
6.813966796875000000e+03 9.464391708374023438e+00 0.000000000000000000e+00
6.815534179687500000e+03 8.784900665283203125e+00 0.000000000000000000e+00
6.817105957031250000e+03 8.117841720581054688e+00 0.000000000000000000e+00
6.818674316406250000e+03 8.142736434936523438e+00 0.000000000000000000e+00
6.820246582031250000e+03 9.192300796508789062e+00 0.000000000000000000e+00
6.821815429687500000e+03 8.301391601562500000e+00 0.000000000000000000e+00
6.823384765625000000e+03 8.131235122680664062e+00 0.000000000000000000e+00
6.824958496093750000e+03 8.563961029052734375e+00 0.000000000000000000e+00
6.826528320312500000e+03 8.237788200378417969e+00 0.000000000000000000e+00
6.828102539062500000e+03 8.228702545166015625e+00 0.000000000000000000e+00
6.829673339843750000e+03 8.274936676025390625e+00 0.000000000000000000e+00
6.831248535156250000e+03 9.094628334045410156e+00 0.000000000000000000e+00
6.832819824218750000e+03 8.873558998107910156e+00 0.000000000000000000e+00
6.834391601562500000e+03 8.203297615051269531e+00 0.000000000000000000e+00
6.835967773437500000e+03 8.475163459777832031e+00 0.000000000000000000e+00
6.837540527343750000e+03 8.981329917907714844e+00 0.000000000000000000e+00
6.839117187500000000e+03 9.270617485046386719e+00 0.000000000000000000e+00
6.840690429687500000e+03 8.545351028442382812e+00 0.000000000000000000e+00
6.842268066406250000e+03 8.253003120422363281e+00 0.000000000000000000e+00
6.843841796875000000e+03 8.437211990356445312e+00 0.000000000000000000e+00
6.845416503906250000e+03 8.330176353454589844e+00 0.000000000000000000e+00
6.846994628906250000e+03 8.226105690002441406e+00 0.000000000000000000e+00
6.848569824218750000e+03 8.654759407043457031e+00 0.000000000000000000e+00
6.850149414062500000e+03 8.074416160583496094e+00 0.000000000000000000e+00
6.851725097656250000e+03 8.826183319091796875e+00 0.000000000000000000e+00
6.853305175781250000e+03 9.962136268615722656e+00 0.000000000000000000e+00
6.854881835937500000e+03 9.476161003112792969e+00 0.000000000000000000e+00
6.856458496093750000e+03 8.749619483947753906e+00 0.000000000000000000e+00
6.858039550781250000e+03 9.030308723449707031e+00 0.000000000000000000e+00
6.859617675781250000e+03 7.447579860687255859e+00 0.000000000000000000e+00
6.861199218750000000e+03 8.516155242919921875e+00 0.000000000000000000e+00
6.862777832031250000e+03 9.837872505187988281e+00 0.000000000000000000e+00
6.864360351562500000e+03 8.661355018615722656e+00 0.000000000000000000e+00
6.865939453125000000e+03 9.873019218444824219e+00 0.000000000000000000e+00
6.867519042968750000e+03 9.829095840454101562e+00 0.000000000000000000e+00
6.869102539062500000e+03 9.588697433471679688e+00 0.000000000000000000e+00
6.870682617187500000e+03 9.250796318054199219e+00 0.000000000000000000e+00
6.872267089843750000e+03 8.695736885070800781e+00 0.000000000000000000e+00
6.873848144531250000e+03 8.454618453979492188e+00 0.000000000000000000e+00
6.875433105468750000e+03 9.343504905700683594e+00 0.000000000000000000e+00
6.877014648437500000e+03 1.006735992431640625e+01 0.000000000000000000e+00
6.878600585937500000e+03 9.157377243041992188e+00 0.000000000000000000e+00
6.880183105468750000e+03 8.319592475891113281e+00 0.000000000000000000e+00
6.881765625000000000e+03 8.521673202514648438e+00 0.000000000000000000e+00
6.883352539062500000e+03 9.114718437194824219e+00 0.000000000000000000e+00
6.884936035156250000e+03 9.052958488464355469e+00 0.000000000000000000e+00
6.886523925781250000e+03 8.974946022033691406e+00 0.000000000000000000e+00
6.888107910156250000e+03 8.824025154113769531e+00 0.000000000000000000e+00
6.889696289062500000e+03 8.787072181701660156e+00 0.000000000000000000e+00
6.891281250000000000e+03 9.008286476135253906e+00 0.000000000000000000e+00
6.892866699218750000e+03 9.300012588500976562e+00 0.000000000000000000e+00
6.894456542968750000e+03 9.219413757324218750e+00 0.000000000000000000e+00
6.896042480468750000e+03 8.887510299682617188e+00 0.000000000000000000e+00
6.897632812500000000e+03 8.087800025939941406e+00 0.000000000000000000e+00
6.899219238281250000e+03 8.274071693420410156e+00 0.000000000000000000e+00
6.900810546875000000e+03 8.924031257629394531e+00 0.000000000000000000e+00
6.902397949218750000e+03 8.914772987365722656e+00 0.000000000000000000e+00
6.903985839843750000e+03 8.774531364440917969e+00 0.000000000000000000e+00
6.905577636718750000e+03 8.149020195007324219e+00 0.000000000000000000e+00
6.907166503906250000e+03 8.341308593750000000e+00 0.000000000000000000e+00
6.908759277343750000e+03 8.607995033264160156e+00 0.000000000000000000e+00
6.910348632812500000e+03 8.541927337646484375e+00 0.000000000000000000e+00
6.911941894531250000e+03 8.637534141540527344e+00 0.000000000000000000e+00
6.913532226562500000e+03 9.286005020141601562e+00 0.000000000000000000e+00
6.915122558593750000e+03 9.256881713867187500e+00 0.000000000000000000e+00
6.916717285156250000e+03 8.943752288818359375e+00 0.000000000000000000e+00
6.918308105468750000e+03 8.600739479064941406e+00 0.000000000000000000e+00
6.919903808593750000e+03 8.408945083618164062e+00 0.000000000000000000e+00
6.921495605468750000e+03 8.348523139953613281e+00 0.000000000000000000e+00
6.923091796875000000e+03 8.190943717956542969e+00 0.000000000000000000e+00
6.924684570312500000e+03 8.420510292053222656e+00 0.000000000000000000e+00
6.926277343750000000e+03 8.785470008850097656e+00 0.000000000000000000e+00
6.927874511718750000e+03 8.452238082885742188e+00 0.000000000000000000e+00
6.929468261718750000e+03 8.010695457458496094e+00 0.000000000000000000e+00
6.931066406250000000e+03 8.250532150268554688e+00 0.000000000000000000e+00
6.932660644531250000e+03 8.452342987060546875e+00 0.000000000000000000e+00
6.934259277343750000e+03 8.304413795471191406e+00 0.000000000000000000e+00
6.935854492187500000e+03 7.770367622375488281e+00 0.000000000000000000e+00
6.937450195312500000e+03 8.305873870849609375e+00 0.000000000000000000e+00
6.939049804687500000e+03 8.906612396240234375e+00 0.000000000000000000e+00
6.940645996093750000e+03 8.212792396545410156e+00 0.000000000000000000e+00
6.942246582031250000e+03 7.883030414581298828e+00 0.000000000000000000e+00
6.943843750000000000e+03 9.010396003723144531e+00 0.000000000000000000e+00
6.945444824218750000e+03 8.505170822143554688e+00 0.000000000000000000e+00
6.947042968750000000e+03 7.982908248901367188e+00 0.000000000000000000e+00
6.948641113281250000e+03 7.967656135559082031e+00 0.000000000000000000e+00
6.950243164062500000e+03 7.828050613403320312e+00 0.000000000000000000e+00
6.951842285156250000e+03 8.159330368041992188e+00 0.000000000000000000e+00
6.953445312500000000e+03 8.803049087524414062e+00 0.000000000000000000e+00
6.955044921875000000e+03 7.621857643127441406e+00 0.000000000000000000e+00
6.956648925781250000e+03 7.591219902038574219e+00 0.000000000000000000e+00
6.958249023437500000e+03 8.670616149902343750e+00 0.000000000000000000e+00
6.959849609375000000e+03 8.731928825378417969e+00 0.000000000000000000e+00
6.961454589843750000e+03 8.133156776428222656e+00 0.000000000000000000e+00
6.963056152343750000e+03 8.064155578613281250e+00 0.000000000000000000e+00
6.964662109375000000e+03 7.851351737976074219e+00 0.000000000000000000e+00
6.966264160156250000e+03 7.801299095153808594e+00 0.000000000000000000e+00
6.967870605468750000e+03 8.134672164916992188e+00 0.000000000000000000e+00
6.969473632812500000e+03 8.551261901855468750e+00 0.000000000000000000e+00
6.971076660156250000e+03 8.525388717651367188e+00 0.000000000000000000e+00
6.972684082031250000e+03 8.113721847534179688e+00 0.000000000000000000e+00
6.974288574218750000e+03 8.436753273010253906e+00 0.000000000000000000e+00
6.975896484375000000e+03 8.420639991760253906e+00 0.000000000000000000e+00
6.977501464843750000e+03 8.349456787109375000e+00 0.000000000000000000e+00
6.979110351562500000e+03 8.862564086914062500e+00 0.000000000000000000e+00
6.980715820312500000e+03 8.804881095886230469e+00 0.000000000000000000e+00
6.982321777343750000e+03 8.377238273620605469e+00 0.000000000000000000e+00
6.983932128906250000e+03 7.952000617980957031e+00 0.000000000000000000e+00
6.985538574218750000e+03 7.738642692565917969e+00 0.000000000000000000e+00
6.987149414062500000e+03 7.819717884063720703e+00 0.000000000000000000e+00
6.988756835937500000e+03 7.944353103637695312e+00 0.000000000000000000e+00
6.990368164062500000e+03 7.766252040863037109e+00 0.000000000000000000e+00
6.991976562500000000e+03 8.421735763549804688e+00 0.000000000000000000e+00
6.993584960937500000e+03 8.570755958557128906e+00 0.000000000000000000e+00
6.995197753906250000e+03 8.165015220642089844e+00 0.000000000000000000e+00
6.996807128906250000e+03 7.584280490875244141e+00 0.000000000000000000e+00
6.998420410156250000e+03 7.385530948638916016e+00 0.000000000000000000e+00
7.000030273437500000e+03 8.044935226440429688e+00 0.000000000000000000e+00
7.001644531250000000e+03 8.140129089355468750e+00 0.000000000000000000e+00
7.003255371093750000e+03 8.290376663208007812e+00 0.000000000000000000e+00
7.004870117187500000e+03 8.112350463867187500e+00 0.000000000000000000e+00
7.006481933593750000e+03 7.833099365234375000e+00 0.000000000000000000e+00
7.008093750000000000e+03 7.942982196807861328e+00 0.000000000000000000e+00
7.009709472656250000e+03 8.145792007446289062e+00 0.000000000000000000e+00
7.011322265625000000e+03 8.596938133239746094e+00 0.000000000000000000e+00
7.012938964843750000e+03 8.798026084899902344e+00 0.000000000000000000e+00
7.014552246093750000e+03 8.409521102905273438e+00 0.000000000000000000e+00
7.016169921875000000e+03 7.958832263946533203e+00 0.000000000000000000e+00
7.017783691406250000e+03 7.996785640716552734e+00 0.000000000000000000e+00
7.019398437500000000e+03 8.007167816162109375e+00 0.000000000000000000e+00
7.021017089843750000e+03 7.581268310546875000e+00 0.000000000000000000e+00
7.022632324218750000e+03 7.616469860076904297e+00 0.000000000000000000e+00
7.024251464843750000e+03 7.598958492279052734e+00 0.000000000000000000e+00
7.025867675781250000e+03 7.824797153472900391e+00 0.000000000000000000e+00
7.027487792968750000e+03 8.628178596496582031e+00 0.000000000000000000e+00
7.029104492187500000e+03 8.842272758483886719e+00 0.000000000000000000e+00
7.030721191406250000e+03 8.559788703918457031e+00 0.000000000000000000e+00
7.032342773437500000e+03 8.437544822692871094e+00 0.000000000000000000e+00
7.033960449218750000e+03 8.199795722961425781e+00 0.000000000000000000e+00
7.035582519531250000e+03 7.746472835540771484e+00 0.000000000000000000e+00
7.037200683593750000e+03 7.557007789611816406e+00 0.000000000000000000e+00
7.038823730468750000e+03 8.154447555541992188e+00 0.000000000000000000e+00
7.040442871093750000e+03 8.644801139831542969e+00 0.000000000000000000e+00
7.042062500000000000e+03 8.640948295593261719e+00 0.000000000000000000e+00
7.043686523437500000e+03 8.451881408691406250e+00 0.000000000000000000e+00
7.045306640625000000e+03 8.108284950256347656e+00 0.000000000000000000e+00
7.046931640625000000e+03 7.478581905364990234e+00 0.000000000000000000e+00
7.048552734375000000e+03 7.206838607788085938e+00 0.000000000000000000e+00
7.050178222656250000e+03 8.953349113464355469e+00 0.000000000000000000e+00
7.051799804687500000e+03 7.641351222991943359e+00 0.000000000000000000e+00
7.053422363281250000e+03 7.634837150573730469e+00 0.000000000000000000e+00
7.055048828125000000e+03 8.736897468566894531e+00 0.000000000000000000e+00
7.056671875000000000e+03 8.112950325012207031e+00 0.000000000000000000e+00
7.058298828125000000e+03 8.428002357482910156e+00 0.000000000000000000e+00
7.059922851562500000e+03 8.293936729431152344e+00 0.000000000000000000e+00
7.061550781250000000e+03 8.184730529785156250e+00 0.000000000000000000e+00
7.063175292968750000e+03 8.845674514770507812e+00 0.000000000000000000e+00
7.064799804687500000e+03 9.016558647155761719e+00 0.000000000000000000e+00
7.066429199218750000e+03 8.040850639343261719e+00 0.000000000000000000e+00
7.068054687500000000e+03 8.323959350585937500e+00 0.000000000000000000e+00
7.069684570312500000e+03 7.966540813446044922e+00 0.000000000000000000e+00
7.071311035156250000e+03 8.030214309692382812e+00 0.000000000000000000e+00
7.072941894531250000e+03 8.301992416381835938e+00 0.000000000000000000e+00
7.074568847656250000e+03 8.225952148437500000e+00 0.000000000000000000e+00
7.076196289062500000e+03 7.909172058105468750e+00 0.000000000000000000e+00
7.077828125000000000e+03 8.098013877868652344e+00 0.000000000000000000e+00
7.079456054687500000e+03 8.125667572021484375e+00 0.000000000000000000e+00
7.081088867187500000e+03 7.452519416809082031e+00 0.000000000000000000e+00
7.082717773437500000e+03 7.741730690002441406e+00 0.000000000000000000e+00
7.084351074218750000e+03 8.093486785888671875e+00 0.000000000000000000e+00
7.085980957031250000e+03 7.463292598724365234e+00 0.000000000000000000e+00
7.087610839843750000e+03 8.245101928710937500e+00 0.000000000000000000e+00
7.089245117187500000e+03 8.006738662719726562e+00 0.000000000000000000e+00
7.090875976562500000e+03 8.042123794555664062e+00 0.000000000000000000e+00
7.092511230468750000e+03 7.901218891143798828e+00 0.000000000000000000e+00
7.094143066406250000e+03 7.841624259948730469e+00 0.000000000000000000e+00
7.095778808593750000e+03 8.403678894042968750e+00 0.000000000000000000e+00
7.097411132812500000e+03 8.543340682983398438e+00 0.000000000000000000e+00
7.099043945312500000e+03 7.928354740142822266e+00 0.000000000000000000e+00
7.100681152343750000e+03 8.185001373291015625e+00 0.000000000000000000e+00
7.102314453125000000e+03 8.394780158996582031e+00 0.000000000000000000e+00
7.103952148437500000e+03 8.125881195068359375e+00 0.000000000000000000e+00
7.105586425781250000e+03 7.877297878265380859e+00 0.000000000000000000e+00
7.107225097656250000e+03 7.842159271240234375e+00 0.000000000000000000e+00
7.108859863281250000e+03 8.262856483459472656e+00 0.000000000000000000e+00
7.110495605468750000e+03 8.232995986938476562e+00 0.000000000000000000e+00
7.112135253906250000e+03 7.859791755676269531e+00 0.000000000000000000e+00
7.113771484375000000e+03 7.921799659729003906e+00 0.000000000000000000e+00
7.115411621093750000e+03 8.501996040344238281e+00 0.000000000000000000e+00
7.117048339843750000e+03 8.356456756591796875e+00 0.000000000000000000e+00
7.118689941406250000e+03 8.335761070251464844e+00 0.000000000000000000e+00
7.120327148437500000e+03 7.987899303436279297e+00 0.000000000000000000e+00
7.121965332031250000e+03 8.112931251525878906e+00 0.000000000000000000e+00
7.123607910156250000e+03 8.348031044006347656e+00 0.000000000000000000e+00
7.125246582031250000e+03 7.954619407653808594e+00 0.000000000000000000e+00
7.126889648437500000e+03 7.926939487457275391e+00 0.000000000000000000e+00
7.128529296875000000e+03 8.543688774108886719e+00 0.000000000000000000e+00
7.130172851562500000e+03 8.344256401062011719e+00 0.000000000000000000e+00
7.131812988281250000e+03 8.199221611022949219e+00 0.000000000000000000e+00
7.133458007812500000e+03 8.313540458679199219e+00 0.000000000000000000e+00
7.135098632812500000e+03 8.241168022155761719e+00 0.000000000000000000e+00
7.136740234375000000e+03 8.447249412536621094e+00 0.000000000000000000e+00
7.138385742187500000e+03 8.409955978393554688e+00 0.000000000000000000e+00
7.140028320312500000e+03 7.893731594085693359e+00 0.000000000000000000e+00
7.141674804687500000e+03 8.004717826843261719e+00 0.000000000000000000e+00
7.143317382812500000e+03 8.597311973571777344e+00 0.000000000000000000e+00
7.144964843750000000e+03 8.622914314270019531e+00 0.000000000000000000e+00
7.146608398437500000e+03 8.116440773010253906e+00 0.000000000000000000e+00
7.148252441406250000e+03 7.856854915618896484e+00 0.000000000000000000e+00
7.149900878906250000e+03 8.409717559814453125e+00 0.000000000000000000e+00
7.151545898437500000e+03 8.916426658630371094e+00 0.000000000000000000e+00
7.153194824218750000e+03 8.823512077331542969e+00 0.000000000000000000e+00
7.154840332031250000e+03 8.335145950317382812e+00 0.000000000000000000e+00
7.156490234375000000e+03 8.030264854431152344e+00 0.000000000000000000e+00
7.158136718750000000e+03 8.569266319274902344e+00 0.000000000000000000e+00
7.159783203125000000e+03 8.251582145690917969e+00 0.000000000000000000e+00
7.161434570312500000e+03 8.367557525634765625e+00 0.000000000000000000e+00
7.163082031250000000e+03 8.740224838256835938e+00 0.000000000000000000e+00
7.164733886718750000e+03 8.444396972656250000e+00 0.000000000000000000e+00
7.166381835937500000e+03 8.661540031433105469e+00 0.000000000000000000e+00
7.168034667968750000e+03 7.902092933654785156e+00 0.000000000000000000e+00
7.169683593750000000e+03 8.095381736755371094e+00 0.000000000000000000e+00
7.171333007812500000e+03 8.010436058044433594e+00 0.000000000000000000e+00
7.172986328125000000e+03 8.121453285217285156e+00 0.000000000000000000e+00
7.174636718750000000e+03 8.912063598632812500e+00 0.000000000000000000e+00
7.176291015625000000e+03 7.484824657440185547e+00 0.000000000000000000e+00
7.177941894531250000e+03 7.584115505218505859e+00 0.000000000000000000e+00
7.179597167968750000e+03 8.350948333740234375e+00 0.000000000000000000e+00
7.181249023437500000e+03 8.571967124938964844e+00 0.000000000000000000e+00
7.182900878906250000e+03 8.020648956298828125e+00 0.000000000000000000e+00
7.184557128906250000e+03 7.514895915985107422e+00 0.000000000000000000e+00
7.186209960937500000e+03 8.105941772460937500e+00 0.000000000000000000e+00
7.187867187500000000e+03 8.548084259033203125e+00 0.000000000000000000e+00
7.189520996093750000e+03 7.916957378387451172e+00 0.000000000000000000e+00
7.191178710937500000e+03 9.561944007873535156e+00 0.000000000000000000e+00
7.192833007812500000e+03 1.006848812103271484e+01 0.000000000000000000e+00
7.194487792968750000e+03 6.459291458129882812e+00 0.000000000000000000e+00
7.196146972656250000e+03 7.619029045104980469e+00 0.000000000000000000e+00
7.197802246093750000e+03 8.331297874450683594e+00 0.000000000000000000e+00
7.199461914062500000e+03 7.667310237884521484e+00 0.000000000000000000e+00
7.201118164062500000e+03 7.507189750671386719e+00 0.000000000000000000e+00
7.202778808593750000e+03 7.722115516662597656e+00 0.000000000000000000e+00
7.204435546875000000e+03 7.452151775360107422e+00 0.000000000000000000e+00
7.206093261718750000e+03 8.083490371704101562e+00 0.000000000000000000e+00
7.207754882812500000e+03 7.381570339202880859e+00 0.000000000000000000e+00
7.209413085937500000e+03 7.851781845092773438e+00 0.000000000000000000e+00
7.211075683593750000e+03 8.006554603576660156e+00 0.000000000000000000e+00
7.212734375000000000e+03 7.502372264862060547e+00 0.000000000000000000e+00
7.214397460937500000e+03 7.667829036712646484e+00 0.000000000000000000e+00
7.216057128906250000e+03 8.263949394226074219e+00 0.000000000000000000e+00
7.217717285156250000e+03 8.448712348937988281e+00 0.000000000000000000e+00
7.219381835937500000e+03 7.748427867889404297e+00 0.000000000000000000e+00
7.221042480468750000e+03 8.105733871459960938e+00 0.000000000000000000e+00
7.222707519531250000e+03 8.699356079101562500e+00 0.000000000000000000e+00
7.224369140625000000e+03 7.920104503631591797e+00 0.000000000000000000e+00
7.226035156250000000e+03 8.038129806518554688e+00 0.000000000000000000e+00
7.227697265625000000e+03 7.605661869049072266e+00 0.000000000000000000e+00
7.229360351562500000e+03 7.607913017272949219e+00 0.000000000000000000e+00
7.231027343750000000e+03 7.748186588287353516e+00 0.000000000000000000e+00
7.232690917968750000e+03 7.953146457672119141e+00 0.000000000000000000e+00
7.234358398437500000e+03 8.301711082458496094e+00 0.000000000000000000e+00
7.236022949218750000e+03 8.060269355773925781e+00 0.000000000000000000e+00
7.237691406250000000e+03 7.937804222106933594e+00 0.000000000000000000e+00
7.239356445312500000e+03 7.436803817749023438e+00 0.000000000000000000e+00
7.241021972656250000e+03 7.829369068145751953e+00 0.000000000000000000e+00
7.242691894531250000e+03 8.175766944885253906e+00 0.000000000000000000e+00
7.244357910156250000e+03 7.199213504791259766e+00 0.000000000000000000e+00
7.246028320312500000e+03 7.559178829193115234e+00 0.000000000000000000e+00
7.247695312500000000e+03 8.642876625061035156e+00 0.000000000000000000e+00
7.249366699218750000e+03 8.115405082702636719e+00 0.000000000000000000e+00
7.251034179687500000e+03 8.119424819946289062e+00 0.000000000000000000e+00
7.252702636718750000e+03 8.553221702575683594e+00 0.000000000000000000e+00
7.254375000000000000e+03 7.899741172790527344e+00 0.000000000000000000e+00
7.256043945312500000e+03 8.138011932373046875e+00 0.000000000000000000e+00
7.257716796875000000e+03 8.170437812805175781e+00 0.000000000000000000e+00
7.259386718750000000e+03 7.930413722991943359e+00 0.000000000000000000e+00
7.261060546875000000e+03 8.073541641235351562e+00 0.000000000000000000e+00
7.262730957031250000e+03 8.142489433288574219e+00 0.000000000000000000e+00
7.264405761718750000e+03 7.640386581420898438e+00 0.000000000000000000e+00
7.266077148437500000e+03 7.961201667785644531e+00 0.000000000000000000e+00
7.267748535156250000e+03 8.315158843994140625e+00 0.000000000000000000e+00
7.269424316406250000e+03 7.337248325347900391e+00 0.000000000000000000e+00
7.271096679687500000e+03 7.434146881103515625e+00 0.000000000000000000e+00
7.272773437500000000e+03 8.480888366699218750e+00 0.000000000000000000e+00
7.274446289062500000e+03 8.142293930053710938e+00 0.000000000000000000e+00
7.276124023437500000e+03 6.962484359741210938e+00 0.000000000000000000e+00
7.277797851562500000e+03 6.859298229217529297e+00 0.000000000000000000e+00
7.279472167968750000e+03 7.851646423339843750e+00 0.000000000000000000e+00
7.281150878906250000e+03 8.661189079284667969e+00 0.000000000000000000e+00
7.282825683593750000e+03 8.083476066589355469e+00 0.000000000000000000e+00
7.284505371093750000e+03 7.048908233642578125e+00 0.000000000000000000e+00
7.286181152343750000e+03 8.525842666625976562e+00 0.000000000000000000e+00
7.287861328125000000e+03 7.386332988739013672e+00 0.000000000000000000e+00
7.289537597656250000e+03 6.977343082427978516e+00 0.000000000000000000e+00
7.291214843750000000e+03 7.470542907714843750e+00 0.000000000000000000e+00
7.292895996093750000e+03 7.765835285186767578e+00 0.000000000000000000e+00
7.294573730468750000e+03 7.668887615203857422e+00 0.000000000000000000e+00
7.296255859375000000e+03 7.826360702514648438e+00 0.000000000000000000e+00
7.297934082031250000e+03 7.310968875885009766e+00 0.000000000000000000e+00
7.299617187500000000e+03 7.169289588928222656e+00 0.000000000000000000e+00
7.301296386718750000e+03 7.387802124023437500e+00 0.000000000000000000e+00
7.302976074218750000e+03 7.456538200378417969e+00 0.000000000000000000e+00
7.304660156250000000e+03 7.452651500701904297e+00 0.000000000000000000e+00
7.306340820312500000e+03 8.265176773071289062e+00 0.000000000000000000e+00
7.308025390625000000e+03 8.595371246337890625e+00 0.000000000000000000e+00
7.309706542968750000e+03 7.669813632965087891e+00 0.000000000000000000e+00
7.311392089843750000e+03 7.762538433074951172e+00 0.000000000000000000e+00
7.313074218750000000e+03 7.993816852569580078e+00 0.000000000000000000e+00
7.314756347656250000e+03 7.038620471954345703e+00 0.000000000000000000e+00
7.316443359375000000e+03 8.941523551940917969e+00 0.000000000000000000e+00
7.318126464843750000e+03 8.813017845153808594e+00 0.000000000000000000e+00
7.319813964843750000e+03 7.613649845123291016e+00 0.000000000000000000e+00
7.321498046875000000e+03 7.423697471618652344e+00 0.000000000000000000e+00
7.323186035156250000e+03 7.682744026184082031e+00 0.000000000000000000e+00
7.324871093750000000e+03 7.173824787139892578e+00 0.000000000000000000e+00
7.326556152343750000e+03 7.773083686828613281e+00 0.000000000000000000e+00
7.328245605468750000e+03 7.987890243530273438e+00 0.000000000000000000e+00
7.329931152343750000e+03 8.221486091613769531e+00 0.000000000000000000e+00
7.331621582031250000e+03 8.437365531921386719e+00 0.000000000000000000e+00
7.333308105468750000e+03 8.135914802551269531e+00 0.000000000000000000e+00
7.334999511718750000e+03 7.338080406188964844e+00 0.000000000000000000e+00
7.336686523437500000e+03 7.317206859588623047e+00 0.000000000000000000e+00
7.338374511718750000e+03 7.852757453918457031e+00 0.000000000000000000e+00
7.340066894531250000e+03 6.624972820281982422e+00 0.000000000000000000e+00
7.341755371093750000e+03 6.799056529998779297e+00 0.000000000000000000e+00
7.343448242187500000e+03 7.971325397491455078e+00 0.000000000000000000e+00
7.345137695312500000e+03 9.626171112060546875e+00 0.000000000000000000e+00
7.346831542968750000e+03 1.662912559509277344e+01 0.000000000000000000e+00
7.348521484375000000e+03 7.967095375061035156e+00 0.000000000000000000e+00
7.350211914062500000e+03 6.505970954895019531e+00 0.000000000000000000e+00
7.351906738281250000e+03 7.882623195648193359e+00 0.000000000000000000e+00
7.353598144531250000e+03 7.130147457122802734e+00 0.000000000000000000e+00
7.355293945312500000e+03 7.567021846771240234e+00 0.000000000000000000e+00
7.356985839843750000e+03 6.767292976379394531e+00 0.000000000000000000e+00
7.358682617187500000e+03 7.133059978485107422e+00 0.000000000000000000e+00
7.360375488281250000e+03 7.613928794860839844e+00 0.000000000000000000e+00
7.362068847656250000e+03 7.477703094482421875e+00 0.000000000000000000e+00
7.363766601562500000e+03 7.154934883117675781e+00 0.000000000000000000e+00
7.365460449218750000e+03 7.470487117767333984e+00 0.000000000000000000e+00
7.367158691406250000e+03 8.062314033508300781e+00 0.000000000000000000e+00
7.368853515625000000e+03 6.911444187164306641e+00 0.000000000000000000e+00
7.370552734375000000e+03 7.188737869262695312e+00 0.000000000000000000e+00
7.372248535156250000e+03 8.031808853149414062e+00 0.000000000000000000e+00
7.373944335937500000e+03 7.939265727996826172e+00 0.000000000000000000e+00
7.375645019531250000e+03 7.160704135894775391e+00 0.000000000000000000e+00
7.377341796875000000e+03 7.077686786651611328e+00 0.000000000000000000e+00
7.379042968750000000e+03 7.370872020721435547e+00 0.000000000000000000e+00
7.380740234375000000e+03 7.805438041687011719e+00 0.000000000000000000e+00
7.382442382812500000e+03 7.369107246398925781e+00 0.000000000000000000e+00
7.384140625000000000e+03 6.783869743347167969e+00 0.000000000000000000e+00
7.385839355468750000e+03 7.259407997131347656e+00 0.000000000000000000e+00
7.387542480468750000e+03 7.220658302307128906e+00 0.000000000000000000e+00
7.389242187500000000e+03 7.414157867431640625e+00 0.000000000000000000e+00
7.390945800781250000e+03 7.316702365875244141e+00 0.000000000000000000e+00
7.392646484375000000e+03 7.376529693603515625e+00 0.000000000000000000e+00
7.394351074218750000e+03 7.779680252075195312e+00 0.000000000000000000e+00
7.396052246093750000e+03 8.049259185791015625e+00 0.000000000000000000e+00
7.397757324218750000e+03 7.775519371032714844e+00 0.000000000000000000e+00
7.399459472656250000e+03 6.880001544952392578e+00 0.000000000000000000e+00
7.401161621093750000e+03 7.189826965332031250e+00 0.000000000000000000e+00
7.402868164062500000e+03 7.728847980499267578e+00 0.000000000000000000e+00
7.404571289062500000e+03 8.023195266723632812e+00 0.000000000000000000e+00
7.406278808593750000e+03 8.239742279052734375e+00 0.000000000000000000e+00
7.407982421875000000e+03 7.172349929809570312e+00 0.000000000000000000e+00
7.409690917968750000e+03 7.426933288574218750e+00 0.000000000000000000e+00
7.411395507812500000e+03 6.877420902252197266e+00 0.000000000000000000e+00
7.413100585937500000e+03 7.047176361083984375e+00 0.000000000000000000e+00
7.414810058593750000e+03 7.940726757049560547e+00 0.000000000000000000e+00
7.416515625000000000e+03 7.702637195587158203e+00 0.000000000000000000e+00
7.418226074218750000e+03 7.280720710754394531e+00 0.000000000000000000e+00
7.419932617187500000e+03 7.146268844604492188e+00 0.000000000000000000e+00
7.421643554687500000e+03 7.555879592895507812e+00 0.000000000000000000e+00
7.423350585937500000e+03 7.429328441619873047e+00 0.000000000000000000e+00
7.425058593750000000e+03 7.120790004730224609e+00 0.000000000000000000e+00
7.426770507812500000e+03 7.618992328643798828e+00 0.000000000000000000e+00
7.428479492187500000e+03 7.393137454986572266e+00 0.000000000000000000e+00
7.430192382812500000e+03 6.667091846466064453e+00 0.000000000000000000e+00
7.431901367187500000e+03 6.856317996978759766e+00 0.000000000000000000e+00
7.433615234375000000e+03 7.238370418548583984e+00 0.000000000000000000e+00
7.435325683593750000e+03 6.857263565063476562e+00 0.000000000000000000e+00
7.437036132812500000e+03 6.321445465087890625e+00 0.000000000000000000e+00
7.438750976562500000e+03 7.549773216247558594e+00 0.000000000000000000e+00
7.440462402343750000e+03 7.999416828155517578e+00 0.000000000000000000e+00
7.442177734375000000e+03 7.175597667694091797e+00 0.000000000000000000e+00
7.443890136718750000e+03 6.624413490295410156e+00 0.000000000000000000e+00
7.445606445312500000e+03 6.613743782043457031e+00 0.000000000000000000e+00
7.447319335937500000e+03 6.485809803009033203e+00 0.000000000000000000e+00
7.449032714843750000e+03 7.111999034881591797e+00 0.000000000000000000e+00
7.450750488281250000e+03 6.659146785736083984e+00 0.000000000000000000e+00
7.452464355468750000e+03 6.848095893859863281e+00 0.000000000000000000e+00
7.454183105468750000e+03 6.902489662170410156e+00 0.000000000000000000e+00
7.455897949218750000e+03 6.662824153900146484e+00 0.000000000000000000e+00
7.457617187500000000e+03 6.931986808776855469e+00 0.000000000000000000e+00
7.459332519531250000e+03 6.811754226684570312e+00 0.000000000000000000e+00
7.461048828125000000e+03 7.009709835052490234e+00 0.000000000000000000e+00
7.462769042968750000e+03 7.531999111175537109e+00 0.000000000000000000e+00
7.464485839843750000e+03 7.472916126251220703e+00 0.000000000000000000e+00
7.466207031250000000e+03 6.797924041748046875e+00 0.000000000000000000e+00
7.467924804687500000e+03 6.286018848419189453e+00 0.000000000000000000e+00
7.469646972656250000e+03 6.143691062927246094e+00 0.000000000000000000e+00
7.471365234375000000e+03 7.403241634368896484e+00 0.000000000000000000e+00
7.473083984375000000e+03 7.371426105499267578e+00 0.000000000000000000e+00
7.474807617187500000e+03 6.855612277984619141e+00 0.000000000000000000e+00
7.476526855468750000e+03 7.068321704864501953e+00 0.000000000000000000e+00
7.478250976562500000e+03 7.454782485961914062e+00 0.000000000000000000e+00
7.479971191406250000e+03 6.767126560211181641e+00 0.000000000000000000e+00
7.481696289062500000e+03 6.973296165466308594e+00 0.000000000000000000e+00
7.483417480468750000e+03 7.370181083679199219e+00 0.000000000000000000e+00
7.485139160156250000e+03 7.626450061798095703e+00 0.000000000000000000e+00
7.486865234375000000e+03 7.574270248413085938e+00 0.000000000000000000e+00
7.488587402343750000e+03 7.238614559173583984e+00 0.000000000000000000e+00
7.490313964843750000e+03 7.308182716369628906e+00 0.000000000000000000e+00
7.492037109375000000e+03 6.998594284057617188e+00 0.000000000000000000e+00
7.493765136718750000e+03 6.762990951538085938e+00 0.000000000000000000e+00
7.495488769531250000e+03 6.926713466644287109e+00 0.000000000000000000e+00
7.497213378906250000e+03 7.332159042358398438e+00 0.000000000000000000e+00
7.498941894531250000e+03 7.559965133666992188e+00 0.000000000000000000e+00
7.500666992187500000e+03 7.326930522918701172e+00 0.000000000000000000e+00
7.502396972656250000e+03 6.332098484039306641e+00 0.000000000000000000e+00
7.504122558593750000e+03 6.815555095672607422e+00 0.000000000000000000e+00
7.505853027343750000e+03 7.317519664764404297e+00 0.000000000000000000e+00
7.507580078125000000e+03 6.879341602325439453e+00 0.000000000000000000e+00
7.509307128906250000e+03 6.604353904724121094e+00 0.000000000000000000e+00
7.511038574218750000e+03 6.997678279876708984e+00 0.000000000000000000e+00
7.512766601562500000e+03 6.811985492706298828e+00 0.000000000000000000e+00
7.514499023437500000e+03 6.993230342864990234e+00 0.000000000000000000e+00
7.516227539062500000e+03 7.354113578796386719e+00 0.000000000000000000e+00
7.517960937500000000e+03 7.389393806457519531e+00 0.000000000000000000e+00
7.519690429687500000e+03 7.120458126068115234e+00 0.000000000000000000e+00
7.521420410156250000e+03 7.056241035461425781e+00 0.000000000000000000e+00
7.523154785156250000e+03 7.387277603149414062e+00 0.000000000000000000e+00
7.524885253906250000e+03 6.705043792724609375e+00 0.000000000000000000e+00
7.526620605468750000e+03 6.856885433197021484e+00 0.000000000000000000e+00
7.528352050781250000e+03 8.019499778747558594e+00 0.000000000000000000e+00
7.530088378906250000e+03 7.932099342346191406e+00 0.000000000000000000e+00
7.531820312500000000e+03 6.783724784851074219e+00 0.000000000000000000e+00
7.533557128906250000e+03 8.012216567993164062e+00 0.000000000000000000e+00
7.535290527343750000e+03 7.311868667602539062e+00 0.000000000000000000e+00
7.537023925781250000e+03 6.649996280670166016e+00 0.000000000000000000e+00
7.538761718750000000e+03 7.200913906097412109e+00 0.000000000000000000e+00
7.540496093750000000e+03 7.184148311614990234e+00 0.000000000000000000e+00
7.542234863281250000e+03 7.262597560882568359e+00 0.000000000000000000e+00
7.543970214843750000e+03 6.866221904754638672e+00 0.000000000000000000e+00
7.545709472656250000e+03 6.651937961578369141e+00 0.000000000000000000e+00
7.547445312500000000e+03 6.859755039215087891e+00 0.000000000000000000e+00
7.549181640625000000e+03 7.034492492675781250e+00 0.000000000000000000e+00
7.550922851562500000e+03 6.706071376800537109e+00 0.000000000000000000e+00
7.552659667968750000e+03 6.541463375091552734e+00 0.000000000000000000e+00
7.554401367187500000e+03 7.429592609405517578e+00 0.000000000000000000e+00
7.556139160156250000e+03 7.550801753997802734e+00 0.000000000000000000e+00
7.557881835937500000e+03 7.132645606994628906e+00 0.000000000000000000e+00
7.559620117187500000e+03 7.007341861724853516e+00 0.000000000000000000e+00
7.561359375000000000e+03 7.181093215942382812e+00 0.000000000000000000e+00
7.563103027343750000e+03 6.942685127258300781e+00 0.000000000000000000e+00
7.564842773437500000e+03 6.739580631256103516e+00 0.000000000000000000e+00
7.566587402343750000e+03 6.591886043548583984e+00 0.000000000000000000e+00
7.568328125000000000e+03 6.835628032684326172e+00 0.000000000000000000e+00
7.570073242187500000e+03 7.113754749298095703e+00 0.000000000000000000e+00
7.571814941406250000e+03 6.972545146942138672e+00 0.000000000000000000e+00
7.573556640625000000e+03 7.500650405883789062e+00 0.000000000000000000e+00
7.575303222656250000e+03 7.237810134887695312e+00 0.000000000000000000e+00
7.577045898437500000e+03 7.183944225311279297e+00 0.000000000000000000e+00
7.578792968750000000e+03 6.979171752929687500e+00 0.000000000000000000e+00
7.580536621093750000e+03 6.583449363708496094e+00 0.000000000000000000e+00
7.582284667968750000e+03 6.698573112487792969e+00 0.000000000000000000e+00
7.584028808593750000e+03 6.867587566375732422e+00 0.000000000000000000e+00
7.585773437500000000e+03 6.233287334442138672e+00 0.000000000000000000e+00
7.587522949218750000e+03 6.851733207702636719e+00 0.000000000000000000e+00
7.589268554687500000e+03 7.221928119659423828e+00 0.000000000000000000e+00
7.591018554687500000e+03 6.999537467956542969e+00 0.000000000000000000e+00
7.592764648437500000e+03 7.622352600097656250e+00 0.000000000000000000e+00
7.594515625000000000e+03 7.704703807830810547e+00 0.000000000000000000e+00
7.596262695312500000e+03 7.628811359405517578e+00 0.000000000000000000e+00
7.598010253906250000e+03 5.602881431579589844e+00 0.000000000000000000e+00
7.599762207031250000e+03 6.242065906524658203e+00 0.000000000000000000e+00
7.601510742187500000e+03 8.697586059570312500e+00 0.000000000000000000e+00
7.603263671875000000e+03 7.312761783599853516e+00 0.000000000000000000e+00
7.605012695312500000e+03 6.305452823638916016e+00 0.000000000000000000e+00
7.606766113281250000e+03 7.293134212493896484e+00 0.000000000000000000e+00
7.608516113281250000e+03 7.743943691253662109e+00 0.000000000000000000e+00
7.610266601562500000e+03 7.778230667114257812e+00 0.000000000000000000e+00
7.612021484375000000e+03 7.852190971374511719e+00 0.000000000000000000e+00
7.613772460937500000e+03 7.397022724151611328e+00 0.000000000000000000e+00
7.615528320312500000e+03 6.508165359497070312e+00 0.000000000000000000e+00
7.617280273437500000e+03 6.349831581115722656e+00 0.000000000000000000e+00
7.619036621093750000e+03 6.372346401214599609e+00 0.000000000000000000e+00
7.620789550781250000e+03 7.046212196350097656e+00 0.000000000000000000e+00
7.622542480468750000e+03 7.430813789367675781e+00 0.000000000000000000e+00
7.624300292968750000e+03 6.361662387847900391e+00 0.000000000000000000e+00
7.626054199218750000e+03 6.729740619659423828e+00 0.000000000000000000e+00
7.627812988281250000e+03 6.137552261352539062e+00 0.000000000000000000e+00
7.629567871093750000e+03 5.539313316345214844e+00 0.000000000000000000e+00
7.631327148437500000e+03 5.426399230957031250e+00 0.000000000000000000e+00
7.633082519531250000e+03 5.949632644653320312e+00 0.000000000000000000e+00
7.634838867187500000e+03 6.921935081481933594e+00 0.000000000000000000e+00
7.636599121093750000e+03 7.072439193725585938e+00 0.000000000000000000e+00
7.638355957031250000e+03 6.934346675872802734e+00 0.000000000000000000e+00
7.640117187500000000e+03 6.988990306854248047e+00 0.000000000000000000e+00
7.641875000000000000e+03 6.983798027038574219e+00 0.000000000000000000e+00
7.643637207031250000e+03 6.834542751312255859e+00 0.000000000000000000e+00
7.645395507812500000e+03 6.690501689910888672e+00 0.000000000000000000e+00
7.647154296875000000e+03 6.246996879577636719e+00 0.000000000000000000e+00
7.648917968750000000e+03 6.511057376861572266e+00 0.000000000000000000e+00
7.650677246093750000e+03 6.916026592254638672e+00 0.000000000000000000e+00
7.652441894531250000e+03 6.720572948455810547e+00 0.000000000000000000e+00
7.654202148437500000e+03 6.332976341247558594e+00 0.000000000000000000e+00
7.655967285156250000e+03 6.714436531066894531e+00 0.000000000000000000e+00
7.657728515625000000e+03 7.133731365203857422e+00 0.000000000000000000e+00
7.659490234375000000e+03 6.775828361511230469e+00 0.000000000000000000e+00
7.661256347656250000e+03 7.017945289611816406e+00 0.000000000000000000e+00
7.663018554687500000e+03 7.550314426422119141e+00 0.000000000000000000e+00
7.664785644531250000e+03 7.367075920104980469e+00 0.000000000000000000e+00
7.666549316406250000e+03 6.562545299530029297e+00 0.000000000000000000e+00
7.668316894531250000e+03 7.019528388977050781e+00 0.000000000000000000e+00
7.670081054687500000e+03 7.751899719238281250e+00 0.000000000000000000e+00
7.671849609375000000e+03 7.057716369628906250e+00 0.000000000000000000e+00
7.673614746093750000e+03 6.374424457550048828e+00 0.000000000000000000e+00
7.675379882812500000e+03 6.473514556884765625e+00 0.000000000000000000e+00
7.677149902343750000e+03 6.521460533142089844e+00 0.000000000000000000e+00
7.678916015625000000e+03 7.110116481781005859e+00 0.000000000000000000e+00
7.680687011718750000e+03 6.952955722808837891e+00 0.000000000000000000e+00
7.682453613281250000e+03 6.941246032714843750e+00 0.000000000000000000e+00
7.684225097656250000e+03 6.800732135772705078e+00 0.000000000000000000e+00
7.685993164062500000e+03 6.426131248474121094e+00 0.000000000000000000e+00
7.687761230468750000e+03 6.330693721771240234e+00 0.000000000000000000e+00
7.689534179687500000e+03 6.219355583190917969e+00 0.000000000000000000e+00
7.691302734375000000e+03 6.787112712860107422e+00 0.000000000000000000e+00
7.693076660156250000e+03 6.945338249206542969e+00 0.000000000000000000e+00
7.694846191406250000e+03 6.564473152160644531e+00 0.000000000000000000e+00
7.696620605468750000e+03 6.371951103210449219e+00 0.000000000000000000e+00
7.698391113281250000e+03 6.773528099060058594e+00 0.000000000000000000e+00
7.700162109375000000e+03 6.815291881561279297e+00 0.000000000000000000e+00
7.701937988281250000e+03 7.356909275054931641e+00 0.000000000000000000e+00
7.703709960937500000e+03 6.974787712097167969e+00 0.000000000000000000e+00
7.705486328125000000e+03 6.827029228210449219e+00 0.000000000000000000e+00
7.707258789062500000e+03 7.286135673522949219e+00 0.000000000000000000e+00
7.709036132812500000e+03 6.961680412292480469e+00 0.000000000000000000e+00
7.710809570312500000e+03 6.279686927795410156e+00 0.000000000000000000e+00
7.712583496093750000e+03 5.943994522094726562e+00 0.000000000000000000e+00
7.714361816406250000e+03 6.756339073181152344e+00 0.000000000000000000e+00
7.716136718750000000e+03 6.934357643127441406e+00 0.000000000000000000e+00
7.717916015625000000e+03 6.909470558166503906e+00 0.000000000000000000e+00
7.719691406250000000e+03 8.500023841857910156e+00 0.000000000000000000e+00
7.721471679687500000e+03 7.948261260986328125e+00 0.000000000000000000e+00
7.723248046875000000e+03 7.217758178710937500e+00 0.000000000000000000e+00
7.725024902343750000e+03 6.231070518493652344e+00 0.000000000000000000e+00
7.726806152343750000e+03 5.556745529174804688e+00 0.000000000000000000e+00
7.728583496093750000e+03 6.120547294616699219e+00 0.000000000000000000e+00
7.730365722656250000e+03 7.512628078460693359e+00 0.000000000000000000e+00
7.732144042968750000e+03 6.992846012115478516e+00 0.000000000000000000e+00
7.733927246093750000e+03 6.642466068267822266e+00 0.000000000000000000e+00
7.735706542968750000e+03 5.793285369873046875e+00 0.000000000000000000e+00
7.737485839843750000e+03 5.644079208374023438e+00 0.000000000000000000e+00
7.739270019531250000e+03 6.470025539398193359e+00 0.000000000000000000e+00
7.741050781250000000e+03 6.677011013031005859e+00 0.000000000000000000e+00
7.742835449218750000e+03 6.339667320251464844e+00 0.000000000000000000e+00
7.744616699218750000e+03 7.109591960906982422e+00 0.000000000000000000e+00
7.746402832031250000e+03 6.623149871826171875e+00 0.000000000000000000e+00
7.748185058593750000e+03 6.282074928283691406e+00 0.000000000000000000e+00
7.749967285156250000e+03 6.364774227142333984e+00 0.000000000000000000e+00
7.751754394531250000e+03 5.546890735626220703e+00 0.000000000000000000e+00
7.753537597656250000e+03 7.164396286010742188e+00 0.000000000000000000e+00
7.755325683593750000e+03 7.759187698364257812e+00 0.000000000000000000e+00
7.757109863281250000e+03 6.629494667053222656e+00 0.000000000000000000e+00
7.758898437500000000e+03 6.032395362854003906e+00 0.000000000000000000e+00
7.760683593750000000e+03 6.813382625579833984e+00 0.000000000000000000e+00
7.762468750000000000e+03 7.252443790435791016e+00 0.000000000000000000e+00
7.764258789062500000e+03 6.576730251312255859e+00 0.000000000000000000e+00
7.766044921875000000e+03 5.883451461791992188e+00 0.000000000000000000e+00
7.767835937500000000e+03 6.335754394531250000e+00 0.000000000000000000e+00
7.769622558593750000e+03 6.661929607391357422e+00 0.000000000000000000e+00
7.771414550781250000e+03 6.221218585968017578e+00 0.000000000000000000e+00
7.773202148437500000e+03 6.064163684844970703e+00 0.000000000000000000e+00
7.774990234375000000e+03 6.179245948791503906e+00 0.000000000000000000e+00
7.776783203125000000e+03 5.602799415588378906e+00 0.000000000000000000e+00
7.778572265625000000e+03 5.941045761108398438e+00 0.000000000000000000e+00
7.780366210937500000e+03 6.393970012664794922e+00 0.000000000000000000e+00
7.782155761718750000e+03 6.456933498382568359e+00 0.000000000000000000e+00
7.783950683593750000e+03 6.926539421081542969e+00 0.000000000000000000e+00
7.785741210937500000e+03 6.923655509948730469e+00 0.000000000000000000e+00
7.787532226562500000e+03 6.501000881195068359e+00 0.000000000000000000e+00
7.789328125000000000e+03 6.709413051605224609e+00 0.000000000000000000e+00
7.791120117187500000e+03 6.861864089965820312e+00 0.000000000000000000e+00
7.792916503906250000e+03 6.602928638458251953e+00 0.000000000000000000e+00
7.794709472656250000e+03 6.677137374877929688e+00 0.000000000000000000e+00
7.796506835937500000e+03 6.986723899841308594e+00 0.000000000000000000e+00
7.798300292968750000e+03 8.079956054687500000e+00 0.000000000000000000e+00
7.800094238281250000e+03 7.761233806610107422e+00 0.000000000000000000e+00
7.801893066406250000e+03 6.783132553100585938e+00 0.000000000000000000e+00
7.803687988281250000e+03 6.276289463043212891e+00 0.000000000000000000e+00
7.805487304687500000e+03 6.258092880249023438e+00 0.000000000000000000e+00
7.807283203125000000e+03 7.278788089752197266e+00 0.000000000000000000e+00
7.809083496093750000e+03 6.911391258239746094e+00 0.000000000000000000e+00
7.810879882812500000e+03 6.731362819671630859e+00 0.000000000000000000e+00
7.812681152343750000e+03 6.978699207305908203e+00 0.000000000000000000e+00
7.814478515625000000e+03 6.958791255950927734e+00 0.000000000000000000e+00
7.816275878906250000e+03 6.425952911376953125e+00 0.000000000000000000e+00
7.818078613281250000e+03 6.128111839294433594e+00 0.000000000000000000e+00
7.819876953125000000e+03 7.365742683410644531e+00 0.000000000000000000e+00
7.821680175781250000e+03 6.636703968048095703e+00 0.000000000000000000e+00
7.823479492187500000e+03 6.051525115966796875e+00 0.000000000000000000e+00
7.825283691406250000e+03 7.102130413055419922e+00 0.000000000000000000e+00
7.827083984375000000e+03 7.498324394226074219e+00 0.000000000000000000e+00
7.828884277343750000e+03 7.108592033386230469e+00 0.000000000000000000e+00
7.830689941406250000e+03 6.212996482849121094e+00 0.000000000000000000e+00
7.832491210937500000e+03 6.400280952453613281e+00 0.000000000000000000e+00
7.834297363281250000e+03 6.828432559967041016e+00 0.000000000000000000e+00
7.836099609375000000e+03 6.596105098724365234e+00 0.000000000000000000e+00
7.837906738281250000e+03 6.335102558135986328e+00 0.000000000000000000e+00
7.839709960937500000e+03 6.657257556915283203e+00 0.000000000000000000e+00
7.841513183593750000e+03 6.876994132995605469e+00 0.000000000000000000e+00
7.843321289062500000e+03 6.603084087371826172e+00 0.000000000000000000e+00
7.845125976562500000e+03 6.845458030700683594e+00 0.000000000000000000e+00
7.846935058593750000e+03 7.157495498657226562e+00 0.000000000000000000e+00
7.848740234375000000e+03 6.330161571502685547e+00 0.000000000000000000e+00
7.850549804687500000e+03 7.256010055541992188e+00 0.000000000000000000e+00
7.852355957031250000e+03 6.792259693145751953e+00 0.000000000000000000e+00
7.854162597656250000e+03 6.238851547241210938e+00 0.000000000000000000e+00
7.855973632812500000e+03 7.886307716369628906e+00 0.000000000000000000e+00
7.857780761718750000e+03 9.552166938781738281e+00 0.000000000000000000e+00
7.859592773437500000e+03 7.255704879760742188e+00 0.000000000000000000e+00
7.861400878906250000e+03 6.517127037048339844e+00 0.000000000000000000e+00
7.863213867187500000e+03 6.760355949401855469e+00 0.000000000000000000e+00
7.865022460937500000e+03 6.655389785766601562e+00 0.000000000000000000e+00
7.866832031250000000e+03 7.168059349060058594e+00 0.000000000000000000e+00
7.868645996093750000e+03 7.787578582763671875e+00 0.000000000000000000e+00
7.870456054687500000e+03 6.645895004272460938e+00 0.000000000000000000e+00
7.872270996093750000e+03 6.692398548126220703e+00 0.000000000000000000e+00
7.874082031250000000e+03 6.822577476501464844e+00 0.000000000000000000e+00
7.875897949218750000e+03 6.905871868133544922e+00 0.000000000000000000e+00
7.877709960937500000e+03 7.172762393951416016e+00 0.000000000000000000e+00
7.879521972656250000e+03 7.180309295654296875e+00 0.000000000000000000e+00
7.881338867187500000e+03 6.587961196899414062e+00 0.000000000000000000e+00
7.883151855468750000e+03 7.209652423858642578e+00 0.000000000000000000e+00
7.884969726562500000e+03 6.552326202392578125e+00 0.000000000000000000e+00
7.886783691406250000e+03 7.547211647033691406e+00 0.000000000000000000e+00
7.888602539062500000e+03 7.383922100067138672e+00 0.000000000000000000e+00
7.890417480468750000e+03 5.841442108154296875e+00 0.000000000000000000e+00
7.892232421875000000e+03 7.225532531738281250e+00 0.000000000000000000e+00
7.894052246093750000e+03 7.702960968017578125e+00 0.000000000000000000e+00
7.895868652343750000e+03 7.344441413879394531e+00 0.000000000000000000e+00
7.897688964843750000e+03 6.649186611175537109e+00 0.000000000000000000e+00
7.899505859375000000e+03 6.616348743438720703e+00 0.000000000000000000e+00
7.901327636718750000e+03 7.164791107177734375e+00 0.000000000000000000e+00
7.903145507812500000e+03 7.049211978912353516e+00 0.000000000000000000e+00
7.904963378906250000e+03 6.619679450988769531e+00 0.000000000000000000e+00
7.906786132812500000e+03 7.008221626281738281e+00 0.000000000000000000e+00
7.908605468750000000e+03 7.052159309387207031e+00 0.000000000000000000e+00
7.910429199218750000e+03 6.601046562194824219e+00 0.000000000000000000e+00
7.912248535156250000e+03 5.954957485198974609e+00 0.000000000000000000e+00
7.914073242187500000e+03 5.702364444732666016e+00 0.000000000000000000e+00
7.915894042968750000e+03 7.713054656982421875e+00 0.000000000000000000e+00
7.917714843750000000e+03 9.192875862121582031e+00 0.000000000000000000e+00
7.919540527343750000e+03 7.746860980987548828e+00 0.000000000000000000e+00
7.921362792968750000e+03 7.066842079162597656e+00 0.000000000000000000e+00
7.923189453125000000e+03 8.533662796020507812e+00 0.000000000000000000e+00
7.925012207031250000e+03 8.335547447204589844e+00 0.000000000000000000e+00
7.926839355468750000e+03 7.117449283599853516e+00 0.000000000000000000e+00
7.928663085937500000e+03 6.818150997161865234e+00 0.000000000000000000e+00
7.930486816406250000e+03 7.148837089538574219e+00 0.000000000000000000e+00
7.932315917968750000e+03 6.941794872283935547e+00 0.000000000000000000e+00
7.934140625000000000e+03 6.538821697235107422e+00 0.000000000000000000e+00
7.935970214843750000e+03 7.258767127990722656e+00 0.000000000000000000e+00
7.937795898437500000e+03 7.230537891387939453e+00 0.000000000000000000e+00
7.939626464843750000e+03 6.575027465820312500e+00 0.000000000000000000e+00
7.941452636718750000e+03 6.540137767791748047e+00 0.000000000000000000e+00
7.943284179687500000e+03 7.158780574798583984e+00 0.000000000000000000e+00
7.945111328125000000e+03 7.539170265197753906e+00 0.000000000000000000e+00
7.946938964843750000e+03 7.245798110961914062e+00 0.000000000000000000e+00
7.948771972656250000e+03 7.553954124450683594e+00 0.000000000000000000e+00
7.950600585937500000e+03 6.714898586273193359e+00 0.000000000000000000e+00
7.952433593750000000e+03 7.359642982482910156e+00 0.000000000000000000e+00
7.954263183593750000e+03 7.582364082336425781e+00 0.000000000000000000e+00
7.956097656250000000e+03 6.815798759460449219e+00 0.000000000000000000e+00
7.957927734375000000e+03 7.691679000854492188e+00 0.000000000000000000e+00
7.959758300781250000e+03 6.941054344177246094e+00 0.000000000000000000e+00
7.961593750000000000e+03 6.323775768280029297e+00 0.000000000000000000e+00
7.963425292968750000e+03 6.340609550476074219e+00 0.000000000000000000e+00
7.965261718750000000e+03 6.832293510437011719e+00 0.000000000000000000e+00
7.967094238281250000e+03 7.570758819580078125e+00 0.000000000000000000e+00
7.968931640625000000e+03 8.183411598205566406e+00 0.000000000000000000e+00
7.970764648437500000e+03 7.883766174316406250e+00 0.000000000000000000e+00
7.972598144531250000e+03 7.371644973754882812e+00 0.000000000000000000e+00
7.974437011718750000e+03 6.985513210296630859e+00 0.000000000000000000e+00
7.976271484375000000e+03 6.817163467407226562e+00 0.000000000000000000e+00
7.978110839843750000e+03 6.775322437286376953e+00 0.000000000000000000e+00
7.979945800781250000e+03 6.916318893432617188e+00 0.000000000000000000e+00
7.981786132812500000e+03 7.819314956665039062e+00 0.000000000000000000e+00
7.983622558593750000e+03 7.539957523345947266e+00 0.000000000000000000e+00
7.985458984375000000e+03 7.637121677398681641e+00 0.000000000000000000e+00
7.987300292968750000e+03 7.380511760711669922e+00 0.000000000000000000e+00
7.989137695312500000e+03 6.868917465209960938e+00 0.000000000000000000e+00
7.990979980468750000e+03 7.451442241668701172e+00 0.000000000000000000e+00
7.992818359375000000e+03 5.751090526580810547e+00 0.000000000000000000e+00
7.994661621093750000e+03 7.595733642578125000e+00 0.000000000000000000e+00
7.996500488281250000e+03 9.552198410034179688e+00 0.000000000000000000e+00
7.998340332031250000e+03 8.775662422180175781e+00 0.000000000000000000e+00
8.000184570312500000e+03 6.861141681671142578e+00 0.000000000000000000e+00
8.002024902343750000e+03 7.198114395141601562e+00 0.000000000000000000e+00
8.003870605468750000e+03 7.253609180450439453e+00 0.000000000000000000e+00
8.005711425781250000e+03 7.309076786041259766e+00 0.000000000000000000e+00
8.007557617187500000e+03 7.179580211639404297e+00 0.000000000000000000e+00
8.009399902343750000e+03 7.033265113830566406e+00 0.000000000000000000e+00
8.011242675781250000e+03 7.356051921844482422e+00 0.000000000000000000e+00
8.013089843750000000e+03 7.823609352111816406e+00 0.000000000000000000e+00
8.014933105468750000e+03 6.495323657989501953e+00 0.000000000000000000e+00
8.016781250000000000e+03 8.459165573120117188e+00 0.000000000000000000e+00
8.018625488281250000e+03 8.853148460388183594e+00 0.000000000000000000e+00
8.020474609375000000e+03 7.439912796020507812e+00 0.000000000000000000e+00
8.022319824218750000e+03 6.703305244445800781e+00 0.000000000000000000e+00
8.024165527343750000e+03 7.237206459045410156e+00 0.000000000000000000e+00
8.026015625000000000e+03 7.837222576141357422e+00 0.000000000000000000e+00
8.027862304687500000e+03 7.003756999969482422e+00 0.000000000000000000e+00
8.029713378906250000e+03 6.098167896270751953e+00 0.000000000000000000e+00
8.031560546875000000e+03 6.617477893829345703e+00 0.000000000000000000e+00
8.033412597656250000e+03 7.551505088806152344e+00 0.000000000000000000e+00
8.035260742187500000e+03 6.780890941619873047e+00 0.000000000000000000e+00
8.037109375000000000e+03 7.251756668090820312e+00 0.000000000000000000e+00
8.038962402343750000e+03 6.670450210571289062e+00 0.000000000000000000e+00
8.040812011718750000e+03 6.936450004577636719e+00 0.000000000000000000e+00
8.042666015625000000e+03 7.157152652740478516e+00 0.000000000000000000e+00
8.044516113281250000e+03 6.675192356109619141e+00 0.000000000000000000e+00
8.046371093750000000e+03 7.068111419677734375e+00 0.000000000000000000e+00
8.048222167968750000e+03 7.288458347320556641e+00 0.000000000000000000e+00
8.050073730468750000e+03 7.793799400329589844e+00 0.000000000000000000e+00
8.051930175781250000e+03 7.183989048004150391e+00 0.000000000000000000e+00
8.053782714843750000e+03 6.867383956909179688e+00 0.000000000000000000e+00
8.055639648437500000e+03 7.514661788940429688e+00 0.000000000000000000e+00
8.057492675781250000e+03 7.348492145538330078e+00 0.000000000000000000e+00
8.059351074218750000e+03 7.389549255371093750e+00 0.000000000000000000e+00
8.061205078125000000e+03 7.504936218261718750e+00 0.000000000000000000e+00
8.063059570312500000e+03 7.232044219970703125e+00 0.000000000000000000e+00
8.064918945312500000e+03 7.397656440734863281e+00 0.000000000000000000e+00
8.066773925781250000e+03 7.821723937988281250e+00 0.000000000000000000e+00
8.068634277343750000e+03 7.170666694641113281e+00 0.000000000000000000e+00
8.070490234375000000e+03 7.438208580017089844e+00 0.000000000000000000e+00
8.072351562500000000e+03 7.090413570404052734e+00 0.000000000000000000e+00
8.074208496093750000e+03 7.223794460296630859e+00 0.000000000000000000e+00
8.076065917968750000e+03 7.113736629486083984e+00 0.000000000000000000e+00
8.077928222656250000e+03 6.694143295288085938e+00 0.000000000000000000e+00
8.079786621093750000e+03 7.434841156005859375e+00 0.000000000000000000e+00
8.081649902343750000e+03 7.109160900115966797e+00 0.000000000000000000e+00
8.083508789062500000e+03 6.399168491363525391e+00 0.000000000000000000e+00
8.085373046875000000e+03 6.665343761444091797e+00 0.000000000000000000e+00
8.087232910156250000e+03 7.065176486968994141e+00 0.000000000000000000e+00
8.089098144531250000e+03 6.757063388824462891e+00 0.000000000000000000e+00
8.090958984375000000e+03 6.602867603302001953e+00 0.000000000000000000e+00
8.092820312500000000e+03 7.172039508819580078e+00 0.000000000000000000e+00
8.094686523437500000e+03 7.322138786315917969e+00 0.000000000000000000e+00
8.096548339843750000e+03 6.875870704650878906e+00 0.000000000000000000e+00
8.098415527343750000e+03 6.579041957855224609e+00 0.000000000000000000e+00
8.100278808593750000e+03 6.603730201721191406e+00 0.000000000000000000e+00
8.102146484375000000e+03 6.416790962219238281e+00 0.000000000000000000e+00
8.104010253906250000e+03 7.059652328491210938e+00 0.000000000000000000e+00
8.105874511718750000e+03 7.508781433105468750e+00 0.000000000000000000e+00
8.107744140625000000e+03 7.064620971679687500e+00 0.000000000000000000e+00
8.109608886718750000e+03 6.596508979797363281e+00 0.000000000000000000e+00
8.111479003906250000e+03 6.728722095489501953e+00 0.000000000000000000e+00
8.113345214843750000e+03 6.850400447845458984e+00 0.000000000000000000e+00
8.115216308593750000e+03 6.963526725769042969e+00 0.000000000000000000e+00
8.117083007812500000e+03 6.797912597656250000e+00 0.000000000000000000e+00
8.118950195312500000e+03 6.645014286041259766e+00 0.000000000000000000e+00
8.120822753906250000e+03 6.764161586761474609e+00 0.000000000000000000e+00
8.122690917968750000e+03 6.973893165588378906e+00 0.000000000000000000e+00
8.124563964843750000e+03 6.739249706268310547e+00 0.000000000000000000e+00
8.126432617187500000e+03 6.184111595153808594e+00 0.000000000000000000e+00
8.128306640625000000e+03 6.982215881347656250e+00 0.000000000000000000e+00
8.130176757812500000e+03 6.320958614349365234e+00 0.000000000000000000e+00
8.132046875000000000e+03 5.955069541931152344e+00 0.000000000000000000e+00
8.133922363281250000e+03 6.858314990997314453e+00 0.000000000000000000e+00
8.135793457031250000e+03 6.176438331604003906e+00 0.000000000000000000e+00
8.137669433593750000e+03 6.525098800659179688e+00 0.000000000000000000e+00
8.139541503906250000e+03 7.283231735229492188e+00 0.000000000000000000e+00
8.141418457031250000e+03 7.147964000701904297e+00 0.000000000000000000e+00
8.143291503906250000e+03 6.883289337158203125e+00 0.000000000000000000e+00
8.145165039062500000e+03 7.099833011627197266e+00 0.000000000000000000e+00
8.147042968750000000e+03 6.950031757354736328e+00 0.000000000000000000e+00
8.148917480468750000e+03 6.947876453399658203e+00 0.000000000000000000e+00
8.150796386718750000e+03 6.461426258087158203e+00 0.000000000000000000e+00
8.152671386718750000e+03 6.284756183624267578e+00 0.000000000000000000e+00
8.154551269531250000e+03 6.524445533752441406e+00 0.000000000000000000e+00
8.156427246093750000e+03 6.908248424530029297e+00 0.000000000000000000e+00
8.158303710937500000e+03 7.137365818023681641e+00 0.000000000000000000e+00
8.160185058593750000e+03 6.272526264190673828e+00 0.000000000000000000e+00
8.162062500000000000e+03 6.915456295013427734e+00 0.000000000000000000e+00
8.163944335937500000e+03 6.754312992095947266e+00 0.000000000000000000e+00
8.165822753906250000e+03 6.365890502929687500e+00 0.000000000000000000e+00
8.167705566406250000e+03 6.765150070190429688e+00 0.000000000000000000e+00
8.169584472656250000e+03 6.668672084808349609e+00 0.000000000000000000e+00
8.171463867187500000e+03 6.569164276123046875e+00 0.000000000000000000e+00
8.173348144531250000e+03 6.794886589050292969e+00 0.000000000000000000e+00
8.175228515625000000e+03 6.822925567626953125e+00 0.000000000000000000e+00
8.177113769531250000e+03 6.892443180084228516e+00 0.000000000000000000e+00
8.178995117187500000e+03 7.038814067840576172e+00 0.000000000000000000e+00
8.180880859375000000e+03 6.680382728576660156e+00 0.000000000000000000e+00
8.182763183593750000e+03 6.663854598999023438e+00 0.000000000000000000e+00
8.184645507812500000e+03 6.343913555145263672e+00 0.000000000000000000e+00
8.186532714843750000e+03 6.470419883728027344e+00 0.000000000000000000e+00
8.188416015625000000e+03 6.425973415374755859e+00 0.000000000000000000e+00
8.190304199218750000e+03 6.228583812713623047e+00 0.000000000000000000e+00
8.192188476562500000e+03 7.144403457641601562e+00 0.000000000000000000e+00
8.194077148437500000e+03 6.926214694976806641e+00 0.000000000000000000e+00
8.195962890625000000e+03 6.350244045257568359e+00 0.000000000000000000e+00
8.197847656250000000e+03 7.415124893188476562e+00 0.000000000000000000e+00
8.199738281250000000e+03 7.862719058990478516e+00 0.000000000000000000e+00
8.201625000000000000e+03 6.759523868560791016e+00 0.000000000000000000e+00
8.203515625000000000e+03 7.195446014404296875e+00 0.000000000000000000e+00
8.205403320312500000e+03 6.886176586151123047e+00 0.000000000000000000e+00
8.207295898437500000e+03 6.725882053375244141e+00 0.000000000000000000e+00
8.209183593750000000e+03 6.893911838531494141e+00 0.000000000000000000e+00
8.211072265625000000e+03 6.662781715393066406e+00 0.000000000000000000e+00
8.212965820312500000e+03 6.206911563873291016e+00 0.000000000000000000e+00
8.214854492187500000e+03 6.723061084747314453e+00 0.000000000000000000e+00
8.216749023437500000e+03 6.699072360992431641e+00 0.000000000000000000e+00
8.218639648437500000e+03 6.295866966247558594e+00 0.000000000000000000e+00
8.220534179687500000e+03 6.676610469818115234e+00 0.000000000000000000e+00
8.222425781250000000e+03 6.744853973388671875e+00 0.000000000000000000e+00
8.224317382812500000e+03 5.962388515472412109e+00 0.000000000000000000e+00
8.226213867187500000e+03 6.028886795043945312e+00 0.000000000000000000e+00
8.228106445312500000e+03 6.238232135772705078e+00 0.000000000000000000e+00
8.230003906250000000e+03 6.710670948028564453e+00 0.000000000000000000e+00
8.231896484375000000e+03 6.389685630798339844e+00 0.000000000000000000e+00
8.233794921875000000e+03 6.419031620025634766e+00 0.000000000000000000e+00
8.235689453125000000e+03 6.996074676513671875e+00 0.000000000000000000e+00
8.237588867187500000e+03 6.262002468109130859e+00 0.000000000000000000e+00
8.239483398437500000e+03 7.032270908355712891e+00 0.000000000000000000e+00
8.241378906250000000e+03 6.471034526824951172e+00 0.000000000000000000e+00
8.243279296875000000e+03 6.756912231445312500e+00 0.000000000000000000e+00
8.245175781250000000e+03 7.517735481262207031e+00 0.000000000000000000e+00
8.247077148437500000e+03 7.242672443389892578e+00 0.000000000000000000e+00
8.248974609375000000e+03 6.643991470336914062e+00 0.000000000000000000e+00
8.250876953125000000e+03 7.195269107818603516e+00 0.000000000000000000e+00
8.252774414062500000e+03 6.482949256896972656e+00 0.000000000000000000e+00
8.254672851562500000e+03 6.498804092407226562e+00 0.000000000000000000e+00
8.256577148437500000e+03 6.798111915588378906e+00 0.000000000000000000e+00
8.258476562500000000e+03 6.577570438385009766e+00 0.000000000000000000e+00
8.260380859375000000e+03 6.953298091888427734e+00 0.000000000000000000e+00
8.262281250000000000e+03 6.410937786102294922e+00 0.000000000000000000e+00
8.264186523437500000e+03 6.820820331573486328e+00 0.000000000000000000e+00
8.266086914062500000e+03 6.558794021606445312e+00 0.000000000000000000e+00
8.267989257812500000e+03 6.646711349487304688e+00 0.000000000000000000e+00
8.269895507812500000e+03 6.852632045745849609e+00 0.000000000000000000e+00
8.271797851562500000e+03 5.586720943450927734e+00 0.000000000000000000e+00
8.273705078125000000e+03 1.096457386016845703e+01 0.000000000000000000e+00
8.275608398437500000e+03 1.903118848800659180e+00 0.000000000000000000e+00
8.277516601562500000e+03 1.438215255737304688e+01 0.000000000000000000e+00
8.279420898437500000e+03 2.872953033447265625e+01 0.000000000000000000e+00
8.281326171875000000e+03 1.726533508300781250e+01 0.000000000000000000e+00
8.283235351562500000e+03 4.656845569610595703e+00 0.000000000000000000e+00
8.285141601562500000e+03 7.186134815216064453e+00 0.000000000000000000e+00
8.287051757812500000e+03 1.102290725708007812e+01 0.000000000000000000e+00
8.288958007812500000e+03 9.617540359497070312e+00 0.000000000000000000e+00
8.290869140625000000e+03 7.765558719635009766e+00 0.000000000000000000e+00
8.292777343750000000e+03 8.524019241333007812e+00 0.000000000000000000e+00
8.294684570312500000e+03 7.114401817321777344e+00 0.000000000000000000e+00
8.296597656250000000e+03 7.340735435485839844e+00 0.000000000000000000e+00
8.298505859375000000e+03 6.398161888122558594e+00 0.000000000000000000e+00
8.300419921875000000e+03 6.948096275329589844e+00 0.000000000000000000e+00
8.302329101562500000e+03 7.848288059234619141e+00 0.000000000000000000e+00
8.304243164062500000e+03 7.187178134918212891e+00 0.000000000000000000e+00
8.306154296875000000e+03 6.693097114562988281e+00 0.000000000000000000e+00
8.308064453125000000e+03 6.715448856353759766e+00 0.000000000000000000e+00
8.309980468750000000e+03 6.613013744354248047e+00 0.000000000000000000e+00
8.311892578125000000e+03 7.108329296112060547e+00 0.000000000000000000e+00
8.313808593750000000e+03 6.649968624114990234e+00 0.000000000000000000e+00
8.315721679687500000e+03 5.404949188232421875e+00 0.000000000000000000e+00
8.317639648437500000e+03 6.585292339324951172e+00 0.000000000000000000e+00
8.319552734375000000e+03 6.329908370971679688e+00 0.000000000000000000e+00
8.321466796875000000e+03 7.015994548797607422e+00 0.000000000000000000e+00
8.323385742187500000e+03 6.965942859649658203e+00 0.000000000000000000e+00
8.325299804687500000e+03 6.798347949981689453e+00 0.000000000000000000e+00
8.327219726562500000e+03 7.310552597045898438e+00 0.000000000000000000e+00
8.329135742187500000e+03 6.988924980163574219e+00 0.000000000000000000e+00
8.331056640625000000e+03 7.179592609405517578e+00 0.000000000000000000e+00
8.332972656250000000e+03 6.900749683380126953e+00 0.000000000000000000e+00
8.334889648437500000e+03 6.895842075347900391e+00 0.000000000000000000e+00
8.336811523437500000e+03 7.186923503875732422e+00 0.000000000000000000e+00
8.338729492187500000e+03 7.001080989837646484e+00 0.000000000000000000e+00
8.340652343750000000e+03 6.397357463836669922e+00 0.000000000000000000e+00
8.342571289062500000e+03 7.663951396942138672e+00 0.000000000000000000e+00
8.344495117187500000e+03 6.666835784912109375e+00 0.000000000000000000e+00
8.346415039062500000e+03 8.716750144958496094e+00 0.000000000000000000e+00
8.348334960937500000e+03 1.035695552825927734e+01 0.000000000000000000e+00
8.350259765625000000e+03 7.687331199645996094e+00 0.000000000000000000e+00
8.352180664062500000e+03 6.401264190673828125e+00 0.000000000000000000e+00
8.354107421875000000e+03 7.304931163787841797e+00 0.000000000000000000e+00
8.356029296875000000e+03 7.683490276336669922e+00 0.000000000000000000e+00
8.357956054687500000e+03 7.792670249938964844e+00 0.000000000000000000e+00
8.359878906250000000e+03 7.553511142730712891e+00 0.000000000000000000e+00
8.361801757812500000e+03 6.936132431030273438e+00 0.000000000000000000e+00
8.363729492187500000e+03 7.033514499664306641e+00 0.000000000000000000e+00
8.365654296875000000e+03 7.855431079864501953e+00 0.000000000000000000e+00
8.367583007812500000e+03 7.647407054901123047e+00 0.000000000000000000e+00
8.369507812500000000e+03 6.930615901947021484e+00 0.000000000000000000e+00
8.371437500000000000e+03 6.725560188293457031e+00 0.000000000000000000e+00
8.373364257812500000e+03 7.233846187591552734e+00 0.000000000000000000e+00
8.375290039062500000e+03 7.452859401702880859e+00 0.000000000000000000e+00
8.377221679687500000e+03 6.571253299713134766e+00 0.000000000000000000e+00
8.379148437500000000e+03 7.262586593627929688e+00 0.000000000000000000e+00
8.381081054687500000e+03 7.395356655120849609e+00 0.000000000000000000e+00
8.383008789062500000e+03 7.507357120513916016e+00 0.000000000000000000e+00
8.384942382812500000e+03 8.406110763549804688e+00 0.000000000000000000e+00
8.386871093750000000e+03 8.017747879028320312e+00 0.000000000000000000e+00
8.388804687500000000e+03 7.568967819213867188e+00 0.000000000000000000e+00
8.390734375000000000e+03 7.443996906280517578e+00 0.000000000000000000e+00
8.392665039062500000e+03 7.253854274749755859e+00 0.000000000000000000e+00
8.394600585937500000e+03 7.009016513824462891e+00 0.000000000000000000e+00
8.396531250000000000e+03 7.141194820404052734e+00 0.000000000000000000e+00
8.398467773437500000e+03 8.001329421997070312e+00 0.000000000000000000e+00
8.400399414062500000e+03 9.111182212829589844e+00 0.000000000000000000e+00
8.402336914062500000e+03 8.195002555847167969e+00 0.000000000000000000e+00
8.404269531250000000e+03 7.346071720123291016e+00 0.000000000000000000e+00
8.406203125000000000e+03 7.233633041381835938e+00 0.000000000000000000e+00
8.408141601562500000e+03 7.087533950805664062e+00 0.000000000000000000e+00
8.410076171875000000e+03 6.785054206848144531e+00 0.000000000000000000e+00
8.412015625000000000e+03 6.756430149078369141e+00 0.000000000000000000e+00
8.413950195312500000e+03 6.981277465820312500e+00 0.000000000000000000e+00
8.415890625000000000e+03 7.049997329711914062e+00 0.000000000000000000e+00
8.417827148437500000e+03 6.584944248199462891e+00 0.000000000000000000e+00
8.419763671875000000e+03 6.350087642669677734e+00 0.000000000000000000e+00
8.421705078125000000e+03 7.478205204010009766e+00 0.000000000000000000e+00
8.423642578125000000e+03 6.707282543182373047e+00 0.000000000000000000e+00
8.425584960937500000e+03 7.139732360839843750e+00 0.000000000000000000e+00
8.427523437500000000e+03 8.218935966491699219e+00 0.000000000000000000e+00
8.429466796875000000e+03 7.938914299011230469e+00 0.000000000000000000e+00
8.431405273437500000e+03 7.174915790557861328e+00 0.000000000000000000e+00
8.433345703125000000e+03 8.994103431701660156e+00 0.000000000000000000e+00
8.435290039062500000e+03 7.381379127502441406e+00 0.000000000000000000e+00
8.437230468750000000e+03 7.133515357971191406e+00 0.000000000000000000e+00
8.439175781250000000e+03 7.569810867309570312e+00 0.000000000000000000e+00
8.441117187500000000e+03 7.158656120300292969e+00 0.000000000000000000e+00
8.443064453125000000e+03 6.402207851409912109e+00 0.000000000000000000e+00
8.445005859375000000e+03 7.019792079925537109e+00 0.000000000000000000e+00
8.446949218750000000e+03 7.241225242614746094e+00 0.000000000000000000e+00
8.448896484375000000e+03 6.750873088836669922e+00 0.000000000000000000e+00
8.450840820312500000e+03 6.699577808380126953e+00 0.000000000000000000e+00
8.452789062500000000e+03 6.952684402465820312e+00 0.000000000000000000e+00
8.454734375000000000e+03 7.080271720886230469e+00 0.000000000000000000e+00
8.456683593750000000e+03 7.491141796112060547e+00 0.000000000000000000e+00
8.458628906250000000e+03 7.039863109588623047e+00 0.000000000000000000e+00
8.460575195312500000e+03 6.828735828399658203e+00 0.000000000000000000e+00
8.462525390625000000e+03 6.578836917877197266e+00 0.000000000000000000e+00
8.464472656250000000e+03 6.543846130371093750e+00 0.000000000000000000e+00
8.466424804687500000e+03 7.014276504516601562e+00 0.000000000000000000e+00
8.468372070312500000e+03 7.296096324920654297e+00 0.000000000000000000e+00
8.470325195312500000e+03 7.075252532958984375e+00 0.000000000000000000e+00
8.472273437500000000e+03 6.309611797332763672e+00 0.000000000000000000e+00
8.474222656250000000e+03 6.538184642791748047e+00 0.000000000000000000e+00
8.476176757812500000e+03 6.885398387908935547e+00 0.000000000000000000e+00
8.478126953125000000e+03 6.485695362091064453e+00 0.000000000000000000e+00
8.480082031250000000e+03 6.819782733917236328e+00 0.000000000000000000e+00
8.482032226562500000e+03 6.271455764770507812e+00 0.000000000000000000e+00
8.483988281250000000e+03 6.460087776184082031e+00 0.000000000000000000e+00
8.485940429687500000e+03 6.781747817993164062e+00 0.000000000000000000e+00
8.487892578125000000e+03 6.727252960205078125e+00 0.000000000000000000e+00
8.489849609375000000e+03 6.451164722442626953e+00 0.000000000000000000e+00
8.491802734375000000e+03 6.248571395874023438e+00 0.000000000000000000e+00
8.493760742187500000e+03 6.439865589141845703e+00 0.000000000000000000e+00
8.495714843750000000e+03 7.722150325775146484e+00 0.000000000000000000e+00
8.497673828125000000e+03 7.672219276428222656e+00 0.000000000000000000e+00
8.499628906250000000e+03 6.723836898803710938e+00 0.000000000000000000e+00
8.501583984375000000e+03 6.589298725128173828e+00 0.000000000000000000e+00
8.503544921875000000e+03 6.752244949340820312e+00 0.000000000000000000e+00
8.505500976562500000e+03 6.688120365142822266e+00 0.000000000000000000e+00
8.507461914062500000e+03 7.582732677459716797e+00 0.000000000000000000e+00
8.509419921875000000e+03 7.618253707885742188e+00 0.000000000000000000e+00
8.511381835937500000e+03 6.817690372467041016e+00 0.000000000000000000e+00
8.513339843750000000e+03 6.320869445800781250e+00 0.000000000000000000e+00
8.515297851562500000e+03 6.014055252075195312e+00 0.000000000000000000e+00
8.517261718750000000e+03 6.100656986236572266e+00 0.000000000000000000e+00
8.519221679687500000e+03 7.130567073822021484e+00 0.000000000000000000e+00
8.521185546875000000e+03 6.502741813659667969e+00 0.000000000000000000e+00
8.523146484375000000e+03 5.571964263916015625e+00 0.000000000000000000e+00
8.525111328125000000e+03 6.535033226013183594e+00 0.000000000000000000e+00
8.527072265625000000e+03 7.263604640960693359e+00 0.000000000000000000e+00
8.529034179687500000e+03 6.368784904479980469e+00 0.000000000000000000e+00
8.531000976562500000e+03 6.364253520965576172e+00 0.000000000000000000e+00
8.532963867187500000e+03 6.921319961547851562e+00 0.000000000000000000e+00
8.534931640625000000e+03 6.809931755065917969e+00 0.000000000000000000e+00
8.536894531250000000e+03 6.181420326232910156e+00 0.000000000000000000e+00
8.538863281250000000e+03 6.602641582489013672e+00 0.000000000000000000e+00
8.540828125000000000e+03 6.463507652282714844e+00 0.000000000000000000e+00
8.542796875000000000e+03 7.309276580810546875e+00 0.000000000000000000e+00
8.544762695312500000e+03 7.014622688293457031e+00 0.000000000000000000e+00
8.546728515625000000e+03 6.243340969085693359e+00 0.000000000000000000e+00
8.548699218750000000e+03 6.568188667297363281e+00 0.000000000000000000e+00
8.550666015625000000e+03 6.522012233734130859e+00 0.000000000000000000e+00
8.552637695312500000e+03 5.839013099670410156e+00 0.000000000000000000e+00
8.554604492187500000e+03 6.348082065582275391e+00 0.000000000000000000e+00
8.556577148437500000e+03 6.604643821716308594e+00 0.000000000000000000e+00
8.558545898437500000e+03 6.616939067840576172e+00 0.000000000000000000e+00
8.560514648437500000e+03 6.905791759490966797e+00 0.000000000000000000e+00
8.562489257812500000e+03 6.439662456512451172e+00 0.000000000000000000e+00
8.564458984375000000e+03 6.465015888214111328e+00 0.000000000000000000e+00
8.566433593750000000e+03 6.712868213653564453e+00 0.000000000000000000e+00
8.568404296875000000e+03 6.706754207611083984e+00 0.000000000000000000e+00
8.570379882812500000e+03 6.535747528076171875e+00 0.000000000000000000e+00
8.572351562500000000e+03 6.690083980560302734e+00 0.000000000000000000e+00
8.574324218750000000e+03 7.189930915832519531e+00 0.000000000000000000e+00
8.576300781250000000e+03 6.543312072753906250e+00 0.000000000000000000e+00
8.578274414062500000e+03 6.769583225250244141e+00 0.000000000000000000e+00
8.580251953125000000e+03 6.543618679046630859e+00 0.000000000000000000e+00
8.582225585937500000e+03 6.195348262786865234e+00 0.000000000000000000e+00
8.584205078125000000e+03 6.520126342773437500e+00 0.000000000000000000e+00
8.586179687500000000e+03 6.233018398284912109e+00 0.000000000000000000e+00
8.588155273437500000e+03 6.434543609619140625e+00 0.000000000000000000e+00
8.590135742187500000e+03 6.605401039123535156e+00 0.000000000000000000e+00
8.592111328125000000e+03 6.373338222503662109e+00 0.000000000000000000e+00
8.594092773437500000e+03 6.422187328338623047e+00 0.000000000000000000e+00
8.596070312500000000e+03 6.989808559417724609e+00 0.000000000000000000e+00
8.598052734375000000e+03 6.848109245300292969e+00 0.000000000000000000e+00
8.600030273437500000e+03 6.837117195129394531e+00 0.000000000000000000e+00
8.602008789062500000e+03 6.761960029602050781e+00 0.000000000000000000e+00
8.603992187500000000e+03 6.729417324066162109e+00 0.000000000000000000e+00
8.605971679687500000e+03 6.701151847839355469e+00 0.000000000000000000e+00
8.607956054687500000e+03 6.708426952362060547e+00 0.000000000000000000e+00
8.609936523437500000e+03 6.932061195373535156e+00 0.000000000000000000e+00
8.611921875000000000e+03 6.432429313659667969e+00 0.000000000000000000e+00
8.613903320312500000e+03 6.602620124816894531e+00 0.000000000000000000e+00
8.615884765625000000e+03 6.616907596588134766e+00 0.000000000000000000e+00
8.617871093750000000e+03 6.896135807037353516e+00 0.000000000000000000e+00
8.619853515625000000e+03 7.825059413909912109e+00 0.000000000000000000e+00
8.621841796875000000e+03 7.517797946929931641e+00 0.000000000000000000e+00
8.623825195312500000e+03 6.259700298309326172e+00 0.000000000000000000e+00
8.625813476562500000e+03 6.897598743438720703e+00 0.000000000000000000e+00
8.627797851562500000e+03 7.365912914276123047e+00 0.000000000000000000e+00
8.629783203125000000e+03 7.427974700927734375e+00 0.000000000000000000e+00
8.631772460937500000e+03 7.975996971130371094e+00 0.000000000000000000e+00
8.633758789062500000e+03 7.753427028656005859e+00 0.000000000000000000e+00
8.635750000000000000e+03 6.967231750488281250e+00 0.000000000000000000e+00
8.637736328125000000e+03 6.644499778747558594e+00 0.000000000000000000e+00
8.639728515625000000e+03 6.487421035766601562e+00 0.000000000000000000e+00
8.641715820312500000e+03 6.372131824493408203e+00 0.000000000000000000e+00
8.643704101562500000e+03 6.550929069519042969e+00 0.000000000000000000e+00
8.645697265625000000e+03 6.914174079895019531e+00 0.000000000000000000e+00
8.647685546875000000e+03 6.635565757751464844e+00 0.000000000000000000e+00
8.649679687500000000e+03 6.976154327392578125e+00 0.000000000000000000e+00
8.651669921875000000e+03 7.995032787322998047e+00 0.000000000000000000e+00
8.653665039062500000e+03 7.691226482391357422e+00 0.000000000000000000e+00
8.655655273437500000e+03 6.350875377655029297e+00 0.000000000000000000e+00
8.657646484375000000e+03 8.166557312011718750e+00 0.000000000000000000e+00
8.659643554687500000e+03 7.784726619720458984e+00 0.000000000000000000e+00
8.661635742187500000e+03 7.122236251831054688e+00 0.000000000000000000e+00
8.663632812500000000e+03 6.797926902770996094e+00 0.000000000000000000e+00
8.665625976562500000e+03 7.055054664611816406e+00 0.000000000000000000e+00
8.667624023437500000e+03 7.162188053131103516e+00 0.000000000000000000e+00
8.669618164062500000e+03 5.673964977264404297e+00 0.000000000000000000e+00
8.671612304687500000e+03 6.911833763122558594e+00 0.000000000000000000e+00
8.673612304687500000e+03 6.866753578186035156e+00 0.000000000000000000e+00
8.675607421875000000e+03 7.122844696044921875e+00 0.000000000000000000e+00
8.677608398437500000e+03 7.301027774810791016e+00 0.000000000000000000e+00
8.679604492187500000e+03 6.277164936065673828e+00 0.000000000000000000e+00
8.681605468750000000e+03 6.237980842590332031e+00 0.000000000000000000e+00
8.683602539062500000e+03 5.618217945098876953e+00 0.000000000000000000e+00
8.685600585937500000e+03 6.852873325347900391e+00 0.000000000000000000e+00
8.687603515625000000e+03 7.133869647979736328e+00 0.000000000000000000e+00
8.689602539062500000e+03 6.486037731170654297e+00 0.000000000000000000e+00
8.691605468750000000e+03 6.586848258972167969e+00 0.000000000000000000e+00
8.693605468750000000e+03 6.216051101684570312e+00 0.000000000000000000e+00
8.695610351562500000e+03 6.215096950531005859e+00 0.000000000000000000e+00
8.697610351562500000e+03 6.222931385040283203e+00 0.000000000000000000e+00
8.699616210937500000e+03 6.315104007720947266e+00 0.000000000000000000e+00
8.701617187500000000e+03 6.377131938934326172e+00 0.000000000000000000e+00
8.703619140625000000e+03 6.297198772430419922e+00 0.000000000000000000e+00
8.705625976562500000e+03 6.313537120819091797e+00 0.000000000000000000e+00
8.707628906250000000e+03 5.944942951202392578e+00 0.000000000000000000e+00
8.709636718750000000e+03 6.191235065460205078e+00 0.000000000000000000e+00
8.711640625000000000e+03 6.700561046600341797e+00 0.000000000000000000e+00
8.713649414062500000e+03 6.813609600067138672e+00 0.000000000000000000e+00
8.715654296875000000e+03 6.410454750061035156e+00 0.000000000000000000e+00
8.717659179687500000e+03 6.194759845733642578e+00 0.000000000000000000e+00
8.719669921875000000e+03 6.854447364807128906e+00 0.000000000000000000e+00
8.721675781250000000e+03 6.872675895690917969e+00 0.000000000000000000e+00
8.723686523437500000e+03 6.266451835632324219e+00 0.000000000000000000e+00
8.725693359375000000e+03 6.046253204345703125e+00 0.000000000000000000e+00
8.727706054687500000e+03 6.521831989288330078e+00 0.000000000000000000e+00
8.729712890625000000e+03 6.479713439941406250e+00 0.000000000000000000e+00
8.731721679687500000e+03 6.477033138275146484e+00 0.000000000000000000e+00
8.733735351562500000e+03 6.614887714385986328e+00 0.000000000000000000e+00
8.735744140625000000e+03 6.049020767211914062e+00 0.000000000000000000e+00
8.737758789062500000e+03 5.909409999847412109e+00 0.000000000000000000e+00
8.739768554687500000e+03 6.885363101959228516e+00 0.000000000000000000e+00
8.741784179687500000e+03 6.470544815063476562e+00 0.000000000000000000e+00
8.743794921875000000e+03 6.264500617980957031e+00 0.000000000000000000e+00
8.745806640625000000e+03 6.810274600982666016e+00 0.000000000000000000e+00
8.747823242187500000e+03 6.967386245727539062e+00 0.000000000000000000e+00
8.749835937500000000e+03 6.528497695922851562e+00 0.000000000000000000e+00
8.751853515625000000e+03 6.257403850555419922e+00 0.000000000000000000e+00
8.753867187500000000e+03 6.444932460784912109e+00 0.000000000000000000e+00
8.755885742187500000e+03 6.390904426574707031e+00 0.000000000000000000e+00
8.757900390625000000e+03 6.742957115173339844e+00 0.000000000000000000e+00
8.759915039062500000e+03 7.216907501220703125e+00 0.000000000000000000e+00
8.761934570312500000e+03 7.246648311614990234e+00 0.000000000000000000e+00
8.763950195312500000e+03 7.501037597656250000e+00 0.000000000000000000e+00
8.765971679687500000e+03 9.181767463684082031e+00 0.000000000000000000e+00
8.767988281250000000e+03 7.252809524536132812e+00 0.000000000000000000e+00
8.770009765625000000e+03 8.749785423278808594e+00 0.000000000000000000e+00
8.772027343750000000e+03 8.405007362365722656e+00 0.000000000000000000e+00
8.774044921875000000e+03 6.696536064147949219e+00 0.000000000000000000e+00
8.776068359375000000e+03 7.285586357116699219e+00 0.000000000000000000e+00
8.778087890625000000e+03 6.041616439819335938e+00 0.000000000000000000e+00
8.780111328125000000e+03 6.190542697906494141e+00 0.000000000000000000e+00
8.782131835937500000e+03 7.730107784271240234e+00 0.000000000000000000e+00
8.784156250000000000e+03 6.733130931854248047e+00 0.000000000000000000e+00
8.786177734375000000e+03 5.456864833831787109e+00 0.000000000000000000e+00
8.788199218750000000e+03 6.843625068664550781e+00 0.000000000000000000e+00
8.790225585937500000e+03 5.827488422393798828e+00 0.000000000000000000e+00
8.792247070312500000e+03 5.411611080169677734e+00 0.000000000000000000e+00
8.794275390625000000e+03 6.927672386169433594e+00 0.000000000000000000e+00
8.796297851562500000e+03 7.179569721221923828e+00 0.000000000000000000e+00
8.798326171875000000e+03 6.175077438354492188e+00 0.000000000000000000e+00
8.800350585937500000e+03 6.248050689697265625e+00 0.000000000000000000e+00
8.802375000000000000e+03 6.885524272918701172e+00 0.000000000000000000e+00
8.804405273437500000e+03 6.401769638061523438e+00 0.000000000000000000e+00
8.806430664062500000e+03 5.876958370208740234e+00 0.000000000000000000e+00
8.808460937500000000e+03 6.443732738494873047e+00 0.000000000000000000e+00
8.810487304687500000e+03 6.850540637969970703e+00 0.000000000000000000e+00
8.812519531250000000e+03 5.977086544036865234e+00 0.000000000000000000e+00
8.814545898437500000e+03 5.976711273193359375e+00 0.000000000000000000e+00
8.816574218750000000e+03 6.361502647399902344e+00 0.000000000000000000e+00
8.818607421875000000e+03 6.429162502288818359e+00 0.000000000000000000e+00
8.820635742187500000e+03 6.451374530792236328e+00 0.000000000000000000e+00
8.822669921875000000e+03 6.886028766632080078e+00 0.000000000000000000e+00
8.824699218750000000e+03 7.284292697906494141e+00 0.000000000000000000e+00
8.826734375000000000e+03 6.925807952880859375e+00 0.000000000000000000e+00
8.828764648437500000e+03 9.836570739746093750e+00 0.000000000000000000e+00
8.830795898437500000e+03 8.443059921264648438e+00 0.000000000000000000e+00
8.832833007812500000e+03 7.018287181854248047e+00 0.000000000000000000e+00
8.834864257812500000e+03 7.247224330902099609e+00 0.000000000000000000e+00
8.836901367187500000e+03 6.929469108581542969e+00 0.000000000000000000e+00
8.838934570312500000e+03 7.212043762207031250e+00 0.000000000000000000e+00
8.840972656250000000e+03 7.753107547760009766e+00 0.000000000000000000e+00
8.843006835937500000e+03 6.503493785858154297e+00 0.000000000000000000e+00
8.845041015625000000e+03 6.322539329528808594e+00 0.000000000000000000e+00
8.847081054687500000e+03 6.785757541656494141e+00 0.000000000000000000e+00
8.849116210937500000e+03 6.046408653259277344e+00 0.000000000000000000e+00
8.851156250000000000e+03 6.627753734588623047e+00 0.000000000000000000e+00
8.853192382812500000e+03 6.888437747955322266e+00 0.000000000000000000e+00
8.855234375000000000e+03 6.696845531463623047e+00 0.000000000000000000e+00
8.857271484375000000e+03 6.148649215698242188e+00 0.000000000000000000e+00
8.859314453125000000e+03 5.905720233917236328e+00 0.000000000000000000e+00
8.861351562500000000e+03 6.250837802886962891e+00 0.000000000000000000e+00
8.863390625000000000e+03 6.131271362304687500e+00 0.000000000000000000e+00
8.865434570312500000e+03 6.337031364440917969e+00 0.000000000000000000e+00
8.867473632812500000e+03 7.572686195373535156e+00 0.000000000000000000e+00
8.869518554687500000e+03 6.516537189483642578e+00 0.000000000000000000e+00
8.871559570312500000e+03 5.932892322540283203e+00 0.000000000000000000e+00
8.873604492187500000e+03 8.259934425354003906e+00 0.000000000000000000e+00
8.875646484375000000e+03 6.090920448303222656e+00 0.000000000000000000e+00
8.877688476562500000e+03 6.192236900329589844e+00 0.000000000000000000e+00
8.879735351562500000e+03 6.340042114257812500e+00 0.000000000000000000e+00
8.881778320312500000e+03 6.356598377227783203e+00 0.000000000000000000e+00
8.883826171875000000e+03 6.114201545715332031e+00 0.000000000000000000e+00
8.885870117187500000e+03 6.065760135650634766e+00 0.000000000000000000e+00
8.887918945312500000e+03 8.006127357482910156e+00 0.000000000000000000e+00
8.889963867187500000e+03 6.437474727630615234e+00 0.000000000000000000e+00
8.892008789062500000e+03 6.504847049713134766e+00 0.000000000000000000e+00
8.894059570312500000e+03 6.892686843872070312e+00 0.000000000000000000e+00
8.896105468750000000e+03 6.399568080902099609e+00 0.000000000000000000e+00
8.898156250000000000e+03 6.024586200714111328e+00 0.000000000000000000e+00
8.900204101562500000e+03 6.225069046020507812e+00 0.000000000000000000e+00
8.902255859375000000e+03 6.831562995910644531e+00 0.000000000000000000e+00
8.904303710937500000e+03 5.899713039398193359e+00 0.000000000000000000e+00
8.906352539062500000e+03 5.742860317230224609e+00 0.000000000000000000e+00
8.908406250000000000e+03 6.245502471923828125e+00 0.000000000000000000e+00
8.910456054687500000e+03 5.924645423889160156e+00 0.000000000000000000e+00
8.912510742187500000e+03 6.477745532989501953e+00 0.000000000000000000e+00
8.914560546875000000e+03 5.867952823638916016e+00 0.000000000000000000e+00
8.916616210937500000e+03 5.832916736602783203e+00 0.000000000000000000e+00
8.918667968750000000e+03 6.873353481292724609e+00 0.000000000000000000e+00
8.920719726562500000e+03 6.335943698883056641e+00 0.000000000000000000e+00
8.922776367187500000e+03 6.072395324707031250e+00 0.000000000000000000e+00
8.924829101562500000e+03 1.409236812591552734e+01 0.000000000000000000e+00
8.926886718750000000e+03 7.054819583892822266e+00 0.000000000000000000e+00
8.928940429687500000e+03 5.745269298553466797e+00 0.000000000000000000e+00
8.931000000000000000e+03 6.706858634948730469e+00 0.000000000000000000e+00
8.933054687500000000e+03 5.967555999755859375e+00 0.000000000000000000e+00
8.935109375000000000e+03 6.273091793060302734e+00 0.000000000000000000e+00
8.937169921875000000e+03 6.338709831237792969e+00 0.000000000000000000e+00
8.939225585937500000e+03 6.398647308349609375e+00 0.000000000000000000e+00
8.941287109375000000e+03 6.585134983062744141e+00 0.000000000000000000e+00
8.943343750000000000e+03 6.456305027008056641e+00 0.000000000000000000e+00
8.945406250000000000e+03 6.540548324584960938e+00 0.000000000000000000e+00
8.947463867187500000e+03 6.853082180023193359e+00 0.000000000000000000e+00
8.949522460937500000e+03 5.476209640502929688e+00 0.000000000000000000e+00
8.951585937500000000e+03 5.733276367187500000e+00 0.000000000000000000e+00
8.953645507812500000e+03 5.540425777435302734e+00 0.000000000000000000e+00
8.955709960937500000e+03 6.464828014373779297e+00 0.000000000000000000e+00
8.957770507812500000e+03 6.414175987243652344e+00 0.000000000000000000e+00
8.959835937500000000e+03 4.733663558959960938e+00 0.000000000000000000e+00
8.961897460937500000e+03 8.918813705444335938e+00 0.000000000000000000e+00
8.963958984375000000e+03 6.901602745056152344e+00 0.000000000000000000e+00
8.966026367187500000e+03 5.591232299804687500e+00 0.000000000000000000e+00
8.968088867187500000e+03 5.845164299011230469e+00 0.000000000000000000e+00
8.970157226562500000e+03 6.302945613861083984e+00 0.000000000000000000e+00
8.972220703125000000e+03 6.551593303680419922e+00 0.000000000000000000e+00
8.974289062500000000e+03 6.371749401092529297e+00 0.000000000000000000e+00
8.976353515625000000e+03 6.188204288482666016e+00 0.000000000000000000e+00
8.978418945312500000e+03 5.798023700714111328e+00 0.000000000000000000e+00
8.980489257812500000e+03 5.885328292846679688e+00 0.000000000000000000e+00
8.982555664062500000e+03 6.079168319702148438e+00 0.000000000000000000e+00
8.984626953125000000e+03 5.829239368438720703e+00 0.000000000000000000e+00
8.986693359375000000e+03 6.288384437561035156e+00 0.000000000000000000e+00
8.988765625000000000e+03 6.245769500732421875e+00 0.000000000000000000e+00
8.990833984375000000e+03 5.765531063079833984e+00 0.000000000000000000e+00
8.992902343750000000e+03 6.364268779754638672e+00 0.000000000000000000e+00
8.994975585937500000e+03 6.832765579223632812e+00 0.000000000000000000e+00
8.997044921875000000e+03 6.252211093902587891e+00 0.000000000000000000e+00
8.999120117187500000e+03 7.959352016448974609e+00 0.000000000000000000e+00
9.001190429687500000e+03 5.598886489868164062e+00 0.000000000000000000e+00
9.003265625000000000e+03 6.055957794189453125e+00 0.000000000000000000e+00
9.005336914062500000e+03 6.719502925872802734e+00 0.000000000000000000e+00
9.007408203125000000e+03 5.966214656829833984e+00 0.000000000000000000e+00
9.009485351562500000e+03 5.780637264251708984e+00 0.000000000000000000e+00
9.011558593750000000e+03 5.941189765930175781e+00 0.000000000000000000e+00
9.013635742187500000e+03 5.606945037841796875e+00 0.000000000000000000e+00
9.015709960937500000e+03 5.809128761291503906e+00 0.000000000000000000e+00
9.017789062500000000e+03 5.660309314727783203e+00 0.000000000000000000e+00
9.019863281250000000e+03 5.461616516113281250e+00 0.000000000000000000e+00
9.021943359375000000e+03 6.152948856353759766e+00 0.000000000000000000e+00
9.024018554687500000e+03 6.294224262237548828e+00 0.000000000000000000e+00
9.026094726562500000e+03 5.076771736145019531e+00 0.000000000000000000e+00
9.028175781250000000e+03 5.098487854003906250e+00 0.000000000000000000e+00
9.030252929687500000e+03 5.764220237731933594e+00 0.000000000000000000e+00
9.032334960937500000e+03 6.012444019317626953e+00 0.000000000000000000e+00
9.034413085937500000e+03 5.889540195465087891e+00 0.000000000000000000e+00
9.036497070312500000e+03 5.964339733123779297e+00 0.000000000000000000e+00
9.038575195312500000e+03 5.836790084838867188e+00 0.000000000000000000e+00
9.040654296875000000e+03 6.163014411926269531e+00 0.000000000000000000e+00
9.042739257812500000e+03 6.087058544158935547e+00 0.000000000000000000e+00
9.044819335937500000e+03 5.858526706695556641e+00 0.000000000000000000e+00
9.046905273437500000e+03 6.259437084197998047e+00 0.000000000000000000e+00
9.048986328125000000e+03 6.234746932983398438e+00 0.000000000000000000e+00
9.051073242187500000e+03 6.492470264434814453e+00 0.000000000000000000e+00
9.053155273437500000e+03 6.237714290618896484e+00 0.000000000000000000e+00
9.055238281250000000e+03 6.158621788024902344e+00 0.000000000000000000e+00
9.057326171875000000e+03 6.122178554534912109e+00 0.000000000000000000e+00
9.059410156250000000e+03 5.924241065979003906e+00 0.000000000000000000e+00
9.061499023437500000e+03 7.083149909973144531e+00 0.000000000000000000e+00
9.063583984375000000e+03 6.508740425109863281e+00 0.000000000000000000e+00
9.065673828125000000e+03 6.041643142700195312e+00 0.000000000000000000e+00
9.067758789062500000e+03 5.891351699829101562e+00 0.000000000000000000e+00
9.069845703125000000e+03 5.942190170288085938e+00 0.000000000000000000e+00
9.071936523437500000e+03 6.115088939666748047e+00 0.000000000000000000e+00
9.074023437500000000e+03 5.648685455322265625e+00 0.000000000000000000e+00
9.076116210937500000e+03 5.841369628906250000e+00 0.000000000000000000e+00
9.078204101562500000e+03 5.964554786682128906e+00 0.000000000000000000e+00
9.080297851562500000e+03 5.775868892669677734e+00 0.000000000000000000e+00
9.082386718750000000e+03 5.922512054443359375e+00 0.000000000000000000e+00
9.084475585937500000e+03 6.552661418914794922e+00 0.000000000000000000e+00
9.086570312500000000e+03 6.073768615722656250e+00 0.000000000000000000e+00
9.088661132812500000e+03 5.534315586090087891e+00 0.000000000000000000e+00
9.090756835937500000e+03 5.290164470672607422e+00 0.000000000000000000e+00
9.092848632812500000e+03 6.254506587982177734e+00 0.000000000000000000e+00
9.094945312500000000e+03 6.830596923828125000e+00 0.000000000000000000e+00
9.097037109375000000e+03 5.505473136901855469e+00 0.000000000000000000e+00
9.099129882812500000e+03 5.791039943695068359e+00 0.000000000000000000e+00
9.101228515625000000e+03 6.639221191406250000e+00 0.000000000000000000e+00
9.103322265625000000e+03 5.257380485534667969e+00 0.000000000000000000e+00
9.105420898437500000e+03 5.142635345458984375e+00 0.000000000000000000e+00
9.107515625000000000e+03 6.067315578460693359e+00 0.000000000000000000e+00
9.109616210937500000e+03 5.407433509826660156e+00 0.000000000000000000e+00
9.111711914062500000e+03 6.505265712738037109e+00 0.000000000000000000e+00
9.113807617187500000e+03 5.954827308654785156e+00 0.000000000000000000e+00
9.115909179687500000e+03 5.682273864746093750e+00 0.000000000000000000e+00
9.118006835937500000e+03 5.896463871002197266e+00 0.000000000000000000e+00
9.120109375000000000e+03 5.860469341278076172e+00 0.000000000000000000e+00
9.122207031250000000e+03 5.494918346405029297e+00 0.000000000000000000e+00
9.124310546875000000e+03 5.717744350433349609e+00 0.000000000000000000e+00
9.126410156250000000e+03 5.750191211700439453e+00 0.000000000000000000e+00
9.128509765625000000e+03 5.985127449035644531e+00 0.000000000000000000e+00
9.130614257812500000e+03 6.019169807434082031e+00 0.000000000000000000e+00
9.132714843750000000e+03 5.844077110290527344e+00 0.000000000000000000e+00
9.134821289062500000e+03 5.936096668243408203e+00 0.000000000000000000e+00
9.136921875000000000e+03 6.130103111267089844e+00 0.000000000000000000e+00
9.139029296875000000e+03 5.884487152099609375e+00 0.000000000000000000e+00
9.141131835937500000e+03 5.754365921020507812e+00 0.000000000000000000e+00
9.143234375000000000e+03 5.747827529907226562e+00 0.000000000000000000e+00
9.145342773437500000e+03 5.706826686859130859e+00 0.000000000000000000e+00
9.147447265625000000e+03 5.668248176574707031e+00 0.000000000000000000e+00
9.149556640625000000e+03 5.826582431793212891e+00 0.000000000000000000e+00
9.151661132812500000e+03 6.121582031250000000e+00 0.000000000000000000e+00
9.153771484375000000e+03 5.707931041717529297e+00 0.000000000000000000e+00
9.155876953125000000e+03 5.320227622985839844e+00 0.000000000000000000e+00
9.157983398437500000e+03 5.497603416442871094e+00 0.000000000000000000e+00
9.160095703125000000e+03 5.668572425842285156e+00 0.000000000000000000e+00
9.162203125000000000e+03 5.185989856719970703e+00 0.000000000000000000e+00
9.164315429687500000e+03 6.355368614196777344e+00 0.000000000000000000e+00
9.166423828125000000e+03 5.874830722808837891e+00 0.000000000000000000e+00
9.168537109375000000e+03 5.662797451019287109e+00 0.000000000000000000e+00
9.170646484375000000e+03 6.290710926055908203e+00 0.000000000000000000e+00
9.172761718750000000e+03 6.049346446990966797e+00 0.000000000000000000e+00
9.174871093750000000e+03 5.900580883026123047e+00 0.000000000000000000e+00
9.176982421875000000e+03 5.656417846679687500e+00 0.000000000000000000e+00
9.179098632812500000e+03 6.125946521759033203e+00 0.000000000000000000e+00
9.181209960937500000e+03 6.150290489196777344e+00 0.000000000000000000e+00
9.183327148437500000e+03 5.728615283966064453e+00 0.000000000000000000e+00
9.185439453125000000e+03 5.845414638519287109e+00 0.000000000000000000e+00
9.187557617187500000e+03 5.678378105163574219e+00 0.000000000000000000e+00
9.189671875000000000e+03 5.870199203491210938e+00 0.000000000000000000e+00
9.191785156250000000e+03 5.683696746826171875e+00 0.000000000000000000e+00
9.193905273437500000e+03 5.658091068267822266e+00 0.000000000000000000e+00
9.196020507812500000e+03 5.732532978057861328e+00 0.000000000000000000e+00
9.198140625000000000e+03 5.452554702758789062e+00 0.000000000000000000e+00
9.200256835937500000e+03 5.717884540557861328e+00 0.000000000000000000e+00
9.202378906250000000e+03 5.470646381378173828e+00 0.000000000000000000e+00
9.204495117187500000e+03 5.450479984283447266e+00 0.000000000000000000e+00
9.206613281250000000e+03 5.508433818817138672e+00 0.000000000000000000e+00
9.208736328125000000e+03 5.566714286804199219e+00 0.000000000000000000e+00
9.210854492187500000e+03 5.740085124969482422e+00 0.000000000000000000e+00
9.212978515625000000e+03 5.654706954956054688e+00 0.000000000000000000e+00
9.215097656250000000e+03 6.316401004791259766e+00 0.000000000000000000e+00
9.217222656250000000e+03 5.276824951171875000e+00 0.000000000000000000e+00
9.219342773437500000e+03 4.899170398712158203e+00 0.000000000000000000e+00
9.221463867187500000e+03 5.862422466278076172e+00 0.000000000000000000e+00
9.223590820312500000e+03 6.174305915832519531e+00 0.000000000000000000e+00
9.225712890625000000e+03 6.213177680969238281e+00 0.000000000000000000e+00
9.227839843750000000e+03 6.193395614624023438e+00 0.000000000000000000e+00
9.229962890625000000e+03 6.409560680389404297e+00 0.000000000000000000e+00
9.232090820312500000e+03 6.305481910705566406e+00 0.000000000000000000e+00
9.234214843750000000e+03 6.213367462158203125e+00 0.000000000000000000e+00
9.236338867187500000e+03 6.580973148345947266e+00 0.000000000000000000e+00
9.238468750000000000e+03 5.938440799713134766e+00 0.000000000000000000e+00
9.240594726562500000e+03 6.097903251647949219e+00 0.000000000000000000e+00
9.242725585937500000e+03 5.852529525756835938e+00 0.000000000000000000e+00
9.244851562500000000e+03 5.969473361968994141e+00 0.000000000000000000e+00
9.246983398437500000e+03 6.207075119018554688e+00 0.000000000000000000e+00
9.249110351562500000e+03 5.645726203918457031e+00 0.000000000000000000e+00
9.251238281250000000e+03 6.018737316131591797e+00 0.000000000000000000e+00
9.253372070312500000e+03 6.372369766235351562e+00 0.000000000000000000e+00
9.255500976562500000e+03 5.974423885345458984e+00 0.000000000000000000e+00
9.257634765625000000e+03 5.889516830444335938e+00 0.000000000000000000e+00
9.259764648437500000e+03 6.098970890045166016e+00 0.000000000000000000e+00
9.261899414062500000e+03 5.731140613555908203e+00 0.000000000000000000e+00
9.264030273437500000e+03 5.808674812316894531e+00 0.000000000000000000e+00
9.266162109375000000e+03 5.955664157867431641e+00 0.000000000000000000e+00
9.268298828125000000e+03 5.466488838195800781e+00 0.000000000000000000e+00
9.270430664062500000e+03 5.359840869903564453e+00 0.000000000000000000e+00
9.272568359375000000e+03 5.633336067199707031e+00 0.000000000000000000e+00
9.274701171875000000e+03 5.464949607849121094e+00 0.000000000000000000e+00
9.276839843750000000e+03 5.765082359313964844e+00 0.000000000000000000e+00
9.278974609375000000e+03 5.323669910430908203e+00 0.000000000000000000e+00
9.281109375000000000e+03 5.301395416259765625e+00 0.000000000000000000e+00
9.283249023437500000e+03 5.443624973297119141e+00 0.000000000000000000e+00
9.285384765625000000e+03 5.308236598968505859e+00 0.000000000000000000e+00
9.287526367187500000e+03 5.279117107391357422e+00 0.000000000000000000e+00
9.289662109375000000e+03 5.991616249084472656e+00 0.000000000000000000e+00
9.291804687500000000e+03 6.175503253936767578e+00 0.000000000000000000e+00
9.293942382812500000e+03 5.914666175842285156e+00 0.000000000000000000e+00
9.296080078125000000e+03 5.305108070373535156e+00 0.000000000000000000e+00
9.298223632812500000e+03 4.831650257110595703e+00 0.000000000000000000e+00
9.300363281250000000e+03 5.094486236572265625e+00 0.000000000000000000e+00
9.302507812500000000e+03 5.771002292633056641e+00 0.000000000000000000e+00
9.304647460937500000e+03 6.969473361968994141e+00 0.000000000000000000e+00
9.306792968750000000e+03 8.915129661560058594e+00 0.000000000000000000e+00
9.308934570312500000e+03 7.212177753448486328e+00 0.000000000000000000e+00
9.311076171875000000e+03 5.175684452056884766e+00 0.000000000000000000e+00
9.313222656250000000e+03 7.584541320800781250e+00 0.000000000000000000e+00
9.315365234375000000e+03 3.429796934127807617e+00 0.000000000000000000e+00
9.317513671875000000e+03 5.608119964599609375e+00 0.000000000000000000e+00
9.319657226562500000e+03 7.027007102966308594e+00 0.000000000000000000e+00
9.321805664062500000e+03 7.109679698944091797e+00 0.000000000000000000e+00
9.323950195312500000e+03 6.335131645202636719e+00 0.000000000000000000e+00
9.326095703125000000e+03 3.998339653015136719e+00 0.000000000000000000e+00
9.328246093750000000e+03 4.059538841247558594e+00 0.000000000000000000e+00
9.330391601562500000e+03 6.225625514984130859e+00 0.000000000000000000e+00
9.332543945312500000e+03 5.762757301330566406e+00 0.000000000000000000e+00
9.334690429687500000e+03 5.758316040039062500e+00 0.000000000000000000e+00
9.336842773437500000e+03 7.101422309875488281e+00 0.000000000000000000e+00
9.338991210937500000e+03 6.219034671783447266e+00 0.000000000000000000e+00
9.341144531250000000e+03 4.113559246063232422e+00 0.000000000000000000e+00
9.343293945312500000e+03 6.979949474334716797e+00 0.000000000000000000e+00
9.345443359375000000e+03 5.836199760437011719e+00 0.000000000000000000e+00
9.347597656250000000e+03 5.039662361145019531e+00 0.000000000000000000e+00
9.349748046875000000e+03 6.745466709136962891e+00 0.000000000000000000e+00
9.351904296875000000e+03 6.534183979034423828e+00 0.000000000000000000e+00
9.354055664062500000e+03 6.180722713470458984e+00 0.000000000000000000e+00
9.356212890625000000e+03 5.348752975463867188e+00 0.000000000000000000e+00
9.358365234375000000e+03 5.035918235778808594e+00 0.000000000000000000e+00
9.360518554687500000e+03 5.665220260620117188e+00 0.000000000000000000e+00
9.362676757812500000e+03 6.437269210815429688e+00 0.000000000000000000e+00
9.364830078125000000e+03 6.118412494659423828e+00 0.000000000000000000e+00
9.366990234375000000e+03 5.102346420288085938e+00 0.000000000000000000e+00
9.369144531250000000e+03 5.699162483215332031e+00 0.000000000000000000e+00
9.371305664062500000e+03 5.294537544250488281e+00 0.000000000000000000e+00
9.373460937500000000e+03 7.728963851928710938e+00 0.000000000000000000e+00
9.375617187500000000e+03 1.062023830413818359e+01 0.000000000000000000e+00
9.377779296875000000e+03 7.950685024261474609e+00 0.000000000000000000e+00
9.379936523437500000e+03 7.916325569152832031e+00 0.000000000000000000e+00
9.382099609375000000e+03 1.087590217590332031e+01 0.000000000000000000e+00
9.384257812500000000e+03 8.455189704895019531e+00 0.000000000000000000e+00
9.386421875000000000e+03 5.257415294647216797e+00 0.000000000000000000e+00
9.388582031250000000e+03 5.226473808288574219e+00 0.000000000000000000e+00
9.390741210937500000e+03 5.730930328369140625e+00 0.000000000000000000e+00
9.392907226562500000e+03 5.676343441009521484e+00 0.000000000000000000e+00
9.395067382812500000e+03 6.198232173919677734e+00 0.000000000000000000e+00
9.397234375000000000e+03 6.435190677642822266e+00 0.000000000000000000e+00
9.399396484375000000e+03 5.996270179748535156e+00 0.000000000000000000e+00
9.401563476562500000e+03 5.035862445831298828e+00 0.000000000000000000e+00
9.403726562500000000e+03 4.397864341735839844e+00 0.000000000000000000e+00
9.405889648437500000e+03 5.583521366119384766e+00 0.000000000000000000e+00
9.408058593750000000e+03 6.642737865447998047e+00 0.000000000000000000e+00
9.410222656250000000e+03 6.608446121215820312e+00 0.000000000000000000e+00
9.412392578125000000e+03 5.800520896911621094e+00 0.000000000000000000e+00
9.414558593750000000e+03 5.406443595886230469e+00 0.000000000000000000e+00
9.416729492187500000e+03 6.030507564544677734e+00 0.000000000000000000e+00
9.418895507812500000e+03 6.022133827209472656e+00 0.000000000000000000e+00
9.421062500000000000e+03 6.486861705780029297e+00 0.000000000000000000e+00
9.423234375000000000e+03 7.361120700836181641e+00 0.000000000000000000e+00
9.425402343750000000e+03 6.735081672668457031e+00 0.000000000000000000e+00
9.427576171875000000e+03 5.546103477478027344e+00 0.000000000000000000e+00
9.429745117187500000e+03 6.206172466278076172e+00 0.000000000000000000e+00
9.431918945312500000e+03 5.924518108367919922e+00 0.000000000000000000e+00
9.434088867187500000e+03 5.939206123352050781e+00 0.000000000000000000e+00
9.436259765625000000e+03 5.979002952575683594e+00 0.000000000000000000e+00
9.438435546875000000e+03 6.228163242340087891e+00 0.000000000000000000e+00
9.440606445312500000e+03 4.465026378631591797e+00 0.000000000000000000e+00
9.442783203125000000e+03 2.256222963333129883e+00 0.000000000000000000e+00
9.444956054687500000e+03 1.174122524261474609e+01 0.000000000000000000e+00
9.447133789062500000e+03 8.132017135620117188e+00 0.000000000000000000e+00
9.449307617187500000e+03 4.983095645904541016e+00 0.000000000000000000e+00
9.451481445312500000e+03 5.622034549713134766e+00 0.000000000000000000e+00
9.453660156250000000e+03 6.281456947326660156e+00 0.000000000000000000e+00
9.455834960937500000e+03 5.931266784667968750e+00 0.000000000000000000e+00
9.458015625000000000e+03 7.623546600341796875e+00 0.000000000000000000e+00
9.460191406250000000e+03 1.066311454772949219e+01 0.000000000000000000e+00
9.462373046875000000e+03 6.275907039642333984e+00 0.000000000000000000e+00
9.464549804687500000e+03 4.811781883239746094e+00 0.000000000000000000e+00
9.466727539062500000e+03 8.140164375305175781e+00 0.000000000000000000e+00
9.468910156250000000e+03 5.982739448547363281e+00 0.000000000000000000e+00
9.471088867187500000e+03 5.048023223876953125e+00 0.000000000000000000e+00
9.473272460937500000e+03 6.917325496673583984e+00 0.000000000000000000e+00
9.475452148437500000e+03 6.223802089691162109e+00 0.000000000000000000e+00
9.477636718750000000e+03 4.545269012451171875e+00 0.000000000000000000e+00
9.479817382812500000e+03 5.616841793060302734e+00 0.000000000000000000e+00
9.481998046875000000e+03 8.192631721496582031e+00 0.000000000000000000e+00
9.484184570312500000e+03 5.038453578948974609e+00 0.000000000000000000e+00
9.486366210937500000e+03 6.225256443023681641e+00 0.000000000000000000e+00
9.488553710937500000e+03 6.655182361602783203e+00 0.000000000000000000e+00
9.490736328125000000e+03 6.465517044067382812e+00 0.000000000000000000e+00
9.492925781250000000e+03 6.392645835876464844e+00 0.000000000000000000e+00
9.495109375000000000e+03 5.508547782897949219e+00 0.000000000000000000e+00
9.497293945312500000e+03 6.607516288757324219e+00 0.000000000000000000e+00
9.499483398437500000e+03 6.292859077453613281e+00 0.000000000000000000e+00
9.501668945312500000e+03 6.892008304595947266e+00 0.000000000000000000e+00
9.503860351562500000e+03 7.542382717132568359e+00 0.000000000000000000e+00
9.506045898437500000e+03 7.014956951141357422e+00 0.000000000000000000e+00
9.508238281250000000e+03 6.327539920806884766e+00 0.000000000000000000e+00
9.510425781250000000e+03 7.017096042633056641e+00 0.000000000000000000e+00
9.512619140625000000e+03 6.263692855834960938e+00 0.000000000000000000e+00
9.514807617187500000e+03 5.760551929473876953e+00 0.000000000000000000e+00
9.516996093750000000e+03 6.207342147827148438e+00 0.000000000000000000e+00
9.519190429687500000e+03 5.855503559112548828e+00 0.000000000000000000e+00
9.521380859375000000e+03 4.095395565032958984e+00 0.000000000000000000e+00
9.523576171875000000e+03 6.165637493133544922e+00 0.000000000000000000e+00
9.525766601562500000e+03 6.323106765747070312e+00 0.000000000000000000e+00
9.527963867187500000e+03 6.702274322509765625e+00 0.000000000000000000e+00
9.530155273437500000e+03 6.898631095886230469e+00 0.000000000000000000e+00
9.532347656250000000e+03 6.480064868927001953e+00 0.000000000000000000e+00
9.534545898437500000e+03 6.654772758483886719e+00 0.000000000000000000e+00
9.536739257812500000e+03 7.184128284454345703e+00 0.000000000000000000e+00
9.538938476562500000e+03 7.329071521759033203e+00 0.000000000000000000e+00
9.541132812500000000e+03 7.388728141784667969e+00 0.000000000000000000e+00
9.543333007812500000e+03 6.913715839385986328e+00 0.000000000000000000e+00
9.545528320312500000e+03 5.962336540222167969e+00 0.000000000000000000e+00
9.547724609375000000e+03 5.670542716979980469e+00 0.000000000000000000e+00
9.549926757812500000e+03 6.653778076171875000e+00 0.000000000000000000e+00
9.552123046875000000e+03 6.692024230957031250e+00 0.000000000000000000e+00
9.554326171875000000e+03 7.149677276611328125e+00 0.000000000000000000e+00
9.556523437500000000e+03 8.333810806274414062e+00 0.000000000000000000e+00
9.558727539062500000e+03 8.445376396179199219e+00 0.000000000000000000e+00
9.560926757812500000e+03 6.638989925384521484e+00 0.000000000000000000e+00
9.563125976562500000e+03 7.453265190124511719e+00 0.000000000000000000e+00
9.565331054687500000e+03 8.160653114318847656e+00 0.000000000000000000e+00
9.567532226562500000e+03 3.341422080993652344e+00 0.000000000000000000e+00
9.569738281250000000e+03 4.428803443908691406e+00 0.000000000000000000e+00
9.571939453125000000e+03 1.040111064910888672e+01 0.000000000000000000e+00
9.574146484375000000e+03 7.099987030029296875e+00 0.000000000000000000e+00
9.576349609375000000e+03 5.939047336578369141e+00 0.000000000000000000e+00
9.578552734375000000e+03 6.880250453948974609e+00 0.000000000000000000e+00
9.580760742187500000e+03 6.613573551177978516e+00 0.000000000000000000e+00
9.582964843750000000e+03 6.299967288970947266e+00 0.000000000000000000e+00
9.585174804687500000e+03 6.919322013854980469e+00 0.000000000000000000e+00
9.587379882812500000e+03 7.132246017456054688e+00 0.000000000000000000e+00
9.589590820312500000e+03 6.925886154174804688e+00 0.000000000000000000e+00
9.591796875000000000e+03 6.666025161743164062e+00 0.000000000000000000e+00
9.594003906250000000e+03 6.319587707519531250e+00 0.000000000000000000e+00
9.596215820312500000e+03 5.764057636260986328e+00 0.000000000000000000e+00
9.598423828125000000e+03 6.134729385375976562e+00 0.000000000000000000e+00
9.600636718750000000e+03 7.718339920043945312e+00 0.000000000000000000e+00
9.602845703125000000e+03 6.155300140380859375e+00 0.000000000000000000e+00
9.605059570312500000e+03 7.093066692352294922e+00 0.000000000000000000e+00
9.607269531250000000e+03 7.312260150909423828e+00 0.000000000000000000e+00
9.609479492187500000e+03 7.416976928710937500e+00 0.000000000000000000e+00
9.611695312500000000e+03 7.907210350036621094e+00 0.000000000000000000e+00
9.613906250000000000e+03 7.230193614959716797e+00 0.000000000000000000e+00
9.616124023437500000e+03 7.053966045379638672e+00 0.000000000000000000e+00
9.618335937500000000e+03 7.665901184082031250e+00 0.000000000000000000e+00
9.620553710937500000e+03 6.488111972808837891e+00 0.000000000000000000e+00
9.622766601562500000e+03 6.406464099884033203e+00 0.000000000000000000e+00
9.624980468750000000e+03 7.928818225860595703e+00 0.000000000000000000e+00
9.627200195312500000e+03 7.633202075958251953e+00 0.000000000000000000e+00
9.629415039062500000e+03 7.551436901092529297e+00 0.000000000000000000e+00
9.631635742187500000e+03 7.100988864898681641e+00 0.000000000000000000e+00
9.633851562500000000e+03 7.628571987152099609e+00 0.000000000000000000e+00
9.636072265625000000e+03 7.725967884063720703e+00 0.000000000000000000e+00
9.638289062500000000e+03 7.699711799621582031e+00 0.000000000000000000e+00
9.640506835937500000e+03 9.017668724060058594e+00 0.000000000000000000e+00
9.642729492187500000e+03 7.397224426269531250e+00 0.000000000000000000e+00
9.644948242187500000e+03 7.794096946716308594e+00 0.000000000000000000e+00
9.647171875000000000e+03 8.500577926635742188e+00 0.000000000000000000e+00
9.649391601562500000e+03 8.384103775024414062e+00 0.000000000000000000e+00
9.651617187500000000e+03 8.101726531982421875e+00 0.000000000000000000e+00
9.653836914062500000e+03 8.423302650451660156e+00 0.000000000000000000e+00
9.656057617187500000e+03 8.239540100097656250e+00 0.000000000000000000e+00
9.658284179687500000e+03 8.541059494018554688e+00 0.000000000000000000e+00
9.660506835937500000e+03 8.624610900878906250e+00 0.000000000000000000e+00
9.662734375000000000e+03 7.993934154510498047e+00 0.000000000000000000e+00
9.664957031250000000e+03 7.609083652496337891e+00 0.000000000000000000e+00
9.667185546875000000e+03 8.745846748352050781e+00 0.000000000000000000e+00
9.669410156250000000e+03 9.842017173767089844e+00 0.000000000000000000e+00
9.671633789062500000e+03 1.098618507385253906e+01 0.000000000000000000e+00
9.673864257812500000e+03 1.056744098663330078e+01 0.000000000000000000e+00
9.676089843750000000e+03 9.567061424255371094e+00 0.000000000000000000e+00
9.678321289062500000e+03 9.141868591308593750e+00 0.000000000000000000e+00
9.680547851562500000e+03 9.367676734924316406e+00 0.000000000000000000e+00
9.682780273437500000e+03 1.076165390014648438e+01 0.000000000000000000e+00
9.685007812500000000e+03 1.019748592376708984e+01 0.000000000000000000e+00
9.687241210937500000e+03 8.434042930603027344e+00 0.000000000000000000e+00
9.689469726562500000e+03 8.803520202636718750e+00 0.000000000000000000e+00
9.691698242187500000e+03 1.045885753631591797e+01 0.000000000000000000e+00
9.693933593750000000e+03 9.187181472778320312e+00 0.000000000000000000e+00
9.696163085937500000e+03 8.065832138061523438e+00 0.000000000000000000e+00
9.698399414062500000e+03 8.676511764526367188e+00 0.000000000000000000e+00
9.700629882812500000e+03 8.445952415466308594e+00 0.000000000000000000e+00
9.702867187500000000e+03 8.434713363647460938e+00 0.000000000000000000e+00
9.705099609375000000e+03 8.806562423706054688e+00 0.000000000000000000e+00
9.707332031250000000e+03 7.815117359161376953e+00 0.000000000000000000e+00
9.709570312500000000e+03 8.181862831115722656e+00 0.000000000000000000e+00
9.711804687500000000e+03 8.350017547607421875e+00 0.000000000000000000e+00
9.714043945312500000e+03 8.348402976989746094e+00 0.000000000000000000e+00
9.716278320312500000e+03 8.497088432312011719e+00 0.000000000000000000e+00
9.718518554687500000e+03 7.841477870941162109e+00 0.000000000000000000e+00
9.720754882812500000e+03 5.795571327209472656e+00 0.000000000000000000e+00
9.722991210937500000e+03 6.330535888671875000e+00 0.000000000000000000e+00
9.725233398437500000e+03 8.141056060791015625e+00 0.000000000000000000e+00
9.727470703125000000e+03 8.091083526611328125e+00 0.000000000000000000e+00
9.729713867187500000e+03 7.008830547332763672e+00 0.000000000000000000e+00
9.731952148437500000e+03 6.686799049377441406e+00 0.000000000000000000e+00
9.734196289062500000e+03 7.404449939727783203e+00 0.000000000000000000e+00
9.736435546875000000e+03 8.513442993164062500e+00 0.000000000000000000e+00
9.738674804687500000e+03 7.671249389648437500e+00 0.000000000000000000e+00
9.740920898437500000e+03 7.198009014129638672e+00 0.000000000000000000e+00
9.743162109375000000e+03 7.183826923370361328e+00 0.000000000000000000e+00
9.745408203125000000e+03 6.791529178619384766e+00 0.000000000000000000e+00
9.747650390625000000e+03 6.354263305664062500e+00 0.000000000000000000e+00
9.749898437500000000e+03 6.749766349792480469e+00 0.000000000000000000e+00
9.752141601562500000e+03 6.176280021667480469e+00 0.000000000000000000e+00
9.754384765625000000e+03 6.326313972473144531e+00 0.000000000000000000e+00
9.756633789062500000e+03 6.217882633209228516e+00 0.000000000000000000e+00
9.758878906250000000e+03 5.522333621978759766e+00 0.000000000000000000e+00
9.761128906250000000e+03 5.913601875305175781e+00 0.000000000000000000e+00
9.763374023437500000e+03 6.266086101531982422e+00 0.000000000000000000e+00
9.765625976562500000e+03 5.632629394531250000e+00 0.000000000000000000e+00
9.767872070312500000e+03 5.581941127777099609e+00 0.000000000000000000e+00
9.770119140625000000e+03 5.781855583190917969e+00 0.000000000000000000e+00
9.772372070312500000e+03 5.800927639007568359e+00 0.000000000000000000e+00
9.774620117187500000e+03 6.230528831481933594e+00 0.000000000000000000e+00
9.776875000000000000e+03 6.504293918609619141e+00 0.000000000000000000e+00
9.779124023437500000e+03 5.719912528991699219e+00 0.000000000000000000e+00
9.781378906250000000e+03 6.196390628814697266e+00 0.000000000000000000e+00
9.783628906250000000e+03 6.473809719085693359e+00 0.000000000000000000e+00
9.785879882812500000e+03 6.185748100280761719e+00 0.000000000000000000e+00
9.788136718750000000e+03 7.120435714721679688e+00 0.000000000000000000e+00
9.790387695312500000e+03 6.175897121429443359e+00 0.000000000000000000e+00
9.792645507812500000e+03 7.145165443420410156e+00 0.000000000000000000e+00
9.794898437500000000e+03 7.765402793884277344e+00 0.000000000000000000e+00
9.797157226562500000e+03 7.084663867950439453e+00 0.000000000000000000e+00
9.799411132812500000e+03 6.060551166534423828e+00 0.000000000000000000e+00
9.801665039062500000e+03 5.715857028961181641e+00 0.000000000000000000e+00
9.803925781250000000e+03 5.426803112030029297e+00 0.000000000000000000e+00
9.806180664062500000e+03 5.159843921661376953e+00 0.000000000000000000e+00
9.808442382812500000e+03 6.414809226989746094e+00 0.000000000000000000e+00
9.810698242187500000e+03 6.785184860229492188e+00 0.000000000000000000e+00
9.812960937500000000e+03 5.959599494934082031e+00 0.000000000000000000e+00
9.815218750000000000e+03 6.792523384094238281e+00 0.000000000000000000e+00
9.817476562500000000e+03 6.330197334289550781e+00 0.000000000000000000e+00
9.819740234375000000e+03 6.197660923004150391e+00 0.000000000000000000e+00
9.821999023437500000e+03 6.599588871002197266e+00 0.000000000000000000e+00
9.824264648437500000e+03 6.258233070373535156e+00 0.000000000000000000e+00
9.826524414062500000e+03 5.383913516998291016e+00 0.000000000000000000e+00
9.828790039062500000e+03 5.971494674682617188e+00 0.000000000000000000e+00
9.831051757812500000e+03 7.156871318817138672e+00 0.000000000000000000e+00
9.833312500000000000e+03 5.669389247894287109e+00 0.000000000000000000e+00
9.835580078125000000e+03 5.853270530700683594e+00 0.000000000000000000e+00
9.837842773437500000e+03 6.507113933563232422e+00 0.000000000000000000e+00
9.840111328125000000e+03 6.186667919158935547e+00 0.000000000000000000e+00
9.842375000000000000e+03 6.705001354217529297e+00 0.000000000000000000e+00
9.844645507812500000e+03 6.615854740142822266e+00 0.000000000000000000e+00
9.846910156250000000e+03 6.847639083862304688e+00 0.000000000000000000e+00
9.849174804687500000e+03 6.716645717620849609e+00 0.000000000000000000e+00
9.851446289062500000e+03 7.207183837890625000e+00 0.000000000000000000e+00
9.853712890625000000e+03 7.730781555175781250e+00 0.000000000000000000e+00
9.855984375000000000e+03 6.184041023254394531e+00 0.000000000000000000e+00
9.858251953125000000e+03 5.664795875549316406e+00 0.000000000000000000e+00
9.860525390625000000e+03 5.209646701812744141e+00 0.000000000000000000e+00
9.862793945312500000e+03 5.844934940338134766e+00 0.000000000000000000e+00
9.865068359375000000e+03 6.892848014831542969e+00 0.000000000000000000e+00
9.867337890625000000e+03 6.821841716766357422e+00 0.000000000000000000e+00
9.869607421875000000e+03 6.006114006042480469e+00 0.000000000000000000e+00
9.871883789062500000e+03 8.065136909484863281e+00 0.000000000000000000e+00
9.874154296875000000e+03 7.508930206298828125e+00 0.000000000000000000e+00
9.876431640625000000e+03 6.913992404937744141e+00 0.000000000000000000e+00
9.878703125000000000e+03 6.520884513854980469e+00 0.000000000000000000e+00
9.880981445312500000e+03 5.819731712341308594e+00 0.000000000000000000e+00
9.883254882812500000e+03 5.829909801483154297e+00 0.000000000000000000e+00
9.885528320312500000e+03 6.009306907653808594e+00 0.000000000000000000e+00
9.887807617187500000e+03 5.624581813812255859e+00 0.000000000000000000e+00
9.890083007812500000e+03 6.079027175903320312e+00 0.000000000000000000e+00
9.892363281250000000e+03 5.924719333648681641e+00 0.000000000000000000e+00
9.894638671875000000e+03 5.728936672210693359e+00 0.000000000000000000e+00
9.896920898437500000e+03 8.007010459899902344e+00 0.000000000000000000e+00
9.899197265625000000e+03 7.232344627380371094e+00 0.000000000000000000e+00
9.901474609375000000e+03 6.360179901123046875e+00 0.000000000000000000e+00
9.903757812500000000e+03 5.907505989074707031e+00 0.000000000000000000e+00
9.906036132812500000e+03 5.453987121582031250e+00 0.000000000000000000e+00
9.908320312500000000e+03 4.854129314422607422e+00 0.000000000000000000e+00
9.910599609375000000e+03 4.738294601440429688e+00 0.000000000000000000e+00
9.912885742187500000e+03 6.141047477722167969e+00 0.000000000000000000e+00
9.915166015625000000e+03 6.459943771362304688e+00 0.000000000000000000e+00
9.917447265625000000e+03 5.047312259674072266e+00 0.000000000000000000e+00
9.919733398437500000e+03 5.353356361389160156e+00 0.000000000000000000e+00
9.922015625000000000e+03 6.715359210968017578e+00 0.000000000000000000e+00
9.924303710937500000e+03 4.582981109619140625e+00 0.000000000000000000e+00
9.926586914062500000e+03 5.484457492828369141e+00 0.000000000000000000e+00
9.928875976562500000e+03 5.480594635009765625e+00 0.000000000000000000e+00
9.931160156250000000e+03 6.071548461914062500e+00 0.000000000000000000e+00
9.933444335937500000e+03 6.005605697631835938e+00 0.000000000000000000e+00
9.935735351562500000e+03 5.052682399749755859e+00 0.000000000000000000e+00
9.938020507812500000e+03 5.768476009368896484e+00 0.000000000000000000e+00
9.940312500000000000e+03 5.925822734832763672e+00 0.000000000000000000e+00
9.942599609375000000e+03 6.032907962799072266e+00 0.000000000000000000e+00
9.944892578125000000e+03 8.632914543151855469e+00 0.000000000000000000e+00
9.947179687500000000e+03 8.177696228027343750e+00 0.000000000000000000e+00
9.949468750000000000e+03 4.099277496337890625e+00 0.000000000000000000e+00
9.951762695312500000e+03 4.153158187866210938e+00 0.000000000000000000e+00
9.954051757812500000e+03 3.512862443923950195e+00 0.000000000000000000e+00
9.956347656250000000e+03 7.583954811096191406e+00 0.000000000000000000e+00
9.958637695312500000e+03 7.428819656372070312e+00 0.000000000000000000e+00
9.960934570312500000e+03 6.277714252471923828e+00 0.000000000000000000e+00
9.963225585937500000e+03 7.366723060607910156e+00 0.000000000000000000e+00
9.965517578125000000e+03 5.448831558227539062e+00 0.000000000000000000e+00
9.967815429687500000e+03 4.340587139129638672e+00 0.000000000000000000e+00
9.970109375000000000e+03 6.247941017150878906e+00 0.000000000000000000e+00
9.972408203125000000e+03 7.207294464111328125e+00 0.000000000000000000e+00
9.974702148437500000e+03 6.444176197052001953e+00 0.000000000000000000e+00
9.977001953125000000e+03 5.483801841735839844e+00 0.000000000000000000e+00
9.979297851562500000e+03 4.975272178649902344e+00 0.000000000000000000e+00
9.981592773437500000e+03 4.090633869171142578e+00 0.000000000000000000e+00
9.983894531250000000e+03 5.490087985992431641e+00 0.000000000000000000e+00
9.986191406250000000e+03 6.105067729949951172e+00 0.000000000000000000e+00
9.988494140625000000e+03 5.302825450897216797e+00 0.000000000000000000e+00
9.990791992187500000e+03 4.763940811157226562e+00 0.000000000000000000e+00
9.993096679687500000e+03 5.431812286376953125e+00 0.000000000000000000e+00
9.995395507812500000e+03 5.361223220825195312e+00 0.000000000000000000e+00
9.997694335937500000e+03 5.559026241302490234e+00 0.000000000000000000e+00
1.000000000000000000e+04 5.637365341186523438e+00 0.000000000000000000e+00
1.000230566406250000e+04 5.529482841491699219e+00 0.000000000000000000e+00
1.000460156250000000e+04 5.120161056518554688e+00 0.000000000000000000e+00
1.000690820312500000e+04 4.220727443695068359e+00 0.000000000000000000e+00
1.000921582031250000e+04 4.507258415222167969e+00 0.000000000000000000e+00
1.001152441406250000e+04 8.068804740905761719e+00 0.000000000000000000e+00
1.001382226562500000e+04 7.940476417541503906e+00 0.000000000000000000e+00
1.001613085937500000e+04 6.547096729278564453e+00 0.000000000000000000e+00
1.001844042968750000e+04 6.356568813323974609e+00 0.000000000000000000e+00
1.002074023437500000e+04 4.192122459411621094e+00 0.000000000000000000e+00
1.002305078125000000e+04 5.497778892517089844e+00 0.000000000000000000e+00
1.002536230468750000e+04 6.363051414489746094e+00 0.000000000000000000e+00
1.002767382812500000e+04 8.383765220642089844e+00 0.000000000000000000e+00
1.002997558593750000e+04 7.964517593383789062e+00 0.000000000000000000e+00
1.003228808593750000e+04 5.004512786865234375e+00 0.000000000000000000e+00
1.003460156250000000e+04 5.735852718353271484e+00 0.000000000000000000e+00
1.003690429687500000e+04 4.882793426513671875e+00 0.000000000000000000e+00
1.003921875000000000e+04 4.457941055297851562e+00 0.000000000000000000e+00
1.004153417968750000e+04 5.089478015899658203e+00 0.000000000000000000e+00
1.004384960937500000e+04 6.037426948547363281e+00 0.000000000000000000e+00
1.004615429687500000e+04 6.434343814849853516e+00 0.000000000000000000e+00
1.004847070312500000e+04 6.030074596405029297e+00 0.000000000000000000e+00
1.005078808593750000e+04 5.332098960876464844e+00 0.000000000000000000e+00
1.005309472656250000e+04 5.851257324218750000e+00 0.000000000000000000e+00
1.005541308593750000e+04 6.355691432952880859e+00 0.000000000000000000e+00
1.005773242187500000e+04 5.473579406738281250e+00 0.000000000000000000e+00
1.006005078125000000e+04 4.957810401916503906e+00 0.000000000000000000e+00
1.006236035156250000e+04 7.562506198883056641e+00 0.000000000000000000e+00
1.006468066406250000e+04 7.398244380950927734e+00 0.000000000000000000e+00
1.006700097656250000e+04 6.620748519897460938e+00 0.000000000000000000e+00
1.006931152343750000e+04 5.950309276580810547e+00 0.000000000000000000e+00
1.007163378906250000e+04 4.756910800933837891e+00 0.000000000000000000e+00
1.007395605468750000e+04 4.634840011596679688e+00 0.000000000000000000e+00
1.007627929687500000e+04 7.566817760467529297e+00 0.000000000000000000e+00
1.007859179687500000e+04 6.251987934112548828e+00 0.000000000000000000e+00
1.008091601562500000e+04 7.675064086914062500e+00 0.000000000000000000e+00
1.008324023437500000e+04 7.439222335815429688e+00 0.000000000000000000e+00
1.008555468750000000e+04 8.212349891662597656e+00 0.000000000000000000e+00
1.008787988281250000e+04 9.931031227111816406e+00 0.000000000000000000e+00
1.009020605468750000e+04 5.812899589538574219e+00 0.000000000000000000e+00
1.009253320312500000e+04 5.820010185241699219e+00 0.000000000000000000e+00
1.009484960937500000e+04 5.245501041412353516e+00 0.000000000000000000e+00
1.009717773437500000e+04 4.390584468841552734e+00 0.000000000000000000e+00
1.009950585937500000e+04 4.934720516204833984e+00 0.000000000000000000e+00
1.010182324218750000e+04 5.655775547027587891e+00 0.000000000000000000e+00
1.010415332031250000e+04 4.157402992248535156e+00 0.000000000000000000e+00
1.010648339843750000e+04 5.799060821533203125e+00 0.000000000000000000e+00
1.010881347656250000e+04 5.779871463775634766e+00 0.000000000000000000e+00
1.011113378906250000e+04 5.241670608520507812e+00 0.000000000000000000e+00
1.011346484375000000e+04 5.031094551086425781e+00 0.000000000000000000e+00
1.011579687500000000e+04 5.284740447998046875e+00 0.000000000000000000e+00
1.011811914062500000e+04 5.954106330871582031e+00 0.000000000000000000e+00
1.012045214843750000e+04 5.094868659973144531e+00 0.000000000000000000e+00
1.012278613281250000e+04 8.113397598266601562e+00 0.000000000000000000e+00
1.012512011718750000e+04 8.606021881103515625e+00 0.000000000000000000e+00
1.012744335937500000e+04 7.383561134338378906e+00 0.000000000000000000e+00
1.012977929687500000e+04 7.061771869659423828e+00 0.000000000000000000e+00
1.013211523437500000e+04 5.854774951934814453e+00 0.000000000000000000e+00
1.013444042968750000e+04 6.515329360961914062e+00 0.000000000000000000e+00
1.013677734375000000e+04 5.901396751403808594e+00 0.000000000000000000e+00
1.013911523437500000e+04 5.128881454467773438e+00 0.000000000000000000e+00
1.014145312500000000e+04 5.224886894226074219e+00 0.000000000000000000e+00
1.014378027343750000e+04 5.639772415161132812e+00 0.000000000000000000e+00
1.014611914062500000e+04 5.204893589019775391e+00 0.000000000000000000e+00
1.014845898437500000e+04 4.872764587402343750e+00 0.000000000000000000e+00
1.015078808593750000e+04 7.018748283386230469e+00 0.000000000000000000e+00
1.015312890625000000e+04 9.583692550659179688e+00 0.000000000000000000e+00
1.015547070312500000e+04 8.206539154052734375e+00 0.000000000000000000e+00
1.015781250000000000e+04 3.642474651336669922e+00 0.000000000000000000e+00
1.016014355468750000e+04 3.091001749038696289e+00 0.000000000000000000e+00
1.016248632812500000e+04 5.906131744384765625e+00 0.000000000000000000e+00
1.016483007812500000e+04 6.597318172454833984e+00 0.000000000000000000e+00
1.016716210937500000e+04 4.319699287414550781e+00 0.000000000000000000e+00
1.016950683593750000e+04 4.690058231353759766e+00 0.000000000000000000e+00
1.017185253906250000e+04 8.774919509887695312e+00 0.000000000000000000e+00
1.017419726562500000e+04 9.141448974609375000e+00 0.000000000000000000e+00
1.017653222656250000e+04 7.552685260772705078e+00 0.000000000000000000e+00
1.017887890625000000e+04 6.092769145965576172e+00 0.000000000000000000e+00
1.018122656250000000e+04 6.444476127624511719e+00 0.000000000000000000e+00
1.018356347656250000e+04 5.744185447692871094e+00 0.000000000000000000e+00
1.018591113281250000e+04 3.591035604476928711e+00 0.000000000000000000e+00
1.018826074218750000e+04 4.945701599121093750e+00 0.000000000000000000e+00
1.019060937500000000e+04 7.082397460937500000e+00 0.000000000000000000e+00
1.019294824218750000e+04 6.537471771240234375e+00 0.000000000000000000e+00
1.019529882812500000e+04 6.058319568634033203e+00 0.000000000000000000e+00
1.019765039062500000e+04 5.794289588928222656e+00 0.000000000000000000e+00
1.019999023437500000e+04 5.196293830871582031e+00 0.000000000000000000e+00
1.020234277343750000e+04 6.109811305999755859e+00 0.000000000000000000e+00
1.020469531250000000e+04 8.920645713806152344e+00 0.000000000000000000e+00
1.020704785156250000e+04 1.148799514770507812e+01 0.000000000000000000e+00
1.020939062500000000e+04 7.920177936553955078e+00 0.000000000000000000e+00
1.021174511718750000e+04 6.412734985351562500e+00 0.000000000000000000e+00
1.021409960937500000e+04 7.605987071990966797e+00 0.000000000000000000e+00
1.021644433593750000e+04 -8.573498129844665527e-01 0.000000000000000000e+00
1.021879980468750000e+04 4.873071193695068359e+00 0.000000000000000000e+00
1.022115625000000000e+04 5.703738212585449219e+00 0.000000000000000000e+00
1.022351367187500000e+04 7.508572101593017578e+00 0.000000000000000000e+00
1.022585937500000000e+04 1.032032203674316406e+01 0.000000000000000000e+00
1.022821777343750000e+04 9.741004943847656250e+00 0.000000000000000000e+00
1.023057617187500000e+04 7.461739063262939453e+00 0.000000000000000000e+00
1.023292382812500000e+04 6.227929592132568359e+00 0.000000000000000000e+00
1.023528417968750000e+04 6.926717281341552734e+00 0.000000000000000000e+00
1.023764355468750000e+04 5.253520011901855469e+00 0.000000000000000000e+00
1.024000488281250000e+04 4.640216827392578125e+00 0.000000000000000000e+00
1.024235449218750000e+04 6.896850585937500000e+00 0.000000000000000000e+00
1.024471679687500000e+04 5.739995956420898438e+00 0.000000000000000000e+00
1.024707910156250000e+04 4.606058597564697266e+00 0.000000000000000000e+00
1.024943066406250000e+04 7.659487247467041016e+00 0.000000000000000000e+00
1.025179394531250000e+04 7.400405406951904297e+00 0.000000000000000000e+00
1.025415820312500000e+04 4.833604812622070312e+00 0.000000000000000000e+00
1.025652343750000000e+04 4.947141647338867188e+00 0.000000000000000000e+00
1.025887695312500000e+04 6.398014545440673828e+00 0.000000000000000000e+00
1.026124218750000000e+04 3.982230663299560547e+00 0.000000000000000000e+00
1.026360839843750000e+04 4.975275039672851562e+00 0.000000000000000000e+00
1.026596386718750000e+04 6.124173641204833984e+00 0.000000000000000000e+00
1.026833105468750000e+04 5.130460262298583984e+00 0.000000000000000000e+00
1.027069921875000000e+04 3.686191797256469727e+00 0.000000000000000000e+00
1.027306738281250000e+04 3.921159029006958008e+00 0.000000000000000000e+00
1.027542578125000000e+04 2.678162097930908203e+00 0.000000000000000000e+00
1.027779492187500000e+04 7.123956680297851562e+00 0.000000000000000000e+00
1.028016503906250000e+04 7.250459671020507812e+00 0.000000000000000000e+00
1.028252441406250000e+04 4.000266551971435547e+00 0.000000000000000000e+00
1.028489550781250000e+04 5.900543689727783203e+00 0.000000000000000000e+00
1.028726660156250000e+04 1.371027565002441406e+01 0.000000000000000000e+00
1.028963964843750000e+04 1.427404689788818359e+01 0.000000000000000000e+00
1.029200097656250000e+04 6.973048686981201172e+00 0.000000000000000000e+00
1.029437402343750000e+04 4.842554092407226562e+00 0.000000000000000000e+00
1.029674804687500000e+04 1.159457015991210938e+01 0.000000000000000000e+00
1.029911132812500000e+04 1.497514152526855469e+01 0.000000000000000000e+00
1.030148632812500000e+04 2.891134262084960938e+00 0.000000000000000000e+00
1.030386132812500000e+04 4.902521133422851562e+00 0.000000000000000000e+00
1.030623730468750000e+04 7.256150722503662109e+00 0.000000000000000000e+00
1.030860253906250000e+04 6.954850196838378906e+00 0.000000000000000000e+00
1.031097949218750000e+04 6.439189910888671875e+00 0.000000000000000000e+00
1.031335742187500000e+04 7.162663459777832031e+00 0.000000000000000000e+00
1.031573632812500000e+04 8.301249504089355469e+00 0.000000000000000000e+00
1.031810351562500000e+04 9.805487632751464844e+00 0.000000000000000000e+00
1.032048242187500000e+04 8.419370651245117188e+00 0.000000000000000000e+00
1.032286230468750000e+04 -3.724371492862701416e-01 0.000000000000000000e+00
1.032523144531250000e+04 -4.866326332092285156e+00 0.000000000000000000e+00
1.032761230468750000e+04 3.646741151809692383e+00 0.000000000000000000e+00
1.032999414062500000e+04 1.189809226989746094e+01 0.000000000000000000e+00
1.033237597656250000e+04 6.049619674682617188e+00 0.000000000000000000e+00
1.033474707031250000e+04 6.049619674682617188e+00 0.000000000000000000e+00
1.033713085937500000e+04 6.049619674682617188e+00 0.000000000000000000e+00
1.033951464843750000e+04 6.049619674682617188e+00 0.000000000000000000e+00
1.034188769531250000e+04 6.049619674682617188e+00 0.000000000000000000e+00
1.034427246093750000e+04 6.049619674682617188e+00 0.000000000000000000e+00
1.034665722656250000e+04 6.049619674682617188e+00 0.000000000000000000e+00
1.034904296875000000e+04 6.049619674682617188e+00 0.000000000000000000e+00
1.035141894531250000e+04 6.049619674682617188e+00 0.000000000000000000e+00
1.035380566406250000e+04 6.049619674682617188e+00 0.000000000000000000e+00
1.035619335937500000e+04 6.049619674682617188e+00 0.000000000000000000e+00
1.035856933593750000e+04 6.049619674682617188e+00 0.000000000000000000e+00
1.036095800781250000e+04 6.049619674682617188e+00 0.000000000000000000e+00
1.036334765625000000e+04 6.049619674682617188e+00 0.000000000000000000e+00
1.036573730468750000e+04 6.049619674682617188e+00 0.000000000000000000e+00
1.036811621093750000e+04 6.049619674682617188e+00 0.000000000000000000e+00
1.037050683593750000e+04 6.049619674682617188e+00 0.000000000000000000e+00
1.037289843750000000e+04 6.049619674682617188e+00 0.000000000000000000e+00
1.037527929687500000e+04 6.049619674682617188e+00 0.000000000000000000e+00
1.037767187500000000e+04 6.049619674682617188e+00 0.000000000000000000e+00
1.038006445312500000e+04 6.049619674682617188e+00 0.000000000000000000e+00
1.038245800781250000e+04 6.049619674682617188e+00 0.000000000000000000e+00
1.038484082031250000e+04 6.049619674682617188e+00 0.000000000000000000e+00
1.038723632812500000e+04 6.049619674682617188e+00 0.000000000000000000e+00
1.038963085937500000e+04 6.049619674682617188e+00 0.000000000000000000e+00
1.039201562500000000e+04 6.049619674682617188e+00 0.000000000000000000e+00
1.039441210937500000e+04 6.049619674682617188e+00 0.000000000000000000e+00
1.039680859375000000e+04 6.049619674682617188e+00 0.000000000000000000e+00
1.039920605468750000e+04 6.049619674682617188e+00 0.000000000000000000e+00
