#wavelengths flux error
3.566974365234375000e+03 7.685137939453125000e+02 0.000000000000000000e+00
3.567794921875000000e+03 7.685137939453125000e+02 0.000000000000000000e+00
3.568617675781250000e+03 7.685137939453125000e+02 0.000000000000000000e+00
3.569438476562500000e+03 7.685137939453125000e+02 0.000000000000000000e+00
3.570261718750000000e+03 7.685137939453125000e+02 0.000000000000000000e+00
3.571083007812500000e+03 7.685137939453125000e+02 0.000000000000000000e+00
3.571906494140625000e+03 7.685137939453125000e+02 0.000000000000000000e+00
3.572728271484375000e+03 7.685137939453125000e+02 0.000000000000000000e+00
3.573550048828125000e+03 7.685137939453125000e+02 0.000000000000000000e+00
3.574374023437500000e+03 7.685137939453125000e+02 0.000000000000000000e+00
3.575196289062500000e+03 7.685137939453125000e+02 0.000000000000000000e+00
3.576020751953125000e+03 7.685137939453125000e+02 0.000000000000000000e+00
3.576843505859375000e+03 7.685137939453125000e+02 0.000000000000000000e+00
3.577668212890625000e+03 7.685137939453125000e+02 0.000000000000000000e+00
3.578491455078125000e+03 7.685137939453125000e+02 0.000000000000000000e+00
3.579314453125000000e+03 7.685137939453125000e+02 0.000000000000000000e+00
3.580139892578125000e+03 7.685137939453125000e+02 0.000000000000000000e+00
3.580963623046875000e+03 7.685137939453125000e+02 0.000000000000000000e+00
3.581789306640625000e+03 7.685137939453125000e+02 0.000000000000000000e+00
3.582613281250000000e+03 7.685137939453125000e+02 0.000000000000000000e+00
3.583439453125000000e+03 7.685137939453125000e+02 0.000000000000000000e+00
3.584263916015625000e+03 7.685137939453125000e+02 0.000000000000000000e+00
3.585088378906250000e+03 7.685137939453125000e+02 0.000000000000000000e+00
3.585915039062500000e+03 1.021410034179687500e+03 0.000000000000000000e+00
3.586739990234375000e+03 -2.169947753906250000e+03 0.000000000000000000e+00
3.587567138671875000e+03 2.145503662109375000e+03 0.000000000000000000e+00
3.588392333984375000e+03 -9.521044921875000000e+02 0.000000000000000000e+00
3.589219970703125000e+03 -9.819081878662109375e+01 0.000000000000000000e+00
3.590045654296875000e+03 1.065352905273437500e+03 0.000000000000000000e+00
3.590871582031250000e+03 -1.642542480468750000e+03 0.000000000000000000e+00
3.591699462890625000e+03 2.247528564453125000e+03 0.000000000000000000e+00
3.592525878906250000e+03 -1.746642822265625000e+03 0.000000000000000000e+00
3.593354248046875000e+03 9.325309448242187500e+02 0.000000000000000000e+00
3.594180908203125000e+03 4.206854858398437500e+02 0.000000000000000000e+00
3.595009765625000000e+03 -9.079172973632812500e+02 0.000000000000000000e+00
3.595836669921875000e+03 1.265317260742187500e+03 0.000000000000000000e+00
3.596663818359375000e+03 -1.008953674316406250e+03 0.000000000000000000e+00
3.597493408203125000e+03 7.200419311523437500e+02 0.000000000000000000e+00
3.598320800781250000e+03 -3.022999572753906250e+02 0.000000000000000000e+00
3.599150634765625000e+03 -1.064727249145507812e+02 0.000000000000000000e+00
3.599978759765625000e+03 4.286685485839843750e+02 0.000000000000000000e+00
3.600808837890625000e+03 -4.813222045898437500e+02 0.000000000000000000e+00
3.601637207031250000e+03 4.578535766601562500e+02 0.000000000000000000e+00
3.602467773437500000e+03 -2.706058959960937500e+02 0.000000000000000000e+00
3.603296386718750000e+03 9.806455993652343750e+01 0.000000000000000000e+00
3.604125244140625000e+03 7.638991546630859375e+01 0.000000000000000000e+00
3.604956542968750000e+03 -1.071624221801757812e+02 0.000000000000000000e+00
3.605785888671875000e+03 1.875917968750000000e+02 0.000000000000000000e+00
3.606617187500000000e+03 -1.974379577636718750e+02 0.000000000000000000e+00
3.607447021484375000e+03 1.698286437988281250e+02 0.000000000000000000e+00
3.608278808593750000e+03 -5.684133911132812500e+01 0.000000000000000000e+00
3.609108886718750000e+03 -2.938973426818847656e+01 0.000000000000000000e+00
3.609939208984375000e+03 8.409402465820312500e+01 0.000000000000000000e+00
3.610771728515625000e+03 -9.572937774658203125e+01 0.000000000000000000e+00
3.611602294921875000e+03 1.033839111328125000e+02 0.000000000000000000e+00
3.612435058593750000e+03 -5.770999908447265625e+01 0.000000000000000000e+00
3.613266113281250000e+03 2.682935905456542969e+01 0.000000000000000000e+00
3.614099365234375000e+03 2.590964889526367188e+01 0.000000000000000000e+00
3.614930664062500000e+03 -2.162170982360839844e+01 0.000000000000000000e+00
3.615762451171875000e+03 3.708037948608398438e+01 0.000000000000000000e+00
3.616596191406250000e+03 -3.355758285522460938e+01 0.000000000000000000e+00
3.617428222656250000e+03 2.703510475158691406e+01 0.000000000000000000e+00
3.618262451171875000e+03 -5.961305141448974609e+00 0.000000000000000000e+00
3.619094726562500000e+03 -6.359522342681884766e+00 0.000000000000000000e+00
3.619929199218750000e+03 7.295145988464355469e+00 0.000000000000000000e+00
3.620761962890625000e+03 -1.424173927307128906e+01 0.000000000000000000e+00
3.621594970703125000e+03 2.868172073364257812e+01 0.000000000000000000e+00
3.622430175781250000e+03 -2.449402618408203125e+01 0.000000000000000000e+00
3.623263427734375000e+03 1.460484218597412109e+01 0.000000000000000000e+00
3.624098876953125000e+03 8.736746788024902344e+00 0.000000000000000000e+00
3.624932617187500000e+03 -1.009729385375976562e+01 0.000000000000000000e+00
3.625768554687500000e+03 2.419427299499511719e+01 0.000000000000000000e+00
3.626602783203125000e+03 -1.593913316726684570e+00 0.000000000000000000e+00
3.627437011718750000e+03 1.016463184356689453e+01 0.000000000000000000e+00
3.628273437500000000e+03 4.579600811004638672e+00 0.000000000000000000e+00
3.629108154296875000e+03 4.621658325195312500e+00 0.000000000000000000e+00
3.629945068359375000e+03 7.831498146057128906e+00 0.000000000000000000e+00
3.630780029296875000e+03 4.114833354949951172e+00 0.000000000000000000e+00
3.631617431640625000e+03 1.317992210388183594e+01 0.000000000000000000e+00
3.632452880859375000e+03 4.192189216613769531e+00 0.000000000000000000e+00
3.633288330078125000e+03 1.875438880920410156e+01 0.000000000000000000e+00
3.634126220703125000e+03 8.414921760559082031e+00 0.000000000000000000e+00
3.634962158203125000e+03 -8.564631938934326172e-01 0.000000000000000000e+00
3.635800537109375000e+03 1.794040489196777344e+01 0.000000000000000000e+00
3.636636962890625000e+03 8.480028152465820312e+00 0.000000000000000000e+00
3.637475585937500000e+03 1.394316577911376953e+01 0.000000000000000000e+00
3.638312255859375000e+03 9.457221984863281250e+00 0.000000000000000000e+00
3.639149169921875000e+03 -3.589339733123779297e+00 0.000000000000000000e+00
3.639988525390625000e+03 -2.066944390535354614e-01 0.000000000000000000e+00
3.640825927734375000e+03 1.500782871246337891e+01 0.000000000000000000e+00
3.641665283203125000e+03 7.634513080120086670e-02 0.000000000000000000e+00
3.642503173828125000e+03 8.495357513427734375e+00 0.000000000000000000e+00
3.643343017578125000e+03 1.278244781494140625e+01 0.000000000000000000e+00
3.644181152343750000e+03 8.144261360168457031e+00 0.000000000000000000e+00
3.645019531250000000e+03 5.805493354797363281e+00 0.000000000000000000e+00
3.645860107421875000e+03 1.012592029571533203e+01 0.000000000000000000e+00
3.646698974609375000e+03 9.170941352844238281e+00 0.000000000000000000e+00
3.647539794921875000e+03 1.944725036621093750e+00 0.000000000000000000e+00
3.648378906250000000e+03 -7.823737859725952148e-01 0.000000000000000000e+00
3.649220214843750000e+03 3.428783416748046875e+00 0.000000000000000000e+00
3.650059570312500000e+03 3.378311634063720703e+00 0.000000000000000000e+00
3.650899414062500000e+03 -2.308308124542236328e+00 0.000000000000000000e+00
3.651741210937500000e+03 4.027494430541992188e+00 0.000000000000000000e+00
3.652581298828125000e+03 4.732387065887451172e+00 0.000000000000000000e+00
3.653423583984375000e+03 7.320270061492919922e+00 0.000000000000000000e+00
3.654264160156250000e+03 1.159894371032714844e+01 0.000000000000000000e+00
3.655106689453125000e+03 9.149205207824707031e+00 0.000000000000000000e+00
3.655947509765625000e+03 3.690413713455200195e+00 0.000000000000000000e+00
3.656788574218750000e+03 1.138409328460693359e+01 0.000000000000000000e+00
3.657631835937500000e+03 1.509843707084655762e+00 0.000000000000000000e+00
3.658473388671875000e+03 5.146412372589111328e+00 0.000000000000000000e+00
3.659316894531250000e+03 4.995600223541259766e+00 0.000000000000000000e+00
3.660158691406250000e+03 9.981684684753417969e-01 0.000000000000000000e+00
3.661002929687500000e+03 3.770153760910034180e+00 0.000000000000000000e+00
3.661844970703125000e+03 4.724518775939941406e+00 0.000000000000000000e+00
3.662687500000000000e+03 2.848413228988647461e+00 0.000000000000000000e+00
3.663531982421875000e+03 1.119514846801757812e+01 0.000000000000000000e+00
3.664374755859375000e+03 1.018595600128173828e+01 0.000000000000000000e+00
3.665219726562500000e+03 4.285372257232666016e+00 0.000000000000000000e+00
3.666062988281250000e+03 7.131098747253417969e+00 0.000000000000000000e+00
3.666908447265625000e+03 8.898561477661132812e+00 0.000000000000000000e+00
3.667751953125000000e+03 3.643836975097656250e+00 0.000000000000000000e+00
3.668597656250000000e+03 2.325114011764526367e+00 0.000000000000000000e+00
3.669441650390625000e+03 3.287653446197509766e+00 0.000000000000000000e+00
3.670285888671875000e+03 2.715929508209228516e+00 0.000000000000000000e+00
3.671132080078125000e+03 -1.679795086383819580e-01 0.000000000000000000e+00
3.671976806640625000e+03 -2.344849586486816406e+00 0.000000000000000000e+00
3.672823486328125000e+03 1.717367768287658691e+00 0.000000000000000000e+00
3.673668457031250000e+03 1.766216635704040527e+00 0.000000000000000000e+00
3.674515625000000000e+03 6.152740120887756348e-01 0.000000000000000000e+00
3.675360839843750000e+03 1.410477161407470703e+00 0.000000000000000000e+00
3.676206298828125000e+03 3.830190420150756836e+00 0.000000000000000000e+00
3.677054199218750000e+03 7.853095054626464844e+00 0.000000000000000000e+00
3.677899902343750000e+03 1.621587753295898438e+01 0.000000000000000000e+00
3.678748046875000000e+03 7.671754360198974609e+00 0.000000000000000000e+00
3.679594482421875000e+03 2.243681192398071289e+00 0.000000000000000000e+00
3.680442871093750000e+03 6.829662322998046875e+00 0.000000000000000000e+00
3.681289550781250000e+03 9.645022392272949219e+00 0.000000000000000000e+00
3.682136474609375000e+03 4.551004409790039062e+00 0.000000000000000000e+00
3.682985595703125000e+03 8.772240638732910156e+00 0.000000000000000000e+00
3.683832763671875000e+03 7.670661926269531250e+00 0.000000000000000000e+00
3.684682373046875000e+03 8.459882736206054688e+00 0.000000000000000000e+00
3.685530029296875000e+03 9.951819419860839844e+00 0.000000000000000000e+00
3.686379882812500000e+03 6.743382453918457031e+00 0.000000000000000000e+00
3.687227783203125000e+03 4.868511676788330078e+00 0.000000000000000000e+00
3.688076171875000000e+03 6.341902256011962891e+00 0.000000000000000000e+00
3.688926513671875000e+03 5.879733085632324219e+00 0.000000000000000000e+00
3.689775146484375000e+03 5.534022331237792969e+00 0.000000000000000000e+00
3.690625976562500000e+03 5.893954277038574219e+00 0.000000000000000000e+00
3.691475097656250000e+03 6.050173759460449219e+00 0.000000000000000000e+00
3.692326416015625000e+03 6.686507225036621094e+00 0.000000000000000000e+00
3.693175781250000000e+03 6.520650863647460938e+00 0.000000000000000000e+00
3.694025390625000000e+03 7.054168701171875000e+00 0.000000000000000000e+00
3.694877197265625000e+03 7.495405197143554688e+00 0.000000000000000000e+00
3.695727294921875000e+03 8.570923805236816406e+00 0.000000000000000000e+00
3.696579345703125000e+03 9.046711921691894531e+00 0.000000000000000000e+00
3.697429931640625000e+03 5.922921180725097656e+00 0.000000000000000000e+00
3.698282470703125000e+03 1.120820617675781250e+01 0.000000000000000000e+00
3.699133300781250000e+03 9.662018775939941406e+00 0.000000000000000000e+00
3.699984130859375000e+03 7.373666763305664062e+00 0.000000000000000000e+00
3.700837402343750000e+03 8.671933174133300781e+00 0.000000000000000000e+00
3.701688720703125000e+03 9.967164039611816406e+00 0.000000000000000000e+00
3.702542480468750000e+03 7.680986404418945312e+00 0.000000000000000000e+00
3.703394287109375000e+03 7.552089691162109375e+00 0.000000000000000000e+00
3.704248291015625000e+03 8.132378578186035156e+00 0.000000000000000000e+00
3.705100341796875000e+03 6.593378067016601562e+00 0.000000000000000000e+00
3.705952636718750000e+03 4.623624324798583984e+00 0.000000000000000000e+00
3.706807373046875000e+03 4.580959320068359375e+00 0.000000000000000000e+00
3.707659912109375000e+03 5.189485549926757812e+00 0.000000000000000000e+00
3.708514892578125000e+03 8.203098297119140625e+00 0.000000000000000000e+00
3.709368164062500000e+03 8.000373840332031250e+00 0.000000000000000000e+00
3.710223388671875000e+03 9.892633438110351562e+00 0.000000000000000000e+00
3.711077148437500000e+03 1.248735618591308594e+01 0.000000000000000000e+00
3.711930664062500000e+03 1.003940105438232422e+01 0.000000000000000000e+00
3.712786621093750000e+03 5.384292125701904297e+00 0.000000000000000000e+00
3.713640869140625000e+03 1.051311206817626953e+01 0.000000000000000000e+00
3.714497314453125000e+03 6.704097747802734375e+00 0.000000000000000000e+00
3.715351806640625000e+03 6.161778926849365234e+00 0.000000000000000000e+00
3.716208496093750000e+03 9.075946807861328125e+00 0.000000000000000000e+00
3.717063476562500000e+03 7.208629608154296875e+00 0.000000000000000000e+00
3.717918457031250000e+03 5.847943305969238281e+00 0.000000000000000000e+00
3.718775878906250000e+03 6.985758304595947266e+00 0.000000000000000000e+00
3.719631347656250000e+03 4.372418880462646484e+00 0.000000000000000000e+00
3.720489013671875000e+03 6.693907737731933594e+00 0.000000000000000000e+00
3.721344970703125000e+03 9.357107162475585938e+00 0.000000000000000000e+00
3.722203125000000000e+03 5.835260868072509766e+00 0.000000000000000000e+00
3.723059326171875000e+03 5.860198497772216797e+00 0.000000000000000000e+00
3.723915771484375000e+03 4.293193817138671875e+00 0.000000000000000000e+00
3.724774658203125000e+03 8.471484184265136719e+00 0.000000000000000000e+00
3.725631591796875000e+03 1.159586906433105469e+01 0.000000000000000000e+00
3.726490478515625000e+03 7.985732555389404297e+00 0.000000000000000000e+00
3.727347900390625000e+03 3.104928731918334961e+00 0.000000000000000000e+00
3.728207275390625000e+03 6.846175670623779297e+00 0.000000000000000000e+00
3.729064941406250000e+03 7.681174874305725098e-01 0.000000000000000000e+00
3.729922851562500000e+03 9.076887130737304688e+00 0.000000000000000000e+00
3.730782958984375000e+03 1.085691928863525391e+01 0.000000000000000000e+00
3.731641357421875000e+03 6.260523319244384766e+00 0.000000000000000000e+00
3.732501708984375000e+03 7.708271503448486328e+00 0.000000000000000000e+00
3.733360351562500000e+03 6.135793685913085938e+00 0.000000000000000000e+00
3.734221435546875000e+03 1.014906597137451172e+01 0.000000000000000000e+00
3.735080322265625000e+03 8.903348922729492188e+00 0.000000000000000000e+00
3.735941650390625000e+03 1.392449474334716797e+01 0.000000000000000000e+00
3.736801269531250000e+03 1.530779647827148438e+01 0.000000000000000000e+00
3.737660888671875000e+03 8.078411102294921875e+00 0.000000000000000000e+00
3.738522705078125000e+03 1.813921737670898438e+01 0.000000000000000000e+00
3.739382812500000000e+03 7.254920959472656250e+00 0.000000000000000000e+00
3.740245117187500000e+03 4.894950389862060547e+00 0.000000000000000000e+00
3.741105468750000000e+03 6.738567829132080078e+00 0.000000000000000000e+00
3.741968261718750000e+03 7.094748973846435547e+00 0.000000000000000000e+00
3.742829101562500000e+03 9.000841140747070312e+00 0.000000000000000000e+00
3.743689941406250000e+03 1.261035156250000000e+01 0.000000000000000000e+00
3.744553222656250000e+03 9.637690544128417969e+00 0.000000000000000000e+00
3.745414794921875000e+03 1.182964420318603516e+01 0.000000000000000000e+00
3.746278564453125000e+03 1.033932495117187500e+01 0.000000000000000000e+00
3.747140380859375000e+03 8.012907028198242188e+00 0.000000000000000000e+00
3.748004394531250000e+03 1.080520534515380859e+01 0.000000000000000000e+00
3.748866699218750000e+03 7.480160236358642578e+00 0.000000000000000000e+00
3.749729003906250000e+03 6.791472434997558594e-01 0.000000000000000000e+00
3.750593750000000000e+03 6.664830684661865234e+00 0.000000000000000000e+00
3.751456542968750000e+03 1.277382278442382812e+01 0.000000000000000000e+00
3.752321533203125000e+03 1.115714263916015625e+01 0.000000000000000000e+00
3.753184814453125000e+03 7.767308235168457031e+00 0.000000000000000000e+00
3.754050292968750000e+03 1.071310138702392578e+01 0.000000000000000000e+00
3.754913818359375000e+03 1.242861652374267578e+01 0.000000000000000000e+00
3.755777587890625000e+03 1.234282588958740234e+01 0.000000000000000000e+00
3.756643798828125000e+03 1.155535316467285156e+01 0.000000000000000000e+00
3.757508056640625000e+03 9.648731231689453125e+00 0.000000000000000000e+00
3.758374511718750000e+03 8.326951980590820312e+00 0.000000000000000000e+00
3.759239013671875000e+03 1.105305385589599609e+01 0.000000000000000000e+00
3.760105957031250000e+03 5.788541316986083984e+00 0.000000000000000000e+00
3.760970947265625000e+03 1.194087886810302734e+01 0.000000000000000000e+00
3.761836181640625000e+03 1.446895313262939453e+01 0.000000000000000000e+00
3.762703613281250000e+03 1.096000576019287109e+01 0.000000000000000000e+00
3.763569335937500000e+03 1.056742382049560547e+01 0.000000000000000000e+00
3.764437011718750000e+03 1.031325912475585938e+01 0.000000000000000000e+00
3.765302978515625000e+03 1.097884464263916016e+01 0.000000000000000000e+00
3.766171386718750000e+03 1.193049812316894531e+01 0.000000000000000000e+00
3.767037841796875000e+03 1.322201347351074219e+01 0.000000000000000000e+00
3.767904296875000000e+03 1.269268226623535156e+01 0.000000000000000000e+00
3.768773193359375000e+03 9.722756385803222656e+00 0.000000000000000000e+00
3.769640136718750000e+03 8.099552154541015625e+00 0.000000000000000000e+00
3.770509521484375000e+03 3.726365566253662109e+00 0.000000000000000000e+00
3.771376953125000000e+03 2.292480707168579102e+00 0.000000000000000000e+00
3.772246582031250000e+03 3.035203695297241211e+00 0.000000000000000000e+00
3.773114501953125000e+03 4.171052455902099609e+00 0.000000000000000000e+00
3.773982421875000000e+03 5.684964179992675781e+00 0.000000000000000000e+00
3.774852783203125000e+03 7.727693557739257812e+00 0.000000000000000000e+00
3.775720947265625000e+03 6.946238040924072266e+00 0.000000000000000000e+00
3.776591796875000000e+03 1.064469528198242188e+01 0.000000000000000000e+00
3.777460449218750000e+03 8.973168373107910156e+00 0.000000000000000000e+00
3.778331542968750000e+03 5.316462516784667969e+00 0.000000000000000000e+00
3.779200927734375000e+03 7.998658180236816406e+00 0.000000000000000000e+00
3.780070312500000000e+03 9.203502655029296875e+00 0.000000000000000000e+00
3.780941894531250000e+03 1.004033279418945312e+01 0.000000000000000000e+00
3.781811767578125000e+03 9.017786026000976562e+00 0.000000000000000000e+00
3.782683837890625000e+03 8.562637329101562500e+00 0.000000000000000000e+00
3.783553955078125000e+03 9.974525451660156250e+00 0.000000000000000000e+00
3.784426513671875000e+03 9.151945114135742188e+00 0.000000000000000000e+00
3.785297119140625000e+03 1.558395504951477051e+00 0.000000000000000000e+00
3.786167968750000000e+03 5.775920867919921875e+00 0.000000000000000000e+00
3.787041015625000000e+03 7.145117282867431641e+00 0.000000000000000000e+00
3.787912109375000000e+03 9.367183685302734375e+00 0.000000000000000000e+00
3.788785644531250000e+03 1.384360599517822266e+01 0.000000000000000000e+00
3.789657226562500000e+03 1.482101058959960938e+01 0.000000000000000000e+00
3.790531005859375000e+03 1.045117378234863281e+01 0.000000000000000000e+00
3.791403076171875000e+03 1.130722332000732422e+01 0.000000000000000000e+00
3.792275390625000000e+03 1.564316844940185547e+01 0.000000000000000000e+00
3.793149902343750000e+03 1.287234497070312500e+01 0.000000000000000000e+00
3.794022460937500000e+03 9.440075874328613281e+00 0.000000000000000000e+00
3.794897216796875000e+03 1.408425617218017578e+01 0.000000000000000000e+00
3.795770263671875000e+03 1.430745792388916016e+01 0.000000000000000000e+00
3.796645507812500000e+03 1.066256523132324219e+01 0.000000000000000000e+00
3.797519042968750000e+03 7.842151641845703125e+00 0.000000000000000000e+00
3.798392578125000000e+03 1.110075092315673828e+01 0.000000000000000000e+00
3.799268554687500000e+03 1.494184017181396484e+01 0.000000000000000000e+00
3.800142578125000000e+03 1.413715457916259766e+01 0.000000000000000000e+00
3.801018798828125000e+03 1.644222068786621094e+01 0.000000000000000000e+00
3.801893310546875000e+03 1.476830959320068359e+01 0.000000000000000000e+00
3.802770019531250000e+03 1.338880538940429688e+01 0.000000000000000000e+00
3.803644775390625000e+03 1.467329788208007812e+01 0.000000000000000000e+00
3.804521972656250000e+03 1.560891056060791016e+01 0.000000000000000000e+00
3.805397216796875000e+03 1.372171688079833984e+01 0.000000000000000000e+00
3.806272705078125000e+03 1.312848091125488281e+01 0.000000000000000000e+00
3.807150390625000000e+03 1.425552940368652344e+01 0.000000000000000000e+00
3.808026123046875000e+03 1.595132827758789062e+01 0.000000000000000000e+00
3.808904296875000000e+03 1.465020084381103516e+01 0.000000000000000000e+00
3.809780517578125000e+03 1.494510650634765625e+01 0.000000000000000000e+00
3.810658935546875000e+03 1.873549652099609375e+01 0.000000000000000000e+00
3.811535644531250000e+03 1.430549335479736328e+01 0.000000000000000000e+00
3.812412597656250000e+03 1.183789443969726562e+01 0.000000000000000000e+00
3.813291748046875000e+03 1.434897613525390625e+01 0.000000000000000000e+00
3.814168945312500000e+03 1.564643478393554688e+01 0.000000000000000000e+00
3.815048339843750000e+03 1.433863258361816406e+01 0.000000000000000000e+00
3.815926025390625000e+03 1.443900585174560547e+01 0.000000000000000000e+00
3.816805908203125000e+03 1.697563552856445312e+01 0.000000000000000000e+00
3.817684082031250000e+03 1.448413658142089844e+01 0.000000000000000000e+00
3.818562255859375000e+03 1.578266048431396484e+01 0.000000000000000000e+00
3.819442871093750000e+03 1.700941276550292969e+01 0.000000000000000000e+00
3.820321533203125000e+03 1.533545398712158203e+01 0.000000000000000000e+00
3.821202392578125000e+03 1.339198493957519531e+01 0.000000000000000000e+00
3.822081542968750000e+03 1.367999744415283203e+01 0.000000000000000000e+00
3.822962890625000000e+03 1.242592430114746094e+01 0.000000000000000000e+00
3.823842285156250000e+03 1.049570369720458984e+01 0.000000000000000000e+00
3.824721923828125000e+03 7.775808811187744141e+00 0.000000000000000000e+00
3.825604003906250000e+03 5.744739055633544922e+00 0.000000000000000000e+00
3.826484130859375000e+03 5.139557361602783203e+00 0.000000000000000000e+00
3.827366455078125000e+03 2.958302974700927734e+00 0.000000000000000000e+00
3.828246826171875000e+03 1.188052058219909668e+00 0.000000000000000000e+00
3.829129638671875000e+03 1.837332546710968018e-01 0.000000000000000000e+00
3.830010498046875000e+03 -4.306951910257339478e-02 0.000000000000000000e+00
3.830891601562500000e+03 1.335920095443725586e+00 0.000000000000000000e+00
3.831775146484375000e+03 4.972255229949951172e+00 0.000000000000000000e+00
3.832656494140625000e+03 9.287631988525390625e+00 0.000000000000000000e+00
3.833540283203125000e+03 1.079762077331542969e+01 0.000000000000000000e+00
3.834422363281250000e+03 9.664859771728515625e+00 0.000000000000000000e+00
3.835306396484375000e+03 6.503471851348876953e+00 0.000000000000000000e+00
3.836188720703125000e+03 5.720088005065917969e+00 0.000000000000000000e+00
3.837071289062500000e+03 8.645849227905273438e+00 0.000000000000000000e+00
3.837956054687500000e+03 8.106114387512207031e+00 0.000000000000000000e+00
3.838839111328125000e+03 1.254804325103759766e+01 0.000000000000000000e+00
3.839724365234375000e+03 1.339624977111816406e+01 0.000000000000000000e+00
3.840607666015625000e+03 1.413255023956298828e+01 0.000000000000000000e+00
3.841493164062500000e+03 1.497474002838134766e+01 0.000000000000000000e+00
3.842376953125000000e+03 1.206435108184814453e+01 0.000000000000000000e+00
3.843260986328125000e+03 7.342414855957031250e+00 0.000000000000000000e+00
3.844147216796875000e+03 5.116191387176513672e+00 0.000000000000000000e+00
3.845031494140625000e+03 2.883863687515258789e+00 0.000000000000000000e+00
3.845918212890625000e+03 7.337321758270263672e+00 0.000000000000000000e+00
3.846802978515625000e+03 1.601113128662109375e+01 0.000000000000000000e+00
3.847689941406250000e+03 1.971796798706054688e+01 0.000000000000000000e+00
3.848575195312500000e+03 1.751986885070800781e+01 0.000000000000000000e+00
3.849460449218750000e+03 1.387023925781250000e+01 0.000000000000000000e+00
3.850348144531250000e+03 1.665295410156250000e+01 0.000000000000000000e+00
3.851233886718750000e+03 1.830241584777832031e+01 0.000000000000000000e+00
3.852122070312500000e+03 1.492607212066650391e+01 0.000000000000000000e+00
3.853008300781250000e+03 1.113559341430664062e+01 0.000000000000000000e+00
3.853896728515625000e+03 1.188302612304687500e+01 0.000000000000000000e+00
3.854783203125000000e+03 1.278462982177734375e+01 0.000000000000000000e+00
3.855670166015625000e+03 1.115491771697998047e+01 0.000000000000000000e+00
3.856559082031250000e+03 1.183776760101318359e+01 0.000000000000000000e+00
3.857446289062500000e+03 1.293609809875488281e+01 0.000000000000000000e+00
3.858335937500000000e+03 1.189798355102539062e+01 0.000000000000000000e+00
3.859223388671875000e+03 1.522661113739013672e+01 0.000000000000000000e+00
3.860113525390625000e+03 1.057018947601318359e+01 0.000000000000000000e+00
3.861001464843750000e+03 1.474983596801757812e+01 0.000000000000000000e+00
3.861889648437500000e+03 1.533969879150390625e+01 0.000000000000000000e+00
3.862780273437500000e+03 1.166332912445068359e+01 0.000000000000000000e+00
3.863668945312500000e+03 1.316712760925292969e+01 0.000000000000000000e+00
3.864559814453125000e+03 1.336320400238037109e+01 0.000000000000000000e+00
3.865448730468750000e+03 1.539670848846435547e+01 0.000000000000000000e+00
3.866340087890625000e+03 1.348554801940917969e+01 0.000000000000000000e+00
3.867229736328125000e+03 1.359885311126708984e+01 0.000000000000000000e+00
3.868121337890625000e+03 1.437873935699462891e+01 0.000000000000000000e+00
3.869011230468750000e+03 1.174385643005371094e+01 0.000000000000000000e+00
3.869901367187500000e+03 1.290447807312011719e+01 0.000000000000000000e+00
3.870793701171875000e+03 1.206608486175537109e+01 0.000000000000000000e+00
3.871684082031250000e+03 1.437927055358886719e+01 0.000000000000000000e+00
3.872576904296875000e+03 1.448269176483154297e+01 0.000000000000000000e+00
3.873467773437500000e+03 1.342552280426025391e+01 0.000000000000000000e+00
3.874361083984375000e+03 1.567151165008544922e+01 0.000000000000000000e+00
3.875252441406250000e+03 1.577421283721923828e+01 0.000000000000000000e+00
3.876143798828125000e+03 1.408688735961914062e+01 0.000000000000000000e+00
3.877037597656250000e+03 1.292104530334472656e+01 0.000000000000000000e+00
3.877929687500000000e+03 1.147738361358642578e+01 0.000000000000000000e+00
3.878823730468750000e+03 1.124404621124267578e+01 0.000000000000000000e+00
3.879716064453125000e+03 1.226661872863769531e+01 0.000000000000000000e+00
3.880610839843750000e+03 9.398519515991210938e+00 0.000000000000000000e+00
3.881503662109375000e+03 1.308079147338867188e+01 0.000000000000000000e+00
3.882396484375000000e+03 1.489843750000000000e+01 0.000000000000000000e+00
3.883291748046875000e+03 1.313944816589355469e+01 0.000000000000000000e+00
3.884185058593750000e+03 1.259039592742919922e+01 0.000000000000000000e+00
3.885080810546875000e+03 1.383105659484863281e+01 0.000000000000000000e+00
3.885974609375000000e+03 9.135140419006347656e+00 0.000000000000000000e+00
3.886870605468750000e+03 1.491694641113281250e+01 0.000000000000000000e+00
3.887764892578125000e+03 1.366539192199707031e+01 0.000000000000000000e+00
3.888659179687500000e+03 1.064895629882812500e+01 0.000000000000000000e+00
3.889555908203125000e+03 9.689437866210937500e+00 0.000000000000000000e+00
3.890450683593750000e+03 9.230465888977050781e+00 0.000000000000000000e+00
3.891347900390625000e+03 1.309142398834228516e+01 0.000000000000000000e+00
3.892242919921875000e+03 1.248332309722900391e+01 0.000000000000000000e+00
3.893140625000000000e+03 1.492271900177001953e+01 0.000000000000000000e+00
3.894036132812500000e+03 1.577440166473388672e+01 0.000000000000000000e+00
3.894931884765625000e+03 1.406723403930664062e+01 0.000000000000000000e+00
3.895830078125000000e+03 1.360859107971191406e+01 0.000000000000000000e+00
3.896726318359375000e+03 1.322872638702392578e+01 0.000000000000000000e+00
3.897625000000000000e+03 1.417944622039794922e+01 0.000000000000000000e+00
3.898521484375000000e+03 1.364517784118652344e+01 0.000000000000000000e+00
3.899420654296875000e+03 1.365034866333007812e+01 0.000000000000000000e+00
3.900317626953125000e+03 1.429684257507324219e+01 0.000000000000000000e+00
3.901214843750000000e+03 1.420208835601806641e+01 0.000000000000000000e+00
3.902114501953125000e+03 1.466600227355957031e+01 0.000000000000000000e+00
3.903012207031250000e+03 1.280005550384521484e+01 0.000000000000000000e+00
3.903912109375000000e+03 1.344184303283691406e+01 0.000000000000000000e+00
3.904810302734375000e+03 1.434306621551513672e+01 0.000000000000000000e+00
3.905710693359375000e+03 1.531096267700195312e+01 0.000000000000000000e+00
3.906609375000000000e+03 1.715887832641601562e+01 0.000000000000000000e+00
3.907508056640625000e+03 1.571541118621826172e+01 0.000000000000000000e+00
3.908408935546875000e+03 1.501019668579101562e+01 0.000000000000000000e+00
3.909308105468750000e+03 1.390684700012207031e+01 0.000000000000000000e+00
3.910209716796875000e+03 1.388188648223876953e+01 0.000000000000000000e+00
3.911109130859375000e+03 1.304503059387207031e+01 0.000000000000000000e+00
3.912010986328125000e+03 1.061692523956298828e+01 0.000000000000000000e+00
3.912911132812500000e+03 1.341572380065917969e+01 0.000000000000000000e+00
3.913811279296875000e+03 1.417101764678955078e+01 0.000000000000000000e+00
3.914713623046875000e+03 1.500013065338134766e+01 0.000000000000000000e+00
3.915614257812500000e+03 1.326400756835937500e+01 0.000000000000000000e+00
3.916517089843750000e+03 1.070564746856689453e+01 0.000000000000000000e+00
3.917418212890625000e+03 9.981986999511718750e+00 0.000000000000000000e+00
3.918321533203125000e+03 7.075593471527099609e+00 0.000000000000000000e+00
3.919222900390625000e+03 1.286018371582031250e+01 0.000000000000000000e+00
3.920124511718750000e+03 1.395230484008789062e+01 0.000000000000000000e+00
3.921028564453125000e+03 1.451300239562988281e+01 0.000000000000000000e+00
3.921930664062500000e+03 1.460147380828857422e+01 0.000000000000000000e+00
3.922834960937500000e+03 1.089911937713623047e+01 0.000000000000000000e+00
3.923737304687500000e+03 1.163522815704345703e+01 0.000000000000000000e+00
3.924642089843750000e+03 1.136919116973876953e+01 0.000000000000000000e+00
3.925545166015625000e+03 1.274675273895263672e+01 0.000000000000000000e+00
3.926447998046875000e+03 1.383586788177490234e+01 0.000000000000000000e+00
3.927353515625000000e+03 1.285312366485595703e+01 0.000000000000000000e+00
3.928257080078125000e+03 1.000258159637451172e+01 0.000000000000000000e+00
3.929162841796875000e+03 6.687895298004150391e+00 0.000000000000000000e+00
3.930066894531250000e+03 8.506742477416992188e+00 0.000000000000000000e+00
3.930973144531250000e+03 8.917058944702148438e+00 0.000000000000000000e+00
3.931877441406250000e+03 9.712985992431640625e+00 0.000000000000000000e+00
3.932781982421875000e+03 1.099448013305664062e+01 0.000000000000000000e+00
3.933688720703125000e+03 1.055609607696533203e+01 0.000000000000000000e+00
3.934593750000000000e+03 1.099048995971679688e+01 0.000000000000000000e+00
3.935500976562500000e+03 1.228899288177490234e+01 0.000000000000000000e+00
3.936406250000000000e+03 1.063375377655029297e+01 0.000000000000000000e+00
3.937314208984375000e+03 1.092401885986328125e+01 0.000000000000000000e+00
3.938219970703125000e+03 1.132804679870605469e+01 0.000000000000000000e+00
3.939127929687500000e+03 8.869749069213867188e+00 0.000000000000000000e+00
3.940034179687500000e+03 1.263118171691894531e+01 0.000000000000000000e+00
3.940940673828125000e+03 1.097246074676513672e+01 0.000000000000000000e+00
3.941849365234375000e+03 9.184599876403808594e+00 0.000000000000000000e+00
3.942756103515625000e+03 8.281147003173828125e+00 0.000000000000000000e+00
3.943665283203125000e+03 8.947464942932128906e+00 0.000000000000000000e+00
3.944572509765625000e+03 1.118311119079589844e+01 0.000000000000000000e+00
3.945482177734375000e+03 1.048203754425048828e+01 0.000000000000000000e+00
3.946389892578125000e+03 9.459512710571289062e+00 0.000000000000000000e+00
3.947297851562500000e+03 8.344343185424804688e+00 0.000000000000000000e+00
3.948208007812500000e+03 9.348857879638671875e+00 0.000000000000000000e+00
3.949116210937500000e+03 1.043090629577636719e+01 0.000000000000000000e+00
3.950026855468750000e+03 8.903055191040039062e+00 0.000000000000000000e+00
3.950935546875000000e+03 9.492747306823730469e+00 0.000000000000000000e+00
3.951846679687500000e+03 1.108237171173095703e+01 0.000000000000000000e+00
3.952755859375000000e+03 1.082826614379882812e+01 0.000000000000000000e+00
3.953665039062500000e+03 1.017566680908203125e+01 0.000000000000000000e+00
3.954576904296875000e+03 1.035816860198974609e+01 0.000000000000000000e+00
3.955486572265625000e+03 9.860098838806152344e+00 0.000000000000000000e+00
3.956398681640625000e+03 6.682836055755615234e+00 0.000000000000000000e+00
3.957308837890625000e+03 7.425737380981445312e+00 0.000000000000000000e+00
3.958221435546875000e+03 8.422228813171386719e+00 0.000000000000000000e+00
3.959132080078125000e+03 9.451217651367187500e+00 0.000000000000000000e+00
3.960042724609375000e+03 9.184983253479003906e+00 0.000000000000000000e+00
3.960956054687500000e+03 7.472937583923339844e+00 0.000000000000000000e+00
3.961867187500000000e+03 9.744741439819335938e+00 0.000000000000000000e+00
3.962780761718750000e+03 7.754074573516845703e+00 0.000000000000000000e+00
3.963692382812500000e+03 8.586895942687988281e+00 0.000000000000000000e+00
3.964606445312500000e+03 9.471470832824707031e+00 0.000000000000000000e+00
3.965518554687500000e+03 8.423927307128906250e+00 0.000000000000000000e+00
3.966430664062500000e+03 7.756779193878173828e+00 0.000000000000000000e+00
3.967345458984375000e+03 8.101257324218750000e+00 0.000000000000000000e+00
3.968258056640625000e+03 7.890120029449462891e+00 0.000000000000000000e+00
3.969173095703125000e+03 8.019198417663574219e+00 0.000000000000000000e+00
3.970086181640625000e+03 7.794048786163330078e+00 0.000000000000000000e+00
3.971001708984375000e+03 8.134765625000000000e+00 0.000000000000000000e+00
3.971915283203125000e+03 9.624181747436523438e+00 0.000000000000000000e+00
3.972829101562500000e+03 8.317006111145019531e+00 0.000000000000000000e+00
3.973745117187500000e+03 5.444734573364257812e+00 0.000000000000000000e+00
3.974659179687500000e+03 6.435278415679931641e+00 0.000000000000000000e+00
3.975575927734375000e+03 8.315408706665039062e+00 0.000000000000000000e+00
3.976490478515625000e+03 7.929820537567138672e+00 0.000000000000000000e+00
3.977407470703125000e+03 6.676068782806396484e+00 0.000000000000000000e+00
3.978322509765625000e+03 8.110320091247558594e+00 0.000000000000000000e+00
3.979237548828125000e+03 7.798646450042724609e+00 0.000000000000000000e+00
3.980155273437500000e+03 7.593619823455810547e+00 0.000000000000000000e+00
3.981070800781250000e+03 7.549890995025634766e+00 0.000000000000000000e+00
3.981988769531250000e+03 6.821898460388183594e+00 0.000000000000000000e+00
3.982904785156250000e+03 6.002811431884765625e+00 0.000000000000000000e+00
3.983823242187500000e+03 7.542447566986083984e+00 0.000000000000000000e+00
3.984739746093750000e+03 9.189923286437988281e+00 0.000000000000000000e+00
3.985656494140625000e+03 8.917699813842773438e+00 0.000000000000000000e+00
3.986575683593750000e+03 9.215135574340820312e+00 0.000000000000000000e+00
3.987492675781250000e+03 9.149379730224609375e+00 0.000000000000000000e+00
3.988412109375000000e+03 7.125044345855712891e+00 0.000000000000000000e+00
3.989329833984375000e+03 8.266095161437988281e+00 0.000000000000000000e+00
3.990249755859375000e+03 6.929771900177001953e+00 0.000000000000000000e+00
3.991167724609375000e+03 7.468858242034912109e+00 0.000000000000000000e+00
3.992085693359375000e+03 7.433663845062255859e+00 0.000000000000000000e+00
3.993006347656250000e+03 6.720935821533203125e+00 0.000000000000000000e+00
3.993925048828125000e+03 7.243914604187011719e+00 0.000000000000000000e+00
3.994845947265625000e+03 5.593695640563964844e+00 0.000000000000000000e+00
3.995764892578125000e+03 6.555106639862060547e+00 0.000000000000000000e+00
3.996686279296875000e+03 5.445210456848144531e+00 0.000000000000000000e+00
3.997605712890625000e+03 5.167527675628662109e+00 0.000000000000000000e+00
3.998525390625000000e+03 5.954207420349121094e+00 0.000000000000000000e+00
3.999447509765625000e+03 6.021458625793457031e+00 0.000000000000000000e+00
4.000367431640625000e+03 9.224666595458984375e+00 0.000000000000000000e+00
4.001290039062500000e+03 6.814047336578369141e+00 0.000000000000000000e+00
4.002210449218750000e+03 6.609523773193359375e+00 0.000000000000000000e+00
4.003133300781250000e+03 8.085030555725097656e+00 0.000000000000000000e+00
4.004054443359375000e+03 8.098672866821289062e+00 0.000000000000000000e+00
4.004975341796875000e+03 7.258882999420166016e+00 0.000000000000000000e+00
4.005898925781250000e+03 9.180029869079589844e+00 0.000000000000000000e+00
4.006820556640625000e+03 7.852451324462890625e+00 0.000000000000000000e+00
4.007744628906250000e+03 7.082036018371582031e+00 0.000000000000000000e+00
4.008666503906250000e+03 7.160172939300537109e+00 0.000000000000000000e+00
4.009590820312500000e+03 8.187151908874511719e+00 0.000000000000000000e+00
4.010513183593750000e+03 9.858255386352539062e+00 0.000000000000000000e+00
4.011437988281250000e+03 8.737161636352539062e+00 0.000000000000000000e+00
4.012360839843750000e+03 9.636226654052734375e+00 0.000000000000000000e+00
4.013283935546875000e+03 8.433114051818847656e+00 0.000000000000000000e+00
4.014209472656250000e+03 7.043612957000732422e+00 0.000000000000000000e+00
4.015132812500000000e+03 7.255424499511718750e+00 0.000000000000000000e+00
4.016058837890625000e+03 7.818452835083007812e+00 0.000000000000000000e+00
4.016982666015625000e+03 7.774383544921875000e+00 0.000000000000000000e+00
4.017908935546875000e+03 9.386440277099609375e+00 0.000000000000000000e+00
4.018833251953125000e+03 7.618965625762939453e+00 0.000000000000000000e+00
4.019757812500000000e+03 6.484039783477783203e+00 0.000000000000000000e+00
4.020684814453125000e+03 7.698260307312011719e+00 0.000000000000000000e+00
4.021609619140625000e+03 7.618498325347900391e+00 0.000000000000000000e+00
4.022537109375000000e+03 5.628007888793945312e+00 0.000000000000000000e+00
4.023462402343750000e+03 9.043747901916503906e+00 0.000000000000000000e+00
4.024390136718750000e+03 8.388745307922363281e+00 0.000000000000000000e+00
4.025316162109375000e+03 8.109559059143066406e+00 0.000000000000000000e+00
4.026242187500000000e+03 8.760757446289062500e+00 0.000000000000000000e+00
4.027170410156250000e+03 6.350099086761474609e+00 0.000000000000000000e+00
4.028096923828125000e+03 7.320911407470703125e+00 0.000000000000000000e+00
4.029025878906250000e+03 8.220089912414550781e+00 0.000000000000000000e+00
4.029952636718750000e+03 7.947903633117675781e+00 0.000000000000000000e+00
4.030882080078125000e+03 8.274485588073730469e+00 0.000000000000000000e+00
4.031809326171875000e+03 7.888677120208740234e+00 0.000000000000000000e+00
4.032736816406250000e+03 6.187015533447265625e+00 0.000000000000000000e+00
4.033666748046875000e+03 9.569540023803710938e+00 0.000000000000000000e+00
4.034594726562500000e+03 7.662685394287109375e+00 0.000000000000000000e+00
4.035525146484375000e+03 6.641449928283691406e+00 0.000000000000000000e+00
4.036453369140625000e+03 7.692234516143798828e+00 0.000000000000000000e+00
4.037384277343750000e+03 8.287213325500488281e+00 0.000000000000000000e+00
4.038312988281250000e+03 7.091974735260009766e+00 0.000000000000000000e+00
4.039241943359375000e+03 6.579227924346923828e+00 0.000000000000000000e+00
4.040173583984375000e+03 7.302999973297119141e+00 0.000000000000000000e+00
4.041103027343750000e+03 6.685630798339843750e+00 0.000000000000000000e+00
4.042034667968750000e+03 6.771185398101806641e+00 0.000000000000000000e+00
4.042964599609375000e+03 7.209113597869873047e+00 0.000000000000000000e+00
4.043896972656250000e+03 6.431493282318115234e+00 0.000000000000000000e+00
4.044827148437500000e+03 8.162368774414062500e+00 0.000000000000000000e+00
4.045757812500000000e+03 7.394873619079589844e+00 0.000000000000000000e+00
4.046690673828125000e+03 8.073906898498535156e+00 0.000000000000000000e+00
4.047621582031250000e+03 8.851973533630371094e+00 0.000000000000000000e+00
4.048554931640625000e+03 8.312331199645996094e+00 0.000000000000000000e+00
4.049486328125000000e+03 7.334373950958251953e+00 0.000000000000000000e+00
4.050420166015625000e+03 5.999022006988525391e+00 0.000000000000000000e+00
4.051352050781250000e+03 3.556670427322387695e+00 0.000000000000000000e+00
4.052283935546875000e+03 1.635870695114135742e+00 0.000000000000000000e+00
4.053218505859375000e+03 1.284176111221313477e+00 0.000000000000000000e+00
4.054150878906250000e+03 1.064018011093139648e+00 0.000000000000000000e+00
4.055085693359375000e+03 -2.332007139921188354e-01 0.000000000000000000e+00
4.056018554687500000e+03 8.679735660552978516e-01 0.000000000000000000e+00
4.056953857421875000e+03 3.778572082519531250e+00 0.000000000000000000e+00
4.057887207031250000e+03 3.468079328536987305e+00 0.000000000000000000e+00
4.058820800781250000e+03 1.983879446983337402e+00 0.000000000000000000e+00
4.059756591796875000e+03 1.626637220382690430e+00 0.000000000000000000e+00
4.060690673828125000e+03 1.888561606407165527e+00 0.000000000000000000e+00
4.061626953125000000e+03 2.212681293487548828e+00 0.000000000000000000e+00
4.062561279296875000e+03 3.045616626739501953e+00 0.000000000000000000e+00
4.063498291015625000e+03 2.950830221176147461e+00 0.000000000000000000e+00
4.064433105468750000e+03 5.052775859832763672e+00 0.000000000000000000e+00
4.065367919921875000e+03 7.663608551025390625e+00 0.000000000000000000e+00
4.066305419921875000e+03 6.766547679901123047e+00 0.000000000000000000e+00
4.067240966796875000e+03 7.736793994903564453e+00 0.000000000000000000e+00
4.068178710937500000e+03 1.037647628784179688e+01 0.000000000000000000e+00
4.069114746093750000e+03 8.645054817199707031e+00 0.000000000000000000e+00
4.070052978515625000e+03 7.170133113861083984e+00 0.000000000000000000e+00
4.070989257812500000e+03 8.542965888977050781e+00 0.000000000000000000e+00
4.071925781250000000e+03 8.743909835815429688e+00 0.000000000000000000e+00
4.072864746093750000e+03 5.582005977630615234e+00 0.000000000000000000e+00
4.073801757812500000e+03 6.890308380126953125e+00 0.000000000000000000e+00
4.074741210937500000e+03 6.475547313690185547e+00 0.000000000000000000e+00
4.075678710937500000e+03 6.585745811462402344e+00 0.000000000000000000e+00
4.076618408203125000e+03 7.597556114196777344e+00 0.000000000000000000e+00
4.077556152343750000e+03 6.412981986999511719e+00 0.000000000000000000e+00
4.078494384765625000e+03 6.190603256225585938e+00 0.000000000000000000e+00
4.079434814453125000e+03 7.332188606262207031e+00 0.000000000000000000e+00
4.080373291015625000e+03 6.991344451904296875e+00 0.000000000000000000e+00
4.081314208984375000e+03 6.237603664398193359e+00 0.000000000000000000e+00
4.082253173828125000e+03 6.535909652709960938e+00 0.000000000000000000e+00
4.083194335937500000e+03 7.565078735351562500e+00 0.000000000000000000e+00
4.084133789062500000e+03 8.026708602905273438e+00 0.000000000000000000e+00
4.085075683593750000e+03 7.263923645019531250e+00 0.000000000000000000e+00
4.086015380859375000e+03 7.931490421295166016e+00 0.000000000000000000e+00
4.086955322265625000e+03 7.844852447509765625e+00 0.000000000000000000e+00
4.087897705078125000e+03 7.326669216156005859e+00 0.000000000000000000e+00
4.088838134765625000e+03 7.849750041961669922e+00 0.000000000000000000e+00
4.089781005859375000e+03 4.840351581573486328e+00 0.000000000000000000e+00
4.090721923828125000e+03 6.418243408203125000e+00 0.000000000000000000e+00
4.091665283203125000e+03 8.079627037048339844e+00 0.000000000000000000e+00
4.092606445312500000e+03 7.871792316436767578e+00 0.000000000000000000e+00
4.093548095703125000e+03 6.184472560882568359e+00 0.000000000000000000e+00
4.094491943359375000e+03 4.162561416625976562e+00 0.000000000000000000e+00
4.095433837890625000e+03 3.931800127029418945e+00 0.000000000000000000e+00
4.096378417968750000e+03 6.206224918365478516e+00 0.000000000000000000e+00
4.097320800781250000e+03 7.015509605407714844e+00 0.000000000000000000e+00
4.098265625000000000e+03 6.141338348388671875e+00 0.000000000000000000e+00
4.099208496093750000e+03 5.580315589904785156e+00 0.000000000000000000e+00
4.100151367187500000e+03 6.438925743103027344e+00 0.000000000000000000e+00
4.101096679687500000e+03 6.864623069763183594e+00 0.000000000000000000e+00
4.102040039062500000e+03 6.282302856445312500e+00 0.000000000000000000e+00
4.102986328125000000e+03 7.809436321258544922e+00 0.000000000000000000e+00
4.103930175781250000e+03 8.343270301818847656e+00 0.000000000000000000e+00
4.104876464843750000e+03 7.306364059448242188e+00 0.000000000000000000e+00
4.105820800781250000e+03 7.841234207153320312e+00 0.000000000000000000e+00
4.106765136718750000e+03 8.497632026672363281e+00 0.000000000000000000e+00
4.107712402343750000e+03 6.353028297424316406e+00 0.000000000000000000e+00
4.108657226562500000e+03 7.196886062622070312e+00 0.000000000000000000e+00
4.109604492187500000e+03 7.148472309112548828e+00 0.000000000000000000e+00
4.110550292968750000e+03 6.076555728912353516e+00 0.000000000000000000e+00
4.111498046875000000e+03 8.137064933776855469e+00 0.000000000000000000e+00
4.112443847656250000e+03 8.219017982482910156e+00 0.000000000000000000e+00
4.113389648437500000e+03 8.435392379760742188e+00 0.000000000000000000e+00
4.114338378906250000e+03 7.012727737426757812e+00 0.000000000000000000e+00
4.115285156250000000e+03 5.862443923950195312e+00 0.000000000000000000e+00
4.116233886718750000e+03 6.582123756408691406e+00 0.000000000000000000e+00
4.117180664062500000e+03 7.650076389312744141e+00 0.000000000000000000e+00
4.118130371093750000e+03 6.642013072967529297e+00 0.000000000000000000e+00
4.119077636718750000e+03 7.983705997467041016e+00 0.000000000000000000e+00
4.120025390625000000e+03 7.152796745300292969e+00 0.000000000000000000e+00
4.120975097656250000e+03 5.990380764007568359e+00 0.000000000000000000e+00
4.121923339843750000e+03 6.179291725158691406e+00 0.000000000000000000e+00
4.122874023437500000e+03 6.589392185211181641e+00 0.000000000000000000e+00
4.123822265625000000e+03 7.684955120086669922e+00 0.000000000000000000e+00
4.124773437500000000e+03 7.843229293823242188e+00 0.000000000000000000e+00
4.125722167968750000e+03 7.183830261230468750e+00 0.000000000000000000e+00
4.126671386718750000e+03 5.453305721282958984e+00 0.000000000000000000e+00
4.127623046875000000e+03 3.586784601211547852e+00 0.000000000000000000e+00
4.128572265625000000e+03 3.271492004394531250e+00 0.000000000000000000e+00
4.129524414062500000e+03 4.125448226928710938e+00 0.000000000000000000e+00
4.130474609375000000e+03 5.818817615509033203e+00 0.000000000000000000e+00
4.131426757812500000e+03 6.821752548217773438e+00 0.000000000000000000e+00
4.132377441406250000e+03 6.803033828735351562e+00 0.000000000000000000e+00
4.133328125000000000e+03 6.071420192718505859e+00 0.000000000000000000e+00
4.134281250000000000e+03 6.133807182312011719e+00 0.000000000000000000e+00
4.135232421875000000e+03 9.074572563171386719e+00 0.000000000000000000e+00
4.136185546875000000e+03 5.737236499786376953e+00 0.000000000000000000e+00
4.137137207031250000e+03 5.729933738708496094e+00 0.000000000000000000e+00
4.138091308593750000e+03 7.062069892883300781e+00 0.000000000000000000e+00
4.139043457031250000e+03 6.800066471099853516e+00 0.000000000000000000e+00
4.139995605468750000e+03 7.106384277343750000e+00 0.000000000000000000e+00
4.140950195312500000e+03 8.020798683166503906e+00 0.000000000000000000e+00
4.141902832031250000e+03 6.953269004821777344e+00 0.000000000000000000e+00
4.142857910156250000e+03 7.204451560974121094e+00 0.000000000000000000e+00
4.143811035156250000e+03 7.009285926818847656e+00 0.000000000000000000e+00
4.144766601562500000e+03 6.530392646789550781e+00 0.000000000000000000e+00
4.145720214843750000e+03 7.992746353149414062e+00 0.000000000000000000e+00
4.146673828125000000e+03 7.636275291442871094e+00 0.000000000000000000e+00
4.147629882812500000e+03 6.860113620758056641e+00 0.000000000000000000e+00
4.148583984375000000e+03 6.179119586944580078e+00 0.000000000000000000e+00
4.149540527343750000e+03 6.794198513031005859e+00 0.000000000000000000e+00
4.150495117187500000e+03 7.867907047271728516e+00 0.000000000000000000e+00
4.151452636718750000e+03 7.360776901245117188e+00 0.000000000000000000e+00
4.152407226562500000e+03 6.854366779327392578e+00 0.000000000000000000e+00
4.153362792968750000e+03 8.051609992980957031e+00 0.000000000000000000e+00
4.154320312500000000e+03 6.904317378997802734e+00 0.000000000000000000e+00
4.155276367187500000e+03 6.809158325195312500e+00 0.000000000000000000e+00
4.156234375000000000e+03 7.943778991699218750e+00 0.000000000000000000e+00
4.157190429687500000e+03 7.018281459808349609e+00 0.000000000000000000e+00
4.158148925781250000e+03 8.471588134765625000e+00 0.000000000000000000e+00
4.159105468750000000e+03 6.487125396728515625e+00 0.000000000000000000e+00
4.160064941406250000e+03 6.530585765838623047e+00 0.000000000000000000e+00
4.161021972656250000e+03 6.599434375762939453e+00 0.000000000000000000e+00
4.161979003906250000e+03 5.801810741424560547e+00 0.000000000000000000e+00
4.162938964843750000e+03 6.562112331390380859e+00 0.000000000000000000e+00
4.163896484375000000e+03 6.274791240692138672e+00 0.000000000000000000e+00
4.164856445312500000e+03 7.440041065216064453e+00 0.000000000000000000e+00
4.165814941406250000e+03 8.028858184814453125e+00 0.000000000000000000e+00
4.166775390625000000e+03 7.478871345520019531e+00 0.000000000000000000e+00
4.167733886718750000e+03 7.223450660705566406e+00 0.000000000000000000e+00
4.168692871093750000e+03 7.698297500610351562e+00 0.000000000000000000e+00
4.169653808593750000e+03 5.597737789154052734e+00 0.000000000000000000e+00
4.170613281250000000e+03 5.844437122344970703e+00 0.000000000000000000e+00
4.171575195312500000e+03 6.671741008758544922e+00 0.000000000000000000e+00
4.172534667968750000e+03 6.166407108306884766e+00 0.000000000000000000e+00
4.173497070312500000e+03 5.344389915466308594e+00 0.000000000000000000e+00
4.174457031250000000e+03 6.166638374328613281e+00 0.000000000000000000e+00
4.175417480468750000e+03 6.537683486938476562e+00 0.000000000000000000e+00
4.176379882812500000e+03 5.366379261016845703e+00 0.000000000000000000e+00
4.177340820312500000e+03 6.044045925140380859e+00 0.000000000000000000e+00
4.178304199218750000e+03 7.285734176635742188e+00 0.000000000000000000e+00
4.179265136718750000e+03 7.809642791748046875e+00 0.000000000000000000e+00
4.180229003906250000e+03 7.976437091827392578e+00 0.000000000000000000e+00
4.181190917968750000e+03 6.673990249633789062e+00 0.000000000000000000e+00
4.182152832031250000e+03 7.554917812347412109e+00 0.000000000000000000e+00
4.183117187500000000e+03 7.608129501342773438e+00 0.000000000000000000e+00
4.184079589843750000e+03 6.812658786773681641e+00 0.000000000000000000e+00
4.185044433593750000e+03 6.384274959564208984e+00 0.000000000000000000e+00
4.186006835937500000e+03 6.430771827697753906e+00 0.000000000000000000e+00
4.186972167968750000e+03 6.300221443176269531e+00 0.000000000000000000e+00
4.187935546875000000e+03 6.899198532104492188e+00 0.000000000000000000e+00
4.188898925781250000e+03 6.966492176055908203e+00 0.000000000000000000e+00
4.189864746093750000e+03 6.957879543304443359e+00 0.000000000000000000e+00
4.190828613281250000e+03 7.052527427673339844e+00 0.000000000000000000e+00
4.191794921875000000e+03 6.706927299499511719e+00 0.000000000000000000e+00
4.192759277343750000e+03 6.753120899200439453e+00 0.000000000000000000e+00
4.193726074218750000e+03 6.815543174743652344e+00 0.000000000000000000e+00
4.194690917968750000e+03 7.833778381347656250e+00 0.000000000000000000e+00
4.195655761718750000e+03 7.463874340057373047e+00 0.000000000000000000e+00
4.196623535156250000e+03 6.197651863098144531e+00 0.000000000000000000e+00
4.197588867187500000e+03 7.102623462677001953e+00 0.000000000000000000e+00
4.198557128906250000e+03 7.377125263214111328e+00 0.000000000000000000e+00
4.199522949218750000e+03 4.987455844879150391e+00 0.000000000000000000e+00
4.200491210937500000e+03 4.802452087402343750e+00 0.000000000000000000e+00
4.201457519531250000e+03 5.905523777008056641e+00 0.000000000000000000e+00
4.202423828125000000e+03 6.616217613220214844e+00 0.000000000000000000e+00
4.203393066406250000e+03 7.296402931213378906e+00 0.000000000000000000e+00
4.204359863281250000e+03 7.207789897918701172e+00 0.000000000000000000e+00
4.205329589843750000e+03 7.390392780303955078e+00 0.000000000000000000e+00
4.206296875000000000e+03 6.348621368408203125e+00 0.000000000000000000e+00
4.207267089843750000e+03 6.191846847534179688e+00 0.000000000000000000e+00
4.208234863281250000e+03 6.846323490142822266e+00 0.000000000000000000e+00
4.209203125000000000e+03 5.512597560882568359e+00 0.000000000000000000e+00
4.210173828125000000e+03 4.257168292999267578e+00 0.000000000000000000e+00
4.211142089843750000e+03 6.418853759765625000e+00 0.000000000000000000e+00
4.212113281250000000e+03 5.837420463562011719e+00 0.000000000000000000e+00
4.213082031250000000e+03 5.342952251434326172e+00 0.000000000000000000e+00
4.214053710937500000e+03 7.340508937835693359e+00 0.000000000000000000e+00
4.215022949218750000e+03 8.603539466857910156e+00 0.000000000000000000e+00
4.215992675781250000e+03 7.417036056518554688e+00 0.000000000000000000e+00
4.216964843750000000e+03 7.785192489624023438e+00 0.000000000000000000e+00
4.217935058593750000e+03 7.437606334686279297e+00 0.000000000000000000e+00
4.218907714843750000e+03 7.126184940338134766e+00 0.000000000000000000e+00
4.219878417968750000e+03 7.274392604827880859e+00 0.000000000000000000e+00
4.220851562500000000e+03 6.843297958374023438e+00 0.000000000000000000e+00
4.221822265625000000e+03 7.265717029571533203e+00 0.000000000000000000e+00
4.222793457031250000e+03 7.525873661041259766e+00 0.000000000000000000e+00
4.223767578125000000e+03 7.285137653350830078e+00 0.000000000000000000e+00
4.224739257812500000e+03 7.205159187316894531e+00 0.000000000000000000e+00
4.225713378906250000e+03 6.993051052093505859e+00 0.000000000000000000e+00
4.226685546875000000e+03 6.380000591278076172e+00 0.000000000000000000e+00
4.227660156250000000e+03 7.881653308868408203e+00 0.000000000000000000e+00
4.228632812500000000e+03 7.063206672668457031e+00 0.000000000000000000e+00
4.229605468750000000e+03 7.618581771850585938e+00 0.000000000000000000e+00
4.230580566406250000e+03 7.690162181854248047e+00 0.000000000000000000e+00
4.231554199218750000e+03 6.492264270782470703e+00 0.000000000000000000e+00
4.232529785156250000e+03 6.980370521545410156e+00 0.000000000000000000e+00
4.233503417968750000e+03 8.334566116333007812e+00 0.000000000000000000e+00
4.234479980468750000e+03 6.828399181365966797e+00 0.000000000000000000e+00
4.235454101562500000e+03 6.198476791381835938e+00 0.000000000000000000e+00
4.236430664062500000e+03 6.563560009002685547e+00 0.000000000000000000e+00
4.237405273437500000e+03 6.721484661102294922e+00 0.000000000000000000e+00
4.238379882812500000e+03 6.983029842376708984e+00 0.000000000000000000e+00
4.239357421875000000e+03 7.999454021453857422e+00 0.000000000000000000e+00
4.240332519531250000e+03 7.185400485992431641e+00 0.000000000000000000e+00
4.241310546875000000e+03 7.593182563781738281e+00 0.000000000000000000e+00
4.242286132812500000e+03 7.791154861450195312e+00 0.000000000000000000e+00
4.243264160156250000e+03 6.839338779449462891e+00 0.000000000000000000e+00
4.244240722656250000e+03 6.585004329681396484e+00 0.000000000000000000e+00
4.245216796875000000e+03 6.918222904205322266e+00 0.000000000000000000e+00
4.246195800781250000e+03 7.521487236022949219e+00 0.000000000000000000e+00
4.247172851562500000e+03 7.756855487823486328e+00 0.000000000000000000e+00
4.248151855468750000e+03 8.667112350463867188e+00 0.000000000000000000e+00
4.249129394531250000e+03 8.514856338500976562e+00 0.000000000000000000e+00
4.250109375000000000e+03 5.921827316284179688e+00 0.000000000000000000e+00
4.251086914062500000e+03 8.782976150512695312e+00 0.000000000000000000e+00
4.252064941406250000e+03 8.064155578613281250e+00 0.000000000000000000e+00
4.253045410156250000e+03 7.678588867187500000e+00 0.000000000000000000e+00
4.254023925781250000e+03 7.574703216552734375e+00 0.000000000000000000e+00
4.255004882812500000e+03 6.850849151611328125e+00 0.000000000000000000e+00
4.255983398437500000e+03 6.707287788391113281e+00 0.000000000000000000e+00
4.256964843750000000e+03 6.775865554809570312e+00 0.000000000000000000e+00
4.257944335937500000e+03 7.093823432922363281e+00 0.000000000000000000e+00
4.258923828125000000e+03 7.215977668762207031e+00 0.000000000000000000e+00
4.259905761718750000e+03 7.068972110748291016e+00 0.000000000000000000e+00
4.260885742187500000e+03 7.660501480102539062e+00 0.000000000000000000e+00
4.261868652343750000e+03 8.873285293579101562e+00 0.000000000000000000e+00
4.262849121093750000e+03 6.467268466949462891e+00 0.000000000000000000e+00
4.263832031250000000e+03 6.295396804809570312e+00 0.000000000000000000e+00
4.264812988281250000e+03 6.251901149749755859e+00 0.000000000000000000e+00
4.265793945312500000e+03 7.236317634582519531e+00 0.000000000000000000e+00
4.266777832031250000e+03 8.138251304626464844e+00 0.000000000000000000e+00
4.267759277343750000e+03 6.180747985839843750e+00 0.000000000000000000e+00
4.268743164062500000e+03 6.513597488403320312e+00 0.000000000000000000e+00
4.269725585937500000e+03 6.977161407470703125e+00 0.000000000000000000e+00
4.270709960937500000e+03 6.776027679443359375e+00 0.000000000000000000e+00
4.271692382812500000e+03 6.202757835388183594e+00 0.000000000000000000e+00
4.272675292968750000e+03 5.862360000610351562e+00 0.000000000000000000e+00
4.273660156250000000e+03 6.057351589202880859e+00 0.000000000000000000e+00
4.274643554687500000e+03 6.336595058441162109e+00 0.000000000000000000e+00
4.275629394531250000e+03 7.084704875946044922e+00 0.000000000000000000e+00
4.276612792968750000e+03 7.074454784393310547e+00 0.000000000000000000e+00
4.277599121093750000e+03 7.430248260498046875e+00 0.000000000000000000e+00
4.278583007812500000e+03 7.786538124084472656e+00 0.000000000000000000e+00
4.279567382812500000e+03 6.612558364868164062e+00 0.000000000000000000e+00
4.280554199218750000e+03 7.334136486053466797e+00 0.000000000000000000e+00
4.281539062500000000e+03 8.579541206359863281e+00 0.000000000000000000e+00
4.282526367187500000e+03 7.836650371551513672e+00 0.000000000000000000e+00
4.283511718750000000e+03 6.302368640899658203e+00 0.000000000000000000e+00
4.284499023437500000e+03 5.776071071624755859e+00 0.000000000000000000e+00
4.285484863281250000e+03 6.535306930541992188e+00 0.000000000000000000e+00
4.286470703125000000e+03 7.999288558959960938e+00 0.000000000000000000e+00
4.287458984375000000e+03 7.397992134094238281e+00 0.000000000000000000e+00
4.288445312500000000e+03 6.817430019378662109e+00 0.000000000000000000e+00
4.289434570312500000e+03 7.104175567626953125e+00 0.000000000000000000e+00
4.290421386718750000e+03 7.539310932159423828e+00 0.000000000000000000e+00
4.291410644531250000e+03 7.187722682952880859e+00 0.000000000000000000e+00
4.292397949218750000e+03 6.330827713012695312e+00 0.000000000000000000e+00
4.293385253906250000e+03 6.508882522583007812e+00 0.000000000000000000e+00
4.294375488281250000e+03 8.128967285156250000e+00 0.000000000000000000e+00
4.295363281250000000e+03 8.075094223022460938e+00 0.000000000000000000e+00
4.296353515625000000e+03 6.457802295684814453e+00 0.000000000000000000e+00
4.297342285156250000e+03 6.825335979461669922e+00 0.000000000000000000e+00
4.298333007812500000e+03 6.854356765747070312e+00 0.000000000000000000e+00
4.299321777343750000e+03 6.954273700714111328e+00 0.000000000000000000e+00
4.300311035156250000e+03 7.591956138610839844e+00 0.000000000000000000e+00
4.301302734375000000e+03 7.678820610046386719e+00 0.000000000000000000e+00
4.302291992187500000e+03 6.916224956512451172e+00 0.000000000000000000e+00
4.303284179687500000e+03 6.690568447113037109e+00 0.000000000000000000e+00
4.304274414062500000e+03 7.685177326202392578e+00 0.000000000000000000e+00
4.305266601562500000e+03 8.286812782287597656e+00 0.000000000000000000e+00
4.306257324218750000e+03 8.005792617797851562e+00 0.000000000000000000e+00
4.307247558593750000e+03 7.380599975585937500e+00 0.000000000000000000e+00
4.308241210937500000e+03 7.932480335235595703e+00 0.000000000000000000e+00
4.309231933593750000e+03 9.509675025939941406e+00 0.000000000000000000e+00
4.310226074218750000e+03 6.996426105499267578e+00 0.000000000000000000e+00
4.311217285156250000e+03 7.713522911071777344e+00 0.000000000000000000e+00
4.312211425781250000e+03 7.885142326354980469e+00 0.000000000000000000e+00
4.313203613281250000e+03 8.439731597900390625e+00 0.000000000000000000e+00
4.314198242187500000e+03 9.286862373352050781e+00 0.000000000000000000e+00
4.315190429687500000e+03 7.588161468505859375e+00 0.000000000000000000e+00
4.316183593750000000e+03 7.427443504333496094e+00 0.000000000000000000e+00
4.317178710937500000e+03 6.806178569793701172e+00 0.000000000000000000e+00
4.318171875000000000e+03 6.933985233306884766e+00 0.000000000000000000e+00
4.319167480468750000e+03 7.497172355651855469e+00 0.000000000000000000e+00
4.320161132812500000e+03 7.689939975738525391e+00 0.000000000000000000e+00
4.321157226562500000e+03 7.331525802612304688e+00 0.000000000000000000e+00
4.322151367187500000e+03 6.384844779968261719e+00 0.000000000000000000e+00
4.323145996093750000e+03 7.589573860168457031e+00 0.000000000000000000e+00
4.324142578125000000e+03 8.043190956115722656e+00 0.000000000000000000e+00
4.325137695312500000e+03 7.741460323333740234e+00 0.000000000000000000e+00
4.326134765625000000e+03 7.747274875640869141e+00 0.000000000000000000e+00
4.327129882812500000e+03 7.627191066741943359e+00 0.000000000000000000e+00
4.328127929687500000e+03 6.501245021820068359e+00 0.000000000000000000e+00
4.329123535156250000e+03 6.749817848205566406e+00 0.000000000000000000e+00
4.330119628906250000e+03 6.085260868072509766e+00 0.000000000000000000e+00
4.331118164062500000e+03 6.270139217376708984e+00 0.000000000000000000e+00
4.332114257812500000e+03 7.363039493560791016e+00 0.000000000000000000e+00
4.333113281250000000e+03 6.718121051788330078e+00 0.000000000000000000e+00
4.334110351562500000e+03 7.806630611419677734e+00 0.000000000000000000e+00
4.335109863281250000e+03 8.186306953430175781e+00 0.000000000000000000e+00
4.336106933593750000e+03 7.318456649780273438e+00 0.000000000000000000e+00
4.337104492187500000e+03 6.943948745727539062e+00 0.000000000000000000e+00
4.338104492187500000e+03 7.262980461120605469e+00 0.000000000000000000e+00
4.339102539062500000e+03 6.910947799682617188e+00 0.000000000000000000e+00
4.340103027343750000e+03 7.736299037933349609e+00 0.000000000000000000e+00
4.341101562500000000e+03 7.253932476043701172e+00 0.000000000000000000e+00
4.342102539062500000e+03 8.095508575439453125e+00 0.000000000000000000e+00
4.343101562500000000e+03 8.549221038818359375e+00 0.000000000000000000e+00
4.344100585937500000e+03 7.710246562957763672e+00 0.000000000000000000e+00
4.345102539062500000e+03 7.900028705596923828e+00 0.000000000000000000e+00
4.346102050781250000e+03 8.193317413330078125e+00 0.000000000000000000e+00
4.347104003906250000e+03 7.810790061950683594e+00 0.000000000000000000e+00
4.348104003906250000e+03 7.275060653686523438e+00 0.000000000000000000e+00
4.349106933593750000e+03 7.094409465789794922e+00 0.000000000000000000e+00
4.350107421875000000e+03 6.549414157867431641e+00 0.000000000000000000e+00
4.351107910156250000e+03 5.499190807342529297e+00 0.000000000000000000e+00
4.352111328125000000e+03 7.838136672973632812e+00 0.000000000000000000e+00
4.353112792968750000e+03 7.531280994415283203e+00 0.000000000000000000e+00
4.354116699218750000e+03 7.769801139831542969e+00 0.000000000000000000e+00
4.355118164062500000e+03 7.343732357025146484e+00 0.000000000000000000e+00
4.356122558593750000e+03 6.169106483459472656e+00 0.000000000000000000e+00
4.357124511718750000e+03 7.199682712554931641e+00 0.000000000000000000e+00
4.358126953125000000e+03 6.953512191772460938e+00 0.000000000000000000e+00
4.359131835937500000e+03 7.690781116485595703e+00 0.000000000000000000e+00
4.360134765625000000e+03 8.017355918884277344e+00 0.000000000000000000e+00
4.361140136718750000e+03 8.207749366760253906e+00 0.000000000000000000e+00
4.362143554687500000e+03 8.073823928833007812e+00 0.000000000000000000e+00
4.363149414062500000e+03 6.829485893249511719e+00 0.000000000000000000e+00
4.364152832031250000e+03 7.629756927490234375e+00 0.000000000000000000e+00
4.365156738281250000e+03 8.325595855712890625e+00 0.000000000000000000e+00
4.366163574218750000e+03 8.164601325988769531e+00 0.000000000000000000e+00
4.367167968750000000e+03 7.861863136291503906e+00 0.000000000000000000e+00
4.368175292968750000e+03 8.014177322387695312e+00 0.000000000000000000e+00
4.369180175781250000e+03 8.452602386474609375e+00 0.000000000000000000e+00
4.370187500000000000e+03 8.725714683532714844e+00 0.000000000000000000e+00
4.371192871093750000e+03 6.603453636169433594e+00 0.000000000000000000e+00
4.372198242187500000e+03 4.759639739990234375e+00 0.000000000000000000e+00
4.373206542968750000e+03 4.443077564239501953e+00 0.000000000000000000e+00
4.374212890625000000e+03 4.966243267059326172e+00 0.000000000000000000e+00
4.375221191406250000e+03 5.040361881256103516e+00 0.000000000000000000e+00
4.376228027343750000e+03 4.723186969757080078e+00 0.000000000000000000e+00
4.377236816406250000e+03 7.990758895874023438e+00 0.000000000000000000e+00
4.378244140625000000e+03 7.983304023742675781e+00 0.000000000000000000e+00
4.379251464843750000e+03 6.649275302886962891e+00 0.000000000000000000e+00
4.380261230468750000e+03 6.397130489349365234e+00 0.000000000000000000e+00
4.381268554687500000e+03 5.120182514190673828e+00 0.000000000000000000e+00
4.382279296875000000e+03 6.211412906646728516e+00 0.000000000000000000e+00
4.383287109375000000e+03 8.219270706176757812e+00 0.000000000000000000e+00
4.384297851562500000e+03 7.844525337219238281e+00 0.000000000000000000e+00
4.385306640625000000e+03 7.395839214324951172e+00 0.000000000000000000e+00
4.386315429687500000e+03 8.070053100585937500e+00 0.000000000000000000e+00
4.387326660156250000e+03 7.344963073730468750e+00 0.000000000000000000e+00
4.388335937500000000e+03 6.937460422515869141e+00 0.000000000000000000e+00
4.389348144531250000e+03 7.416616439819335938e+00 0.000000000000000000e+00
4.390357910156250000e+03 9.116811752319335938e+00 0.000000000000000000e+00
4.391370117187500000e+03 9.587191581726074219e+00 0.000000000000000000e+00
4.392380371093750000e+03 8.515142440795898438e+00 0.000000000000000000e+00
4.393393554687500000e+03 8.360096931457519531e+00 0.000000000000000000e+00
4.394404296875000000e+03 7.208949089050292969e+00 0.000000000000000000e+00
4.395415039062500000e+03 8.626148223876953125e+00 0.000000000000000000e+00
4.396428710937500000e+03 9.070725440979003906e+00 0.000000000000000000e+00
4.397439941406250000e+03 8.476774215698242188e+00 0.000000000000000000e+00
4.398454101562500000e+03 8.428383827209472656e+00 0.000000000000000000e+00
4.399465820312500000e+03 9.087496757507324219e+00 0.000000000000000000e+00
4.400480468750000000e+03 1.000478553771972656e+01 0.000000000000000000e+00
4.401492675781250000e+03 9.809076309204101562e+00 0.000000000000000000e+00
4.402505371093750000e+03 9.756407737731933594e+00 0.000000000000000000e+00
4.403520507812500000e+03 9.634401321411132812e+00 0.000000000000000000e+00
4.404533691406250000e+03 8.958445549011230469e+00 0.000000000000000000e+00
4.405549316406250000e+03 8.193422317504882812e+00 0.000000000000000000e+00
4.406562500000000000e+03 7.595028400421142578e+00 0.000000000000000000e+00
4.407578613281250000e+03 7.546100616455078125e+00 0.000000000000000000e+00
4.408592773437500000e+03 7.221659183502197266e+00 0.000000000000000000e+00
4.409606933593750000e+03 8.540348052978515625e+00 0.000000000000000000e+00
4.410624023437500000e+03 1.047264957427978516e+01 0.000000000000000000e+00
4.411638671875000000e+03 8.906037330627441406e+00 0.000000000000000000e+00
4.412655761718750000e+03 7.893364906311035156e+00 0.000000000000000000e+00
4.413670898437500000e+03 7.993573188781738281e+00 0.000000000000000000e+00
4.414688476562500000e+03 7.982537269592285156e+00 0.000000000000000000e+00
4.415704101562500000e+03 7.946660041809082031e+00 0.000000000000000000e+00
4.416720214843750000e+03 8.067766189575195312e+00 0.000000000000000000e+00
4.417738769531250000e+03 8.007616996765136719e+00 0.000000000000000000e+00
4.418754882812500000e+03 8.513277053833007812e+00 0.000000000000000000e+00
4.419773925781250000e+03 8.069308280944824219e+00 0.000000000000000000e+00
4.420790527343750000e+03 8.723033905029296875e+00 0.000000000000000000e+00
4.421810058593750000e+03 8.576382637023925781e+00 0.000000000000000000e+00
4.422827148437500000e+03 7.798982620239257812e+00 0.000000000000000000e+00
4.423844726562500000e+03 9.233330726623535156e+00 0.000000000000000000e+00
4.424864746093750000e+03 7.223175048828125000e+00 0.000000000000000000e+00
4.425882812500000000e+03 8.336414337158203125e+00 0.000000000000000000e+00
4.426903320312500000e+03 8.321974754333496094e+00 0.000000000000000000e+00
4.427921875000000000e+03 7.971328735351562500e+00 0.000000000000000000e+00
4.428942871093750000e+03 8.722473144531250000e+00 0.000000000000000000e+00
4.429961914062500000e+03 8.448385238647460938e+00 0.000000000000000000e+00
4.430980957031250000e+03 8.034883499145507812e+00 0.000000000000000000e+00
4.432002441406250000e+03 7.522196769714355469e+00 0.000000000000000000e+00
4.433021972656250000e+03 8.002350807189941406e+00 0.000000000000000000e+00
4.434044433593750000e+03 8.448685646057128906e+00 0.000000000000000000e+00
4.435064453125000000e+03 7.836920261383056641e+00 0.000000000000000000e+00
4.436087402343750000e+03 6.942454338073730469e+00 0.000000000000000000e+00
4.437107910156250000e+03 6.801268100738525391e+00 0.000000000000000000e+00
4.438128417968750000e+03 7.090754032135009766e+00 0.000000000000000000e+00
4.439151855468750000e+03 7.361962795257568359e+00 0.000000000000000000e+00
4.440173339843750000e+03 7.527640819549560547e+00 0.000000000000000000e+00
4.441196777343750000e+03 8.071619987487792969e+00 0.000000000000000000e+00
4.442218750000000000e+03 8.925668716430664062e+00 0.000000000000000000e+00
4.443243164062500000e+03 7.574753761291503906e+00 0.000000000000000000e+00
4.444265136718750000e+03 7.303370952606201172e+00 0.000000000000000000e+00
4.445287597656250000e+03 7.393253326416015625e+00 0.000000000000000000e+00
4.446312500000000000e+03 7.411828994750976562e+00 0.000000000000000000e+00
4.447335449218750000e+03 7.585985183715820312e+00 0.000000000000000000e+00
4.448361328125000000e+03 7.957784175872802734e+00 0.000000000000000000e+00
4.449384277343750000e+03 8.268251419067382812e+00 0.000000000000000000e+00
4.450410644531250000e+03 8.118243217468261719e+00 0.000000000000000000e+00
4.451434082031250000e+03 8.684000968933105469e+00 0.000000000000000000e+00
4.452458496093750000e+03 8.291461944580078125e+00 0.000000000000000000e+00
4.453484863281250000e+03 7.008504867553710938e+00 0.000000000000000000e+00
4.454509765625000000e+03 7.536805629730224609e+00 0.000000000000000000e+00
4.455536621093750000e+03 6.966821670532226562e+00 0.000000000000000000e+00
4.456561523437500000e+03 7.654835224151611328e+00 0.000000000000000000e+00
4.457589355468750000e+03 7.228395938873291016e+00 0.000000000000000000e+00
4.458614746093750000e+03 7.048274993896484375e+00 0.000000000000000000e+00
4.459640625000000000e+03 7.869683742523193359e+00 0.000000000000000000e+00
4.460668945312500000e+03 7.236543655395507812e+00 0.000000000000000000e+00
4.461695312500000000e+03 6.686888694763183594e+00 0.000000000000000000e+00
4.462724121093750000e+03 8.494131088256835938e+00 0.000000000000000000e+00
4.463750488281250000e+03 7.505712509155273438e+00 0.000000000000000000e+00
4.464779785156250000e+03 6.657243728637695312e+00 0.000000000000000000e+00
4.465807128906250000e+03 7.872583866119384766e+00 0.000000000000000000e+00
4.466836914062500000e+03 7.132356643676757812e+00 0.000000000000000000e+00
4.467864257812500000e+03 7.809354782104492188e+00 0.000000000000000000e+00
4.468892089843750000e+03 7.019854068756103516e+00 0.000000000000000000e+00
4.469922851562500000e+03 6.700485229492187500e+00 0.000000000000000000e+00
4.470951171875000000e+03 7.403717994689941406e+00 0.000000000000000000e+00
4.471981933593750000e+03 7.828691005706787109e+00 0.000000000000000000e+00
4.473010742187500000e+03 7.079601287841796875e+00 0.000000000000000000e+00
4.474042480468750000e+03 6.972599983215332031e+00 0.000000000000000000e+00
4.475071777343750000e+03 6.768280982971191406e+00 0.000000000000000000e+00
4.476101074218750000e+03 7.448837757110595703e+00 0.000000000000000000e+00
4.477133300781250000e+03 8.290061950683593750e+00 0.000000000000000000e+00
4.478163085937500000e+03 8.202906608581542969e+00 0.000000000000000000e+00
4.479195800781250000e+03 7.341331958770751953e+00 0.000000000000000000e+00
4.480226562500000000e+03 6.434861660003662109e+00 0.000000000000000000e+00
4.481259277343750000e+03 7.065175533294677734e+00 0.000000000000000000e+00
4.482290527343750000e+03 7.684414386749267578e+00 0.000000000000000000e+00
4.483321289062500000e+03 7.483363151550292969e+00 0.000000000000000000e+00
4.484355468750000000e+03 6.935994625091552734e+00 0.000000000000000000e+00
4.485387207031250000e+03 6.963889122009277344e+00 0.000000000000000000e+00
4.486421386718750000e+03 7.470301151275634766e+00 0.000000000000000000e+00
4.487453613281250000e+03 5.761085033416748047e+00 0.000000000000000000e+00
4.488488281250000000e+03 6.399727344512939453e+00 0.000000000000000000e+00
4.489520996093750000e+03 7.252215862274169922e+00 0.000000000000000000e+00
4.490553710937500000e+03 6.358694553375244141e+00 0.000000000000000000e+00
4.491588867187500000e+03 6.918045520782470703e+00 0.000000000000000000e+00
4.492622558593750000e+03 7.312594413757324219e+00 0.000000000000000000e+00
4.493658203125000000e+03 6.612083911895751953e+00 0.000000000000000000e+00
4.494691894531250000e+03 6.343918323516845703e+00 0.000000000000000000e+00
4.495728515625000000e+03 6.294154167175292969e+00 0.000000000000000000e+00
4.496762695312500000e+03 6.535469055175781250e+00 0.000000000000000000e+00
4.497797363281250000e+03 7.854053974151611328e+00 0.000000000000000000e+00
4.498834472656250000e+03 7.076880931854248047e+00 0.000000000000000000e+00
4.499869628906250000e+03 6.530854701995849609e+00 0.000000000000000000e+00
4.500907226562500000e+03 7.392326831817626953e+00 0.000000000000000000e+00
4.501942382812500000e+03 7.600929737091064453e+00 0.000000000000000000e+00
4.502980468750000000e+03 6.334716320037841797e+00 0.000000000000000000e+00
4.504016601562500000e+03 6.214301109313964844e+00 0.000000000000000000e+00
4.505052734375000000e+03 7.809776782989501953e+00 0.000000000000000000e+00
4.506091308593750000e+03 7.511648654937744141e+00 0.000000000000000000e+00
4.507127929687500000e+03 6.739084720611572266e+00 0.000000000000000000e+00
4.508167480468750000e+03 6.975208759307861328e+00 0.000000000000000000e+00
4.509204589843750000e+03 7.530303955078125000e+00 0.000000000000000000e+00
4.510244628906250000e+03 6.841747283935546875e+00 0.000000000000000000e+00
4.511282226562500000e+03 6.820487022399902344e+00 0.000000000000000000e+00
4.512319824218750000e+03 6.494894981384277344e+00 0.000000000000000000e+00
4.513360351562500000e+03 6.486282825469970703e+00 0.000000000000000000e+00
4.514398437500000000e+03 6.109123229980468750e+00 0.000000000000000000e+00
4.515439453125000000e+03 5.329739570617675781e+00 0.000000000000000000e+00
4.516478515625000000e+03 6.069196224212646484e+00 0.000000000000000000e+00
4.517520019531250000e+03 8.359995841979980469e+00 0.000000000000000000e+00
4.518559082031250000e+03 7.645539760589599609e+00 0.000000000000000000e+00
4.519598632812500000e+03 6.868697643280029297e+00 0.000000000000000000e+00
4.520640625000000000e+03 7.145857810974121094e+00 0.000000000000000000e+00
4.521680664062500000e+03 7.480323791503906250e+00 0.000000000000000000e+00
4.522723632812500000e+03 6.985501766204833984e+00 0.000000000000000000e+00
4.523764160156250000e+03 5.595225334167480469e+00 0.000000000000000000e+00
4.524807128906250000e+03 6.618233680725097656e+00 0.000000000000000000e+00
4.525848144531250000e+03 7.062829971313476562e+00 0.000000000000000000e+00
4.526889160156250000e+03 6.887120246887207031e+00 0.000000000000000000e+00
4.527933105468750000e+03 6.964698791503906250e+00 0.000000000000000000e+00
4.528974609375000000e+03 6.392354965209960938e+00 0.000000000000000000e+00
4.530019042968750000e+03 6.195681571960449219e+00 0.000000000000000000e+00
4.531061035156250000e+03 6.967106819152832031e+00 0.000000000000000000e+00
4.532105957031250000e+03 6.470506668090820312e+00 0.000000000000000000e+00
4.533148925781250000e+03 6.608133792877197266e+00 0.000000000000000000e+00
4.534191406250000000e+03 8.087182998657226562e+00 0.000000000000000000e+00
4.535237304687500000e+03 7.483617782592773438e+00 0.000000000000000000e+00
4.536280273437500000e+03 6.375656127929687500e+00 0.000000000000000000e+00
4.537326660156250000e+03 6.943455696105957031e+00 0.000000000000000000e+00
4.538370117187500000e+03 7.767972469329833984e+00 0.000000000000000000e+00
4.539416992187500000e+03 7.467510700225830078e+00 0.000000000000000000e+00
4.540460937500000000e+03 6.674965858459472656e+00 0.000000000000000000e+00
4.541505859375000000e+03 7.148447036743164062e+00 0.000000000000000000e+00
4.542552734375000000e+03 7.383009910583496094e+00 0.000000000000000000e+00
4.543598144531250000e+03 6.288241386413574219e+00 0.000000000000000000e+00
4.544645507812500000e+03 6.864853382110595703e+00 0.000000000000000000e+00
4.545691406250000000e+03 8.003284454345703125e+00 0.000000000000000000e+00
4.546739257812500000e+03 7.327497005462646484e+00 0.000000000000000000e+00
4.547785156250000000e+03 5.738807201385498047e+00 0.000000000000000000e+00
4.548833984375000000e+03 6.425836086273193359e+00 0.000000000000000000e+00
4.549880371093750000e+03 7.337694644927978516e+00 0.000000000000000000e+00
4.550927246093750000e+03 7.447910785675048828e+00 0.000000000000000000e+00
4.551976562500000000e+03 6.768224716186523438e+00 0.000000000000000000e+00
4.553023925781250000e+03 5.917618274688720703e+00 0.000000000000000000e+00
4.554073730468750000e+03 5.865250587463378906e+00 0.000000000000000000e+00
4.555121582031250000e+03 7.025448799133300781e+00 0.000000000000000000e+00
4.556171875000000000e+03 6.513751029968261719e+00 0.000000000000000000e+00
4.557219726562500000e+03 6.031258106231689453e+00 0.000000000000000000e+00
4.558268554687500000e+03 6.295591354370117188e+00 0.000000000000000000e+00
4.559319335937500000e+03 6.344627380371093750e+00 0.000000000000000000e+00
4.560368164062500000e+03 5.341320037841796875e+00 0.000000000000000000e+00
4.561419921875000000e+03 4.657181739807128906e+00 0.000000000000000000e+00
4.562469238281250000e+03 4.782736301422119141e+00 0.000000000000000000e+00
4.563521484375000000e+03 6.065099716186523438e+00 0.000000000000000000e+00
4.564571289062500000e+03 7.299369812011718750e+00 0.000000000000000000e+00
4.565621093750000000e+03 7.157462596893310547e+00 0.000000000000000000e+00
4.566674316406250000e+03 6.010594367980957031e+00 0.000000000000000000e+00
4.567724609375000000e+03 5.702301025390625000e+00 0.000000000000000000e+00
4.568777832031250000e+03 4.290470123291015625e+00 0.000000000000000000e+00
4.569829101562500000e+03 5.208138465881347656e+00 0.000000000000000000e+00
4.570882812500000000e+03 6.682207584381103516e+00 0.000000000000000000e+00
4.571934570312500000e+03 6.497448921203613281e+00 0.000000000000000000e+00
4.572986328125000000e+03 6.639282226562500000e+00 0.000000000000000000e+00
4.574040527343750000e+03 6.314831733703613281e+00 0.000000000000000000e+00
4.575092773437500000e+03 5.834506511688232422e+00 0.000000000000000000e+00
4.576147949218750000e+03 6.917455196380615234e+00 0.000000000000000000e+00
4.577200683593750000e+03 7.245557308197021484e+00 0.000000000000000000e+00
4.578255859375000000e+03 6.023663520812988281e+00 0.000000000000000000e+00
4.579309082031250000e+03 6.660479545593261719e+00 0.000000000000000000e+00
4.580362792968750000e+03 6.767974853515625000e+00 0.000000000000000000e+00
4.581418945312500000e+03 6.876254081726074219e+00 0.000000000000000000e+00
4.582473144531250000e+03 6.731125354766845703e+00 0.000000000000000000e+00
4.583529785156250000e+03 5.939505100250244141e+00 0.000000000000000000e+00
4.584583984375000000e+03 5.582666397094726562e+00 0.000000000000000000e+00
4.585641113281250000e+03 6.974981307983398438e+00 0.000000000000000000e+00
4.586696289062500000e+03 6.103193759918212891e+00 0.000000000000000000e+00
4.587751464843750000e+03 6.038834095001220703e+00 0.000000000000000000e+00
4.588809082031250000e+03 5.650879383087158203e+00 0.000000000000000000e+00
4.589864746093750000e+03 5.496247768402099609e+00 0.000000000000000000e+00
4.590923339843750000e+03 5.983272552490234375e+00 0.000000000000000000e+00
4.591979492187500000e+03 5.785488605499267578e+00 0.000000000000000000e+00
4.593038574218750000e+03 6.786656856536865234e+00 0.000000000000000000e+00
4.594095214843750000e+03 6.009375095367431641e+00 0.000000000000000000e+00
4.595151855468750000e+03 6.806323051452636719e+00 0.000000000000000000e+00
4.596211425781250000e+03 7.542919635772705078e+00 0.000000000000000000e+00
4.597269042968750000e+03 6.528872013092041016e+00 0.000000000000000000e+00
4.598329101562500000e+03 6.735765457153320312e+00 0.000000000000000000e+00
4.599386718750000000e+03 6.809089660644531250e+00 0.000000000000000000e+00
4.600447265625000000e+03 6.015257358551025391e+00 0.000000000000000000e+00
4.601505859375000000e+03 5.879335403442382812e+00 0.000000000000000000e+00
4.602564453125000000e+03 6.607430458068847656e+00 0.000000000000000000e+00
4.603625488281250000e+03 6.897089958190917969e+00 0.000000000000000000e+00
4.604684570312500000e+03 6.078456401824951172e+00 0.000000000000000000e+00
4.605746582031250000e+03 6.983869075775146484e+00 0.000000000000000000e+00
4.606806152343750000e+03 6.505484580993652344e+00 0.000000000000000000e+00
4.607868652343750000e+03 6.438640117645263672e+00 0.000000000000000000e+00
4.608928222656250000e+03 6.831812381744384766e+00 0.000000000000000000e+00
4.609988769531250000e+03 6.705929756164550781e+00 0.000000000000000000e+00
4.611051757812500000e+03 6.270742416381835938e+00 0.000000000000000000e+00
4.612112792968750000e+03 5.519406318664550781e+00 0.000000000000000000e+00
4.613176269531250000e+03 7.155190467834472656e+00 0.000000000000000000e+00
4.614237304687500000e+03 7.564186573028564453e+00 0.000000000000000000e+00
4.615301269531250000e+03 6.810380458831787109e+00 0.000000000000000000e+00
4.616363281250000000e+03 6.602102756500244141e+00 0.000000000000000000e+00
4.617425292968750000e+03 6.454946994781494141e+00 0.000000000000000000e+00
4.618489746093750000e+03 6.646951675415039062e+00 0.000000000000000000e+00
4.619552246093750000e+03 6.474530220031738281e+00 0.000000000000000000e+00
4.620617675781250000e+03 6.329495906829833984e+00 0.000000000000000000e+00
4.621680664062500000e+03 6.274909019470214844e+00 0.000000000000000000e+00
4.622746582031250000e+03 6.435270309448242188e+00 0.000000000000000000e+00
4.623809570312500000e+03 6.759637355804443359e+00 0.000000000000000000e+00
4.624873535156250000e+03 5.088307857513427734e+00 0.000000000000000000e+00
4.625939941406250000e+03 6.481689929962158203e+00 0.000000000000000000e+00
4.627004394531250000e+03 7.272413730621337891e+00 0.000000000000000000e+00
4.628071289062500000e+03 6.405630588531494141e+00 0.000000000000000000e+00
4.629135742187500000e+03 6.115291118621826172e+00 0.000000000000000000e+00
4.630203125000000000e+03 7.187091827392578125e+00 0.000000000000000000e+00
4.631268554687500000e+03 5.493095397949218750e+00 0.000000000000000000e+00
4.632336425781250000e+03 5.753264904022216797e+00 0.000000000000000000e+00
4.633402343750000000e+03 6.714894294738769531e+00 0.000000000000000000e+00
4.634467773437500000e+03 5.888306617736816406e+00 0.000000000000000000e+00
4.635536621093750000e+03 3.750110864639282227e+00 0.000000000000000000e+00
4.636603027343750000e+03 3.754411220550537109e+00 0.000000000000000000e+00
4.637672363281250000e+03 5.468141555786132812e+00 0.000000000000000000e+00
4.638739257812500000e+03 6.686032295227050781e+00 0.000000000000000000e+00
4.639809082031250000e+03 7.328238964080810547e+00 0.000000000000000000e+00
4.640876464843750000e+03 7.208821773529052734e+00 0.000000000000000000e+00
4.641943847656250000e+03 6.198467254638671875e+00 0.000000000000000000e+00
4.643014160156250000e+03 5.071284294128417969e+00 0.000000000000000000e+00
4.644082519531250000e+03 4.792428493499755859e+00 0.000000000000000000e+00
4.645153320312500000e+03 4.868465423583984375e+00 0.000000000000000000e+00
4.646222167968750000e+03 6.023825168609619141e+00 0.000000000000000000e+00
4.647293457031250000e+03 6.303465843200683594e+00 0.000000000000000000e+00
4.648362304687500000e+03 5.535456180572509766e+00 0.000000000000000000e+00
4.649431640625000000e+03 7.020541667938232422e+00 0.000000000000000000e+00
4.650503906250000000e+03 6.747065544128417969e+00 0.000000000000000000e+00
4.651573730468750000e+03 6.739971160888671875e+00 0.000000000000000000e+00
4.652646484375000000e+03 6.826065063476562500e+00 0.000000000000000000e+00
4.653716796875000000e+03 6.353974819183349609e+00 0.000000000000000000e+00
4.654790039062500000e+03 6.028498649597167969e+00 0.000000000000000000e+00
4.655860839843750000e+03 7.098951339721679688e+00 0.000000000000000000e+00
4.656931640625000000e+03 6.750291824340820312e+00 0.000000000000000000e+00
4.658005859375000000e+03 6.466321468353271484e+00 0.000000000000000000e+00
4.659077148437500000e+03 6.940705776214599609e+00 0.000000000000000000e+00
4.660151855468750000e+03 6.694468498229980469e+00 0.000000000000000000e+00
4.661223632812500000e+03 5.814529418945312500e+00 0.000000000000000000e+00
4.662298339843750000e+03 6.785304546356201172e+00 0.000000000000000000e+00
4.663371093750000000e+03 6.177116394042968750e+00 0.000000000000000000e+00
4.664443847656250000e+03 6.601105213165283203e+00 0.000000000000000000e+00
4.665519531250000000e+03 6.974957466125488281e+00 0.000000000000000000e+00
4.666592773437500000e+03 6.834999084472656250e+00 0.000000000000000000e+00
4.667668945312500000e+03 6.665817737579345703e+00 0.000000000000000000e+00
4.668742675781250000e+03 6.450170516967773438e+00 0.000000000000000000e+00
4.669819335937500000e+03 5.676255226135253906e+00 0.000000000000000000e+00
4.670893554687500000e+03 5.694723129272460938e+00 0.000000000000000000e+00
4.671968261718750000e+03 6.855501651763916016e+00 0.000000000000000000e+00
4.673045410156250000e+03 7.110870838165283203e+00 0.000000000000000000e+00
4.674120605468750000e+03 6.136026859283447266e+00 0.000000000000000000e+00
4.675198242187500000e+03 6.827088832855224609e+00 0.000000000000000000e+00
4.676273925781250000e+03 6.796978950500488281e+00 0.000000000000000000e+00
4.677352050781250000e+03 7.376444816589355469e+00 0.000000000000000000e+00
4.678428222656250000e+03 7.427271366119384766e+00 0.000000000000000000e+00
4.679504394531250000e+03 7.475677013397216797e+00 0.000000000000000000e+00
4.680583496093750000e+03 7.652610778808593750e+00 0.000000000000000000e+00
4.681660156250000000e+03 6.407817363739013672e+00 0.000000000000000000e+00
4.682739746093750000e+03 6.707950115203857422e+00 0.000000000000000000e+00
4.683817382812500000e+03 5.570588588714599609e+00 0.000000000000000000e+00
4.684897460937500000e+03 6.231719970703125000e+00 0.000000000000000000e+00
4.685975097656250000e+03 7.208475589752197266e+00 0.000000000000000000e+00
4.687053222656250000e+03 6.322139263153076172e+00 0.000000000000000000e+00
4.688133789062500000e+03 6.264367580413818359e+00 0.000000000000000000e+00
4.689212402343750000e+03 6.759385585784912109e+00 0.000000000000000000e+00
4.690293457031250000e+03 5.941949844360351562e+00 0.000000000000000000e+00
4.691372558593750000e+03 5.606853485107421875e+00 0.000000000000000000e+00
4.692454589843750000e+03 5.738999843597412109e+00 0.000000000000000000e+00
4.693534179687500000e+03 5.819768905639648438e+00 0.000000000000000000e+00
4.694613769531250000e+03 6.656200885772705078e+00 0.000000000000000000e+00
4.695696289062500000e+03 6.466032028198242188e+00 0.000000000000000000e+00
4.696776367187500000e+03 6.484533786773681641e+00 0.000000000000000000e+00
4.697859375000000000e+03 6.847467899322509766e+00 0.000000000000000000e+00
4.698940429687500000e+03 6.568587303161621094e+00 0.000000000000000000e+00
4.700023925781250000e+03 6.184343814849853516e+00 0.000000000000000000e+00
4.701104980468750000e+03 7.605324268341064453e+00 0.000000000000000000e+00
4.702186523437500000e+03 6.792034149169921875e+00 0.000000000000000000e+00
4.703270996093750000e+03 6.337123870849609375e+00 0.000000000000000000e+00
4.704353027343750000e+03 6.313364505767822266e+00 0.000000000000000000e+00
4.705437500000000000e+03 6.430153369903564453e+00 0.000000000000000000e+00
4.706520019531250000e+03 6.362129211425781250e+00 0.000000000000000000e+00
4.707605468750000000e+03 5.923839092254638672e+00 0.000000000000000000e+00
4.708688476562500000e+03 7.250047206878662109e+00 0.000000000000000000e+00
4.709771972656250000e+03 6.914786815643310547e+00 0.000000000000000000e+00
4.710857910156250000e+03 7.022456645965576172e+00 0.000000000000000000e+00
4.711941406250000000e+03 6.893103599548339844e+00 0.000000000000000000e+00
4.713028320312500000e+03 5.891807556152343750e+00 0.000000000000000000e+00
4.714112304687500000e+03 6.668299674987792969e+00 0.000000000000000000e+00
4.715199218750000000e+03 6.590666294097900391e+00 0.000000000000000000e+00
4.716284179687500000e+03 7.801023960113525391e+00 0.000000000000000000e+00
4.717371582031250000e+03 6.704468250274658203e+00 0.000000000000000000e+00
4.718457031250000000e+03 5.556932926177978516e+00 0.000000000000000000e+00
4.719542480468750000e+03 7.189159870147705078e+00 0.000000000000000000e+00
4.720630859375000000e+03 7.870536804199218750e+00 0.000000000000000000e+00
4.721716796875000000e+03 6.665891170501708984e+00 0.000000000000000000e+00
4.722805664062500000e+03 6.449965000152587891e+00 0.000000000000000000e+00
4.723892089843750000e+03 6.222657203674316406e+00 0.000000000000000000e+00
4.724981445312500000e+03 6.556781768798828125e+00 0.000000000000000000e+00
4.726068359375000000e+03 7.369312763214111328e+00 0.000000000000000000e+00
4.727155273437500000e+03 6.247864246368408203e+00 0.000000000000000000e+00
4.728245605468750000e+03 6.742012023925781250e+00 0.000000000000000000e+00
4.729333496093750000e+03 6.584267139434814453e+00 0.000000000000000000e+00
4.730423828125000000e+03 6.822391986846923828e+00 0.000000000000000000e+00
4.731512207031250000e+03 7.165815830230712891e+00 0.000000000000000000e+00
4.732603027343750000e+03 6.709676742553710938e+00 0.000000000000000000e+00
4.733691894531250000e+03 6.337370395660400391e+00 0.000000000000000000e+00
4.734780761718750000e+03 7.048770427703857422e+00 0.000000000000000000e+00
4.735872558593750000e+03 7.763057231903076172e+00 0.000000000000000000e+00
4.736962402343750000e+03 7.282893657684326172e+00 0.000000000000000000e+00
4.738054687500000000e+03 6.592733860015869141e+00 0.000000000000000000e+00
4.739144531250000000e+03 7.018834114074707031e+00 0.000000000000000000e+00
4.740237304687500000e+03 7.815905570983886719e+00 0.000000000000000000e+00
4.741327636718750000e+03 7.475651741027832031e+00 0.000000000000000000e+00
4.742418457031250000e+03 6.704165458679199219e+00 0.000000000000000000e+00
4.743512207031250000e+03 6.835579872131347656e+00 0.000000000000000000e+00
4.744603515625000000e+03 7.349031448364257812e+00 0.000000000000000000e+00
4.745697265625000000e+03 7.202973365783691406e+00 0.000000000000000000e+00
4.746789062500000000e+03 6.804456233978271484e+00 0.000000000000000000e+00
4.747883789062500000e+03 7.019748210906982422e+00 0.000000000000000000e+00
4.748976074218750000e+03 7.840877056121826172e+00 0.000000000000000000e+00
4.750068359375000000e+03 7.567364692687988281e+00 0.000000000000000000e+00
4.751164062500000000e+03 6.979326248168945312e+00 0.000000000000000000e+00
4.752256835937500000e+03 7.254157543182373047e+00 0.000000000000000000e+00
4.753352539062500000e+03 7.300132274627685547e+00 0.000000000000000000e+00
4.754446289062500000e+03 7.416661739349365234e+00 0.000000000000000000e+00
4.755542480468750000e+03 7.867297649383544922e+00 0.000000000000000000e+00
4.756636718750000000e+03 7.752479076385498047e+00 0.000000000000000000e+00
4.757730957031250000e+03 7.141998767852783203e+00 0.000000000000000000e+00
4.758828125000000000e+03 6.903659820556640625e+00 0.000000000000000000e+00
4.759922851562500000e+03 7.397168636322021484e+00 0.000000000000000000e+00
4.761020507812500000e+03 7.695020198822021484e+00 0.000000000000000000e+00
4.762115722656250000e+03 8.455013275146484375e+00 0.000000000000000000e+00
4.763213867187500000e+03 8.329967498779296875e+00 0.000000000000000000e+00
4.764309570312500000e+03 7.776822090148925781e+00 0.000000000000000000e+00
4.765405761718750000e+03 7.800465106964111328e+00 0.000000000000000000e+00
4.766504394531250000e+03 7.605589389801025391e+00 0.000000000000000000e+00
4.767601074218750000e+03 6.897619247436523438e+00 0.000000000000000000e+00
4.768700195312500000e+03 7.228229999542236328e+00 0.000000000000000000e+00
4.769797363281250000e+03 7.718138217926025391e+00 0.000000000000000000e+00
4.770897460937500000e+03 7.903522968292236328e+00 0.000000000000000000e+00
4.771995117187500000e+03 7.559511661529541016e+00 0.000000000000000000e+00
4.773092773437500000e+03 6.524391174316406250e+00 0.000000000000000000e+00
4.774193359375000000e+03 7.823897838592529297e+00 0.000000000000000000e+00
4.775291503906250000e+03 8.266939163208007812e+00 0.000000000000000000e+00
4.776392578125000000e+03 7.709981918334960938e+00 0.000000000000000000e+00
4.777491699218750000e+03 7.435598850250244141e+00 0.000000000000000000e+00
4.778593261718750000e+03 7.499339103698730469e+00 0.000000000000000000e+00
4.779692382812500000e+03 6.749952793121337891e+00 0.000000000000000000e+00
4.780791992187500000e+03 8.086585044860839844e+00 0.000000000000000000e+00
4.781894531250000000e+03 7.544693946838378906e+00 0.000000000000000000e+00
4.782994628906250000e+03 7.158186435699462891e+00 0.000000000000000000e+00
4.784097656250000000e+03 8.121589660644531250e+00 0.000000000000000000e+00
4.785198242187500000e+03 8.991015434265136719e+00 0.000000000000000000e+00
4.786301757812500000e+03 8.234186172485351562e+00 0.000000000000000000e+00
4.787402832031250000e+03 8.242262840270996094e+00 0.000000000000000000e+00
4.788503906250000000e+03 8.026396751403808594e+00 0.000000000000000000e+00
4.789608398437500000e+03 7.937686443328857422e+00 0.000000000000000000e+00
4.790709960937500000e+03 8.034086227416992188e+00 0.000000000000000000e+00
4.791814941406250000e+03 8.134757995605468750e+00 0.000000000000000000e+00
4.792916992187500000e+03 8.420225143432617188e+00 0.000000000000000000e+00
4.794022460937500000e+03 8.332006454467773438e+00 0.000000000000000000e+00
4.795125488281250000e+03 7.780446529388427734e+00 0.000000000000000000e+00
4.796228515625000000e+03 7.743172168731689453e+00 0.000000000000000000e+00
4.797334472656250000e+03 8.115592956542968750e+00 0.000000000000000000e+00
4.798437988281250000e+03 7.925287246704101562e+00 0.000000000000000000e+00
4.799544433593750000e+03 7.007512569427490234e+00 0.000000000000000000e+00
4.800648925781250000e+03 7.392581462860107422e+00 0.000000000000000000e+00
4.801755859375000000e+03 7.544838905334472656e+00 0.000000000000000000e+00
4.802860351562500000e+03 7.975381851196289062e+00 0.000000000000000000e+00
4.803967773437500000e+03 8.595301628112792969e+00 0.000000000000000000e+00
4.805073242187500000e+03 8.365463256835937500e+00 0.000000000000000000e+00
4.806178222656250000e+03 7.186012268066406250e+00 0.000000000000000000e+00
4.807286621093750000e+03 8.021407127380371094e+00 0.000000000000000000e+00
4.808392578125000000e+03 7.671932220458984375e+00 0.000000000000000000e+00
4.809501464843750000e+03 7.696367740631103516e+00 0.000000000000000000e+00
4.810607910156250000e+03 7.801318168640136719e+00 0.000000000000000000e+00
4.811717285156250000e+03 7.499710559844970703e+00 0.000000000000000000e+00
4.812824218750000000e+03 8.694181442260742188e+00 0.000000000000000000e+00
4.813931152343750000e+03 7.823304653167724609e+00 0.000000000000000000e+00
4.815041503906250000e+03 8.252079010009765625e+00 0.000000000000000000e+00
4.816148925781250000e+03 9.346337318420410156e+00 0.000000000000000000e+00
4.817259765625000000e+03 8.648182868957519531e+00 0.000000000000000000e+00
4.818367675781250000e+03 6.881191253662109375e+00 0.000000000000000000e+00
4.819479003906250000e+03 8.112197875976562500e+00 0.000000000000000000e+00
4.820587890625000000e+03 6.618738651275634766e+00 0.000000000000000000e+00
4.821696777343750000e+03 6.549819469451904297e+00 0.000000000000000000e+00
4.822808593750000000e+03 7.683012008666992188e+00 0.000000000000000000e+00
4.823917968750000000e+03 7.990912914276123047e+00 0.000000000000000000e+00
4.825030273437500000e+03 7.284976482391357422e+00 0.000000000000000000e+00
4.826140136718750000e+03 7.835097312927246094e+00 0.000000000000000000e+00
4.827253417968750000e+03 8.230927467346191406e+00 0.000000000000000000e+00
4.828363769531250000e+03 7.497073173522949219e+00 0.000000000000000000e+00
4.829474609375000000e+03 8.126837730407714844e+00 0.000000000000000000e+00
4.830588378906250000e+03 9.157862663269042969e+00 0.000000000000000000e+00
4.831699707031250000e+03 8.779805183410644531e+00 0.000000000000000000e+00
4.832813476562500000e+03 8.890394210815429688e+00 0.000000000000000000e+00
4.833925292968750000e+03 9.425379753112792969e+00 0.000000000000000000e+00
4.835040039062500000e+03 7.676470756530761719e+00 0.000000000000000000e+00
4.836152343750000000e+03 8.672915458679199219e+00 0.000000000000000000e+00
4.837265136718750000e+03 1.033381080627441406e+01 0.000000000000000000e+00
4.838380371093750000e+03 8.874944686889648438e+00 0.000000000000000000e+00
4.839493652343750000e+03 8.582527160644531250e+00 0.000000000000000000e+00
4.840609375000000000e+03 9.376127243041992188e+00 0.000000000000000000e+00
4.841723144531250000e+03 8.961568832397460938e+00 0.000000000000000000e+00
4.842839355468750000e+03 8.553690910339355469e+00 0.000000000000000000e+00
4.843953613281250000e+03 8.218335151672363281e+00 0.000000000000000000e+00
4.845067871093750000e+03 8.370662689208984375e+00 0.000000000000000000e+00
4.846185058593750000e+03 1.078479862213134766e+01 0.000000000000000000e+00
4.847300292968750000e+03 9.564487457275390625e+00 0.000000000000000000e+00
4.848417968750000000e+03 9.601241111755371094e+00 0.000000000000000000e+00
4.849533203125000000e+03 9.176462173461914062e+00 0.000000000000000000e+00
4.850651367187500000e+03 9.066209793090820312e+00 0.000000000000000000e+00
4.851767578125000000e+03 1.002584075927734375e+01 0.000000000000000000e+00
4.852883789062500000e+03 7.952402114868164062e+00 0.000000000000000000e+00
4.854002441406250000e+03 5.402586460113525391e+00 0.000000000000000000e+00
4.855119140625000000e+03 5.554120063781738281e+00 0.000000000000000000e+00
4.856238769531250000e+03 6.502078056335449219e+00 0.000000000000000000e+00
4.857355957031250000e+03 7.343063831329345703e+00 0.000000000000000000e+00
4.858476074218750000e+03 8.647054672241210938e+00 0.000000000000000000e+00
4.859593750000000000e+03 9.990082740783691406e+00 0.000000000000000000e+00
4.860711914062500000e+03 9.865400314331054688e+00 0.000000000000000000e+00
4.861832519531250000e+03 9.739464759826660156e+00 0.000000000000000000e+00
4.862951171875000000e+03 1.024183273315429688e+01 0.000000000000000000e+00
4.864072265625000000e+03 1.028419876098632812e+01 0.000000000000000000e+00
4.865191406250000000e+03 9.542110443115234375e+00 0.000000000000000000e+00
4.866313476562500000e+03 9.956171035766601562e+00 0.000000000000000000e+00
4.867432617187500000e+03 1.013211822509765625e+01 0.000000000000000000e+00
4.868552734375000000e+03 1.150487899780273438e+01 0.000000000000000000e+00
4.869675292968750000e+03 1.044172096252441406e+01 0.000000000000000000e+00
4.870795410156250000e+03 9.041127204895019531e+00 0.000000000000000000e+00
4.871918945312500000e+03 1.022176933288574219e+01 0.000000000000000000e+00
4.873039550781250000e+03 9.769956588745117188e+00 0.000000000000000000e+00
4.874163085937500000e+03 8.595648765563964844e+00 0.000000000000000000e+00
4.875284667968750000e+03 7.567624092102050781e+00 0.000000000000000000e+00
4.876406250000000000e+03 7.042365550994873047e+00 0.000000000000000000e+00
4.877530761718750000e+03 7.780898571014404297e+00 0.000000000000000000e+00
4.878652832031250000e+03 9.466012954711914062e+00 0.000000000000000000e+00
4.879777832031250000e+03 9.774433135986328125e+00 0.000000000000000000e+00
4.880900390625000000e+03 9.461358070373535156e+00 0.000000000000000000e+00
4.882025878906250000e+03 9.549857139587402344e+00 0.000000000000000000e+00
4.883148925781250000e+03 1.039294815063476562e+01 0.000000000000000000e+00
4.884271972656250000e+03 1.077307319641113281e+01 0.000000000000000000e+00
4.885398437500000000e+03 9.975048065185546875e+00 0.000000000000000000e+00
4.886522460937500000e+03 9.818624496459960938e+00 0.000000000000000000e+00
4.887649414062500000e+03 1.078938388824462891e+01 0.000000000000000000e+00
4.888773437500000000e+03 1.086632919311523438e+01 0.000000000000000000e+00
4.889900878906250000e+03 1.016264915466308594e+01 0.000000000000000000e+00
4.891025878906250000e+03 1.043967437744140625e+01 0.000000000000000000e+00
4.892153808593750000e+03 1.138559627532958984e+01 0.000000000000000000e+00
4.893279296875000000e+03 9.321109771728515625e+00 0.000000000000000000e+00
4.894404785156250000e+03 7.217450141906738281e+00 0.000000000000000000e+00
4.895533691406250000e+03 4.544234752655029297e+00 0.000000000000000000e+00
4.896659667968750000e+03 4.299130916595458984e+00 0.000000000000000000e+00
4.897789062500000000e+03 6.454455375671386719e+00 0.000000000000000000e+00
4.898915527343750000e+03 8.425258636474609375e+00 0.000000000000000000e+00
4.900045410156250000e+03 9.254545211791992188e+00 0.000000000000000000e+00
4.901172363281250000e+03 9.572236061096191406e+00 0.000000000000000000e+00
4.902299804687500000e+03 7.362823963165283203e+00 0.000000000000000000e+00
4.903430664062500000e+03 5.382151603698730469e+00 0.000000000000000000e+00
4.904558593750000000e+03 5.709510803222656250e+00 0.000000000000000000e+00
4.905689453125000000e+03 7.540895938873291016e+00 0.000000000000000000e+00
4.906817871093750000e+03 8.625461578369140625e+00 0.000000000000000000e+00
4.907949707031250000e+03 9.854395866394042969e+00 0.000000000000000000e+00
4.909078613281250000e+03 1.017951679229736328e+01 0.000000000000000000e+00
4.910208007812500000e+03 9.132437705993652344e+00 0.000000000000000000e+00
4.911340332031250000e+03 8.553873062133789062e+00 0.000000000000000000e+00
4.912470214843750000e+03 9.391497611999511719e+00 0.000000000000000000e+00
4.913603027343750000e+03 9.004624366760253906e+00 0.000000000000000000e+00
4.914733398437500000e+03 8.745731353759765625e+00 0.000000000000000000e+00
4.915866699218750000e+03 8.364701271057128906e+00 0.000000000000000000e+00
4.916997558593750000e+03 8.592952728271484375e+00 0.000000000000000000e+00
4.918128417968750000e+03 9.046748161315917969e+00 0.000000000000000000e+00
4.919262695312500000e+03 8.867780685424804688e+00 0.000000000000000000e+00
4.920394531250000000e+03 8.598320007324218750e+00 0.000000000000000000e+00
4.921528808593750000e+03 9.144935607910156250e+00 0.000000000000000000e+00
4.922661132812500000e+03 9.181520462036132812e+00 0.000000000000000000e+00
4.923796386718750000e+03 8.439653396606445312e+00 0.000000000000000000e+00
4.924929199218750000e+03 7.988477706909179688e+00 0.000000000000000000e+00
4.926062011718750000e+03 8.375572204589843750e+00 0.000000000000000000e+00
4.927197753906250000e+03 8.250587463378906250e+00 0.000000000000000000e+00
4.928331542968750000e+03 7.934742927551269531e+00 0.000000000000000000e+00
4.929467773437500000e+03 7.669408321380615234e+00 0.000000000000000000e+00
4.930602050781250000e+03 8.500837326049804688e+00 0.000000000000000000e+00
4.931738769531250000e+03 9.007169723510742188e+00 0.000000000000000000e+00
4.932873535156250000e+03 8.075219154357910156e+00 0.000000000000000000e+00
4.934008300781250000e+03 8.204073905944824219e+00 0.000000000000000000e+00
4.935145996093750000e+03 8.002173423767089844e+00 0.000000000000000000e+00
4.936281250000000000e+03 7.886524677276611328e+00 0.000000000000000000e+00
4.937419433593750000e+03 7.570195674896240234e+00 0.000000000000000000e+00
4.938555664062500000e+03 7.334450244903564453e+00 0.000000000000000000e+00
4.939694335937500000e+03 7.729049205780029297e+00 0.000000000000000000e+00
4.940830566406250000e+03 8.211664199829101562e+00 0.000000000000000000e+00
4.941967285156250000e+03 7.428068161010742188e+00 0.000000000000000000e+00
4.943106933593750000e+03 8.423580169677734375e+00 0.000000000000000000e+00
4.944244140625000000e+03 8.095298767089843750e+00 0.000000000000000000e+00
4.945384277343750000e+03 7.373229503631591797e+00 0.000000000000000000e+00
4.946521972656250000e+03 8.316518783569335938e+00 0.000000000000000000e+00
4.947662597656250000e+03 7.517343521118164062e+00 0.000000000000000000e+00
4.948800781250000000e+03 7.904001712799072266e+00 0.000000000000000000e+00
4.949939453125000000e+03 7.710584163665771484e+00 0.000000000000000000e+00
4.951080566406250000e+03 6.597254276275634766e+00 0.000000000000000000e+00
4.952219726562500000e+03 6.171065330505371094e+00 0.000000000000000000e+00
4.953361816406250000e+03 7.177884578704833984e+00 0.000000000000000000e+00
4.954500976562500000e+03 7.354239940643310547e+00 0.000000000000000000e+00
4.955643554687500000e+03 7.051396846771240234e+00 0.000000000000000000e+00
4.956783691406250000e+03 8.493007659912109375e+00 0.000000000000000000e+00
4.957923828125000000e+03 7.974305629730224609e+00 0.000000000000000000e+00
4.959067382812500000e+03 7.043438911437988281e+00 0.000000000000000000e+00
4.960208007812500000e+03 8.481355667114257812e+00 0.000000000000000000e+00
4.961352050781250000e+03 7.971153736114501953e+00 0.000000000000000000e+00
4.962493164062500000e+03 7.486602306365966797e+00 0.000000000000000000e+00
4.963637695312500000e+03 7.893273830413818359e+00 0.000000000000000000e+00
4.964779296875000000e+03 8.025203704833984375e+00 0.000000000000000000e+00
4.965921386718750000e+03 7.969585418701171875e+00 0.000000000000000000e+00
4.967066894531250000e+03 8.210824966430664062e+00 0.000000000000000000e+00
4.968209472656250000e+03 7.674922943115234375e+00 0.000000000000000000e+00
4.969354980468750000e+03 7.315258979797363281e+00 0.000000000000000000e+00
4.970498046875000000e+03 7.989505767822265625e+00 0.000000000000000000e+00
4.971644531250000000e+03 8.270776748657226562e+00 0.000000000000000000e+00
4.972788085937500000e+03 7.582549571990966797e+00 0.000000000000000000e+00
4.973932128906250000e+03 6.856485843658447266e+00 0.000000000000000000e+00
4.975079101562500000e+03 7.114784717559814453e+00 0.000000000000000000e+00
4.976223632812500000e+03 7.422642707824707031e+00 0.000000000000000000e+00
4.977371093750000000e+03 7.184998035430908203e+00 0.000000000000000000e+00
4.978516113281250000e+03 7.801896095275878906e+00 0.000000000000000000e+00
4.979664062500000000e+03 7.917715549468994141e+00 0.000000000000000000e+00
4.980809570312500000e+03 6.448745250701904297e+00 0.000000000000000000e+00
4.981958496093750000e+03 6.936992168426513672e+00 0.000000000000000000e+00
4.983104492187500000e+03 7.732939243316650391e+00 0.000000000000000000e+00
4.984250976562500000e+03 7.488272666931152344e+00 0.000000000000000000e+00
4.985400390625000000e+03 6.999279499053955078e+00 0.000000000000000000e+00
4.986546875000000000e+03 7.117576122283935547e+00 0.000000000000000000e+00
4.987696777343750000e+03 7.608465671539306641e+00 0.000000000000000000e+00
4.988844238281250000e+03 7.461129188537597656e+00 0.000000000000000000e+00
4.989994628906250000e+03 7.475538253784179688e+00 0.000000000000000000e+00
4.991142578125000000e+03 7.811679363250732422e+00 0.000000000000000000e+00
4.992291015625000000e+03 7.967502593994140625e+00 0.000000000000000000e+00
4.993441894531250000e+03 7.761362552642822266e+00 0.000000000000000000e+00
4.994590820312500000e+03 7.287635326385498047e+00 0.000000000000000000e+00
4.995742675781250000e+03 6.670122146606445312e+00 0.000000000000000000e+00
4.996892089843750000e+03 6.962220191955566406e+00 0.000000000000000000e+00
4.998043945312500000e+03 6.997288703918457031e+00 0.000000000000000000e+00
4.999193847656250000e+03 7.539915561676025391e+00 0.000000000000000000e+00
5.000343750000000000e+03 7.856886386871337891e+00 0.000000000000000000e+00
5.001497070312500000e+03 7.046684741973876953e+00 0.000000000000000000e+00
5.002647460937500000e+03 6.872840404510498047e+00 0.000000000000000000e+00
5.003801269531250000e+03 6.516542911529541016e+00 0.000000000000000000e+00
5.004952148437500000e+03 6.527806282043457031e+00 0.000000000000000000e+00
5.006106445312500000e+03 6.968289852142333984e+00 0.000000000000000000e+00
5.007258300781250000e+03 7.007579803466796875e+00 0.000000000000000000e+00
5.008410156250000000e+03 6.442782402038574219e+00 0.000000000000000000e+00
5.009564941406250000e+03 6.806121826171875000e+00 0.000000000000000000e+00
5.010717285156250000e+03 7.028083801269531250e+00 0.000000000000000000e+00
5.011873046875000000e+03 6.488802433013916016e+00 0.000000000000000000e+00
5.013025878906250000e+03 6.454934597015380859e+00 0.000000000000000000e+00
5.014181640625000000e+03 7.133152008056640625e+00 0.000000000000000000e+00
5.015335449218750000e+03 7.520697593688964844e+00 0.000000000000000000e+00
5.016489257812500000e+03 7.146435737609863281e+00 0.000000000000000000e+00
5.017645996093750000e+03 6.813420295715332031e+00 0.000000000000000000e+00
5.018800292968750000e+03 7.255548954010009766e+00 0.000000000000000000e+00
5.019957519531250000e+03 7.326695442199707031e+00 0.000000000000000000e+00
5.021112304687500000e+03 6.880136966705322266e+00 0.000000000000000000e+00
5.022270019531250000e+03 6.875765323638916016e+00 0.000000000000000000e+00
5.023425781250000000e+03 7.407045841217041016e+00 0.000000000000000000e+00
5.024581054687500000e+03 6.788001537322998047e+00 0.000000000000000000e+00
5.025739746093750000e+03 5.978490352630615234e+00 0.000000000000000000e+00
5.026895996093750000e+03 6.152960777282714844e+00 0.000000000000000000e+00
5.028055175781250000e+03 6.569461345672607422e+00 0.000000000000000000e+00
5.029211914062500000e+03 6.435298919677734375e+00 0.000000000000000000e+00
5.030371582031250000e+03 7.137280941009521484e+00 0.000000000000000000e+00
5.031528808593750000e+03 6.977733135223388672e+00 0.000000000000000000e+00
5.032686523437500000e+03 7.762421607971191406e+00 0.000000000000000000e+00
5.033847167968750000e+03 7.312240600585937500e+00 0.000000000000000000e+00
5.035004882812500000e+03 6.059082031250000000e+00 0.000000000000000000e+00
5.036166015625000000e+03 6.158686637878417969e+00 0.000000000000000000e+00
5.037324707031250000e+03 6.482491493225097656e+00 0.000000000000000000e+00
5.038486328125000000e+03 6.615061759948730469e+00 0.000000000000000000e+00
5.039645507812500000e+03 7.213443756103515625e+00 0.000000000000000000e+00
5.040804687500000000e+03 7.166636943817138672e+00 0.000000000000000000e+00
5.041967285156250000e+03 6.763279438018798828e+00 0.000000000000000000e+00
5.043126953125000000e+03 7.017306327819824219e+00 0.000000000000000000e+00
5.044290039062500000e+03 7.144162654876708984e+00 0.000000000000000000e+00
5.045450195312500000e+03 7.146384716033935547e+00 0.000000000000000000e+00
5.046613769531250000e+03 6.845125675201416016e+00 0.000000000000000000e+00
5.047774902343750000e+03 7.166874408721923828e+00 0.000000000000000000e+00
5.048936035156250000e+03 7.197852134704589844e+00 0.000000000000000000e+00
5.050100097656250000e+03 6.277232646942138672e+00 0.000000000000000000e+00
5.051262207031250000e+03 6.966842651367187500e+00 0.000000000000000000e+00
5.052426757812500000e+03 7.082103252410888672e+00 0.000000000000000000e+00
5.053589355468750000e+03 6.957464694976806641e+00 0.000000000000000000e+00
5.054754394531250000e+03 6.638962745666503906e+00 0.000000000000000000e+00
5.055917480468750000e+03 6.514225482940673828e+00 0.000000000000000000e+00
5.057080566406250000e+03 6.595428466796875000e+00 0.000000000000000000e+00
5.058246582031250000e+03 5.841762065887451172e+00 0.000000000000000000e+00
5.059410156250000000e+03 6.333008289337158203e+00 0.000000000000000000e+00
5.060577148437500000e+03 6.955440521240234375e+00 0.000000000000000000e+00
5.061741210937500000e+03 7.398929119110107422e+00 0.000000000000000000e+00
5.062908203125000000e+03 7.008523464202880859e+00 0.000000000000000000e+00
5.064073242187500000e+03 5.960767269134521484e+00 0.000000000000000000e+00
5.065237792968750000e+03 6.474310874938964844e+00 0.000000000000000000e+00
5.066406250000000000e+03 6.042024135589599609e+00 0.000000000000000000e+00
5.067571777343750000e+03 6.016901016235351562e+00 0.000000000000000000e+00
5.068740234375000000e+03 6.562122344970703125e+00 0.000000000000000000e+00
5.069906250000000000e+03 6.709850788116455078e+00 0.000000000000000000e+00
5.071075195312500000e+03 6.160995483398437500e+00 0.000000000000000000e+00
5.072241699218750000e+03 6.258771419525146484e+00 0.000000000000000000e+00
5.073411621093750000e+03 5.770287990570068359e+00 0.000000000000000000e+00
5.074578613281250000e+03 6.888716697692871094e+00 0.000000000000000000e+00
5.075746093750000000e+03 7.377076625823974609e+00 0.000000000000000000e+00
5.076916503906250000e+03 6.722177982330322266e+00 0.000000000000000000e+00
5.078084472656250000e+03 6.657745361328125000e+00 0.000000000000000000e+00
5.079255371093750000e+03 7.213643550872802734e+00 0.000000000000000000e+00
5.080423828125000000e+03 7.026970863342285156e+00 0.000000000000000000e+00
5.081595703125000000e+03 7.058496475219726562e+00 0.000000000000000000e+00
5.082764648437500000e+03 6.962409496307373047e+00 0.000000000000000000e+00
5.083933593750000000e+03 7.175571441650390625e+00 0.000000000000000000e+00
5.085105957031250000e+03 7.712501525878906250e+00 0.000000000000000000e+00
5.086275878906250000e+03 6.528321743011474609e+00 0.000000000000000000e+00
5.087448730468750000e+03 6.969345092773437500e+00 0.000000000000000000e+00
5.088619140625000000e+03 6.694770812988281250e+00 0.000000000000000000e+00
5.089792480468750000e+03 6.246712207794189453e+00 0.000000000000000000e+00
5.090963378906250000e+03 6.336431026458740234e+00 0.000000000000000000e+00
5.092134765625000000e+03 6.711285114288330078e+00 0.000000000000000000e+00
5.093309082031250000e+03 7.052014350891113281e+00 0.000000000000000000e+00
5.094480468750000000e+03 6.613170623779296875e+00 0.000000000000000000e+00
5.095655273437500000e+03 6.859716415405273438e+00 0.000000000000000000e+00
5.096827636718750000e+03 7.147101879119873047e+00 0.000000000000000000e+00
5.098002929687500000e+03 6.678710937500000000e+00 0.000000000000000000e+00
5.099175781250000000e+03 6.070371627807617188e+00 0.000000000000000000e+00
5.100348632812500000e+03 6.674507141113281250e+00 0.000000000000000000e+00
5.101524902343750000e+03 5.740763664245605469e+00 0.000000000000000000e+00
5.102698730468750000e+03 6.042451858520507812e+00 0.000000000000000000e+00
5.103875000000000000e+03 7.128939628601074219e+00 0.000000000000000000e+00
5.105049316406250000e+03 7.181231021881103516e+00 0.000000000000000000e+00
5.106226562500000000e+03 6.374343395233154297e+00 0.000000000000000000e+00
5.107401367187500000e+03 7.483873844146728516e+00 0.000000000000000000e+00
5.108576171875000000e+03 6.694578647613525391e+00 0.000000000000000000e+00
5.109754394531250000e+03 7.000139236450195312e+00 0.000000000000000000e+00
5.110929687500000000e+03 6.882456779479980469e+00 0.000000000000000000e+00
5.112108398437500000e+03 6.293371677398681641e+00 0.000000000000000000e+00
5.113284179687500000e+03 6.694945335388183594e+00 0.000000000000000000e+00
5.114463378906250000e+03 6.715074062347412109e+00 0.000000000000000000e+00
5.115640136718750000e+03 6.827392578125000000e+00 0.000000000000000000e+00
5.116816894531250000e+03 6.804871559143066406e+00 0.000000000000000000e+00
5.117996582031250000e+03 6.347273349761962891e+00 0.000000000000000000e+00
5.119174316406250000e+03 6.142378807067871094e+00 0.000000000000000000e+00
5.120354492187500000e+03 6.529055118560791016e+00 0.000000000000000000e+00
5.121532714843750000e+03 6.072483539581298828e+00 0.000000000000000000e+00
5.122713378906250000e+03 6.815867900848388672e+00 0.000000000000000000e+00
5.123892089843750000e+03 6.595510959625244141e+00 0.000000000000000000e+00
5.125070800781250000e+03 7.033434391021728516e+00 0.000000000000000000e+00
5.126252441406250000e+03 7.626802444458007812e+00 0.000000000000000000e+00
5.127432128906250000e+03 6.588561058044433594e+00 0.000000000000000000e+00
5.128614257812500000e+03 6.198605060577392578e+00 0.000000000000000000e+00
5.129793945312500000e+03 7.264017581939697266e+00 0.000000000000000000e+00
5.130977050781250000e+03 7.098390579223632812e+00 0.000000000000000000e+00
5.132157226562500000e+03 6.608407497406005859e+00 0.000000000000000000e+00
5.133337890625000000e+03 6.849936008453369141e+00 0.000000000000000000e+00
5.134521972656250000e+03 7.009595394134521484e+00 0.000000000000000000e+00
5.135703125000000000e+03 5.762975215911865234e+00 0.000000000000000000e+00
5.136887207031250000e+03 6.257214069366455078e+00 0.000000000000000000e+00
5.138068847656250000e+03 7.234420299530029297e+00 0.000000000000000000e+00
5.139253906250000000e+03 7.351428031921386719e+00 0.000000000000000000e+00
5.140436035156250000e+03 7.062298297882080078e+00 0.000000000000000000e+00
5.141618652343750000e+03 7.220041751861572266e+00 0.000000000000000000e+00
5.142804199218750000e+03 6.900690078735351562e+00 0.000000000000000000e+00
5.143987304687500000e+03 6.715728282928466797e+00 0.000000000000000000e+00
5.145173828125000000e+03 7.574847221374511719e+00 0.000000000000000000e+00
5.146357421875000000e+03 7.277059555053710938e+00 0.000000000000000000e+00
5.147543945312500000e+03 6.550611495971679688e+00 0.000000000000000000e+00
5.148728027343750000e+03 7.111749649047851562e+00 0.000000000000000000e+00
5.149912597656250000e+03 6.203670024871826172e+00 0.000000000000000000e+00
5.151100097656250000e+03 6.701439857482910156e+00 0.000000000000000000e+00
5.152285156250000000e+03 6.735818386077880859e+00 0.000000000000000000e+00
5.153473144531250000e+03 6.658190250396728516e+00 0.000000000000000000e+00
5.154658691406250000e+03 6.113793849945068359e+00 0.000000000000000000e+00
5.155847656250000000e+03 5.039016246795654297e+00 0.000000000000000000e+00
5.157033691406250000e+03 6.218150138854980469e+00 0.000000000000000000e+00
5.158222656250000000e+03 6.256240844726562500e+00 0.000000000000000000e+00
5.159409179687500000e+03 6.717985153198242188e+00 0.000000000000000000e+00
5.160596191406250000e+03 6.703823566436767578e+00 0.000000000000000000e+00
5.161786132812500000e+03 6.204067707061767578e+00 0.000000000000000000e+00
5.162973632812500000e+03 6.371434211730957031e+00 0.000000000000000000e+00
5.164164550781250000e+03 6.660300254821777344e+00 0.000000000000000000e+00
5.165352539062500000e+03 6.351429462432861328e+00 0.000000000000000000e+00
5.166543457031250000e+03 7.274780750274658203e+00 0.000000000000000000e+00
5.167731933593750000e+03 7.385282516479492188e+00 0.000000000000000000e+00
5.168920898437500000e+03 6.648056030273437500e+00 0.000000000000000000e+00
5.170112792968750000e+03 6.793033123016357422e+00 0.000000000000000000e+00
5.171302246093750000e+03 6.628187656402587891e+00 0.000000000000000000e+00
5.172494628906250000e+03 6.398701190948486328e+00 0.000000000000000000e+00
5.173684570312500000e+03 6.302765846252441406e+00 0.000000000000000000e+00
5.174877929687500000e+03 6.119199752807617188e+00 0.000000000000000000e+00
5.176068359375000000e+03 6.372191429138183594e+00 0.000000000000000000e+00
5.177258789062500000e+03 7.099417209625244141e+00 0.000000000000000000e+00
5.178452636718750000e+03 6.403191089630126953e+00 0.000000000000000000e+00
5.179644042968750000e+03 6.718012332916259766e+00 0.000000000000000000e+00
5.180838378906250000e+03 6.390182018280029297e+00 0.000000000000000000e+00
5.182030273437500000e+03 6.032858848571777344e+00 0.000000000000000000e+00
5.183225097656250000e+03 6.316669464111328125e+00 0.000000000000000000e+00
5.184417480468750000e+03 6.680828094482421875e+00 0.000000000000000000e+00
5.185610351562500000e+03 6.366399288177490234e+00 0.000000000000000000e+00
5.186806152343750000e+03 6.641838550567626953e+00 0.000000000000000000e+00
5.187999511718750000e+03 6.984876632690429688e+00 0.000000000000000000e+00
5.189195800781250000e+03 6.445119380950927734e+00 0.000000000000000000e+00
5.190389648437500000e+03 6.108568668365478516e+00 0.000000000000000000e+00
5.191586425781250000e+03 7.154781818389892578e+00 0.000000000000000000e+00
5.192780761718750000e+03 7.186321258544921875e+00 0.000000000000000000e+00
5.193975097656250000e+03 6.329444885253906250e+00 0.000000000000000000e+00
5.195172851562500000e+03 5.863957405090332031e+00 0.000000000000000000e+00
5.196368164062500000e+03 6.129097938537597656e+00 0.000000000000000000e+00
5.197566406250000000e+03 6.486909389495849609e+00 0.000000000000000000e+00
5.198762207031250000e+03 6.414130210876464844e+00 0.000000000000000000e+00
5.199960937500000000e+03 6.524492740631103516e+00 0.000000000000000000e+00
5.201157226562500000e+03 6.048993587493896484e+00 0.000000000000000000e+00
5.202353515625000000e+03 5.836387634277343750e+00 0.000000000000000000e+00
5.203553222656250000e+03 6.587821483612060547e+00 0.000000000000000000e+00
5.204750488281250000e+03 6.920927047729492188e+00 0.000000000000000000e+00
5.205950683593750000e+03 5.950716495513916016e+00 0.000000000000000000e+00
5.207148437500000000e+03 6.654565811157226562e+00 0.000000000000000000e+00
5.208349121093750000e+03 5.924797058105468750e+00 0.000000000000000000e+00
5.209547363281250000e+03 5.917799949645996094e+00 0.000000000000000000e+00
5.210745605468750000e+03 5.970112323760986328e+00 0.000000000000000000e+00
5.211947265625000000e+03 5.934829235076904297e+00 0.000000000000000000e+00
5.213145996093750000e+03 6.699657917022705078e+00 0.000000000000000000e+00
5.214348144531250000e+03 7.290925025939941406e+00 0.000000000000000000e+00
5.215547851562500000e+03 6.431943416595458984e+00 0.000000000000000000e+00
5.216750488281250000e+03 7.051670074462890625e+00 0.000000000000000000e+00
5.217950683593750000e+03 6.572721958160400391e+00 0.000000000000000000e+00
5.219150878906250000e+03 5.587647438049316406e+00 0.000000000000000000e+00
5.220354492187500000e+03 6.744196414947509766e+00 0.000000000000000000e+00
5.221555664062500000e+03 6.691079616546630859e+00 0.000000000000000000e+00
5.222759765625000000e+03 6.954709053039550781e+00 0.000000000000000000e+00
5.223960937500000000e+03 5.724338531494140625e+00 0.000000000000000000e+00
5.225165527343750000e+03 5.729972839355468750e+00 0.000000000000000000e+00
5.226367675781250000e+03 6.767686367034912109e+00 0.000000000000000000e+00
5.227570312500000000e+03 6.256311893463134766e+00 0.000000000000000000e+00
5.228775390625000000e+03 6.048646926879882812e+00 0.000000000000000000e+00
5.229978515625000000e+03 5.393593311309814453e+00 0.000000000000000000e+00
5.231184570312500000e+03 6.216086387634277344e+00 0.000000000000000000e+00
5.232387695312500000e+03 6.734305858612060547e+00 0.000000000000000000e+00
5.233594238281250000e+03 6.227300643920898438e+00 0.000000000000000000e+00
5.234798339843750000e+03 5.915750980377197266e+00 0.000000000000000000e+00
5.236002929687500000e+03 5.958893299102783203e+00 0.000000000000000000e+00
5.237209960937500000e+03 7.000196456909179688e+00 0.000000000000000000e+00
5.238415039062500000e+03 6.623014450073242188e+00 0.000000000000000000e+00
5.239623046875000000e+03 6.313177585601806641e+00 0.000000000000000000e+00
5.240828125000000000e+03 6.689734935760498047e+00 0.000000000000000000e+00
5.242036621093750000e+03 6.469665050506591797e+00 0.000000000000000000e+00
5.243242675781250000e+03 5.916499614715576172e+00 0.000000000000000000e+00
5.244448730468750000e+03 6.732841491699218750e+00 0.000000000000000000e+00
5.245658203125000000e+03 6.371855735778808594e+00 0.000000000000000000e+00
5.246865234375000000e+03 6.422637462615966797e+00 0.000000000000000000e+00
5.248074707031250000e+03 7.024830818176269531e+00 0.000000000000000000e+00
5.249282226562500000e+03 6.610954284667968750e+00 0.000000000000000000e+00
5.250492675781250000e+03 6.534658432006835938e+00 0.000000000000000000e+00
5.251700683593750000e+03 5.930901050567626953e+00 0.000000000000000000e+00
5.252911621093750000e+03 6.293263435363769531e+00 0.000000000000000000e+00
5.254120117187500000e+03 7.096767902374267578e+00 0.000000000000000000e+00
5.255328613281250000e+03 7.201155185699462891e+00 0.000000000000000000e+00
5.256540527343750000e+03 6.517813205718994141e+00 0.000000000000000000e+00
5.257750000000000000e+03 6.368541240692138672e+00 0.000000000000000000e+00
5.258962402343750000e+03 6.349636554718017578e+00 0.000000000000000000e+00
5.260172363281250000e+03 6.744549274444580078e+00 0.000000000000000000e+00
5.261385253906250000e+03 6.826609611511230469e+00 0.000000000000000000e+00
5.262595703125000000e+03 6.535334110260009766e+00 0.000000000000000000e+00
5.263806152343750000e+03 6.404163360595703125e+00 0.000000000000000000e+00
5.265020019531250000e+03 6.124400138854980469e+00 0.000000000000000000e+00
5.266230957031250000e+03 6.552381992340087891e+00 0.000000000000000000e+00
5.267445800781250000e+03 6.717691898345947266e+00 0.000000000000000000e+00
5.268657226562500000e+03 6.748819351196289062e+00 0.000000000000000000e+00
5.269872070312500000e+03 6.747892856597900391e+00 0.000000000000000000e+00
5.271084472656250000e+03 6.458872318267822266e+00 0.000000000000000000e+00
5.272297363281250000e+03 6.139423847198486328e+00 0.000000000000000000e+00
5.273513183593750000e+03 6.165537357330322266e+00 0.000000000000000000e+00
5.274726074218750000e+03 7.018263816833496094e+00 0.000000000000000000e+00
5.275942382812500000e+03 7.090659618377685547e+00 0.000000000000000000e+00
5.277156250000000000e+03 6.549937725067138672e+00 0.000000000000000000e+00
5.278373046875000000e+03 6.661555290222167969e+00 0.000000000000000000e+00
5.279587402343750000e+03 6.072239875793457031e+00 0.000000000000000000e+00
5.280801757812500000e+03 6.734530448913574219e+00 0.000000000000000000e+00
5.282019531250000000e+03 6.045238494873046875e+00 0.000000000000000000e+00
5.283234863281250000e+03 5.749947071075439453e+00 0.000000000000000000e+00
5.284453125000000000e+03 6.591305732727050781e+00 0.000000000000000000e+00
5.285668945312500000e+03 6.669358253479003906e+00 0.000000000000000000e+00
5.286887695312500000e+03 5.537070751190185547e+00 0.000000000000000000e+00
5.288104003906250000e+03 6.075495719909667969e+00 0.000000000000000000e+00
5.289320312500000000e+03 6.464938163757324219e+00 0.000000000000000000e+00
5.290540039062500000e+03 6.680651187896728516e+00 0.000000000000000000e+00
5.291757324218750000e+03 6.329974651336669922e+00 0.000000000000000000e+00
5.292977539062500000e+03 5.289039134979248047e+00 0.000000000000000000e+00
5.294195312500000000e+03 6.149135589599609375e+00 0.000000000000000000e+00
5.295416015625000000e+03 5.375637531280517578e+00 0.000000000000000000e+00
5.296634277343750000e+03 5.809963703155517578e+00 0.000000000000000000e+00
5.297852539062500000e+03 6.086254596710205078e+00 0.000000000000000000e+00
5.299074218750000000e+03 5.663249492645263672e+00 0.000000000000000000e+00
5.300293457031250000e+03 5.862153053283691406e+00 0.000000000000000000e+00
5.301515625000000000e+03 5.713847160339355469e+00 0.000000000000000000e+00
5.302735351562500000e+03 5.454977989196777344e+00 0.000000000000000000e+00
5.303958007812500000e+03 5.663290500640869141e+00 0.000000000000000000e+00
5.305178222656250000e+03 5.828813076019287109e+00 0.000000000000000000e+00
5.306398437500000000e+03 5.962809562683105469e+00 0.000000000000000000e+00
5.307622070312500000e+03 6.193988800048828125e+00 0.000000000000000000e+00
5.308843261718750000e+03 5.369943618774414062e+00 0.000000000000000000e+00
5.310067382812500000e+03 5.845031261444091797e+00 0.000000000000000000e+00
5.311289062500000000e+03 6.275189876556396484e+00 0.000000000000000000e+00
5.312513671875000000e+03 6.643960475921630859e+00 0.000000000000000000e+00
5.313735839843750000e+03 6.407330989837646484e+00 0.000000000000000000e+00
5.314958496093750000e+03 5.280654907226562500e+00 0.000000000000000000e+00
5.316184082031250000e+03 5.892878532409667969e+00 0.000000000000000000e+00
5.317407226562500000e+03 5.934742927551269531e+00 0.000000000000000000e+00
5.318633300781250000e+03 6.386686325073242188e+00 0.000000000000000000e+00
5.319856933593750000e+03 6.169385910034179688e+00 0.000000000000000000e+00
5.321083496093750000e+03 5.571675777435302734e+00 0.000000000000000000e+00
5.322307617187500000e+03 5.861189842224121094e+00 0.000000000000000000e+00
5.323531738281250000e+03 5.467344760894775391e+00 0.000000000000000000e+00
5.324759765625000000e+03 6.473101139068603516e+00 0.000000000000000000e+00
5.325984375000000000e+03 6.596012592315673828e+00 0.000000000000000000e+00
5.327212890625000000e+03 6.043653964996337891e+00 0.000000000000000000e+00
5.328437988281250000e+03 6.031973838806152344e+00 0.000000000000000000e+00
5.329666992187500000e+03 6.476552009582519531e+00 0.000000000000000000e+00
5.330893066406250000e+03 5.771003723144531250e+00 0.000000000000000000e+00
5.332119140625000000e+03 6.570086956024169922e+00 0.000000000000000000e+00
5.333349121093750000e+03 6.130013465881347656e+00 0.000000000000000000e+00
5.334575683593750000e+03 5.535417079925537109e+00 0.000000000000000000e+00
5.335806152343750000e+03 5.921510219573974609e+00 0.000000000000000000e+00
5.337033691406250000e+03 6.385239601135253906e+00 0.000000000000000000e+00
5.338264160156250000e+03 6.129360675811767578e+00 0.000000000000000000e+00
5.339492187500000000e+03 6.435678005218505859e+00 0.000000000000000000e+00
5.340720703125000000e+03 6.460139751434326172e+00 0.000000000000000000e+00
5.341952148437500000e+03 6.180646419525146484e+00 0.000000000000000000e+00
5.343181152343750000e+03 5.900346279144287109e+00 0.000000000000000000e+00
5.344413085937500000e+03 5.813568592071533203e+00 0.000000000000000000e+00
5.345642578125000000e+03 6.100346565246582031e+00 0.000000000000000000e+00
5.346875488281250000e+03 6.049123287200927734e+00 0.000000000000000000e+00
5.348105468750000000e+03 6.062971591949462891e+00 0.000000000000000000e+00
5.349338867187500000e+03 6.224661827087402344e+00 0.000000000000000000e+00
5.350569335937500000e+03 5.880553245544433594e+00 0.000000000000000000e+00
5.351800292968750000e+03 5.185524463653564453e+00 0.000000000000000000e+00
5.353034179687500000e+03 6.523576736450195312e+00 0.000000000000000000e+00
5.354265625000000000e+03 6.730099678039550781e+00 0.000000000000000000e+00
5.355500488281250000e+03 6.087787151336669922e+00 0.000000000000000000e+00
5.356732421875000000e+03 6.135198593139648438e+00 0.000000000000000000e+00
5.357967773437500000e+03 6.363215446472167969e+00 0.000000000000000000e+00
5.359200195312500000e+03 5.806575298309326172e+00 0.000000000000000000e+00
5.360433105468750000e+03 6.943551540374755859e+00 0.000000000000000000e+00
5.361669433593750000e+03 6.480747699737548828e+00 0.000000000000000000e+00
5.362902832031250000e+03 5.680088043212890625e+00 0.000000000000000000e+00
5.364139160156250000e+03 5.543962001800537109e+00 0.000000000000000000e+00
5.365373535156250000e+03 5.849016189575195312e+00 0.000000000000000000e+00
5.366610839843750000e+03 6.012623310089111328e+00 0.000000000000000000e+00
5.367845214843750000e+03 6.301915645599365234e+00 0.000000000000000000e+00
5.369080078125000000e+03 6.418301105499267578e+00 0.000000000000000000e+00
5.370318359375000000e+03 5.671949386596679688e+00 0.000000000000000000e+00
5.371553710937500000e+03 6.140585899353027344e+00 0.000000000000000000e+00
5.372792480468750000e+03 7.000167846679687500e+00 0.000000000000000000e+00
5.374028320312500000e+03 5.826946258544921875e+00 0.000000000000000000e+00
5.375267578125000000e+03 5.834208965301513672e+00 0.000000000000000000e+00
5.376503906250000000e+03 5.746944904327392578e+00 0.000000000000000000e+00
5.377741210937500000e+03 5.764860630035400391e+00 0.000000000000000000e+00
5.378980957031250000e+03 6.363382816314697266e+00 0.000000000000000000e+00
5.380218261718750000e+03 6.793953895568847656e+00 0.000000000000000000e+00
5.381458984375000000e+03 6.265871047973632812e+00 0.000000000000000000e+00
5.382697265625000000e+03 6.442536354064941406e+00 0.000000000000000000e+00
5.383938476562500000e+03 6.001007080078125000e+00 0.000000000000000000e+00
5.385176757812500000e+03 5.900610923767089844e+00 0.000000000000000000e+00
5.386416015625000000e+03 6.193535804748535156e+00 0.000000000000000000e+00
5.387657714843750000e+03 6.117349624633789062e+00 0.000000000000000000e+00
5.388897460937500000e+03 5.516560077667236328e+00 0.000000000000000000e+00
5.390140136718750000e+03 5.921052932739257812e+00 0.000000000000000000e+00
5.391379882812500000e+03 6.191475391387939453e+00 0.000000000000000000e+00
5.392623046875000000e+03 6.109176158905029297e+00 0.000000000000000000e+00
5.393863769531250000e+03 5.734940052032470703e+00 0.000000000000000000e+00
5.395104492187500000e+03 5.556290149688720703e+00 0.000000000000000000e+00
5.396348632812500000e+03 5.897166728973388672e+00 0.000000000000000000e+00
5.397590332031250000e+03 5.921689510345458984e+00 0.000000000000000000e+00
5.398834960937500000e+03 6.523234844207763672e+00 0.000000000000000000e+00
5.400076660156250000e+03 6.180130004882812500e+00 0.000000000000000000e+00
5.401322265625000000e+03 6.188198566436767578e+00 0.000000000000000000e+00
5.402564453125000000e+03 6.336214542388916016e+00 0.000000000000000000e+00
5.403807617187500000e+03 5.366006374359130859e+00 0.000000000000000000e+00
5.405053710937500000e+03 6.099823951721191406e+00 0.000000000000000000e+00
5.406296875000000000e+03 6.174262046813964844e+00 0.000000000000000000e+00
5.407543945312500000e+03 5.910163402557373047e+00 0.000000000000000000e+00
5.408787597656250000e+03 5.926556110382080078e+00 0.000000000000000000e+00
5.410035156250000000e+03 6.311463356018066406e+00 0.000000000000000000e+00
5.411279785156250000e+03 6.590119838714599609e+00 0.000000000000000000e+00
5.412524414062500000e+03 6.271898269653320312e+00 0.000000000000000000e+00
5.413772460937500000e+03 6.698725223541259766e+00 0.000000000000000000e+00
5.415018066406250000e+03 6.785515785217285156e+00 0.000000000000000000e+00
5.416266601562500000e+03 6.603440761566162109e+00 0.000000000000000000e+00
5.417512695312500000e+03 6.338639736175537109e+00 0.000000000000000000e+00
5.418761718750000000e+03 6.025365829467773438e+00 0.000000000000000000e+00
5.420008300781250000e+03 6.445491790771484375e+00 0.000000000000000000e+00
5.421255371093750000e+03 6.071431159973144531e+00 0.000000000000000000e+00
5.422505371093750000e+03 6.644736766815185547e+00 0.000000000000000000e+00
5.423752929687500000e+03 6.715567111968994141e+00 0.000000000000000000e+00
5.425003417968750000e+03 5.620251178741455078e+00 0.000000000000000000e+00
5.426251464843750000e+03 5.064998626708984375e+00 0.000000000000000000e+00
5.427502929687500000e+03 5.752081871032714844e+00 0.000000000000000000e+00
5.428751464843750000e+03 5.836055755615234375e+00 0.000000000000000000e+00
5.430000488281250000e+03 6.185683727264404297e+00 0.000000000000000000e+00
5.431252441406250000e+03 6.620344638824462891e+00 0.000000000000000000e+00
5.432501953125000000e+03 6.608029365539550781e+00 0.000000000000000000e+00
5.433754882812500000e+03 6.181006431579589844e+00 0.000000000000000000e+00
5.435004882812500000e+03 6.005776405334472656e+00 0.000000000000000000e+00
5.436258300781250000e+03 7.060472488403320312e+00 0.000000000000000000e+00
5.437508789062500000e+03 6.387575149536132812e+00 0.000000000000000000e+00
5.438759765625000000e+03 5.712861061096191406e+00 0.000000000000000000e+00
5.440013671875000000e+03 5.923738002777099609e+00 0.000000000000000000e+00
5.441265136718750000e+03 5.612194061279296875e+00 0.000000000000000000e+00
5.442520019531250000e+03 5.951222896575927734e+00 0.000000000000000000e+00
5.443771972656250000e+03 6.581314086914062500e+00 0.000000000000000000e+00
5.445027343750000000e+03 5.986348152160644531e+00 0.000000000000000000e+00
5.446279785156250000e+03 5.833785057067871094e+00 0.000000000000000000e+00
5.447535644531250000e+03 6.309117317199707031e+00 0.000000000000000000e+00
5.448789062500000000e+03 5.793627738952636719e+00 0.000000000000000000e+00
5.450042480468750000e+03 5.756989479064941406e+00 0.000000000000000000e+00
5.451299316406250000e+03 5.338667869567871094e+00 0.000000000000000000e+00
5.452553222656250000e+03 5.606379032135009766e+00 0.000000000000000000e+00
5.453810546875000000e+03 5.710636615753173828e+00 0.000000000000000000e+00
5.455065429687500000e+03 5.634193897247314453e+00 0.000000000000000000e+00
5.456323242187500000e+03 6.185698032379150391e+00 0.000000000000000000e+00
5.457578613281250000e+03 5.830525875091552734e+00 0.000000000000000000e+00
5.458833984375000000e+03 6.748803615570068359e+00 0.000000000000000000e+00
5.460092773437500000e+03 6.722357749938964844e+00 0.000000000000000000e+00
5.461348632812500000e+03 5.977826595306396484e+00 0.000000000000000000e+00
5.462608398437500000e+03 5.643324851989746094e+00 0.000000000000000000e+00
5.463864746093750000e+03 6.087732791900634766e+00 0.000000000000000000e+00
5.465125000000000000e+03 6.938732147216796875e+00 0.000000000000000000e+00
5.466382324218750000e+03 6.267057895660400391e+00 0.000000000000000000e+00
5.467639648437500000e+03 6.530500411987304688e+00 0.000000000000000000e+00
5.468900390625000000e+03 6.335473060607910156e+00 0.000000000000000000e+00
5.470158691406250000e+03 5.711036682128906250e+00 0.000000000000000000e+00
5.471419921875000000e+03 6.501924037933349609e+00 0.000000000000000000e+00
5.472678710937500000e+03 5.956225395202636719e+00 0.000000000000000000e+00
5.473940429687500000e+03 5.661265850067138672e+00 0.000000000000000000e+00
5.475199707031250000e+03 5.641166687011718750e+00 0.000000000000000000e+00
5.476459472656250000e+03 5.960722923278808594e+00 0.000000000000000000e+00
5.477722167968750000e+03 6.503753662109375000e+00 0.000000000000000000e+00
5.478982421875000000e+03 6.597503662109375000e+00 0.000000000000000000e+00
5.480246093750000000e+03 5.722580432891845703e+00 0.000000000000000000e+00
5.481506835937500000e+03 6.125036716461181641e+00 0.000000000000000000e+00
5.482770507812500000e+03 5.962824821472167969e+00 0.000000000000000000e+00
5.484032226562500000e+03 5.782960891723632812e+00 0.000000000000000000e+00
5.485293457031250000e+03 5.917617321014404297e+00 0.000000000000000000e+00
5.486558593750000000e+03 5.616865634918212891e+00 0.000000000000000000e+00
5.487820800781250000e+03 5.861882209777832031e+00 0.000000000000000000e+00
5.489085937500000000e+03 6.171271324157714844e+00 0.000000000000000000e+00
5.490349121093750000e+03 6.010055065155029297e+00 0.000000000000000000e+00
5.491614746093750000e+03 6.045303344726562500e+00 0.000000000000000000e+00
5.492878417968750000e+03 5.973137378692626953e+00 0.000000000000000000e+00
5.494142089843750000e+03 5.291141986846923828e+00 0.000000000000000000e+00
5.495408691406250000e+03 6.443765163421630859e+00 0.000000000000000000e+00
5.496672851562500000e+03 6.436317443847656250e+00 0.000000000000000000e+00
5.497940429687500000e+03 6.189422130584716797e+00 0.000000000000000000e+00
5.499205566406250000e+03 6.338659763336181641e+00 0.000000000000000000e+00
5.500473632812500000e+03 6.443939208984375000e+00 0.000000000000000000e+00
5.501738769531250000e+03 6.070981502532958984e+00 0.000000000000000000e+00
5.503004394531250000e+03 6.209263324737548828e+00 0.000000000000000000e+00
5.504273437500000000e+03 6.363559246063232422e+00 0.000000000000000000e+00
5.505539550781250000e+03 5.936749458312988281e+00 0.000000000000000000e+00
5.506809570312500000e+03 6.036605358123779297e+00 0.000000000000000000e+00
5.508076171875000000e+03 6.462215423583984375e+00 0.000000000000000000e+00
5.509346191406250000e+03 5.954988002777099609e+00 0.000000000000000000e+00
5.510613769531250000e+03 6.246320247650146484e+00 0.000000000000000000e+00
5.511881347656250000e+03 6.605435371398925781e+00 0.000000000000000000e+00
5.513152343750000000e+03 6.189580440521240234e+00 0.000000000000000000e+00
5.514420898437500000e+03 5.797476768493652344e+00 0.000000000000000000e+00
5.515692382812500000e+03 5.975552558898925781e+00 0.000000000000000000e+00
5.516961425781250000e+03 6.125150203704833984e+00 0.000000000000000000e+00
5.518233398437500000e+03 5.762985706329345703e+00 0.000000000000000000e+00
5.519502929687500000e+03 5.927678585052490234e+00 0.000000000000000000e+00
5.520772460937500000e+03 6.518866062164306641e+00 0.000000000000000000e+00
5.522045898437500000e+03 6.600256919860839844e+00 0.000000000000000000e+00
5.523315917968750000e+03 6.036908149719238281e+00 0.000000000000000000e+00
5.524589843750000000e+03 5.867837429046630859e+00 0.000000000000000000e+00
5.525860839843750000e+03 6.625443935394287109e+00 0.000000000000000000e+00
5.527134765625000000e+03 6.367352962493896484e+00 0.000000000000000000e+00
5.528406250000000000e+03 6.264556884765625000e+00 0.000000000000000000e+00
5.529678222656250000e+03 5.915728569030761719e+00 0.000000000000000000e+00
5.530953613281250000e+03 5.184218883514404297e+00 0.000000000000000000e+00
5.532225585937500000e+03 5.301403522491455078e+00 0.000000000000000000e+00
5.533501464843750000e+03 6.585918903350830078e+00 0.000000000000000000e+00
5.534774414062500000e+03 5.982698917388916016e+00 0.000000000000000000e+00
5.536050781250000000e+03 5.905589580535888672e+00 0.000000000000000000e+00
5.537324218750000000e+03 5.947616100311279297e+00 0.000000000000000000e+00
5.538598144531250000e+03 5.990569591522216797e+00 0.000000000000000000e+00
5.539875488281250000e+03 6.860680580139160156e+00 0.000000000000000000e+00
5.541149902343750000e+03 6.280404567718505859e+00 0.000000000000000000e+00
5.542427734375000000e+03 7.226151943206787109e+00 0.000000000000000000e+00
5.543702636718750000e+03 6.573692798614501953e+00 0.000000000000000000e+00
5.544980957031250000e+03 5.569727897644042969e+00 0.000000000000000000e+00
5.546256835937500000e+03 5.798017024993896484e+00 0.000000000000000000e+00
5.547535644531250000e+03 6.309531211853027344e+00 0.000000000000000000e+00
5.548811523437500000e+03 6.375767707824707031e+00 0.000000000000000000e+00
5.550088378906250000e+03 5.900919914245605469e+00 0.000000000000000000e+00
5.551368164062500000e+03 6.250803947448730469e+00 0.000000000000000000e+00
5.552645019531250000e+03 6.342854022979736328e+00 0.000000000000000000e+00
5.553925781250000000e+03 5.950630187988281250e+00 0.000000000000000000e+00
5.555203125000000000e+03 6.202796936035156250e+00 0.000000000000000000e+00
5.556484375000000000e+03 5.769597053527832031e+00 0.000000000000000000e+00
5.557762695312500000e+03 6.226966381072998047e+00 0.000000000000000000e+00
5.559041015625000000e+03 6.267419815063476562e+00 0.000000000000000000e+00
5.560323242187500000e+03 5.950824737548828125e+00 0.000000000000000000e+00
5.561602050781250000e+03 6.045866489410400391e+00 0.000000000000000000e+00
5.562884765625000000e+03 6.319482803344726562e+00 0.000000000000000000e+00
5.564164550781250000e+03 5.262134075164794922e+00 0.000000000000000000e+00
5.565447265625000000e+03 5.957275390625000000e+00 0.000000000000000000e+00
5.566728027343750000e+03 5.878384590148925781e+00 0.000000000000000000e+00
5.568008300781250000e+03 5.832524299621582031e+00 0.000000000000000000e+00
5.569292480468750000e+03 6.347333431243896484e+00 0.000000000000000000e+00
5.570573730468750000e+03 6.178004741668701172e+00 0.000000000000000000e+00
5.571857910156250000e+03 6.372188568115234375e+00 0.000000000000000000e+00
5.573140136718750000e+03 4.980473518371582031e+00 0.000000000000000000e+00
5.574425292968750000e+03 8.370831489562988281e+00 0.000000000000000000e+00
5.575707519531250000e+03 8.613028526306152344e+00 0.000000000000000000e+00
5.576990234375000000e+03 3.328902482986450195e+00 0.000000000000000000e+00
5.578276367187500000e+03 1.580067157745361328e+00 0.000000000000000000e+00
5.579559570312500000e+03 2.542475938796997070e+00 0.000000000000000000e+00
5.580846191406250000e+03 8.168663978576660156e+00 0.000000000000000000e+00
5.582129882812500000e+03 7.529231071472167969e+00 0.000000000000000000e+00
5.583416992187500000e+03 4.934114933013916016e+00 0.000000000000000000e+00
5.584701660156250000e+03 5.793849468231201172e+00 0.000000000000000000e+00
5.585986328125000000e+03 6.870757102966308594e+00 0.000000000000000000e+00
5.587274414062500000e+03 5.522818565368652344e+00 0.000000000000000000e+00
5.588560058593750000e+03 5.908758163452148438e+00 0.000000000000000000e+00
5.589848632812500000e+03 5.888472557067871094e+00 0.000000000000000000e+00
5.591134765625000000e+03 6.015496253967285156e+00 0.000000000000000000e+00
5.592423828125000000e+03 6.545332908630371094e+00 0.000000000000000000e+00
5.593710449218750000e+03 6.186023235321044922e+00 0.000000000000000000e+00
5.594997070312500000e+03 6.263026237487792969e+00 0.000000000000000000e+00
5.596287597656250000e+03 5.078597545623779297e+00 0.000000000000000000e+00
5.597574707031250000e+03 5.123822689056396484e+00 0.000000000000000000e+00
5.598865722656250000e+03 5.602036476135253906e+00 0.000000000000000000e+00
5.600153808593750000e+03 5.729315757751464844e+00 0.000000000000000000e+00
5.601444824218750000e+03 6.214776515960693359e+00 0.000000000000000000e+00
5.602733398437500000e+03 5.755935668945312500e+00 0.000000000000000000e+00
5.604022460937500000e+03 5.750294685363769531e+00 0.000000000000000000e+00
5.605314941406250000e+03 6.626629829406738281e+00 0.000000000000000000e+00
5.606604492187500000e+03 6.454659461975097656e+00 0.000000000000000000e+00
5.607896972656250000e+03 5.572853088378906250e+00 0.000000000000000000e+00
5.609187011718750000e+03 6.324565410614013672e+00 0.000000000000000000e+00
5.610480468750000000e+03 6.173711776733398438e+00 0.000000000000000000e+00
5.611771484375000000e+03 5.440743923187255859e+00 0.000000000000000000e+00
5.613062500000000000e+03 5.999129772186279297e+00 0.000000000000000000e+00
5.614356933593750000e+03 6.481549263000488281e+00 0.000000000000000000e+00
5.615648437500000000e+03 6.086925983428955078e+00 0.000000000000000000e+00
5.616943359375000000e+03 6.029286861419677734e+00 0.000000000000000000e+00
5.618235351562500000e+03 5.825215816497802734e+00 0.000000000000000000e+00
5.619530761718750000e+03 5.673167705535888672e+00 0.000000000000000000e+00
5.620823730468750000e+03 5.405503749847412109e+00 0.000000000000000000e+00
5.622116699218750000e+03 5.609398841857910156e+00 0.000000000000000000e+00
5.623413085937500000e+03 5.788022041320800781e+00 0.000000000000000000e+00
5.624707031250000000e+03 5.259882926940917969e+00 0.000000000000000000e+00
5.626003906250000000e+03 6.758744716644287109e+00 0.000000000000000000e+00
5.627298339843750000e+03 5.907275676727294922e+00 0.000000000000000000e+00
5.628595703125000000e+03 5.451419353485107422e+00 0.000000000000000000e+00
5.629890625000000000e+03 5.790098667144775391e+00 0.000000000000000000e+00
5.631186035156250000e+03 6.024850845336914062e+00 0.000000000000000000e+00
5.632484375000000000e+03 6.101810455322265625e+00 0.000000000000000000e+00
5.633780273437500000e+03 6.074174404144287109e+00 0.000000000000000000e+00
5.635079101562500000e+03 5.576396942138671875e+00 0.000000000000000000e+00
5.636375488281250000e+03 6.160649776458740234e+00 0.000000000000000000e+00
5.637675292968750000e+03 5.987889766693115234e+00 0.000000000000000000e+00
5.638972167968750000e+03 5.504681587219238281e+00 0.000000000000000000e+00
5.640269531250000000e+03 6.979057788848876953e+00 0.000000000000000000e+00
5.641570312500000000e+03 5.208834171295166016e+00 0.000000000000000000e+00
5.642868164062500000e+03 5.977268218994140625e+00 0.000000000000000000e+00
5.644169433593750000e+03 6.281867980957031250e+00 0.000000000000000000e+00
5.645467773437500000e+03 5.749809741973876953e+00 0.000000000000000000e+00
5.646769531250000000e+03 5.671041011810302734e+00 0.000000000000000000e+00
5.648068359375000000e+03 6.026201248168945312e+00 0.000000000000000000e+00
5.649371093750000000e+03 5.626862049102783203e+00 0.000000000000000000e+00
5.650670410156250000e+03 5.270200729370117188e+00 0.000000000000000000e+00
5.651970703125000000e+03 5.589734077453613281e+00 0.000000000000000000e+00
5.653273925781250000e+03 6.282361984252929688e+00 0.000000000000000000e+00
5.654574218750000000e+03 6.484744071960449219e+00 0.000000000000000000e+00
5.655878417968750000e+03 5.742359638214111328e+00 0.000000000000000000e+00
5.657179199218750000e+03 5.268401145935058594e+00 0.000000000000000000e+00
5.658483886718750000e+03 5.601413726806640625e+00 0.000000000000000000e+00
5.659785644531250000e+03 5.629998207092285156e+00 0.000000000000000000e+00
5.661087890625000000e+03 5.616209983825683594e+00 0.000000000000000000e+00
5.662393066406250000e+03 5.882120132446289062e+00 0.000000000000000000e+00
5.663695800781250000e+03 6.033166885375976562e+00 0.000000000000000000e+00
5.665001953125000000e+03 6.236727237701416016e+00 0.000000000000000000e+00
5.666305175781250000e+03 5.687831401824951172e+00 0.000000000000000000e+00
5.667611816406250000e+03 5.427162647247314453e+00 0.000000000000000000e+00
5.668915527343750000e+03 5.679804325103759766e+00 0.000000000000000000e+00
5.670219726562500000e+03 6.000768661499023438e+00 0.000000000000000000e+00
5.671527343750000000e+03 6.041416645050048828e+00 0.000000000000000000e+00
5.672832031250000000e+03 5.947903156280517578e+00 0.000000000000000000e+00
5.674140136718750000e+03 5.757365226745605469e+00 0.000000000000000000e+00
5.675445312500000000e+03 6.035135746002197266e+00 0.000000000000000000e+00
5.676753906250000000e+03 6.302736759185791016e+00 0.000000000000000000e+00
5.678060058593750000e+03 5.939523696899414062e+00 0.000000000000000000e+00
5.679366210937500000e+03 5.226258277893066406e+00 0.000000000000000000e+00
5.680675781250000000e+03 5.274518489837646484e+00 0.000000000000000000e+00
5.681982910156250000e+03 5.503526687622070312e+00 0.000000000000000000e+00
5.683292968750000000e+03 5.924852371215820312e+00 0.000000000000000000e+00
5.684600585937500000e+03 6.152409553527832031e+00 0.000000000000000000e+00
5.685911132812500000e+03 6.051864624023437500e+00 0.000000000000000000e+00
5.687219238281250000e+03 5.941728591918945312e+00 0.000000000000000000e+00
5.688527832031250000e+03 5.599918365478515625e+00 0.000000000000000000e+00
5.689839355468750000e+03 5.335530757904052734e+00 0.000000000000000000e+00
5.691148437500000000e+03 5.330255985260009766e+00 0.000000000000000000e+00
5.692460937500000000e+03 5.554962158203125000e+00 0.000000000000000000e+00
5.693770507812500000e+03 5.801475524902343750e+00 0.000000000000000000e+00
5.695083496093750000e+03 5.880662918090820312e+00 0.000000000000000000e+00
5.696393554687500000e+03 5.906084060668945312e+00 0.000000000000000000e+00
5.697704101562500000e+03 5.305748462677001953e+00 0.000000000000000000e+00
5.699017578125000000e+03 6.268097400665283203e+00 0.000000000000000000e+00
5.700328613281250000e+03 6.506843566894531250e+00 0.000000000000000000e+00
5.701643066406250000e+03 5.574891090393066406e+00 0.000000000000000000e+00
5.702955078125000000e+03 6.316307544708251953e+00 0.000000000000000000e+00
5.704270019531250000e+03 5.651519775390625000e+00 0.000000000000000000e+00
5.705582519531250000e+03 5.635247707366943359e+00 0.000000000000000000e+00
5.706895019531250000e+03 5.836511135101318359e+00 0.000000000000000000e+00
5.708210937500000000e+03 5.827367782592773438e+00 0.000000000000000000e+00
5.709523925781250000e+03 6.009457111358642578e+00 0.000000000000000000e+00
5.710840820312500000e+03 6.540706157684326172e+00 0.000000000000000000e+00
5.712154296875000000e+03 5.629270076751708984e+00 0.000000000000000000e+00
5.713471679687500000e+03 5.569838047027587891e+00 0.000000000000000000e+00
5.714786132812500000e+03 5.434502601623535156e+00 0.000000000000000000e+00
5.716100585937500000e+03 5.612901210784912109e+00 0.000000000000000000e+00
5.717418945312500000e+03 6.313561439514160156e+00 0.000000000000000000e+00
5.718733886718750000e+03 6.372145652770996094e+00 0.000000000000000000e+00
5.720052734375000000e+03 5.660218715667724609e+00 0.000000000000000000e+00
5.721368652343750000e+03 5.917834758758544922e+00 0.000000000000000000e+00
5.722687988281250000e+03 6.105243682861328125e+00 0.000000000000000000e+00
5.724004394531250000e+03 5.719376564025878906e+00 0.000000000000000000e+00
5.725321289062500000e+03 5.485762596130371094e+00 0.000000000000000000e+00
5.726641601562500000e+03 6.092576026916503906e+00 0.000000000000000000e+00
5.727958984375000000e+03 6.009397506713867188e+00 0.000000000000000000e+00
5.729279785156250000e+03 5.753973484039306641e+00 0.000000000000000000e+00
5.730597656250000000e+03 6.241356849670410156e+00 0.000000000000000000e+00
5.731919433593750000e+03 6.587398529052734375e+00 0.000000000000000000e+00
5.733237792968750000e+03 6.138831138610839844e+00 0.000000000000000000e+00
5.734556640625000000e+03 5.620716094970703125e+00 0.000000000000000000e+00
5.735879394531250000e+03 5.480454921722412109e+00 0.000000000000000000e+00
5.737198730468750000e+03 6.477117538452148438e+00 0.000000000000000000e+00
5.738521484375000000e+03 6.084943294525146484e+00 0.000000000000000000e+00
5.739841796875000000e+03 5.266914367675781250e+00 0.000000000000000000e+00
5.741165527343750000e+03 5.492972850799560547e+00 0.000000000000000000e+00
5.742486328125000000e+03 5.911772251129150391e+00 0.000000000000000000e+00
5.743807128906250000e+03 5.423662662506103516e+00 0.000000000000000000e+00
5.745131835937500000e+03 5.149613380432128906e+00 0.000000000000000000e+00
5.746453613281250000e+03 5.704281806945800781e+00 0.000000000000000000e+00
5.747778320312500000e+03 6.026036262512207031e+00 0.000000000000000000e+00
5.749100585937500000e+03 5.580154895782470703e+00 0.000000000000000000e+00
5.750426757812500000e+03 5.472664833068847656e+00 0.000000000000000000e+00
5.751749511718750000e+03 6.258589267730712891e+00 0.000000000000000000e+00
5.753075683593750000e+03 5.767956256866455078e+00 0.000000000000000000e+00
5.754399414062500000e+03 5.555319309234619141e+00 0.000000000000000000e+00
5.755723144531250000e+03 5.805074214935302734e+00 0.000000000000000000e+00
5.757050292968750000e+03 5.670228004455566406e+00 0.000000000000000000e+00
5.758374511718750000e+03 5.229148864746093750e+00 0.000000000000000000e+00
5.759702636718750000e+03 6.116770744323730469e+00 0.000000000000000000e+00
5.761027343750000000e+03 5.495598793029785156e+00 0.000000000000000000e+00
5.762355957031250000e+03 6.000097751617431641e+00 0.000000000000000000e+00
5.763681640625000000e+03 6.136532306671142578e+00 0.000000000000000000e+00
5.765007812500000000e+03 5.253158092498779297e+00 0.000000000000000000e+00
5.766336914062500000e+03 6.014264106750488281e+00 0.000000000000000000e+00
5.767663574218750000e+03 6.493383884429931641e+00 0.000000000000000000e+00
5.768993652343750000e+03 5.722285270690917969e+00 0.000000000000000000e+00
5.770320800781250000e+03 5.161766529083251953e+00 0.000000000000000000e+00
5.771651367187500000e+03 5.533725738525390625e+00 0.000000000000000000e+00
5.772979003906250000e+03 5.973525047302246094e+00 0.000000000000000000e+00
5.774307128906250000e+03 5.311485767364501953e+00 0.000000000000000000e+00
5.775638671875000000e+03 5.137788295745849609e+00 0.000000000000000000e+00
5.776967285156250000e+03 6.251064777374267578e+00 0.000000000000000000e+00
5.778299316406250000e+03 6.000131607055664062e+00 0.000000000000000000e+00
5.779628906250000000e+03 5.579306125640869141e+00 0.000000000000000000e+00
5.780961425781250000e+03 5.651660442352294922e+00 0.000000000000000000e+00
5.782291503906250000e+03 4.841889858245849609e+00 0.000000000000000000e+00
5.783621582031250000e+03 6.442263126373291016e+00 0.000000000000000000e+00
5.784955566406250000e+03 6.405352115631103516e+00 0.000000000000000000e+00
5.786286132812500000e+03 6.077674388885498047e+00 0.000000000000000000e+00
5.787620605468750000e+03 5.786370277404785156e+00 0.000000000000000000e+00
5.788952148437500000e+03 5.365513801574707031e+00 0.000000000000000000e+00
5.790287109375000000e+03 5.129698753356933594e+00 0.000000000000000000e+00
5.791619140625000000e+03 3.973150253295898438e+00 0.000000000000000000e+00
5.792951171875000000e+03 3.682763576507568359e+00 0.000000000000000000e+00
5.794287109375000000e+03 4.540822029113769531e+00 0.000000000000000000e+00
5.795620117187500000e+03 5.593763351440429688e+00 0.000000000000000000e+00
5.796956542968750000e+03 6.145893096923828125e+00 0.000000000000000000e+00
5.798290039062500000e+03 6.362993240356445312e+00 0.000000000000000000e+00
5.799627441406250000e+03 6.258538722991943359e+00 0.000000000000000000e+00
5.800961425781250000e+03 5.531801223754882812e+00 0.000000000000000000e+00
5.802295898437500000e+03 5.768033504486083984e+00 0.000000000000000000e+00
5.803633789062500000e+03 5.982964992523193359e+00 0.000000000000000000e+00
5.804969238281250000e+03 5.393030643463134766e+00 0.000000000000000000e+00
5.806307617187500000e+03 5.264901638031005859e+00 0.000000000000000000e+00
5.807643554687500000e+03 5.581339359283447266e+00 0.000000000000000000e+00
5.808982421875000000e+03 5.538883209228515625e+00 0.000000000000000000e+00
5.810318847656250000e+03 5.985671043395996094e+00 0.000000000000000000e+00
5.811655761718750000e+03 6.114239692687988281e+00 0.000000000000000000e+00
5.812995605468750000e+03 5.705737113952636719e+00 0.000000000000000000e+00
5.814333007812500000e+03 6.060433387756347656e+00 0.000000000000000000e+00
5.815673828125000000e+03 6.201954364776611328e+00 0.000000000000000000e+00
5.817011718750000000e+03 6.165644168853759766e+00 0.000000000000000000e+00
5.818353027343750000e+03 6.937545776367187500e+00 0.000000000000000000e+00
5.819691406250000000e+03 6.859132766723632812e+00 0.000000000000000000e+00
5.821030273437500000e+03 5.799556732177734375e+00 0.000000000000000000e+00
5.822372558593750000e+03 6.077580928802490234e+00 0.000000000000000000e+00
5.823711914062500000e+03 5.361723423004150391e+00 0.000000000000000000e+00
5.825055175781250000e+03 6.043768882751464844e+00 0.000000000000000000e+00
5.826395019531250000e+03 6.307240962982177734e+00 0.000000000000000000e+00
5.827738769531250000e+03 6.362814426422119141e+00 0.000000000000000000e+00
5.829079101562500000e+03 6.744321346282958984e+00 0.000000000000000000e+00
5.830420410156250000e+03 6.523292064666748047e+00 0.000000000000000000e+00
5.831764648437500000e+03 6.152182579040527344e+00 0.000000000000000000e+00
5.833106445312500000e+03 6.351276874542236328e+00 0.000000000000000000e+00
5.834451660156250000e+03 6.086461067199707031e+00 0.000000000000000000e+00
5.835793457031250000e+03 6.037817955017089844e+00 0.000000000000000000e+00
5.837139648437500000e+03 6.613989353179931641e+00 0.000000000000000000e+00
5.838482421875000000e+03 6.656118869781494141e+00 0.000000000000000000e+00
5.839825195312500000e+03 6.395274162292480469e+00 0.000000000000000000e+00
5.841171875000000000e+03 6.967679977416992188e+00 0.000000000000000000e+00
5.842515625000000000e+03 6.329139709472656250e+00 0.000000000000000000e+00
5.843863281250000000e+03 6.030273914337158203e+00 0.000000000000000000e+00
5.845207519531250000e+03 6.978563785552978516e+00 0.000000000000000000e+00
5.846555175781250000e+03 6.832726478576660156e+00 0.000000000000000000e+00
5.847900390625000000e+03 6.214091777801513672e+00 0.000000000000000000e+00
5.849245605468750000e+03 6.116180419921875000e+00 0.000000000000000000e+00
5.850594238281250000e+03 6.616201400756835938e+00 0.000000000000000000e+00
5.851940429687500000e+03 7.119956970214843750e+00 0.000000000000000000e+00
5.853289550781250000e+03 6.965339660644531250e+00 0.000000000000000000e+00
5.854636230468750000e+03 6.295098781585693359e+00 0.000000000000000000e+00
5.855986328125000000e+03 6.669461250305175781e+00 0.000000000000000000e+00
5.857333496093750000e+03 6.507695674896240234e+00 0.000000000000000000e+00
5.858684082031250000e+03 6.769265651702880859e+00 0.000000000000000000e+00
5.860032226562500000e+03 6.541835784912109375e+00 0.000000000000000000e+00
5.861380371093750000e+03 5.953378200531005859e+00 0.000000000000000000e+00
5.862731933593750000e+03 6.909062385559082031e+00 0.000000000000000000e+00
5.864080566406250000e+03 6.569026947021484375e+00 0.000000000000000000e+00
5.865432617187500000e+03 5.863090515136718750e+00 0.000000000000000000e+00
5.866782226562500000e+03 5.964812755584716797e+00 0.000000000000000000e+00
5.868134765625000000e+03 5.670313358306884766e+00 0.000000000000000000e+00
5.869484863281250000e+03 5.258877277374267578e+00 0.000000000000000000e+00
5.870834960937500000e+03 6.699668407440185547e+00 0.000000000000000000e+00
5.872188964843750000e+03 5.940207481384277344e+00 0.000000000000000000e+00
5.873540039062500000e+03 6.075732707977294922e+00 0.000000000000000000e+00
5.874894042968750000e+03 5.700996398925781250e+00 0.000000000000000000e+00
5.876245605468750000e+03 5.912165641784667969e+00 0.000000000000000000e+00
5.877600585937500000e+03 7.112005233764648438e+00 0.000000000000000000e+00
5.878953125000000000e+03 6.851280689239501953e+00 0.000000000000000000e+00
5.880305175781250000e+03 6.282984256744384766e+00 0.000000000000000000e+00
5.881661132812500000e+03 6.584475994110107422e+00 0.000000000000000000e+00
5.883014648437500000e+03 5.360792636871337891e+00 0.000000000000000000e+00
5.884371093750000000e+03 4.323533058166503906e+00 0.000000000000000000e+00
5.885724609375000000e+03 4.019912242889404297e+00 0.000000000000000000e+00
5.887082031250000000e+03 1.857497215270996094e+00 0.000000000000000000e+00
5.888436523437500000e+03 2.366109609603881836e+00 0.000000000000000000e+00
5.889791015625000000e+03 4.136523246765136719e+00 0.000000000000000000e+00
5.891148925781250000e+03 5.711584568023681641e+00 0.000000000000000000e+00
5.892504394531250000e+03 6.451553821563720703e+00 0.000000000000000000e+00
5.893863281250000000e+03 6.342844009399414062e+00 0.000000000000000000e+00
5.895219238281250000e+03 5.799283027648925781e+00 0.000000000000000000e+00
5.896578613281250000e+03 5.468021869659423828e+00 0.000000000000000000e+00
5.897935058593750000e+03 6.079941272735595703e+00 0.000000000000000000e+00
5.899291992187500000e+03 6.010571479797363281e+00 0.000000000000000000e+00
5.900652343750000000e+03 6.473843097686767578e+00 0.000000000000000000e+00
5.902009765625000000e+03 7.502832412719726562e+00 0.000000000000000000e+00
5.903370605468750000e+03 6.330971717834472656e+00 0.000000000000000000e+00
5.904728515625000000e+03 5.471398353576660156e+00 0.000000000000000000e+00
5.906090332031250000e+03 6.276698112487792969e+00 0.000000000000000000e+00
5.907448730468750000e+03 7.166574478149414062e+00 0.000000000000000000e+00
5.908808105468750000e+03 6.968453407287597656e+00 0.000000000000000000e+00
5.910170410156250000e+03 6.504774570465087891e+00 0.000000000000000000e+00
5.911530273437500000e+03 7.093024253845214844e+00 0.000000000000000000e+00
5.912893066406250000e+03 6.021445751190185547e+00 0.000000000000000000e+00
5.914253417968750000e+03 6.851778507232666016e+00 0.000000000000000000e+00
5.915617187500000000e+03 7.185417652130126953e+00 0.000000000000000000e+00
5.916978027343750000e+03 6.353435993194580078e+00 0.000000000000000000e+00
5.918339355468750000e+03 5.922676563262939453e+00 0.000000000000000000e+00
5.919704101562500000e+03 6.869159221649169922e+00 0.000000000000000000e+00
5.921065917968750000e+03 6.950327396392822266e+00 0.000000000000000000e+00
5.922431152343750000e+03 6.218593597412109375e+00 0.000000000000000000e+00
5.923793945312500000e+03 5.973886013031005859e+00 0.000000000000000000e+00
5.925159667968750000e+03 6.551413059234619141e+00 0.000000000000000000e+00
5.926522949218750000e+03 7.195671081542968750e+00 0.000000000000000000e+00
5.927886230468750000e+03 7.104647159576416016e+00 0.000000000000000000e+00
5.929253417968750000e+03 7.129182815551757812e+00 0.000000000000000000e+00
5.930617187500000000e+03 6.766196250915527344e+00 0.000000000000000000e+00
5.931984863281250000e+03 6.545777320861816406e+00 0.000000000000000000e+00
5.933349609375000000e+03 6.943024158477783203e+00 0.000000000000000000e+00
5.934717773437500000e+03 7.199146747589111328e+00 0.000000000000000000e+00
5.936083007812500000e+03 6.371081829071044922e+00 0.000000000000000000e+00
5.937448730468750000e+03 7.200530529022216797e+00 0.000000000000000000e+00
5.938817871093750000e+03 6.864099025726318359e+00 0.000000000000000000e+00
5.940184082031250000e+03 7.189764499664306641e+00 0.000000000000000000e+00
5.941553710937500000e+03 7.215163707733154297e+00 0.000000000000000000e+00
5.942920410156250000e+03 6.278949260711669922e+00 0.000000000000000000e+00
5.944291015625000000e+03 6.631654262542724609e+00 0.000000000000000000e+00
5.945658691406250000e+03 7.220757484436035156e+00 0.000000000000000000e+00
5.947026367187500000e+03 7.382397174835205078e+00 0.000000000000000000e+00
5.948397460937500000e+03 7.198717594146728516e+00 0.000000000000000000e+00
5.949766113281250000e+03 6.901201725006103516e+00 0.000000000000000000e+00
5.951138183593750000e+03 6.793703079223632812e+00 0.000000000000000000e+00
5.952507324218750000e+03 7.190457344055175781e+00 0.000000000000000000e+00
5.953879882812500000e+03 7.883517265319824219e+00 0.000000000000000000e+00
5.955249511718750000e+03 8.062183380126953125e+00 0.000000000000000000e+00
5.956622558593750000e+03 7.286897182464599609e+00 0.000000000000000000e+00
5.957993164062500000e+03 6.630467891693115234e+00 0.000000000000000000e+00
5.959363769531250000e+03 6.629960060119628906e+00 0.000000000000000000e+00
5.960737792968750000e+03 6.536161899566650391e+00 0.000000000000000000e+00
5.962109375000000000e+03 7.483338356018066406e+00 0.000000000000000000e+00
5.963483886718750000e+03 7.369876384735107422e+00 0.000000000000000000e+00
5.964855957031250000e+03 7.526935577392578125e+00 0.000000000000000000e+00
5.966231445312500000e+03 7.529440402984619141e+00 0.000000000000000000e+00
5.967604003906250000e+03 6.946864128112792969e+00 0.000000000000000000e+00
5.968976562500000000e+03 7.061118602752685547e+00 0.000000000000000000e+00
5.970353027343750000e+03 6.997044563293457031e+00 0.000000000000000000e+00
5.971726562500000000e+03 6.184171199798583984e+00 0.000000000000000000e+00
5.973103515625000000e+03 6.246076107025146484e+00 0.000000000000000000e+00
5.974478027343750000e+03 6.979729175567626953e+00 0.000000000000000000e+00
5.975855468750000000e+03 7.608341693878173828e+00 0.000000000000000000e+00
5.977230468750000000e+03 8.065178871154785156e+00 0.000000000000000000e+00
5.978605468750000000e+03 7.090889453887939453e+00 0.000000000000000000e+00
5.979983886718750000e+03 7.060910701751708984e+00 0.000000000000000000e+00
5.981359863281250000e+03 7.097575664520263672e+00 0.000000000000000000e+00
5.982738769531250000e+03 7.192152023315429688e+00 0.000000000000000000e+00
5.984115234375000000e+03 7.403130054473876953e+00 0.000000000000000000e+00
5.985495117187500000e+03 6.891259670257568359e+00 0.000000000000000000e+00
5.986872070312500000e+03 6.755156040191650391e+00 0.000000000000000000e+00
5.988249511718750000e+03 6.820336818695068359e+00 0.000000000000000000e+00
5.989630371093750000e+03 6.715519428253173828e+00 0.000000000000000000e+00
5.991008300781250000e+03 6.963699340820312500e+00 0.000000000000000000e+00
5.992389648437500000e+03 7.529480457305908203e+00 0.000000000000000000e+00
5.993768066406250000e+03 7.244631767272949219e+00 0.000000000000000000e+00
5.995150390625000000e+03 6.733065128326416016e+00 0.000000000000000000e+00
5.996529785156250000e+03 6.773519039154052734e+00 0.000000000000000000e+00
5.997909179687500000e+03 6.731895923614501953e+00 0.000000000000000000e+00
5.999291992187500000e+03 6.445463657379150391e+00 0.000000000000000000e+00
6.000672363281250000e+03 6.445574283599853516e+00 0.000000000000000000e+00
6.002056152343750000e+03 7.027774810791015625e+00 0.000000000000000000e+00
6.003437011718750000e+03 6.866746425628662109e+00 0.000000000000000000e+00
6.004821289062500000e+03 6.386418342590332031e+00 0.000000000000000000e+00
6.006202636718750000e+03 6.722895622253417969e+00 0.000000000000000000e+00
6.007584472656250000e+03 7.496287345886230469e+00 0.000000000000000000e+00
6.008969726562500000e+03 7.379059791564941406e+00 0.000000000000000000e+00
6.010352050781250000e+03 6.335428714752197266e+00 0.000000000000000000e+00
6.011737792968750000e+03 7.732068538665771484e+00 0.000000000000000000e+00
6.013121093750000000e+03 7.497871875762939453e+00 0.000000000000000000e+00
6.014507812500000000e+03 7.269710540771484375e+00 0.000000000000000000e+00
6.015891113281250000e+03 7.505469322204589844e+00 0.000000000000000000e+00
6.017275390625000000e+03 7.372812747955322266e+00 0.000000000000000000e+00
6.018662597656250000e+03 7.179061889648437500e+00 0.000000000000000000e+00
6.020047363281250000e+03 8.194452285766601562e+00 0.000000000000000000e+00
6.021435546875000000e+03 7.270762443542480469e+00 0.000000000000000000e+00
6.022820800781250000e+03 6.970263481140136719e+00 0.000000000000000000e+00
6.024209472656250000e+03 7.680616855621337891e+00 0.000000000000000000e+00
6.025595703125000000e+03 7.936101913452148438e+00 0.000000000000000000e+00
6.026981445312500000e+03 7.120768070220947266e+00 0.000000000000000000e+00
6.028371582031250000e+03 5.574528694152832031e+00 0.000000000000000000e+00
6.029758300781250000e+03 5.877201557159423828e+00 0.000000000000000000e+00
6.031148925781250000e+03 6.755082607269287109e+00 0.000000000000000000e+00
6.032536132812500000e+03 6.860773086547851562e+00 0.000000000000000000e+00
6.033927246093750000e+03 6.537511348724365234e+00 0.000000000000000000e+00
6.035315429687500000e+03 6.908130168914794922e+00 0.000000000000000000e+00
6.036703613281250000e+03 6.436196327209472656e+00 0.000000000000000000e+00
6.038095703125000000e+03 6.704486370086669922e+00 0.000000000000000000e+00
6.039484863281250000e+03 6.734142303466796875e+00 0.000000000000000000e+00
6.040877441406250000e+03 6.296552181243896484e+00 0.000000000000000000e+00
6.042267089843750000e+03 6.044308185577392578e+00 0.000000000000000000e+00
6.043660644531250000e+03 6.379110336303710938e+00 0.000000000000000000e+00
6.045050781250000000e+03 6.942891597747802734e+00 0.000000000000000000e+00
6.046441406250000000e+03 6.508793354034423828e+00 0.000000000000000000e+00
6.047835937500000000e+03 6.367306709289550781e+00 0.000000000000000000e+00
6.049227050781250000e+03 6.077540397644042969e+00 0.000000000000000000e+00
6.050622070312500000e+03 5.052245616912841797e+00 0.000000000000000000e+00
6.052014160156250000e+03 4.711390018463134766e+00 0.000000000000000000e+00
6.053409667968750000e+03 5.774927139282226562e+00 0.000000000000000000e+00
6.054802246093750000e+03 6.154983043670654297e+00 0.000000000000000000e+00
6.056195312500000000e+03 6.441581726074218750e+00 0.000000000000000000e+00
6.057591796875000000e+03 6.517402172088623047e+00 0.000000000000000000e+00
6.058985351562500000e+03 6.339530944824218750e+00 0.000000000000000000e+00
6.060382324218750000e+03 6.676011562347412109e+00 0.000000000000000000e+00
6.061776367187500000e+03 5.975273132324218750e+00 0.000000000000000000e+00
6.063174316406250000e+03 6.110130786895751953e+00 0.000000000000000000e+00
6.064569335937500000e+03 6.077247619628906250e+00 0.000000000000000000e+00
6.065967773437500000e+03 5.764939308166503906e+00 0.000000000000000000e+00
6.067363281250000000e+03 5.903365135192871094e+00 0.000000000000000000e+00
6.068758789062500000e+03 6.515762329101562500e+00 0.000000000000000000e+00
6.070158203125000000e+03 6.621417522430419922e+00 0.000000000000000000e+00
6.071554687500000000e+03 5.784256458282470703e+00 0.000000000000000000e+00
6.072955078125000000e+03 5.538788795471191406e+00 0.000000000000000000e+00
6.074352050781250000e+03 5.437752723693847656e+00 0.000000000000000000e+00
6.075752929687500000e+03 5.273184776306152344e+00 0.000000000000000000e+00
6.077150390625000000e+03 6.417543888092041016e+00 0.000000000000000000e+00
6.078548339843750000e+03 6.251017570495605469e+00 0.000000000000000000e+00
6.079950195312500000e+03 5.964751720428466797e+00 0.000000000000000000e+00
6.081349121093750000e+03 6.383302211761474609e+00 0.000000000000000000e+00
6.082751464843750000e+03 6.756712436676025391e+00 0.000000000000000000e+00
6.084150390625000000e+03 6.702671051025390625e+00 0.000000000000000000e+00
6.085553710937500000e+03 6.894366741180419922e+00 0.000000000000000000e+00
6.086953613281250000e+03 5.550003528594970703e+00 0.000000000000000000e+00
6.088354003906250000e+03 5.849466800689697266e+00 0.000000000000000000e+00
6.089757812500000000e+03 6.275084495544433594e+00 0.000000000000000000e+00
6.091158691406250000e+03 5.941199302673339844e+00 0.000000000000000000e+00
6.092563476562500000e+03 5.819573879241943359e+00 0.000000000000000000e+00
6.093964843750000000e+03 6.645452022552490234e+00 0.000000000000000000e+00
6.095370117187500000e+03 5.766296863555908203e+00 0.000000000000000000e+00
6.096772460937500000e+03 5.822901725769042969e+00 0.000000000000000000e+00
6.098174804687500000e+03 5.666121959686279297e+00 0.000000000000000000e+00
6.099581054687500000e+03 5.683441162109375000e+00 0.000000000000000000e+00
6.100984375000000000e+03 6.335859298706054688e+00 0.000000000000000000e+00
6.102391113281250000e+03 6.111807823181152344e+00 0.000000000000000000e+00
6.103794921875000000e+03 5.957927227020263672e+00 0.000000000000000000e+00
6.105202636718750000e+03 6.053515434265136719e+00 0.000000000000000000e+00
6.106606933593750000e+03 5.637530803680419922e+00 0.000000000000000000e+00
6.108011718750000000e+03 5.495365619659423828e+00 0.000000000000000000e+00
6.109420410156250000e+03 5.926070213317871094e+00 0.000000000000000000e+00
6.110825683593750000e+03 5.393949985504150391e+00 0.000000000000000000e+00
6.112234863281250000e+03 5.009675979614257812e+00 0.000000000000000000e+00
6.113641113281250000e+03 4.743134021759033203e+00 0.000000000000000000e+00
6.115050781250000000e+03 5.517124176025390625e+00 0.000000000000000000e+00
6.116457519531250000e+03 6.123284816741943359e+00 0.000000000000000000e+00
6.117864746093750000e+03 5.672667503356933594e+00 0.000000000000000000e+00
6.119275390625000000e+03 5.654693603515625000e+00 0.000000000000000000e+00
6.120683105468750000e+03 5.345330238342285156e+00 0.000000000000000000e+00
6.122094726562500000e+03 5.396358489990234375e+00 0.000000000000000000e+00
6.123502929687500000e+03 5.525033950805664062e+00 0.000000000000000000e+00
6.124915039062500000e+03 5.444119930267333984e+00 0.000000000000000000e+00
6.126324218750000000e+03 5.457980632781982422e+00 0.000000000000000000e+00
6.127733398437500000e+03 6.044824600219726562e+00 0.000000000000000000e+00
6.129146484375000000e+03 6.108606338500976562e+00 0.000000000000000000e+00
6.130556640625000000e+03 5.904916763305664062e+00 0.000000000000000000e+00
6.131970214843750000e+03 5.650138854980468750e+00 0.000000000000000000e+00
6.133380859375000000e+03 4.780783653259277344e+00 0.000000000000000000e+00
6.134795410156250000e+03 3.602640628814697266e+00 0.000000000000000000e+00
6.136206542968750000e+03 3.750654697418212891e+00 0.000000000000000000e+00
6.137618164062500000e+03 3.992161035537719727e+00 0.000000000000000000e+00
6.139033691406250000e+03 5.416797161102294922e+00 0.000000000000000000e+00
6.140445800781250000e+03 5.537935733795166016e+00 0.000000000000000000e+00
6.141861816406250000e+03 5.276672363281250000e+00 0.000000000000000000e+00
6.143274902343750000e+03 5.913406848907470703e+00 0.000000000000000000e+00
6.144691406250000000e+03 5.659660339355468750e+00 0.000000000000000000e+00
6.146104980468750000e+03 6.258433341979980469e+00 0.000000000000000000e+00
6.147518554687500000e+03 5.213117122650146484e+00 0.000000000000000000e+00
6.148936523437500000e+03 4.748138427734375000e+00 0.000000000000000000e+00
6.150351074218750000e+03 5.512674808502197266e+00 0.000000000000000000e+00
6.151769042968750000e+03 6.064028263092041016e+00 0.000000000000000000e+00
6.153184570312500000e+03 5.553997039794921875e+00 0.000000000000000000e+00
6.154603515625000000e+03 5.755331516265869141e+00 0.000000000000000000e+00
6.156019042968750000e+03 5.534593582153320312e+00 0.000000000000000000e+00
6.157435546875000000e+03 5.557153701782226562e+00 0.000000000000000000e+00
6.158855468750000000e+03 5.608682632446289062e+00 0.000000000000000000e+00
6.160271972656250000e+03 5.488066673278808594e+00 0.000000000000000000e+00
6.161692871093750000e+03 5.976669311523437500e+00 0.000000000000000000e+00
6.163110351562500000e+03 5.667999267578125000e+00 0.000000000000000000e+00
6.164531250000000000e+03 5.220228195190429688e+00 0.000000000000000000e+00
6.165949707031250000e+03 5.002977371215820312e+00 0.000000000000000000e+00
6.167368164062500000e+03 4.910918235778808594e+00 0.000000000000000000e+00
6.168790039062500000e+03 5.209153175354003906e+00 0.000000000000000000e+00
6.170209472656250000e+03 6.195356845855712891e+00 0.000000000000000000e+00
6.171632324218750000e+03 5.242685317993164062e+00 0.000000000000000000e+00
6.173051757812500000e+03 4.237820148468017578e+00 0.000000000000000000e+00
6.174475585937500000e+03 4.960094451904296875e+00 0.000000000000000000e+00
6.175895996093750000e+03 5.749846458435058594e+00 0.000000000000000000e+00
6.177319824218750000e+03 5.188717365264892578e+00 0.000000000000000000e+00
6.178741210937500000e+03 5.146071910858154297e+00 0.000000000000000000e+00
6.180162597656250000e+03 5.052365303039550781e+00 0.000000000000000000e+00
6.181587402343750000e+03 5.258204460144042969e+00 0.000000000000000000e+00
6.183009765625000000e+03 5.530797958374023438e+00 0.000000000000000000e+00
6.184435546875000000e+03 5.649152278900146484e+00 0.000000000000000000e+00
6.185857910156250000e+03 5.565627574920654297e+00 0.000000000000000000e+00
6.187284667968750000e+03 5.354913234710693359e+00 0.000000000000000000e+00
6.188708007812500000e+03 5.335941791534423828e+00 0.000000000000000000e+00
6.190131835937500000e+03 5.802068233489990234e+00 0.000000000000000000e+00
6.191559082031250000e+03 5.712133884429931641e+00 0.000000000000000000e+00
6.192983398437500000e+03 4.923423290252685547e+00 0.000000000000000000e+00
6.194411621093750000e+03 4.675827503204345703e+00 0.000000000000000000e+00
6.195836425781250000e+03 5.777827262878417969e+00 0.000000000000000000e+00
6.197265136718750000e+03 4.752792835235595703e+00 0.000000000000000000e+00
6.198690917968750000e+03 4.933687686920166016e+00 0.000000000000000000e+00
6.200117187500000000e+03 5.336397171020507812e+00 0.000000000000000000e+00
6.201546875000000000e+03 5.256535530090332031e+00 0.000000000000000000e+00
6.202973144531250000e+03 5.097155094146728516e+00 0.000000000000000000e+00
6.204403808593750000e+03 5.157040119171142578e+00 0.000000000000000000e+00
6.205831054687500000e+03 5.624939441680908203e+00 0.000000000000000000e+00
6.207262207031250000e+03 5.055426597595214844e+00 0.000000000000000000e+00
6.208689941406250000e+03 5.109300613403320312e+00 0.000000000000000000e+00
6.210118164062500000e+03 5.533919334411621094e+00 0.000000000000000000e+00
6.211550292968750000e+03 5.008244037628173828e+00 0.000000000000000000e+00
6.212979492187500000e+03 4.069089412689208984e+00 0.000000000000000000e+00
6.214412109375000000e+03 4.443641662597656250e+00 0.000000000000000000e+00
6.215841796875000000e+03 4.718173980712890625e+00 0.000000000000000000e+00
6.217274902343750000e+03 4.726957798004150391e+00 0.000000000000000000e+00
6.218705566406250000e+03 4.837044239044189453e+00 0.000000000000000000e+00
6.220135742187500000e+03 5.132315635681152344e+00 0.000000000000000000e+00
6.221570312500000000e+03 5.194572925567626953e+00 0.000000000000000000e+00
6.223001464843750000e+03 4.846551418304443359e+00 0.000000000000000000e+00
6.224436523437500000e+03 4.704702854156494141e+00 0.000000000000000000e+00
6.225868652343750000e+03 5.307916164398193359e+00 0.000000000000000000e+00
6.227304199218750000e+03 5.387248516082763672e+00 0.000000000000000000e+00
6.228736816406250000e+03 4.541083812713623047e+00 0.000000000000000000e+00
6.230169433593750000e+03 5.011571884155273438e+00 0.000000000000000000e+00
6.231606445312500000e+03 5.618152141571044922e+00 0.000000000000000000e+00
6.233040039062500000e+03 5.637297153472900391e+00 0.000000000000000000e+00
6.234477050781250000e+03 4.326469898223876953e+00 0.000000000000000000e+00
6.235911621093750000e+03 3.005680322647094727e+00 0.000000000000000000e+00
6.237349609375000000e+03 3.046675443649291992e+00 0.000000000000000000e+00
6.238784179687500000e+03 3.560756683349609375e+00 0.000000000000000000e+00
6.240219726562500000e+03 4.126732349395751953e+00 0.000000000000000000e+00
6.241658691406250000e+03 4.254303932189941406e+00 0.000000000000000000e+00
6.243094238281250000e+03 4.788451671600341797e+00 0.000000000000000000e+00
6.244534179687500000e+03 5.212357997894287109e+00 0.000000000000000000e+00
6.245970703125000000e+03 5.058459758758544922e+00 0.000000000000000000e+00
6.247411132812500000e+03 5.363255023956298828e+00 0.000000000000000000e+00
6.248848144531250000e+03 4.901658535003662109e+00 0.000000000000000000e+00
6.250285644531250000e+03 5.506727218627929688e+00 0.000000000000000000e+00
6.251727050781250000e+03 5.375714302062988281e+00 0.000000000000000000e+00
6.253165039062500000e+03 4.820379734039306641e+00 0.000000000000000000e+00
6.254606933593750000e+03 4.992327213287353516e+00 0.000000000000000000e+00
6.256045898437500000e+03 4.989049911499023438e+00 0.000000000000000000e+00
6.257488769531250000e+03 5.500949382781982422e+00 0.000000000000000000e+00
6.258928222656250000e+03 5.609959602355957031e+00 0.000000000000000000e+00
6.260368164062500000e+03 5.060257434844970703e+00 0.000000000000000000e+00
6.261811523437500000e+03 4.723296642303466797e+00 0.000000000000000000e+00
6.263251953125000000e+03 5.148523807525634766e+00 0.000000000000000000e+00
6.264696289062500000e+03 5.387951850891113281e+00 0.000000000000000000e+00
6.266137695312500000e+03 5.041599750518798828e+00 0.000000000000000000e+00
6.267582519531250000e+03 4.372157573699951172e+00 0.000000000000000000e+00
6.269024414062500000e+03 4.048707008361816406e+00 0.000000000000000000e+00
6.270466796875000000e+03 4.480703353881835938e+00 0.000000000000000000e+00
6.271912597656250000e+03 5.026945590972900391e+00 0.000000000000000000e+00
6.273355468750000000e+03 4.499705791473388672e+00 0.000000000000000000e+00
6.274802246093750000e+03 4.813097953796386719e+00 0.000000000000000000e+00
6.276245605468750000e+03 4.931654930114746094e+00 0.000000000000000000e+00
6.277692871093750000e+03 5.154152870178222656e+00 0.000000000000000000e+00
6.279137207031250000e+03 5.420659542083740234e+00 0.000000000000000000e+00
6.280581542968750000e+03 5.265566825866699219e+00 0.000000000000000000e+00
6.282029785156250000e+03 4.834247112274169922e+00 0.000000000000000000e+00
6.283475097656250000e+03 5.028981685638427734e+00 0.000000000000000000e+00
6.284923828125000000e+03 5.199636459350585938e+00 0.000000000000000000e+00
6.286369628906250000e+03 4.838976383209228516e+00 0.000000000000000000e+00
6.287819335937500000e+03 4.529360771179199219e+00 0.000000000000000000e+00
6.289266113281250000e+03 4.571085453033447266e+00 0.000000000000000000e+00
6.290716308593750000e+03 4.277053833007812500e+00 0.000000000000000000e+00
6.292163574218750000e+03 5.347433567047119141e+00 0.000000000000000000e+00
6.293610839843750000e+03 4.776523590087890625e+00 0.000000000000000000e+00
6.295062011718750000e+03 4.808952331542968750e+00 0.000000000000000000e+00
6.296510253906250000e+03 5.465494632720947266e+00 0.000000000000000000e+00
6.297962402343750000e+03 5.358657836914062500e+00 0.000000000000000000e+00
6.299411132812500000e+03 5.100150585174560547e+00 0.000000000000000000e+00
6.300863769531250000e+03 3.705047130584716797e+00 0.000000000000000000e+00
6.302313476562500000e+03 4.199330329895019531e+00 0.000000000000000000e+00
6.303763183593750000e+03 4.772947788238525391e+00 0.000000000000000000e+00
6.305216796875000000e+03 4.937757015228271484e+00 0.000000000000000000e+00
6.306667480468750000e+03 5.196526527404785156e+00 0.000000000000000000e+00
6.308121582031250000e+03 4.626196384429931641e+00 0.000000000000000000e+00
6.309572753906250000e+03 4.351425170898437500e+00 0.000000000000000000e+00
6.311027832031250000e+03 4.917107105255126953e+00 0.000000000000000000e+00
6.312479492187500000e+03 5.145201206207275391e+00 0.000000000000000000e+00
6.313931640625000000e+03 4.969868659973144531e+00 0.000000000000000000e+00
6.315387695312500000e+03 5.014480590820312500e+00 0.000000000000000000e+00
6.316840332031250000e+03 5.117322921752929688e+00 0.000000000000000000e+00
6.318297363281250000e+03 5.198593139648437500e+00 0.000000000000000000e+00
6.319750976562500000e+03 4.960487365722656250e+00 0.000000000000000000e+00
6.321208007812500000e+03 5.052880764007568359e+00 0.000000000000000000e+00
6.322662109375000000e+03 5.419421195983886719e+00 0.000000000000000000e+00
6.324116699218750000e+03 5.351784706115722656e+00 0.000000000000000000e+00
6.325575195312500000e+03 4.656186580657958984e+00 0.000000000000000000e+00
6.327030273437500000e+03 4.564758300781250000e+00 0.000000000000000000e+00
6.328489257812500000e+03 4.716910362243652344e+00 0.000000000000000000e+00
6.329945312500000000e+03 5.189664840698242188e+00 0.000000000000000000e+00
6.331404785156250000e+03 5.106464862823486328e+00 0.000000000000000000e+00
6.332861328125000000e+03 4.299957752227783203e+00 0.000000000000000000e+00
6.334318359375000000e+03 4.718656063079833984e+00 0.000000000000000000e+00
6.335778808593750000e+03 5.382245540618896484e+00 0.000000000000000000e+00
6.337236328125000000e+03 4.779844284057617188e+00 0.000000000000000000e+00
6.338697753906250000e+03 4.657514572143554688e+00 0.000000000000000000e+00
6.340155761718750000e+03 5.029516220092773438e+00 0.000000000000000000e+00
6.341618164062500000e+03 4.947217464447021484e+00 0.000000000000000000e+00
6.343076660156250000e+03 4.985735416412353516e+00 0.000000000000000000e+00
6.344536132812500000e+03 4.575651645660400391e+00 0.000000000000000000e+00
6.345999023437500000e+03 5.137094020843505859e+00 0.000000000000000000e+00
6.347458984375000000e+03 5.245730400085449219e+00 0.000000000000000000e+00
6.348922851562500000e+03 4.935002326965332031e+00 0.000000000000000000e+00
6.350383300781250000e+03 5.023435115814208984e+00 0.000000000000000000e+00
6.351847656250000000e+03 4.885955333709716797e+00 0.000000000000000000e+00
6.353309082031250000e+03 5.091784954071044922e+00 0.000000000000000000e+00
6.354770507812500000e+03 4.656876087188720703e+00 0.000000000000000000e+00
6.356235839843750000e+03 5.012426376342773438e+00 0.000000000000000000e+00
6.357698242187500000e+03 5.251513481140136719e+00 0.000000000000000000e+00
6.359164062500000000e+03 4.560087680816650391e+00 0.000000000000000000e+00
6.360626953125000000e+03 5.316895961761474609e+00 0.000000000000000000e+00
6.362093750000000000e+03 5.243104934692382812e+00 0.000000000000000000e+00
6.363557617187500000e+03 5.559288501739501953e+00 0.000000000000000000e+00
6.365021484375000000e+03 5.082071781158447266e+00 0.000000000000000000e+00
6.366489257812500000e+03 4.436456680297851562e+00 0.000000000000000000e+00
6.367953613281250000e+03 4.834394931793212891e+00 0.000000000000000000e+00
6.369422363281250000e+03 5.169395923614501953e+00 0.000000000000000000e+00
6.370887695312500000e+03 5.464528560638427734e+00 0.000000000000000000e+00
6.372356445312500000e+03 5.185013771057128906e+00 0.000000000000000000e+00
6.373822753906250000e+03 4.591851234436035156e+00 0.000000000000000000e+00
6.375288574218750000e+03 4.566698074340820312e+00 0.000000000000000000e+00
6.376758789062500000e+03 5.146934032440185547e+00 0.000000000000000000e+00
6.378226074218750000e+03 4.949675083160400391e+00 0.000000000000000000e+00
6.379696777343750000e+03 5.090729713439941406e+00 0.000000000000000000e+00
6.381164550781250000e+03 5.129137992858886719e+00 0.000000000000000000e+00
6.382635742187500000e+03 4.713176250457763672e+00 0.000000000000000000e+00
6.384104003906250000e+03 4.333974361419677734e+00 0.000000000000000000e+00
6.385572753906250000e+03 4.404424667358398438e+00 0.000000000000000000e+00
6.387045410156250000e+03 4.278048992156982422e+00 0.000000000000000000e+00
6.388514648437500000e+03 3.855981826782226562e+00 0.000000000000000000e+00
6.389987792968750000e+03 3.613201856613159180e+00 0.000000000000000000e+00
6.391458007812500000e+03 3.332728862762451172e+00 0.000000000000000000e+00
6.392931640625000000e+03 3.798151254653930664e+00 0.000000000000000000e+00
6.394402343750000000e+03 4.939064025878906250e+00 0.000000000000000000e+00
6.395873535156250000e+03 4.583784580230712891e+00 0.000000000000000000e+00
6.397348144531250000e+03 5.241505622863769531e+00 0.000000000000000000e+00
6.398819824218750000e+03 4.460148334503173828e+00 0.000000000000000000e+00
6.400295410156250000e+03 4.438988685607910156e+00 0.000000000000000000e+00
6.401768066406250000e+03 4.816946506500244141e+00 0.000000000000000000e+00
6.403244140625000000e+03 4.332613945007324219e+00 0.000000000000000000e+00
6.404717285156250000e+03 4.998497486114501953e+00 0.000000000000000000e+00
6.406194335937500000e+03 4.898006439208984375e+00 0.000000000000000000e+00
6.407667968750000000e+03 5.167775154113769531e+00 0.000000000000000000e+00
6.409142089843750000e+03 4.782241821289062500e+00 0.000000000000000000e+00
6.410619628906250000e+03 4.199968814849853516e+00 0.000000000000000000e+00
6.412094726562500000e+03 4.666009902954101562e+00 0.000000000000000000e+00
6.413573242187500000e+03 5.373698234558105469e+00 0.000000000000000000e+00
6.415048828125000000e+03 4.836292743682861328e+00 0.000000000000000000e+00
6.416527832031250000e+03 4.629534721374511719e+00 0.000000000000000000e+00
6.418003906250000000e+03 4.343973159790039062e+00 0.000000000000000000e+00
6.419480468750000000e+03 3.725926637649536133e+00 0.000000000000000000e+00
6.420960937500000000e+03 3.085719585418701172e+00 0.000000000000000000e+00
6.422437988281250000e+03 2.495543241500854492e+00 0.000000000000000000e+00
6.423918945312500000e+03 2.119549036026000977e+00 0.000000000000000000e+00
6.425396972656250000e+03 2.045589923858642578e+00 0.000000000000000000e+00
6.426878417968750000e+03 3.309199094772338867e+00 0.000000000000000000e+00
6.428356933593750000e+03 4.492969989776611328e+00 0.000000000000000000e+00
6.429835937500000000e+03 4.341504573822021484e+00 0.000000000000000000e+00
6.431318359375000000e+03 4.936741352081298828e+00 0.000000000000000000e+00
6.432797851562500000e+03 4.526169300079345703e+00 0.000000000000000000e+00
6.434281250000000000e+03 4.620268821716308594e+00 0.000000000000000000e+00
6.435761718750000000e+03 4.410051345825195312e+00 0.000000000000000000e+00
6.437245605468750000e+03 4.147076129913330078e+00 0.000000000000000000e+00
6.438726562500000000e+03 4.383621692657470703e+00 0.000000000000000000e+00
6.440208007812500000e+03 4.122796058654785156e+00 0.000000000000000000e+00
6.441692871093750000e+03 5.116421222686767578e+00 0.000000000000000000e+00
6.443174804687500000e+03 4.858737945556640625e+00 0.000000000000000000e+00
6.444660644531250000e+03 4.881970882415771484e+00 0.000000000000000000e+00
6.446143066406250000e+03 5.398050785064697266e+00 0.000000000000000000e+00
6.447629394531250000e+03 5.241765975952148438e+00 0.000000000000000000e+00
6.449112792968750000e+03 4.836595058441162109e+00 0.000000000000000000e+00
6.450596679687500000e+03 4.831286907196044922e+00 0.000000000000000000e+00
6.452083984375000000e+03 4.728312015533447266e+00 0.000000000000000000e+00
6.453568359375000000e+03 4.937773704528808594e+00 0.000000000000000000e+00
6.455056640625000000e+03 5.019237041473388672e+00 0.000000000000000000e+00
6.456541503906250000e+03 4.628386974334716797e+00 0.000000000000000000e+00
6.458030273437500000e+03 4.948462486267089844e+00 0.000000000000000000e+00
6.459516113281250000e+03 5.241240978240966797e+00 0.000000000000000000e+00
6.461001953125000000e+03 4.773162841796875000e+00 0.000000000000000000e+00
6.462491699218750000e+03 4.747363090515136719e+00 0.000000000000000000e+00
6.463978515625000000e+03 5.103999137878417969e+00 0.000000000000000000e+00
6.465469238281250000e+03 5.059911727905273438e+00 0.000000000000000000e+00
6.466956542968750000e+03 4.991539001464843750e+00 0.000000000000000000e+00
6.468447753906250000e+03 4.356860637664794922e+00 0.000000000000000000e+00
6.469936035156250000e+03 4.410751342773437500e+00 0.000000000000000000e+00
6.471424316406250000e+03 4.594714164733886719e+00 0.000000000000000000e+00
6.472916503906250000e+03 4.914553165435791016e+00 0.000000000000000000e+00
6.474405761718750000e+03 5.454150199890136719e+00 0.000000000000000000e+00
6.475898437500000000e+03 5.051322937011718750e+00 0.000000000000000000e+00
6.477388183593750000e+03 4.623493194580078125e+00 0.000000000000000000e+00
6.478881835937500000e+03 5.083723545074462891e+00 0.000000000000000000e+00
6.480372558593750000e+03 5.110107898712158203e+00 0.000000000000000000e+00
6.481863281250000000e+03 4.848392486572265625e+00 0.000000000000000000e+00
6.483357910156250000e+03 5.036201953887939453e+00 0.000000000000000000e+00
6.484849609375000000e+03 4.711905479431152344e+00 0.000000000000000000e+00
6.486344726562500000e+03 4.832742691040039062e+00 0.000000000000000000e+00
6.487836914062500000e+03 4.734352588653564453e+00 0.000000000000000000e+00
6.489333007812500000e+03 4.659518718719482422e+00 0.000000000000000000e+00
6.490826171875000000e+03 4.691500186920166016e+00 0.000000000000000000e+00
6.492319335937500000e+03 4.787467479705810547e+00 0.000000000000000000e+00
6.493816406250000000e+03 5.172738075256347656e+00 0.000000000000000000e+00
6.495310058593750000e+03 4.858078956604003906e+00 0.000000000000000000e+00
6.496808105468750000e+03 4.465454578399658203e+00 0.000000000000000000e+00
6.498302734375000000e+03 5.084500789642333984e+00 0.000000000000000000e+00
6.499801269531250000e+03 5.528680801391601562e+00 0.000000000000000000e+00
6.501296386718750000e+03 4.692551612854003906e+00 0.000000000000000000e+00
6.502791992187500000e+03 4.737716197967529297e+00 0.000000000000000000e+00
6.504291503906250000e+03 5.141902446746826172e+00 0.000000000000000000e+00
6.505787597656250000e+03 5.096028804779052734e+00 0.000000000000000000e+00
6.507288085937500000e+03 4.812844276428222656e+00 0.000000000000000000e+00
6.508785156250000000e+03 4.817409038543701172e+00 0.000000000000000000e+00
6.510286132812500000e+03 5.115289211273193359e+00 0.000000000000000000e+00
6.511783691406250000e+03 4.930075168609619141e+00 0.000000000000000000e+00
6.513281738281250000e+03 4.479401588439941406e+00 0.000000000000000000e+00
6.514783691406250000e+03 4.473155975341796875e+00 0.000000000000000000e+00
6.516282226562500000e+03 5.027068614959716797e+00 0.000000000000000000e+00
6.517785156250000000e+03 5.236669540405273438e+00 0.000000000000000000e+00
6.519284179687500000e+03 4.862079143524169922e+00 0.000000000000000000e+00
6.520787597656250000e+03 5.475752830505371094e+00 0.000000000000000000e+00
6.522287597656250000e+03 5.278627395629882812e+00 0.000000000000000000e+00
6.523791992187500000e+03 5.014977931976318359e+00 0.000000000000000000e+00
6.525292480468750000e+03 4.659344673156738281e+00 0.000000000000000000e+00
6.526793945312500000e+03 4.596158027648925781e+00 0.000000000000000000e+00
6.528298828125000000e+03 4.994877815246582031e+00 0.000000000000000000e+00
6.529800781250000000e+03 4.794398784637451172e+00 0.000000000000000000e+00
6.531306152343750000e+03 5.032163143157958984e+00 0.000000000000000000e+00
6.532809082031250000e+03 4.739961147308349609e+00 0.000000000000000000e+00
6.534315429687500000e+03 5.307981014251708984e+00 0.000000000000000000e+00
6.535818359375000000e+03 5.636820316314697266e+00 0.000000000000000000e+00
6.537322265625000000e+03 4.380694866180419922e+00 0.000000000000000000e+00
6.538829589843750000e+03 4.394992351531982422e+00 0.000000000000000000e+00
6.540333984375000000e+03 4.807830333709716797e+00 0.000000000000000000e+00
6.541842285156250000e+03 5.117043018341064453e+00 0.000000000000000000e+00
6.543347167968750000e+03 5.148156166076660156e+00 0.000000000000000000e+00
6.544855957031250000e+03 4.932094573974609375e+00 0.000000000000000000e+00
6.546361328125000000e+03 4.723812580108642578e+00 0.000000000000000000e+00
6.547867675781250000e+03 4.927501678466796875e+00 0.000000000000000000e+00
6.549377441406250000e+03 5.395135402679443359e+00 0.000000000000000000e+00
6.550884277343750000e+03 4.984684467315673828e+00 0.000000000000000000e+00
6.552394531250000000e+03 5.149934291839599609e+00 0.000000000000000000e+00
6.553901855468750000e+03 5.477687835693359375e+00 0.000000000000000000e+00
6.555413574218750000e+03 4.826562404632568359e+00 0.000000000000000000e+00
6.556921386718750000e+03 4.746867179870605469e+00 0.000000000000000000e+00
6.558429687500000000e+03 4.778300762176513672e+00 0.000000000000000000e+00
6.559942382812500000e+03 4.953986167907714844e+00 0.000000000000000000e+00
6.561451171875000000e+03 4.694674968719482422e+00 0.000000000000000000e+00
6.562964355468750000e+03 4.183185100555419922e+00 0.000000000000000000e+00
6.564474121093750000e+03 4.220445156097412109e+00 0.000000000000000000e+00
6.565987792968750000e+03 4.983812808990478516e+00 0.000000000000000000e+00
6.567498535156250000e+03 5.683256149291992188e+00 0.000000000000000000e+00
6.569009277343750000e+03 4.957764148712158203e+00 0.000000000000000000e+00
6.570523925781250000e+03 4.375316619873046875e+00 0.000000000000000000e+00
6.572035644531250000e+03 4.754586696624755859e+00 0.000000000000000000e+00
6.573551269531250000e+03 5.331827640533447266e+00 0.000000000000000000e+00
6.575063476562500000e+03 5.216333866119384766e+00 0.000000000000000000e+00
6.576579589843750000e+03 4.491000652313232422e+00 0.000000000000000000e+00
6.578092285156250000e+03 5.115414142608642578e+00 0.000000000000000000e+00
6.579605957031250000e+03 5.704711437225341797e+00 0.000000000000000000e+00
6.581123046875000000e+03 5.078880310058593750e+00 0.000000000000000000e+00
6.582637207031250000e+03 4.177845954895019531e+00 0.000000000000000000e+00
6.584154785156250000e+03 4.846237659454345703e+00 0.000000000000000000e+00
6.585669433593750000e+03 4.555074214935302734e+00 0.000000000000000000e+00
6.587188476562500000e+03 4.875325202941894531e+00 0.000000000000000000e+00
6.588703613281250000e+03 4.906335830688476562e+00 0.000000000000000000e+00
6.590219238281250000e+03 4.772247791290283203e+00 0.000000000000000000e+00
6.591739257812500000e+03 5.015737533569335938e+00 0.000000000000000000e+00
6.593255371093750000e+03 4.352312088012695312e+00 0.000000000000000000e+00
6.594775878906250000e+03 5.196110725402832031e+00 0.000000000000000000e+00
6.596292968750000000e+03 4.556816577911376953e+00 0.000000000000000000e+00
6.597813964843750000e+03 4.718665599822998047e+00 0.000000000000000000e+00
6.599332031250000000e+03 5.388938426971435547e+00 0.000000000000000000e+00
6.600850097656250000e+03 4.674828529357910156e+00 0.000000000000000000e+00
6.602372070312500000e+03 4.717598915100097656e+00 0.000000000000000000e+00
6.603891113281250000e+03 4.277565002441406250e+00 0.000000000000000000e+00
6.605414062500000000e+03 4.288016319274902344e+00 0.000000000000000000e+00
6.606933593750000000e+03 4.549183368682861328e+00 0.000000000000000000e+00
6.608457031250000000e+03 4.817586421966552734e+00 0.000000000000000000e+00
6.609977050781250000e+03 4.880439281463623047e+00 0.000000000000000000e+00
6.611498046875000000e+03 4.251047134399414062e+00 0.000000000000000000e+00
6.613022460937500000e+03 4.415434837341308594e+00 0.000000000000000000e+00
6.614543945312500000e+03 4.267071247100830078e+00 0.000000000000000000e+00
6.616069335937500000e+03 4.478582382202148438e+00 0.000000000000000000e+00
6.617591308593750000e+03 4.735410213470458984e+00 0.000000000000000000e+00
6.619117187500000000e+03 4.434363842010498047e+00 0.000000000000000000e+00
6.620639648437500000e+03 4.864865779876708984e+00 0.000000000000000000e+00
6.622163085937500000e+03 4.687067031860351562e+00 0.000000000000000000e+00
6.623689941406250000e+03 4.436947822570800781e+00 0.000000000000000000e+00
6.625213867187500000e+03 4.808624267578125000e+00 0.000000000000000000e+00
6.626741699218750000e+03 5.174402236938476562e+00 0.000000000000000000e+00
6.628266113281250000e+03 4.700150012969970703e+00 0.000000000000000000e+00
6.629794433593750000e+03 4.376827716827392578e+00 0.000000000000000000e+00
6.631319824218750000e+03 4.945848941802978516e+00 0.000000000000000000e+00
6.632845214843750000e+03 4.676586627960205078e+00 0.000000000000000000e+00
6.634374511718750000e+03 4.545462131500244141e+00 0.000000000000000000e+00
6.635900878906250000e+03 4.825874328613281250e+00 0.000000000000000000e+00
6.637431152343750000e+03 4.755184173583984375e+00 0.000000000000000000e+00
6.638958007812500000e+03 4.657569885253906250e+00 0.000000000000000000e+00
6.640488769531250000e+03 5.082691669464111328e+00 0.000000000000000000e+00
6.642016601562500000e+03 4.964089393615722656e+00 0.000000000000000000e+00
6.643548339843750000e+03 4.647848606109619141e+00 0.000000000000000000e+00
6.645076660156250000e+03 4.490817070007324219e+00 0.000000000000000000e+00
6.646605468750000000e+03 4.420898914337158203e+00 0.000000000000000000e+00
6.648138183593750000e+03 4.479812622070312500e+00 0.000000000000000000e+00
6.649667480468750000e+03 4.646512031555175781e+00 0.000000000000000000e+00
6.651200683593750000e+03 4.447443485260009766e+00 0.000000000000000000e+00
6.652730957031250000e+03 4.552768707275390625e+00 0.000000000000000000e+00
6.654265136718750000e+03 4.925632476806640625e+00 0.000000000000000000e+00
6.655795898437500000e+03 4.740312099456787109e+00 0.000000000000000000e+00
6.657327148437500000e+03 4.010838031768798828e+00 0.000000000000000000e+00
6.658862304687500000e+03 4.511498451232910156e+00 0.000000000000000000e+00
6.660394042968750000e+03 4.464831352233886719e+00 0.000000000000000000e+00
6.661929687500000000e+03 4.637297630310058594e+00 0.000000000000000000e+00
6.663462402343750000e+03 4.762737274169921875e+00 0.000000000000000000e+00
6.664999023437500000e+03 4.134509086608886719e+00 0.000000000000000000e+00
6.666532226562500000e+03 4.450880527496337891e+00 0.000000000000000000e+00
6.668065917968750000e+03 4.621522903442382812e+00 0.000000000000000000e+00
6.669603515625000000e+03 4.758522033691406250e+00 0.000000000000000000e+00
6.671137695312500000e+03 4.625979900360107422e+00 0.000000000000000000e+00
6.672676269531250000e+03 4.461832046508789062e+00 0.000000000000000000e+00
6.674211425781250000e+03 4.523065567016601562e+00 0.000000000000000000e+00
6.675750488281250000e+03 4.196192264556884766e+00 0.000000000000000000e+00
6.677286132812500000e+03 4.427374362945556641e+00 0.000000000000000000e+00
6.678822265625000000e+03 4.840469360351562500e+00 0.000000000000000000e+00
6.680362304687500000e+03 4.985099792480468750e+00 0.000000000000000000e+00
6.681898925781250000e+03 4.767560958862304688e+00 0.000000000000000000e+00
6.683439941406250000e+03 4.549760818481445312e+00 0.000000000000000000e+00
6.684977539062500000e+03 4.782010078430175781e+00 0.000000000000000000e+00
6.686519042968750000e+03 4.456344604492187500e+00 0.000000000000000000e+00
6.688057128906250000e+03 4.533898353576660156e+00 0.000000000000000000e+00
6.689595703125000000e+03 4.920547008514404297e+00 0.000000000000000000e+00
6.691138183593750000e+03 4.679726600646972656e+00 0.000000000000000000e+00
6.692677734375000000e+03 3.922111749649047852e+00 0.000000000000000000e+00
6.694221191406250000e+03 4.743965148925781250e+00 0.000000000000000000e+00
6.695760742187500000e+03 4.922873497009277344e+00 0.000000000000000000e+00
6.697305175781250000e+03 4.662319183349609375e+00 0.000000000000000000e+00
6.698845703125000000e+03 4.730946063995361328e+00 0.000000000000000000e+00
6.700386718750000000e+03 4.640070915222167969e+00 0.000000000000000000e+00
6.701931640625000000e+03 4.020000457763671875e+00 0.000000000000000000e+00
6.703473632812500000e+03 4.553907871246337891e+00 0.000000000000000000e+00
6.705019531250000000e+03 4.732195377349853516e+00 0.000000000000000000e+00
6.706562011718750000e+03 4.759253978729248047e+00 0.000000000000000000e+00
6.708108398437500000e+03 4.838716506958007812e+00 0.000000000000000000e+00
6.709651855468750000e+03 4.783556938171386719e+00 0.000000000000000000e+00
6.711195312500000000e+03 4.554863929748535156e+00 0.000000000000000000e+00
6.712742675781250000e+03 4.614974021911621094e+00 0.000000000000000000e+00
6.714287109375000000e+03 3.944308996200561523e+00 0.000000000000000000e+00
6.715835449218750000e+03 4.123826026916503906e+00 0.000000000000000000e+00
6.717380371093750000e+03 4.614571571350097656e+00 0.000000000000000000e+00
6.718929199218750000e+03 4.643648147583007812e+00 0.000000000000000000e+00
6.720475097656250000e+03 4.417635917663574219e+00 0.000000000000000000e+00
6.722020996093750000e+03 4.622266292572021484e+00 0.000000000000000000e+00
6.723571289062500000e+03 4.467812061309814453e+00 0.000000000000000000e+00
6.725117675781250000e+03 4.343825340270996094e+00 0.000000000000000000e+00
6.726668457031250000e+03 4.576251029968261719e+00 0.000000000000000000e+00
6.728216308593750000e+03 4.708230018615722656e+00 0.000000000000000000e+00
6.729767578125000000e+03 4.300684928894042969e+00 0.000000000000000000e+00
6.731315917968750000e+03 4.186921596527099609e+00 0.000000000000000000e+00
6.732864257812500000e+03 4.506608486175537109e+00 0.000000000000000000e+00
6.734416992187500000e+03 4.207537174224853516e+00 0.000000000000000000e+00
6.735966308593750000e+03 4.122351646423339844e+00 0.000000000000000000e+00
6.737519531250000000e+03 4.638117790222167969e+00 0.000000000000000000e+00
6.739069335937500000e+03 4.947198390960693359e+00 0.000000000000000000e+00
6.740623535156250000e+03 4.438117027282714844e+00 0.000000000000000000e+00
6.742174316406250000e+03 4.500882148742675781e+00 0.000000000000000000e+00
6.743725097656250000e+03 4.530942440032958984e+00 0.000000000000000000e+00
6.745280273437500000e+03 4.609065055847167969e+00 0.000000000000000000e+00
6.746832031250000000e+03 4.599694728851318359e+00 0.000000000000000000e+00
6.748387695312500000e+03 4.304490089416503906e+00 0.000000000000000000e+00
6.749940429687500000e+03 4.391273021697998047e+00 0.000000000000000000e+00
6.751496582031250000e+03 4.501803398132324219e+00 0.000000000000000000e+00
6.753049804687500000e+03 4.148475646972656250e+00 0.000000000000000000e+00
6.754603515625000000e+03 4.268033504486083984e+00 0.000000000000000000e+00
6.756161132812500000e+03 4.526978969573974609e+00 0.000000000000000000e+00
6.757715332031250000e+03 4.003574848175048828e+00 0.000000000000000000e+00
6.759273437500000000e+03 3.889511823654174805e+00 0.000000000000000000e+00
6.760828613281250000e+03 4.220407485961914062e+00 0.000000000000000000e+00
6.762387695312500000e+03 4.326256275177001953e+00 0.000000000000000000e+00
6.763943359375000000e+03 4.637752532958984375e+00 0.000000000000000000e+00
6.765502929687500000e+03 4.645555496215820312e+00 0.000000000000000000e+00
6.767059570312500000e+03 3.647548198699951172e+00 0.000000000000000000e+00
6.768616210937500000e+03 3.103124141693115234e+00 0.000000000000000000e+00
6.770176757812500000e+03 3.121577024459838867e+00 0.000000000000000000e+00
6.771734375000000000e+03 3.249338865280151367e+00 0.000000000000000000e+00
6.773295898437500000e+03 3.943481445312500000e+00 0.000000000000000000e+00
6.774854003906250000e+03 4.643682956695556641e+00 0.000000000000000000e+00
6.776416503906250000e+03 4.451925754547119141e+00 0.000000000000000000e+00
6.777975585937500000e+03 4.371794223785400391e+00 0.000000000000000000e+00
6.779534667968750000e+03 4.304423809051513672e+00 0.000000000000000000e+00
6.781098144531250000e+03 4.382202148437500000e+00 0.000000000000000000e+00
6.782658203125000000e+03 4.300576210021972656e+00 0.000000000000000000e+00
6.784222167968750000e+03 4.153657436370849609e+00 0.000000000000000000e+00
6.785782714843750000e+03 4.347448825836181641e+00 0.000000000000000000e+00
6.787347656250000000e+03 4.620940685272216797e+00 0.000000000000000000e+00
6.788909179687500000e+03 4.110466480255126953e+00 0.000000000000000000e+00
6.790470703125000000e+03 4.209284305572509766e+00 0.000000000000000000e+00
6.792036621093750000e+03 4.375352859497070312e+00 0.000000000000000000e+00
6.793599121093750000e+03 4.353669643402099609e+00 0.000000000000000000e+00
6.795165527343750000e+03 4.561321258544921875e+00 0.000000000000000000e+00
6.796729003906250000e+03 4.584539890289306641e+00 0.000000000000000000e+00
6.798296386718750000e+03 4.383847236633300781e+00 0.000000000000000000e+00
6.799860351562500000e+03 3.795717000961303711e+00 0.000000000000000000e+00
6.801424316406250000e+03 3.798537254333496094e+00 0.000000000000000000e+00
6.802992675781250000e+03 3.724824905395507812e+00 0.000000000000000000e+00
6.804557617187500000e+03 2.499428749084472656e+00 0.000000000000000000e+00
6.806126953125000000e+03 2.233629703521728516e+00 0.000000000000000000e+00
6.807692871093750000e+03 3.234490633010864258e+00 0.000000000000000000e+00
6.809262695312500000e+03 3.827055692672729492e+00 0.000000000000000000e+00
6.810829101562500000e+03 3.814304590225219727e+00 0.000000000000000000e+00
6.812395996093750000e+03 3.809231281280517578e+00 0.000000000000000000e+00
6.813966796875000000e+03 4.107094764709472656e+00 0.000000000000000000e+00
6.815534179687500000e+03 4.179141998291015625e+00 0.000000000000000000e+00
6.817105957031250000e+03 4.408324241638183594e+00 0.000000000000000000e+00
6.818674316406250000e+03 4.546830654144287109e+00 0.000000000000000000e+00
6.820246582031250000e+03 4.433992862701416016e+00 0.000000000000000000e+00
6.821815429687500000e+03 4.156607627868652344e+00 0.000000000000000000e+00
6.823384765625000000e+03 4.122694015502929688e+00 0.000000000000000000e+00
6.824958496093750000e+03 4.710962295532226562e+00 0.000000000000000000e+00
6.826528320312500000e+03 4.470593452453613281e+00 0.000000000000000000e+00
6.828102539062500000e+03 4.276006698608398438e+00 0.000000000000000000e+00
6.829673339843750000e+03 4.378740310668945312e+00 0.000000000000000000e+00
6.831248535156250000e+03 4.524456977844238281e+00 0.000000000000000000e+00
6.832819824218750000e+03 4.546087265014648438e+00 0.000000000000000000e+00
6.834391601562500000e+03 4.579588413238525391e+00 0.000000000000000000e+00
6.835967773437500000e+03 4.233485698699951172e+00 0.000000000000000000e+00
6.837540527343750000e+03 4.518950939178466797e+00 0.000000000000000000e+00
6.839117187500000000e+03 4.499105930328369141e+00 0.000000000000000000e+00
6.840690429687500000e+03 3.924441576004028320e+00 0.000000000000000000e+00
6.842268066406250000e+03 3.722901105880737305e+00 0.000000000000000000e+00
6.843841796875000000e+03 4.075029373168945312e+00 0.000000000000000000e+00
6.845416503906250000e+03 4.495959281921386719e+00 0.000000000000000000e+00
6.846994628906250000e+03 4.494670391082763672e+00 0.000000000000000000e+00
6.848569824218750000e+03 4.508760452270507812e+00 0.000000000000000000e+00
6.850149414062500000e+03 4.633368968963623047e+00 0.000000000000000000e+00
6.851725097656250000e+03 4.455395221710205078e+00 0.000000000000000000e+00
6.853305175781250000e+03 4.033209323883056641e+00 0.000000000000000000e+00
6.854881835937500000e+03 3.971762418746948242e+00 0.000000000000000000e+00
6.856458496093750000e+03 4.181036949157714844e+00 0.000000000000000000e+00
6.858039550781250000e+03 3.814687013626098633e+00 0.000000000000000000e+00
6.859617675781250000e+03 3.632162332534790039e+00 0.000000000000000000e+00
6.861199218750000000e+03 4.666212081909179688e+00 0.000000000000000000e+00
6.862777832031250000e+03 4.806345939636230469e+00 0.000000000000000000e+00
6.864360351562500000e+03 4.019817829132080078e+00 0.000000000000000000e+00
6.865939453125000000e+03 4.362704753875732422e+00 0.000000000000000000e+00
6.867519042968750000e+03 4.506234645843505859e+00 0.000000000000000000e+00
6.869102539062500000e+03 4.037543773651123047e+00 0.000000000000000000e+00
6.870682617187500000e+03 4.202560424804687500e+00 0.000000000000000000e+00
6.872267089843750000e+03 4.602378845214843750e+00 0.000000000000000000e+00
6.873848144531250000e+03 3.888661623001098633e+00 0.000000000000000000e+00
6.875433105468750000e+03 4.050395965576171875e+00 0.000000000000000000e+00
6.877014648437500000e+03 4.045056819915771484e+00 0.000000000000000000e+00
6.878600585937500000e+03 3.712836742401123047e+00 0.000000000000000000e+00
6.880183105468750000e+03 4.040255069732666016e+00 0.000000000000000000e+00
6.881765625000000000e+03 3.883947134017944336e+00 0.000000000000000000e+00
6.883352539062500000e+03 4.036929607391357422e+00 0.000000000000000000e+00
6.884936035156250000e+03 4.057188987731933594e+00 0.000000000000000000e+00
6.886523925781250000e+03 4.092175960540771484e+00 0.000000000000000000e+00
6.888107910156250000e+03 4.281726837158203125e+00 0.000000000000000000e+00
6.889696289062500000e+03 4.408274173736572266e+00 0.000000000000000000e+00
6.891281250000000000e+03 4.304074287414550781e+00 0.000000000000000000e+00
6.892866699218750000e+03 4.402844429016113281e+00 0.000000000000000000e+00
6.894456542968750000e+03 4.331778049468994141e+00 0.000000000000000000e+00
6.896042480468750000e+03 4.063551425933837891e+00 0.000000000000000000e+00
6.897632812500000000e+03 3.912976980209350586e+00 0.000000000000000000e+00
6.899219238281250000e+03 4.012038707733154297e+00 0.000000000000000000e+00
6.900810546875000000e+03 3.834758996963500977e+00 0.000000000000000000e+00
6.902397949218750000e+03 3.511315584182739258e+00 0.000000000000000000e+00
6.903985839843750000e+03 3.202779531478881836e+00 0.000000000000000000e+00
6.905577636718750000e+03 2.352185726165771484e+00 0.000000000000000000e+00
6.907166503906250000e+03 1.068027496337890625e+00 0.000000000000000000e+00
6.908759277343750000e+03 3.508845567703247070e-01 0.000000000000000000e+00
6.910348632812500000e+03 8.216378688812255859e-01 0.000000000000000000e+00
6.911941894531250000e+03 1.660680770874023438e+00 0.000000000000000000e+00
6.913532226562500000e+03 2.633634328842163086e+00 0.000000000000000000e+00
6.915122558593750000e+03 2.899188995361328125e+00 0.000000000000000000e+00
6.916717285156250000e+03 2.768954038619995117e+00 0.000000000000000000e+00
6.918308105468750000e+03 3.079799175262451172e+00 0.000000000000000000e+00
6.919903808593750000e+03 2.931559562683105469e+00 0.000000000000000000e+00
6.921495605468750000e+03 3.344309091567993164e+00 0.000000000000000000e+00
6.923091796875000000e+03 2.607278347015380859e+00 0.000000000000000000e+00
6.924684570312500000e+03 1.612624287605285645e+00 0.000000000000000000e+00
6.926277343750000000e+03 1.236306071281433105e+00 0.000000000000000000e+00
6.927874511718750000e+03 1.310627818107604980e+00 0.000000000000000000e+00
6.929468261718750000e+03 2.076467275619506836e+00 0.000000000000000000e+00
6.931066406250000000e+03 3.504558801651000977e+00 0.000000000000000000e+00
6.932660644531250000e+03 3.689064741134643555e+00 0.000000000000000000e+00
6.934259277343750000e+03 3.556442260742187500e+00 0.000000000000000000e+00
6.935854492187500000e+03 3.791751623153686523e+00 0.000000000000000000e+00
6.937450195312500000e+03 3.790882349014282227e+00 0.000000000000000000e+00
6.939049804687500000e+03 3.482188463211059570e+00 0.000000000000000000e+00
6.940645996093750000e+03 3.162409067153930664e+00 0.000000000000000000e+00
6.942246582031250000e+03 4.028116226196289062e+00 0.000000000000000000e+00
6.943843750000000000e+03 4.283439159393310547e+00 0.000000000000000000e+00
6.945444824218750000e+03 3.586622238159179688e+00 0.000000000000000000e+00
6.947042968750000000e+03 3.650446891784667969e+00 0.000000000000000000e+00
6.948641113281250000e+03 4.299852371215820312e+00 0.000000000000000000e+00
6.950243164062500000e+03 3.860786914825439453e+00 0.000000000000000000e+00
6.951842285156250000e+03 4.036116600036621094e+00 0.000000000000000000e+00
6.953445312500000000e+03 4.123595714569091797e+00 0.000000000000000000e+00
6.955044921875000000e+03 3.845999240875244141e+00 0.000000000000000000e+00
6.956648925781250000e+03 3.952525377273559570e+00 0.000000000000000000e+00
6.958249023437500000e+03 3.905019283294677734e+00 0.000000000000000000e+00
6.959849609375000000e+03 4.357422828674316406e+00 0.000000000000000000e+00
6.961454589843750000e+03 3.949026823043823242e+00 0.000000000000000000e+00
6.963056152343750000e+03 3.816382884979248047e+00 0.000000000000000000e+00
6.964662109375000000e+03 4.277148246765136719e+00 0.000000000000000000e+00
6.966264160156250000e+03 4.220908641815185547e+00 0.000000000000000000e+00
6.967870605468750000e+03 3.941362857818603516e+00 0.000000000000000000e+00
6.969473632812500000e+03 3.818491458892822266e+00 0.000000000000000000e+00
6.971076660156250000e+03 3.770477533340454102e+00 0.000000000000000000e+00
6.972684082031250000e+03 3.909494638442993164e+00 0.000000000000000000e+00
6.974288574218750000e+03 4.182686328887939453e+00 0.000000000000000000e+00
6.975896484375000000e+03 4.341650009155273438e+00 0.000000000000000000e+00
6.977501464843750000e+03 4.349961280822753906e+00 0.000000000000000000e+00
6.979110351562500000e+03 4.148120403289794922e+00 0.000000000000000000e+00
6.980715820312500000e+03 3.950111389160156250e+00 0.000000000000000000e+00
6.982321777343750000e+03 4.069422245025634766e+00 0.000000000000000000e+00
6.983932128906250000e+03 4.322565078735351562e+00 0.000000000000000000e+00
6.985538574218750000e+03 4.270606040954589844e+00 0.000000000000000000e+00
6.987149414062500000e+03 4.164479255676269531e+00 0.000000000000000000e+00
6.988756835937500000e+03 4.254695415496826172e+00 0.000000000000000000e+00
6.990368164062500000e+03 4.148934841156005859e+00 0.000000000000000000e+00
6.991976562500000000e+03 4.100117206573486328e+00 0.000000000000000000e+00
6.993584960937500000e+03 4.150982379913330078e+00 0.000000000000000000e+00
6.995197753906250000e+03 4.093271255493164062e+00 0.000000000000000000e+00
6.996807128906250000e+03 4.215246677398681641e+00 0.000000000000000000e+00
6.998420410156250000e+03 3.781926393508911133e+00 0.000000000000000000e+00
7.000030273437500000e+03 4.057667732238769531e+00 0.000000000000000000e+00
7.001644531250000000e+03 4.346074104309082031e+00 0.000000000000000000e+00
7.003255371093750000e+03 4.128522872924804688e+00 0.000000000000000000e+00
7.004870117187500000e+03 3.976230621337890625e+00 0.000000000000000000e+00
7.006481933593750000e+03 4.058180809020996094e+00 0.000000000000000000e+00
7.008093750000000000e+03 3.581871986389160156e+00 0.000000000000000000e+00
7.009709472656250000e+03 3.793078899383544922e+00 0.000000000000000000e+00
7.011322265625000000e+03 4.194632053375244141e+00 0.000000000000000000e+00
7.012938964843750000e+03 4.078888416290283203e+00 0.000000000000000000e+00
7.014552246093750000e+03 3.745618581771850586e+00 0.000000000000000000e+00
7.016169921875000000e+03 3.943207979202270508e+00 0.000000000000000000e+00
7.017783691406250000e+03 3.611350774765014648e+00 0.000000000000000000e+00
7.019398437500000000e+03 4.215267658233642578e+00 0.000000000000000000e+00
7.021017089843750000e+03 4.255713939666748047e+00 0.000000000000000000e+00
7.022632324218750000e+03 3.785100460052490234e+00 0.000000000000000000e+00
7.024251464843750000e+03 4.456175327301025391e+00 0.000000000000000000e+00
7.025867675781250000e+03 4.416935920715332031e+00 0.000000000000000000e+00
7.027487792968750000e+03 3.604751586914062500e+00 0.000000000000000000e+00
7.029104492187500000e+03 3.902462244033813477e+00 0.000000000000000000e+00
7.030721191406250000e+03 3.968420743942260742e+00 0.000000000000000000e+00
7.032342773437500000e+03 3.716376781463623047e+00 0.000000000000000000e+00
7.033960449218750000e+03 4.434871673583984375e+00 0.000000000000000000e+00
7.035582519531250000e+03 4.152724742889404297e+00 0.000000000000000000e+00
7.037200683593750000e+03 3.667836904525756836e+00 0.000000000000000000e+00
7.038823730468750000e+03 3.851724624633789062e+00 0.000000000000000000e+00
7.040442871093750000e+03 3.868093729019165039e+00 0.000000000000000000e+00
7.042062500000000000e+03 3.731412172317504883e+00 0.000000000000000000e+00
7.043686523437500000e+03 4.208057403564453125e+00 0.000000000000000000e+00
7.045306640625000000e+03 4.096688747406005859e+00 0.000000000000000000e+00
7.046931640625000000e+03 3.640759944915771484e+00 0.000000000000000000e+00
7.048552734375000000e+03 3.412338972091674805e+00 0.000000000000000000e+00
7.050178222656250000e+03 3.428639411926269531e+00 0.000000000000000000e+00
7.051799804687500000e+03 3.546821117401123047e+00 0.000000000000000000e+00
7.053422363281250000e+03 3.651540040969848633e+00 0.000000000000000000e+00
7.055048828125000000e+03 3.578298330307006836e+00 0.000000000000000000e+00
7.056671875000000000e+03 3.778093814849853516e+00 0.000000000000000000e+00
7.058298828125000000e+03 4.030955791473388672e+00 0.000000000000000000e+00
7.059922851562500000e+03 4.262578487396240234e+00 0.000000000000000000e+00
7.061550781250000000e+03 4.118883609771728516e+00 0.000000000000000000e+00
7.063175292968750000e+03 3.439944028854370117e+00 0.000000000000000000e+00
7.064799804687500000e+03 3.397725343704223633e+00 0.000000000000000000e+00
7.066429199218750000e+03 3.613613843917846680e+00 0.000000000000000000e+00
7.068054687500000000e+03 3.763794183731079102e+00 0.000000000000000000e+00
7.069684570312500000e+03 3.915697336196899414e+00 0.000000000000000000e+00
7.071311035156250000e+03 3.974069356918334961e+00 0.000000000000000000e+00
7.072941894531250000e+03 3.853378534317016602e+00 0.000000000000000000e+00
7.074568847656250000e+03 4.119144916534423828e+00 0.000000000000000000e+00
7.076196289062500000e+03 4.059912681579589844e+00 0.000000000000000000e+00
7.077828125000000000e+03 3.964311838150024414e+00 0.000000000000000000e+00
7.079456054687500000e+03 4.084956169128417969e+00 0.000000000000000000e+00
7.081088867187500000e+03 4.237179756164550781e+00 0.000000000000000000e+00
7.082717773437500000e+03 4.153939723968505859e+00 0.000000000000000000e+00
7.084351074218750000e+03 4.159379005432128906e+00 0.000000000000000000e+00
7.085980957031250000e+03 3.968260288238525391e+00 0.000000000000000000e+00
7.087610839843750000e+03 3.570225954055786133e+00 0.000000000000000000e+00
7.089245117187500000e+03 3.589916706085205078e+00 0.000000000000000000e+00
7.090875976562500000e+03 3.997997045516967773e+00 0.000000000000000000e+00
7.092511230468750000e+03 4.077442646026611328e+00 0.000000000000000000e+00
7.094143066406250000e+03 3.904223918914794922e+00 0.000000000000000000e+00
7.095778808593750000e+03 3.945876598358154297e+00 0.000000000000000000e+00
7.097411132812500000e+03 3.643709421157836914e+00 0.000000000000000000e+00
7.099043945312500000e+03 3.751142978668212891e+00 0.000000000000000000e+00
7.100681152343750000e+03 4.201247692108154297e+00 0.000000000000000000e+00
7.102314453125000000e+03 4.021464824676513672e+00 0.000000000000000000e+00
7.103952148437500000e+03 3.953750371932983398e+00 0.000000000000000000e+00
7.105586425781250000e+03 4.281482696533203125e+00 0.000000000000000000e+00
7.107225097656250000e+03 4.166251182556152344e+00 0.000000000000000000e+00
7.108859863281250000e+03 3.813228607177734375e+00 0.000000000000000000e+00
7.110495605468750000e+03 3.653812408447265625e+00 0.000000000000000000e+00
7.112135253906250000e+03 3.735823154449462891e+00 0.000000000000000000e+00
7.113771484375000000e+03 3.915680646896362305e+00 0.000000000000000000e+00
7.115411621093750000e+03 3.788179874420166016e+00 0.000000000000000000e+00
7.117048339843750000e+03 3.928562164306640625e+00 0.000000000000000000e+00
7.118689941406250000e+03 3.916312456130981445e+00 0.000000000000000000e+00
7.120327148437500000e+03 3.606922864913940430e+00 0.000000000000000000e+00
7.121965332031250000e+03 3.566183090209960938e+00 0.000000000000000000e+00
7.123607910156250000e+03 3.853284120559692383e+00 0.000000000000000000e+00
7.125246582031250000e+03 3.941051959991455078e+00 0.000000000000000000e+00
7.126889648437500000e+03 3.732692718505859375e+00 0.000000000000000000e+00
7.128529296875000000e+03 3.952382564544677734e+00 0.000000000000000000e+00
7.130172851562500000e+03 4.199763774871826172e+00 0.000000000000000000e+00
7.131812988281250000e+03 3.683451414108276367e+00 0.000000000000000000e+00
7.133458007812500000e+03 4.150484561920166016e+00 0.000000000000000000e+00
7.135098632812500000e+03 4.099730491638183594e+00 0.000000000000000000e+00
7.136740234375000000e+03 4.135764122009277344e+00 0.000000000000000000e+00
7.138385742187500000e+03 4.125476837158203125e+00 0.000000000000000000e+00
7.140028320312500000e+03 4.019696712493896484e+00 0.000000000000000000e+00
7.141674804687500000e+03 4.182385444641113281e+00 0.000000000000000000e+00
7.143317382812500000e+03 4.291444778442382812e+00 0.000000000000000000e+00
7.144964843750000000e+03 4.139864921569824219e+00 0.000000000000000000e+00
7.146608398437500000e+03 3.961076259613037109e+00 0.000000000000000000e+00
7.148252441406250000e+03 3.818009138107299805e+00 0.000000000000000000e+00
7.149900878906250000e+03 3.921648025512695312e+00 0.000000000000000000e+00
7.151545898437500000e+03 4.280689716339111328e+00 0.000000000000000000e+00
7.153194824218750000e+03 3.885892152786254883e+00 0.000000000000000000e+00
7.154840332031250000e+03 3.447598218917846680e+00 0.000000000000000000e+00
7.156490234375000000e+03 3.514204502105712891e+00 0.000000000000000000e+00
7.158136718750000000e+03 3.783730030059814453e+00 0.000000000000000000e+00
7.159783203125000000e+03 3.862156629562377930e+00 0.000000000000000000e+00
7.161434570312500000e+03 3.841298818588256836e+00 0.000000000000000000e+00
7.163082031250000000e+03 4.190653800964355469e+00 0.000000000000000000e+00
7.164733886718750000e+03 4.287182331085205078e+00 0.000000000000000000e+00
7.166381835937500000e+03 4.206819057464599609e+00 0.000000000000000000e+00
7.168034667968750000e+03 4.147182464599609375e+00 0.000000000000000000e+00
7.169683593750000000e+03 4.150881767272949219e+00 0.000000000000000000e+00
7.171333007812500000e+03 4.125315666198730469e+00 0.000000000000000000e+00
7.172986328125000000e+03 4.025289535522460938e+00 0.000000000000000000e+00
7.174636718750000000e+03 3.887089967727661133e+00 0.000000000000000000e+00
7.176291015625000000e+03 4.131814002990722656e+00 0.000000000000000000e+00
7.177941894531250000e+03 4.338187217712402344e+00 0.000000000000000000e+00
7.179597167968750000e+03 4.155318737030029297e+00 0.000000000000000000e+00
7.181249023437500000e+03 3.833970069885253906e+00 0.000000000000000000e+00
7.182900878906250000e+03 3.800652027130126953e+00 0.000000000000000000e+00
7.184557128906250000e+03 4.238762855529785156e+00 0.000000000000000000e+00
7.186209960937500000e+03 4.227657794952392578e+00 0.000000000000000000e+00
7.187867187500000000e+03 3.918098449707031250e+00 0.000000000000000000e+00
7.189520996093750000e+03 3.966913700103759766e+00 0.000000000000000000e+00
7.191178710937500000e+03 4.380810260772705078e+00 0.000000000000000000e+00
7.192833007812500000e+03 3.980034589767456055e+00 0.000000000000000000e+00
7.194487792968750000e+03 3.721874237060546875e+00 0.000000000000000000e+00
7.196146972656250000e+03 3.916628599166870117e+00 0.000000000000000000e+00
7.197802246093750000e+03 4.251768112182617188e+00 0.000000000000000000e+00
7.199461914062500000e+03 4.335805892944335938e+00 0.000000000000000000e+00
7.201118164062500000e+03 4.110105514526367188e+00 0.000000000000000000e+00
7.202778808593750000e+03 4.034764766693115234e+00 0.000000000000000000e+00
7.204435546875000000e+03 4.320037841796875000e+00 0.000000000000000000e+00
7.206093261718750000e+03 4.064807415008544922e+00 0.000000000000000000e+00
7.207754882812500000e+03 3.849167346954345703e+00 0.000000000000000000e+00
7.209413085937500000e+03 3.940867900848388672e+00 0.000000000000000000e+00
7.211075683593750000e+03 3.792148590087890625e+00 0.000000000000000000e+00
7.212734375000000000e+03 3.855833053588867188e+00 0.000000000000000000e+00
7.214397460937500000e+03 3.865006208419799805e+00 0.000000000000000000e+00
7.216057128906250000e+03 4.150265693664550781e+00 0.000000000000000000e+00
7.217717285156250000e+03 4.261506080627441406e+00 0.000000000000000000e+00
7.219381835937500000e+03 3.981093645095825195e+00 0.000000000000000000e+00
7.221042480468750000e+03 3.753881931304931641e+00 0.000000000000000000e+00
7.222707519531250000e+03 3.741145133972167969e+00 0.000000000000000000e+00
7.224369140625000000e+03 3.688851833343505859e+00 0.000000000000000000e+00
7.226035156250000000e+03 3.789765834808349609e+00 0.000000000000000000e+00
7.227697265625000000e+03 3.918756484985351562e+00 0.000000000000000000e+00
7.229360351562500000e+03 3.926254987716674805e+00 0.000000000000000000e+00
7.231027343750000000e+03 3.856384515762329102e+00 0.000000000000000000e+00
7.232690917968750000e+03 3.813823223114013672e+00 0.000000000000000000e+00
7.234358398437500000e+03 4.112641334533691406e+00 0.000000000000000000e+00
7.236022949218750000e+03 3.947177886962890625e+00 0.000000000000000000e+00
7.237691406250000000e+03 3.450994253158569336e+00 0.000000000000000000e+00
7.239356445312500000e+03 3.660703420639038086e+00 0.000000000000000000e+00
7.241021972656250000e+03 4.842229843139648438e+00 0.000000000000000000e+00
7.242691894531250000e+03 4.550963878631591797e+00 0.000000000000000000e+00
7.244357910156250000e+03 3.979129552841186523e+00 0.000000000000000000e+00
7.246028320312500000e+03 3.183376789093017578e+00 0.000000000000000000e+00
7.247695312500000000e+03 3.263367414474487305e+00 0.000000000000000000e+00
7.249366699218750000e+03 4.104028701782226562e+00 0.000000000000000000e+00
7.251034179687500000e+03 4.259624958038330078e+00 0.000000000000000000e+00
7.252702636718750000e+03 4.316821098327636719e+00 0.000000000000000000e+00
7.254375000000000000e+03 3.826124906539916992e+00 0.000000000000000000e+00
7.256043945312500000e+03 3.913862228393554688e+00 0.000000000000000000e+00
7.257716796875000000e+03 4.129775524139404297e+00 0.000000000000000000e+00
7.259386718750000000e+03 4.126981258392333984e+00 0.000000000000000000e+00
7.261060546875000000e+03 4.291062355041503906e+00 0.000000000000000000e+00
7.262730957031250000e+03 4.035803318023681641e+00 0.000000000000000000e+00
7.264405761718750000e+03 3.913827419281005859e+00 0.000000000000000000e+00
7.266077148437500000e+03 4.039779186248779297e+00 0.000000000000000000e+00
7.267748535156250000e+03 4.114721298217773438e+00 0.000000000000000000e+00
7.269424316406250000e+03 4.101831912994384766e+00 0.000000000000000000e+00
7.271096679687500000e+03 4.151575088500976562e+00 0.000000000000000000e+00
7.272773437500000000e+03 3.916681528091430664e+00 0.000000000000000000e+00
7.274446289062500000e+03 4.629882335662841797e+00 0.000000000000000000e+00
7.276124023437500000e+03 5.365742206573486328e+00 0.000000000000000000e+00
7.277797851562500000e+03 4.891047954559326172e+00 0.000000000000000000e+00
7.279472167968750000e+03 3.882023096084594727e+00 0.000000000000000000e+00
7.281150878906250000e+03 4.027191162109375000e+00 0.000000000000000000e+00
7.282825683593750000e+03 4.024880886077880859e+00 0.000000000000000000e+00
7.284505371093750000e+03 3.895564556121826172e+00 0.000000000000000000e+00
7.286181152343750000e+03 3.846415042877197266e+00 0.000000000000000000e+00
7.287861328125000000e+03 3.971081972122192383e+00 0.000000000000000000e+00
7.289537597656250000e+03 4.150581836700439453e+00 0.000000000000000000e+00
7.291214843750000000e+03 4.227115631103515625e+00 0.000000000000000000e+00
7.292895996093750000e+03 4.383179187774658203e+00 0.000000000000000000e+00
7.294573730468750000e+03 4.410082340240478516e+00 0.000000000000000000e+00
7.296255859375000000e+03 3.945278406143188477e+00 0.000000000000000000e+00
7.297934082031250000e+03 3.635654926300048828e+00 0.000000000000000000e+00
7.299617187500000000e+03 3.785269021987915039e+00 0.000000000000000000e+00
7.301296386718750000e+03 3.956966400146484375e+00 0.000000000000000000e+00
7.302976074218750000e+03 4.218709468841552734e+00 0.000000000000000000e+00
7.304660156250000000e+03 3.772759437561035156e+00 0.000000000000000000e+00
7.306340820312500000e+03 3.878168106079101562e+00 0.000000000000000000e+00
7.308025390625000000e+03 4.261685848236083984e+00 0.000000000000000000e+00
7.309706542968750000e+03 4.183824539184570312e+00 0.000000000000000000e+00
7.311392089843750000e+03 3.819437742233276367e+00 0.000000000000000000e+00
7.313074218750000000e+03 4.107205390930175781e+00 0.000000000000000000e+00
7.314756347656250000e+03 4.296927928924560547e+00 0.000000000000000000e+00
7.316443359375000000e+03 2.523088455200195312e+00 0.000000000000000000e+00
7.318126464843750000e+03 7.864643335342407227e-01 0.000000000000000000e+00
7.319813964843750000e+03 9.999630451202392578e-01 0.000000000000000000e+00
7.321498046875000000e+03 2.041554450988769531e+00 0.000000000000000000e+00
7.323186035156250000e+03 1.665284156799316406e+00 0.000000000000000000e+00
7.324871093750000000e+03 2.231518983840942383e+00 0.000000000000000000e+00
7.326556152343750000e+03 2.862962007522583008e+00 0.000000000000000000e+00
7.328245605468750000e+03 3.624627590179443359e+00 0.000000000000000000e+00
7.329931152343750000e+03 4.481512069702148438e+00 0.000000000000000000e+00
7.331621582031250000e+03 4.477854251861572266e+00 0.000000000000000000e+00
7.333308105468750000e+03 3.518738746643066406e+00 0.000000000000000000e+00
7.334999511718750000e+03 3.052201747894287109e+00 0.000000000000000000e+00
7.336686523437500000e+03 2.084116220474243164e+00 0.000000000000000000e+00
7.338374511718750000e+03 1.516743183135986328e+00 0.000000000000000000e+00
7.340066894531250000e+03 1.861578226089477539e+00 0.000000000000000000e+00
7.341755371093750000e+03 2.193209648132324219e+00 0.000000000000000000e+00
7.343448242187500000e+03 2.855147123336791992e+00 0.000000000000000000e+00
7.345137695312500000e+03 3.975438356399536133e+00 0.000000000000000000e+00
7.346831542968750000e+03 3.944441795349121094e+00 0.000000000000000000e+00
7.348521484375000000e+03 3.913383007049560547e+00 0.000000000000000000e+00
7.350211914062500000e+03 4.436087131500244141e+00 0.000000000000000000e+00
7.351906738281250000e+03 4.246594429016113281e+00 0.000000000000000000e+00
7.353598144531250000e+03 4.061232089996337891e+00 0.000000000000000000e+00
7.355293945312500000e+03 3.913645267486572266e+00 0.000000000000000000e+00
7.356985839843750000e+03 4.114817619323730469e+00 0.000000000000000000e+00
7.358682617187500000e+03 4.736334800720214844e+00 0.000000000000000000e+00
7.360375488281250000e+03 4.992358684539794922e+00 0.000000000000000000e+00
7.362068847656250000e+03 4.220272541046142578e+00 0.000000000000000000e+00
7.363766601562500000e+03 4.230710506439208984e+00 0.000000000000000000e+00
7.365460449218750000e+03 4.121626853942871094e+00 0.000000000000000000e+00
7.367158691406250000e+03 3.813952684402465820e+00 0.000000000000000000e+00
7.368853515625000000e+03 4.135159015655517578e+00 0.000000000000000000e+00
7.370552734375000000e+03 4.884257316589355469e+00 0.000000000000000000e+00
7.372248535156250000e+03 4.693844795227050781e+00 0.000000000000000000e+00
7.373944335937500000e+03 3.873861074447631836e+00 0.000000000000000000e+00
7.375645019531250000e+03 4.041354179382324219e+00 0.000000000000000000e+00
7.377341796875000000e+03 4.072553634643554688e+00 0.000000000000000000e+00
7.379042968750000000e+03 4.077757358551025391e+00 0.000000000000000000e+00
7.380740234375000000e+03 4.211789131164550781e+00 0.000000000000000000e+00
7.382442382812500000e+03 3.975990056991577148e+00 0.000000000000000000e+00
7.384140625000000000e+03 3.977797508239746094e+00 0.000000000000000000e+00
7.385839355468750000e+03 4.151147842407226562e+00 0.000000000000000000e+00
7.387542480468750000e+03 4.072719097137451172e+00 0.000000000000000000e+00
7.389242187500000000e+03 3.789305686950683594e+00 0.000000000000000000e+00
7.390945800781250000e+03 3.721808195114135742e+00 0.000000000000000000e+00
7.392646484375000000e+03 3.988324880599975586e+00 0.000000000000000000e+00
7.394351074218750000e+03 3.659967184066772461e+00 0.000000000000000000e+00
7.396052246093750000e+03 3.530409812927246094e+00 0.000000000000000000e+00
7.397757324218750000e+03 3.767972946166992188e+00 0.000000000000000000e+00
7.399459472656250000e+03 3.952409744262695312e+00 0.000000000000000000e+00
7.401161621093750000e+03 4.018834590911865234e+00 0.000000000000000000e+00
7.402868164062500000e+03 4.216249942779541016e+00 0.000000000000000000e+00
7.404571289062500000e+03 3.908771753311157227e+00 0.000000000000000000e+00
7.406278808593750000e+03 3.827698945999145508e+00 0.000000000000000000e+00
7.407982421875000000e+03 3.938602685928344727e+00 0.000000000000000000e+00
7.409690917968750000e+03 3.992249965667724609e+00 0.000000000000000000e+00
7.411395507812500000e+03 3.998557567596435547e+00 0.000000000000000000e+00
7.413100585937500000e+03 4.132732868194580078e+00 0.000000000000000000e+00
7.414810058593750000e+03 4.132287025451660156e+00 0.000000000000000000e+00
7.416515625000000000e+03 4.051448822021484375e+00 0.000000000000000000e+00
7.418226074218750000e+03 4.315718650817871094e+00 0.000000000000000000e+00
7.419932617187500000e+03 4.366495132446289062e+00 0.000000000000000000e+00
7.421643554687500000e+03 3.979729175567626953e+00 0.000000000000000000e+00
7.423350585937500000e+03 3.800919532775878906e+00 0.000000000000000000e+00
7.425058593750000000e+03 3.854537725448608398e+00 0.000000000000000000e+00
7.426770507812500000e+03 4.113347053527832031e+00 0.000000000000000000e+00
7.428479492187500000e+03 4.134688854217529297e+00 0.000000000000000000e+00
7.430192382812500000e+03 4.350509166717529297e+00 0.000000000000000000e+00
7.431901367187500000e+03 4.580075263977050781e+00 0.000000000000000000e+00
7.433615234375000000e+03 4.123362064361572266e+00 0.000000000000000000e+00
7.435325683593750000e+03 4.385510921478271484e+00 0.000000000000000000e+00
7.437036132812500000e+03 3.836366415023803711e+00 0.000000000000000000e+00
7.438750976562500000e+03 4.251705169677734375e+00 0.000000000000000000e+00
7.440462402343750000e+03 4.514184951782226562e+00 0.000000000000000000e+00
7.442177734375000000e+03 4.066335678100585938e+00 0.000000000000000000e+00
7.443890136718750000e+03 4.342774868011474609e+00 0.000000000000000000e+00
7.445606445312500000e+03 3.978314876556396484e+00 0.000000000000000000e+00
7.447319335937500000e+03 4.062125682830810547e+00 0.000000000000000000e+00
7.449032714843750000e+03 4.152393817901611328e+00 0.000000000000000000e+00
7.450750488281250000e+03 4.096549987792968750e+00 0.000000000000000000e+00
7.452464355468750000e+03 4.094929695129394531e+00 0.000000000000000000e+00
7.454183105468750000e+03 4.166665077209472656e+00 0.000000000000000000e+00
7.455897949218750000e+03 3.934119224548339844e+00 0.000000000000000000e+00
7.457617187500000000e+03 4.017856121063232422e+00 0.000000000000000000e+00
7.459332519531250000e+03 4.090227127075195312e+00 0.000000000000000000e+00
7.461048828125000000e+03 4.068784236907958984e+00 0.000000000000000000e+00
7.462769042968750000e+03 3.915390014648437500e+00 0.000000000000000000e+00
7.464485839843750000e+03 3.591678619384765625e+00 0.000000000000000000e+00
7.466207031250000000e+03 3.659662485122680664e+00 0.000000000000000000e+00
7.467924804687500000e+03 3.520155668258666992e+00 0.000000000000000000e+00
7.469646972656250000e+03 3.463664293289184570e+00 0.000000000000000000e+00
7.471365234375000000e+03 3.514838218688964844e+00 0.000000000000000000e+00
7.473083984375000000e+03 3.514176845550537109e+00 0.000000000000000000e+00
7.474807617187500000e+03 3.598429441452026367e+00 0.000000000000000000e+00
7.476526855468750000e+03 4.188935756683349609e+00 0.000000000000000000e+00
7.478250976562500000e+03 3.581904888153076172e+00 0.000000000000000000e+00
7.479971191406250000e+03 3.928443431854248047e+00 0.000000000000000000e+00
7.481696289062500000e+03 4.353486061096191406e+00 0.000000000000000000e+00
7.483417480468750000e+03 3.891703128814697266e+00 0.000000000000000000e+00
7.485139160156250000e+03 3.757612228393554688e+00 0.000000000000000000e+00
7.486865234375000000e+03 4.091144561767578125e+00 0.000000000000000000e+00
7.488587402343750000e+03 4.061557292938232422e+00 0.000000000000000000e+00
7.490313964843750000e+03 3.960166931152343750e+00 0.000000000000000000e+00
7.492037109375000000e+03 4.049407958984375000e+00 0.000000000000000000e+00
7.493765136718750000e+03 4.032884597778320312e+00 0.000000000000000000e+00
7.495488769531250000e+03 3.634054183959960938e+00 0.000000000000000000e+00
7.497213378906250000e+03 3.951326608657836914e+00 0.000000000000000000e+00
7.498941894531250000e+03 4.310134410858154297e+00 0.000000000000000000e+00
7.500666992187500000e+03 4.266423702239990234e+00 0.000000000000000000e+00
7.502396972656250000e+03 3.962108612060546875e+00 0.000000000000000000e+00
7.504122558593750000e+03 3.804885864257812500e+00 0.000000000000000000e+00
7.505853027343750000e+03 3.978605747222900391e+00 0.000000000000000000e+00
7.507580078125000000e+03 3.962240934371948242e+00 0.000000000000000000e+00
7.509307128906250000e+03 3.683587789535522461e+00 0.000000000000000000e+00
7.511038574218750000e+03 4.025753498077392578e+00 0.000000000000000000e+00
7.512766601562500000e+03 4.213314533233642578e+00 0.000000000000000000e+00
7.514499023437500000e+03 3.912613153457641602e+00 0.000000000000000000e+00
7.516227539062500000e+03 4.088535785675048828e+00 0.000000000000000000e+00
7.517960937500000000e+03 4.125172615051269531e+00 0.000000000000000000e+00
7.519690429687500000e+03 4.149129867553710938e+00 0.000000000000000000e+00
7.521420410156250000e+03 3.963920593261718750e+00 0.000000000000000000e+00
7.523154785156250000e+03 3.998942852020263672e+00 0.000000000000000000e+00
7.524885253906250000e+03 4.385928630828857422e+00 0.000000000000000000e+00
7.526620605468750000e+03 4.422934532165527344e+00 0.000000000000000000e+00
7.528352050781250000e+03 3.800678968429565430e+00 0.000000000000000000e+00
7.530088378906250000e+03 3.691817522048950195e+00 0.000000000000000000e+00
7.531820312500000000e+03 3.925623416900634766e+00 0.000000000000000000e+00
7.533557128906250000e+03 3.993324518203735352e+00 0.000000000000000000e+00
7.535290527343750000e+03 3.759665250778198242e+00 0.000000000000000000e+00
7.537023925781250000e+03 3.637780666351318359e+00 0.000000000000000000e+00
7.538761718750000000e+03 4.016191482543945312e+00 0.000000000000000000e+00
7.540496093750000000e+03 3.758797645568847656e+00 0.000000000000000000e+00
7.542234863281250000e+03 3.731218099594116211e+00 0.000000000000000000e+00
7.543970214843750000e+03 3.857055902481079102e+00 0.000000000000000000e+00
7.545709472656250000e+03 3.753838062286376953e+00 0.000000000000000000e+00
7.547445312500000000e+03 3.722036361694335938e+00 0.000000000000000000e+00
7.549181640625000000e+03 4.097265720367431641e+00 0.000000000000000000e+00
7.550922851562500000e+03 3.838084936141967773e+00 0.000000000000000000e+00
7.552659667968750000e+03 3.823570728302001953e+00 0.000000000000000000e+00
7.554401367187500000e+03 4.176561355590820312e+00 0.000000000000000000e+00
7.556139160156250000e+03 4.243999004364013672e+00 0.000000000000000000e+00
7.557881835937500000e+03 3.710182189941406250e+00 0.000000000000000000e+00
7.559620117187500000e+03 3.695049047470092773e+00 0.000000000000000000e+00
7.561359375000000000e+03 4.168606758117675781e+00 0.000000000000000000e+00
7.563103027343750000e+03 4.037632465362548828e+00 0.000000000000000000e+00
7.564842773437500000e+03 3.689240694046020508e+00 0.000000000000000000e+00
7.566587402343750000e+03 3.761075258255004883e+00 0.000000000000000000e+00
7.568328125000000000e+03 3.976871728897094727e+00 0.000000000000000000e+00
7.570073242187500000e+03 3.982755422592163086e+00 0.000000000000000000e+00
7.571814941406250000e+03 3.987809419631958008e+00 0.000000000000000000e+00
7.573556640625000000e+03 4.128316402435302734e+00 0.000000000000000000e+00
7.575303222656250000e+03 3.997738838195800781e+00 0.000000000000000000e+00
7.577045898437500000e+03 3.814160823822021484e+00 0.000000000000000000e+00
7.578792968750000000e+03 4.296026706695556641e+00 0.000000000000000000e+00
7.580536621093750000e+03 4.177594661712646484e+00 0.000000000000000000e+00
7.582284667968750000e+03 4.079593658447265625e+00 0.000000000000000000e+00
7.584028808593750000e+03 3.826428174972534180e+00 0.000000000000000000e+00
7.585773437500000000e+03 3.625751972198486328e+00 0.000000000000000000e+00
7.587522949218750000e+03 3.830122232437133789e+00 0.000000000000000000e+00
7.589268554687500000e+03 4.117812156677246094e+00 0.000000000000000000e+00
7.591018554687500000e+03 3.305945396423339844e+00 0.000000000000000000e+00
7.592764648437500000e+03 3.464997529983520508e+00 0.000000000000000000e+00
7.594515625000000000e+03 3.865046262741088867e+00 0.000000000000000000e+00
7.596262695312500000e+03 3.916143178939819336e+00 0.000000000000000000e+00
7.598010253906250000e+03 4.086667537689208984e+00 0.000000000000000000e+00
7.599762207031250000e+03 4.716619968414306641e+00 0.000000000000000000e+00
7.601510742187500000e+03 3.880378961563110352e+00 0.000000000000000000e+00
7.603263671875000000e+03 4.052525997161865234e+00 0.000000000000000000e+00
7.605012695312500000e+03 4.055493354797363281e+00 0.000000000000000000e+00
7.606766113281250000e+03 3.876855373382568359e+00 0.000000000000000000e+00
7.608516113281250000e+03 4.065154075622558594e+00 0.000000000000000000e+00
7.610266601562500000e+03 4.307320117950439453e+00 0.000000000000000000e+00
7.612021484375000000e+03 4.188173294067382812e+00 0.000000000000000000e+00
7.613772460937500000e+03 3.532368659973144531e+00 0.000000000000000000e+00
7.615528320312500000e+03 3.970760822296142578e+00 0.000000000000000000e+00
7.617280273437500000e+03 4.450547695159912109e+00 0.000000000000000000e+00
7.619036621093750000e+03 3.879527807235717773e+00 0.000000000000000000e+00
7.620789550781250000e+03 3.330666065216064453e+00 0.000000000000000000e+00
7.622542480468750000e+03 3.457649946212768555e+00 0.000000000000000000e+00
7.624300292968750000e+03 3.770726203918457031e+00 0.000000000000000000e+00
7.626054199218750000e+03 3.700989246368408203e+00 0.000000000000000000e+00
7.627812988281250000e+03 3.913630485534667969e+00 0.000000000000000000e+00
7.629567871093750000e+03 4.513892173767089844e+00 0.000000000000000000e+00
7.631327148437500000e+03 4.344490051269531250e+00 0.000000000000000000e+00
7.633082519531250000e+03 3.767702102661132812e+00 0.000000000000000000e+00
7.634838867187500000e+03 3.987151145935058594e+00 0.000000000000000000e+00
7.636599121093750000e+03 4.017451763153076172e+00 0.000000000000000000e+00
7.638355957031250000e+03 3.825539588928222656e+00 0.000000000000000000e+00
7.640117187500000000e+03 3.802249193191528320e+00 0.000000000000000000e+00
7.641875000000000000e+03 3.853811740875244141e+00 0.000000000000000000e+00
7.643637207031250000e+03 4.011668205261230469e+00 0.000000000000000000e+00
7.645395507812500000e+03 3.673884868621826172e+00 0.000000000000000000e+00
7.647154296875000000e+03 3.846160173416137695e+00 0.000000000000000000e+00
7.648917968750000000e+03 4.067702293395996094e+00 0.000000000000000000e+00
7.650677246093750000e+03 3.899837017059326172e+00 0.000000000000000000e+00
7.652441894531250000e+03 4.049288749694824219e+00 0.000000000000000000e+00
7.654202148437500000e+03 4.177988052368164062e+00 0.000000000000000000e+00
7.655967285156250000e+03 3.872559309005737305e+00 0.000000000000000000e+00
7.657728515625000000e+03 3.752856731414794922e+00 0.000000000000000000e+00
7.659490234375000000e+03 3.825640916824340820e+00 0.000000000000000000e+00
7.661256347656250000e+03 3.919525623321533203e+00 0.000000000000000000e+00
7.663018554687500000e+03 4.102076530456542969e+00 0.000000000000000000e+00
7.664785644531250000e+03 3.956661462783813477e+00 0.000000000000000000e+00
7.666549316406250000e+03 3.811282157897949219e+00 0.000000000000000000e+00
7.668316894531250000e+03 3.967827558517456055e+00 0.000000000000000000e+00
7.670081054687500000e+03 4.041660308837890625e+00 0.000000000000000000e+00
7.671849609375000000e+03 3.872417211532592773e+00 0.000000000000000000e+00
7.673614746093750000e+03 3.909748792648315430e+00 0.000000000000000000e+00
7.675379882812500000e+03 3.922918081283569336e+00 0.000000000000000000e+00
7.677149902343750000e+03 3.884298801422119141e+00 0.000000000000000000e+00
7.678916015625000000e+03 4.108762741088867188e+00 0.000000000000000000e+00
7.680687011718750000e+03 3.934164762496948242e+00 0.000000000000000000e+00
7.682453613281250000e+03 3.483754158020019531e+00 0.000000000000000000e+00
7.684225097656250000e+03 3.978186368942260742e+00 0.000000000000000000e+00
7.685993164062500000e+03 4.055494308471679688e+00 0.000000000000000000e+00
7.687761230468750000e+03 3.867334604263305664e+00 0.000000000000000000e+00
7.689534179687500000e+03 4.152846336364746094e+00 0.000000000000000000e+00
7.691302734375000000e+03 4.443696498870849609e+00 0.000000000000000000e+00
7.693076660156250000e+03 4.142138481140136719e+00 0.000000000000000000e+00
7.694846191406250000e+03 3.638445854187011719e+00 0.000000000000000000e+00
7.696620605468750000e+03 3.679085731506347656e+00 0.000000000000000000e+00
7.698391113281250000e+03 4.181269645690917969e+00 0.000000000000000000e+00
7.700162109375000000e+03 4.226356983184814453e+00 0.000000000000000000e+00
7.701937988281250000e+03 3.900647401809692383e+00 0.000000000000000000e+00
7.703709960937500000e+03 3.869173526763916016e+00 0.000000000000000000e+00
7.705486328125000000e+03 4.229186534881591797e+00 0.000000000000000000e+00
7.707258789062500000e+03 3.904165983200073242e+00 0.000000000000000000e+00
7.709036132812500000e+03 4.112777709960937500e+00 0.000000000000000000e+00
7.710809570312500000e+03 3.758689880371093750e+00 0.000000000000000000e+00
7.712583496093750000e+03 3.952557802200317383e+00 0.000000000000000000e+00
7.714361816406250000e+03 4.587486743927001953e+00 0.000000000000000000e+00
7.716136718750000000e+03 3.623682737350463867e+00 0.000000000000000000e+00
7.717916015625000000e+03 4.893351554870605469e+00 0.000000000000000000e+00
7.719691406250000000e+03 3.746278047561645508e+00 0.000000000000000000e+00
7.721471679687500000e+03 3.927944183349609375e+00 0.000000000000000000e+00
7.723248046875000000e+03 4.471305847167968750e+00 0.000000000000000000e+00
7.725024902343750000e+03 3.731333494186401367e+00 0.000000000000000000e+00
7.726806152343750000e+03 3.898827075958251953e+00 0.000000000000000000e+00
7.728583496093750000e+03 4.061923980712890625e+00 0.000000000000000000e+00
7.730365722656250000e+03 3.715974569320678711e+00 0.000000000000000000e+00
7.732144042968750000e+03 3.776664733886718750e+00 0.000000000000000000e+00
7.733927246093750000e+03 4.099034786224365234e+00 0.000000000000000000e+00
7.735706542968750000e+03 4.183082580566406250e+00 0.000000000000000000e+00
7.737485839843750000e+03 4.126165866851806641e+00 0.000000000000000000e+00
7.739270019531250000e+03 3.937374830245971680e+00 0.000000000000000000e+00
7.741050781250000000e+03 4.212425231933593750e+00 0.000000000000000000e+00
7.742835449218750000e+03 4.260883331298828125e+00 0.000000000000000000e+00
7.744616699218750000e+03 3.767292261123657227e+00 0.000000000000000000e+00
7.746402832031250000e+03 3.552262306213378906e+00 0.000000000000000000e+00
7.748185058593750000e+03 4.445228099822998047e+00 0.000000000000000000e+00
7.749967285156250000e+03 4.184827804565429688e+00 0.000000000000000000e+00
7.751754394531250000e+03 3.943166732788085938e+00 0.000000000000000000e+00
7.753537597656250000e+03 3.924298524856567383e+00 0.000000000000000000e+00
7.755325683593750000e+03 4.041476726531982422e+00 0.000000000000000000e+00
7.757109863281250000e+03 3.989356994628906250e+00 0.000000000000000000e+00
7.758898437500000000e+03 3.604954481124877930e+00 0.000000000000000000e+00
7.760683593750000000e+03 4.106528759002685547e+00 0.000000000000000000e+00
7.762468750000000000e+03 4.060606002807617188e+00 0.000000000000000000e+00
7.764258789062500000e+03 3.962565422058105469e+00 0.000000000000000000e+00
7.766044921875000000e+03 4.020702362060546875e+00 0.000000000000000000e+00
7.767835937500000000e+03 4.006477355957031250e+00 0.000000000000000000e+00
7.769622558593750000e+03 3.897300720214843750e+00 0.000000000000000000e+00
7.771414550781250000e+03 3.937161684036254883e+00 0.000000000000000000e+00
7.773202148437500000e+03 3.502962112426757812e+00 0.000000000000000000e+00
7.774990234375000000e+03 3.820778846740722656e+00 0.000000000000000000e+00
7.776783203125000000e+03 4.222650051116943359e+00 0.000000000000000000e+00
7.778572265625000000e+03 3.929974555969238281e+00 0.000000000000000000e+00
7.780366210937500000e+03 3.800056457519531250e+00 0.000000000000000000e+00
7.782155761718750000e+03 3.790745258331298828e+00 0.000000000000000000e+00
7.783950683593750000e+03 3.853773117065429688e+00 0.000000000000000000e+00
7.785741210937500000e+03 4.127051353454589844e+00 0.000000000000000000e+00
7.787532226562500000e+03 4.301214694976806641e+00 0.000000000000000000e+00
7.789328125000000000e+03 4.185131072998046875e+00 0.000000000000000000e+00
7.791120117187500000e+03 3.972090005874633789e+00 0.000000000000000000e+00
7.792916503906250000e+03 3.359114646911621094e+00 0.000000000000000000e+00
7.794709472656250000e+03 3.941571950912475586e+00 0.000000000000000000e+00
7.796506835937500000e+03 4.370334148406982422e+00 0.000000000000000000e+00
7.798300292968750000e+03 4.233726501464843750e+00 0.000000000000000000e+00
7.800094238281250000e+03 3.949590206146240234e+00 0.000000000000000000e+00
7.801893066406250000e+03 3.783337593078613281e+00 0.000000000000000000e+00
7.803687988281250000e+03 4.212334156036376953e+00 0.000000000000000000e+00
7.805487304687500000e+03 3.638688087463378906e+00 0.000000000000000000e+00
7.807283203125000000e+03 3.945753335952758789e+00 0.000000000000000000e+00
7.809083496093750000e+03 4.111006259918212891e+00 0.000000000000000000e+00
7.810879882812500000e+03 3.557927608489990234e+00 0.000000000000000000e+00
7.812681152343750000e+03 4.357792377471923828e+00 0.000000000000000000e+00
7.814478515625000000e+03 4.050068855285644531e+00 0.000000000000000000e+00
7.816275878906250000e+03 3.952826261520385742e+00 0.000000000000000000e+00
7.818078613281250000e+03 3.813015937805175781e+00 0.000000000000000000e+00
7.819876953125000000e+03 3.453446388244628906e+00 0.000000000000000000e+00
7.821680175781250000e+03 3.622934341430664062e+00 0.000000000000000000e+00
7.823479492187500000e+03 4.693596363067626953e+00 0.000000000000000000e+00
7.825283691406250000e+03 3.622148513793945312e+00 0.000000000000000000e+00
7.827083984375000000e+03 3.729318857192993164e+00 0.000000000000000000e+00
7.828884277343750000e+03 3.659398317337036133e+00 0.000000000000000000e+00
7.830689941406250000e+03 3.713524103164672852e+00 0.000000000000000000e+00
7.832491210937500000e+03 4.210707187652587891e+00 0.000000000000000000e+00
7.834297363281250000e+03 3.633426666259765625e+00 0.000000000000000000e+00
7.836099609375000000e+03 3.497890710830688477e+00 0.000000000000000000e+00
7.837906738281250000e+03 3.865512132644653320e+00 0.000000000000000000e+00
7.839709960937500000e+03 3.884137630462646484e+00 0.000000000000000000e+00
7.841513183593750000e+03 3.698784112930297852e+00 0.000000000000000000e+00
7.843321289062500000e+03 3.751168727874755859e+00 0.000000000000000000e+00
7.845125976562500000e+03 3.922430753707885742e+00 0.000000000000000000e+00
7.846935058593750000e+03 4.237829208374023438e+00 0.000000000000000000e+00
7.848740234375000000e+03 4.009573459625244141e+00 0.000000000000000000e+00
7.850549804687500000e+03 3.691327810287475586e+00 0.000000000000000000e+00
7.852355957031250000e+03 3.220471143722534180e+00 0.000000000000000000e+00
7.854162597656250000e+03 3.107658386230468750e+00 0.000000000000000000e+00
7.855973632812500000e+03 4.316838264465332031e+00 0.000000000000000000e+00
7.857780761718750000e+03 4.133283138275146484e+00 0.000000000000000000e+00
7.859592773437500000e+03 4.057791233062744141e+00 0.000000000000000000e+00
7.861400878906250000e+03 4.155599117279052734e+00 0.000000000000000000e+00
7.863213867187500000e+03 3.956451654434204102e+00 0.000000000000000000e+00
7.865022460937500000e+03 3.753979444503784180e+00 0.000000000000000000e+00
7.866832031250000000e+03 4.273959636688232422e+00 0.000000000000000000e+00
7.868645996093750000e+03 3.879544258117675781e+00 0.000000000000000000e+00
7.870456054687500000e+03 3.434469223022460938e+00 0.000000000000000000e+00
7.872270996093750000e+03 3.684405088424682617e+00 0.000000000000000000e+00
7.874082031250000000e+03 3.915940046310424805e+00 0.000000000000000000e+00
7.875897949218750000e+03 3.845283746719360352e+00 0.000000000000000000e+00
7.877709960937500000e+03 4.249964237213134766e+00 0.000000000000000000e+00
7.879521972656250000e+03 3.356139183044433594e+00 0.000000000000000000e+00
7.881338867187500000e+03 3.246685743331909180e+00 0.000000000000000000e+00
7.883151855468750000e+03 3.783310413360595703e+00 0.000000000000000000e+00
7.884969726562500000e+03 3.957028388977050781e+00 0.000000000000000000e+00
7.886783691406250000e+03 3.728231668472290039e+00 0.000000000000000000e+00
7.888602539062500000e+03 4.053465366363525391e+00 0.000000000000000000e+00
7.890417480468750000e+03 3.851862668991088867e+00 0.000000000000000000e+00
7.892232421875000000e+03 4.210673332214355469e+00 0.000000000000000000e+00
7.894052246093750000e+03 3.765807151794433594e+00 0.000000000000000000e+00
7.895868652343750000e+03 3.366933345794677734e+00 0.000000000000000000e+00
7.897688964843750000e+03 3.837202310562133789e+00 0.000000000000000000e+00
7.899505859375000000e+03 3.698038101196289062e+00 0.000000000000000000e+00
7.901327636718750000e+03 3.460847377777099609e+00 0.000000000000000000e+00
7.903145507812500000e+03 3.754420757293701172e+00 0.000000000000000000e+00
7.904963378906250000e+03 3.837205886840820312e+00 0.000000000000000000e+00
7.906786132812500000e+03 3.732191801071166992e+00 0.000000000000000000e+00
7.908605468750000000e+03 3.811404705047607422e+00 0.000000000000000000e+00
7.910429199218750000e+03 3.901130914688110352e+00 0.000000000000000000e+00
7.912248535156250000e+03 4.038418769836425781e+00 0.000000000000000000e+00
7.914073242187500000e+03 5.819494724273681641e+00 0.000000000000000000e+00
7.915894042968750000e+03 5.157191276550292969e+00 0.000000000000000000e+00
7.917714843750000000e+03 3.096223831176757812e+00 0.000000000000000000e+00
7.919540527343750000e+03 3.058359384536743164e+00 0.000000000000000000e+00
7.921362792968750000e+03 4.773118972778320312e+00 0.000000000000000000e+00
7.923189453125000000e+03 5.082343578338623047e+00 0.000000000000000000e+00
7.925012207031250000e+03 4.089736938476562500e+00 0.000000000000000000e+00
7.926839355468750000e+03 3.742247343063354492e+00 0.000000000000000000e+00
7.928663085937500000e+03 4.093806266784667969e+00 0.000000000000000000e+00
7.930486816406250000e+03 4.339040756225585938e+00 0.000000000000000000e+00
7.932315917968750000e+03 4.471391677856445312e+00 0.000000000000000000e+00
7.934140625000000000e+03 4.269961357116699219e+00 0.000000000000000000e+00
7.935970214843750000e+03 3.819941997528076172e+00 0.000000000000000000e+00
7.937795898437500000e+03 3.762798786163330078e+00 0.000000000000000000e+00
7.939626464843750000e+03 4.008528232574462891e+00 0.000000000000000000e+00
7.941452636718750000e+03 4.112914085388183594e+00 0.000000000000000000e+00
7.943284179687500000e+03 4.005274772644042969e+00 0.000000000000000000e+00
7.945111328125000000e+03 3.903309106826782227e+00 0.000000000000000000e+00
7.946938964843750000e+03 4.094787597656250000e+00 0.000000000000000000e+00
7.948771972656250000e+03 3.835455417633056641e+00 0.000000000000000000e+00
7.950600585937500000e+03 3.624495267868041992e+00 0.000000000000000000e+00
7.952433593750000000e+03 3.777488470077514648e+00 0.000000000000000000e+00
7.954263183593750000e+03 3.364960908889770508e+00 0.000000000000000000e+00
7.956097656250000000e+03 3.434706211090087891e+00 0.000000000000000000e+00
7.957927734375000000e+03 4.011272907257080078e+00 0.000000000000000000e+00
7.959758300781250000e+03 3.911593914031982422e+00 0.000000000000000000e+00
7.961593750000000000e+03 3.825142860412597656e+00 0.000000000000000000e+00
7.963425292968750000e+03 4.320644378662109375e+00 0.000000000000000000e+00
7.965261718750000000e+03 4.062627792358398438e+00 0.000000000000000000e+00
7.967094238281250000e+03 3.541680335998535156e+00 0.000000000000000000e+00
7.968931640625000000e+03 3.511178255081176758e+00 0.000000000000000000e+00
7.970764648437500000e+03 3.565253496170043945e+00 0.000000000000000000e+00
7.972598144531250000e+03 3.503952503204345703e+00 0.000000000000000000e+00
7.974437011718750000e+03 3.523307085037231445e+00 0.000000000000000000e+00
7.976271484375000000e+03 3.692664146423339844e+00 0.000000000000000000e+00
7.978110839843750000e+03 3.513761758804321289e+00 0.000000000000000000e+00
7.979945800781250000e+03 4.284925937652587891e+00 0.000000000000000000e+00
7.981786132812500000e+03 4.025492668151855469e+00 0.000000000000000000e+00
7.983622558593750000e+03 3.503523826599121094e+00 0.000000000000000000e+00
7.985458984375000000e+03 3.852118730545043945e+00 0.000000000000000000e+00
7.987300292968750000e+03 3.611744165420532227e+00 0.000000000000000000e+00
7.989137695312500000e+03 3.663255929946899414e+00 0.000000000000000000e+00
7.990979980468750000e+03 3.982296228408813477e+00 0.000000000000000000e+00
7.992818359375000000e+03 4.033781051635742188e+00 0.000000000000000000e+00
7.994661621093750000e+03 3.775887012481689453e+00 0.000000000000000000e+00
7.996500488281250000e+03 3.510755062103271484e+00 0.000000000000000000e+00
7.998340332031250000e+03 3.546614170074462891e+00 0.000000000000000000e+00
8.000184570312500000e+03 4.193979263305664062e+00 0.000000000000000000e+00
8.002024902343750000e+03 3.680569171905517578e+00 0.000000000000000000e+00
8.003870605468750000e+03 3.579958200454711914e+00 0.000000000000000000e+00
8.005711425781250000e+03 4.000658035278320312e+00 0.000000000000000000e+00
8.007557617187500000e+03 4.028650283813476562e+00 0.000000000000000000e+00
8.009399902343750000e+03 3.721683979034423828e+00 0.000000000000000000e+00
8.011242675781250000e+03 3.401070594787597656e+00 0.000000000000000000e+00
8.013089843750000000e+03 4.392314434051513672e+00 0.000000000000000000e+00
8.014933105468750000e+03 4.172141075134277344e+00 0.000000000000000000e+00
8.016781250000000000e+03 3.486589670181274414e+00 0.000000000000000000e+00
8.018625488281250000e+03 3.780169010162353516e+00 0.000000000000000000e+00
8.020474609375000000e+03 3.633730649948120117e+00 0.000000000000000000e+00
8.022319824218750000e+03 3.936238050460815430e+00 0.000000000000000000e+00
8.024165527343750000e+03 4.579907417297363281e+00 0.000000000000000000e+00
8.026015625000000000e+03 4.861608982086181641e+00 0.000000000000000000e+00
8.027862304687500000e+03 4.270328044891357422e+00 0.000000000000000000e+00
8.029713378906250000e+03 3.434643507003784180e+00 0.000000000000000000e+00
8.031560546875000000e+03 3.703457355499267578e+00 0.000000000000000000e+00
8.033412597656250000e+03 3.619084835052490234e+00 0.000000000000000000e+00
8.035260742187500000e+03 3.886213541030883789e+00 0.000000000000000000e+00
8.037109375000000000e+03 4.061685085296630859e+00 0.000000000000000000e+00
8.038962402343750000e+03 3.819946289062500000e+00 0.000000000000000000e+00
8.040812011718750000e+03 3.533805131912231445e+00 0.000000000000000000e+00
8.042666015625000000e+03 3.814749240875244141e+00 0.000000000000000000e+00
8.044516113281250000e+03 3.974837541580200195e+00 0.000000000000000000e+00
8.046371093750000000e+03 3.565662622451782227e+00 0.000000000000000000e+00
8.048222167968750000e+03 3.828304052352905273e+00 0.000000000000000000e+00
8.050073730468750000e+03 4.291932106018066406e+00 0.000000000000000000e+00
8.051930175781250000e+03 3.980736494064331055e+00 0.000000000000000000e+00
8.053782714843750000e+03 3.555956840515136719e+00 0.000000000000000000e+00
8.055639648437500000e+03 3.810893774032592773e+00 0.000000000000000000e+00
8.057492675781250000e+03 3.807416200637817383e+00 0.000000000000000000e+00
8.059351074218750000e+03 3.458822727203369141e+00 0.000000000000000000e+00
8.061205078125000000e+03 3.589329957962036133e+00 0.000000000000000000e+00
8.063059570312500000e+03 4.277365684509277344e+00 0.000000000000000000e+00
8.064918945312500000e+03 4.249133110046386719e+00 0.000000000000000000e+00
8.066773925781250000e+03 4.222550392150878906e+00 0.000000000000000000e+00
8.068634277343750000e+03 3.717410564422607422e+00 0.000000000000000000e+00
8.070490234375000000e+03 3.617469549179077148e+00 0.000000000000000000e+00
8.072351562500000000e+03 3.716599225997924805e+00 0.000000000000000000e+00
8.074208496093750000e+03 3.483939170837402344e+00 0.000000000000000000e+00
8.076065917968750000e+03 3.436491489410400391e+00 0.000000000000000000e+00
8.077928222656250000e+03 3.634709596633911133e+00 0.000000000000000000e+00
8.079786621093750000e+03 3.867516994476318359e+00 0.000000000000000000e+00
8.081649902343750000e+03 3.613104343414306641e+00 0.000000000000000000e+00
8.083508789062500000e+03 3.416866064071655273e+00 0.000000000000000000e+00
8.085373046875000000e+03 3.761977434158325195e+00 0.000000000000000000e+00
8.087232910156250000e+03 3.903239965438842773e+00 0.000000000000000000e+00
8.089098144531250000e+03 3.797495603561401367e+00 0.000000000000000000e+00
8.090958984375000000e+03 3.673456430435180664e+00 0.000000000000000000e+00
8.092820312500000000e+03 3.674383163452148438e+00 0.000000000000000000e+00
8.094686523437500000e+03 3.546069860458374023e+00 0.000000000000000000e+00
8.096548339843750000e+03 3.422505140304565430e+00 0.000000000000000000e+00
8.098415527343750000e+03 3.958270549774169922e+00 0.000000000000000000e+00
8.100278808593750000e+03 3.884156227111816406e+00 0.000000000000000000e+00
8.102146484375000000e+03 3.718300819396972656e+00 0.000000000000000000e+00
8.104010253906250000e+03 3.626542091369628906e+00 0.000000000000000000e+00
8.105874511718750000e+03 3.735634565353393555e+00 0.000000000000000000e+00
8.107744140625000000e+03 3.844636678695678711e+00 0.000000000000000000e+00
8.109608886718750000e+03 3.479306697845458984e+00 0.000000000000000000e+00
8.111479003906250000e+03 3.706168651580810547e+00 0.000000000000000000e+00
8.113345214843750000e+03 4.094229698181152344e+00 0.000000000000000000e+00
8.115216308593750000e+03 3.895490884780883789e+00 0.000000000000000000e+00
8.117083007812500000e+03 3.512167453765869141e+00 0.000000000000000000e+00
8.118950195312500000e+03 3.571660518646240234e+00 0.000000000000000000e+00
8.120822753906250000e+03 3.663315773010253906e+00 0.000000000000000000e+00
8.122690917968750000e+03 3.377183675765991211e+00 0.000000000000000000e+00
8.124563964843750000e+03 4.026617050170898438e+00 0.000000000000000000e+00
8.126432617187500000e+03 3.980372190475463867e+00 0.000000000000000000e+00
8.128306640625000000e+03 3.417811393737792969e+00 0.000000000000000000e+00
8.130176757812500000e+03 3.370622873306274414e+00 0.000000000000000000e+00
8.132046875000000000e+03 3.396331310272216797e+00 0.000000000000000000e+00
8.133922363281250000e+03 3.861093044281005859e+00 0.000000000000000000e+00
8.135793457031250000e+03 3.506948471069335938e+00 0.000000000000000000e+00
8.137669433593750000e+03 3.366447925567626953e+00 0.000000000000000000e+00
8.139541503906250000e+03 3.741326570510864258e+00 0.000000000000000000e+00
8.141418457031250000e+03 3.920399904251098633e+00 0.000000000000000000e+00
8.143291503906250000e+03 3.532858848571777344e+00 0.000000000000000000e+00
8.145165039062500000e+03 3.531719923019409180e+00 0.000000000000000000e+00
8.147042968750000000e+03 3.871962070465087891e+00 0.000000000000000000e+00
8.148917480468750000e+03 3.436755657196044922e+00 0.000000000000000000e+00
8.150796386718750000e+03 3.043721675872802734e+00 0.000000000000000000e+00
8.152671386718750000e+03 3.674326658248901367e+00 0.000000000000000000e+00
8.154551269531250000e+03 4.001071929931640625e+00 0.000000000000000000e+00
8.156427246093750000e+03 3.253316164016723633e+00 0.000000000000000000e+00
8.158303710937500000e+03 3.825872898101806641e+00 0.000000000000000000e+00
8.160185058593750000e+03 3.970402479171752930e+00 0.000000000000000000e+00
8.162062500000000000e+03 3.560119628906250000e+00 0.000000000000000000e+00
8.163944335937500000e+03 3.682586908340454102e+00 0.000000000000000000e+00
8.165822753906250000e+03 3.862262487411499023e+00 0.000000000000000000e+00
8.167705566406250000e+03 3.387226581573486328e+00 0.000000000000000000e+00
8.169584472656250000e+03 3.383379220962524414e+00 0.000000000000000000e+00
8.171463867187500000e+03 3.485832452774047852e+00 0.000000000000000000e+00
8.173348144531250000e+03 3.581748962402343750e+00 0.000000000000000000e+00
8.175228515625000000e+03 3.751951456069946289e+00 0.000000000000000000e+00
8.177113769531250000e+03 3.705628395080566406e+00 0.000000000000000000e+00
8.178995117187500000e+03 3.884186267852783203e+00 0.000000000000000000e+00
8.180880859375000000e+03 3.502267837524414062e+00 0.000000000000000000e+00
8.182763183593750000e+03 3.575344085693359375e+00 0.000000000000000000e+00
8.184645507812500000e+03 3.781664609909057617e+00 0.000000000000000000e+00
8.186532714843750000e+03 3.439706325531005859e+00 0.000000000000000000e+00
8.188416015625000000e+03 3.394123315811157227e+00 0.000000000000000000e+00
8.190304199218750000e+03 3.623232126235961914e+00 0.000000000000000000e+00
8.192188476562500000e+03 3.458616256713867188e+00 0.000000000000000000e+00
8.194077148437500000e+03 3.477355957031250000e+00 0.000000000000000000e+00
8.195962890625000000e+03 3.766055583953857422e+00 0.000000000000000000e+00
8.197847656250000000e+03 3.899014949798583984e+00 0.000000000000000000e+00
8.199738281250000000e+03 3.783462524414062500e+00 0.000000000000000000e+00
8.201625000000000000e+03 3.805429220199584961e+00 0.000000000000000000e+00
8.203515625000000000e+03 3.572583913803100586e+00 0.000000000000000000e+00
8.205403320312500000e+03 3.396644353866577148e+00 0.000000000000000000e+00
8.207295898437500000e+03 3.567903757095336914e+00 0.000000000000000000e+00
8.209183593750000000e+03 3.973857164382934570e+00 0.000000000000000000e+00
8.211072265625000000e+03 4.055160522460937500e+00 0.000000000000000000e+00
8.212965820312500000e+03 3.292394638061523438e+00 0.000000000000000000e+00
8.214854492187500000e+03 3.482990264892578125e+00 0.000000000000000000e+00
8.216749023437500000e+03 3.391803503036499023e+00 0.000000000000000000e+00
8.218639648437500000e+03 3.303741931915283203e+00 0.000000000000000000e+00
8.220534179687500000e+03 3.720493316650390625e+00 0.000000000000000000e+00
8.222425781250000000e+03 3.174189805984497070e+00 0.000000000000000000e+00
8.224317382812500000e+03 3.342745542526245117e+00 0.000000000000000000e+00
8.226213867187500000e+03 3.934156894683837891e+00 0.000000000000000000e+00
8.228106445312500000e+03 3.763498783111572266e+00 0.000000000000000000e+00
8.230003906250000000e+03 3.399437427520751953e+00 0.000000000000000000e+00
8.231896484375000000e+03 3.658200263977050781e+00 0.000000000000000000e+00
8.233794921875000000e+03 3.644041299819946289e+00 0.000000000000000000e+00
8.235689453125000000e+03 3.677378892898559570e+00 0.000000000000000000e+00
8.237588867187500000e+03 3.931365728378295898e+00 0.000000000000000000e+00
8.239483398437500000e+03 3.752426862716674805e+00 0.000000000000000000e+00
8.241378906250000000e+03 3.393547058105468750e+00 0.000000000000000000e+00
8.243279296875000000e+03 3.441515445709228516e+00 0.000000000000000000e+00
8.245175781250000000e+03 3.600367307662963867e+00 0.000000000000000000e+00
8.247077148437500000e+03 3.618557214736938477e+00 0.000000000000000000e+00
8.248974609375000000e+03 3.907577276229858398e+00 0.000000000000000000e+00
8.250876953125000000e+03 3.551138639450073242e+00 0.000000000000000000e+00
8.252774414062500000e+03 3.218075037002563477e+00 0.000000000000000000e+00
8.254672851562500000e+03 3.578106164932250977e+00 0.000000000000000000e+00
8.256577148437500000e+03 3.351360321044921875e+00 0.000000000000000000e+00
8.258476562500000000e+03 3.730954170227050781e+00 0.000000000000000000e+00
8.260380859375000000e+03 3.644153118133544922e+00 0.000000000000000000e+00
8.262281250000000000e+03 3.771512031555175781e+00 0.000000000000000000e+00
8.264186523437500000e+03 3.973761081695556641e+00 0.000000000000000000e+00
8.266086914062500000e+03 3.661321640014648438e+00 0.000000000000000000e+00
8.267989257812500000e+03 3.334691762924194336e+00 0.000000000000000000e+00
8.269895507812500000e+03 3.376545190811157227e+00 0.000000000000000000e+00
8.271797851562500000e+03 3.202866792678833008e+00 0.000000000000000000e+00
8.273705078125000000e+03 3.418553590774536133e+00 0.000000000000000000e+00
8.275608398437500000e+03 3.478657722473144531e+00 0.000000000000000000e+00
8.277516601562500000e+03 3.142056465148925781e+00 0.000000000000000000e+00
8.279420898437500000e+03 3.880524396896362305e+00 0.000000000000000000e+00
8.281326171875000000e+03 3.846329450607299805e+00 0.000000000000000000e+00
8.283235351562500000e+03 4.631377696990966797e+00 0.000000000000000000e+00
8.285141601562500000e+03 4.048101902008056641e+00 0.000000000000000000e+00
8.287051757812500000e+03 3.541782140731811523e+00 0.000000000000000000e+00
8.288958007812500000e+03 4.482765197753906250e+00 0.000000000000000000e+00
8.290869140625000000e+03 3.201599359512329102e+00 0.000000000000000000e+00
8.292777343750000000e+03 2.787933588027954102e+00 0.000000000000000000e+00
8.294684570312500000e+03 3.838324308395385742e+00 0.000000000000000000e+00
8.296597656250000000e+03 4.382884502410888672e+00 0.000000000000000000e+00
8.298505859375000000e+03 4.028013229370117188e+00 0.000000000000000000e+00
8.300419921875000000e+03 3.484687805175781250e+00 0.000000000000000000e+00
8.302329101562500000e+03 2.946699857711791992e+00 0.000000000000000000e+00
8.304243164062500000e+03 3.929980278015136719e+00 0.000000000000000000e+00
8.306154296875000000e+03 3.267160654067993164e+00 0.000000000000000000e+00
8.308064453125000000e+03 3.499116897583007812e+00 0.000000000000000000e+00
8.309980468750000000e+03 4.129440307617187500e+00 0.000000000000000000e+00
8.311892578125000000e+03 3.228741407394409180e+00 0.000000000000000000e+00
8.313808593750000000e+03 2.783679485321044922e+00 0.000000000000000000e+00
8.315721679687500000e+03 3.258898973464965820e+00 0.000000000000000000e+00
8.317639648437500000e+03 3.446272134780883789e+00 0.000000000000000000e+00
8.319552734375000000e+03 3.546005725860595703e+00 0.000000000000000000e+00
8.321466796875000000e+03 3.303319215774536133e+00 0.000000000000000000e+00
8.323385742187500000e+03 2.927866935729980469e+00 0.000000000000000000e+00
8.325299804687500000e+03 3.814477443695068359e+00 0.000000000000000000e+00
8.327219726562500000e+03 3.534029483795166016e+00 0.000000000000000000e+00
8.329135742187500000e+03 3.721939563751220703e+00 0.000000000000000000e+00
8.331056640625000000e+03 3.468639373779296875e+00 0.000000000000000000e+00
8.332972656250000000e+03 3.239663839340209961e+00 0.000000000000000000e+00
8.334889648437500000e+03 3.798548460006713867e+00 0.000000000000000000e+00
8.336811523437500000e+03 3.626567125320434570e+00 0.000000000000000000e+00
8.338729492187500000e+03 3.269559144973754883e+00 0.000000000000000000e+00
8.340652343750000000e+03 4.073718547821044922e+00 0.000000000000000000e+00
8.342571289062500000e+03 4.289638042449951172e+00 0.000000000000000000e+00
8.344495117187500000e+03 4.150525569915771484e+00 0.000000000000000000e+00
8.346415039062500000e+03 4.621733188629150391e+00 0.000000000000000000e+00
8.348334960937500000e+03 4.156491279602050781e+00 0.000000000000000000e+00
8.350259765625000000e+03 2.873547792434692383e+00 0.000000000000000000e+00
8.352180664062500000e+03 4.081674098968505859e+00 0.000000000000000000e+00
8.354107421875000000e+03 3.562320470809936523e+00 0.000000000000000000e+00
8.356029296875000000e+03 2.545612096786499023e+00 0.000000000000000000e+00
8.357956054687500000e+03 3.836175918579101562e+00 0.000000000000000000e+00
8.359878906250000000e+03 3.477338790893554688e+00 0.000000000000000000e+00
8.361801757812500000e+03 3.846865892410278320e+00 0.000000000000000000e+00
8.363729492187500000e+03 3.265330076217651367e+00 0.000000000000000000e+00
8.365654296875000000e+03 3.300133943557739258e+00 0.000000000000000000e+00
8.367583007812500000e+03 3.762518882751464844e+00 0.000000000000000000e+00
8.369507812500000000e+03 3.502692461013793945e+00 0.000000000000000000e+00
8.371437500000000000e+03 3.358382225036621094e+00 0.000000000000000000e+00
8.373364257812500000e+03 2.488079547882080078e+00 0.000000000000000000e+00
8.375290039062500000e+03 3.044786930084228516e+00 0.000000000000000000e+00
8.377221679687500000e+03 3.401848316192626953e+00 0.000000000000000000e+00
8.379148437500000000e+03 3.112129211425781250e+00 0.000000000000000000e+00
8.381081054687500000e+03 3.141013622283935547e+00 0.000000000000000000e+00
8.383008789062500000e+03 3.415893793106079102e+00 0.000000000000000000e+00
8.384942382812500000e+03 3.508836030960083008e+00 0.000000000000000000e+00
8.386871093750000000e+03 3.362323045730590820e+00 0.000000000000000000e+00
8.388804687500000000e+03 3.238674163818359375e+00 0.000000000000000000e+00
8.390734375000000000e+03 3.233861446380615234e+00 0.000000000000000000e+00
8.392665039062500000e+03 3.264835119247436523e+00 0.000000000000000000e+00
8.394600585937500000e+03 3.307803869247436523e+00 0.000000000000000000e+00
8.396531250000000000e+03 3.386551618576049805e+00 0.000000000000000000e+00
8.398467773437500000e+03 2.222117662429809570e+00 0.000000000000000000e+00
8.400399414062500000e+03 2.760403871536254883e+00 0.000000000000000000e+00
8.402336914062500000e+03 4.460018634796142578e+00 0.000000000000000000e+00
8.404269531250000000e+03 4.483991622924804688e+00 0.000000000000000000e+00
8.406203125000000000e+03 3.313406944274902344e+00 0.000000000000000000e+00
8.408141601562500000e+03 3.245366096496582031e+00 0.000000000000000000e+00
8.410076171875000000e+03 3.857306718826293945e+00 0.000000000000000000e+00
8.412015625000000000e+03 3.675660371780395508e+00 0.000000000000000000e+00
8.413950195312500000e+03 3.111462354660034180e+00 0.000000000000000000e+00
8.415890625000000000e+03 3.232308864593505859e+00 0.000000000000000000e+00
8.417827148437500000e+03 3.531847238540649414e+00 0.000000000000000000e+00
8.419763671875000000e+03 4.364256858825683594e+00 0.000000000000000000e+00
8.421705078125000000e+03 3.435576915740966797e+00 0.000000000000000000e+00
8.423642578125000000e+03 2.948343038558959961e+00 0.000000000000000000e+00
8.425584960937500000e+03 3.249883890151977539e+00 0.000000000000000000e+00
8.427523437500000000e+03 3.023687601089477539e+00 0.000000000000000000e+00
8.429466796875000000e+03 2.720730304718017578e+00 0.000000000000000000e+00
8.431405273437500000e+03 2.394147157669067383e+00 0.000000000000000000e+00
8.433345703125000000e+03 4.247148513793945312e+00 0.000000000000000000e+00
8.435290039062500000e+03 4.708372592926025391e+00 0.000000000000000000e+00
8.437230468750000000e+03 3.546642303466796875e+00 0.000000000000000000e+00
8.439175781250000000e+03 3.227531909942626953e+00 0.000000000000000000e+00
8.441117187500000000e+03 3.358072280883789062e+00 0.000000000000000000e+00
8.443064453125000000e+03 3.276372194290161133e+00 0.000000000000000000e+00
8.445005859375000000e+03 3.448466300964355469e+00 0.000000000000000000e+00
8.446949218750000000e+03 3.555171012878417969e+00 0.000000000000000000e+00
8.448896484375000000e+03 3.641093492507934570e+00 0.000000000000000000e+00
8.450840820312500000e+03 3.698061943054199219e+00 0.000000000000000000e+00
8.452789062500000000e+03 3.073064088821411133e+00 0.000000000000000000e+00
8.454734375000000000e+03 3.070311784744262695e+00 0.000000000000000000e+00
8.456683593750000000e+03 3.413174152374267578e+00 0.000000000000000000e+00
8.458628906250000000e+03 3.460413217544555664e+00 0.000000000000000000e+00
8.460575195312500000e+03 3.212755918502807617e+00 0.000000000000000000e+00
8.462525390625000000e+03 3.379138469696044922e+00 0.000000000000000000e+00
8.464472656250000000e+03 4.243298053741455078e+00 0.000000000000000000e+00
8.466424804687500000e+03 3.325263261795043945e+00 0.000000000000000000e+00
8.468372070312500000e+03 4.353644371032714844e+00 0.000000000000000000e+00
8.470325195312500000e+03 4.340087413787841797e+00 0.000000000000000000e+00
8.472273437500000000e+03 3.277748107910156250e+00 0.000000000000000000e+00
8.474222656250000000e+03 3.431150436401367188e+00 0.000000000000000000e+00
8.476176757812500000e+03 3.349698305130004883e+00 0.000000000000000000e+00
8.478126953125000000e+03 3.195574760437011719e+00 0.000000000000000000e+00
8.480082031250000000e+03 3.652059793472290039e+00 0.000000000000000000e+00
8.482032226562500000e+03 3.714829206466674805e+00 0.000000000000000000e+00
8.483988281250000000e+03 3.390845775604248047e+00 0.000000000000000000e+00
8.485940429687500000e+03 3.346650362014770508e+00 0.000000000000000000e+00
8.487892578125000000e+03 3.256091117858886719e+00 0.000000000000000000e+00
8.489849609375000000e+03 3.536370515823364258e+00 0.000000000000000000e+00
8.491802734375000000e+03 3.721862316131591797e+00 0.000000000000000000e+00
8.493760742187500000e+03 3.137470483779907227e+00 0.000000000000000000e+00
8.495714843750000000e+03 2.656913280487060547e+00 0.000000000000000000e+00
8.497673828125000000e+03 3.218587636947631836e+00 0.000000000000000000e+00
8.499628906250000000e+03 3.542461395263671875e+00 0.000000000000000000e+00
8.501583984375000000e+03 3.273607254028320312e+00 0.000000000000000000e+00
8.503544921875000000e+03 3.844345808029174805e+00 0.000000000000000000e+00
8.505500976562500000e+03 4.051972866058349609e+00 0.000000000000000000e+00
8.507461914062500000e+03 3.387522459030151367e+00 0.000000000000000000e+00
8.509419921875000000e+03 3.004523515701293945e+00 0.000000000000000000e+00
8.511381835937500000e+03 3.838637828826904297e+00 0.000000000000000000e+00
8.513339843750000000e+03 3.267020225524902344e+00 0.000000000000000000e+00
8.515297851562500000e+03 3.392745018005371094e+00 0.000000000000000000e+00
8.517261718750000000e+03 3.499279737472534180e+00 0.000000000000000000e+00
8.519221679687500000e+03 3.374384880065917969e+00 0.000000000000000000e+00
8.521185546875000000e+03 3.393973350524902344e+00 0.000000000000000000e+00
8.523146484375000000e+03 2.879817008972167969e+00 0.000000000000000000e+00
8.525111328125000000e+03 3.161280155181884766e+00 0.000000000000000000e+00
8.527072265625000000e+03 3.542682409286499023e+00 0.000000000000000000e+00
8.529034179687500000e+03 3.588485956192016602e+00 0.000000000000000000e+00
8.531000976562500000e+03 3.523241519927978516e+00 0.000000000000000000e+00
8.532963867187500000e+03 3.506768226623535156e+00 0.000000000000000000e+00
8.534931640625000000e+03 3.102254629135131836e+00 0.000000000000000000e+00
8.536894531250000000e+03 3.089841604232788086e+00 0.000000000000000000e+00
8.538863281250000000e+03 3.836742639541625977e+00 0.000000000000000000e+00
8.540828125000000000e+03 3.546895027160644531e+00 0.000000000000000000e+00
8.542796875000000000e+03 3.118681192398071289e+00 0.000000000000000000e+00
8.544762695312500000e+03 3.957553625106811523e+00 0.000000000000000000e+00
8.546728515625000000e+03 3.663162708282470703e+00 0.000000000000000000e+00
8.548699218750000000e+03 3.196701765060424805e+00 0.000000000000000000e+00
8.550666015625000000e+03 3.172600030899047852e+00 0.000000000000000000e+00
8.552637695312500000e+03 3.501545667648315430e+00 0.000000000000000000e+00
8.554604492187500000e+03 3.654800653457641602e+00 0.000000000000000000e+00
8.556577148437500000e+03 3.517781734466552734e+00 0.000000000000000000e+00
8.558545898437500000e+03 3.814207553863525391e+00 0.000000000000000000e+00
8.560514648437500000e+03 3.623056411743164062e+00 0.000000000000000000e+00
8.562489257812500000e+03 3.592680215835571289e+00 0.000000000000000000e+00
8.564458984375000000e+03 3.655761241912841797e+00 0.000000000000000000e+00
8.566433593750000000e+03 3.536601781845092773e+00 0.000000000000000000e+00
8.568404296875000000e+03 3.268931627273559570e+00 0.000000000000000000e+00
8.570379882812500000e+03 3.250577926635742188e+00 0.000000000000000000e+00
8.572351562500000000e+03 3.520147085189819336e+00 0.000000000000000000e+00
8.574324218750000000e+03 3.424966573715209961e+00 0.000000000000000000e+00
8.576300781250000000e+03 3.309384584426879883e+00 0.000000000000000000e+00
8.578274414062500000e+03 3.440772533416748047e+00 0.000000000000000000e+00
8.580251953125000000e+03 3.584240913391113281e+00 0.000000000000000000e+00
8.582225585937500000e+03 3.418071508407592773e+00 0.000000000000000000e+00
8.584205078125000000e+03 3.390461921691894531e+00 0.000000000000000000e+00
8.586179687500000000e+03 3.425761222839355469e+00 0.000000000000000000e+00
8.588155273437500000e+03 3.481451988220214844e+00 0.000000000000000000e+00
8.590135742187500000e+03 3.535994768142700195e+00 0.000000000000000000e+00
8.592111328125000000e+03 3.535805702209472656e+00 0.000000000000000000e+00
8.594092773437500000e+03 3.445524692535400391e+00 0.000000000000000000e+00
8.596070312500000000e+03 3.415732383728027344e+00 0.000000000000000000e+00
8.598052734375000000e+03 3.391900300979614258e+00 0.000000000000000000e+00
8.600030273437500000e+03 3.300113677978515625e+00 0.000000000000000000e+00
8.602008789062500000e+03 3.419595718383789062e+00 0.000000000000000000e+00
8.603992187500000000e+03 3.743689060211181641e+00 0.000000000000000000e+00
8.605971679687500000e+03 3.487101316452026367e+00 0.000000000000000000e+00
8.607956054687500000e+03 3.618150472640991211e+00 0.000000000000000000e+00
8.609936523437500000e+03 3.415096998214721680e+00 0.000000000000000000e+00
8.611921875000000000e+03 3.518664360046386719e+00 0.000000000000000000e+00
8.613903320312500000e+03 3.875458002090454102e+00 0.000000000000000000e+00
8.615884765625000000e+03 3.750215053558349609e+00 0.000000000000000000e+00
8.617871093750000000e+03 3.334127664566040039e+00 0.000000000000000000e+00
8.619853515625000000e+03 3.343147993087768555e+00 0.000000000000000000e+00
8.621841796875000000e+03 3.361142396926879883e+00 0.000000000000000000e+00
8.623825195312500000e+03 3.808372259140014648e+00 0.000000000000000000e+00
8.625813476562500000e+03 4.182981491088867188e+00 0.000000000000000000e+00
8.627797851562500000e+03 3.918150663375854492e+00 0.000000000000000000e+00
8.629783203125000000e+03 4.154216766357421875e+00 0.000000000000000000e+00
8.631772460937500000e+03 4.158056735992431641e+00 0.000000000000000000e+00
8.633758789062500000e+03 3.764470100402832031e+00 0.000000000000000000e+00
8.635750000000000000e+03 3.540510892868041992e+00 0.000000000000000000e+00
8.637736328125000000e+03 3.703348636627197266e+00 0.000000000000000000e+00
8.639728515625000000e+03 3.756160736083984375e+00 0.000000000000000000e+00
8.641715820312500000e+03 3.252554416656494141e+00 0.000000000000000000e+00
8.643704101562500000e+03 3.917195320129394531e+00 0.000000000000000000e+00
8.645697265625000000e+03 3.470983982086181641e+00 0.000000000000000000e+00
8.647685546875000000e+03 3.534548282623291016e+00 0.000000000000000000e+00
8.649679687500000000e+03 4.016734600067138672e+00 0.000000000000000000e+00
8.651669921875000000e+03 3.621415853500366211e+00 0.000000000000000000e+00
8.653665039062500000e+03 3.864095449447631836e+00 0.000000000000000000e+00
8.655655273437500000e+03 3.750346660614013672e+00 0.000000000000000000e+00
8.657646484375000000e+03 3.765040636062622070e+00 0.000000000000000000e+00
8.659643554687500000e+03 3.786168098449707031e+00 0.000000000000000000e+00
8.661635742187500000e+03 3.600206613540649414e+00 0.000000000000000000e+00
8.663632812500000000e+03 3.476362466812133789e+00 0.000000000000000000e+00
8.665625976562500000e+03 4.031455993652343750e+00 0.000000000000000000e+00
8.667624023437500000e+03 4.542821884155273438e+00 0.000000000000000000e+00
8.669618164062500000e+03 4.189070701599121094e+00 0.000000000000000000e+00
8.671612304687500000e+03 3.680583238601684570e+00 0.000000000000000000e+00
8.673612304687500000e+03 3.964813232421875000e+00 0.000000000000000000e+00
8.675607421875000000e+03 4.555824279785156250e+00 0.000000000000000000e+00
8.677608398437500000e+03 3.530212163925170898e+00 0.000000000000000000e+00
8.679604492187500000e+03 3.742276668548583984e+00 0.000000000000000000e+00
8.681605468750000000e+03 3.840395450592041016e+00 0.000000000000000000e+00
8.683602539062500000e+03 3.688072443008422852e+00 0.000000000000000000e+00
8.685600585937500000e+03 3.740339756011962891e+00 0.000000000000000000e+00
8.687603515625000000e+03 3.935128211975097656e+00 0.000000000000000000e+00
8.689602539062500000e+03 3.664699316024780273e+00 0.000000000000000000e+00
8.691605468750000000e+03 3.956636905670166016e+00 0.000000000000000000e+00
8.693605468750000000e+03 3.822823286056518555e+00 0.000000000000000000e+00
8.695610351562500000e+03 3.696837425231933594e+00 0.000000000000000000e+00
8.697610351562500000e+03 3.800097465515136719e+00 0.000000000000000000e+00
8.699616210937500000e+03 3.838652133941650391e+00 0.000000000000000000e+00
8.701617187500000000e+03 3.896833658218383789e+00 0.000000000000000000e+00
8.703619140625000000e+03 3.744232892990112305e+00 0.000000000000000000e+00
8.705625976562500000e+03 3.323853969573974609e+00 0.000000000000000000e+00
8.707628906250000000e+03 3.645117998123168945e+00 0.000000000000000000e+00
8.709636718750000000e+03 4.165575504302978516e+00 0.000000000000000000e+00
8.711640625000000000e+03 3.721557855606079102e+00 0.000000000000000000e+00
8.713649414062500000e+03 3.355875492095947266e+00 0.000000000000000000e+00
8.715654296875000000e+03 3.641361951828002930e+00 0.000000000000000000e+00
8.717659179687500000e+03 3.866271972656250000e+00 0.000000000000000000e+00
8.719669921875000000e+03 3.793390035629272461e+00 0.000000000000000000e+00
8.721675781250000000e+03 3.656485557556152344e+00 0.000000000000000000e+00
8.723686523437500000e+03 3.687631607055664062e+00 0.000000000000000000e+00
8.725693359375000000e+03 3.754807710647583008e+00 0.000000000000000000e+00
8.727706054687500000e+03 3.997060775756835938e+00 0.000000000000000000e+00
8.729712890625000000e+03 3.790283918380737305e+00 0.000000000000000000e+00
8.731721679687500000e+03 3.735473871231079102e+00 0.000000000000000000e+00
8.733735351562500000e+03 3.866805553436279297e+00 0.000000000000000000e+00
8.735744140625000000e+03 3.748291730880737305e+00 0.000000000000000000e+00
8.737758789062500000e+03 3.813531160354614258e+00 0.000000000000000000e+00
8.739768554687500000e+03 3.952485084533691406e+00 0.000000000000000000e+00
8.741784179687500000e+03 4.158519268035888672e+00 0.000000000000000000e+00
8.743794921875000000e+03 4.140438079833984375e+00 0.000000000000000000e+00
8.745806640625000000e+03 3.919351339340209961e+00 0.000000000000000000e+00
8.747823242187500000e+03 3.788856983184814453e+00 0.000000000000000000e+00
8.749835937500000000e+03 3.760830163955688477e+00 0.000000000000000000e+00
8.751853515625000000e+03 3.608712196350097656e+00 0.000000000000000000e+00
8.753867187500000000e+03 3.858556509017944336e+00 0.000000000000000000e+00
8.755885742187500000e+03 3.817993164062500000e+00 0.000000000000000000e+00
8.757900390625000000e+03 3.631979942321777344e+00 0.000000000000000000e+00
8.759915039062500000e+03 3.626345396041870117e+00 0.000000000000000000e+00
8.761934570312500000e+03 2.709960937500000000e+00 0.000000000000000000e+00
8.763950195312500000e+03 3.189693212509155273e+00 0.000000000000000000e+00
8.765971679687500000e+03 4.345711231231689453e+00 0.000000000000000000e+00
8.767988281250000000e+03 4.596624851226806641e+00 0.000000000000000000e+00
8.770009765625000000e+03 4.033421516418457031e+00 0.000000000000000000e+00
8.772027343750000000e+03 3.983567476272583008e+00 0.000000000000000000e+00
8.774044921875000000e+03 4.653091430664062500e+00 0.000000000000000000e+00
8.776068359375000000e+03 4.656940937042236328e+00 0.000000000000000000e+00
8.778087890625000000e+03 4.125045776367187500e+00 0.000000000000000000e+00
8.780111328125000000e+03 4.031951904296875000e+00 0.000000000000000000e+00
8.782131835937500000e+03 4.390264511108398438e+00 0.000000000000000000e+00
8.784156250000000000e+03 4.484928607940673828e+00 0.000000000000000000e+00
8.786177734375000000e+03 4.333486557006835938e+00 0.000000000000000000e+00
8.788199218750000000e+03 4.172726631164550781e+00 0.000000000000000000e+00
8.790225585937500000e+03 4.608603954315185547e+00 0.000000000000000000e+00
8.792247070312500000e+03 4.715609550476074219e+00 0.000000000000000000e+00
8.794275390625000000e+03 4.324377059936523438e+00 0.000000000000000000e+00
8.796297851562500000e+03 4.181932449340820312e+00 0.000000000000000000e+00
8.798326171875000000e+03 4.333089828491210938e+00 0.000000000000000000e+00
8.800350585937500000e+03 4.453204154968261719e+00 0.000000000000000000e+00
8.802375000000000000e+03 4.248575687408447266e+00 0.000000000000000000e+00
8.804405273437500000e+03 4.304728984832763672e+00 0.000000000000000000e+00
8.806430664062500000e+03 4.588822841644287109e+00 0.000000000000000000e+00
8.808460937500000000e+03 4.539711952209472656e+00 0.000000000000000000e+00
8.810487304687500000e+03 4.317272663116455078e+00 0.000000000000000000e+00
8.812519531250000000e+03 4.127664566040039062e+00 0.000000000000000000e+00
8.814545898437500000e+03 4.237836837768554688e+00 0.000000000000000000e+00
8.816574218750000000e+03 4.590012550354003906e+00 0.000000000000000000e+00
8.818607421875000000e+03 4.855969905853271484e+00 0.000000000000000000e+00
8.820635742187500000e+03 4.683876037597656250e+00 0.000000000000000000e+00
8.822669921875000000e+03 4.205122947692871094e+00 0.000000000000000000e+00
8.824699218750000000e+03 4.391067981719970703e+00 0.000000000000000000e+00
8.826734375000000000e+03 3.374740839004516602e+00 0.000000000000000000e+00
8.828764648437500000e+03 5.325827598571777344e+00 0.000000000000000000e+00
8.830795898437500000e+03 8.054280281066894531e+00 0.000000000000000000e+00
8.832833007812500000e+03 6.245487213134765625e+00 0.000000000000000000e+00
8.834864257812500000e+03 4.862959384918212891e+00 0.000000000000000000e+00
8.836901367187500000e+03 4.744885444641113281e+00 0.000000000000000000e+00
8.838934570312500000e+03 5.059102535247802734e+00 0.000000000000000000e+00
8.840972656250000000e+03 5.148941516876220703e+00 0.000000000000000000e+00
8.843006835937500000e+03 4.819427013397216797e+00 0.000000000000000000e+00
8.845041015625000000e+03 4.445151329040527344e+00 0.000000000000000000e+00
8.847081054687500000e+03 4.710449695587158203e+00 0.000000000000000000e+00
8.849116210937500000e+03 4.570269584655761719e+00 0.000000000000000000e+00
8.851156250000000000e+03 4.764804840087890625e+00 0.000000000000000000e+00
8.853192382812500000e+03 4.902534961700439453e+00 0.000000000000000000e+00
8.855234375000000000e+03 4.614056110382080078e+00 0.000000000000000000e+00
8.857271484375000000e+03 4.180660724639892578e+00 0.000000000000000000e+00
8.859314453125000000e+03 4.099387168884277344e+00 0.000000000000000000e+00
8.861351562500000000e+03 4.396508693695068359e+00 0.000000000000000000e+00
8.863390625000000000e+03 4.421837806701660156e+00 0.000000000000000000e+00
8.865434570312500000e+03 4.245196819305419922e+00 0.000000000000000000e+00
8.867473632812500000e+03 4.406013011932373047e+00 0.000000000000000000e+00
8.869518554687500000e+03 4.875131607055664062e+00 0.000000000000000000e+00
8.871559570312500000e+03 4.472983360290527344e+00 0.000000000000000000e+00
8.873604492187500000e+03 4.344452857971191406e+00 0.000000000000000000e+00
8.875646484375000000e+03 4.245419979095458984e+00 0.000000000000000000e+00
8.877688476562500000e+03 4.410620212554931641e+00 0.000000000000000000e+00
8.879735351562500000e+03 4.512607097625732422e+00 0.000000000000000000e+00
8.881778320312500000e+03 4.238078117370605469e+00 0.000000000000000000e+00
8.883826171875000000e+03 4.643744468688964844e+00 0.000000000000000000e+00
8.885870117187500000e+03 4.552038192749023438e+00 0.000000000000000000e+00
8.887918945312500000e+03 4.372776508331298828e+00 0.000000000000000000e+00
8.889963867187500000e+03 4.516803264617919922e+00 0.000000000000000000e+00
8.892008789062500000e+03 4.584808349609375000e+00 0.000000000000000000e+00
8.894059570312500000e+03 4.124686717987060547e+00 0.000000000000000000e+00
8.896105468750000000e+03 3.904903650283813477e+00 0.000000000000000000e+00
8.898156250000000000e+03 3.931382656097412109e+00 0.000000000000000000e+00
8.900204101562500000e+03 4.446214199066162109e+00 0.000000000000000000e+00
8.902255859375000000e+03 4.479981899261474609e+00 0.000000000000000000e+00
8.904303710937500000e+03 3.915230035781860352e+00 0.000000000000000000e+00
8.906352539062500000e+03 3.698938369750976562e+00 0.000000000000000000e+00
8.908406250000000000e+03 4.090644359588623047e+00 0.000000000000000000e+00
8.910456054687500000e+03 4.066646099090576172e+00 0.000000000000000000e+00
8.912510742187500000e+03 3.913834333419799805e+00 0.000000000000000000e+00
8.914560546875000000e+03 3.369459629058837891e+00 0.000000000000000000e+00
8.916616210937500000e+03 3.982080936431884766e+00 0.000000000000000000e+00
8.918667968750000000e+03 5.966561794281005859e+00 0.000000000000000000e+00
8.920719726562500000e+03 3.854512453079223633e+00 0.000000000000000000e+00
8.922776367187500000e+03 2.439438343048095703e+00 0.000000000000000000e+00
8.924829101562500000e+03 3.305484771728515625e+00 0.000000000000000000e+00
8.926886718750000000e+03 4.295875549316406250e+00 0.000000000000000000e+00
8.928940429687500000e+03 4.232767581939697266e+00 0.000000000000000000e+00
8.931000000000000000e+03 3.965334653854370117e+00 0.000000000000000000e+00
8.933054687500000000e+03 4.133803844451904297e+00 0.000000000000000000e+00
8.935109375000000000e+03 4.079455852508544922e+00 0.000000000000000000e+00
8.937169921875000000e+03 3.728370189666748047e+00 0.000000000000000000e+00
8.939225585937500000e+03 3.644532680511474609e+00 0.000000000000000000e+00
8.941287109375000000e+03 4.166414260864257812e+00 0.000000000000000000e+00
8.943343750000000000e+03 4.455025672912597656e+00 0.000000000000000000e+00
8.945406250000000000e+03 2.956863641738891602e+00 0.000000000000000000e+00
8.947463867187500000e+03 3.318513393402099609e+00 0.000000000000000000e+00
8.949522460937500000e+03 3.725783586502075195e+00 0.000000000000000000e+00
8.951585937500000000e+03 3.782783508300781250e+00 0.000000000000000000e+00
8.953645507812500000e+03 3.754228353500366211e+00 0.000000000000000000e+00
8.955709960937500000e+03 3.985437870025634766e+00 0.000000000000000000e+00
8.957770507812500000e+03 4.886852741241455078e+00 0.000000000000000000e+00
8.959835937500000000e+03 3.363356828689575195e+00 0.000000000000000000e+00
8.961897460937500000e+03 3.806354522705078125e+00 0.000000000000000000e+00
8.963958984375000000e+03 4.454540252685546875e+00 0.000000000000000000e+00
8.966026367187500000e+03 3.868322610855102539e+00 0.000000000000000000e+00
8.968088867187500000e+03 3.485401630401611328e+00 0.000000000000000000e+00
8.970157226562500000e+03 3.875408172607421875e+00 0.000000000000000000e+00
8.972220703125000000e+03 4.095992088317871094e+00 0.000000000000000000e+00
8.974289062500000000e+03 3.479750871658325195e+00 0.000000000000000000e+00
8.976353515625000000e+03 3.225616931915283203e+00 0.000000000000000000e+00
8.978418945312500000e+03 3.644958257675170898e+00 0.000000000000000000e+00
8.980489257812500000e+03 3.757332563400268555e+00 0.000000000000000000e+00
8.982555664062500000e+03 3.425996541976928711e+00 0.000000000000000000e+00
8.984626953125000000e+03 3.786066293716430664e+00 0.000000000000000000e+00
8.986693359375000000e+03 3.748722791671752930e+00 0.000000000000000000e+00
8.988765625000000000e+03 3.232898950576782227e+00 0.000000000000000000e+00
8.990833984375000000e+03 3.053468942642211914e+00 0.000000000000000000e+00
8.992902343750000000e+03 3.690938234329223633e+00 0.000000000000000000e+00
8.994975585937500000e+03 4.097711086273193359e+00 0.000000000000000000e+00
8.997044921875000000e+03 3.834933996200561523e+00 0.000000000000000000e+00
8.999120117187500000e+03 4.192078113555908203e+00 0.000000000000000000e+00
9.001190429687500000e+03 3.728453636169433594e+00 0.000000000000000000e+00
9.003265625000000000e+03 2.767904758453369141e+00 0.000000000000000000e+00
9.005336914062500000e+03 3.188060045242309570e+00 0.000000000000000000e+00
9.007408203125000000e+03 3.686243057250976562e+00 0.000000000000000000e+00
9.009485351562500000e+03 3.424891948699951172e+00 0.000000000000000000e+00
9.011558593750000000e+03 3.307491302490234375e+00 0.000000000000000000e+00
9.013635742187500000e+03 3.367368221282958984e+00 0.000000000000000000e+00
9.015709960937500000e+03 3.367468595504760742e+00 0.000000000000000000e+00
9.017789062500000000e+03 3.247972726821899414e+00 0.000000000000000000e+00
9.019863281250000000e+03 3.022897243499755859e+00 0.000000000000000000e+00
9.021943359375000000e+03 3.195503234863281250e+00 0.000000000000000000e+00
9.024018554687500000e+03 3.068311929702758789e+00 0.000000000000000000e+00
9.026094726562500000e+03 3.045775651931762695e+00 0.000000000000000000e+00
9.028175781250000000e+03 3.274633646011352539e+00 0.000000000000000000e+00
9.030252929687500000e+03 3.243819952011108398e+00 0.000000000000000000e+00
9.032334960937500000e+03 2.909688472747802734e+00 0.000000000000000000e+00
9.034413085937500000e+03 3.116696596145629883e+00 0.000000000000000000e+00
9.036497070312500000e+03 3.642309188842773438e+00 0.000000000000000000e+00
9.038575195312500000e+03 3.732175350189208984e+00 0.000000000000000000e+00
9.040654296875000000e+03 3.526157379150390625e+00 0.000000000000000000e+00
9.042739257812500000e+03 3.580089092254638672e+00 0.000000000000000000e+00
9.044819335937500000e+03 3.271194696426391602e+00 0.000000000000000000e+00
9.046905273437500000e+03 3.299792051315307617e+00 0.000000000000000000e+00
9.048986328125000000e+03 3.549335241317749023e+00 0.000000000000000000e+00
9.051073242187500000e+03 3.530180692672729492e+00 0.000000000000000000e+00
9.053155273437500000e+03 3.389024972915649414e+00 0.000000000000000000e+00
9.055238281250000000e+03 3.539400100708007812e+00 0.000000000000000000e+00
9.057326171875000000e+03 3.495628833770751953e+00 0.000000000000000000e+00
9.059410156250000000e+03 3.713649272918701172e+00 0.000000000000000000e+00
9.061499023437500000e+03 3.574244022369384766e+00 0.000000000000000000e+00
9.063583984375000000e+03 3.676509141921997070e+00 0.000000000000000000e+00
9.065673828125000000e+03 3.739044189453125000e+00 0.000000000000000000e+00
9.067758789062500000e+03 3.037412166595458984e+00 0.000000000000000000e+00
9.069845703125000000e+03 2.986367225646972656e+00 0.000000000000000000e+00
9.071936523437500000e+03 3.131612300872802734e+00 0.000000000000000000e+00
9.074023437500000000e+03 3.336745500564575195e+00 0.000000000000000000e+00
9.076116210937500000e+03 3.216370344161987305e+00 0.000000000000000000e+00
9.078204101562500000e+03 2.982368946075439453e+00 0.000000000000000000e+00
9.080297851562500000e+03 3.186198711395263672e+00 0.000000000000000000e+00
9.082386718750000000e+03 3.422131538391113281e+00 0.000000000000000000e+00
9.084475585937500000e+03 3.450042009353637695e+00 0.000000000000000000e+00
9.086570312500000000e+03 3.347228050231933594e+00 0.000000000000000000e+00
9.088661132812500000e+03 3.303503036499023438e+00 0.000000000000000000e+00
9.090756835937500000e+03 3.531156301498413086e+00 0.000000000000000000e+00
9.092848632812500000e+03 3.822685956954956055e+00 0.000000000000000000e+00
9.094945312500000000e+03 3.329341888427734375e+00 0.000000000000000000e+00
9.097037109375000000e+03 3.260967016220092773e+00 0.000000000000000000e+00
9.099129882812500000e+03 3.143376827239990234e+00 0.000000000000000000e+00
9.101228515625000000e+03 3.146255970001220703e+00 0.000000000000000000e+00
9.103322265625000000e+03 3.397371053695678711e+00 0.000000000000000000e+00
9.105420898437500000e+03 3.593102693557739258e+00 0.000000000000000000e+00
9.107515625000000000e+03 3.521331787109375000e+00 0.000000000000000000e+00
9.109616210937500000e+03 3.200039863586425781e+00 0.000000000000000000e+00
9.111711914062500000e+03 2.944100141525268555e+00 0.000000000000000000e+00
9.113807617187500000e+03 3.140724420547485352e+00 0.000000000000000000e+00
9.115909179687500000e+03 3.292753696441650391e+00 0.000000000000000000e+00
9.118006835937500000e+03 2.834631443023681641e+00 0.000000000000000000e+00
9.120109375000000000e+03 2.939319372177124023e+00 0.000000000000000000e+00
9.122207031250000000e+03 2.834870338439941406e+00 0.000000000000000000e+00
9.124310546875000000e+03 2.990034580230712891e+00 0.000000000000000000e+00
9.126410156250000000e+03 3.069606304168701172e+00 0.000000000000000000e+00
9.128509765625000000e+03 2.977448940277099609e+00 0.000000000000000000e+00
9.130614257812500000e+03 3.121192693710327148e+00 0.000000000000000000e+00
9.132714843750000000e+03 3.363830327987670898e+00 0.000000000000000000e+00
9.134821289062500000e+03 3.233941555023193359e+00 0.000000000000000000e+00
9.136921875000000000e+03 3.253934383392333984e+00 0.000000000000000000e+00
9.139029296875000000e+03 3.181292772293090820e+00 0.000000000000000000e+00
9.141131835937500000e+03 3.012697935104370117e+00 0.000000000000000000e+00
9.143234375000000000e+03 3.078690528869628906e+00 0.000000000000000000e+00
9.145342773437500000e+03 3.036303043365478516e+00 0.000000000000000000e+00
9.147447265625000000e+03 3.193340301513671875e+00 0.000000000000000000e+00
9.149556640625000000e+03 2.925947904586791992e+00 0.000000000000000000e+00
9.151661132812500000e+03 2.800606727600097656e+00 0.000000000000000000e+00
9.153771484375000000e+03 3.069231033325195312e+00 0.000000000000000000e+00
9.155876953125000000e+03 3.196183443069458008e+00 0.000000000000000000e+00
9.157983398437500000e+03 3.138792037963867188e+00 0.000000000000000000e+00
9.160095703125000000e+03 3.708569765090942383e+00 0.000000000000000000e+00
9.162203125000000000e+03 2.953443288803100586e+00 0.000000000000000000e+00
9.164315429687500000e+03 2.652289152145385742e+00 0.000000000000000000e+00
9.166423828125000000e+03 3.096581697463989258e+00 0.000000000000000000e+00
9.168537109375000000e+03 2.713921785354614258e+00 0.000000000000000000e+00
9.170646484375000000e+03 3.181881189346313477e+00 0.000000000000000000e+00
9.172761718750000000e+03 3.152267694473266602e+00 0.000000000000000000e+00
9.174871093750000000e+03 2.951273202896118164e+00 0.000000000000000000e+00
9.176982421875000000e+03 2.768850564956665039e+00 0.000000000000000000e+00
9.179098632812500000e+03 2.844538688659667969e+00 0.000000000000000000e+00
9.181209960937500000e+03 3.247027397155761719e+00 0.000000000000000000e+00
9.183327148437500000e+03 3.147684812545776367e+00 0.000000000000000000e+00
9.185439453125000000e+03 3.062640666961669922e+00 0.000000000000000000e+00
9.187557617187500000e+03 3.025017976760864258e+00 0.000000000000000000e+00
9.189671875000000000e+03 3.065887928009033203e+00 0.000000000000000000e+00
9.191785156250000000e+03 3.113398075103759766e+00 0.000000000000000000e+00
9.193905273437500000e+03 3.033646345138549805e+00 0.000000000000000000e+00
9.196020507812500000e+03 2.989008188247680664e+00 0.000000000000000000e+00
9.198140625000000000e+03 3.311851263046264648e+00 0.000000000000000000e+00
9.200256835937500000e+03 2.963530302047729492e+00 0.000000000000000000e+00
9.202378906250000000e+03 2.789683580398559570e+00 0.000000000000000000e+00
9.204495117187500000e+03 2.911414623260498047e+00 0.000000000000000000e+00
9.206613281250000000e+03 2.620517015457153320e+00 0.000000000000000000e+00
9.208736328125000000e+03 3.080373048782348633e+00 0.000000000000000000e+00
9.210854492187500000e+03 3.204961776733398438e+00 0.000000000000000000e+00
9.212978515625000000e+03 3.264989614486694336e+00 0.000000000000000000e+00
9.215097656250000000e+03 3.262893676757812500e+00 0.000000000000000000e+00
9.217222656250000000e+03 3.176708698272705078e+00 0.000000000000000000e+00
9.219342773437500000e+03 3.184776306152343750e+00 0.000000000000000000e+00
9.221463867187500000e+03 3.331446170806884766e+00 0.000000000000000000e+00
9.223590820312500000e+03 3.400136947631835938e+00 0.000000000000000000e+00
9.225712890625000000e+03 3.332959413528442383e+00 0.000000000000000000e+00
9.227839843750000000e+03 3.341213941574096680e+00 0.000000000000000000e+00
9.229962890625000000e+03 3.382393836975097656e+00 0.000000000000000000e+00
9.232090820312500000e+03 3.185942173004150391e+00 0.000000000000000000e+00
9.234214843750000000e+03 2.910532236099243164e+00 0.000000000000000000e+00
9.236338867187500000e+03 2.914951086044311523e+00 0.000000000000000000e+00
9.238468750000000000e+03 3.051117420196533203e+00 0.000000000000000000e+00
9.240594726562500000e+03 3.196258068084716797e+00 0.000000000000000000e+00
9.242725585937500000e+03 3.276669502258300781e+00 0.000000000000000000e+00
9.244851562500000000e+03 3.286746263504028320e+00 0.000000000000000000e+00
9.246983398437500000e+03 3.359152078628540039e+00 0.000000000000000000e+00
9.249110351562500000e+03 3.265902996063232422e+00 0.000000000000000000e+00
9.251238281250000000e+03 2.781315326690673828e+00 0.000000000000000000e+00
9.253372070312500000e+03 2.837262153625488281e+00 0.000000000000000000e+00
9.255500976562500000e+03 3.339344501495361328e+00 0.000000000000000000e+00
9.257634765625000000e+03 3.219033956527709961e+00 0.000000000000000000e+00
9.259764648437500000e+03 3.094487667083740234e+00 0.000000000000000000e+00
9.261899414062500000e+03 3.261853218078613281e+00 0.000000000000000000e+00
9.264030273437500000e+03 3.015188932418823242e+00 0.000000000000000000e+00
9.266162109375000000e+03 2.870526790618896484e+00 0.000000000000000000e+00
9.268298828125000000e+03 3.142725229263305664e+00 0.000000000000000000e+00
9.270430664062500000e+03 3.257589340209960938e+00 0.000000000000000000e+00
9.272568359375000000e+03 2.838038682937622070e+00 0.000000000000000000e+00
9.274701171875000000e+03 2.759498119354248047e+00 0.000000000000000000e+00
9.276839843750000000e+03 3.172360420227050781e+00 0.000000000000000000e+00
9.278974609375000000e+03 3.176817178726196289e+00 0.000000000000000000e+00
9.281109375000000000e+03 2.858364820480346680e+00 0.000000000000000000e+00
9.283249023437500000e+03 3.118593692779541016e+00 0.000000000000000000e+00
9.285384765625000000e+03 3.189656972885131836e+00 0.000000000000000000e+00
9.287526367187500000e+03 2.861547470092773438e+00 0.000000000000000000e+00
9.289662109375000000e+03 2.699109554290771484e+00 0.000000000000000000e+00
9.291804687500000000e+03 2.889223814010620117e+00 0.000000000000000000e+00
9.293942382812500000e+03 3.077414274215698242e+00 0.000000000000000000e+00
9.296080078125000000e+03 2.915137767791748047e+00 0.000000000000000000e+00
9.298223632812500000e+03 2.928059101104736328e+00 0.000000000000000000e+00
9.300363281250000000e+03 3.261278152465820312e+00 0.000000000000000000e+00
9.302507812500000000e+03 3.021709918975830078e+00 0.000000000000000000e+00
9.304647460937500000e+03 3.436861753463745117e+00 0.000000000000000000e+00
9.306792968750000000e+03 3.551292419433593750e+00 0.000000000000000000e+00
9.308934570312500000e+03 2.111582279205322266e+00 0.000000000000000000e+00
9.311076171875000000e+03 4.266898155212402344e+00 0.000000000000000000e+00
9.313222656250000000e+03 3.601504802703857422e+00 0.000000000000000000e+00
9.315365234375000000e+03 1.993132114410400391e+00 0.000000000000000000e+00
9.317513671875000000e+03 2.798259973526000977e+00 0.000000000000000000e+00
9.319657226562500000e+03 4.519474983215332031e+00 0.000000000000000000e+00
9.321805664062500000e+03 3.529279232025146484e+00 0.000000000000000000e+00
9.323950195312500000e+03 3.555554389953613281e+00 0.000000000000000000e+00
9.326095703125000000e+03 3.966357707977294922e+00 0.000000000000000000e+00
9.328246093750000000e+03 4.312914371490478516e+00 0.000000000000000000e+00
9.330391601562500000e+03 3.979969263076782227e+00 0.000000000000000000e+00
9.332543945312500000e+03 3.260495662689208984e+00 0.000000000000000000e+00
9.334690429687500000e+03 3.024712324142456055e+00 0.000000000000000000e+00
9.336842773437500000e+03 2.792187213897705078e+00 0.000000000000000000e+00
9.338991210937500000e+03 3.005108118057250977e+00 0.000000000000000000e+00
9.341144531250000000e+03 3.016874313354492188e+00 0.000000000000000000e+00
9.343293945312500000e+03 3.457340002059936523e+00 0.000000000000000000e+00
9.345443359375000000e+03 3.748893260955810547e+00 0.000000000000000000e+00
9.347597656250000000e+03 2.799286842346191406e+00 0.000000000000000000e+00
9.349748046875000000e+03 3.059261798858642578e+00 0.000000000000000000e+00
9.351904296875000000e+03 2.900185108184814453e+00 0.000000000000000000e+00
9.354055664062500000e+03 2.855016469955444336e+00 0.000000000000000000e+00
9.356212890625000000e+03 3.058927059173583984e+00 0.000000000000000000e+00
9.358365234375000000e+03 3.024900913238525391e+00 0.000000000000000000e+00
9.360518554687500000e+03 2.695408821105957031e+00 0.000000000000000000e+00
9.362676757812500000e+03 3.278437614440917969e+00 0.000000000000000000e+00
9.364830078125000000e+03 2.887822866439819336e+00 0.000000000000000000e+00
9.366990234375000000e+03 3.098380088806152344e+00 0.000000000000000000e+00
9.369144531250000000e+03 3.699038028717041016e+00 0.000000000000000000e+00
9.371305664062500000e+03 3.908641815185546875e+00 0.000000000000000000e+00
9.373460937500000000e+03 4.431452274322509766e+00 0.000000000000000000e+00
9.375617187500000000e+03 7.352603912353515625e+00 0.000000000000000000e+00
9.377779296875000000e+03 8.804895401000976562e+00 0.000000000000000000e+00
9.379936523437500000e+03 1.025718784332275391e+01 0.000000000000000000e+00
9.382099609375000000e+03 7.297906875610351562e+00 0.000000000000000000e+00
9.384257812500000000e+03 2.834493637084960938e+00 0.000000000000000000e+00
9.386421875000000000e+03 2.237903833389282227e+00 0.000000000000000000e+00
9.388582031250000000e+03 2.619028329849243164e+00 0.000000000000000000e+00
9.390741210937500000e+03 3.234807014465332031e+00 0.000000000000000000e+00
9.392907226562500000e+03 3.462638616561889648e+00 0.000000000000000000e+00
9.395067382812500000e+03 3.029028177261352539e+00 0.000000000000000000e+00
9.397234375000000000e+03 2.708208322525024414e+00 0.000000000000000000e+00
9.399396484375000000e+03 3.184824466705322266e+00 0.000000000000000000e+00
9.401563476562500000e+03 2.691233396530151367e+00 0.000000000000000000e+00
9.403726562500000000e+03 2.739403724670410156e+00 0.000000000000000000e+00
9.405889648437500000e+03 2.873989820480346680e+00 0.000000000000000000e+00
9.408058593750000000e+03 3.156550407409667969e+00 0.000000000000000000e+00
9.410222656250000000e+03 3.320465087890625000e+00 0.000000000000000000e+00
9.412392578125000000e+03 2.894865989685058594e+00 0.000000000000000000e+00
9.414558593750000000e+03 3.080280065536499023e+00 0.000000000000000000e+00
9.416729492187500000e+03 3.768343210220336914e+00 0.000000000000000000e+00
9.418895507812500000e+03 3.264003276824951172e+00 0.000000000000000000e+00
9.421062500000000000e+03 2.967067480087280273e+00 0.000000000000000000e+00
9.423234375000000000e+03 3.702500104904174805e+00 0.000000000000000000e+00
9.425402343750000000e+03 4.086857795715332031e+00 0.000000000000000000e+00
9.427576171875000000e+03 3.493707895278930664e+00 0.000000000000000000e+00
9.429745117187500000e+03 2.573770284652709961e+00 0.000000000000000000e+00
9.431918945312500000e+03 3.313044548034667969e+00 0.000000000000000000e+00
9.434088867187500000e+03 2.933180570602416992e+00 0.000000000000000000e+00
9.436259765625000000e+03 2.478440523147583008e+00 0.000000000000000000e+00
9.438435546875000000e+03 5.417090415954589844e+00 0.000000000000000000e+00
9.440606445312500000e+03 4.297844409942626953e+00 0.000000000000000000e+00
9.442783203125000000e+03 2.539650201797485352e+00 0.000000000000000000e+00
9.444956054687500000e+03 3.146203041076660156e+00 0.000000000000000000e+00
9.447133789062500000e+03 3.639100790023803711e+00 0.000000000000000000e+00
9.449307617187500000e+03 2.616369724273681641e+00 0.000000000000000000e+00
9.451481445312500000e+03 2.048568725585937500e+00 0.000000000000000000e+00
9.453660156250000000e+03 2.255647420883178711e+00 0.000000000000000000e+00
9.455834960937500000e+03 3.342753410339355469e+00 0.000000000000000000e+00
9.458015625000000000e+03 4.357385635375976562e+00 0.000000000000000000e+00
9.460191406250000000e+03 3.137019634246826172e+00 0.000000000000000000e+00
9.462373046875000000e+03 1.685780882835388184e+00 0.000000000000000000e+00
9.464549804687500000e+03 3.518069982528686523e+00 0.000000000000000000e+00
9.466727539062500000e+03 2.874501466751098633e+00 0.000000000000000000e+00
9.468910156250000000e+03 3.028481483459472656e+00 0.000000000000000000e+00
9.471088867187500000e+03 3.051950454711914062e+00 0.000000000000000000e+00
9.473272460937500000e+03 2.897669553756713867e+00 0.000000000000000000e+00
9.475452148437500000e+03 3.682062387466430664e+00 0.000000000000000000e+00
9.477636718750000000e+03 5.220888137817382812e+00 0.000000000000000000e+00
9.479817382812500000e+03 3.938354730606079102e+00 0.000000000000000000e+00
9.481998046875000000e+03 3.379930019378662109e+00 0.000000000000000000e+00
9.484184570312500000e+03 2.821505308151245117e+00 0.000000000000000000e+00
9.486366210937500000e+03 2.972477436065673828e+00 0.000000000000000000e+00
9.488553710937500000e+03 3.071182727813720703e+00 0.000000000000000000e+00
9.490736328125000000e+03 3.125699043273925781e+00 0.000000000000000000e+00
9.492925781250000000e+03 2.364898443222045898e+00 0.000000000000000000e+00
9.495109375000000000e+03 2.554594278335571289e+00 0.000000000000000000e+00
9.497293945312500000e+03 2.531837701797485352e+00 0.000000000000000000e+00
9.499483398437500000e+03 2.701405763626098633e+00 0.000000000000000000e+00
9.501668945312500000e+03 3.634682893753051758e+00 0.000000000000000000e+00
9.503860351562500000e+03 4.129474163055419922e+00 0.000000000000000000e+00
9.506045898437500000e+03 2.138728141784667969e+00 0.000000000000000000e+00
9.508238281250000000e+03 2.636909008026123047e+00 0.000000000000000000e+00
9.510425781250000000e+03 2.905642747879028320e+00 0.000000000000000000e+00
9.512619140625000000e+03 2.544608592987060547e+00 0.000000000000000000e+00
9.514807617187500000e+03 2.563626289367675781e+00 0.000000000000000000e+00
9.516996093750000000e+03 3.018962621688842773e+00 0.000000000000000000e+00
9.519190429687500000e+03 2.955683469772338867e+00 0.000000000000000000e+00
9.521380859375000000e+03 1.343611955642700195e+00 0.000000000000000000e+00
9.523576171875000000e+03 2.553954124450683594e+00 0.000000000000000000e+00
9.525766601562500000e+03 3.831588029861450195e+00 0.000000000000000000e+00
9.527963867187500000e+03 2.948357582092285156e+00 0.000000000000000000e+00
9.530155273437500000e+03 2.355139970779418945e+00 0.000000000000000000e+00
9.532347656250000000e+03 2.672771930694580078e+00 0.000000000000000000e+00
9.534545898437500000e+03 2.926348447799682617e+00 0.000000000000000000e+00
9.536739257812500000e+03 2.704287767410278320e+00 0.000000000000000000e+00
9.538938476562500000e+03 2.560663223266601562e+00 0.000000000000000000e+00
9.541132812500000000e+03 2.671612977981567383e+00 0.000000000000000000e+00
9.543333007812500000e+03 2.638012647628784180e+00 0.000000000000000000e+00
9.545528320312500000e+03 2.848267316818237305e+00 0.000000000000000000e+00
9.547724609375000000e+03 2.830074787139892578e+00 0.000000000000000000e+00
9.549926757812500000e+03 2.937909364700317383e+00 0.000000000000000000e+00
9.552123046875000000e+03 3.777480602264404297e+00 0.000000000000000000e+00
9.554326171875000000e+03 3.999867200851440430e+00 0.000000000000000000e+00
9.556523437500000000e+03 2.198576688766479492e+00 0.000000000000000000e+00
9.558727539062500000e+03 2.627820491790771484e+00 0.000000000000000000e+00
9.560926757812500000e+03 3.215130090713500977e+00 0.000000000000000000e+00
9.563125976562500000e+03 2.678118705749511719e+00 0.000000000000000000e+00
9.565331054687500000e+03 4.553102016448974609e+00 0.000000000000000000e+00
9.567532226562500000e+03 5.711919307708740234e+00 0.000000000000000000e+00
9.569738281250000000e+03 3.124413490295410156e-01 0.000000000000000000e+00
9.571939453125000000e+03 1.952992320060729980e+00 0.000000000000000000e+00
9.574146484375000000e+03 3.311173915863037109e+00 0.000000000000000000e+00
9.576349609375000000e+03 3.190256357192993164e+00 0.000000000000000000e+00
9.578552734375000000e+03 2.826608896255493164e+00 0.000000000000000000e+00
9.580760742187500000e+03 2.586962938308715820e+00 0.000000000000000000e+00
9.582964843750000000e+03 2.079691410064697266e+00 0.000000000000000000e+00
9.585174804687500000e+03 2.501660585403442383e+00 0.000000000000000000e+00
9.587379882812500000e+03 3.071174383163452148e+00 0.000000000000000000e+00
9.589590820312500000e+03 2.732799530029296875e+00 0.000000000000000000e+00
9.591796875000000000e+03 2.569056987762451172e+00 0.000000000000000000e+00
9.594003906250000000e+03 2.739055395126342773e+00 0.000000000000000000e+00
9.596215820312500000e+03 2.176290988922119141e+00 0.000000000000000000e+00
9.598423828125000000e+03 2.656941890716552734e+00 0.000000000000000000e+00
9.600636718750000000e+03 2.622375249862670898e+00 0.000000000000000000e+00
9.602845703125000000e+03 2.320912837982177734e+00 0.000000000000000000e+00
9.605059570312500000e+03 2.498812198638916016e+00 0.000000000000000000e+00
9.607269531250000000e+03 3.368288040161132812e+00 0.000000000000000000e+00
9.609479492187500000e+03 3.936300992965698242e+00 0.000000000000000000e+00
9.611695312500000000e+03 2.541978597640991211e+00 0.000000000000000000e+00
9.613906250000000000e+03 2.867295742034912109e+00 0.000000000000000000e+00
9.616124023437500000e+03 2.734678030014038086e+00 0.000000000000000000e+00
9.618335937500000000e+03 2.865890264511108398e+00 0.000000000000000000e+00
9.620553710937500000e+03 3.006860971450805664e+00 0.000000000000000000e+00
9.622766601562500000e+03 1.609795928001403809e+00 0.000000000000000000e+00
9.624980468750000000e+03 3.062642335891723633e+00 0.000000000000000000e+00
9.627200195312500000e+03 3.081677436828613281e+00 0.000000000000000000e+00
9.629415039062500000e+03 2.735592842102050781e+00 0.000000000000000000e+00
9.631635742187500000e+03 2.475551128387451172e+00 0.000000000000000000e+00
9.633851562500000000e+03 2.284600973129272461e+00 0.000000000000000000e+00
9.636072265625000000e+03 2.626145839691162109e+00 0.000000000000000000e+00
9.638289062500000000e+03 3.235525369644165039e+00 0.000000000000000000e+00
9.640506835937500000e+03 2.419677972793579102e+00 0.000000000000000000e+00
9.642729492187500000e+03 2.578617811203002930e+00 0.000000000000000000e+00
9.644948242187500000e+03 2.946929693222045898e+00 0.000000000000000000e+00
9.647171875000000000e+03 2.519135236740112305e+00 0.000000000000000000e+00
9.649391601562500000e+03 2.310222387313842773e+00 0.000000000000000000e+00
9.651617187500000000e+03 2.624984979629516602e+00 0.000000000000000000e+00
9.653836914062500000e+03 2.607895612716674805e+00 0.000000000000000000e+00
9.656057617187500000e+03 2.388122081756591797e+00 0.000000000000000000e+00
9.658284179687500000e+03 2.538481235504150391e+00 0.000000000000000000e+00
9.660506835937500000e+03 2.901018142700195312e+00 0.000000000000000000e+00
9.662734375000000000e+03 2.661299705505371094e+00 0.000000000000000000e+00
9.664957031250000000e+03 2.239184379577636719e+00 0.000000000000000000e+00
9.667185546875000000e+03 2.622580528259277344e+00 0.000000000000000000e+00
9.669410156250000000e+03 2.843950271606445312e+00 0.000000000000000000e+00
9.671633789062500000e+03 2.718955516815185547e+00 0.000000000000000000e+00
9.673864257812500000e+03 2.460771799087524414e+00 0.000000000000000000e+00
9.676089843750000000e+03 2.291944980621337891e+00 0.000000000000000000e+00
9.678321289062500000e+03 2.879971742630004883e+00 0.000000000000000000e+00
9.680547851562500000e+03 2.596828222274780273e+00 0.000000000000000000e+00
9.682780273437500000e+03 2.494640588760375977e+00 0.000000000000000000e+00
9.685007812500000000e+03 2.460793733596801758e+00 0.000000000000000000e+00
9.687241210937500000e+03 2.480626821517944336e+00 0.000000000000000000e+00
9.689469726562500000e+03 2.929420948028564453e+00 0.000000000000000000e+00
9.691698242187500000e+03 2.141733646392822266e+00 0.000000000000000000e+00
9.693933593750000000e+03 2.115736961364746094e+00 0.000000000000000000e+00
9.696163085937500000e+03 2.534015417098999023e+00 0.000000000000000000e+00
9.698399414062500000e+03 3.157234191894531250e+00 0.000000000000000000e+00
9.700629882812500000e+03 3.796995878219604492e+00 0.000000000000000000e+00
9.702867187500000000e+03 3.911231994628906250e+00 0.000000000000000000e+00
9.705099609375000000e+03 3.194972276687622070e+00 0.000000000000000000e+00
9.707332031250000000e+03 2.304806232452392578e+00 0.000000000000000000e+00
9.709570312500000000e+03 2.772841691970825195e+00 0.000000000000000000e+00
9.711804687500000000e+03 2.690802335739135742e+00 0.000000000000000000e+00
9.714043945312500000e+03 1.837603449821472168e+00 0.000000000000000000e+00
9.716278320312500000e+03 2.660951137542724609e+00 0.000000000000000000e+00
9.718518554687500000e+03 2.557098627090454102e+00 0.000000000000000000e+00
9.720754882812500000e+03 1.116861104965209961e+00 0.000000000000000000e+00
9.722991210937500000e+03 1.057561039924621582e+00 0.000000000000000000e+00
9.725233398437500000e+03 2.361219882965087891e+00 0.000000000000000000e+00
9.727470703125000000e+03 2.970168828964233398e+00 0.000000000000000000e+00
9.729713867187500000e+03 1.989299297332763672e+00 0.000000000000000000e+00
9.731952148437500000e+03 2.660596847534179688e+00 0.000000000000000000e+00
9.734196289062500000e+03 3.232666492462158203e+00 0.000000000000000000e+00
9.736435546875000000e+03 3.114847183227539062e+00 0.000000000000000000e+00
9.738674804687500000e+03 2.697622776031494141e+00 0.000000000000000000e+00
9.740920898437500000e+03 2.258802175521850586e+00 0.000000000000000000e+00
9.743162109375000000e+03 2.083768129348754883e+00 0.000000000000000000e+00
9.745408203125000000e+03 3.346674680709838867e+00 0.000000000000000000e+00
9.747650390625000000e+03 2.785166978836059570e+00 0.000000000000000000e+00
9.749898437500000000e+03 2.163495540618896484e+00 0.000000000000000000e+00
9.752141601562500000e+03 2.171640396118164062e+00 0.000000000000000000e+00
9.754384765625000000e+03 2.504511356353759766e+00 0.000000000000000000e+00
9.756633789062500000e+03 2.925459623336791992e+00 0.000000000000000000e+00
9.758878906250000000e+03 2.808577060699462891e+00 0.000000000000000000e+00
9.761128906250000000e+03 2.711231470108032227e+00 0.000000000000000000e+00
9.763374023437500000e+03 2.422387123107910156e+00 0.000000000000000000e+00
9.765625976562500000e+03 2.377934932708740234e+00 0.000000000000000000e+00
9.767872070312500000e+03 2.617900848388671875e+00 0.000000000000000000e+00
9.770119140625000000e+03 2.427642345428466797e+00 0.000000000000000000e+00
9.772372070312500000e+03 2.158133983612060547e+00 0.000000000000000000e+00
9.774620117187500000e+03 2.587873458862304688e+00 0.000000000000000000e+00
9.776875000000000000e+03 2.819892406463623047e+00 0.000000000000000000e+00
9.779124023437500000e+03 2.606743097305297852e+00 0.000000000000000000e+00
9.781378906250000000e+03 2.488205194473266602e+00 0.000000000000000000e+00
9.783628906250000000e+03 2.689385414123535156e+00 0.000000000000000000e+00
9.785879882812500000e+03 2.059817314147949219e+00 0.000000000000000000e+00
9.788136718750000000e+03 3.324601411819458008e+00 0.000000000000000000e+00
9.790387695312500000e+03 4.691379070281982422e+00 0.000000000000000000e+00
9.792645507812500000e+03 3.208962440490722656e+00 0.000000000000000000e+00
9.794898437500000000e+03 1.632575750350952148e+00 0.000000000000000000e+00
9.797157226562500000e+03 4.595607280731201172e+00 0.000000000000000000e+00
9.799411132812500000e+03 2.051752328872680664e+00 0.000000000000000000e+00
9.801665039062500000e+03 1.749986529350280762e+00 0.000000000000000000e+00
9.803925781250000000e+03 2.802471637725830078e+00 0.000000000000000000e+00
9.806180664062500000e+03 3.081663846969604492e+00 0.000000000000000000e+00
9.808442382812500000e+03 2.614336013793945312e+00 0.000000000000000000e+00
9.810698242187500000e+03 2.757188558578491211e+00 0.000000000000000000e+00
9.812960937500000000e+03 2.856593132019042969e+00 0.000000000000000000e+00
9.815218750000000000e+03 2.367708921432495117e+00 0.000000000000000000e+00
9.817476562500000000e+03 2.769808053970336914e+00 0.000000000000000000e+00
9.819740234375000000e+03 3.179073810577392578e+00 0.000000000000000000e+00
9.821999023437500000e+03 2.823883771896362305e+00 0.000000000000000000e+00
9.824264648437500000e+03 2.678280115127563477e+00 0.000000000000000000e+00
9.826524414062500000e+03 2.628221035003662109e+00 0.000000000000000000e+00
9.828790039062500000e+03 2.284706354141235352e+00 0.000000000000000000e+00
9.831051757812500000e+03 2.715522527694702148e+00 0.000000000000000000e+00
9.833312500000000000e+03 2.813659667968750000e+00 0.000000000000000000e+00
9.835580078125000000e+03 2.289244174957275391e+00 0.000000000000000000e+00
9.837842773437500000e+03 2.583994865417480469e+00 0.000000000000000000e+00
9.840111328125000000e+03 2.188754081726074219e+00 0.000000000000000000e+00
9.842375000000000000e+03 2.649493932723999023e+00 0.000000000000000000e+00
9.844645507812500000e+03 2.778332710266113281e+00 0.000000000000000000e+00
9.846910156250000000e+03 2.969054698944091797e+00 0.000000000000000000e+00
9.849174804687500000e+03 2.997818231582641602e+00 0.000000000000000000e+00
9.851446289062500000e+03 1.790677189826965332e+00 0.000000000000000000e+00
9.853712890625000000e+03 2.531967401504516602e+00 0.000000000000000000e+00
9.855984375000000000e+03 3.462668657302856445e+00 0.000000000000000000e+00
9.858251953125000000e+03 2.799131155014038086e+00 0.000000000000000000e+00
9.860525390625000000e+03 2.307376861572265625e+00 0.000000000000000000e+00
9.862793945312500000e+03 2.878510951995849609e+00 0.000000000000000000e+00
9.865068359375000000e+03 2.653712034225463867e+00 0.000000000000000000e+00
9.867337890625000000e+03 2.301769256591796875e+00 0.000000000000000000e+00
9.869607421875000000e+03 2.276595115661621094e+00 0.000000000000000000e+00
9.871883789062500000e+03 5.148856163024902344e+00 0.000000000000000000e+00
9.874154296875000000e+03 5.785742282867431641e+00 0.000000000000000000e+00
9.876431640625000000e+03 3.258571624755859375e+00 0.000000000000000000e+00
9.878703125000000000e+03 4.105755805969238281e+00 0.000000000000000000e+00
9.880981445312500000e+03 3.088829278945922852e+00 0.000000000000000000e+00
9.883254882812500000e+03 3.281594753265380859e+00 0.000000000000000000e+00
9.885528320312500000e+03 2.627994060516357422e+00 0.000000000000000000e+00
9.887807617187500000e+03 2.178655624389648438e+00 0.000000000000000000e+00
9.890083007812500000e+03 2.708107471466064453e+00 0.000000000000000000e+00
9.892363281250000000e+03 2.585648775100708008e+00 0.000000000000000000e+00
9.894638671875000000e+03 3.603657245635986328e+00 0.000000000000000000e+00
9.896920898437500000e+03 3.582068204879760742e+00 0.000000000000000000e+00
9.899197265625000000e+03 3.480337619781494141e+00 0.000000000000000000e+00
9.901474609375000000e+03 3.031625032424926758e+00 0.000000000000000000e+00
9.903757812500000000e+03 2.281206130981445312e+00 0.000000000000000000e+00
9.906036132812500000e+03 2.608837604522705078e+00 0.000000000000000000e+00
9.908320312500000000e+03 3.199285745620727539e+00 0.000000000000000000e+00
9.910599609375000000e+03 2.149826049804687500e+00 0.000000000000000000e+00
9.912885742187500000e+03 4.031860351562500000e+00 0.000000000000000000e+00
9.915166015625000000e+03 6.273882865905761719e+00 0.000000000000000000e+00
9.917447265625000000e+03 4.993083953857421875e+00 0.000000000000000000e+00
9.919733398437500000e+03 2.464902639389038086e+00 0.000000000000000000e+00
9.922015625000000000e+03 4.032664299011230469e+00 0.000000000000000000e+00
9.924303710937500000e+03 2.621338844299316406e+00 0.000000000000000000e+00
9.926586914062500000e+03 1.985541939735412598e+00 0.000000000000000000e+00
9.928875976562500000e+03 2.641525745391845703e+00 0.000000000000000000e+00
9.931160156250000000e+03 2.766114950180053711e+00 0.000000000000000000e+00
9.933444335937500000e+03 2.300901174545288086e+00 0.000000000000000000e+00
9.935735351562500000e+03 2.181097984313964844e+00 0.000000000000000000e+00
9.938020507812500000e+03 1.765480756759643555e+00 0.000000000000000000e+00
9.940312500000000000e+03 3.131771087646484375e+00 0.000000000000000000e+00
9.942599609375000000e+03 4.778228759765625000e+00 0.000000000000000000e+00
9.944892578125000000e+03 5.525858402252197266e+00 0.000000000000000000e+00
9.947179687500000000e+03 5.840437889099121094e+00 0.000000000000000000e+00
9.949468750000000000e+03 1.476253628730773926e+00 0.000000000000000000e+00
9.951762695312500000e+03 -5.753564182668924332e-03 0.000000000000000000e+00
9.954051757812500000e+03 3.787100315093994141e+00 0.000000000000000000e+00
9.956347656250000000e+03 5.024640083312988281e+00 0.000000000000000000e+00
9.958637695312500000e+03 1.789635896682739258e+00 0.000000000000000000e+00
9.960934570312500000e+03 3.525138139724731445e+00 0.000000000000000000e+00
9.963225585937500000e+03 7.394326686859130859e+00 0.000000000000000000e+00
9.965517578125000000e+03 2.531418085098266602e+00 0.000000000000000000e+00
9.967815429687500000e+03 2.151479721069335938e+00 0.000000000000000000e+00
9.970109375000000000e+03 3.828008890151977539e+00 0.000000000000000000e+00
9.972408203125000000e+03 2.387270927429199219e+00 0.000000000000000000e+00
9.974702148437500000e+03 2.747696876525878906e+00 0.000000000000000000e+00
9.977001953125000000e+03 1.829422116279602051e+00 0.000000000000000000e+00
9.979297851562500000e+03 2.047177791595458984e+00 0.000000000000000000e+00
9.981592773437500000e+03 2.053324699401855469e+00 0.000000000000000000e+00
9.983894531250000000e+03 1.983809828758239746e+00 0.000000000000000000e+00
9.986191406250000000e+03 2.464550495147705078e+00 0.000000000000000000e+00
9.988494140625000000e+03 2.862471342086791992e+00 0.000000000000000000e+00
9.990791992187500000e+03 2.759521961212158203e+00 0.000000000000000000e+00
9.993096679687500000e+03 2.482563018798828125e+00 0.000000000000000000e+00
9.995395507812500000e+03 2.376438617706298828e+00 0.000000000000000000e+00
9.997694335937500000e+03 2.401925325393676758e+00 0.000000000000000000e+00
1.000000000000000000e+04 2.459627866744995117e+00 0.000000000000000000e+00
1.000230566406250000e+04 2.489198684692382812e+00 0.000000000000000000e+00
1.000460156250000000e+04 2.202997684478759766e+00 0.000000000000000000e+00
1.000690820312500000e+04 3.304887056350708008e+00 0.000000000000000000e+00
1.000921582031250000e+04 3.325588941574096680e+00 0.000000000000000000e+00
1.001152441406250000e+04 5.044602870941162109e+00 0.000000000000000000e+00
1.001382226562500000e+04 6.276317596435546875e+00 0.000000000000000000e+00
1.001613085937500000e+04 8.979847431182861328e-01 0.000000000000000000e+00
1.001844042968750000e+04 5.089444160461425781e+00 0.000000000000000000e+00
1.002074023437500000e+04 4.979333400726318359e+00 0.000000000000000000e+00
1.002305078125000000e+04 2.795862674713134766e+00 0.000000000000000000e+00
1.002536230468750000e+04 2.348026275634765625e+00 0.000000000000000000e+00
1.002767382812500000e+04 3.078335285186767578e+00 0.000000000000000000e+00
1.002997558593750000e+04 2.393562316894531250e+00 0.000000000000000000e+00
1.003228808593750000e+04 2.604502916336059570e+00 0.000000000000000000e+00
1.003460156250000000e+04 2.715316057205200195e+00 0.000000000000000000e+00
1.003690429687500000e+04 2.518545627593994141e+00 0.000000000000000000e+00
1.003921875000000000e+04 2.315116882324218750e+00 0.000000000000000000e+00
1.004153417968750000e+04 2.228445529937744141e+00 0.000000000000000000e+00
1.004384960937500000e+04 2.176206827163696289e+00 0.000000000000000000e+00
1.004615429687500000e+04 2.649890661239624023e+00 0.000000000000000000e+00
1.004847070312500000e+04 3.172391891479492188e+00 0.000000000000000000e+00
1.005078808593750000e+04 2.752847671508789062e+00 0.000000000000000000e+00
1.005309472656250000e+04 2.209397315979003906e+00 0.000000000000000000e+00
1.005541308593750000e+04 2.401710748672485352e+00 0.000000000000000000e+00
1.005773242187500000e+04 3.030943393707275391e+00 0.000000000000000000e+00
1.006005078125000000e+04 4.340425014495849609e+00 0.000000000000000000e+00
1.006236035156250000e+04 2.959334611892700195e+00 0.000000000000000000e+00
1.006468066406250000e+04 2.574821949005126953e+00 0.000000000000000000e+00
1.006700097656250000e+04 3.448158502578735352e+00 0.000000000000000000e+00
1.006931152343750000e+04 3.471310853958129883e+00 0.000000000000000000e+00
1.007163378906250000e+04 2.355533361434936523e+00 0.000000000000000000e+00
1.007395605468750000e+04 2.485454082489013672e+00 0.000000000000000000e+00
1.007627929687500000e+04 3.157042264938354492e+00 0.000000000000000000e+00
1.007859179687500000e+04 1.939137458801269531e+00 0.000000000000000000e+00
1.008091601562500000e+04 5.817872524261474609e+00 0.000000000000000000e+00
1.008324023437500000e+04 9.423872947692871094e+00 0.000000000000000000e+00
1.008555468750000000e+04 -2.251523494720458984e+00 0.000000000000000000e+00
1.008787988281250000e+04 3.606086969375610352e+00 0.000000000000000000e+00
1.009020605468750000e+04 3.457326173782348633e+00 0.000000000000000000e+00
1.009253320312500000e+04 2.288530588150024414e+00 0.000000000000000000e+00
1.009484960937500000e+04 2.924525976181030273e+00 0.000000000000000000e+00
1.009717773437500000e+04 2.881337881088256836e+00 0.000000000000000000e+00
1.009950585937500000e+04 2.145974636077880859e+00 0.000000000000000000e+00
1.010182324218750000e+04 3.068661212921142578e+00 0.000000000000000000e+00
1.010415332031250000e+04 1.677352428436279297e+00 0.000000000000000000e+00
1.010648339843750000e+04 1.212564706802368164e+00 0.000000000000000000e+00
1.010881347656250000e+04 2.253931522369384766e+00 0.000000000000000000e+00
1.011113378906250000e+04 2.925898790359497070e+00 0.000000000000000000e+00
1.011346484375000000e+04 2.436005830764770508e+00 0.000000000000000000e+00
1.011579687500000000e+04 2.240047454833984375e+00 0.000000000000000000e+00
1.011811914062500000e+04 1.432963967323303223e+00 0.000000000000000000e+00
1.012045214843750000e+04 1.655646800994873047e+00 0.000000000000000000e+00
1.012278613281250000e+04 6.062968730926513672e+00 0.000000000000000000e+00
1.012512011718750000e+04 6.927417755126953125e+00 0.000000000000000000e+00
1.012744335937500000e+04 -5.151773452758789062e+00 0.000000000000000000e+00
1.012977929687500000e+04 3.122404336929321289e+00 0.000000000000000000e+00
1.013211523437500000e+04 3.782204389572143555e+00 0.000000000000000000e+00
1.013444042968750000e+04 2.700940608978271484e+00 0.000000000000000000e+00
1.013677734375000000e+04 2.988974571228027344e+00 0.000000000000000000e+00
1.013911523437500000e+04 2.630694150924682617e+00 0.000000000000000000e+00
1.014145312500000000e+04 2.904507398605346680e+00 0.000000000000000000e+00
1.014378027343750000e+04 3.008946418762207031e+00 0.000000000000000000e+00
1.014611914062500000e+04 2.178342342376708984e+00 0.000000000000000000e+00
1.014845898437500000e+04 2.502488136291503906e+00 0.000000000000000000e+00
1.015078808593750000e+04 3.601715326309204102e+00 0.000000000000000000e+00
1.015312890625000000e+04 3.328151464462280273e+00 0.000000000000000000e+00
1.015547070312500000e+04 1.787532210350036621e+00 0.000000000000000000e+00
1.015781250000000000e+04 4.625069618225097656e+00 0.000000000000000000e+00
1.016014355468750000e+04 4.253612995147705078e+00 0.000000000000000000e+00
1.016248632812500000e+04 3.216325998306274414e+00 0.000000000000000000e+00
1.016483007812500000e+04 2.231045246124267578e+00 0.000000000000000000e+00
1.016716210937500000e+04 1.692901611328125000e+00 0.000000000000000000e+00
1.016950683593750000e+04 4.082877635955810547e+00 0.000000000000000000e+00
1.017185253906250000e+04 5.544463634490966797e+00 0.000000000000000000e+00
1.017419726562500000e+04 -5.252915024757385254e-01 0.000000000000000000e+00
1.017653222656250000e+04 9.245161414146423340e-01 0.000000000000000000e+00
1.017887890625000000e+04 5.132658958435058594e+00 0.000000000000000000e+00
1.018122656250000000e+04 4.101320743560791016e+00 0.000000000000000000e+00
1.018356347656250000e+04 3.874589204788208008e+00 0.000000000000000000e+00
1.018591113281250000e+04 8.487338423728942871e-01 0.000000000000000000e+00
1.018826074218750000e+04 5.387352466583251953e+00 0.000000000000000000e+00
1.019060937500000000e+04 3.823118209838867188e+00 0.000000000000000000e+00
1.019294824218750000e+04 -2.672659456729888916e-01 0.000000000000000000e+00
1.019529882812500000e+04 1.439861416816711426e+00 0.000000000000000000e+00
1.019765039062500000e+04 3.392971038818359375e+00 0.000000000000000000e+00
1.019999023437500000e+04 2.174784898757934570e+00 0.000000000000000000e+00
1.020234277343750000e+04 3.459611892700195312e+00 0.000000000000000000e+00
1.020469531250000000e+04 1.037457346916198730e+00 0.000000000000000000e+00
1.020704785156250000e+04 1.045641541481018066e+00 0.000000000000000000e+00
1.020939062500000000e+04 7.335791110992431641e+00 0.000000000000000000e+00
1.021174511718750000e+04 8.503641128540039062e+00 0.000000000000000000e+00
1.021409960937500000e+04 2.811797618865966797e+00 0.000000000000000000e+00
1.021644433593750000e+04 4.403459548950195312e+00 0.000000000000000000e+00
1.021879980468750000e+04 2.866652965545654297e+00 0.000000000000000000e+00
1.022115625000000000e+04 1.290413618087768555e+00 0.000000000000000000e+00
1.022351367187500000e+04 4.983530998229980469e+00 0.000000000000000000e+00
1.022585937500000000e+04 5.288079261779785156e+00 0.000000000000000000e+00
1.022821777343750000e+04 5.664025992155075073e-02 0.000000000000000000e+00
1.023057617187500000e+04 2.643765687942504883e+00 0.000000000000000000e+00
1.023292382812500000e+04 3.338984012603759766e+00 0.000000000000000000e+00
1.023528417968750000e+04 2.672876119613647461e+00 0.000000000000000000e+00
1.023764355468750000e+04 3.873913526535034180e+00 0.000000000000000000e+00
1.024000488281250000e+04 2.011252641677856445e+00 0.000000000000000000e+00
1.024235449218750000e+04 2.589477062225341797e+00 0.000000000000000000e+00
1.024471679687500000e+04 2.064707040786743164e+00 0.000000000000000000e+00
1.024707910156250000e+04 2.928038597106933594e+00 0.000000000000000000e+00
1.024943066406250000e+04 3.759672403335571289e+00 0.000000000000000000e+00
1.025179394531250000e+04 2.897075891494750977e+00 0.000000000000000000e+00
1.025415820312500000e+04 2.772104501724243164e+00 0.000000000000000000e+00
1.025652343750000000e+04 2.710192680358886719e+00 0.000000000000000000e+00
1.025887695312500000e+04 2.764488220214843750e+00 0.000000000000000000e+00
1.026124218750000000e+04 3.419841289520263672e+00 0.000000000000000000e+00
1.026360839843750000e+04 3.209928750991821289e+00 0.000000000000000000e+00
1.026596386718750000e+04 2.465928316116333008e+00 0.000000000000000000e+00
1.026833105468750000e+04 3.753444910049438477e+00 0.000000000000000000e+00
1.027069921875000000e+04 2.158824682235717773e+00 0.000000000000000000e+00
1.027306738281250000e+04 2.649246931076049805e+00 0.000000000000000000e+00
1.027542578125000000e+04 2.936051130294799805e+00 0.000000000000000000e+00
1.027779492187500000e+04 2.910644531250000000e+00 0.000000000000000000e+00
1.028016503906250000e+04 3.481734514236450195e+00 0.000000000000000000e+00
1.028252441406250000e+04 3.862076520919799805e+00 0.000000000000000000e+00
1.028489550781250000e+04 5.958388328552246094e+00 0.000000000000000000e+00
1.028726660156250000e+04 7.393528938293457031e+00 0.000000000000000000e+00
1.028963964843750000e+04 3.509817361831665039e+00 0.000000000000000000e+00
1.029200097656250000e+04 5.886561274528503418e-01 0.000000000000000000e+00
1.029437402343750000e+04 4.165822029113769531e+00 0.000000000000000000e+00
1.029674804687500000e+04 6.571485042572021484e+00 0.000000000000000000e+00
1.029911132812500000e+04 2.122055552899837494e-02 0.000000000000000000e+00
1.030148632812500000e+04 3.400074005126953125e+00 0.000000000000000000e+00
1.030386132812500000e+04 4.210390567779541016e+00 0.000000000000000000e+00
1.030623730468750000e+04 2.253385305404663086e+00 0.000000000000000000e+00
1.030860253906250000e+04 3.990626096725463867e+00 0.000000000000000000e+00
1.031097949218750000e+04 4.965645790100097656e+00 0.000000000000000000e+00
1.031335742187500000e+04 7.761790156364440918e-01 0.000000000000000000e+00
1.031573632812500000e+04 3.757594823837280273e+00 0.000000000000000000e+00
1.031810351562500000e+04 2.226969957351684570e+00 0.000000000000000000e+00
1.032048242187500000e+04 2.776116877794265747e-02 0.000000000000000000e+00
1.032286230468750000e+04 3.009660482406616211e+00 0.000000000000000000e+00
1.032523144531250000e+04 1.953319668769836426e+00 0.000000000000000000e+00
1.032761230468750000e+04 1.272433400154113770e+00 0.000000000000000000e+00
1.032999414062500000e+04 1.423149943351745605e+00 0.000000000000000000e+00
1.033237597656250000e+04 2.329715490341186523e+00 0.000000000000000000e+00
1.033474707031250000e+04 3.796196460723876953e+00 0.000000000000000000e+00
1.033713085937500000e+04 2.974614143371582031e+00 0.000000000000000000e+00
1.033951464843750000e+04 -1.032261133193969727e+00 0.000000000000000000e+00
1.034188769531250000e+04 6.477514266967773438e+00 0.000000000000000000e+00
1.034427246093750000e+04 -6.414855003356933594e+00 0.000000000000000000e+00
1.034665722656250000e+04 3.029374599456787109e+00 0.000000000000000000e+00
1.034904296875000000e+04 1.852800941467285156e+01 0.000000000000000000e+00
1.035141894531250000e+04 3.240176439285278320e+00 0.000000000000000000e+00
1.035380566406250000e+04 -2.082543754577636719e+01 0.000000000000000000e+00
1.035619335937500000e+04 -5.575444698333740234e+00 0.000000000000000000e+00
1.035856933593750000e+04 -5.575444698333740234e+00 0.000000000000000000e+00
1.036095800781250000e+04 -5.575444698333740234e+00 0.000000000000000000e+00
1.036334765625000000e+04 -5.575444698333740234e+00 0.000000000000000000e+00
1.036573730468750000e+04 -5.575444698333740234e+00 0.000000000000000000e+00
1.036811621093750000e+04 -5.575444698333740234e+00 0.000000000000000000e+00
1.037050683593750000e+04 -5.575444698333740234e+00 0.000000000000000000e+00
1.037289843750000000e+04 -5.575444698333740234e+00 0.000000000000000000e+00
1.037527929687500000e+04 -5.575444698333740234e+00 0.000000000000000000e+00
1.037767187500000000e+04 -5.575444698333740234e+00 0.000000000000000000e+00
1.038006445312500000e+04 -5.575444698333740234e+00 0.000000000000000000e+00
1.038245800781250000e+04 -5.575444698333740234e+00 0.000000000000000000e+00
1.038484082031250000e+04 -5.575444698333740234e+00 0.000000000000000000e+00
1.038723632812500000e+04 -5.575444698333740234e+00 0.000000000000000000e+00
1.038963085937500000e+04 -5.575444698333740234e+00 0.000000000000000000e+00
1.039201562500000000e+04 -5.575444698333740234e+00 0.000000000000000000e+00
1.039441210937500000e+04 -5.575444698333740234e+00 0.000000000000000000e+00
1.039680859375000000e+04 -5.575444698333740234e+00 0.000000000000000000e+00
1.039920605468750000e+04 -5.575444698333740234e+00 0.000000000000000000e+00
