index,spectra index,chi_sq
2,900,10.017958486138836
10,908,68.82301905869254
17,915,54.61477501147434
24,922,30.126324863408694
25,923,23.131408705893357
26,924,31.09182010091773
33,931,14.528446559373874
35,933,19.695063413229324
37,935,15.57543848831512
38,936,53.563670347919164
40,938,9.254717298231311
44,942,15.85442950410255
49,947,8.510349210612468
51,949,52.90944197524383
62,960,19.916418291720685
105,1003,157.260862786361
124,1022,8.017000178571667
