index,spectra index,chi_sq
1,1,9.236581321840053
2,2,2.0776645811665553
3,3,2.4856039026397485
4,4,2.9123364122209914
5,5,4.73575212119011
6,6,102.45865405735833
7,7,2.742403928338333
8,8,1.8163998245172812
9,9,2.8292896598609496
10,10,1.9824529637042212
