SPECTRA INDEX,SPECTRA FILE NAME,NORM SPECTRA FILE NAME,REDSHIFT,CALCULATED SNR,SDSS SNR,BF,CF
39,spec-9155-58043-0456-dered.dr16,spec-9155-58043-0456norm.dr16,1.9011,15.08509,25.09606,53784.32281490091,-0.900281377210939
59,spec-5406-55955-0486-dered.dr16,spec-5406-55955-0486norm.dr16,1.902,10.35529,14.95981,1152354.3137922026,-1.3745537506913599
91,spec-6428-56279-0192-dered.dr16,spec-6428-56279-0192norm.dr16,1.903,10.03351,13.35306,6418064.832203053,-1.6522495408454851
97,spec-7235-56603-0711-dered.dr16,spec-7235-56603-0711norm.dr16,1.903,15.41937,27.99435,1417167769.8488333,-2.093045626775704
