SPECTRA INDEX,SPECTRA FILE NAME,SDSS SNR,CALCULATED SNR
21833,spec-7688-57360-0803-dered.dr16,13.11968,8.37602
21837,spec-7905-57666-0762-dered.dr16,10.25636,8.2378
21839,spec-6010-56097-0796-dered.dr16,23.04122,0.0
21842,spec-11380-58462-0620-dered.dr16,10.22548,6.28696
21848,spec-7827-57278-0510-dered.dr16,11.04395,7.56033
21849,spec-5445-55987-0790-dered.dr16,17.28983,0.0
