SPECTRA INDEX,SPECTRA FILE NAME,NORM SPECTRA FILE NAME,REDSHIFT,CALCULATED SNR,SDSS SNR,BF,CF
21840,spec-11084-58427-0766-dered.dr16,spec-11084-58427-076norm.dr16,5.6481,17.55222,18.08028,143084.10151228713,-1.1022625649544868
21841,spec-9239-58018-0738-dered.dr16,spec-9239-58018-0738norm.dr16,5.7212,16.42047,17.43774,303995.99176257267,-1.235350761106057
21843,spec-8533-58017-0582-dered.dr16,spec-8533-58017-0582norm.dr16,5.7842,17.00188,19.08708,26312.223210297918,-0.9027025539666735
