SPECTRA INDEX,SPECTRA FILE NAME,NORM SPECTRA FILE NAME,REDSHIFT,CALCULATED SNR,SDSS SNR,BF,CF
18,spec-8823-57446-0393-dered.dr16,spec-8823-57446-0393norm.dr16,1.9008,12.59337,15.44042,2673.7194206189233,-0.6645433638875577
59,spec-5406-55955-0486-dered.dr16,spec-5406-55955-0486norm.dr16,1.902,10.75957,14.95981,1539626.2774402343,-1.41167583853394
