SPECTRA INDEX,SPECTRA FILE NAME,NORM SPECTRA FILE NAME,REDSHIFT,CALCULATED SNR,SDSS SNR,BF,CF
154,spec-7619-56900-0858-dered.dr16,spec-7619-56900-0858norm.dr16,2.499,10.56962,11.38684,1207.517056218794,-0.6403886026807424
155,spec-7864-56979-0100-dered.dr16,spec-7864-56979-0100norm.dr16,1.937,11.50152,17.7895,876.3030501474944,-0.5222983768870417
156,spec-10728-58248-0740-dered.dr16,spec-10728-58248-0740norm.dr16,2.035,10.30836,12.45915,556.6362839275841,-0.5255464404709241
157,spec-5372-55978-0742-dered.dr16,spec-5372-55978-0742norm.dr16,2.382,10.38175,10.71974,13.35417366345332,-0.10437826486022236
158,spec-6802-56456-0930-dered.dr16,spec-6802-56456-0930norm.dr16,2.467,12.56789,11.08615,79248.03516443525,-1.1040120272030491
159,spec-7382-56991-0156-dered.dr16,spec-7382-56991-0156norm.dr16,2.468,10.55388,10.93149,771.0486444830398,-0.6013964866845511
160,spec-4485-55836-0092-dered.dr16,spec-4485-55836-0092norm.dr16,2.861,13.44172,13.08521,0.003305679786606833,0.8594683354284509
161,spec-7598-56956-0109-dered.dr16,spec-7598-56956-0109norm.dr16,1.95,12.90395,19.82417,182.02133944133683,-0.30172730324979063
