SPECTRA INDEX,SPECTRA FILE NAME,NORM SPECTRA FILE NAME,REDSHIFT,CALCULATED SNR,SDSS SNR,BF,CF
2,spec-6439-56358-0009-dered.dr16,spec-6439-56358-0009norm.dr16,1.95,16.82652,26.6778,11482764.010544073,-1.5773315480134036
3,spec-6453-56365-0011-dered.dr16,spec-6453-56365-0011norm.dr16,1.953,12.11029,14.48099,1.4654189154401542e+17,-4.471041241002935
