SPECTRA INDEX,SPECTRA FILE NAME,NORM SPECTRA FILE NAME,REDSHIFT,CALCULATED SNR,SDSS SNR,BF,CF
21852,spec-11317-58398-0894-dered.dr16,spec-11317-58398-0894norm.dr16,6.2937,0,15.3917,0.0012710793771256706,0.9899396571997049
21852,spec-11317-58398-0894-dered.dr16,spec-11317-58398-0894norm.dr16,6.2937,0,15.3917,0.0012710793771256706,0.9899396571997049
21853,spec-9174-58070-0876-dered.dr16,spec-9174-58070-0876norm.dr16,6.488,0,49.67887,936572.0991330892,-1.132179572560531
21853,spec-9174-58070-0876-dered.dr16,spec-9174-58070-0876norm.dr16,6.488,0,49.67887,936572.0991330892,-1.132179572560531
21854,spec-8530-58016-0586-dered.dr16,spec-8530-58016-0586norm.dr16,6.6514,0,21.53307,133874.77376311165,-1.0629656650368644
21854,spec-8530-58016-0586-dered.dr16,spec-8530-58016-0586norm.dr16,6.6514,0,21.53307,133874.77376311165,-1.0629656650368644
21855,spec-9601-58083-0834-dered.dr16,spec-9601-58083-0834norm.dr16,6.6558,0,16.27443,159.8114145174004,-0.3364303556876362
21855,spec-9601-58083-0834-dered.dr16,spec-9601-58083-0834norm.dr16,6.6558,0,16.27443,159.8114145174004,-0.3364303556876362
