SPECTRA INDEX,SPECTRA FILE NAME,CHI SQUARED
154,spec-7619-56900-0858-dered.dr16,15.368437172157414
155,spec-7864-56979-0100-dered.dr16,8.529263286661866
156,spec-10728-58248-0740-dered.dr16,6.350534744554091
157,spec-5372-55978-0742-dered.dr16,8.934657998906625
158,spec-6802-56456-0930-dered.dr16,4.710783244405054
159,spec-7382-56991-0156-dered.dr16,2.951760357249336
160,spec-4485-55836-0092-dered.dr16,20.84627172247367
161,spec-7598-56956-0109-dered.dr16,14.50807516655503
