SPECTRA INDEX,SPECTRA FILE NAME,CHI SQUARED
61,spec-6440-56370-0318-dered.dr16,116.4401556555998
62,spec-5021-55863-0751-dered.dr16,24.553923192906506
63,spec-6407-56311-0046-dered.dr16,75.03762145402567
64,spec-11387-58512-0897-dered.dr16,8.638199925409062
65,spec-8504-57518-0962-dered.dr16,180.0330522575181
66,spec-7863-56975-0890-dered.dr16,6.7289243266272445
