SPECTRA INDEX,SPECTRA FILE NAME,CHI SQUARED
21852,spec-11317-58398-0894-dered.dr16,33.54078536547224
21853,spec-9174-58070-0876-dered.dr16,33.2257430300904
21854,spec-8530-58016-0586-dered.dr16,148.54680761958033
21855,spec-9601-58083-0834-dered.dr16,79.29885986199146
