SPECTRA INDEX,SPECTRA FILE NAME,CHI SQUARED
2,spec-6439-56358-0009-dered.dr16,86.28597501337595
3,spec-6453-56365-0011-dered.dr16,79.43740610350953
