SPECTRA INDEX,SPECTRA FILE NAME,NORM SPECTRA FILE NAME,REDSHIFT,CALCULATED SNR,SDSS SNR,BF,CF
39,spec-9155-58043-0456-dered.dr16,spec-9155-58043-0456norm.dr16,1.9011,15.08509,25.09606,53784.32281490091,-0.900281377210939
91,spec-6428-56279-0192-dered.dr16,spec-6428-56279-0192norm.dr16,1.903,10.03351,13.35306,6418064.832203053,-1.6522495408454851
