spectra index,chi_sq
3,13.268493923902628
4,9.785500144174431
8,24.61412349447613
