spectra index,chi_sq
3,13.268493923902628
4,9.785500144174431
8,24.61412349447613
19,9.305175362359451
28,10.451781138263913
35,50.12401029194977
40,23.833917649255845
47,13.639698085830965
52,11.274875244973156
61,15.54290139671121
67,16.668591200785873
70,27.54253075227156
75,21.57238660604888
100,19.966138658971335
