spectra index,chi_sq
1,7.365226695064077
2,20.771200256296808
3,13.268493923902628
4,9.785500144174431
5,6.375118550730865
6,3.2515132579031008
7,7.958801171655311
8,24.61412349447613
9,2.878257077562133
10,7.425305641833209
