index,spectra index,chi_sq
1,1469,10.325481098226089
2,1470,2.4794278690713334
