spectra index,spectra file name,bf,cf
2,spec-7634-56935-0762-dered.dr16,721.7975909536653,-0.5226324403475546
3,spec-8214-57867-0380-dered.dr16,1016904479.269758,-2.2582972761076117
6,spec-7663-57328-0626-dered.dr16,2.3770172829844204e+18,-4.797822389242484
