spectra index,spectra file name,bf,cf
1,spec-10901-58397-0466-dered.dr16,11408338.81230444,-1.5747192710811204
4,spec-8302-57389-0164-dered.dr16,63.918247883735184,-0.29041258309558704
5,spec-9140-58039-0081-dered.dr16,9.136363226131122,0.12921567597762829
7,spec-11309-58428-0826-dered.dr16,3950239.827847857,-1.502195102146928
8,spec-8055-57187-0792-dered.dr16,0.0529127069645408,0.5988955917726532
9,spec-8162-56993-0726-dered.dr16,18005448513.94299,-2.5915131457304668
10,spec-8744-58124-0859-dered.dr16,1284246.7450576362,-1.4358463462530933
