index,spectra index,chi_sq
1,899,7.877966739613503
2,900,10.017958486138836
3,901,6.335378150474825
4,902,9.638961634551038
5,903,2.0344211061675264
6,904,4.1641344262686495
7,905,5.105249231434495
8,906,4.140823954493397
9,907,2.8435089063110586
11,909,5.960812070020061
12,910,3.242660028674059
