spectra index,spectra file name,bf,cf
18056,spec-7145-56567-0954-dered.dr16,29027680.9329775,-1.7890603646950731
