#wavelengths flux error
9.760599222424621075e+02 1.000000000000000000e+00 4.283817942539748791e-01
9.762850384709495302e+02 1.000000000000000000e+00 -4.366719735210810582e-01
9.765093390609281414e+02 1.000000000000000000e+00 4.411517099283794319e-01
9.767341834099125890e+02 1.000000000000000000e+00 4.545511476812119089e-01
9.769592996384001253e+02 1.000000000000000000e+00 4.544178780608855162e-01
9.771841439873848003e+02 1.000000000000000000e+00 4.573596451981961075e-01
9.774095320953753117e+02 1.000000000000000000e+00 4.814611167641916767e-01
9.776343764443598729e+02 1.000000000000000000e+00 -4.301470545717884786e-01
9.778597645523503843e+02 1.000000000000000000e+00 -3.959772846531912638e-01
9.780846089013348319e+02 1.000000000000000000e+00 4.403238053506365324e-01
9.783097251298223682e+02 1.000000000000000000e+00 4.072715629993377551e-01
9.785353851173159683e+02 1.000000000000000000e+00 4.466154724134728804e-01
9.787605013458035046e+02 1.000000000000000000e+00 4.898823753739233178e-01
9.789861613332971046e+02 1.000000000000000000e+00 4.642505426661181489e-01
9.792112775617846410e+02 1.000000000000000000e+00 4.079385005026548439e-01
9.794372094287811024e+02 1.000000000000000000e+00 3.761305566889930896e-01
9.796623256572686387e+02 1.000000000000000000e+00 3.922335637460572233e-01
9.798877137652591500e+02 1.000000000000000000e+00 4.169322237073399551e-01
9.801139175117587001e+02 1.000000000000000000e+00 4.090964371951163470e-01
9.803393056197493252e+02 1.000000000000000000e+00 3.988327727492127495e-01
9.805652374867459002e+02 1.000000000000000000e+00 4.305368743797761133e-01
9.807908974742393866e+02 1.000000000000000000e+00 4.081335237629353241e-01
9.810171012207389367e+02 1.000000000000000000e+00 4.145458753549880471e-01
9.812427612082324231e+02 1.000000000000000000e+00 4.530935083566319799e-01
9.814684211957260231e+02 1.000000000000000000e+00 4.611362681400059116e-01
9.816948968217285483e+02 1.000000000000000000e+00 4.080512132273916293e-01
9.819205568092220346e+02 1.000000000000000000e+00 3.773274890782610802e-01
9.821470324352246735e+02 1.000000000000000000e+00 -3.493011695830124941e-01
9.823729643022212485e+02 1.000000000000000000e+00 -3.449446724383641305e-01
9.825994399282237737e+02 1.000000000000000000e+00 -3.706336521858297206e-01
9.828256436747233238e+02 1.000000000000000000e+00 4.358627026462414955e-01
9.830515755417198989e+02 1.000000000000000000e+00 4.530477130609022463e-01
9.832783230472253990e+02 1.000000000000000000e+00 4.368696019948529186e-01
9.835045267937249491e+02 1.000000000000000000e+00 4.572946026732677138e-01
9.837312742992305630e+02 1.000000000000000000e+00 4.934659568441352451e-01
9.839577499252330881e+02 1.000000000000000000e+00 4.502099315636440835e-01
9.841844974307387020e+02 1.000000000000000000e+00 4.678203442662799971e-01
9.844109730567412271e+02 1.000000000000000000e+00 4.840127119792227983e-01
9.846379924417498160e+02 1.000000000000000000e+00 4.492080840694500643e-01
9.848644680677523411e+02 1.000000000000000000e+00 4.101403927875227895e-01
9.850909436937548662e+02 1.000000000000000000e+00 4.208174316765089240e-01
9.853182349582665438e+02 1.000000000000000000e+00 4.189899564471089577e-01
9.855449824637720440e+02 1.000000000000000000e+00 4.326894744938729054e-01
9.857722737282834942e+02 1.000000000000000000e+00 4.153279469527073609e-01
9.859990212337891080e+02 1.000000000000000000e+00 -3.737218026432210793e-01
9.862263124983006719e+02 1.000000000000000000e+00 -3.575252628697313528e-01
9.864530600038062857e+02 1.000000000000000000e+00 4.145079857806380219e-01
9.866800793888148746e+02 1.000000000000000000e+00 4.140493347882768793e-01
9.869076425328294135e+02 1.000000000000000000e+00 -3.669379809646746149e-01
9.871346619178380024e+02 1.000000000000000000e+00 4.241305678343355590e-01
9.873622250618526550e+02 1.000000000000000000e+00 4.595960760941962264e-01
9.875895163263641052e+02 1.000000000000000000e+00 4.417585413084174073e-01
9.878170794703786441e+02 1.000000000000000000e+00 4.501060178103521991e-01
9.880443707348903217e+02 1.000000000000000000e+00 4.221342336370529358e-01
9.882716619994017719e+02 1.000000000000000000e+00 4.516228903819782814e-01
9.884997689024223746e+02 1.000000000000000000e+00 4.327139338048044959e-01
9.887270601669340522e+02 1.000000000000000000e+00 4.830154207227497221e-01
9.889551670699545411e+02 1.000000000000000000e+00 5.807876089196866154e-01
9.891824583344661050e+02 1.000000000000000000e+00 5.509640178631723950e-01
9.894105652374867077e+02 1.000000000000000000e+00 5.189530507859135833e-01
9.896384002610043353e+02 1.000000000000000000e+00 4.874720285779546858e-01
9.898659634050188743e+02 1.000000000000000000e+00 5.150939859618662853e-01
9.900940703080394769e+02 1.000000000000000000e+00 5.132071280438331717e-01
9.903219053315571045e+02 1.000000000000000000e+00 4.628293106594973949e-01
9.905502841140805685e+02 1.000000000000000000e+00 4.581315137282353511e-01
9.907781191375981962e+02 1.000000000000000000e+00 4.254042853506267430e-01
9.910064979201217739e+02 1.000000000000000000e+00 4.283067880303909059e-01
9.912346048231423765e+02 1.000000000000000000e+00 4.066723883086036384e-01
9.914627117261629792e+02 1.000000000000000000e+00 4.109235239374841031e-01
9.916913623881895319e+02 1.000000000000000000e+00 4.223225451328987967e-01
9.919194692912100209e+02 1.000000000000000000e+00 4.173459130821103313e-01
9.921481199532366873e+02 1.000000000000000000e+00 -3.677532804524138443e-01
9.923764987357602649e+02 1.000000000000000000e+00 4.434238689958382440e-01
9.926051493977868176e+02 1.000000000000000000e+00 4.513018353693610818e-01
9.928335281803103953e+02 1.000000000000000000e+00 4.277633796584764947e-01
9.930619069628340867e+02 1.000000000000000000e+00 4.311128945656029776e-01
9.932911013838665895e+02 1.000000000000000000e+00 4.087181588986739111e-01
9.935194801663902808e+02 1.000000000000000000e+00 3.861791447257537091e-01
9.937486745874227836e+02 1.000000000000000000e+00 3.837607146898406874e-01
9.939773252494493363e+02 1.000000000000000000e+00 4.061381490340739697e-01
9.942065196704820664e+02 1.000000000000000000e+00 4.307080193389014600e-01
9.944351703325086191e+02 1.000000000000000000e+00 4.396139340296443820e-01
9.946638209945351718e+02 1.000000000000000000e+00 4.378457058873269636e-01
9.948932872950707633e+02 1.000000000000000000e+00 4.074725642299370509e-01
9.951222098366004047e+02 1.000000000000000000e+00 3.825684846677216422e-01
9.953516761371359962e+02 1.000000000000000000e+00 3.841298116439354482e-01
9.955805986786655239e+02 1.000000000000000000e+00 4.075126322225452458e-01
9.958100649792011154e+02 1.000000000000000000e+00 4.338439639580968232e-01
9.960392594002338456e+02 1.000000000000000000e+00 4.233112341623074815e-01
9.962684538212663483e+02 1.000000000000000000e+00 4.132085681791986542e-01
9.964981920013049148e+02 1.000000000000000000e+00 4.435480426973513191e-01
9.967273864223376449e+02 1.000000000000000000e+00 3.963010707282806910e-01
9.969571246023762114e+02 1.000000000000000000e+00 3.564971212411798818e-01
9.971865909029118029e+02 1.000000000000000000e+00 3.907565069443185157e-01
9.974166009624533444e+02 1.000000000000000000e+00 3.987147545795126091e-01
9.976460672629890496e+02 1.000000000000000000e+00 3.628293297608968238e-01
9.978755335635246411e+02 1.000000000000000000e+00 3.462784225999674392e-01
9.981055436230661826e+02 1.000000000000000000e+00 3.865586056716382446e-01
9.983352818031047491e+02 1.000000000000000000e+00 3.761363781268142192e-01
9.985652918626464043e+02 1.000000000000000000e+00 3.708595324301500740e-01
9.987950300426850845e+02 1.000000000000000000e+00 3.887347227723685905e-01
9.990255838612326897e+02 1.000000000000000000e+00 3.993455328161717444e-01
9.992553220412712562e+02 1.000000000000000000e+00 3.506493008512542309e-01
9.994850602213099364e+02 1.000000000000000000e+00 2.916287112809309301e-01
9.997156140398575417e+02 1.000000000000000000e+00 3.216196669921065343e-01
9.999456240993990832e+02 1.000000000000000000e+00 3.691091959241930565e-01
1.000176177917946688e+03 1.000000000000000000e+00 3.326212598200085080e-01
1.000406187977488344e+03 1.000000000000000000e+00 3.405823002044073844e-01
1.000637013675539038e+03 1.000000000000000000e+00 3.728690961578204344e-01
1.000867295614583554e+03 1.000000000000000000e+00 3.609553385397846759e-01
1.001097305674125209e+03 1.000000000000000000e+00 3.609798276267232597e-01
1.001328403251678765e+03 1.000000000000000000e+00 3.325010065679748217e-01
1.001558685190723509e+03 1.000000000000000000e+00 3.279971872292438695e-01
1.001789510888773975e+03 1.000000000000000000e+00 3.339419493894560942e-01
1.002020064707321694e+03 1.000000000000000000e+00 3.278668803245718411e-01
1.002251162284875363e+03 1.000000000000000000e+00 3.369693388029720293e-01
1.002481716103422968e+03 1.000000000000000000e+00 3.437150540110870400e-01
1.002712813680976524e+03 1.000000000000000000e+00 3.073007854325904842e-01
1.002943639379027218e+03 1.000000000000000000e+00 3.276145452373939171e-01
1.003174193197574823e+03 1.000000000000000000e+00 3.568366585545814096e-01
1.003405562654631467e+03 1.000000000000000000e+00 3.711843926271712890e-01
1.003636388352682047e+03 1.000000000000000000e+00 3.516683068504907195e-01
1.003867757809738691e+03 1.000000000000000000e+00 3.358229483076054511e-01
1.004098855387292247e+03 1.000000000000000000e+00 -3.026804490097450562e-01
1.004330224844349004e+03 1.000000000000000000e+00 3.378101481525491723e-01
1.004561322421902560e+03 1.000000000000000000e+00 3.242330116055093248e-01
1.004792419999456115e+03 1.000000000000000000e+00 3.395183584821759859e-01
1.005024061336015848e+03 1.000000000000000000e+00 3.668236827637428865e-01
1.005255430793072378e+03 1.000000000000000000e+00 3.498596524759069459e-01
1.005487072129632111e+03 1.000000000000000000e+00 3.276500631087061466e-01
1.005718441586688641e+03 1.000000000000000000e+00 -2.951252596597020439e-01
1.005950354802751349e+03 1.000000000000000000e+00 3.210780573189012110e-01
1.006181724259807993e+03 1.000000000000000000e+00 -3.323029616519141971e-01
1.006413365596367612e+03 1.000000000000000000e+00 3.467351987566672511e-01
1.006645278812430320e+03 1.000000000000000000e+00 3.824011757938380329e-01
1.006876920148989825e+03 1.000000000000000000e+00 3.714962711400647266e-01
1.007109105244555622e+03 1.000000000000000000e+00 3.790599803544222324e-01
1.007340746581115241e+03 1.000000000000000000e+00 3.671354252533374773e-01
1.007573203556183785e+03 1.000000000000000000e+00 3.460664873155887555e-01
1.007804844892743404e+03 1.000000000000000000e+00 3.446698074810500279e-01
1.008036758108806112e+03 1.000000000000000000e+00 3.364307757165113655e-01
1.008269215083874769e+03 1.000000000000000000e+00 3.645800679438741532e-01
1.008501128299937363e+03 1.000000000000000000e+00 3.737809936523554533e-01
1.008733585275006021e+03 1.000000000000000000e+00 3.663654301935975743e-01
1.008965770370571818e+03 1.000000000000000000e+00 3.605133744670696583e-01
1.009198499225143337e+03 1.000000000000000000e+00 3.515720173691134764e-01
1.009430684320709020e+03 1.000000000000000000e+00 3.489161204758443602e-01
1.009662869416274702e+03 1.000000000000000000e+00 3.346105720432023256e-01
1.009895598270846222e+03 1.000000000000000000e+00 3.245603998849930227e-01
1.010128055245914879e+03 1.000000000000000000e+00 3.006332848883516151e-01
1.010360784100486626e+03 1.000000000000000000e+00 3.118616906385874299e-01
1.010593241075555284e+03 1.000000000000000000e+00 3.114792484796380378e-01
1.010826241809630005e+03 1.000000000000000000e+00 2.986116082640653535e-01
1.011058970664201524e+03 1.000000000000000000e+00 2.899902018504072476e-01
1.011291427639270182e+03 1.000000000000000000e+00 3.074317104030238057e-01
1.011524700252847879e+03 1.000000000000000000e+00 3.182859133655697170e-01
1.011757429107419512e+03 1.000000000000000000e+00 2.580138047917610034e-01
1.011990701720997208e+03 1.000000000000000000e+00 2.546895647342506397e-01
1.012223430575568955e+03 1.000000000000000000e+00 2.877060761376731279e-01
1.012456975068649513e+03 1.000000000000000000e+00 2.873778228219807662e-01
1.012689975802724234e+03 1.000000000000000000e+00 2.977448235828326073e-01
1.012922976536798842e+03 1.000000000000000000e+00 3.239211103175438367e-01
1.013156249150376425e+03 1.000000000000000000e+00 3.459506460077267920e-01
1.013389521763954122e+03 1.000000000000000000e+00 3.270365707692094448e-01
1.013623066257034793e+03 1.000000000000000000e+00 3.445848645453948311e-01
1.013856338870612490e+03 1.000000000000000000e+00 3.467551479039220341e-01
1.014090155243196250e+03 1.000000000000000000e+00 2.993814595644223031e-01
1.014323427856773833e+03 1.000000000000000000e+00 -2.855541859925862513e-01
1.014556700470351529e+03 1.000000000000000000e+00 3.566405500520835603e-01
1.014790788722438151e+03 1.000000000000000000e+00 3.840629277967917421e-01
1.015024061336015848e+03 1.000000000000000000e+00 3.414018241242632867e-01
1.015258149588102469e+03 1.000000000000000000e+00 3.280234719901450324e-01
1.015491694081183141e+03 1.000000000000000000e+00 3.125490940338970236e-01
1.015726054212772851e+03 1.000000000000000000e+00 3.113976248833583149e-01
1.015959598705853523e+03 1.000000000000000000e+00 3.106017472124258938e-01
1.016193415078437170e+03 1.000000000000000000e+00 3.090063339139536569e-01
1.016427775210026880e+03 1.000000000000000000e+00 3.101585565010320789e-01
1.016661591582610527e+03 1.000000000000000000e+00 3.218335092348190152e-01
1.016895951714200237e+03 1.000000000000000000e+00 3.256734084292174369e-01
1.017129768086783884e+03 1.000000000000000000e+00 3.301864863163982422e-01
1.017364400097876569e+03 1.000000000000000000e+00 3.173528316765926727e-01
1.017598488349963304e+03 1.000000000000000000e+00 3.290271856249211702e-01
1.017832576602049926e+03 1.000000000000000000e+00 3.419256452204060825e-01
1.018067208613142611e+03 1.000000000000000000e+00 3.286884989463287332e-01
1.018301568744732322e+03 1.000000000000000000e+00 3.261626161441490979e-01
1.018536472635327982e+03 1.000000000000000000e+00 3.175855903087055343e-01
1.018770560887414604e+03 1.000000000000000000e+00 3.209079122217989299e-01
1.019005464778010264e+03 1.000000000000000000e+00 3.300663397590608006e-01
1.019240096789103063e+03 1.000000000000000000e+00 3.258967401301113287e-01
1.019474456920692660e+03 1.000000000000000000e+00 3.030338531637938315e-01
1.019709632690791409e+03 1.000000000000000000e+00 2.971750674687550497e-01
1.019944264701884094e+03 1.000000000000000000e+00 3.264819483034361869e-01
1.020179440471982844e+03 1.000000000000000000e+00 3.831779374291241491e-01
1.020414072483075415e+03 1.000000000000000000e+00 4.289053061817973411e-01
1.020649248253174164e+03 1.000000000000000000e+00 4.503255539747831881e-01
1.020884152143769938e+03 1.000000000000000000e+00 4.347556363012053948e-01
1.021119599793371549e+03 1.000000000000000000e+00 3.330503074361612081e-01
1.021354503683967209e+03 1.000000000000000000e+00 2.974335254066672873e-01
1.021589407574562870e+03 1.000000000000000000e+00 3.013196077200409606e-01
1.021825127103667569e+03 1.000000000000000000e+00 3.182110798214838887e-01
1.022060030994263343e+03 1.000000000000000000e+00 3.169706555536843662e-01
1.022295750523368042e+03 1.000000000000000000e+00 3.140004680952249716e-01
1.022530926293466678e+03 1.000000000000000000e+00 3.170435883577774061e-01
1.022766645822571490e+03 1.000000000000000000e+00 3.065321562475495920e-01
1.023002093472173101e+03 1.000000000000000000e+00 2.641537096409963814e-01
1.023237269242271736e+03 1.000000000000000000e+00 2.676379712415298262e-01
1.023473260650879411e+03 1.000000000000000000e+00 2.990348952204689437e-01
1.023708708300481135e+03 1.000000000000000000e+00 2.999163225757906504e-01
1.023944699709088809e+03 1.000000000000000000e+00 2.914348748369568476e-01
1.024180419238193508e+03 1.000000000000000000e+00 2.887902724824694678e-01
1.024416410646801296e+03 1.000000000000000000e+00 2.783450931091198677e-01
1.024652130175905995e+03 1.000000000000000000e+00 3.015527416427353224e-01
1.024887849705010694e+03 1.000000000000000000e+00 2.912212701525367931e-01
1.025124384872624432e+03 1.000000000000000000e+00 2.925669796692743074e-01
1.025360104401729131e+03 1.000000000000000000e+00 2.914398069836050542e-01
1.025596639569342869e+03 1.000000000000000000e+00 2.810382127243861161e-01
1.025832630977950430e+03 1.000000000000000000e+00 2.820563844741561521e-01
1.026068894266061307e+03 1.000000000000000000e+00 2.956179409654810519e-01
1.026305157554171956e+03 1.000000000000000000e+00 2.586616145466529848e-01
1.026541148962779744e+03 1.000000000000000000e+00 -2.373194422585388486e-01
1.026777956009896343e+03 1.000000000000000000e+00 2.551726636576260310e-01
1.027013947418504131e+03 1.000000000000000000e+00 2.663925683621592433e-01
1.027251026345123819e+03 1.000000000000000000e+00 2.669304141168488687e-01
1.027487289633234468e+03 1.000000000000000000e+00 2.708662075404805192e-01
1.027724096680351295e+03 1.000000000000000000e+00 2.661132877082544312e-01
1.027960631847965033e+03 1.000000000000000000e+00 2.423931786416877732e-01
1.028197167015578543e+03 1.000000000000000000e+00 2.630194018020416968e-01
1.028434245942198459e+03 1.000000000000000000e+00 2.351898832183253740e-01
1.028670781109812197e+03 1.000000000000000000e+00 2.336076570296855281e-01
1.028908131915934746e+03 1.000000000000000000e+00 2.592408973635338953e-01
1.029144667083548484e+03 1.000000000000000000e+00 2.833082038145384729e-01
1.029382017889671260e+03 1.000000000000000000e+00 2.822289107404608588e-01
1.029618824936788087e+03 1.000000000000000000e+00 2.329683439860143479e-01
1.029855631983904686e+03 1.000000000000000000e+00 2.621377000192263163e-01
1.030093254669530552e+03 1.000000000000000000e+00 2.588886175684396163e-01
1.030330061716647151e+03 1.000000000000000000e+00 2.594567956386569785e-01
1.030567684402272789e+03 1.000000000000000000e+00 2.725062112139098325e-01
1.030804763328892477e+03 1.000000000000000000e+00 2.541528744875993784e-01
1.031042386014518343e+03 1.000000000000000000e+00 2.433513924438775733e-01
1.031279736820641119e+03 1.000000000000000000e+00 2.531893396888532655e-01
1.031516815747260807e+03 1.000000000000000000e+00 2.456319646253087019e-01
1.031754710312389534e+03 1.000000000000000000e+00 2.314973343109156811e-01
1.031992061118512311e+03 1.000000000000000000e+00 2.207779604708969556e-01
1.032230227563144126e+03 1.000000000000000000e+00 2.162803878744869734e-01
1.032467578369266676e+03 1.000000000000000000e+00 2.311357827328378300e-01
1.032705744813898491e+03 1.000000000000000000e+00 2.317568464638896097e-01
1.032943367499524129e+03 1.000000000000000000e+00 2.289363238435945247e-01
1.033180990185149994e+03 1.000000000000000000e+00 2.286948086041202255e-01
1.033419156629781583e+03 1.000000000000000000e+00 2.361484449745995806e-01
1.033656779315407448e+03 1.000000000000000000e+00 2.456335638868107907e-01
1.033895217639542125e+03 1.000000000000000000e+00 2.329931097275320939e-01
1.034133112204670851e+03 1.000000000000000000e+00 2.147779204527379693e-01
1.034371550528805528e+03 1.000000000000000000e+00 2.206416405536409109e-01
1.034609445093934255e+03 1.000000000000000000e+00 2.277329765726646693e-01
1.034847611538566071e+03 1.000000000000000000e+00 2.260818464153634133e-01
1.035086049862700747e+03 1.000000000000000000e+00 2.336436045260343042e-01
1.035324216307332563e+03 1.000000000000000000e+00 2.292206732566690885e-01
1.035562926510970328e+03 1.000000000000000000e+00 2.157001777765576167e-01
1.035801364835105005e+03 1.000000000000000000e+00 2.217145422776693464e-01
1.036040075038742771e+03 1.000000000000000000e+00 2.420931816329986996e-01
1.036278513362877447e+03 1.000000000000000000e+00 2.500121587355881858e-01
1.036516951687012352e+03 1.000000000000000000e+00 2.355778918926871024e-01
1.036755933770152978e+03 1.000000000000000000e+00 2.528604012734758655e-01
1.036994372094287655e+03 1.000000000000000000e+00 2.408536317844033603e-01
1.037233354177428510e+03 1.000000000000000000e+00 2.287836721731650036e-01
1.037472064381066275e+03 1.000000000000000000e+00 2.467802173088375906e-01
1.037711318343709991e+03 1.000000000000000000e+00 2.342420470383892728e-01
1.037950028547347756e+03 1.000000000000000000e+00 2.632487731085654814e-01
1.038188738750985522e+03 1.000000000000000000e+00 2.701285377381595354e-01
1.038428264593132326e+03 1.000000000000000000e+00 2.599476948275578070e-01
1.038667246676272953e+03 1.000000000000000000e+00 2.443842856927068152e-01
1.038906500638916896e+03 1.000000000000000000e+00 2.407450035786700415e-01
1.039145754601560611e+03 1.000000000000000000e+00 2.344720327266702486e-01
1.039385280443707416e+03 1.000000000000000000e+00 2.399645045448083325e-01
1.039624262526848042e+03 1.000000000000000000e+00 2.173159110600256239e-01
1.039864060248497935e+03 1.000000000000000000e+00 2.338119585153168312e-01
1.040103314211141424e+03 1.000000000000000000e+00 2.010913441352010222e-01
1.040342568173785367e+03 1.000000000000000000e+00 2.107552269246137921e-01
1.040582365895435032e+03 1.000000000000000000e+00 2.343594169378178105e-01
1.040821891737581836e+03 1.000000000000000000e+00 2.450823652020800436e-01
1.041061961338734591e+03 1.000000000000000000e+00 2.486954453745186255e-01
1.041301215301378534e+03 1.000000000000000000e+00 2.489090862911362834e-01
1.041541556782034149e+03 1.000000000000000000e+00 2.639465768049255034e-01
1.041781082624180954e+03 1.000000000000000000e+00 2.658789590999096619e-01
1.042020608466327758e+03 1.000000000000000000e+00 2.689504512197986030e-01
1.042260949946983374e+03 1.000000000000000000e+00 2.600569548920653729e-01
1.042500747668633267e+03 1.000000000000000000e+00 2.546291755767582932e-01
1.042741089149289110e+03 1.000000000000000000e+00 2.524712566231984145e-01
1.042981158750441637e+03 1.000000000000000000e+00 2.410903911500688612e-01
1.043221500231097480e+03 1.000000000000000000e+00 2.251880056864476176e-01
1.043461569832250234e+03 1.000000000000000000e+00 2.274900474842791176e-01
1.043701639433402988e+03 1.000000000000000000e+00 2.285202695099987080e-01
1.043942252793561920e+03 1.000000000000000000e+00 2.118158915945906606e-01
1.044182594274217763e+03 1.000000000000000000e+00 2.094505040356224035e-01
1.044423207634376467e+03 1.000000000000000000e+00 2.272150458886689206e-01
1.044663549115032083e+03 1.000000000000000000e+00 2.344669319499842752e-01
1.044904434354693876e+03 1.000000000000000000e+00 2.502793362220870343e-01
1.045144775835349719e+03 1.000000000000000000e+00 2.631249362338241582e-01
1.045385117316005562e+03 1.000000000000000000e+00 2.566835503465488832e-01
1.045626274435170217e+03 1.000000000000000000e+00 2.447512592327297787e-01
1.045866887795329149e+03 1.000000000000000000e+00 2.022423870743057517e-01
1.046108044914493803e+03 1.000000000000000000e+00 1.994547797421286628e-01
1.046348658274652507e+03 1.000000000000000000e+00 2.213238777759614639e-01
1.046590087273320478e+03 1.000000000000000000e+00 2.177893077827935675e-01
1.046830700633479182e+03 1.000000000000000000e+00 1.985895263426554758e-01
1.047071585873140975e+03 1.000000000000000000e+00 2.045118108814844571e-01
1.047313014871808718e+03 1.000000000000000000e+00 2.017907998526341506e-01
1.047553900111470512e+03 1.000000000000000000e+00 1.953783110326615113e-01
1.047795600989641343e+03 1.000000000000000000e+00 1.999605997463076990e-01
1.048036486229303136e+03 1.000000000000000000e+00 1.985024588949925728e-01
1.048278187107473968e+03 1.000000000000000000e+00 2.023630265792883687e-01
1.048519344226638850e+03 1.000000000000000000e+00 2.115034571726167045e-01
1.048760501345803505e+03 1.000000000000000000e+00 2.025083125137265849e-01
1.049002474103477198e+03 1.000000000000000000e+00 1.988590274120330681e-01
1.049243631222642080e+03 1.000000000000000000e+00 1.934445855095763833e-01
1.049485875859818861e+03 1.000000000000000000e+00 1.998764187535431724e-01
1.049727032978983743e+03 1.000000000000000000e+00 1.964590295733007752e-01
1.049969277616160525e+03 1.000000000000000000e+00 1.999268920279006212e-01
1.050210706614828268e+03 1.000000000000000000e+00 1.932101601340183716e-01
1.050452407492999100e+03 1.000000000000000000e+00 2.004501395243981632e-01
1.050694652130175882e+03 1.000000000000000000e+00 2.022979417582466688e-01
1.050936353008346714e+03 1.000000000000000000e+00 1.906552272583685870e-01
1.051178597645523496e+03 1.000000000000000000e+00 1.838278504431637705e-01
1.051420570403197189e+03 1.000000000000000000e+00 1.664247840489952723e-01
1.051662815040374198e+03 1.000000000000000000e+00 1.719170760725788893e-01
1.051904787798047892e+03 1.000000000000000000e+00 2.023879961250208692e-01
1.052146760555721585e+03 1.000000000000000000e+00 1.909154704548865489e-01
1.052389548951904544e+03 1.000000000000000000e+00 1.843479078835035812e-01
1.052631521709578237e+03 1.000000000000000000e+00 1.677382961979407838e-01
1.052874310105761197e+03 1.000000000000000000e+00 -1.579594850278133733e-01
1.053116554742937751e+03 1.000000000000000000e+00 1.703098691369246132e-01
1.053359343139120710e+03 1.000000000000000000e+00 1.773055802649035617e-01
1.053601587776297492e+03 1.000000000000000000e+00 1.736449371340173520e-01
1.053844104292977363e+03 1.000000000000000000e+00 1.973039836319609441e-01
1.054087164568663184e+03 1.000000000000000000e+00 2.052984069053705174e-01
1.054329681085342827e+03 1.000000000000000000e+00 1.997846313065136103e-01
1.054572741361028875e+03 1.000000000000000000e+00 1.918343043757359812e-01
1.054815257877708518e+03 1.000000000000000000e+00 1.665975052040579163e-01
1.055058590032897428e+03 1.000000000000000000e+00 1.662041742484702267e-01
1.055301378429080160e+03 1.000000000000000000e+00 1.823219778287032689e-01
1.055543894945760030e+03 1.000000000000000000e+00 1.827498988880641995e-01
1.055787498980451801e+03 1.000000000000000000e+00 1.714285874935098652e-01
1.056030287376634533e+03 1.000000000000000000e+00 1.793905916692426217e-01
1.056273891411326531e+03 1.000000000000000000e+00 1.722040173013130449e-01
1.056516951687012352e+03 1.000000000000000000e+00 1.835141685846291004e-01
1.056760555721704122e+03 1.000000000000000000e+00 1.787164672615815242e-01
1.057003615997389943e+03 1.000000000000000000e+00 1.807803396223161274e-01
1.057246676273075764e+03 1.000000000000000000e+00 1.947193967648047919e-01
1.057490552187270623e+03 1.000000000000000000e+00 1.840904112701318429e-01
1.057733884342459305e+03 1.000000000000000000e+00 1.820327396706514500e-01
1.057977760256654165e+03 1.000000000000000000e+00 1.702218072016296324e-01
1.058221092411843074e+03 1.000000000000000000e+00 1.933915797946343107e-01
1.058465240205540795e+03 1.000000000000000000e+00 1.894310283075804069e-01
1.058708572360729704e+03 1.000000000000000000e+00 1.787108505734005537e-01
1.058952720154427652e+03 1.000000000000000000e+00 1.742681859556735602e-01
1.059196324189119423e+03 1.000000000000000000e+00 1.786183439652619387e-01
1.059439928223811194e+03 1.000000000000000000e+00 1.890247746247921412e-01
1.059684347897012003e+03 1.000000000000000000e+00 1.960399703266033078e-01
1.059927951931703774e+03 1.000000000000000000e+00 1.994435435037109627e-01
1.060172643484407672e+03 1.000000000000000000e+00 1.976687598660854805e-01
1.060416519398602532e+03 1.000000000000000000e+00 2.069249209833049774e-01
1.060660939071803341e+03 1.000000000000000000e+00 2.069993188329682932e-01
1.060905086865501062e+03 1.000000000000000000e+00 1.931312826015582629e-01
1.061148962779696149e+03 1.000000000000000000e+00 1.945616677965471275e-01
1.061393654332399819e+03 1.000000000000000000e+00 1.898569637882389083e-01
1.061637802126097768e+03 1.000000000000000000e+00 1.951072002049101251e-01
1.061882765558304527e+03 1.000000000000000000e+00 1.978768248473596614e-01
1.062126913352002248e+03 1.000000000000000000e+00 2.003964630872459018e-01
1.062371876784209235e+03 1.000000000000000000e+00 1.951535412615028608e-01
1.062616296457410044e+03 9.999999999999998890e-01 1.880851167291278936e-01
1.062860716130610854e+03 9.999999999999998890e-01 1.961121765726525357e-01
1.063105951442320702e+03 9.999999999999998890e-01 1.914489855191710277e-01
1.063350371115521511e+03 9.999999999999998890e-01 1.854192645810612827e-01
1.063595606427231360e+03 9.999999999999998890e-01 2.043861772683153721e-01
1.063840297979935258e+03 9.999999999999998890e-01 1.978969551830881690e-01
1.064085533291645106e+03 9.999999999999997780e-01 2.261147884538251551e-01
1.064330496723851866e+03 9.999999999999997780e-01 2.093714793621504200e-01
1.064575188276555764e+03 9.999999999999997780e-01 2.043965877740314685e-01
1.064820695467768701e+03 9.999999999999996669e-01 1.830247447967475460e-01
1.065065658899975460e+03 9.999999999999996669e-01 1.752479484743318938e-01
1.065311437970691486e+03 9.999999999999995559e-01 2.026694194986919384e-01
1.065556401402898246e+03 9.999999999999993339e-01 1.934010166559539667e-01
1.065802180473614044e+03 9.999999999999992228e-01 1.816692819673758341e-01
1.066047415785323892e+03 9.999999999999991118e-01 1.759334244091356192e-01
1.066292651097033740e+03 9.999999999999990008e-01 1.864850938455258345e-01
1.066538430167749539e+03 9.999999999999987788e-01 1.960915328047601602e-01
1.066783665479459387e+03 9.999999999999985567e-01 1.805367604133367720e-01
1.067029716429678274e+03 9.999999999999982236e-01 1.716267215149526459e-01
1.067275223620891211e+03 9.999999999999978906e-01 1.809307149454930097e-01
1.067521274571110098e+03 9.999999999999975575e-01 1.655690044748381051e-01
1.067767053641825896e+03 9.999999999999970024e-01 1.661516249364609898e-01
1.068012560833038833e+03 9.999999999999965583e-01 1.586991040053768731e-01
1.068258883662760582e+03 9.999999999999957812e-01 1.661867191645829411e-01
1.068504662733476380e+03 9.999999999999950040e-01 1.655326489654483924e-01
1.068750985563198356e+03 9.999999999999941158e-01 1.582779425118514827e-01
1.068996764633914154e+03 9.999999999999930056e-01 1.679755762315727485e-01
1.069243359343139218e+03 9.999999999999916733e-01 1.804501917147212642e-01
1.069489410293357878e+03 9.999999999999901190e-01 1.700823669231773250e-01
1.069735461243576765e+03 9.999999999999883427e-01 1.713327812085453372e-01
1.069982055952801829e+03 9.999999999999861222e-01 1.728558971022747803e-01
1.070228106903020489e+03 9.999999999999836797e-01 1.749985728209914604e-01
1.070474973491748415e+03 9.999999999999806821e-01 1.769109459174110777e-01
1.070721296321470163e+03 9.999999999999770184e-01 1.723678824444330460e-01
1.070968162910198089e+03 9.999999999999729106e-01 1.697270635382729376e-01
1.071214485739920065e+03 9.999999999999679146e-01 1.861351930642572150e-01
1.071461080449144902e+03 9.999999999999621414e-01 1.810010730790423683e-01
1.071707947037872827e+03 9.999999999999552580e-01 1.779996191704702746e-01
1.071954541747097664e+03 9.999999999999472644e-01 1.874719804189688976e-01
1.072201680215328452e+03 9.999999999999377165e-01 1.913407889817866636e-01
1.072448546804056377e+03 9.999999999999263922e-01 1.815041875277967065e-01
1.072695685272287164e+03 9.999999999999132916e-01 1.802296920666104640e-01
1.072942551861015090e+03 9.999999999998977485e-01 1.834720732846666924e-01
1.073189418449743016e+03 9.999999999998795408e-01 1.911715202450541551e-01
1.073436828797476892e+03 9.999999999998582245e-01 1.849675343177015485e-01
1.073683695386204818e+03 9.999999999998331335e-01 1.957697351285512810e-01
1.073931377613441782e+03 9.999999999998036015e-01 1.978790642096852626e-01
1.074178516081672569e+03 9.999999999997690736e-01 1.732039200995078021e-01
1.074426198308909534e+03 9.999999999997284394e-01 1.724229630143888359e-01
1.074673336777140321e+03 9.999999999996810329e-01 1.738108508036411426e-01
1.074920475245371108e+03 9.999999999996254108e-01 1.712680460565253193e-01
1.075168429352111161e+03 9.999999999995601296e-01 1.756018204985799747e-01
1.075415839699845037e+03 9.999999999994839683e-01 1.670651813965465526e-01
1.075663793806584863e+03 9.999999999993944844e-01 1.446066695976204741e-01
1.075911204154318739e+03 9.999999999992902344e-01 1.598304513590096676e-01
1.076159158261058565e+03 9.999999999991679989e-01 1.618084182209622579e-01
1.076406840488295529e+03 9.999999999990254462e-01 1.687359186362041852e-01
1.076655066474538444e+03 9.999999999988585797e-01 1.682162433420725245e-01
1.076902748701775408e+03 9.999999999986641797e-01 1.631414897582278145e-01
1.077150430929012373e+03 9.999999999984374721e-01 1.707360430753089020e-01
1.077398928794758149e+03 9.999999999981721288e-01 1.716577417714733045e-01
1.077646611021995113e+03 9.999999999978638199e-01 1.722086759833721392e-01
1.077895108887740889e+03 9.999999999975034415e-01 1.615003812505821923e-01
1.078143334873983804e+03 9.999999999970842213e-01 1.745553105396065174e-01
1.078391832739729807e+03 9.999999999965955011e-01 1.690568159221097766e-01
1.078639786846469633e+03 9.999999999960281771e-01 1.694187133228250708e-01
1.078888012832712548e+03 9.999999999953675944e-01 1.639831977681931174e-01
1.079136782577961412e+03 9.999999999945980989e-01 1.583385186487225316e-01
1.079385008564204327e+03 9.999999999937055906e-01 1.555763286613515706e-01
1.079634050188956280e+03 9.999999999926654226e-01 1.682855534801867559e-01
1.079882276175199195e+03 9.999999999914617188e-01 1.605469850892182193e-01
1.080131317799951148e+03 9.999999999900601733e-01 1.529846600292401049e-01
1.080379815665696924e+03 9.999999999884379154e-01 1.528991429048308093e-01
1.080628313531442927e+03 9.999999999865570866e-01 1.638873140788416338e-01
1.080877627035697742e+03 9.999999999843700582e-01 1.618317893815234276e-01
1.081126124901443518e+03 9.999999999818445229e-01 1.646101602392436025e-01
1.081375438405698560e+03 9.999999999789106475e-01 1.822654713551485894e-01
1.081624480030450513e+03 9.999999999755181390e-01 1.803058274419309104e-01
1.081873793534705328e+03 9.999999999715887267e-01 1.724666666704703644e-01
1.082122563279954420e+03 9.999999999670547979e-01 1.635151175869001272e-01
1.082371604904706146e+03 9.999999999618091051e-01 1.741719683468590796e-01
1.082621190288464049e+03 9.999999999557347419e-01 1.651727205717244962e-01
1.082870231913216003e+03 9.999999999487350077e-01 1.592307270903720595e-01
1.083119817296973906e+03 9.999999999406373741e-01 1.692529915334662627e-01
1.083369130801228721e+03 9.999999999313040622e-01 1.785456058640082777e-01
1.083618988064489713e+03 9.999999999205155810e-01 1.807814345881323115e-01
1.083868301568744755e+03 9.999999999081052859e-01 1.713366026797594199e-01
1.084117615072999570e+03 9.999999998938073897e-01 1.653483124341005861e-01
1.084367472336260562e+03 9.999999998773042575e-01 1.854905850365360376e-01
1.084617057720018465e+03 9.999999998583254390e-01 1.841499703387850240e-01
1.084867186862782319e+03 9.999999998364372811e-01 1.812939493566947391e-01
1.085116772246540222e+03 9.999999998113155986e-01 1.849982320940434244e-01
1.085366901389304303e+03 9.999999997823707520e-01 1.830013191379143700e-01
1.085616486773062206e+03 9.999999997491818560e-01 1.718639414237537466e-01
1.085866344036323198e+03 9.999999997110234906e-01 1.744082044046234570e-01
1.086116745058589913e+03 9.999999996671150582e-01 1.770528603134386980e-01
1.086366602321850905e+03 9.999999996168339456e-01 1.704022878782831540e-01
1.086617003344117848e+03 9.999999995590320712e-01 1.665769793312641966e-01
1.086867132486881928e+03 9.999999994928280289e-01 1.717251417158257576e-01
1.087117805388651732e+03 9.999999994167841910e-01 1.694321147653874704e-01
1.087367934531415585e+03 9.999999993298590573e-01 1.611831518487760184e-01
1.087617791794676577e+03 9.999999992304581253e-01 1.547230008555854630e-01
1.087868736575949470e+03 9.999999991162006330e-01 1.602242188162411596e-01
1.088118865718713323e+03 9.999999989859157390e-01 1.714672936861533492e-01
1.088369810499986215e+03 9.999999988364558501e-01 1.690947314359867448e-01
1.088620211522253385e+03 9.999999986659980911e-01 1.922244211487146581e-01
1.088871428183029366e+03 9.999999984706150480e-01 1.780103334515388547e-01
1.089121829205296081e+03 9.999999982482241645e-01 1.829000854750042204e-01
1.089372502107066111e+03 9.999999979941501804e-01 1.833512405851199234e-01
1.089623718767842092e+03 9.999999977036436727e-01 1.797436278734203252e-01
1.089874391669611896e+03 9.999999973730797631e-01 1.752740485846330520e-01
1.090125608330387877e+03 9.999999969954829204e-01 1.794202243211598380e-01
1.090376281232157908e+03 9.999999965662380585e-01 1.717407320662397707e-01
1.090627769772436750e+03 9.999999960758316764e-01 1.515076493002145142e-01
1.090878714553709642e+03 9.999999955188102474e-01 1.673886053076186486e-01
1.091129659334982762e+03 9.999999948851497900e-01 1.521472911032943909e-01
1.091381147875261604e+03 9.999999941629927891e-01 1.648294566213808487e-01
1.091632364536037585e+03 9.999999933429941645e-01 1.683324720992231682e-01
1.091884124955819516e+03 9.999999924092600745e-01 1.725058331892795338e-01
1.092135341616595497e+03 9.999999913511266048e-01 1.710535357016709779e-01
1.092387102036377428e+03 9.999999901474050379e-01 1.656339585458763697e-01
1.092638318697153409e+03 9.999999887846465763e-01 1.670536646323664276e-01
1.092889807237432251e+03 9.999999872376807986e-01 1.608875615810067550e-01
1.093141839536717271e+03 9.999999854802131827e-01 1.719278176158544336e-01
1.093393328076996340e+03 9.999999834931904141e-01 1.648539816306817951e-01
1.093645360376281133e+03 9.999999812379949393e-01 1.625057910371330017e-01
1.093896848916560202e+03 9.999999786907282084e-01 1.623485913401703784e-01
1.094149153095348083e+03 9.999999757991961946e-01 1.596598934764811573e-01
1.094400913515130014e+03 9.999999725359374203e-01 1.650330454556896975e-01
1.094652673934911945e+03 9.999999688474986437e-01 1.645628523672485188e-01
1.094904978113700054e+03 9.999999646709627488e-01 1.714690117159734517e-01
1.095157010412985073e+03 9.999999599590392307e-01 1.623121484702850503e-01
1.095409586471275816e+03 9.999999546281308493e-01 1.627086535108358822e-01
1.095661618770560835e+03 9.999999486258492887e-01 1.599448877136198932e-01
1.095914194828851805e+03 9.999999418417512276e-01 1.578029737929785292e-01
1.096166227128136825e+03 9.999999342107732669e-01 1.645278939347832592e-01
1.096419075065930656e+03 9.999999255844755908e-01 1.693804843289740958e-01
1.096671379244718764e+03 9.999999158896105689e-01 1.685557633053212379e-01
1.096923683423506645e+03 9.999999049770723625e-01 1.611138153230670667e-01
1.097176531361300704e+03 9.999998926719105841e-01 1.567769015576683245e-01
1.097428835540088585e+03 9.999998788628913227e-01 1.447627804795011131e-01
1.097681955357385505e+03 9.999998632892271866e-01 1.583166478965988000e-01
1.097934531415676474e+03 9.999998458272479906e-01 1.652761845541709240e-01
1.098187651232973622e+03 9.999998261732232496e-01 1.610325187404607061e-01
1.098440499170767453e+03 9.999998041328006515e-01 1.583205287563084207e-01
1.098693075229058422e+03 9.999997794315332866e-01 1.590688065366914483e-01
1.098946466925858431e+03 9.999997516390556340e-01 1.675336045559494835e-01
1.099199314863652489e+03 9.999997205497178632e-01 1.709211743827684649e-01
1.099452706560452270e+03 9.999996856398259970e-01 1.695280517343906723e-01
1.099705554498246329e+03 9.999996466274211349e-01 1.643635825171397002e-01
1.099959218074549426e+03 9.999996028144920723e-01 1.738742800346084472e-01
1.100212337891846346e+03 9.999995538952671792e-01 1.689726732182094127e-01
1.100465457709143266e+03 9.999994991908562891e-01 1.718119945835280271e-01
1.100719121285446136e+03 9.999994379085902496e-01 1.679469342769967233e-01
1.100972241102743283e+03 9.999993695857533060e-01 1.596165625143215194e-01
1.101226176558549241e+03 9.999992930369138167e-01 1.543568694519351914e-01
1.101479568255349250e+03 9.999992077680064373e-01 1.639094603230368541e-01
1.101733503711155208e+03 9.999991124246190299e-01 1.593052941316927262e-01
1.101987167287458078e+03 9.999990062056384188e-01 1.422147598789721690e-01
1.102240558984258087e+03 9.999988879432456512e-01 1.553479023152768979e-01
1.102494766319567134e+03 9.999987557562987073e-01 1.598722203443525003e-01
1.102748429895870004e+03 9.999986088598161738e-01 1.593144423336362303e-01
1.103002637231179051e+03 9.999984449973960965e-01 1.537740115445383193e-01
1.103256300807482148e+03 9.999982630821457885e-01 1.587929335811604781e-01
1.103510780022294057e+03 9.999980601301703409e-01 1.550901570259352324e-01
1.103764715478100015e+03 9.999978350175869890e-01 1.489605624756001889e-01
1.104018650933905974e+03 9.999975849426218089e-01 1.646373013931706486e-01
1.104273130148718110e+03 9.999973066495078111e-01 1.539008525055917953e-01
1.104527065604524068e+03 9.999969984315413285e-01 1.602637078767973899e-01
1.104781816698839066e+03 9.999966553920777157e-01 1.432253309704947242e-01
1.105036024034148113e+03 9.999962758026651466e-01 1.431247206024331975e-01
1.105290775128462883e+03 9.999958541800032519e-01 1.417918417417770860e-01
1.105544982463771930e+03 9.999953881019626456e-01 1.474374564319391179e-01
1.105799461678584066e+03 9.999948715127001675e-01 1.530645253659840832e-01
1.106054484652401925e+03 9.999942985210655833e-01 1.564694522874185145e-01
1.106308963867213834e+03 9.999936659965793506e-01 1.583484151758175473e-01
1.106563986841031920e+03 9.999929651165139211e-01 1.615377169636488530e-01
1.106818466055844056e+03 9.999921921934890046e-01 1.527648751460098653e-01
1.107073760909165003e+03 9.999913356444788404e-01 1.493491579260670110e-01
1.107328512003480000e+03 9.999903918993149343e-01 1.523168339178081754e-01
1.107583263097794998e+03 9.999893504940792210e-01 1.449491133313661750e-01
1.107838557951115945e+03 9.999881993271471092e-01 1.460564724639639711e-01
1.108093580924934031e+03 9.999869314689445732e-01 1.477768432093457818e-01
1.108348875778254978e+03 9.999855328159147350e-01 1.556532679245659356e-01
1.108603898752073064e+03 9.999839939385266607e-01 1.558682202661864635e-01
1.108859737364399962e+03 9.999822942322208474e-01 1.581061967375889943e-01
1.109114760338218048e+03 9.999804297918087892e-01 1.634049791891669101e-01
1.109369783312036134e+03 9.999783794550634042e-01 1.457468260049486486e-01
1.109625621924363031e+03 9.999761182706435880e-01 1.476909397264069002e-01
1.109880916777684206e+03 9.999736389307968265e-01 1.398040909833127288e-01
1.110136755390011103e+03 9.999709101706574232e-01 1.404564877225114028e-01
1.110392322122835139e+03 9.999679178437689275e-01 1.490604479519951064e-01
1.110648432614665126e+03 9.999646275144399299e-01 1.503725548986191707e-01
1.110903727467986073e+03 9.999610307034288992e-01 1.517106487612082666e-01
1.111159294200810109e+03 9.999570844790292012e-01 1.551100614350350015e-01
1.111415676572143184e+03 9.999527470550911845e-01 1.587567981105784676e-01
1.111671243304967220e+03 9.999480123677689791e-01 1.580774588151788174e-01
1.111927625676300295e+03 9.999428136203536432e-01 1.563319095805170977e-01
1.112183464288627192e+03 9.999371381988497731e-01 1.507844264930005007e-01
1.112439846659960267e+03 9.999309191910441541e-01 1.472851658140271469e-01
1.112695685272287392e+03 9.999241368921422124e-01 1.409572282499202689e-01
1.112951795764117151e+03 9.999167208052717193e-01 1.410187631446443435e-01
1.113208450014953314e+03 9.999086061209228049e-01 1.448842438750253536e-01
1.113464560506783300e+03 9.998997691653145337e-01 1.466117738247759983e-01
1.113721214757619236e+03 9.998901096729229110e-01 1.472108813612688916e-01
1.113977597128952311e+03 9.998795895474679174e-01 1.427375217463259516e-01
1.114234523259291336e+03 9.998681009912907536e-01 1.440161225980989557e-01
1.114490633751121322e+03 9.998556281714994221e-01 1.397655965329624994e-01
1.114747016122454397e+03 9.998420373888250445e-01 1.458565712197449904e-01
1.115004214132296511e+03 9.998272020360802204e-01 1.409191011187123366e-01
1.115260596503629586e+03 9.998111190380986057e-01 1.306818189352787762e-01
1.115517794513471472e+03 9.997935813444760456e-01 1.284045496762215299e-01
1.115774448764307635e+03 9.997745673710731751e-01 1.280786257808096684e-01
1.116031646774149749e+03 9.997538760587700857e-01 1.273468931866238996e-01
1.116288572904488774e+03 9.997314414730282817e-01 1.266608254485981910e-01
1.116546042793833749e+03 9.997070510239691732e-01 1.359260605368027564e-01
1.116802697044669912e+03 9.996806889043747812e-01 1.404570027458682813e-01
1.117059623175008937e+03 9.996520921169625984e-01 1.535901855474823552e-01
1.117317093064353912e+03 9.996210506180239763e-01 1.531959704728034777e-01
1.117574291074196026e+03 9.995874782065433672e-01 1.543303856000361463e-01
1.117832032843043862e+03 9.995510707104656722e-01 1.413845421941522518e-01
1.118089230852885976e+03 9.995117757408982229e-01 1.318354114386864617e-01
1.118346972621734039e+03 9.994692069395497702e-01 1.234090646687463627e-01
1.118604170631575926e+03 9.994233100402039049e-01 1.240425924594319995e-01
1.118861640520921128e+03 9.993736957155536782e-01 1.323223409672849293e-01
1.119119654169272280e+03 9.993200279862658464e-01 1.484490677457305230e-01
1.119377124058617028e+03 9.992622506033949081e-01 1.500783890458996794e-01
1.119635137706968180e+03 9.991998186433290741e-01 1.505628880371274458e-01
1.119892879475816471e+03 9.991326030815861348e-01 1.355642863801696241e-01
1.120150893124167396e+03 9.990601228961591973e-01 1.369241010189262975e-01
1.120408634893015460e+03 9.989821716491872339e-01 1.496428447504067061e-01
1.120666376661863296e+03 9.988982955554758236e-01 1.519121294044143422e-01
1.120924934069220399e+03 9.988077961146178962e-01 1.532173155016057220e-01
1.121182675838068462e+03 9.987108172548357921e-01 1.514811531564260738e-01
1.121441233245425565e+03 9.986062917305935649e-01 1.470960129602864874e-01
1.121699246893776490e+03 9.984942796985255553e-01 1.493124986760936135e-01
1.121957804301133592e+03 9.983738027193878040e-01 1.365767799656174009e-01
1.122216089828987606e+03 9.982446941871684354e-01 1.284105375345341582e-01
1.122474103477338758e+03 9.981064202550201658e-01 1.293132206022577224e-01
1.122732932764198949e+03 9.979577744432623909e-01 1.132023392608364348e-01
1.122991490171556052e+03 9.977987242537009749e-01 1.153534751198152936e-01
1.123250319458415788e+03 9.976282755289456183e-01 1.187196285582269167e-01
1.123508604986270257e+03 9.974462919384461390e-01 1.282324694514175856e-01
1.123767706152633082e+03 9.972510678731525413e-01 1.398786442248000361e-01
1.124026263559990184e+03 9.970428439193941283e-01 1.433826174686068655e-01
1.124284820967347287e+03 9.968204242489419054e-01 1.358769586498828064e-01
1.124544194013213200e+03 9.965821970868529167e-01 1.377707932423481996e-01
1.124802751420570303e+03 9.963287811034026165e-01 1.437261698003087784e-01
1.125062124466436444e+03 9.960576534426573980e-01 1.298908717729869156e-01
1.125320953753296408e+03 9.957692447860004847e-01 1.458071625721242826e-01
1.125580598678665410e+03 9.954610006998015903e-01 1.441007554524785517e-01
1.125839427965525601e+03 9.951338063849194393e-01 1.433290516187191721e-01
1.126098529131888881e+03 9.947852533584524704e-01 1.485297342122935960e-01
1.126358174057257884e+03 9.944137302375731791e-01 1.338817788164706202e-01
1.126617275223620709e+03 9.940196023682661419e-01 1.263433412990831728e-01
1.126877192028492800e+03 9.935995212559185497e-01 1.369237173586171086e-01
1.127136293194856080e+03 9.931548362796264184e-01 1.426468268893112401e-01
1.127396209999728171e+03 9.926814066808452575e-01 1.464339720197774808e-01
1.127655583045594085e+03 9.921802785069803177e-01 1.447782326248013007e-01
1.127914956091460226e+03 9.916490558681613221e-01 1.365582644395363920e-01
1.128175144775835406e+03 9.910844336476051231e-01 1.321816599120007873e-01
1.128434517821701320e+03 9.904884141085050775e-01 1.414691203512372375e-01
1.128694978385579589e+03 9.898549747076033078e-01 1.386621178910859564e-01
1.128954351431445502e+03 9.891877669414640417e-01 1.339093645306806413e-01
1.129214811995323544e+03 9.884794989717745617e-01 1.394843223555884415e-01
1.129474456920692546e+03 9.877335468132990570e-01 1.444133150285760170e-01
1.129734373725564637e+03 9.869451229324711639e-01 1.426492032567666934e-01
1.129994834289442906e+03 9.861113639559436761e-01 1.483712594752246428e-01
1.130254751094314770e+03 9.852338664962589920e-01 1.462902094837809919e-01
1.130515483537696127e+03 9.843060310259398316e-01 1.395478386614652511e-01
1.130775400342567991e+03 9.833316886599009488e-01 1.384146564091707499e-01
1.131036404665452210e+03 9.823015999395993125e-01 1.501070213734912173e-01
1.131296593349827390e+03 9.812211355217166364e-01 1.454464787515558355e-01
1.131556782034202570e+03 9.800850664845688343e-01 1.495131949640546021e-01
1.131817786357086561e+03 9.788874320584125543e-01 1.505133226833363647e-01
1.132077975041461514e+03 9.776335551877618490e-01 1.377992579531156503e-01
1.132338979364345505e+03 9.763133761522608811e-01 1.296431583211341831e-01
1.132599711807726635e+03 9.749299781051915526e-01 1.273781280496857071e-01
1.132860716130610854e+03 9.734782288503610603e-01 1.339220672519381705e-01
1.133121448573991984e+03 9.719588927973904502e-01 1.313697410380302300e-01
1.133382181017373114e+03 9.703682229678599613e-01 1.422967090802483292e-01
1.133643457219760194e+03 9.687003933125039046e-01 1.458802412747746691e-01
1.133904189663141324e+03 9.669600644213722784e-01 1.517644672101842174e-01
1.134165737745031265e+03 9.651357545144724215e-01 1.546063185453731559e-01
1.134426742067915484e+03 9.632345488970606162e-01 1.487726538956334887e-01
1.134688290149805653e+03 9.612462600766158438e-01 1.368539510362107858e-01
1.134949294472689644e+03 9.591769186997394225e-01 1.347033436662226913e-01
1.135210298795573863e+03 9.570202743847424642e-01 1.279532039074777472e-01
1.135472118756966893e+03 9.547669980281857649e-01 1.218512871804839914e-01
1.135733394959353973e+03 9.524265153183942845e-01 1.226019895568347950e-01
1.135995214920747003e+03 9.499869956233786272e-01 1.327578276729095008e-01
1.136256491123134310e+03 9.474565478338637936e-01 1.233149993908842362e-01
1.136518582964030429e+03 9.448198905399272096e-01 1.305083975385852302e-01
1.136780131045920371e+03 9.420886601198884547e-01 1.346975742258154363e-01
1.137042222886816489e+03 9.392496920358969215e-01 1.278365669489109624e-01
1.137303770968706658e+03 9.363130566101821595e-01 1.308757004499969678e-01
1.137565590930099688e+03 9.332681470018601155e-01 1.270159164537820740e-01
1.137827682770995807e+03 9.301131321697133636e-01 1.213071024164418810e-01
1.138089502732388837e+03 9.268531747220528638e-01 1.328195213846779799e-01
1.138351866452788045e+03 9.234766926137936149e-01 1.332888361041539016e-01
1.138613958293684163e+03 9.199928900232066109e-01 1.255026944399977307e-01
1.138876322014083371e+03 9.163935622781579360e-01 1.177576581510811349e-01
1.139138413854979262e+03 9.126853487771606765e-01 1.290713787997988526e-01
1.139400505695875381e+03 9.088639197610428599e-01 1.249222565281773584e-01
1.139663141295777677e+03 9.049205052562964147e-01 1.242700205476331143e-01
1.139925233136673796e+03 9.008711245420949476e-01 1.293129341209352801e-01
1.140188140616078726e+03 8.966944747665952509e-01 1.291837834045047317e-01
1.140450504336477934e+03 8.924120441618771382e-01 1.318809032599567999e-01
1.140713411815883319e+03 8.880063540541153211e-01 1.356707355988617525e-01
1.140976047415785160e+03 8.834913768595766825e-01 1.304836034972073622e-01
1.141238411136184368e+03 8.788681556844037956e-01 1.227073875752532767e-01
1.141501590495092387e+03 8.741180892924556023e-01 1.142661126989527598e-01
1.141764226094994683e+03 8.692666752361823956e-01 1.034882416155577939e-01
1.142027405453902702e+03 8.642951885521261701e-01 1.034738664504972205e-01
1.142290312933307860e+03 8.592204624771425658e-01 1.102602965855807582e-01
1.142553492292216106e+03 8.540338318670335216e-01 1.117169163060275361e-01
1.142816399771621263e+03 8.487480747349320787e-01 1.180867360344382000e-01
1.143079307251026194e+03 8.433601828647941945e-01 1.208282675216668239e-01
1.143343030368940390e+03 8.378555095824169463e-01 1.277560195048501324e-01
1.143605937848345548e+03 8.322708747048385147e-01 1.334122694005078213e-01
1.143869660966259744e+03 8.265746411213487077e-01 1.309136976699433463e-01
1.144132840325167763e+03 8.207992634952886446e-01 1.332975492359864400e-01
1.144396563443081959e+03 8.149243513410815432e-01 1.253792250552147880e-01
1.144660014681493067e+03 8.089716309392657179e-01 1.091941756714724099e-01
1.144923194040401313e+03 8.029452656682588563e-01 1.145758181805765497e-01
1.145187189037818371e+03 7.968242339885077685e-01 1.143692506034259121e-01
1.145450640276229706e+03 7.906442624124500052e-01 1.107272561637900610e-01
1.145714907153149625e+03 7.843778953913612684e-01 1.233315424624873702e-01
1.145978358391560960e+03 7.780685260012222271e-01 1.215330179749211648e-01
1.146242625268480879e+03 7.716819921252988657e-01 1.293266375337553953e-01
1.146506348386395075e+03 7.652561221152944793e-01 1.227143217977450379e-01
1.146770071504309271e+03 7.587830400572933565e-01 1.139657661625516072e-01
1.147034610260732507e+03 7.522478905859182330e-01 1.066741539278012185e-01
1.147298333378646475e+03 7.456964681362050484e-01 1.046772127128226676e-01
1.147563144014572572e+03 7.390870857425074769e-01 1.084547425564909573e-01
1.147826867132486768e+03 7.324797530559902237e-01 1.166122284195940800e-01
1.148091677768413092e+03 7.258258210564384472e-01 1.258584044237607835e-01
1.148355944645333238e+03 7.191721344697824536e-01 1.141251252604039146e-01
1.148619939642750069e+03 7.125178684503732374e-01 1.172715809869932374e-01
1.148884750278676393e+03 7.058416257621960010e-01 1.021834438780078597e-01
1.149149289035099628e+03 6.991768884966450548e-01 9.955480416701330271e-02
1.149414099671025724e+03 6.925160617078631731e-01 9.653388886115213396e-02
1.149678638427448959e+03 6.858789197887260602e-01 9.511863431443930150e-02
1.149943720942878144e+03 6.792511376185662586e-01 1.003124252492769014e-01
1.150208259699301152e+03 6.726659767267679779e-01 9.971639147775721024e-02
1.150472798455724387e+03 6.661158434028313646e-01 1.016632327786264750e-01
1.150738152850656434e+03 6.595867130059300809e-01 1.045771805935337001e-01
1.151002691607079669e+03 6.531246528896573755e-01 1.100468773921921134e-01
1.151268317881514804e+03 6.466891359186371924e-01 1.145007728209542358e-01
1.151533128517440900e+03 6.403321369094654436e-01 1.024043253345394422e-01
1.151798754791876036e+03 6.340202069327786072e-01 9.920974553455626233e-02
1.152063565427802359e+03 6.277976886948495316e-01 1.073268336751165009e-01
1.152328647943231545e+03 6.216442773635584285e-01 1.070367487030064874e-01
1.152594274217666680e+03 6.155593673398959131e-01 1.131506716805380369e-01
1.152859628612598726e+03 6.095669913422560038e-01 1.137870141654257622e-01
1.153125526766536950e+03 6.036539612037499225e-01 1.104925019285404597e-01
1.153390609281966135e+03 5.978552942077736132e-01 1.082994119312992165e-01
1.153656507435904359e+03 5.921400975197727012e-01 1.109528837657617756e-01
1.153922133710339494e+03 5.865366881088258655e-01 1.185649001658983653e-01
1.154187488105271541e+03 5.810491965744192244e-01 1.177818739507010826e-01
1.154453658138712854e+03 5.756597842108243102e-01 1.184327889760700969e-01
1.154719284413147989e+03 5.704002832415796531e-01 1.105342113884747318e-01
1.154985454446589301e+03 5.652531358729928623e-01 1.151051407112046870e-01
1.155251080721024437e+03 5.602431608889451020e-01 1.140036451810982204e-01
1.155517522633968611e+03 5.553485468647935130e-01 1.188417315872100366e-01
1.155783420787906834e+03 5.505979208918335699e-01 1.132061504485853132e-01
1.156049318941844831e+03 5.459844353849669929e-01 1.086158679438140318e-01
1.156315760854789232e+03 5.415021950128476869e-01 1.093419300412780265e-01
1.156581930888230318e+03 5.371680868764808769e-01 1.124379668007674249e-01
1.156848644680677580e+03 5.329718425026671591e-01 1.107175100867965195e-01
1.157114542834615804e+03 5.289372448384633829e-01 1.093934744514897112e-01
1.157381528506565928e+03 5.250381192746051973e-01 1.161561602035686841e-01
1.157647698540007241e+03 5.213048026680717761e-01 1.154802180066779593e-01
1.157914684211957365e+03 5.177165843122232269e-01 1.145307604600636492e-01
1.158181126124901311e+03 5.142939914187563133e-01 1.150280090359047103e-01
1.158447568037845713e+03 5.110314289419196632e-01 1.017196998287163701e-01
1.158714825589298698e+03 5.079213919220323392e-01 1.080611143511051586e-01
1.158981267502243099e+03 5.049844718713651925e-01 1.102229377121803910e-01
1.159248525053696312e+03 5.022041751884771532e-01 1.052960583334307809e-01
1.159515238846143347e+03 4.995962583823183589e-01 1.065725570033559666e-01
1.159782496397596560e+03 4.971513367139374640e-01 1.074447318068324914e-01
1.160049482069546684e+03 4.948782639321772647e-01 1.074456763161859840e-01
1.160316195861993947e+03 4.927775472936719581e-01 1.111691130101559871e-01
1.160583725292950248e+03 4.908420688313571700e-01 1.101488456499381818e-01
1.160850982844403234e+03 4.890810474599683877e-01 1.036337073471617076e-01
1.161118512275359535e+03 4.874916352094413874e-01 1.034613345212165442e-01
1.161385497947309659e+03 4.860790558369834091e-01 1.044085978628847833e-01
1.161653299257768822e+03 4.848369397104926315e-01 1.077315805144924282e-01
1.161920828688725123e+03 4.837713370304289051e-01 1.103906802701791062e-01
1.162188086240178336e+03 4.828821057435978004e-01 1.043191727039710082e-01
1.162455887550637499e+03 4.821671143908482504e-01 1.091154856019358882e-01
1.162723416981593800e+03 4.816290470745356322e-01 1.133705779375525635e-01
1.162991490171556052e+03 4.812666967832306963e-01 1.114411697085672670e-01
1.163259019602512126e+03 4.810816248477802204e-01 1.142037612111985040e-01
1.163527364671977239e+03 4.810731795593592985e-01 1.095824128503484485e-01
1.163794894102933540e+03 4.812413599242655882e-01 1.039626993820864514e-01
1.164062695413392703e+03 4.815861874234267925e-01 1.028231074375102333e-01
1.164331040482857816e+03 4.821086226744059622e-01 1.033767777989881287e-01
1.164599113672820067e+03 4.828070773011228223e-01 1.053246907333446336e-01
1.164867458742285407e+03 4.836826237000479978e-01 1.052569088639119937e-01
1.165135531932247432e+03 4.847330681066387981e-01 1.054333042506518936e-01
1.165404148881215860e+03 4.859613754341840508e-01 1.106979861830299922e-01
1.165672222071177885e+03 4.873619937373484534e-01 1.127899184319813147e-01
1.165940295261140136e+03 4.889365719199580962e-01 1.065278977710239217e-01
1.166209455969114515e+03 4.906918051670494663e-01 1.043479923806998749e-01
1.166477529159076767e+03 4.926126702642713018e-01 1.143041679430129715e-01
1.166746689867050918e+03 4.947138134165223189e-01 1.081812283942704539e-01
1.167015034936516031e+03 4.969796058747023570e-01 9.793424865283234526e-02
1.167284195644490183e+03 4.994226801695854645e-01 9.739629447195222167e-02
1.167552540713955523e+03 5.020269858392889528e-01 1.035073845530408709e-01
1.167821157662923724e+03 5.048012087743500853e-01 1.084620448160477368e-01
1.168090590250400965e+03 5.077505009542591097e-01 1.015314293933145540e-01
1.168359207199369166e+03 5.108554062607498780e-01 9.653295497629589550e-02
1.168628639786846406e+03 5.141330471186856821e-01 1.011853357235575068e-01
1.168897528615317697e+03 5.175652727669132203e-01 1.058207773611842123e-01
1.169166961202794937e+03 5.211639591479215738e-01 1.036144729974320944e-01
1.169436121910769089e+03 5.249163075790178601e-01 1.076233030301810695e-01
1.169705010739240379e+03 5.288195537796498424e-01 1.035692831346943510e-01
1.169974715206220480e+03 5.328875046733333454e-01 1.078308981435590758e-01
1.170243875914194859e+03 5.370972850263315834e-01 1.025078579376750426e-01
1.170513852260678050e+03 5.414676083028056031e-01 9.941353089131618748e-02
1.170783012968652201e+03 5.459691414264976617e-01 1.024017334821625269e-01
1.171052989315135392e+03 5.506260576813478691e-01 1.061599755997494621e-01
1.171322421902612632e+03 5.554118541523889174e-01 1.045053506701280333e-01
1.171591854490089872e+03 5.603323326768516743e-01 1.053677756908437263e-01
1.171862102716076151e+03 5.653993730544102370e-01 1.108371474279522817e-01
1.172131535303553392e+03 5.705785980103915689e-01 1.102018059823126617e-01
1.172401783529539671e+03 5.758973840031366143e-01 1.037683055036731083e-01
1.172671759876022861e+03 5.813305487303921382e-01 1.072987412161326148e-01
1.172942008102009140e+03 5.868847007955203532e-01 1.156839066301525443e-01
1.173211712568989242e+03 5.925384099282001715e-01 1.158067203226880865e-01
1.173481960794975748e+03 5.983098044155407136e-01 1.171636598675184909e-01
1.173752480900464889e+03 6.041887119157836050e-01 1.052553405531684583e-01
1.174022457246948079e+03 6.101522566470330977e-01 1.148566491114549060e-01
1.174292977352437447e+03 6.162192953497095393e-01 1.102501222331128544e-01
1.174563225578423499e+03 6.223663668864557463e-01 1.163235010784571949e-01
1.174834017563415955e+03 6.286066844260077557e-01 1.155493376929885574e-01
1.175104265789402007e+03 6.349095939840175840e-01 1.126131374669593066e-01
1.175374785894891374e+03 6.412882854614645467e-01 1.112664153048951443e-01
1.175645849759386692e+03 6.477436212136600258e-01 1.019233627575885925e-01
1.175916369864875833e+03 6.542437444941531233e-01 1.020916126399705887e-01
1.176187433729371151e+03 6.608087133528431911e-01 1.094359598710681059e-01
1.176457953834860291e+03 6.674060453947622262e-01 1.167396328154161889e-01
1.176729289578858470e+03 6.740627160880185986e-01 1.149392330679635810e-01
1.177000081563850699e+03 6.807391314588764342e-01 1.080742252641684609e-01
1.177270873548843156e+03 6.874422498898152822e-01 1.084919693520906697e-01
1.177542209292841562e+03 6.941791961301866376e-01 9.979581055599193173e-02
1.177813001277833564e+03 7.009165355485263982e-01 1.073858658498060697e-01
1.178084608901335059e+03 7.076816255607274453e-01 1.094824082215564848e-01
1.178355672765830150e+03 7.144341275277952263e-01 1.115549885001748537e-01
1.178627552268834279e+03 7.212013800328455071e-01 1.094637860079012426e-01
1.178898616133329597e+03 7.279362742823937138e-01 1.162660601057378534e-01
1.179170495636333953e+03 7.346728149758386950e-01 1.177411578949735110e-01
1.179441559500829271e+03 7.413640844796683949e-01 1.130152935670588332e-01
1.179713167124330539e+03 7.480371718263972847e-01 1.102461627076663508e-01
1.179985046627334668e+03 7.546787337823857023e-01 1.109780477092304207e-01
1.180256654250835936e+03 7.612689617904958572e-01 1.131889772745651029e-01
1.180528805633343381e+03 7.678210152575641878e-01 1.138128809068019720e-01
1.180800413256844422e+03 7.743021318930641828e-01 1.103945962781025386e-01
1.181072564639351867e+03 7.807316150638210495e-01 1.165858831386965277e-01
1.181344444142355997e+03 7.870833815672547695e-01 1.132786569643804142e-01
1.181616051765857264e+03 7.933508365342284430e-01 1.187231219993962195e-01
1.181888475027867571e+03 7.995518689614491414e-01 1.151452376287803309e-01
1.182160354530871928e+03 8.056482701321652229e-01 1.141248131592094012e-01
1.182433049672385096e+03 8.116629952277871762e-01 1.183982251330346347e-01
1.182704929175389452e+03 8.175524401239467887e-01 1.184959529116178523e-01
1.182977624316902620e+03 8.233439751172713095e-01 1.131397675717753931e-01
1.183249775699409838e+03 8.290002448006493774e-01 1.111768550948284418e-01
1.183522198961420372e+03 8.345296553694506736e-01 1.125080550939706742e-01
1.183795165982436629e+03 8.399278973353557776e-01 1.166882906197298231e-01
1.184067317364943847e+03 8.451585929725072832e-01 1.164939111330141608e-01
1.184340556265462965e+03 8.502477809727958524e-01 1.152876984673597144e-01
1.184612979527473271e+03 8.551489128787655991e-01 1.196907628307276594e-01
1.184885946548489528e+03 8.598752133133615860e-01 1.342585095459774835e-01
1.185158641690002923e+03 8.644002015718517118e-01 1.397498507747113872e-01
1.185431336831516319e+03 8.687160088428006466e-01 1.402392498710948732e-01
1.185704575732035664e+03 8.728173427973745513e-01 1.312446001733024725e-01
1.185977542753051921e+03 8.766778603046107010e-01 1.143190617338353532e-01
1.186250781653571266e+03 8.802910553767528956e-01 1.167036084476035657e-01
1.186523748674587523e+03 8.836352780827215758e-01 1.111244232177231589e-01
1.186797259454609502e+03 8.867054915738225018e-01 1.147053638982878515e-01
1.187070498355128848e+03 8.894775638073010304e-01 1.147280850639088023e-01
1.187343465376145105e+03 8.919381383915306882e-01 1.183245597478492367e-01
1.187617248035670627e+03 8.940823592004021325e-01 1.200936905638853719e-01
1.187890486936189973e+03 8.958862361945932884e-01 1.127832863637258376e-01
1.188164269595715041e+03 8.973452372801997701e-01 1.063696971243146411e-01
1.188437780375737475e+03 8.984443297500814829e-01 1.083257120496480680e-01
1.188711834914765632e+03 8.991779659878270659e-01 1.176825732727111995e-01
1.188985345694788066e+03 8.995372462556916471e-01 1.142585918072070994e-01
1.189258856474810273e+03 8.995206671016883204e-01 1.124948346413792155e-01
1.189532911013838429e+03 8.991267575551661340e-01 1.187765974285814180e-01
1.189806693673363952e+03 8.983591685397019910e-01 1.208263422399253606e-01
1.190081020091895198e+03 8.972217743965194003e-01 1.160838949008244914e-01
1.190354802751420493e+03 8.957296930071033669e-01 1.197016958684653104e-01
1.190629129169951739e+03 8.938917353142419309e-01 1.190220765972419964e-01
1.190903183708980350e+03 8.917317915999141142e-01 1.209875322819766730e-01
1.191177238248008507e+03 8.892713678354037254e-01 1.168318703917988755e-01
1.191451836546042841e+03 8.865321244547358370e-01 1.115212156517271236e-01
1.191725891085071225e+03 8.835563248035025463e-01 1.095984465985179318e-01
1.192000761262608194e+03 8.803642115783263389e-01 1.105634216863985719e-01
1.192275087681139667e+03 8.770100334445769530e-01 1.128651755779582905e-01
1.192549957858677089e+03 8.735224386950436459e-01 1.123189774726044560e-01
1.192824284277208335e+03 8.699596207412445548e-01 1.185542853850212186e-01
1.193098610695739580e+03 8.663611138647110410e-01 1.257718640517516140e-01
1.193373752752779865e+03 8.627640336336199756e-01 1.263076880924902112e-01
1.193648351050814199e+03 8.592348429479745864e-01 1.198913484257414092e-01
1.193923493107854483e+03 8.558084666103628058e-01 1.151694444550364765e-01
1.194198091405888817e+03 8.525466312099267974e-01 1.204752098648047970e-01
1.194473777221935279e+03 8.494776485828404722e-01 1.188636614631367050e-01
1.194748375519969613e+03 8.466708284187978162e-01 1.281190013592720389e-01
1.195023245697506809e+03 8.441537331747874795e-01 1.224189097916483782e-01
1.195298931513553271e+03 8.419627998147011239e-01 1.209509949169735310e-01
1.195573801691090239e+03 8.401469547432259821e-01 1.234723134851444526e-01
1.195849487507136701e+03 8.387274364773903423e-01 1.136874466826062607e-01
1.196124629564177212e+03 8.377393073301161452e-01 1.121645964458043293e-01
1.196400315380223219e+03 8.372013910280644566e-01 1.101107662297206996e-01
1.196675729316766819e+03 8.371335780060193965e-01 1.135146434180179242e-01
1.196950871373807104e+03 8.375468158429004717e-01 1.060112510189308438e-01
1.197227100948859288e+03 8.384522844329640456e-01 9.860903928152732478e-02
1.197502514885402661e+03 8.398459979901914396e-01 1.042994029092523950e-01
1.197778472580951984e+03 8.417301938890114910e-01 1.131839849802977749e-01
1.198053886517495357e+03 8.440882006826323503e-01 1.183105797315335272e-01
1.198330387972050630e+03 8.469208785259821903e-01 1.126488757011892550e-01
1.198606073788097092e+03 8.501899578956522152e-01 1.215192312343125747e-01
1.198881759604143326e+03 8.538790266964279008e-01 1.251623526235758899e-01
1.199158261058698599e+03 8.579723050281110597e-01 1.244448233317203695e-01
1.199434218754248150e+03 8.624178101835157095e-01 1.242924302689086269e-01
1.199710720208803423e+03 8.671970837940496946e-01 1.211405266002394954e-01
1.199986677904352746e+03 8.722525417799882330e-01 1.237877077493372835e-01
1.200263179358908019e+03 8.775628867646821929e-01 1.297972361999446267e-01
1.200539408933960431e+03 8.830699127994544595e-01 1.228904490636256730e-01
1.200816454147521654e+03 8.887516916224236230e-01 1.262272722359013000e-01
1.201092683722574066e+03 8.945302789711815361e-01 1.276052305352598226e-01
1.201368913297626477e+03 9.003780453253441562e-01 1.260245269441599980e-01
1.201645958511187928e+03 9.062690519717162552e-01 1.177630615190594227e-01
1.201922459965743201e+03 9.121324531592885920e-01 1.201820057450787849e-01
1.202199505179304651e+03 9.179512708432451262e-01 1.229672007273846929e-01
1.202476006633859924e+03 9.236653004062340688e-01 1.242507956375448613e-01
1.202753323726924009e+03 9.292679980007186868e-01 1.222369666078610556e-01
1.203030097060982371e+03 9.347006753774056431e-01 1.179053754765537615e-01
1.203306870395040733e+03 9.399471378802195520e-01 1.184020663488331432e-01
1.203584187488105272e+03 9.449936251364670081e-01 1.197822251433631607e-01
1.203861232701666495e+03 9.498054720215858282e-01 1.123190354212108694e-01
1.204138821674233895e+03 9.543809695525812264e-01 9.871629328850618779e-02
1.204415866887795346e+03 9.586906651124567080e-01 1.020529470910476466e-01
1.204693455860362747e+03 9.627437644440356435e-01 9.527806029295081414e-02
1.204970501073924197e+03 9.665203330716621855e-01 9.691615913235041013e-02
1.205247818166988282e+03 9.700311984577041358e-01 1.048261183877035735e-01
1.205525679019058771e+03 9.732810056451978165e-01 1.105854793888079723e-01
1.205802996112123083e+03 9.762621592608294874e-01 1.187025388364005979e-01
1.206081128843696433e+03 9.789964194623317351e-01 1.201717122860696818e-01
1.206358717816263834e+03 9.814795754834865216e-01 1.200906975377984270e-01
1.206636850547837184e+03 9.837325526820301924e-01 1.283214011740795302e-01
1.206914439520404585e+03 9.857589843413886443e-01 1.267982055742976899e-01
1.207192028492971758e+03 9.875768496457528745e-01 1.287147737936063241e-01
1.207470433104048197e+03 9.892046026670611170e-01 1.316427045785309446e-01
1.207748293956118687e+03 9.906483420347369506e-01 1.273642676027723075e-01
1.208026698567195126e+03 9.919281522823705233e-01 1.267914600914972212e-01
1.208304559419265388e+03 9.930532626761978676e-01 1.219935179316930934e-01
1.208583235909844689e+03 9.940428848019715602e-01 1.218325262020029526e-01
1.208861096761914951e+03 9.949045918285833734e-01 1.209065460849906987e-01
1.209139229493488529e+03 9.956548555538086154e-01 1.148815673145717892e-01
1.209418177863570691e+03 9.963065471894568814e-01 1.172091785937241365e-01
1.209696310595144269e+03 9.968670918768591793e-01 1.253401351336080882e-01
1.209975530844729519e+03 9.973506532223026522e-01 1.258233543900634244e-01
1.210253663576303097e+03 9.977630191673282356e-01 1.257262767410090021e-01
1.210532883825888348e+03 9.981161626488272987e-01 1.231314786281478141e-01
1.210811288436964560e+03 9.984154706168685278e-01 1.244504118562405198e-01
1.211089964927544088e+03 9.986693490535012430e-01 1.175511773628719475e-01
1.211369185177129566e+03 9.988841816479979707e-01 1.212559346194227450e-01
1.211647861667708867e+03 9.990647373278989107e-01 1.235798282670948489e-01
1.211927081917294117e+03 9.992166690827661846e-01 1.221482941328669025e-01
1.212206030287376507e+03 9.993438179672485822e-01 1.220593720699038459e-01
1.212485522416465074e+03 9.994502976177688236e-01 1.232438747297145143e-01
1.212764470786547236e+03 9.995389549006988839e-01 1.225693517250484171e-01
1.213043419156629625e+03 9.996128177902261491e-01 1.245406289232090791e-01
1.213323183165221280e+03 9.996744484681274745e-01 1.244916976130746034e-01
1.213602131535303442e+03 9.997255352116165561e-01 1.146593026917210462e-01
1.213882167423397732e+03 9.997681565287707128e-01 1.123033578187877940e-01
1.214161387672983210e+03 9.998034775381380301e-01 1.132601846425846798e-01
1.214441423561077727e+03 9.998329418525461199e-01 1.129522343375651272e-01
1.214720643810662978e+03 9.998574081743198949e-01 1.198231047873799388e-01
1.215000135939751317e+03 9.998778443870629529e-01 1.190206523511833508e-01
1.215280443707348695e+03 9.998949820929504684e-01 1.218663003275274048e-01
1.215559935836437262e+03 9.999093114653624381e-01 1.202285302963362612e-01
1.215840243604034640e+03 9.999214039916259900e-01 1.239803715725395772e-01
1.216120007612626068e+03 9.999315975975080484e-01 1.195460450131406727e-01
1.216400315380223446e+03 9.999402605358790330e-01 1.211993268031907878e-01
1.216680351268317963e+03 9.999476338498604067e-01 1.225661672920544398e-01
1.216960115276909164e+03 9.999539401076672496e-01 1.237864515369510032e-01
1.217240694924009631e+03 9.999593800000485810e-01 1.264411879091913160e-01
1.217520730812103920e+03 9.999640718810195450e-01 1.271342805008415788e-01
1.217801582338707476e+03 9.999681571214414921e-01 1.315951139293294325e-01
1.218081890106304854e+03 9.999717126082372509e-01 1.283561400207627046e-01
1.218362469753405321e+03 9.999748293767565244e-01 1.258292039311705302e-01
1.218643049400505788e+03 9.999775693636879792e-01 1.239042452328293908e-01
1.218923085288600078e+03 9.999799822114701087e-01 1.240432642570142296e-01
1.219204208694706267e+03 9.999821258368611909e-01 1.219955612807686607e-01
1.219484788341806734e+03 9.999840242075228591e-01 1.233041977705334746e-01
1.219765911747913378e+03 9.999857159056294575e-01 1.261218399154322156e-01
1.220046763274516707e+03 9.999872219712437893e-01 1.221615344587637236e-01
1.220327886680623124e+03 9.999885675958475328e-01 1.180927932540409425e-01
1.220608738207226452e+03 9.999897691502929176e-01 1.216743420286097027e-01
1.220889589733830007e+03 9.999908442909301032e-01 1.262130191076712427e-01
1.221170985019439286e+03 9.999918088551227324e-01 1.236583019103461162e-01
1.221452108425545703e+03 9.999926721663556783e-01 1.197084777097571495e-01
1.221733503711155208e+03 9.999934466577277137e-01 1.185623655139862315e-01
1.222014627117261625e+03 9.999941402863627982e-01 1.245889731758904329e-01
1.222296566161877081e+03 9.999947638966911745e-01 1.288287591846962732e-01
1.222577689567983498e+03 9.999953213031851362e-01 1.307219283080292005e-01
1.222859628612598954e+03 9.999958223737468455e-01 1.236249757005717237e-01
1.223140752018705143e+03 9.999962701087612427e-01 1.217493298888239484e-01
1.223422419183817738e+03 9.999966720395981890e-01 1.211297279793295406e-01
1.223704358228433193e+03 9.999970323307885156e-01 1.193254514159092644e-01
1.223985753514042472e+03 9.999973542619480238e-01 1.149969110429426566e-01
1.224267964438160789e+03 9.999976431793835552e-01 1.129934467906026641e-01
1.224549903482776244e+03 9.999979013310364984e-01 1.131160097547070920e-01
1.224832114406894789e+03 9.999981323343790640e-01 1.114499798124496954e-01
1.225113781572007383e+03 9.999983383613599841e-01 1.187172039696569592e-01
1.225395720616622611e+03 9.999985225664802524e-01 1.170723031304817807e-01
1.225678203420244245e+03 9.999986873112114427e-01 1.185891355451535317e-01
1.225960414344362562e+03 9.999988341437606731e-01 1.192397625419332335e-01
1.226243169027486829e+03 9.999989653161727166e-01 1.232175693609472433e-01
1.226525108072102512e+03 9.999990818814913363e-01 1.216479598850564448e-01
1.226807862755226779e+03 9.999991860129736621e-01 1.228178943676004470e-01
1.227090073679345096e+03 9.999992785360498626e-01 1.212880129653436667e-01
1.227372284603463640e+03 9.999993608693260594e-01 1.238990718285373355e-01
1.227655311166091224e+03 9.999994342958233862e-01 1.250944510721821723e-01
1.227938065849215718e+03 9.999994994854329855e-01 1.176416188135007840e-01
1.228221092411843074e+03 9.999995574428350853e-01 1.153490724919269822e-01
1.228503575215464480e+03 9.999996087974200032e-01 1.207625619855363097e-01
1.228786873657594924e+03 9.999996544939752097e-01 1.176795728759585241e-01
1.229069628340719191e+03 9.999996949368888943e-01 1.197870609247125850e-01
1.229352383023843686e+03 9.999997307841356209e-01 1.222432791320151174e-01
1.229635953345477219e+03 9.999997626271950324e-01 1.138039459302924161e-01
1.229918708028601714e+03 9.999997907356699134e-01 1.181168768533867736e-01
1.230202278350235019e+03 9.999998156777851754e-01 1.191654532517696652e-01
1.230485304912862603e+03 9.999998376910893549e-01 1.236781872107046987e-01
1.230769147113998997e+03 9.999998572014799914e-01 1.210636565849912971e-01
1.231052173676626580e+03 9.999998743850176952e-01 1.225008096054918810e-01
1.231335472118757025e+03 9.999998895712003399e-01 1.212344582021794709e-01
1.231619314319893419e+03 9.999999029955067842e-01 1.162891635186070055e-01
1.231902612762023637e+03 9.999999148105745972e-01 1.237462938574456356e-01
1.232186726842663120e+03 9.999999252531339700e-01 1.209238788860286379e-01
1.232470297164296881e+03 9.999999344330110507e-01 1.214848044169762054e-01
1.232754411244936364e+03 9.999999425295924560e-01 1.254718333204534186e-01
1.233037981566569670e+03 9.999999496395830523e-01 1.194213593624105368e-01
1.233321551888202976e+03 9.999999558926374599e-01 1.182356071592406549e-01
1.233606209727848636e+03 9.999999614088603828e-01 1.244633245720331710e-01
1.233889780049481942e+03 9.999999662353480367e-01 1.181706648460248976e-01
1.234174437889127603e+03 9.999999704885770280e-01 1.189147862080419393e-01
1.234458280090263997e+03 9.999999742093720334e-01 1.194308812661572655e-01
1.234742937929909431e+03 9.999999774814049003e-01 1.205208545569986384e-01
1.235027052010548914e+03 9.999999803433529122e-01 1.211011590159094126e-01
1.235311166091188397e+03 9.999999828503954857e-01 1.193921814015822674e-01
1.235596095810336692e+03 9.999999850512694133e-01 1.176233306797103417e-01
1.235880209890976175e+03 9.999999869712830058e-01 1.178435894696165526e-01
1.236165139610124697e+03 9.999999886550281492e-01 1.191528415055019274e-01
1.236449525570267269e+03 9.999999901236579225e-01 1.189679362850417782e-01
1.236734727168918653e+03 9.999999914100284881e-01 1.213715081554059272e-01
1.237019113129061225e+03 9.999999925297184955e-01 1.214295175711621599e-01
1.237303770968706431e+03 9.999999935076693269e-01 1.205473313992548728e-01
1.237589244446861130e+03 9.999999943627783106e-01 1.203249398908549095e-01
1.237873902286506564e+03 9.999999951058078373e-01 1.228387305892712916e-01
1.238159375764661036e+03 9.999999957548149077e-01 1.199613580882554070e-01
1.238444305483809558e+03 9.999999963186596563e-01 1.183379518928406454e-01
1.238729778961963802e+03 9.999999968101307424e-01 1.220476371321073950e-01
1.239014708681112552e+03 9.999999972366586665e-01 1.152852620562928865e-01
1.239299910279763935e+03 9.999999976077149633e-01 1.153698625770851749e-01
1.239585383757918635e+03 9.999999979302997000e-01 1.096937997164713491e-01
1.239870585356570018e+03 9.999999982100616913e-01 1.191522660751848650e-01
1.240156602593730440e+03 9.999999984534507780e-01 1.165278514726640069e-01
1.240441804192381824e+03 9.999999986638767879e-01 1.082340897979616884e-01
1.240727821429542246e+03 9.999999988467506151e-01 1.137471740400133602e-01
1.241013294907696945e+03 9.999999990048294984e-01 1.211564804559958353e-01
1.241298768385851417e+03 9.999999991416822498e-01 1.196002081125629446e-01
1.241585057502514928e+03 9.999999992604109433e-01 1.100288013812883992e-01
1.241870802860172489e+03 9.999999993628647665e-01 1.113646686700023730e-01
1.242157091976835773e+03 9.999999994515651469e-01 1.105971021790806280e-01
1.242442837334493333e+03 9.999999995280259846e-01 1.124633747963021263e-01
1.242729398330659706e+03 9.999999995942109310e-01 1.160228309243174771e-01
1.243015143688317266e+03 9.999999996511445000e-01 1.192422200152450235e-01
1.243301976563986727e+03 9.999999997004175301e-01 1.149337119823959918e-01
1.243587993801147377e+03 9.999999997427527765e-01 1.126377460563514066e-01
1.243874011038307799e+03 9.999999997792189399e-01 1.141407023456928044e-01
1.244160843913977260e+03 9.999999998106965382e-01 1.142544463865471926e-01
1.244447133030640771e+03 9.999999998377225863e-01 1.153061866589980416e-01
1.244733965906310459e+03 9.999999998610028529e-01 1.185112194658089341e-01
1.245020255022973743e+03 9.999999998809697699e-01 1.184326115212889496e-01
1.245307359778146292e+03 9.999999998981661253e-01 1.166781942760075214e-01
1.245593920774312664e+03 9.999999999128973416e-01 1.162588263185041215e-01
1.245880481770479264e+03 9.999999999255360095e-01 1.129142847819097628e-01
1.246167858405154675e+03 9.999999999364020953e-01 1.212933527739240153e-01
1.246454419401321275e+03 9.999999999456862243e-01 1.210899936265277810e-01
1.246741796035996686e+03 9.999999999536598461e-01 1.126568084480768089e-01
1.247028628911666374e+03 9.999999999604713974e-01 1.144732996468829228e-01
1.247316277425844874e+03 9.999999999663145012e-01 1.158066636424911061e-01
1.247603110301514334e+03 9.999999999712956278e-01 1.136699235642242983e-01
1.247890215056686657e+03 9.999999999755564417e-01 1.144098117450401408e-01
1.248177863570865384e+03 9.999999999792019700e-01 1.195799870216242289e-01
1.248464968326037933e+03 9.999999999823074859e-01 1.143066121464704626e-01
1.248753160599222383e+03 9.999999999849662480e-01 1.129037352863298954e-01
1.249040265354394933e+03 9.999999999872243306e-01 1.134661082192304632e-01
1.249328185748076521e+03 9.999999999891537872e-01 1.186975476926867279e-01
1.249615562382751932e+03 9.999999999907936976e-01 1.141834555542138308e-01
1.249903210896930432e+03 9.999999999921910243e-01 1.153022132886423329e-01
1.250191403170114882e+03 9.999999999933817385e-01 1.136194630181424498e-01
1.250479051684293381e+03 9.999999999943919304e-01 1.139050128662803113e-01
1.250767243957478058e+03 9.999999999952520202e-01 1.084982538655902273e-01
1.251055164351159647e+03 9.999999999959815478e-01 1.132361079456991604e-01
1.251343628503846958e+03 9.999999999966018294e-01 1.093860288004934733e-01
1.251631277018025457e+03 9.999999999971265208e-01 1.145916203444975051e-01
1.251919469291210135e+03 9.999999999975721643e-01 1.158969757558628577e-01
1.252208205323400762e+03 9.999999999979504173e-01 1.158641444868905163e-01
1.252496125717082123e+03 9.999999999982698284e-01 1.177801146500667001e-01
1.252785133628775611e+03 9.999999999985411669e-01 1.086093441696998341e-01
1.253073325901960288e+03 9.999999999987699839e-01 1.157992194944002240e-01
1.253362061934150688e+03 9.999999999989637178e-01 1.159642519359882079e-01
1.253650526086838227e+03 9.999999999991273647e-01 1.119074869963304353e-01
1.253938990239525765e+03 9.999999999992654764e-01 1.150949496125219657e-01
1.254227998151219481e+03 9.999999999993822719e-01 1.121552653865756227e-01
1.254516462303906792e+03 9.999999999994805266e-01 1.065162544787760096e-01
1.254805742095103597e+03 9.999999999995636824e-01 1.078595825041254730e-01
1.255094478127293996e+03 9.999999999996335154e-01 1.134156191543617548e-01
1.255384029797993435e+03 9.999999999996925792e-01 1.148324165372393152e-01
1.255672765830184062e+03 9.999999999997419842e-01 1.135331525541151410e-01
1.255961501862374462e+03 9.999999999997837286e-01 1.114933348094851034e-01
1.256251325412577216e+03 9.999999999998189226e-01 1.112531144603342292e-01
1.256540333324270478e+03 9.999999999998482325e-01 1.123838475910680507e-01
1.256830156874473232e+03 9.999999999998731015e-01 1.150004583855646495e-01
1.257119164786166721e+03 9.999999999998938627e-01 1.144717353342120658e-01
1.257408988336369248e+03 9.999999999999112932e-01 1.113248395783235228e-01
1.257698268127565598e+03 9.999999999999258371e-01 1.169239176225716215e-01
1.257987547918762402e+03 9.999999999999380496e-01 1.108304902064966152e-01
1.258277643348467791e+03 9.999999999999483746e-01 1.055649508109696988e-01
1.258567195019167457e+03 9.999999999999568123e-01 1.123520618270036076e-01
1.258857290448873073e+03 9.999999999999640288e-01 1.121782397239546314e-01
1.259147113999075600e+03 9.999999999999701350e-01 1.077215828646258255e-01
1.259437209428781216e+03 9.999999999999750200e-01 1.028452008662332773e-01
1.259727032978983743e+03 9.999999999999792388e-01 1.033077147210878927e-01
1.260016856529186271e+03 9.999999999999826805e-01 1.113087725904715192e-01
1.260307495717897837e+03 9.999999999999856781e-01 1.096574231897113755e-01
1.260597319268100364e+03 9.999999999999881206e-01 1.090051838917058397e-01
1.260887958456811702e+03 9.999999999999901190e-01 1.083568509336478025e-01
1.261178053886517318e+03 9.999999999999917843e-01 1.029259596506596069e-01
1.261468964954731973e+03 9.999999999999932276e-01 1.065100331505885595e-01
1.261759060384437589e+03 9.999999999999943379e-01 1.110784262865242705e-01
1.262049427693646294e+03 9.999999999999953371e-01 1.126820792603478727e-01
1.262340338761860721e+03 9.999999999999961142e-01 1.077393198118586359e-01
1.262630977950572060e+03 9.999999999999967804e-01 1.106793080673159346e-01
1.262921889018786942e+03 9.999999999999973355e-01 1.050695304793983348e-01
1.263212528207498281e+03 9.999999999999978906e-01 9.953439796914388682e-02
1.263503711155215797e+03 9.999999999999982236e-01 1.088184586794452291e-01
1.263794350343927590e+03 9.999999999999985567e-01 1.107978720791044369e-01
1.264085261412142017e+03 9.999999999999986677e-01 1.043807501187386522e-01
1.264376716239362622e+03 9.999999999999990008e-01 1.051818512372064141e-01
1.264667627307577050e+03 9.999999999999992228e-01 1.096866928100883598e-01
1.264959082134797654e+03 9.999999999999993339e-01 1.116930411149107127e-01
1.265250265082515170e+03 9.999999999999993339e-01 1.120552763046558931e-01
1.265541991789238864e+03 9.999999999999995559e-01 1.092121972150260495e-01
1.265833174736956607e+03 9.999999999999996669e-01 1.043709003906777705e-01
1.266125173323183162e+03 9.999999999999996669e-01 1.069351509887316726e-01
1.266416356270900678e+03 9.999999999999996669e-01 1.117448468639969245e-01
1.266707539218618422e+03 9.999999999999997780e-01 1.156693798820762620e-01
1.266999809684347838e+03 9.999999999999998890e-01 1.107060934776917666e-01
1.267291264511568443e+03 9.999999999999998890e-01 1.101985236290505266e-01
1.267583263097794998e+03 9.999999999999998890e-01 1.035196686881220129e-01
1.267874989804518691e+03 9.999999999999998890e-01 1.061077663121959141e-01
1.268167260270248107e+03 1.000000000000000000e+00 1.045411875788017225e-01
1.268459258856474889e+03 1.000000000000000000e+00 1.086461085784067304e-01
1.268750985563198356e+03 1.000000000000000000e+00 1.087245457807310967e-01
1.269043527908430860e+03 1.000000000000000000e+00 1.085865443558610699e-01
1.269335526494657643e+03 1.000000000000000000e+00 1.093389803453029829e-01
1.269628068839890148e+03 1.000000000000000000e+00 1.028839742835627041e-01
1.269920339305619791e+03 1.000000000000000000e+00 1.033778243874858560e-01
1.270213153530355157e+03 1.000000000000000000e+00 1.043079309022194034e-01
1.270505152116581939e+03 1.000000000000000000e+00 1.061441233638704823e-01
1.270797694461814444e+03 1.000000000000000000e+00 1.070027432175917892e-01
1.271090508686550265e+03 1.000000000000000000e+00 1.050784492211432747e-01
1.271383051031782770e+03 1.000000000000000000e+00 1.055061489591487128e-01
1.271676137136021225e+03 1.000000000000000000e+00 1.119296280413680650e-01
1.271968679481253730e+03 1.000000000000000000e+00 1.117830468867740679e-01
1.272262037464995274e+03 1.000000000000000000e+00 1.060544519854190598e-01
1.272554579810228006e+03 1.000000000000000000e+00 1.069853712584566963e-01
1.272847394034963600e+03 1.000000000000000000e+00 1.054588663974005414e-01
1.273141023898208232e+03 1.000000000000000000e+00 1.046906977999438465e-01
1.273433838122943826e+03 1.000000000000000000e+00 1.066013866090265716e-01
1.273727467986188458e+03 1.000000000000000000e+00 1.069364936157923551e-01
1.274020554090427140e+03 1.000000000000000000e+00 1.052983519231011911e-01
1.274314455833174634e+03 1.000000000000000000e+00 1.048536244250162092e-01
1.274607541937413316e+03 1.000000000000000000e+00 1.044415826449438256e-01
1.274900628041651999e+03 1.000000000000000000e+00 1.050810339608691801e-01
1.275194529784399492e+03 1.000000000000000000e+00 1.020552563823818731e-01
1.275488159647643897e+03 1.000000000000000000e+00 1.004857351769764817e-01
1.275782333269894707e+03 1.000000000000000000e+00 1.059590135889991597e-01
1.276075691253636251e+03 1.000000000000000000e+00 1.085381508987807581e-01
1.276369864875887060e+03 1.000000000000000000e+00 1.054196669582557894e-01
1.276663494739131465e+03 1.000000000000000000e+00 1.043845090872046605e-01
1.276957124602376098e+03 1.000000000000000000e+00 1.041546137962385682e-01
1.277251570104129996e+03 1.000000000000000000e+00 1.005853134422258349e-01
1.277545471846877263e+03 1.000000000000000000e+00 1.033807542909810917e-01
1.277840189228134022e+03 1.000000000000000000e+00 1.086974026047330955e-01
1.278134090970881516e+03 1.000000000000000000e+00 1.073896690811008831e-01
1.278428808352138276e+03 1.000000000000000000e+00 1.114796161583678225e-01
1.278722981974388858e+03 1.000000000000000000e+00 1.133214481244602390e-01
1.279017155596639441e+03 1.000000000000000000e+00 1.094179589730373409e-01
1.279312144857399289e+03 1.000000000000000000e+00 1.067920415259481920e-01
1.279606318479649872e+03 1.000000000000000000e+00 1.022567351753340126e-01
1.279901307740409266e+03 1.000000000000000000e+00 1.043640660265570397e-01
1.280195753242162937e+03 1.000000000000000000e+00 1.062649418586155553e-01
1.280491014382425647e+03 1.000000000000000000e+00 1.072533794278939662e-01
1.280785731763682406e+03 1.000000000000000000e+00 1.071594574332948163e-01
1.281080177265435850e+03 1.000000000000000000e+00 1.123859317602894647e-01
1.281375710285201649e+03 1.000000000000000000e+00 1.089215437549209686e-01
1.281670427666458181e+03 1.000000000000000000e+00 1.037474645959255704e-01
1.281965960686223752e+03 1.000000000000000000e+00 1.058071420929876383e-01
1.282260949946983374e+03 1.000000000000000000e+00 1.058440209343932126e-01
1.282556754846252261e+03 1.000000000000000000e+00 1.069234403155547297e-01
1.282851744107011882e+03 1.000000000000000000e+00 1.035894638956775110e-01
1.283146733367771503e+03 1.000000000000000000e+00 1.040048357476832108e-01
1.283442810146543025e+03 1.000000000000000000e+00 1.041029645073339033e-01
1.283738071286805507e+03 1.000000000000000000e+00 1.010671221013120374e-01
1.284034148065577256e+03 1.000000000000000000e+00 1.037515296248039953e-01
1.284329409205839966e+03 1.000000000000000000e+00 1.038095087383943405e-01
1.284625485984611487e+03 1.000000000000000000e+00 1.037266893159808495e-01
1.284921019004377285e+03 1.000000000000000000e+00 1.089322375920502711e-01
1.285216552024142857e+03 1.000000000000000000e+00 1.049358120723367926e-01
1.285513172561920555e+03 1.000000000000000000e+00 1.054589395407618119e-01
1.285808705581686127e+03 1.000000000000000000e+00 9.948014086012789414e-02
1.286105326119463825e+03 1.000000000000000000e+00 1.129958445970059427e-01
1.286401131018732258e+03 1.000000000000000000e+00 1.070836440722282984e-01
1.286697751556510184e+03 1.000000000000000000e+00 1.021342383595456732e-01
1.286993828335281705e+03 1.000000000000000000e+00 1.034749149880788976e-01
1.287289905114053454e+03 1.000000000000000000e+00 1.044330954027569425e-01
1.287586797531334014e+03 1.000000000000000000e+00 1.026522895638281446e-01
1.287882874310105763e+03 1.000000000000000000e+00 1.021092901518341894e-01
1.288180038606889411e+03 1.000000000000000000e+00 1.024059979864716113e-01
1.288476387265164249e+03 1.000000000000000000e+00 9.943899004020338717e-02
1.288773279682444809e+03 1.000000000000000000e+00 1.036435840151389287e-01
1.289069900220222507e+03 1.000000000000000000e+00 9.996808302354985576e-02
1.289367064517006156e+03 1.000000000000000000e+00 1.083777007380372082e-01
1.289663685054783627e+03 1.000000000000000000e+00 1.068298714512020270e-01
1.289960577472064415e+03 1.000000000000000000e+00 1.042061295938302851e-01
1.290257741768848064e+03 1.000000000000000000e+00 1.051179787412799549e-01
1.290554634186128624e+03 1.000000000000000000e+00 1.048225689713292580e-01
1.290852342241918222e+03 1.000000000000000000e+00 1.013379537063049257e-01
1.291149234659199010e+03 1.000000000000000000e+00 1.005536029824356803e-01
1.291446942714988609e+03 1.000000000000000000e+00 1.048215622880788039e-01
1.291744107011772257e+03 1.000000000000000000e+00 1.005816783727709607e-01
1.292041271308555906e+03 1.000000000000000000e+00 9.842318146432862958e-02
1.292339251243848594e+03 1.000000000000000000e+00 1.085178110538841667e-01
1.292636415540632242e+03 1.000000000000000000e+00 1.042193774181263966e-01
1.292934395475925157e+03 1.000000000000000000e+00 9.680445141900101413e-02
1.293232103531714529e+03 1.000000000000000000e+00 9.733959046476614585e-02
1.293530083467007444e+03 1.000000000000000000e+00 1.029779353836009770e-01
1.293827791522797270e+03 1.000000000000000000e+00 1.055183800444097625e-01
1.294125499578586641e+03 1.000000000000000000e+00 1.044485810696212519e-01
1.294424023272885279e+03 1.000000000000000000e+00 1.011481483096721284e-01
1.294721731328675105e+03 1.000000000000000000e+00 1.007391814538316915e-01
1.295020255022973743e+03 1.000000000000000000e+00 1.024264171776198135e-01
1.295318234958266657e+03 1.000000000000000000e+00 1.060081179559496795e-01
1.295616758652565295e+03 1.000000000000000000e+00 1.014968452365752893e-01
1.295914738587857755e+03 1.000000000000000000e+00 9.670789794971673681e-02
1.296212990402653304e+03 1.000000000000000000e+00 1.014638708608011919e-01
1.296511785976455030e+03 1.000000000000000000e+00 1.016655007603483041e-01
1.296810037791250807e+03 1.000000000000000000e+00 1.047929218316773353e-01
1.297109105244555622e+03 1.000000000000000000e+00 1.038336583004188796e-01
1.297407628938854259e+03 1.000000000000000000e+00 1.017435903262548791e-01
1.297706696392159074e+03 1.000000000000000000e+00 1.002099407036894652e-01
1.298005220086457712e+03 1.000000000000000000e+00 9.963888707414812751e-02
1.298304015660259438e+03 1.000000000000000000e+00 1.053215703673706233e-01
1.298603354993067114e+03 1.000000000000000000e+00 1.058028236105406361e-01
1.298902150566868841e+03 1.000000000000000000e+00 1.056805998532255181e-01
1.299201489899676289e+03 1.000000000000000000e+00 1.006706588369544186e-01
1.299500285473478016e+03 1.000000000000000000e+00 1.019494763753126948e-01
1.299800168565291870e+03 1.000000000000000000e+00 1.029808741676236650e-01
1.300099236018596685e+03 1.000000000000000000e+00 1.037072519078042904e-01
1.300398303471901272e+03 1.000000000000000000e+00 1.008579817144746732e-01
1.300698186563714899e+03 1.000000000000000000e+00 9.974729785344491062e-02
1.300997254017019714e+03 1.000000000000000000e+00 1.060957714728056611e-01
1.301297408988336201e+03 1.000000000000000000e+00 1.016768473191297512e-01
1.301596748321144105e+03 1.000000000000000000e+00 9.671167162376317905e-02
1.301896903292460593e+03 1.000000000000000000e+00 9.637176199232819207e-02
1.302196242625268496e+03 1.000000000000000000e+00 9.673073573696233662e-02
1.302495853837579034e+03 1.000000000000000000e+00 9.881789281676119086e-02
1.302796280688398838e+03 1.000000000000000000e+00 1.030662014802908449e-01
1.303095891900709603e+03 1.000000000000000000e+00 1.040762409239935071e-01
1.303396318751529179e+03 1.000000000000000000e+00 1.024148316409837778e-01
1.303696201843343033e+03 1.000000000000000000e+00 1.011942479307104126e-01
1.303996900573665698e+03 1.000000000000000000e+00 1.023676107121513357e-01
1.304296783665479325e+03 1.000000000000000000e+00 1.032126636338806663e-01
1.304596938636796040e+03 1.000000000000000000e+00 1.022442596657819336e-01
1.304897637367118705e+03 1.000000000000000000e+00 1.011156698111949637e-01
1.305198064217938736e+03 1.000000000000000000e+00 1.025546155437170454e-01
1.305499034827764262e+03 1.000000000000000000e+00 1.034782937987386714e-01
1.305799189799080978e+03 1.000000000000000000e+00 9.722960169123692764e-02
1.306100432288409593e+03 1.000000000000000000e+00 9.881464660075421624e-02
1.306400859139229624e+03 1.000000000000000000e+00 1.022783667446668515e-01
1.306701285990049200e+03 1.000000000000000000e+00 1.040367542111004379e-01
1.307002800358880904e+03 1.000000000000000000e+00 1.046122005424255930e-01
1.307303499089203569e+03 1.000000000000000000e+00 9.953194227581095566e-02
1.307604741578532412e+03 1.000000000000000000e+00 9.836843634157095562e-02
1.307905712188358166e+03 1.000000000000000000e+00 1.022862575715019345e-01
1.308207226557189642e+03 1.000000000000000000e+00 1.007912760295990029e-01
1.308508197167015396e+03 1.000000000000000000e+00 9.771763943803075947e-02
1.308809167776841150e+03 1.000000000000000000e+00 1.002510964881996730e-01
1.309111225904679031e+03 1.000000000000000000e+00 1.074666184712511768e-01
1.309412196514504785e+03 1.000000000000000000e+00 1.051332950463033378e-01
1.309714254642342439e+03 1.000000000000000000e+00 9.970552137839666651e-02
1.310015497131671282e+03 1.000000000000000000e+00 1.041409155195784225e-01
1.310317555259508936e+03 1.000000000000000000e+00 1.050491127400193236e-01
1.310619069628340640e+03 1.000000000000000000e+00 1.057347235873231373e-01
1.310920583997172344e+03 1.000000000000000000e+00 1.022032289038465880e-01
1.311222914004513314e+03 1.000000000000000000e+00 1.030702050727290986e-01
1.311524428373344790e+03 1.000000000000000000e+00 1.073716962976259959e-01
1.311826758380685533e+03 1.000000000000000000e+00 1.003546868787346114e-01
1.312128544629020553e+03 1.000000000000000000e+00 9.962048305334429699e-02
1.312431146515863929e+03 1.000000000000000000e+00 1.049817502957039045e-01
1.312733204643701811e+03 1.000000000000000000e+00 1.063970404171865197e-01
1.313035806530545642e+03 1.000000000000000000e+00 1.040022561645114751e-01
1.313337864658383296e+03 1.000000000000000000e+00 1.034342366459667512e-01
1.313639922786220950e+03 1.000000000000000000e+00 9.947839440938296973e-02
1.313942796552567870e+03 1.000000000000000000e+00 1.014848854898945107e-01
1.314245126559908613e+03 1.000000000000000000e+00 1.020474384925384170e-01
1.314548272205758394e+03 1.000000000000000000e+00 1.108432470768618838e-01
1.314850602213099137e+03 1.000000000000000000e+00 1.038986687441210283e-01
1.315154019738451780e+03 1.000000000000000000e+00 9.994843227507271832e-02
1.315456349745792750e+03 1.000000000000000000e+00 1.068646286821024471e-01
1.315759223512139215e+03 1.000000000000000000e+00 1.050894062576414739e-01
1.316062369157989224e+03 1.000000000000000000e+00 9.756700259170884848e-02
1.316365242924335917e+03 1.000000000000000000e+00 1.011920787867460897e-01
1.316668660449688559e+03 1.000000000000000000e+00 1.038622442675612295e-01
1.316971806095538341e+03 1.000000000000000000e+00 1.029435685887891971e-01
1.317275495500394072e+03 1.000000000000000000e+00 1.040941504742226020e-01
1.317578369266740992e+03 1.000000000000000000e+00 1.012883677130474031e-01
1.317881514912590774e+03 1.000000000000000000e+00 1.043828453425429542e-01
1.318185476196949367e+03 1.000000000000000000e+00 1.065770912718844027e-01
1.318488621842799375e+03 1.000000000000000000e+00 1.097401781483264699e-01
1.318792583127157968e+03 1.000000000000000000e+00 9.935938044339416575e-02
1.319096272532013700e+03 1.000000000000000000e+00 1.067379425376509400e-01
1.319400233816372747e+03 1.000000000000000000e+00 1.011303041243740986e-01
1.319703651341725390e+03 1.000000000000000000e+00 9.807120525813896317e-02
1.320007340746580894e+03 1.000000000000000000e+00 1.039378061294322919e-01
1.320311845789945664e+03 1.000000000000000000e+00 1.009675068741527210e-01
1.320615535194801623e+03 1.000000000000000000e+00 1.030280811858710899e-01
1.320920040238166393e+03 1.000000000000000000e+00 1.017323680048755202e-01
1.321224001522525214e+03 1.000000000000000000e+00 1.006185095640327737e-01
1.321528506565889984e+03 1.000000000000000000e+00 1.033013884081774997e-01
1.321832739729751665e+03 1.000000000000000000e+00 1.019984675011584851e-01
1.322136701014110486e+03 1.000000000000000000e+00 9.843080519284762298e-02
1.322441477936978345e+03 1.000000000000000000e+00 1.054886564299669788e-01
1.322745711100840026e+03 1.000000000000000000e+00 9.554483477079067644e-02
1.323050759903210974e+03 1.000000000000000000e+00 9.751413605116132644e-02
1.323355264946575517e+03 1.000000000000000000e+00 9.814848076882688732e-02
1.323660313748946464e+03 1.000000000000000000e+00 9.869373765164884960e-02
1.323964818792311235e+03 1.000000000000000000e+00 9.605539883071434470e-02
1.324269323835676005e+03 1.000000000000000000e+00 9.964920363833511263e-02
1.324574916397052675e+03 1.000000000000000000e+00 9.649505851417963798e-02
1.324879693319920534e+03 1.000000000000000000e+00 9.819394947180021260e-02
1.325185014001794343e+03 1.000000000000000000e+00 9.388833052696246573e-02
1.325490062804165063e+03 1.000000000000000000e+00 9.374480901068094063e-02
1.325795655365541734e+03 1.000000000000000000e+00 9.527387252762535563e-02
1.326100704167912681e+03 1.000000000000000000e+00 1.035581599015326371e-01
1.326405752970283629e+03 1.000000000000000000e+00 1.024294584935249580e-01
1.326711617411163388e+03 1.000000000000000000e+00 1.001879695059381820e-01
1.327016666213534108e+03 1.000000000000000000e+00 1.004654944806825656e-01
1.327322802533916956e+03 1.000000000000000000e+00 9.831689246381600245e-02
1.327628123215790765e+03 1.000000000000000000e+00 9.999905958478942647e-02
1.327934259536173386e+03 1.000000000000000000e+00 1.007081407204429707e-01
1.328239580218047422e+03 1.000000000000000000e+00 1.001160464999439198e-01
1.328545172779424092e+03 1.000000000000000000e+00 9.975839385946831672e-02
1.328851580979310029e+03 1.000000000000000000e+00 9.910689929075237881e-02
1.329157173540686699e+03 1.000000000000000000e+00 1.013137401634650880e-01
1.329463853620075497e+03 1.000000000000000000e+00 9.958696291286155133e-02
1.329769718060955256e+03 1.000000000000000000e+00 9.421309268876879028e-02
1.330076398140344281e+03 1.000000000000000000e+00 9.653145663457696202e-02
1.330382262581224040e+03 1.000000000000000000e+00 9.648026446471877349e-02
1.330688398901606661e+03 1.000000000000000000e+00 9.234563246577899565e-02
1.330995350860498547e+03 1.000000000000000000e+00 9.533161978985843499e-02
1.331301487180881395e+03 1.000000000000000000e+00 1.033696973012250692e-01
1.331608439139773054e+03 1.000000000000000000e+00 1.084510903466862630e-01
1.331914847339658991e+03 1.000000000000000000e+00 9.373927183415053932e-02
1.332221799298550877e+03 1.000000000000000000e+00 9.523096874722677962e-02
1.332528207498436586e+03 1.000000000000000000e+00 1.026169033365238320e-01
1.332834887577825612e+03 1.000000000000000000e+00 9.583169243834213646e-02
1.333142383295723221e+03 1.000000000000000000e+00 9.632421119145101462e-02
1.333449063375112246e+03 1.000000000000000000e+00 9.658918327771780221e-02
1.333756287213506994e+03 1.000000000000000000e+00 1.001216971145078155e-01
1.334063239172398880e+03 1.000000000000000000e+00 9.784512692408520174e-02
1.334371006769799578e+03 1.000000000000000000e+00 1.058512798062131444e-01
1.334677958728691237e+03 1.000000000000000000e+00 9.954412498033284040e-02
1.334984910687583124e+03 1.000000000000000000e+00 9.187679687821109775e-02
1.335292678284984049e+03 1.000000000000000000e+00 9.897168849204626695e-02
1.335599902123379024e+03 1.000000000000000000e+00 9.397970827140565697e-02
1.335907941600282811e+03 1.000000000000000000e+00 9.287791554930725779e-02
1.336215165438677559e+03 1.000000000000000000e+00 9.571033122889897882e-02
1.336523476795084434e+03 1.000000000000000000e+00 9.704242561792301991e-02
1.336830972512982044e+03 1.000000000000000000e+00 9.708967609343238658e-02
1.337139011989886058e+03 1.000000000000000000e+00 9.674581481697605567e-02
1.337446779587286755e+03 1.000000000000000000e+00 9.542244949078033944e-02
1.337754547184687908e+03 1.000000000000000000e+00 9.254773059942639213e-02
1.338062858541094556e+03 1.000000000000000000e+00 9.403784965734278412e-02
1.338370626138495481e+03 1.000000000000000000e+00 9.777151723907266667e-02
1.338679209374405218e+03 1.000000000000000000e+00 9.413575033880644538e-02
1.338987248851309005e+03 1.000000000000000000e+00 9.309287237330063358e-02
1.339296103966721830e+03 1.000000000000000000e+00 9.656052368518026896e-02
1.339604143443625844e+03 1.000000000000000000e+00 9.529099993434786420e-02
1.339912454800032720e+03 1.000000000000000000e+00 9.723706811894274049e-02
1.340221309915445318e+03 1.000000000000000000e+00 9.655604725699502844e-02
1.340529621271852193e+03 1.000000000000000000e+00 9.522930327802138495e-02
1.340838748266768107e+03 1.000000000000000000e+00 9.823159300120369586e-02
1.341147331502677844e+03 1.000000000000000000e+00 1.007159751474988457e-01
1.341456458497593985e+03 1.000000000000000000e+00 9.179738465462987385e-02
1.341765041733503494e+03 1.000000000000000000e+00 9.130222063173967784e-02
1.342073624969413459e+03 1.000000000000000000e+00 9.453831721013450373e-02
1.342383023843832234e+03 1.000000000000000000e+00 9.838733737000572577e-02
1.342692150838748148e+03 1.000000000000000000e+00 9.702704288994618009e-02
1.343001549713167151e+03 1.000000000000000000e+00 9.807985720324031986e-02
1.343310676708083065e+03 1.000000000000000000e+00 1.017380034286451407e-01
1.343620347462004929e+03 1.000000000000000000e+00 9.306055451511574539e-02
1.343929474456920616e+03 1.000000000000000000e+00 9.503800683893461054e-02
1.344238601451836303e+03 1.000000000000000000e+00 1.007535700219164554e-01
1.344548544085261256e+03 1.000000000000000000e+00 9.915996330599764763e-02
1.344857942959680258e+03 1.000000000000000000e+00 9.433663016358304065e-02
1.345168157472608073e+03 1.000000000000000000e+00 9.408131378900536079e-02
1.345477556347027075e+03 1.000000000000000000e+00 1.051268387202549948e-01
1.345787770859954890e+03 1.000000000000000000e+00 1.051773860133956712e-01
1.346097441613876754e+03 1.000000000000000000e+00 9.697304790198588154e-02
1.346407112367798618e+03 1.000000000000000000e+00 9.410761248439537818e-02
1.346717598760229521e+03 1.000000000000000000e+00 9.475023653090586251e-02
1.347027269514151385e+03 1.000000000000000000e+00 9.901169200991892516e-02
1.347338027786085149e+03 1.000000000000000000e+00 9.374414623463389606e-02
1.347647970419509875e+03 1.000000000000000000e+00 9.361598191938277913e-02
1.347958728691443866e+03 1.000000000000000000e+00 9.306951197763144168e-02
1.348268671324868819e+03 1.000000000000000000e+00 9.271503767210237390e-02
1.348578885837796633e+03 1.000000000000000000e+00 9.991023354694784919e-02
1.348889915989233486e+03 1.000000000000000000e+00 9.832163069952772061e-02
1.349200130502161528e+03 1.000000000000000000e+00 9.844254970568808161e-02
1.349511432533101242e+03 1.000000000000000000e+00 9.755584159076129136e-02
1.349821647046029284e+03 1.000000000000000000e+00 9.814587488786563618e-02
1.350132949076968998e+03 1.000000000000000000e+00 9.798609521940719602e-02
1.350443707348902990e+03 1.000000000000000000e+00 1.006477806815072734e-01
1.350754193741333665e+03 1.000000000000000000e+00 9.964273807561130347e-02
1.351065767651776468e+03 1.000000000000000000e+00 1.001582335228151377e-01
1.351376525923710460e+03 1.000000000000000000e+00 9.742899414014295767e-02
1.351688371713656579e+03 1.000000000000000000e+00 9.914044117990314375e-02
1.351999129985590116e+03 1.000000000000000000e+00 9.318292281368717456e-02
1.352310975775536235e+03 1.000000000000000000e+00 9.520917449104317198e-02
1.352622005926973088e+03 1.000000000000000000e+00 9.117282209147491157e-02
1.352933307957913030e+03 1.000000000000000000e+00 9.221505847434184611e-02
1.353245153747858922e+03 1.000000000000000000e+00 9.780627464141727900e-02
1.353556455778798636e+03 1.000000000000000000e+00 9.568882398207159690e-02
1.353868573448247616e+03 1.000000000000000000e+00 9.698651928497975527e-02
1.354180147358690647e+03 1.000000000000000000e+00 9.726867767066156578e-02
1.354492265028139400e+03 1.000000000000000000e+00 9.907557357506797946e-02
1.354803838938582430e+03 1.000000000000000000e+00 9.478723080500515985e-02
1.355115684728528322e+03 1.000000000000000000e+00 9.191192284687518810e-02
1.355428074277480164e+03 1.000000000000000000e+00 9.262120449483839113e-02
1.355739920067426056e+03 1.000000000000000000e+00 9.795322994766381131e-02
1.356052581495880986e+03 1.000000000000000000e+00 9.657551670111692854e-02
1.356364427285826878e+03 1.000000000000000000e+00 9.649469647530015126e-02
1.356677360593784670e+03 1.000000000000000000e+00 9.251555748149573044e-02
1.356989478263233650e+03 1.000000000000000000e+00 9.422941274092756780e-02
1.357301595932682631e+03 1.000000000000000000e+00 1.004379454173759123e-01
1.357614529240640422e+03 1.000000000000000000e+00 9.755497979185943913e-02
1.357926918789592492e+03 1.000000000000000000e+00 9.588835959508923423e-02
1.358240123977053372e+03 1.000000000000000000e+00 9.727889073063124281e-02
1.358552513526005214e+03 1.000000000000000000e+00 1.001989652589694441e-01
1.358865718713466094e+03 1.000000000000000000e+00 1.003434249659795191e-01
1.359178380141921252e+03 1.000000000000000000e+00 9.768250124633015563e-02
1.359491041570375955e+03 1.000000000000000000e+00 9.754534429674821538e-02
1.359804518637339925e+03 1.000000000000000000e+00 9.727098466669140131e-02
1.360117180065794855e+03 1.000000000000000000e+00 9.496842965984765572e-02
1.360430929012261913e+03 1.000000000000000000e+00 1.021180925437236015e-01
1.360743862320219705e+03 1.000000000000000000e+00 1.042240202674901417e-01
1.361057611266686536e+03 1.000000000000000000e+00 9.940602064119188896e-02
1.361370816454147416e+03 1.000000000000000000e+00 9.623687555255909520e-02
1.361684837280117335e+03 1.000000000000000000e+00 1.008775958773763248e-01
1.361998042467578216e+03 1.000000000000000000e+00 9.566063347266294536e-02
1.362311247655039097e+03 1.000000000000000000e+00 9.512989324746694286e-02
1.362625540360512105e+03 1.000000000000000000e+00 9.631747699387127604e-02
1.362939017427476074e+03 1.000000000000000000e+00 9.382926822137459266e-02
1.363253310132948855e+03 1.000000000000000000e+00 9.468404099743087110e-02
1.363566787199913051e+03 1.000000000000000000e+00 9.193978368996619244e-02
1.363881351784888921e+03 1.000000000000000000e+00 9.219259978697691427e-02
1.364195100731355751e+03 1.000000000000000000e+00 9.760244510989590783e-02
1.364508849677822809e+03 1.000000000000000000e+00 9.569692873958751678e-02
1.364823686142301540e+03 1.000000000000000000e+00 9.120475389420668044e-02
1.365137435088768598e+03 1.000000000000000000e+00 9.225678588657147683e-02
1.365452271553247556e+03 1.000000000000000000e+00 9.229703529945391949e-02
1.365766564258720564e+03 1.000000000000000000e+00 9.380950665038755021e-02
1.366081400723199295e+03 1.000000000000000000e+00 9.785564101191310260e-02
1.366395693428672303e+03 1.000000000000000000e+00 9.568176479429868486e-02
1.366709986134145311e+03 1.000000000000000000e+00 9.569977159055784166e-02
1.367025094478127357e+03 1.000000000000000000e+00 9.577422309623806473e-02
1.367339659063103227e+03 1.000000000000000000e+00 9.354998111967989527e-02
1.367655039286588135e+03 1.000000000000000000e+00 9.685225488791823767e-02
1.367969603871564232e+03 1.000000000000000000e+00 9.534450717900905259e-02
1.368284984095049140e+03 1.000000000000000000e+00 1.003918476237785490e-01
1.368599820559527871e+03 1.000000000000000000e+00 9.518836866215638071e-02
1.368914657024006829e+03 1.000000000000000000e+00 9.269290311457246967e-02
1.369230309126994825e+03 1.000000000000000000e+00 9.048127216039447696e-02
1.369545417470976872e+03 1.000000000000000000e+00 9.113309994518335733e-02
1.369861069573964642e+03 1.000000000000000000e+00 9.602028183031884045e-02
1.370176449797449550e+03 1.000000000000000000e+00 9.517457386220505577e-02
1.370492373779940635e+03 1.000000000000000000e+00 9.449641915858369989e-02
1.370807482123922455e+03 1.000000000000000000e+00 9.442787040275968380e-02
1.371122862347407590e+03 1.000000000000000000e+00 9.431601094150507403e-02
1.371439058209401537e+03 1.000000000000000000e+00 9.643170176624912826e-02
1.371754438432886445e+03 1.000000000000000000e+00 9.426085085674207331e-02
1.372070906174383254e+03 1.000000000000000000e+00 9.382184849019627182e-02
1.372386558277371250e+03 1.000000000000000000e+00 8.881046158244070010e-02
1.372703026018868513e+03 1.000000000000000000e+00 9.496546642425661433e-02
1.373018678121856510e+03 1.000000000000000000e+00 9.460074530502685097e-02
1.373334602104347141e+03 1.000000000000000000e+00 9.660527761003068203e-02
1.373651341725347265e+03 1.000000000000000000e+00 1.022302013206894816e-01
1.373967265707838123e+03 1.000000000000000000e+00 9.484118638963491554e-02
1.374284005328838248e+03 1.000000000000000000e+00 9.368026973729932927e-02
1.374600201190832195e+03 1.000000000000000000e+00 9.203901512312263888e-02
1.374917212691334953e+03 1.000000000000000000e+00 9.138370774215269499e-02
1.375233680432832216e+03 1.000000000000000000e+00 9.543751304009605307e-02
1.375549876294825935e+03 1.000000000000000000e+00 9.696192059378556938e-02
1.375867159674832010e+03 1.000000000000000000e+00 9.177497667781446544e-02
1.376183627416329045e+03 1.000000000000000000e+00 9.036072732704315824e-02
1.376500910796335120e+03 1.000000000000000000e+00 9.269595243166704746e-02
1.376817650417335017e+03 1.000000000000000000e+00 9.623587372433396736e-02
1.377135205676843952e+03 1.000000000000000000e+00 9.291516724188648990e-02
1.377451945297843849e+03 1.000000000000000000e+00 8.913663290900540603e-02
1.377768956798347062e+03 1.000000000000000000e+00 9.356326427661157408e-02
1.378086512057855771e+03 1.000000000000000000e+00 9.418054593524403939e-02
1.378403523558358756e+03 1.000000000000000000e+00 9.002958367967689446e-02
1.378721350697370781e+03 1.000000000000000000e+00 9.751938463261328183e-02
1.379038634077376855e+03 1.000000000000000000e+00 9.535724564331840569e-02
1.379356733095891968e+03 1.000000000000000000e+00 9.557644330000343580e-02
1.379674016475897815e+03 1.000000000000000000e+00 9.224811928861356702e-02
1.379991299855903890e+03 1.000000000000000000e+00 9.464052162816999347e-02
1.380309670753921864e+03 1.000000000000000000e+00 9.880359528741210207e-02
1.380626954133927711e+03 1.000000000000000000e+00 9.729396139744418692e-02
1.380945325031945913e+03 1.000000000000000000e+00 9.702285255262249608e-02
1.381263152170957710e+03 1.000000000000000000e+00 9.556262741447092701e-02
1.381581794948478546e+03 1.000000000000000000e+00 9.286759293957137784e-02
1.381899622087490798e+03 1.000000000000000000e+00 9.268266495987670384e-02
1.382217449226502822e+03 1.000000000000000000e+00 9.622480732487644073e-02
1.382536092004023658e+03 1.000000000000000000e+00 9.735576229800629866e-02
1.382854191022538771e+03 1.000000000000000000e+00 9.796232654408953966e-02
1.383173105679562696e+03 1.000000000000000000e+00 9.418026598417100770e-02
1.383491204698077581e+03 1.000000000000000000e+00 9.475939683730605356e-02
1.383810119355101961e+03 1.000000000000000000e+00 9.582196363076374290e-02
1.384128490253119708e+03 1.000000000000000000e+00 9.774721926246511539e-02
1.384447133030640771e+03 1.000000000000000000e+00 9.687338628874408997e-02
1.384766319567167784e+03 1.000000000000000000e+00 9.539424558176386182e-02
1.385084690465185759e+03 1.000000000000000000e+00 9.300290071431402406e-02
1.385404148881215633e+03 1.000000000000000000e+00 9.404207841192201156e-02
1.385723063538240012e+03 1.000000000000000000e+00 9.006288787536144425e-02
1.386042521954269660e+03 1.000000000000000000e+00 9.195941007036585735e-02
1.386361436611293811e+03 1.000000000000000000e+00 8.929022555041682407e-02
1.386681166906826775e+03 1.000000000000000000e+00 9.245903156481305452e-02
1.387000081563850699e+03 1.000000000000000000e+00 9.377608585310549805e-02
1.387319268100377712e+03 1.000000000000000000e+00 9.679696008066913937e-02
1.387638998395910903e+03 1.000000000000000000e+00 9.236663235451635090e-02
1.387958184932437916e+03 1.000000000000000000e+00 9.249819759036051470e-02
1.388278458986976830e+03 1.000000000000000000e+00 9.462234862894718102e-02
1.388597645523503843e+03 1.000000000000000000e+00 9.780439767756415881e-02
1.388917919578042984e+03 1.000000000000000000e+00 9.403473768792690313e-02
1.389237377994072858e+03 1.000000000000000000e+00 9.223098279668608124e-02
1.389557108289606049e+03 1.000000000000000000e+00 9.214799277819959999e-02
1.389877382344144962e+03 1.000000000000000000e+00 9.253291895883972162e-02
1.390197112639677925e+03 1.000000000000000000e+00 9.169998685751426515e-02
1.390517658573719928e+03 1.000000000000000000e+00 9.443327624945752063e-02
1.390837660748756207e+03 1.000000000000000000e+00 9.438140772132047607e-02
1.391158478562301070e+03 1.000000000000000000e+00 9.666172112783465165e-02
1.391478480737337350e+03 1.000000000000000000e+00 9.612744002284635825e-02
1.391798482912373174e+03 1.000000000000000000e+00 9.237908591127283464e-02
1.392119300725918265e+03 1.000000000000000000e+00 9.205204349953054199e-02
1.392439846659960267e+03 1.000000000000000000e+00 9.070514305889597340e-02
1.392760664473505130e+03 1.000000000000000000e+00 9.175247040557397982e-02
1.393081210407547360e+03 1.000000000000000000e+00 9.487417222690075480e-02
1.393402571980098173e+03 1.000000000000000000e+00 9.208416520176472553e-02
1.393722846034637541e+03 1.000000000000000000e+00 9.208615307314983733e-02
1.394043663848182405e+03 1.000000000000000000e+00 9.475629169032055710e-02
1.394365025420733446e+03 1.000000000000000000e+00 9.817529525036092219e-02
1.394685843234278536e+03 1.000000000000000000e+00 9.510994713646596377e-02
1.395007476686332438e+03 1.000000000000000000e+00 9.030608022026091752e-02
1.395328294499877529e+03 1.000000000000000000e+00 9.196501909188094237e-02
1.395650199831434747e+03 1.000000000000000000e+00 9.083817436834114301e-02
1.395971289524482700e+03 1.000000000000000000e+00 9.461323902346242820e-02
1.396292379217530879e+03 1.000000000000000000e+00 9.734712964390573875e-02
1.396614284549087643e+03 1.000000000000000000e+00 9.650161805391423153e-02
1.396935646121638911e+03 1.000000000000000000e+00 9.483863986511313626e-02
1.397257823332698763e+03 1.000000000000000000e+00 9.297095506408387111e-02
1.397579184905249804e+03 1.000000000000000000e+00 9.378258960919412524e-02
1.397901633995812972e+03 1.000000000000000000e+00 9.169800170335891398e-02
1.398222995568364013e+03 1.000000000000000000e+00 9.227769111513930977e-02
1.398544629020418142e+03 1.000000000000000000e+00 8.987497606303657127e-02
1.398867349990484172e+03 1.000000000000000000e+00 9.619991089730524358e-02
1.399188983442538301e+03 1.000000000000000000e+00 9.745120084465501431e-02
1.399511704412604331e+03 1.000000000000000000e+00 9.258589284876914127e-02
1.399833609744161322e+03 1.000000000000000000e+00 9.874973071145844161e-02
1.400156602593730440e+03 1.000000000000000000e+00 9.049578419970062682e-02
1.400478507925287659e+03 1.000000000000000000e+00 8.651532411107289156e-02
1.400800685136347511e+03 1.000000000000000000e+00 9.182298891546473996e-02
1.401123677985916629e+03 1.000000000000000000e+00 9.010596648054880475e-02
1.401446127076479570e+03 1.000000000000000000e+00 9.122345892608506313e-02
1.401769391805551777e+03 1.000000000000000000e+00 9.339665076939820954e-02
1.402091840896114718e+03 1.000000000000000000e+00 9.163324740714899608e-02
1.402415105625186925e+03 1.000000000000000000e+00 9.171331408285202103e-02
1.402737826595252955e+03 1.000000000000000000e+00 9.033330870829324455e-02
1.403060275685815895e+03 1.000000000000000000e+00 9.219005704744867580e-02
1.403383812294391191e+03 1.000000000000000000e+00 9.345964437097324662e-02
1.403706805143960082e+03 1.000000000000000000e+00 8.761362549324500093e-02
1.404030613632038239e+03 1.000000000000000000e+00 9.183124466411632381e-02
1.404353606481607358e+03 1.000000000000000000e+00 9.216531761101588727e-02
1.404677143090182199e+03 1.000000000000000000e+00 9.062003489750421192e-02
1.405000407819254406e+03 1.000000000000000000e+00 9.096603522471158332e-02
1.405323672548326613e+03 1.000000000000000000e+00 8.891681132798057163e-02
1.405647752915907631e+03 1.000000000000000000e+00 8.697134119129484864e-02
1.405971017644979611e+03 1.000000000000000000e+00 9.020547492793749844e-02
1.406295369892063718e+03 1.000000000000000000e+00 8.856107197775088535e-02
1.406618906500639014e+03 1.000000000000000000e+00 8.851299270767612470e-02
1.406943258747722894e+03 1.000000000000000000e+00 8.750071184185884143e-02
1.407266795356298189e+03 1.000000000000000000e+00 8.846675434378838132e-02
1.407590603844376119e+03 1.000000000000000000e+00 8.824987893595277744e-02
1.407915227970963315e+03 1.000000000000000000e+00 8.880064108505859866e-02
1.408239036459041472e+03 1.000000000000000000e+00 9.193028468440622714e-02
1.408563660585628213e+03 1.000000000000000000e+00 9.524591529129507184e-02
1.408887740953209459e+03 1.000000000000000000e+00 9.518750574591827718e-02
1.409212636959299743e+03 1.000000000000000000e+00 8.854287736092786298e-02
1.409536717326880762e+03 1.000000000000000000e+00 8.846676525677070468e-02
1.409861069573964642e+03 1.000000000000000000e+00 8.986907588768894284e-02
1.410186237459557788e+03 1.000000000000000000e+00 9.118762814704267639e-02
1.410510861586144983e+03 1.000000000000000000e+00 9.100971141106327378e-02
1.410836029471738129e+03 1.000000000000000000e+00 9.091003745123632518e-02
1.411160653598325325e+03 1.000000000000000000e+00 9.097837075391540518e-02
1.411485821483918244e+03 1.000000000000000000e+00 9.376139236575156688e-02
1.411810717490008301e+03 1.000000000000000000e+00 9.047966803129546542e-02
1.412136157255104536e+03 1.000000000000000000e+00 8.761092825901828363e-02
1.412461053261194593e+03 1.000000000000000000e+00 9.016218779168415354e-02
1.412785949267284877e+03 1.000000000000000000e+00 9.633667231488052263e-02
1.413111660911883746e+03 1.000000000000000000e+00 9.899218691574389328e-02
1.413436828797476892e+03 1.000000000000000000e+00 1.059913173576985529e-01
1.413762812321579077e+03 1.000000000000000000e+00 1.090931997337314246e-01
1.414087980207172222e+03 1.000000000000000000e+00 1.062789343144645154e-01
1.414413963731274180e+03 1.000000000000000000e+00 1.013055901023371397e-01
1.414739403496370414e+03 1.000000000000000000e+00 9.772350032651069829e-02
1.415064843261466422e+03 1.000000000000000000e+00 9.700107132098473306e-02
1.415391370544574556e+03 1.000000000000000000e+00 9.125862099258881532e-02
1.415716810309670791e+03 1.000000000000000000e+00 8.951455757155209192e-02
1.416043337592778926e+03 1.000000000000000000e+00 9.427842653809885565e-02
1.416369049237377794e+03 1.000000000000000000e+00 9.043570217542241940e-02
1.416695848399989018e+03 1.000000000000000000e+00 8.753511394460877781e-02
1.417021560044588114e+03 1.000000000000000000e+00 9.216448889770045838e-02
1.417347543568690298e+03 1.000000000000000000e+00 9.615955861150347894e-02
1.417674342731301522e+03 1.000000000000000000e+00 9.177659875809890400e-02
1.418000598134906568e+03 1.000000000000000000e+00 9.103924940764764051e-02
1.418327397297517791e+03 1.000000000000000000e+00 8.867704062429512812e-02
1.418653924580625926e+03 1.000000000000000000e+00 8.747407117729495696e-02
1.418980995622740011e+03 1.000000000000000000e+00 9.248053659832050633e-02
1.419307251026345057e+03 1.000000000000000000e+00 9.265981571933833150e-02
1.419634050188956053e+03 1.000000000000000000e+00 8.891673357533085020e-02
1.419961393110573454e+03 1.000000000000000000e+00 9.075716532830338523e-02
1.420287920393681588e+03 1.000000000000000000e+00 9.584973655793882497e-02
1.420615535194801623e+03 1.000000000000000000e+00 9.650934714418314686e-02
1.420942334357412847e+03 1.000000000000000000e+00 9.147487037055279657e-02
1.421269949158532881e+03 1.000000000000000000e+00 9.184926279254906900e-02
1.421596748321143878e+03 1.000000000000000000e+00 9.022111864149637284e-02
1.421924091242761278e+03 1.000000000000000000e+00 8.991219707858567889e-02
1.422251977923384402e+03 1.000000000000000000e+00 9.183652282605861417e-02
1.422579048965498487e+03 1.000000000000000000e+00 9.193734609186882123e-02
1.422906935646121610e+03 1.000000000000000000e+00 9.311849370101764334e-02
1.423234278567738556e+03 1.000000000000000000e+00 9.307156676621752833e-02
1.423562437127864996e+03 1.000000000000000000e+00 9.185664858136062538e-02
1.423890051928985031e+03 1.000000000000000000e+00 9.113592343688228792e-02
1.424217666730105066e+03 1.000000000000000000e+00 9.446645042967363737e-02
1.424546097169734139e+03 1.000000000000000000e+00 9.432388992152634932e-02
1.424873711970854629e+03 1.000000000000000000e+00 9.085008969382703248e-02
1.425202414289986791e+03 1.000000000000000000e+00 9.081222099913871526e-02
1.425530300970609915e+03 1.000000000000000000e+00 1.075553471750619050e-01
1.425859003289742077e+03 1.000000000000000000e+00 1.020251974126459016e-01
1.426186889970365200e+03 1.000000000000000000e+00 8.763862521362403291e-02
1.426515048530491185e+03 1.000000000000000000e+00 9.004915963349127694e-02
1.426844022729126436e+03 1.000000000000000000e+00 8.901576761240699576e-02
1.427172181289252649e+03 1.000000000000000000e+00 8.988033520994700987e-02
1.427501427367390761e+03 1.000000000000000000e+00 8.760981239090302741e-02
1.427829857807019835e+03 1.000000000000000000e+00 9.019376010603290250e-02
1.428159103885158174e+03 1.000000000000000000e+00 9.199837574039669563e-02
1.428487534324787248e+03 1.000000000000000000e+00 8.903515267474211570e-02
1.428816236643919183e+03 1.000000000000000000e+00 9.571378200415864290e-02
1.429145754601560611e+03 1.000000000000000000e+00 9.251022474228066950e-02
1.429474456920692774e+03 1.000000000000000000e+00 9.324339080362416265e-02
1.429803974878333975e+03 1.000000000000000000e+00 9.640359952644350638e-02
1.430132949076968998e+03 1.000000000000000000e+00 9.229980338265182660e-02
1.430462738914113288e+03 1.000000000000000000e+00 9.150594623422221574e-02
1.430791984992251173e+03 1.000000000000000000e+00 8.880511643766264562e-02
1.431120959190886424e+03 1.000000000000000000e+00 8.452298661837294447e-02
1.431451020907533803e+03 1.000000000000000000e+00 9.018408965594641724e-02
1.431780266985671915e+03 1.000000000000000000e+00 8.627262297645239830e-02
1.432110600581822155e+03 1.000000000000000000e+00 8.538558015651388777e-02
1.432439846659960267e+03 1.000000000000000000e+00 8.566923696320434545e-02
1.432770180256110507e+03 1.000000000000000000e+00 8.600706261117578577e-02
1.433099698213751481e+03 1.000000000000000000e+00 8.812611637214891325e-02
1.433429488050895770e+03 1.000000000000000000e+00 8.677078812154366549e-02
1.433760093526548872e+03 1.000000000000000000e+00 8.747513531603609560e-02
1.434089883363693161e+03 1.000000000000000000e+00 8.997739622576361729e-02
1.434420488839346262e+03 1.000000000000000000e+00 9.140922827030541209e-02
1.434750550555993414e+03 1.000000000000000000e+00 9.478519386965096605e-02
1.435081427911149603e+03 1.000000000000000000e+00 9.122747045278849221e-02
1.435411489627796982e+03 1.000000000000000000e+00 8.912390148006675561e-02
1.435742638862456261e+03 1.000000000000000000e+00 9.112714349571085504e-02
1.436072972458606500e+03 1.000000000000000000e+00 9.056216191054684839e-02
1.436403306054756285e+03 1.000000000000000000e+00 8.648664762648190785e-02
1.436734455289415791e+03 1.000000000000000000e+00 8.711108288306677883e-02
1.437065060765068893e+03 1.000000000000000000e+00 8.788780880323121547e-02
1.437396481879231033e+03 1.000000000000000000e+00 8.479972834287156924e-02
1.437727087354884361e+03 1.000000000000000000e+00 8.419856730619502960e-02
1.438058508469046501e+03 1.000000000000000000e+00 8.799001870308914564e-02
1.438389385824202691e+03 1.000000000000000000e+00 8.879446507533324262e-02
1.438720263179358653e+03 1.000000000000000000e+00 9.002889621659446173e-02
1.439052228052526971e+03 1.000000000000000000e+00 9.062883152879644411e-02
1.439383105407683161e+03 1.000000000000000000e+00 8.890390193623749771e-02
1.439715070280851478e+03 1.000000000000000000e+00 8.698315826323393951e-02
1.440046219515510757e+03 1.000000000000000000e+00 9.199529179230261922e-02
1.440378184388678847e+03 1.000000000000000000e+00 9.148859099573619647e-02
1.440709605502840986e+03 1.000000000000000000e+00 8.999186264759212461e-02
1.441041026617003126e+03 1.000000000000000000e+00 8.935901675273118239e-02
1.441373535249177394e+03 1.000000000000000000e+00 9.080668259505918216e-02
1.441704956363339534e+03 1.000000000000000000e+00 9.208576903832649263e-02
1.442037464995513801e+03 1.000000000000000000e+00 9.020747687610891630e-02
1.442369157989179030e+03 1.000000000000000000e+00 8.849817415758617911e-02
1.442701666621353297e+03 1.000000000000000000e+00 8.774547675962056370e-02
1.443033631494521615e+03 1.000000000000000000e+00 8.620226738378121423e-02
1.443365596367689704e+03 1.000000000000000000e+00 9.312048204562846376e-02
1.443698376879367061e+03 1.000000000000000000e+00 8.977198424583221481e-02
1.444030613632038239e+03 1.000000000000000000e+00 8.736137838632390684e-02
1.444363666023218457e+03 1.000000000000000000e+00 9.050413074425109339e-02
1.444695902775889635e+03 1.000000000000000000e+00 8.890143474114541033e-02
1.445028955167069853e+03 1.000000000000000000e+00 8.900075605407178903e-02
1.445361463799244120e+03 1.000000000000000000e+00 8.855287032797772018e-02
1.445693972431418388e+03 1.000000000000000000e+00 8.797948982622576242e-02
1.446027296702101467e+03 1.000000000000000000e+00 8.622653245215342044e-02
1.446360077213778823e+03 1.000000000000000000e+00 8.986872084054542409e-02
1.446693401484461901e+03 1.000000000000000000e+00 8.897898140703457137e-02
1.447026453875642346e+03 1.000000000000000000e+00 8.846571881888104505e-02
1.447360050025828514e+03 1.000000000000000000e+00 9.051587997633733784e-02
1.447693102417008731e+03 1.000000000000000000e+00 9.407016987205625569e-02
1.448025882928686087e+03 1.000000000000000000e+00 9.062418641858349666e-02
1.448360022837878205e+03 1.000000000000000000e+00 8.731587333741754053e-02
1.448693075229058422e+03 1.000000000000000000e+00 8.861877562801682984e-02
1.449027215138250767e+03 1.000000000000000000e+00 9.036252702668275127e-02
1.449360539408933846e+03 1.000000000000000000e+00 8.683238064157254577e-02
1.449694679318126191e+03 1.000000000000000000e+00 8.912706807885548144e-02
1.450028275468312358e+03 1.000000000000000000e+00 8.973717399961787800e-02
1.450361871618498526e+03 1.000000000000000000e+00 8.963932797569867938e-02
1.450696283407193732e+03 1.000000000000000000e+00 8.888256225916682518e-02
1.451030151436882988e+03 1.000000000000000000e+00 8.975180139659492962e-02
1.451364563225578422e+03 1.000000000000000000e+00 9.211842275112969158e-02
1.451698431255267678e+03 1.000000000000000000e+00 9.056568982131579792e-02
1.452033386802968835e+03 1.000000000000000000e+00 8.684338411884029441e-02
1.452367254832658091e+03 1.000000000000000000e+00 8.732286081273851752e-02
1.452701394741850208e+03 1.000000000000000000e+00 9.188556122668775639e-02
1.453036350289551592e+03 1.000000000000000000e+00 9.226853760366023061e-02
1.453370762078246798e+03 1.000000000000000000e+00 8.529566311459937933e-02
1.453705717625948182e+03 1.000000000000000000e+00 8.669252508612260155e-02
1.454040129414643161e+03 1.000000000000000000e+00 8.764171756019800696e-02
1.454375628721350722e+03 1.000000000000000000e+00 8.789531818948879971e-02
1.454710040510045928e+03 1.000000000000000000e+00 8.991243409787637308e-02
1.455044724178244223e+03 1.000000000000000000e+00 9.285692349479768293e-02
1.455380223484951330e+03 1.000000000000000000e+00 8.991877831362482532e-02
1.455715179032652486e+03 1.000000000000000000e+00 8.675914073065991994e-02
1.456050678339360047e+03 1.000000000000000000e+00 9.022417871916797727e-02
1.456385633887061203e+03 1.000000000000000000e+00 9.209478022201669778e-02
1.456721676952774487e+03 1.000000000000000000e+00 8.893388116119621545e-02
1.457056632500475644e+03 1.000000000000000000e+00 8.592975237457514681e-02
1.457391859927679889e+03 1.000000000000000000e+00 8.676384593110451904e-02
1.457727902993393172e+03 1.000000000000000000e+00 9.114874512399251394e-02
1.458063402300100506e+03 1.000000000000000000e+00 9.189556251253848396e-02
1.458399445365813790e+03 1.000000000000000000e+00 8.684483930917497041e-02
1.458735216552023985e+03 1.000000000000000000e+00 9.266547084477629037e-02
1.459071531497240358e+03 1.000000000000000000e+00 9.184253923529221708e-02
1.459407030803947691e+03 1.000000000000000000e+00 8.527374952616510739e-02
1.459742801990157886e+03 1.000000000000000000e+00 8.574265416675130869e-02
1.460079388814877348e+03 1.000000000000000000e+00 8.908928786770735353e-02
1.460415431880590404e+03 1.000000000000000000e+00 8.547023375503373654e-02
1.460752018705309865e+03 1.000000000000000000e+00 8.824914216100245012e-02
1.461088061771023149e+03 1.000000000000000000e+00 9.061180932657376952e-02
1.461425192354748333e+03 1.000000000000000000e+00 8.722281033420567486e-02
1.461761235420461617e+03 1.000000000000000000e+00 8.698683723454737893e-02
1.462098366004186801e+03 1.000000000000000000e+00 8.895294078042204067e-02
1.462434680949403173e+03 1.000000000000000000e+00 8.659569188584827215e-02
1.462770995894619318e+03 1.000000000000000000e+00 8.863403062053640258e-02
1.463108398357847591e+03 1.000000000000000000e+00 8.627153482331693934e-02
1.463444985182567052e+03 1.000000000000000000e+00 8.481446028032739448e-02
1.463782387645795325e+03 1.000000000000000000e+00 8.686953895574947571e-02
1.464119246350017420e+03 1.000000000000000000e+00 8.800746562464792366e-02
1.464456920692748781e+03 1.000000000000000000e+00 8.728049192913345244e-02
1.464793779396971331e+03 1.000000000000000000e+00 8.854106178872563071e-02
1.465130638101193426e+03 1.000000000000000000e+00 8.707367398415112592e-02
1.465468584323427876e+03 1.000000000000000000e+00 8.740764715957176356e-02
1.465805714907153060e+03 1.000000000000000000e+00 9.181635248768064972e-02
1.466143661129387283e+03 1.000000000000000000e+00 9.206615200068371530e-02
1.466481063592615556e+03 1.000000000000000000e+00 8.954782614445051803e-02
1.466819009814850006e+03 1.000000000000000000e+00 9.016364300934119613e-02
1.467156684157581367e+03 1.000000000000000000e+00 8.687560606900499027e-02
1.467494086620809639e+03 1.000000000000000000e+00 8.446821688698920305e-02
1.467832576602049812e+03 1.000000000000000000e+00 8.506680002170574628e-02
1.468170250944781174e+03 1.000000000000000000e+00 9.350029616536861821e-02
1.468508740926021574e+03 1.000000000000000000e+00 8.880099216321014899e-02
1.468846415268752935e+03 1.000000000000000000e+00 8.508342612487437839e-02
1.469185449008999058e+03 1.000000000000000000e+00 9.047565662811990483e-02
1.469523395231233508e+03 1.000000000000000000e+00 9.058018270601088384e-02
1.469861341453467730e+03 1.000000000000000000e+00 8.587734925308251888e-02
1.470200375193714081e+03 1.000000000000000000e+00 8.509757968629513836e-02
1.470538593295451165e+03 1.000000000000000000e+00 8.859261268254398081e-02
1.470877627035697742e+03 1.000000000000000000e+00 9.076570731736151310e-02
1.471216117016937915e+03 1.000000000000000000e+00 8.824699942869008995e-02
1.471555150757184265e+03 1.000000000000000000e+00 8.832731946375421694e-02
1.471893640738424665e+03 1.000000000000000000e+00 9.016265050474615850e-02
1.472232402599167926e+03 1.000000000000000000e+00 8.800957027487088524e-02
1.472571980098420227e+03 1.000000000000000000e+00 8.377785181302650763e-02
1.472910741959163715e+03 1.000000000000000000e+00 8.671683776780962638e-02
1.473250319458415788e+03 1.000000000000000000e+00 8.964083811998883877e-02
1.473589081319159277e+03 1.000000000000000000e+00 9.313675020730281806e-02
1.473928930697914666e+03 1.000000000000000000e+00 9.126162402694280862e-02
1.474267964438161016e+03 1.000000000000000000e+00 8.950532610212624807e-02
1.474607270057910227e+03 1.000000000000000000e+00 8.632087428560378251e-02
1.474947119436665616e+03 1.000000000000000000e+00 8.887759763923547274e-02
1.475286425056415055e+03 1.000000000000000000e+00 9.055633216387608264e-02
1.475626818194176167e+03 1.000000000000000000e+00 8.857204737581379772e-02
1.475966123813925606e+03 1.000000000000000000e+00 9.006540060252384017e-02
1.476306516951686945e+03 1.000000000000000000e+00 8.806903097488229248e-02
1.476646094450939472e+03 1.000000000000000000e+00 9.181021464041079494e-02
1.476985943829694634e+03 1.000000000000000000e+00 9.570895439076707034e-02
1.477326608846959061e+03 1.000000000000000000e+00 9.152372680176418251e-02
1.477666458225714223e+03 1.000000000000000000e+00 8.820448778273311252e-02
1.478007123242978651e+03 1.000000000000000000e+00 8.841049743731728416e-02
1.478347244501236901e+03 1.000000000000000000e+00 9.369395397809023029e-02
1.478688181398004417e+03 1.000000000000000000e+00 9.716281448566220502e-02
1.479028302656262667e+03 1.000000000000000000e+00 8.751748312594795354e-02
1.479368423914521145e+03 1.000000000000000000e+00 9.156445231700255372e-02
1.479709632690791523e+03 1.000000000000000000e+00 9.105361225223967958e-02
1.480050025828552634e+03 1.000000000000000000e+00 9.008440636827416692e-02
1.480391234604823012e+03 1.000000000000000000e+00 8.957544275364626163e-02
1.480731899622087440e+03 1.000000000000000000e+00 9.208893636397584570e-02
1.481073380277860906e+03 1.000000000000000000e+00 8.700095058150091043e-02
1.481414045295125106e+03 1.000000000000000000e+00 9.279417643044855779e-02
1.481754710312389534e+03 1.000000000000000000e+00 9.219016492250659001e-02
1.482096462847665862e+03 1.000000000000000000e+00 9.214392205838377314e-02
1.482437399744433151e+03 1.000000000000000000e+00 9.409689236193838346e-02
1.482779424159212567e+03 1.000000000000000000e+00 9.214555692377948692e-02
1.483120361055979856e+03 1.000000000000000000e+00 8.760986443548436642e-02
1.483462385470759500e+03 1.000000000000000000e+00 9.042310208782819436e-02
1.483803866126532512e+03 1.000000000000000000e+00 8.867578355694440140e-02
1.484145074902802889e+03 1.000000000000000000e+00 8.910709295202466629e-02
1.484487371197085395e+03 1.000000000000000000e+00 9.505416606659258805e-02
1.484828851852858861e+03 1.000000000000000000e+00 1.031079187052824364e-01
1.485171148147141139e+03 1.000000000000000000e+00 1.015333473725715113e-01
1.485512900682417467e+03 1.000000000000000000e+00 1.018970892242406362e-01
1.485855468856202833e+03 1.000000000000000000e+00 9.586750053801845750e-02
1.486197221391479161e+03 1.000000000000000000e+00 9.030352867429521091e-02
1.486539245806258805e+03 1.000000000000000000e+00 9.114404215800483988e-02
1.486881813980043944e+03 1.000000000000000000e+00 9.015876666093067260e-02
1.487224110274326222e+03 1.000000000000000000e+00 8.922710375941303451e-02
1.487566950327614677e+03 1.000000000000000000e+00 9.262512801720056144e-02
1.487909246621897182e+03 1.000000000000000000e+00 9.164856116470170011e-02
1.488252086675185410e+03 1.000000000000000000e+00 9.186580691860996017e-02
1.488594654848970777e+03 1.000000000000000000e+00 9.198368541761391126e-02
1.488937766781762321e+03 1.000000000000000000e+00 8.978185084301125440e-02
1.489280334955547687e+03 1.000000000000000000e+00 9.184322456399823809e-02
1.489622903129333054e+03 1.000000000000000000e+00 9.522693381159792747e-02
1.489966558821130548e+03 1.000000000000000000e+00 9.352620790561246011e-02
1.490309398874418775e+03 1.000000000000000000e+00 9.212165085556013600e-02
1.490653054566216042e+03 1.000000000000000000e+00 9.273096954524051583e-02
1.490995894619504725e+03 1.000000000000000000e+00 9.513861447798287185e-02
1.491339550311301991e+03 1.000000000000000000e+00 9.496027639290210987e-02
1.491682934123596397e+03 1.000000000000000000e+00 9.483882630806614311e-02
1.492026046056387713e+03 1.000000000000000000e+00 9.174891887072597618e-02
1.492369973627688296e+03 1.000000000000000000e+00 8.965877198971060336e-02
1.492713357439982474e+03 1.000000000000000000e+00 1.193552983753416313e-01
1.493057556890785918e+03 1.000000000000000000e+00 1.126459437465341384e-01
1.493400940703080323e+03 1.000000000000000000e+00 1.158191895296488000e-01
1.493745412033386856e+03 1.000000000000000000e+00 1.198032604490018860e-01
1.494089067725184123e+03 1.000000000000000000e+00 1.136562118783127906e-01
1.494432723416981389e+03 1.000000000000000000e+00 9.938318863478029508e-02
1.494777194747287922e+03 1.000000000000000000e+00 8.794963601035221679e-02
1.495121394198091366e+03 1.000000000000000000e+00 9.388838961626971846e-02
1.495466137407900760e+03 1.000000000000000000e+00 9.443707877418874852e-02
1.495810064979201115e+03 1.000000000000000000e+00 9.323330825924913690e-02
1.496154808189010510e+03 1.000000000000000000e+00 8.706813045784532468e-02
1.496499007639813954e+03 1.000000000000000000e+00 8.895557999344481936e-02
1.496843478970120486e+03 1.000000000000000000e+00 9.316631606531959597e-02
1.497188765938935830e+03 1.000000000000000000e+00 9.444857175047892406e-02
1.497532965389739275e+03 1.000000000000000000e+00 9.104586817454549119e-02
1.497878252358554619e+03 1.000000000000000000e+00 9.110848213624299363e-02
1.498222995568364013e+03 1.000000000000000000e+00 9.451543597640005290e-02
1.498568282537179357e+03 1.000000000000000000e+00 9.184269929464485005e-02
1.498913025746988978e+03 1.000000000000000000e+00 9.427909014231962426e-02
1.499258040836301461e+03 1.000000000000000000e+00 9.647897795025252299e-02
1.499603599684619667e+03 1.000000000000000000e+00 8.916334135711365128e-02
1.499948614773932150e+03 1.000000000000000000e+00 9.192262919808757982e-02
1.500294445501753671e+03 1.000000000000000000e+00 9.273806842000209549e-02
1.500639732470569015e+03 1.000000000000000000e+00 8.994046802027236276e-02
1.500985835077893398e+03 1.000000000000000000e+00 8.884994105523066898e-02
1.501331122046708970e+03 1.000000000000000000e+00 9.241451056694359456e-02
1.501676409015524314e+03 1.000000000000000000e+00 9.506885196570706575e-02
1.502022783502351786e+03 1.000000000000000000e+00 9.453619621253488148e-02
1.502368342350669991e+03 1.000000000000000000e+00 9.276453980117307929e-02
1.502714716837497690e+03 1.000000000000000000e+00 9.470486796283135444e-02
1.503060275685815895e+03 1.000000000000000000e+00 9.594389416382283209e-02
1.503406922052146228e+03 1.000000000000000000e+00 8.993596057728017734e-02
1.503753024659470839e+03 1.000000000000000000e+00 9.007070072543633954e-02
1.504098855387292133e+03 1.000000000000000000e+00 8.678614858170397017e-02
1.504445501753622693e+03 1.000000000000000000e+00 9.315509127791132826e-02
1.504791604360947304e+03 1.000000000000000000e+00 9.440939205230280962e-02
1.505138794486283814e+03 1.000000000000000000e+00 9.238165398754037694e-02
1.505484897093607970e+03 1.000000000000000000e+00 9.271916518800074614e-02
1.505832087218944480e+03 1.000000000000000000e+00 8.788074573292077585e-02
1.506178461705771952e+03 1.000000000000000000e+00 9.357391946800897031e-02
1.506525108072102284e+03 1.000000000000000000e+00 9.111122400623766771e-02
1.506872570076941884e+03 1.000000000000000000e+00 9.635161549783645418e-02
1.507219216443272444e+03 1.000000000000000000e+00 9.566803948909602395e-02
1.507566678448111588e+03 1.000000000000000000e+00 9.365896849722052386e-02
1.507913596693945010e+03 1.000000000000000000e+00 9.477052564909728416e-02
1.508261330578287698e+03 1.000000000000000000e+00 1.010920546371658763e-01
1.508608248824121119e+03 1.000000000000000000e+00 8.946255545107519025e-02
1.508955167069954541e+03 1.000000000000000000e+00 9.321052034187733704e-02
1.509303172833800090e+03 1.000000000000000000e+00 9.772776769180162304e-02
1.509650362959136601e+03 1.000000000000000000e+00 9.531289457482634842e-02
1.509998640602485011e+03 1.000000000000000000e+00 9.518606485940389605e-02
1.510345830727821522e+03 1.000000000000000000e+00 9.598196973036628166e-02
1.510694108371169932e+03 1.000000000000000000e+00 9.575399159940176097e-02
1.511041842255512165e+03 1.000000000000000000e+00 9.024508593511719468e-02
1.511389304260351764e+03 1.000000000000000000e+00 9.554834379924603827e-02
1.511737853783203263e+03 1.000000000000000000e+00 9.184459645048073662e-02
1.512085587667545724e+03 1.000000000000000000e+00 9.259446474465883592e-02
1.512434409069900312e+03 1.000000000000000000e+00 9.697669872620320874e-02
1.512782414833745634e+03 1.000000000000000000e+00 9.814500342711836300e-02
1.513130964356597133e+03 1.000000000000000000e+00 1.028266262839763606e-01
1.513479241999945543e+03 1.000000000000000000e+00 1.045960035314699166e-01
1.513827247763790865e+03 1.000000000000000000e+00 9.647295552489447423e-02
1.514176341045648542e+03 1.000000000000000000e+00 9.725227953953473337e-02
1.514524890568499814e+03 1.000000000000000000e+00 9.618978219441878807e-02
1.514873983850357490e+03 1.000000000000000000e+00 9.208839490618976609e-02
1.515222533373208989e+03 1.000000000000000000e+00 8.960486798057602786e-02
1.515571898534569527e+03 1.000000000000000000e+00 1.669418166279440507e-01
1.515920719936923888e+03 1.000000000000000000e+00 3.996453270761333165e-01
1.516270085098284426e+03 1.000000000000000000e+00 1.060829593182885278e+00
1.516618906500638786e+03 1.000000000000000000e+00 1.381764960823880228e+00
1.516967999782496463e+03 1.000000000000000000e+00 5.501376268337672126e-01
1.517317636823359635e+03 1.000000000000000000e+00 4.674087095905467004e-01
1.517666730105217312e+03 1.000000000000000000e+00 1.518490448100621171e-01
1.518016639025583800e+03 1.000000000000000000e+00 9.822210894142043014e-02
1.518366004186944338e+03 1.000000000000000000e+00 9.891492205312556185e-02
1.518715913107310598e+03 1.000000000000000000e+00 9.322077727479746723e-02
1.519065278268671364e+03 1.000000000000000000e+00 8.997514031300012094e-02
1.519414915309534763e+03 1.000000000000000000e+00 9.375391526283870236e-02
1.519765367988907201e+03 1.000000000000000000e+00 1.014026348665200000e-01
1.520115005029770828e+03 1.000000000000000000e+00 1.011980793024446490e-01
1.520465457709143266e+03 1.000000000000000000e+00 9.462744786676036135e-02
1.520815094750006665e+03 1.000000000000000000e+00 9.384934866402010190e-02
1.521165819308882192e+03 1.000000000000000000e+00 9.136836202474148128e-02
1.521516000108751541e+03 1.000000000000000000e+00 9.061181324162689843e-02
1.521865909029118257e+03 1.000000000000000000e+00 9.339650708430832782e-02
1.522216905467496645e+03 1.000000000000000000e+00 9.582070249425299335e-02
1.522567086267366449e+03 1.000000000000000000e+00 9.938023421692891712e-02
1.522918082705744609e+03 1.000000000000000000e+00 9.402526860938321962e-02
1.523268263505614186e+03 1.000000000000000000e+00 9.908839570013980302e-02
1.523619531823495663e+03 1.000000000000000000e+00 9.980969686889870629e-02
1.523970256382371190e+03 1.000000000000000000e+00 9.578091830530645334e-02
1.524320709061743855e+03 1.000000000000000000e+00 9.300111219153822661e-02
1.524672249259128193e+03 1.000000000000000000e+00 9.262871919836514201e-02
1.525022973818003720e+03 1.000000000000000000e+00 9.414573714055372855e-02
1.525374514015388286e+03 1.000000000000000000e+00 9.050125362300065479e-02
1.525725510453766674e+03 1.000000000000000000e+00 9.315866666500277615e-02
1.526077322530654328e+03 1.000000000000000000e+00 9.599789828935252622e-02
1.526428590848535805e+03 1.000000000000000000e+00 9.162455122398945051e-02
1.526779587286914420e+03 1.000000000000000000e+00 9.010060640999348336e-02
1.527131671243304936e+03 1.000000000000000000e+00 9.125756248562649775e-02
1.527482939561186413e+03 1.000000000000000000e+00 9.277783101074504879e-02
1.527835295397080017e+03 1.000000000000000000e+00 9.327975524076925762e-02
1.528186835594464355e+03 1.000000000000000000e+00 9.723250843976470603e-02
1.528539191430357960e+03 1.000000000000000000e+00 9.097500923688162100e-02
1.528890731627742298e+03 1.000000000000000000e+00 9.444241374194912997e-02
1.529242543704630179e+03 1.000000000000000000e+00 9.379554012400313778e-02
1.529595171420026645e+03 1.000000000000000000e+00 9.634520539868657307e-02
1.529946983496914072e+03 1.000000000000000000e+00 9.585352700561655670e-02
1.530299883091813626e+03 1.000000000000000000e+00 9.557370282910503112e-02
1.530651967048204142e+03 1.000000000000000000e+00 9.179489970716188385e-02
1.531004866643103696e+03 1.000000000000000000e+00 9.585932951814292446e-02
1.531356950599494439e+03 1.000000000000000000e+00 9.964089708122146616e-02
1.531709306435387816e+03 1.000000000000000000e+00 9.845147783062331570e-02
1.532062477909790232e+03 1.000000000000000000e+00 9.727257244096684796e-02
1.532414833745683836e+03 1.000000000000000000e+00 1.003798489348328993e-01
1.532768277099589341e+03 1.000000000000000000e+00 9.631494132705334388e-02
1.533120904814985806e+03 1.000000000000000000e+00 9.607985774887839447e-02
1.533474348168891538e+03 1.000000000000000000e+00 9.439215265453286541e-02
1.533827247763790865e+03 1.000000000000000000e+00 9.664649437935955711e-02
1.534180147358690647e+03 1.000000000000000000e+00 9.811189351604654441e-02
1.534533862592099013e+03 1.000000000000000000e+00 9.520540820149443750e-02
1.534887034066501656e+03 1.000000000000000000e+00 9.870748157390912825e-02
1.535241021179413337e+03 1.000000000000000000e+00 9.985029561217760585e-02
1.535593920774312892e+03 1.000000000000000000e+00 9.963706890188757381e-02
1.535948179766727435e+03 1.000000000000000000e+00 9.783023814452285194e-02
1.536301351241129851e+03 1.000000000000000000e+00 1.027075764707015004e-01
1.536655066474538216e+03 1.000000000000000000e+00 9.954055310333216611e-02
1.537009325466952987e+03 1.000000000000000000e+00 9.737265969135730503e-02
1.537362768820858491e+03 1.000000000000000000e+00 9.834379407188939548e-02
1.537717299692776123e+03 1.000000000000000000e+00 9.237105641957057967e-02
1.538071286805687805e+03 1.000000000000000000e+00 9.337387125864426984e-02
1.538425817677605437e+03 1.000000000000000000e+00 9.732339233428656533e-02
1.538779804790516891e+03 1.000000000000000000e+00 1.001448196962936438e-01
1.539133791903428346e+03 1.000000000000000000e+00 9.438974644643625955e-02
1.539488594654848839e+03 1.000000000000000000e+00 9.591378284282110755e-02
1.539842853647263382e+03 1.000000000000000000e+00 9.814744812193101908e-02
1.540197928278187192e+03 1.000000000000000000e+00 9.506277776916725875e-02
1.540552187270601735e+03 1.000000000000000000e+00 1.142512627867188629e-01
1.540907533781028178e+03 1.000000000000000000e+00 1.033730674352111578e-01
1.541262064652945810e+03 1.000000000000000000e+00 9.653839347788195635e-02
1.541616595524863442e+03 1.000000000000000000e+00 9.458808724501915899e-02
1.541971942035289885e+03 1.000000000000000000e+00 9.674972348113486387e-02
1.542326744786710606e+03 1.000000000000000000e+00 9.738435945852305653e-02
1.542682363176640138e+03 1.000000000000000000e+00 9.698515681506045261e-02
1.543037165928060631e+03 1.000000000000000000e+00 9.957685951051213624e-02
1.543393056197493252e+03 1.000000000000000000e+00 9.545141303244505937e-02
1.543748130828416834e+03 1.000000000000000000e+00 1.000885514474522398e-01
1.544104292977352316e+03 1.000000000000000000e+00 9.917113324255660833e-02
1.544459367608276125e+03 1.000000000000000000e+00 9.883355878203767264e-02
1.544814714118702568e+03 1.000000000000000000e+00 9.883017312366629281e-02
1.545170876267638050e+03 1.000000000000000000e+00 9.973609618965889601e-02
1.545526494657567582e+03 1.000000000000000000e+00 1.011351556169496069e-01
1.545882656806503292e+03 1.000000000000000000e+00 1.040839846794134604e-01
1.546238275196432824e+03 1.000000000000000000e+00 1.023668971582909204e-01
1.546594981104374483e+03 1.000000000000000000e+00 1.024384965247873286e-01
1.546950599494304015e+03 1.000000000000000000e+00 1.057512625352239333e-01
1.547306489763736636e+03 1.000000000000000000e+00 1.020219492156333174e-01
1.547663467551181384e+03 1.000000000000000000e+00 1.012412948239524157e-01
1.548019629700116866e+03 1.000000000000000000e+00 1.035675174326978198e-01
1.548376335608058298e+03 1.000000000000000000e+00 9.800361265525746324e-02
1.548732769636497096e+03 1.000000000000000000e+00 9.843267330607374799e-02
1.549089747423941844e+03 1.000000000000000000e+00 9.880187626577587034e-02
1.549446181452380188e+03 1.000000000000000000e+00 1.018401377887563075e-01
1.549802615480818758e+03 1.000000000000000000e+00 1.008220571676095162e-01
1.550159865147766368e+03 1.000000000000000000e+00 1.021034015868975270e-01
1.550516571055708027e+03 1.000000000000000000e+00 1.007348313977581983e-01
1.550874092602158726e+03 1.000000000000000000e+00 1.016001229302551101e-01
1.551231070389603246e+03 1.000000000000000000e+00 1.005826406838709330e-01
1.551588591936053945e+03 1.000000000000000000e+00 9.808203477528666669e-02
1.551945569723498465e+03 1.000000000000000000e+00 1.002754184058378822e-01
1.552302547510943214e+03 1.000000000000000000e+00 9.818413269083928197e-02
1.552660612816399862e+03 1.000000000000000000e+00 9.925977974675768978e-02
1.553017590603844383e+03 1.000000000000000000e+00 1.018456414735504356e-01
1.553375927788803892e+03 1.000000000000000000e+00 9.551032475181356340e-02
1.553733177455751502e+03 1.000000000000000000e+00 9.829276750155348241e-02
1.554091514640711239e+03 1.000000000000000000e+00 1.000086120168236226e-01
1.554449036187161710e+03 1.000000000000000000e+00 9.810322937569478097e-02
1.554806557733612408e+03 1.000000000000000000e+00 9.810246194325643321e-02
1.555165166798075006e+03 1.000000000000000000e+00 9.543287243341877502e-02
1.555522960224028566e+03 1.000000000000000000e+00 9.788235441578073404e-02
1.555881569288491391e+03 1.000000000000000000e+00 9.997680991983243226e-02
1.556239362714444951e+03 1.000000000000000000e+00 9.214748340350234490e-02
1.556598243658410411e+03 1.000000000000000000e+00 9.755442455046359207e-02
1.556956580843370148e+03 1.000000000000000000e+00 1.156582886154553791e-01
1.557314646148826796e+03 1.000000000000000000e+00 1.522014921365160145e-01
1.557673798972295344e+03 1.000000000000000000e+00 1.117936169981718769e-01
1.558032136157255081e+03 1.000000000000000000e+00 9.625566285907434516e-02
1.558391288980723630e+03 1.000000000000000000e+00 9.542579135747557284e-02
1.558749898045186455e+03 1.000000000000000000e+00 9.799836923383407894e-02
1.559109322748158093e+03 1.000000000000000000e+00 1.090731122309231554e-01
1.559467931812620463e+03 1.000000000000000000e+00 1.130052777681023468e-01
1.559826812756586150e+03 1.000000000000000000e+00 1.018685670137781246e-01
1.560186237459557788e+03 1.000000000000000000e+00 9.333453251770805481e-02
1.560545390283026336e+03 1.000000000000000000e+00 9.344656649854392316e-02
1.560905358745004150e+03 1.000000000000000000e+00 9.561056206172802163e-02
1.561264239688969838e+03 1.000000000000000000e+00 9.298746051664844026e-02
1.561624480030450286e+03 1.000000000000000000e+00 9.421221270689666971e-02
1.561983632853919062e+03 1.000000000000000000e+00 1.002056932038018211e-01
1.562343057556890699e+03 1.000000000000000000e+00 1.044166781152477824e-01
1.562703026018868513e+03 1.000000000000000000e+00 9.820598664397571509e-02
1.563062722601343012e+03 1.000000000000000000e+00 1.006174542450705284e-01
1.563423234822326549e+03 1.000000000000000000e+00 1.055299466968961791e-01
1.563782931404801275e+03 1.000000000000000000e+00 9.894715894741225315e-02
1.564143443625785039e+03 1.000000000000000000e+00 9.841466437428005032e-02
1.564503140208259765e+03 1.000000000000000000e+00 1.001896474679568327e-01
1.564863108670237352e+03 1.000000000000000000e+00 1.019583872693600041e-01
1.565223892770723978e+03 1.000000000000000000e+00 9.864950292685228939e-02
1.565584133112204654e+03 1.000000000000000000e+00 9.289185939231686673e-02
1.565945189092194369e+03 1.000000000000000000e+00 9.546551372510772571e-02
1.566305157554171956e+03 1.000000000000000000e+00 9.611610005806250911e-02
1.566666485413664532e+03 1.000000000000000000e+00 9.374687312401729089e-02
1.567026997634648296e+03 1.000000000000000000e+00 9.582752571100679184e-02
1.567387509855631833e+03 1.000000000000000000e+00 1.022544434007043729e-01
1.567748837715124637e+03 1.000000000000000000e+00 9.941146704595839323e-02
1.568109621815611263e+03 1.000000000000000000e+00 9.934272267921270827e-02
1.568471221554606927e+03 1.000000000000000000e+00 9.606891478376447524e-02
1.568832005655093553e+03 1.000000000000000000e+00 9.942376454056968405e-02
1.569193605394089218e+03 1.000000000000000000e+00 1.036144253258382969e-01
1.569554661374078933e+03 1.000000000000000000e+00 1.044790280752571354e-01
1.569915717354068647e+03 1.000000000000000000e+00 9.649331426751918406e-02
1.570277860852070262e+03 1.000000000000000000e+00 1.016295122299361448e-01
1.570638916832059977e+03 1.000000000000000000e+00 9.770458480551837133e-02
1.571001060330061591e+03 1.000000000000000000e+00 1.000435498988997696e-01
1.571362660069057256e+03 1.000000000000000000e+00 9.971576105397286782e-02
1.571724803567059098e+03 1.000000000000000000e+00 1.037856567911445704e-01
1.572086675185557851e+03 1.000000000000000000e+00 9.626848549828084800e-02
1.572449090563062327e+03 1.000000000000000000e+00 9.699981984603794904e-02
1.572810962181561081e+03 1.000000000000000000e+00 9.874110907565271378e-02
1.573172561920556745e+03 1.000000000000000000e+00 1.003357232566707419e-01
1.573535521057067399e+03 1.000000000000000000e+00 9.884552906629655300e-02
1.573897392675566152e+03 1.000000000000000000e+00 9.713718084065225966e-02
1.574260351812076806e+03 1.000000000000000000e+00 9.985450808365321784e-02
1.574622495310078421e+03 1.000000000000000000e+00 1.005785956825307748e-01
1.574985726326092163e+03 1.000000000000000000e+00 9.707731977724227967e-02
1.575347869824094005e+03 1.000000000000000000e+00 1.022457515476874884e-01
1.575710285201598481e+03 1.000000000000000000e+00 1.000950594112844372e-01
1.576073788097115312e+03 1.000000000000000000e+00 9.686766385284331649e-02
1.576436203474620015e+03 1.000000000000000000e+00 9.826709851002100871e-02
1.576799706370136846e+03 1.000000000000000000e+00 1.010975013308188508e-01
1.577162393627144411e+03 1.000000000000000000e+00 1.033988472242815954e-01
1.577526168402164103e+03 1.000000000000000000e+00 1.029914027204440752e-01
1.577889127538674757e+03 1.000000000000000000e+00 1.010278691133865980e-01
1.578252086675185410e+03 1.000000000000000000e+00 1.024024826509976199e-01
1.578616133329708191e+03 1.000000000000000000e+00 1.050181795253019024e-01
1.578979364345721933e+03 1.000000000000000000e+00 1.034015194482384714e-01
1.579343139120741625e+03 1.000000000000000000e+00 9.890775507183155457e-02
1.579706642016258456e+03 1.000000000000000000e+00 9.242830641271808367e-02
1.580070960550283871e+03 1.000000000000000000e+00 9.830133021474664334e-02
1.580434463445800702e+03 1.000000000000000000e+00 9.980538131849277239e-02
1.580797966341317306e+03 1.000000000000000000e+00 1.018233217819857622e-01
1.581162556754846264e+03 1.000000000000000000e+00 1.013477054827672946e-01
1.581526331529865729e+03 1.000000000000000000e+00 1.039110409221054993e-01
1.581890921943394687e+03 1.000000000000000000e+00 1.030497216726847520e-01
1.582254696718414380e+03 1.000000000000000000e+00 1.020337498077148186e-01
1.582619830890949061e+03 1.000000000000000000e+00 1.057996338223435306e-01
1.582983877545471614e+03 1.000000000000000000e+00 1.009622142122848371e-01
1.583347924199994623e+03 1.000000000000000000e+00 1.046093138916799059e-01
1.583713058372529304e+03 1.000000000000000000e+00 1.000961238852615537e-01
1.584077376906555173e+03 1.000000000000000000e+00 9.966518231249119064e-02
1.584442782958592488e+03 1.000000000000000000e+00 1.009762902574797144e-01
1.584807101492618358e+03 1.000000000000000000e+00 9.266154594910656905e-02
1.585172507544656128e+03 1.000000000000000000e+00 1.038586381552396160e-01
1.585537369837687947e+03 1.000000000000000000e+00 1.036982938198233034e-01
1.585901960251216451e+03 1.000000000000000000e+00 1.046393215129343413e-01
1.586267910062260398e+03 1.000000000000000000e+00 9.556655905125338579e-02
1.586632500475788902e+03 1.000000000000000000e+00 1.023125021153447334e-01
1.586998722166335938e+03 1.000000000000000000e+00 9.668283979766922887e-02
1.587363584459367530e+03 1.000000000000000000e+00 1.024838442938960231e-01
1.587729806149914111e+03 1.000000000000000000e+00 1.051114000789629549e-01
1.588094940322449020e+03 1.000000000000000000e+00 1.056790646744384943e-01
1.588460346374486562e+03 1.000000000000000000e+00 1.068226133720942411e-01
1.588826568065033598e+03 1.000000000000000000e+00 1.036276830316348874e-01
1.589192245996574229e+03 1.000000000000000000e+00 9.752763500929864660e-02
1.589558467687121038e+03 1.000000000000000000e+00 1.009789585280542190e-01
1.589924145618661669e+03 1.000000000000000000e+00 1.013654968451670052e-01
1.590290911068214427e+03 1.000000000000000000e+00 9.923434114347012835e-02
1.590656588999755286e+03 1.000000000000000000e+00 1.020535335200673938e-01
1.591022538810798778e+03 1.000000000000000000e+00 1.019938853972336829e-01
1.591389576139854853e+03 1.000000000000000000e+00 1.010949957462784349e-01
1.591755525950898573e+03 1.000000000000000000e+00 1.048589970970673080e-01
1.592122563279954193e+03 1.000000000000000000e+00 9.715402656655559854e-02
1.592488784970501001e+03 1.000000000000000000e+00 1.077883159282256170e-01
1.592856094179059937e+03 1.000000000000000000e+00 1.026752156524540494e-01
1.593222587749109607e+03 1.000000000000000000e+00 1.015509762881966066e-01
1.593589081319159277e+03 1.000000000000000000e+00 1.036068079765234823e-01
1.593956662407221074e+03 1.000000000000000000e+00 1.019672774748390659e-01
1.594323427856773833e+03 1.000000000000000000e+00 1.078377186410234972e-01
1.594691008944835630e+03 1.000000000000000000e+00 1.085403778223024279e-01
1.595057774394388389e+03 1.000000000000000000e+00 1.162604032294139444e-01
1.595425627361953275e+03 1.000000000000000000e+00 1.234874621666545019e-01
1.595792664691008895e+03 1.000000000000000000e+00 1.137917738667878348e-01
1.596159702020064742e+03 1.000000000000000000e+00 1.087218737155229570e-01
1.596527826867132489e+03 1.000000000000000000e+00 1.090543868148197149e-01
1.596895136075691198e+03 1.000000000000000000e+00 1.056548895023926987e-01
1.597263260922758946e+03 1.000000000000000000e+00 1.055392852565429640e-01
1.597630842010820743e+03 1.000000000000000000e+00 1.040148951510372205e-01
1.597999238737391352e+03 1.000000000000000000e+00 1.033822630348691651e-01
1.598366819825453376e+03 1.000000000000000000e+00 1.090532877370195830e-01
1.598734400913515174e+03 1.000000000000000000e+00 1.042151584717693341e-01
1.599103069519588871e+03 1.000000000000000000e+00 1.018648112130353250e-01
1.599471194366656619e+03 1.000000000000000000e+00 1.073526205203687300e-01
1.599839862972730543e+03 1.000000000000000000e+00 1.093591607472660238e-01
1.600207987819798291e+03 1.000000000000000000e+00 1.097929178336742445e-01
1.600576928305375077e+03 1.000000000000000000e+00 1.111184673435498954e-01
1.600945325031945686e+03 1.000000000000000000e+00 1.445695164583770120e-01
1.601314265517522472e+03 1.000000000000000000e+00 1.957263394705805182e-01
1.601682662244093535e+03 1.000000000000000000e+00 2.453396100509879496e-01
1.602051058970664144e+03 1.000000000000000000e+00 2.217492474808006320e-01
1.602420543215247108e+03 1.000000000000000000e+00 1.702022679922657045e-01
1.602789211821320805e+03 1.000000000000000000e+00 1.639847534914835314e-01
1.603158967945406403e+03 1.000000000000000000e+00 1.920440325636023071e-01
1.603527636551480327e+03 1.000000000000000000e+00 1.899259460648621833e-01
1.603897392675566152e+03 1.000000000000000000e+00 1.535579629932774526e-01
1.604266333161142938e+03 1.000000000000000000e+00 1.226985516792122588e-01
1.604635545526222813e+03 1.000000000000000000e+00 1.057989014973240022e-01
1.605005573529811500e+03 1.000000000000000000e+00 1.049407375792123231e-01
1.605374785894891374e+03 1.000000000000000000e+00 1.060956686292287565e-01
1.605744813898480061e+03 1.000000000000000000e+00 1.106296358320356943e-01
1.606114298143062797e+03 1.000000000000000000e+00 1.087174452523318596e-01
1.606484598026154572e+03 1.000000000000000000e+00 1.096168544986813459e-01
1.606854082270737536e+03 1.000000000000000000e+00 1.042266598921716692e-01
1.607223838394823360e+03 1.000000000000000000e+00 1.190087464038202952e-01
1.607594410157418224e+03 1.000000000000000000e+00 1.603297949091999630e-01
1.607964166281503822e+03 1.000000000000000000e+00 1.622403029095442761e-01
1.608335009923601774e+03 1.000000000000000000e+00 2.779421547163765105e-01
1.608705037927190688e+03 1.000000000000000000e+00 1.289197575675518070e-01
1.609076153448791501e+03 1.000000000000000000e+00 1.129825716512319889e-01
1.609446181452380188e+03 1.000000000000000000e+00 1.072207356851471866e-01
1.609816481335471963e+03 1.000000000000000000e+00 1.139120021477938310e-01
1.610187596857072776e+03 1.000000000000000000e+00 1.080434304365981979e-01
1.610558168619667640e+03 1.000000000000000000e+00 1.103315687912856946e-01
1.610929556020771543e+03 1.000000000000000000e+00 1.157032825760411499e-01
1.611300127783366406e+03 1.000000000000000000e+00 1.130551041262321393e-01
1.611671787063973170e+03 1.000000000000000000e+00 1.107278846024310065e-01
1.612042358826567806e+03 1.000000000000000000e+00 1.082883626201903843e-01
1.612413202468665986e+03 1.000000000000000000e+00 1.114858929819848299e-01
1.612785133628775611e+03 1.000000000000000000e+00 1.116162818229706755e-01
1.613156249150376652e+03 1.000000000000000000e+00 1.150091737299222261e-01
1.613528180310486277e+03 1.000000000000000000e+00 1.219272485483592905e-01
1.613899295832087091e+03 1.000000000000000000e+00 1.177229787697120916e-01
1.614271498871700032e+03 1.000000000000000000e+00 1.108233704921024465e-01
1.614642886272803935e+03 1.000000000000000000e+00 1.044841176181598857e-01
1.615014273673907610e+03 1.000000000000000000e+00 1.051535697654158302e-01
1.615386748593023640e+03 1.000000000000000000e+00 1.045903837070150805e-01
1.615758135994127315e+03 1.000000000000000000e+00 1.053930812488464569e-01
1.616130882792746206e+03 1.000000000000000000e+00 1.108265967412917913e-01
1.616502813952855831e+03 1.000000000000000000e+00 1.124193478446051248e-01
1.616875560751474723e+03 1.000000000000000000e+00 1.136421520328585177e-01
1.617247220032081714e+03 1.000000000000000000e+00 1.090798946402829067e-01
1.617619423071694428e+03 1.000000000000000000e+00 1.126112699698420261e-01
1.617992441749816408e+03 1.000000000000000000e+00 1.114034170873428042e-01
1.618364644789429121e+03 1.000000000000000000e+00 1.119120054945150489e-01
1.618737935347054190e+03 1.000000000000000000e+00 1.200282361382260937e-01
1.619110410266169993e+03 1.000000000000000000e+00 1.186662235774278013e-01
1.619483700823794607e+03 1.000000000000000000e+00 1.133199865295125841e-01
1.619856175742910864e+03 1.000000000000000000e+00 1.133449780788698819e-01
1.620228922541529528e+03 1.000000000000000000e+00 1.045847539093229389e-01
1.620602484978657458e+03 1.000000000000000000e+00 1.073581137340753333e-01
1.620975231777276349e+03 1.000000000000000000e+00 1.061770983604512358e-01
1.621349066093907140e+03 1.000000000000000000e+00 1.058457799448579983e-01
1.621722084772028893e+03 1.000000000000000000e+00 1.062132673147662965e-01
1.622095919088659684e+03 1.000000000000000000e+00 1.042845803608464933e-01
1.622469209646284753e+03 1.000000000000000000e+00 1.050188191906033658e-01
1.622842500203909594e+03 1.000000000000000000e+00 1.001996605830281634e-01
1.623216606400043474e+03 1.000000000000000000e+00 1.089696487649217671e-01
1.623590168837171177e+03 1.000000000000000000e+00 1.126918167377943120e-01
1.623964546912808146e+03 1.000000000000000000e+00 1.100599293418752095e-01
1.624338109349936076e+03 1.000000000000000000e+00 1.077903899020949408e-01
1.624712487425572817e+03 1.000000000000000000e+00 1.090554348430978898e-01
1.625086321742203609e+03 1.000000000000000000e+00 1.147682916340478504e-01
1.625460156058834627e+03 1.000000000000000000e+00 1.138326401866347620e-01
1.625835077893477546e+03 1.000000000000000000e+00 1.081209620791708098e-01
1.626209184089611426e+03 1.000000000000000000e+00 1.085026699397605709e-01
1.626584105924254118e+03 1.000000000000000000e+00 1.066646653698007791e-01
1.626958212120388225e+03 1.000000000000000000e+00 1.129864778944231068e-01
1.627333405834534005e+03 1.000000000000000000e+00 1.082901244137522007e-01
1.627707783910170974e+03 1.000000000000000000e+00 1.087177144879603041e-01
1.628082433865310804e+03 1.000000000000000000e+00 1.041797573863573745e-01
1.628457627579456812e+03 1.000000000000000000e+00 1.021742554390762808e-01
1.628832277534596642e+03 1.000000000000000000e+00 1.035616741069052688e-01
1.629208015007748600e+03 1.000000000000000000e+00 1.068247016418902434e-01
1.629582664962888430e+03 1.000000000000000000e+00 1.079378400093277124e-01
1.629958402436040160e+03 1.000000000000000000e+00 1.057631661346455781e-01
1.630333596150186168e+03 1.000000000000000000e+00 1.069167641486641618e-01
1.630709605502840986e+03 1.000000000000000000e+00 1.090196415663173962e-01
1.631084527337484133e+03 1.000000000000000000e+00 1.072060820623555871e-01
1.631459721051629685e+03 1.000000000000000000e+00 1.068483235445436275e-01
1.631836002283787593e+03 1.000000000000000000e+00 1.020706781634300453e-01
1.632211467877436689e+03 1.000000000000000000e+00 1.070378066838753583e-01
1.632587749109594597e+03 1.000000000000000000e+00 1.076257156288960293e-01
1.632963486582746555e+03 1.000000000000000000e+00 1.086691549200673595e-01
1.633339767814904462e+03 1.000000000000000000e+00 1.034323089932463052e-01
1.633715777167559281e+03 1.000000000000000000e+00 1.038581226412872149e-01
1.634091514640711239e+03 1.000000000000000000e+00 1.055874779996366503e-01
1.634468339631875097e+03 1.000000000000000000e+00 1.045892498356862099e-01
1.634844348984529915e+03 1.000000000000000000e+00 1.063552159184708579e-01
1.635221445855196862e+03 1.000000000000000000e+00 1.081109810378989011e-01
1.635597455207851681e+03 1.000000000000000000e+00 1.082057762150026164e-01
1.635974552078518855e+03 1.000000000000000000e+00 1.049329870634660433e-01
1.636351105190179624e+03 1.000000000000000000e+00 1.060976160229828436e-01
1.636727386422337531e+03 1.000000000000000000e+00 1.045862649537905031e-01
1.637105027052010428e+03 1.000000000000000000e+00 1.008037884091499137e-01
1.637481580163671424e+03 1.000000000000000000e+00 1.021276160452985748e-01
1.637858948913841232e+03 1.000000000000000000e+00 1.032126933314804762e-01
1.638236045784508178e+03 1.000000000000000000e+00 1.035314927740415281e-01
1.638613686414181075e+03 1.000000000000000000e+00 1.037045336868373108e-01
1.638990783284848249e+03 1.000000000000000000e+00 1.032234443155616715e-01
1.639367608276011879e+03 1.000000000000000000e+00 1.040829939916297353e-01
1.639745792664690953e+03 1.000000000000000000e+00 1.046622195191868887e-01
1.640122889535357899e+03 1.000000000000000000e+00 1.015346004021445009e-01
1.640501073924036746e+03 1.000000000000000000e+00 1.028688213538652835e-01
1.640878442674206553e+03 1.000000000000000000e+00 1.010291152079377669e-01
1.641256898942388716e+03 1.000000000000000000e+00 1.057600586574884011e-01
1.641634539572061385e+03 1.000000000000000000e+00 1.093646565899593776e-01
1.642012180201734509e+03 1.000000000000000000e+00 1.007135604435416415e-01
1.642390636469916672e+03 1.000000000000000000e+00 1.041798191652717337e-01
1.642768548979092429e+03 1.000000000000000000e+00 1.040395004540113078e-01
1.643147549006280315e+03 1.000000000000000000e+00 1.032583635333755717e-01
1.643525461515456300e+03 1.000000000000000000e+00 9.981755439957983034e-02
1.643904461542644185e+03 1.000000000000000000e+00 1.040123392993408807e-01
1.644282645931323259e+03 1.000000000000000000e+00 1.048327981940384845e-01
1.644660830320002106e+03 1.000000000000000000e+00 1.017303020852744211e-01
1.645040102226693080e+03 1.000000000000000000e+00 1.052863027016374409e-01
1.645418558494875015e+03 1.000000000000000000e+00 1.040934777127426464e-01
1.645798102281068850e+03 1.000000000000000000e+00 1.032811406978509650e-01
1.646176558549250785e+03 1.000000000000000000e+00 1.003650844674919690e-01
1.646556102335444848e+03 1.000000000000000000e+00 1.051422476584728538e-01
1.646935102362632733e+03 1.000000000000000000e+00 1.018665609196878069e-01
1.647313830510317757e+03 1.000000000000000000e+00 1.026417109556903851e-01
1.647693646176014681e+03 1.000000000000000000e+00 1.000036172576905108e-01
1.648072646203202567e+03 1.000000000000000000e+00 9.951666415608496907e-02
1.648452733748402579e+03 1.000000000000000000e+00 9.878728288526651691e-02
1.648832005655093781e+03 1.000000000000000000e+00 9.778017404613646713e-02
1.649212365079796427e+03 1.000000000000000000e+00 1.006882895130738059e-01
1.649591636986487629e+03 1.000000000000000000e+00 1.049845948034989901e-01
1.649971180772681464e+03 1.000000000000000000e+00 1.043860271315688315e-01
1.650351540197384566e+03 1.000000000000000000e+00 1.038243414421970018e-01
1.650731355863081490e+03 1.000000000000000000e+00 1.018151590620640368e-01
1.651111987167287452e+03 1.000000000000000000e+00 1.004644331459918077e-01
1.651491802832984376e+03 1.000000000000000000e+00 1.081710683432361569e-01
1.651872706016693201e+03 1.000000000000000000e+00 1.018715402951659577e-01
1.652252521682390125e+03 1.000000000000000000e+00 9.945686682026590175e-02
1.652632609227590137e+03 1.000000000000000000e+00 9.702296008739086375e-02
1.653013784290802278e+03 1.000000000000000000e+00 1.040237964111471319e-01
1.653394143715505379e+03 1.000000000000000000e+00 1.022214530400985810e-01
1.653775318778717292e+03 1.000000000000000000e+00 1.000754410543494149e-01
1.654155678203420166e+03 1.000000000000000000e+00 9.747136086844319924e-02
1.654537397025638256e+03 1.000000000000000000e+00 9.883274679904163751e-02
1.654918028329843992e+03 1.000000000000000000e+00 9.951055812437945014e-02
1.655298659634050182e+03 1.000000000000000000e+00 1.029300345103685149e-01
1.655680378456268045e+03 1.000000000000000000e+00 9.834263846635184214e-02
1.656061281639977096e+03 1.000000000000000000e+00 1.024928487526056003e-01
1.656443000462195187e+03 1.000000000000000000e+00 1.024621266842074274e-01
1.656824175525407099e+03 1.000000000000000000e+00 9.753216621475936654e-02
1.657206166227128051e+03 1.000000000000000000e+00 9.897907414390656744e-02
1.657587341290339964e+03 1.000000000000000000e+00 1.006143578743005501e-01
1.657969603871564004e+03 1.000000000000000000e+00 1.016468239827306441e-01
1.658351050814279006e+03 1.000000000000000000e+00 9.978241164500856186e-02
1.658732497756994235e+03 1.000000000000000000e+00 1.008743498630143426e-01
1.659115032217720909e+03 1.000000000000000000e+00 1.012077874681425321e-01
1.659496751039938999e+03 1.000000000000000000e+00 1.045757824796061802e-01
1.659879557380169217e+03 1.000000000000000000e+00 1.044744477100255642e-01
1.660261276202387080e+03 1.000000000000000000e+00 9.741634584903462180e-02
1.660644082542617070e+03 1.000000000000000000e+00 9.774608625858557942e-02
1.661026073244338022e+03 1.000000000000000000e+00 1.108981689589647462e-01
1.661408335825562062e+03 1.000000000000000000e+00 1.106467096367196729e-01
1.661791414045294914e+03 1.000000000000000000e+00 1.008190745088533985e-01
1.662173676626518954e+03 1.000000000000000000e+00 1.039269350328150543e-01
1.662557026725755122e+03 1.000000000000000000e+00 1.024865659218705816e-01
1.662939561186482024e+03 1.000000000000000000e+00 1.013090858131745903e-01
1.663322911285718192e+03 1.000000000000000000e+00 1.029837102538486981e-01
1.663705445746445093e+03 1.000000000000000000e+00 9.589726691651019597e-02
1.664088252086675084e+03 1.000000000000000000e+00 9.836134410199695588e-02
1.664472145944917202e+03 1.000000000000000000e+00 9.531861099244745561e-02
1.664854952285146965e+03 1.000000000000000000e+00 9.646663941575933654e-02
1.665238846143389082e+03 1.000000000000000000e+00 9.608718742658403644e-02
1.665621924363122162e+03 1.000000000000000000e+00 1.011594873456351101e-01
1.666006090100867141e+03 1.000000000000000000e+00 9.966998321383725712e-02
1.666389168320600220e+03 1.000000000000000000e+00 9.762369097514637939e-02
1.666772790299339249e+03 1.000000000000000000e+00 9.605552885473647717e-02
1.667156956037084456e+03 1.000000000000000000e+00 1.022411195272019679e-01
1.667540578015823485e+03 1.000000000000000000e+00 9.615112854810523024e-02
1.667925015633071325e+03 1.000000000000000000e+00 9.698148733023646828e-02
1.668308909491313443e+03 1.000000000000000000e+00 9.770582845443574749e-02
1.668693618988064600e+03 1.000000000000000000e+00 1.013931249937173179e-01
1.669077512846306263e+03 1.000000000000000000e+00 1.003553156948797515e-01
1.669461406704548381e+03 1.000000000000000000e+00 1.035141332685177995e-01
1.669846388080802626e+03 1.000000000000000000e+00 1.014405421984484884e-01
1.670230553818547378e+03 1.000000000000000000e+00 1.061485599569944038e-01
1.670615535194801623e+03 1.000000000000000000e+00 1.051715054816594885e-01
1.670999972812049464e+03 1.000000000000000000e+00 1.009266678790916999e-01
1.671385226067806570e+03 1.000000000000000000e+00 9.804505033443412787e-02
1.671769935564557727e+03 1.000000000000000000e+00 9.812981959210277660e-02
1.672154373181805568e+03 1.000000000000000000e+00 9.723673390302442487e-02
1.672539898317065763e+03 1.000000000000000000e+00 9.257638513505377087e-02
1.672924879693320008e+03 1.000000000000000000e+00 9.456577577025890302e-02
1.673310676708083065e+03 1.000000000000000000e+00 9.371536379092398894e-02
1.673695386204833994e+03 1.000000000000000000e+00 9.441901050617471092e-02
1.674081455099100140e+03 1.000000000000000000e+00 9.551941913995652678e-02
1.674466436475353930e+03 1.000000000000000000e+00 9.548293496380350076e-02
1.674851689731111037e+03 1.000000000000000000e+00 9.397770504680347248e-02
1.675238030504880271e+03 1.000000000000000000e+00 9.749511117311310260e-02
1.675623283760637150e+03 1.000000000000000000e+00 9.921044392311521853e-02
1.676009624534406157e+03 1.000000000000000000e+00 9.523787485250428952e-02
1.676395421549169214e+03 1.000000000000000000e+00 9.417485222434736347e-02
1.676781762322938448e+03 1.000000000000000000e+00 9.649558138881378366e-02
1.677167559337701505e+03 1.000000000000000000e+00 9.232906111355579371e-02
1.677553356352464561e+03 1.000000000000000000e+00 9.992902550467921974e-02
1.677940240885239518e+03 1.000000000000000000e+00 1.049587348007528370e-01
1.678326309779505664e+03 1.000000000000000000e+00 1.014600569512678491e-01
1.678713466191783709e+03 1.000000000000000000e+00 9.652356389052556274e-02
1.679099535086049627e+03 1.000000000000000000e+00 1.007042127708368817e-01
1.679486691498327900e+03 1.000000000000000000e+00 1.015315845107160331e-01
1.679873032272096907e+03 1.000000000000000000e+00 9.664092256402828651e-02
1.680259644925368775e+03 1.000000000000000000e+00 9.272037715280553871e-02
1.680646801337647275e+03 1.000000000000000000e+00 9.344351970441779065e-02
1.681033685870422232e+03 1.000000000000000000e+00 9.484997030522752948e-02
1.681421386041706228e+03 1.000000000000000000e+00 9.628868334555101827e-02
1.681807998694978323e+03 1.000000000000000000e+00 9.640156048208492479e-02
1.682195970745765408e+03 1.000000000000000000e+00 9.532514993614538135e-02
1.682582855278540364e+03 1.000000000000000000e+00 9.795437119143235449e-02
1.682970011690818410e+03 1.000000000000000000e+00 9.667979783013901096e-02
1.683357983741605722e+03 1.000000000000000000e+00 9.508994387278921212e-02
1.683745140153883767e+03 1.000000000000000000e+00 9.875161767140294700e-02
1.684133655963676802e+03 1.000000000000000000e+00 9.309229016548828395e-02
1.684520812375955074e+03 1.000000000000000000e+00 9.388996449941253153e-02
1.684909328185748109e+03 1.000000000000000000e+00 9.751454568847939264e-02
1.685297028357032104e+03 1.000000000000000000e+00 9.645010313582960682e-02
1.685684728528316327e+03 1.000000000000000000e+00 9.439020754391597157e-02
1.686073516217612223e+03 1.000000000000000000e+00 9.692951321216441984e-02
1.686461216388896446e+03 1.000000000000000000e+00 9.984319631906145298e-02
1.686850275957695658e+03 1.000000000000000000e+00 9.817162575643280376e-02
1.687238248008482515e+03 1.000000000000000000e+00 9.276147525151665074e-02
1.687627307577281499e+03 1.000000000000000000e+00 9.376717209814892928e-02
1.688015551507571672e+03 1.000000000000000000e+00 9.636167048007923674e-02
1.688404882955873973e+03 1.000000000000000000e+00 9.259112773833977350e-02
1.688793126886164146e+03 1.000000000000000000e+00 9.254284607743623603e-02
1.689181642695957180e+03 1.000000000000000000e+00 9.524845498066193683e-02
1.689571246023762342e+03 1.000000000000000000e+00 9.437029651143361009e-02
1.689960033713058237e+03 1.000000000000000000e+00 9.758405883018689275e-02
1.690349637040863399e+03 1.000000000000000000e+00 9.600354182606885001e-02
1.690738696609662611e+03 1.000000000000000000e+00 8.892983461939556189e-02
1.691128299937467773e+03 1.000000000000000000e+00 9.363202734576717146e-02
1.691517359506266757e+03 1.000000000000000000e+00 9.441856313245977628e-02
1.691906419075065969e+03 1.000000000000000000e+00 9.760282580396251184e-02
1.692296838041379942e+03 1.000000000000000000e+00 9.795811506797975909e-02
1.692686169489682015e+03 1.000000000000000000e+00 1.004136008043051975e-01
1.693076316576493355e+03 1.000000000000000000e+00 9.595552284532947451e-02
1.693465919904298289e+03 1.000000000000000000e+00 9.389377298128089022e-02
1.693856338870612490e+03 1.000000000000000000e+00 9.157771228881808612e-02
1.694245942198417424e+03 1.000000000000000000e+00 9.319741490036270726e-02
1.694635817405725675e+03 1.000000000000000000e+00 9.837513906498820959e-02
1.695026508251542737e+03 1.000000000000000000e+00 1.053529381564723560e-01
1.695416655338354076e+03 1.000000000000000000e+00 1.141926606601298827e-01
1.695807618063674227e+03 1.000000000000000000e+00 1.154500540677698001e-01
1.696197493270982250e+03 1.000000000000000000e+00 1.080422484208129197e-01
1.696588727875805262e+03 1.000000000000000000e+00 1.011046920774133773e-01
1.696979146842119462e+03 1.000000000000000000e+00 1.018567086265048383e-01
1.697369293928930574e+03 1.000000000000000000e+00 9.991569535209215980e-02
1.697760800413256675e+03 1.000000000000000000e+00 1.033293616702461865e-01
1.698151491259073737e+03 1.000000000000000000e+00 9.963037338896081618e-02
1.698542997743400065e+03 1.000000000000000000e+00 9.443085693041901318e-02
1.698933688589217127e+03 1.000000000000000000e+00 9.288201259376606400e-02
1.699325466953046316e+03 1.000000000000000000e+00 9.165341748280514400e-02
1.699716429678366467e+03 1.000000000000000000e+00 9.063640981041205802e-02
1.700107392403686617e+03 1.000000000000000000e+00 9.075613561119018347e-02
1.700499442647018668e+03 1.000000000000000000e+00 9.526283967750243109e-02
1.700890677251841907e+03 1.000000000000000000e+00 9.981132356873925748e-02
1.701282999374677047e+03 1.000000000000000000e+00 1.062982404760738353e-01
1.701674233979500286e+03 1.000000000000000000e+00 1.092462307428824358e-01
1.702066827981838514e+03 1.000000000000000000e+00 1.068155387138532836e-01
1.702458334466164388e+03 1.000000000000000000e+00 9.633422211920414369e-02
1.702849840950490716e+03 1.000000000000000000e+00 9.485689514334376404e-02
1.703242434952828717e+03 1.000000000000000000e+00 9.721733742322889726e-02
1.703634485196160995e+03 1.000000000000000000e+00 9.595090878341382135e-02
1.704027351078002084e+03 1.000000000000000000e+00 9.460170235668161065e-02
1.704419129441831501e+03 1.000000000000000000e+00 9.620159585850793227e-02
1.704812267203175452e+03 1.000000000000000000e+00 9.558543272581433714e-02
1.705204589326010591e+03 1.000000000000000000e+00 9.668570411673864384e-02
1.705596639569342642e+03 1.000000000000000000e+00 9.293909650575525594e-02
1.705990049210189909e+03 1.000000000000000000e+00 9.553691054892710088e-02
1.706382643212528137e+03 1.000000000000000000e+00 9.423651552789905073e-02
1.706776052853375404e+03 1.000000000000000000e+00 9.667440541792021724e-02
1.707168646855713405e+03 1.000000000000000000e+00 9.330565923143495366e-02
1.707562328376063761e+03 1.000000000000000000e+00 9.340852780544023348e-02
1.707955194257904850e+03 1.000000000000000000e+00 9.211293618131340122e-02
1.708348060139746167e+03 1.000000000000000000e+00 9.345956296651050654e-02
1.708742013539599157e+03 1.000000000000000000e+00 9.226815306213323464e-02
1.709135151300943335e+03 1.000000000000000000e+00 9.722845183290225457e-02
1.709529104700796552e+03 1.000000000000000000e+00 1.066344009613156285e-01
1.709922514341643591e+03 1.000000000000000000e+00 1.122030861258675322e-01
1.710316739620999897e+03 1.000000000000000000e+00 1.029511549286455524e-01
1.710710421141350025e+03 1.000000000000000000e+00 9.307606341789663451e-02
1.711103830782197292e+03 1.000000000000000000e+00 9.347470743426648798e-02
1.711498327941056459e+03 1.000000000000000000e+00 9.204389908881013826e-02
1.711892009461406587e+03 1.000000000000000000e+00 1.116620789436598427e-01
1.712286778499768843e+03 1.000000000000000000e+00 1.508553205405872844e-01
1.712680731899622060e+03 1.000000000000000000e+00 2.389846994366378041e-01
1.713075772817487177e+03 1.000000000000000000e+00 3.382386379393733100e-01
1.713469726217340394e+03 1.000000000000000000e+00 3.828513855355528683e-01
1.713863951496696473e+03 1.000000000000000000e+00 2.726068023874509971e-01
1.714259264294064678e+03 1.000000000000000000e+00 1.377590041429686829e-01
1.714653489573420984e+03 1.000000000000000000e+00 1.077977978534760822e-01
1.715049074250292279e+03 1.000000000000000000e+00 1.116501294157073443e-01
1.715443571409151446e+03 1.000000000000000000e+00 1.092523944921295620e-01
1.715839156086022740e+03 1.000000000000000000e+00 9.558677841064783243e-02
1.716233653244881907e+03 1.000000000000000000e+00 8.891651502733834145e-02
1.716628694162747024e+03 1.000000000000000000e+00 8.714099241024321485e-02
1.717024550719121180e+03 1.000000000000000000e+00 8.878777203855404976e-02
1.717419319757483436e+03 1.000000000000000000e+00 9.151300587965832678e-02
1.717815448193360453e+03 1.000000000000000000e+00 9.461976725912678299e-02
1.718210760990728886e+03 1.000000000000000000e+00 9.264194683266269159e-02
1.718606889426605903e+03 1.000000000000000000e+00 9.273591729920510618e-02
1.719002202223974336e+03 1.000000000000000000e+00 9.661244868722951296e-02
1.719398602539354442e+03 1.000000000000000000e+00 9.436099477503330502e-02
1.719794187216225737e+03 1.000000000000000000e+00 9.056568780890771053e-02
1.720189771893096804e+03 1.000000000000000000e+00 9.005182889329324536e-02
1.720586444087979999e+03 1.000000000000000000e+00 9.326846123487035622e-02
1.720982300644354382e+03 1.000000000000000000e+00 1.026920768245168508e-01
1.721379244718740438e+03 1.000000000000000000e+00 1.057104810379006915e-01
1.721775101275114821e+03 1.000000000000000000e+00 1.003979694086150620e-01
1.722172317229003966e+03 1.000000000000000000e+00 8.943042023030985110e-02
1.722568445664881438e+03 1.000000000000000000e+00 8.960691644155804880e-02
1.722964574100758455e+03 1.000000000000000000e+00 8.619795826501694402e-02
1.723362061934150915e+03 1.000000000000000000e+00 8.712239684558865938e-02
1.723758462249531021e+03 1.000000000000000000e+00 9.176719907223791772e-02
1.724155950082923255e+03 1.000000000000000000e+00 9.303331494940332569e-02
1.724552622277806449e+03 1.000000000000000000e+00 8.924032390589028974e-02
1.724950381990701544e+03 1.000000000000000000e+00 8.788285086575459149e-02
1.725347054185584739e+03 1.000000000000000000e+00 8.507743148773783126e-02
1.725743998259971022e+03 1.000000000000000000e+00 9.004138646836244708e-02
1.726142029852369205e+03 1.000000000000000000e+00 9.032960884198405760e-02
1.726538973926755489e+03 1.000000000000000000e+00 9.207607182350885378e-02
1.726937277398656761e+03 1.000000000000000000e+00 9.321422043309790517e-02
1.727334493352546133e+03 1.000000000000000000e+00 8.797483095946545539e-02
1.727732796824447405e+03 1.000000000000000000e+00 8.949983070407867281e-02
1.728130284657839638e+03 1.000000000000000000e+00 9.137616559093296453e-02
1.728527772491231872e+03 1.000000000000000000e+00 9.872466633151916193e-02
1.728926347842636005e+03 1.000000000000000000e+00 9.549529635446468712e-02
1.729324107555531327e+03 1.000000000000000000e+00 9.675575037689980451e-02
1.729722954786438549e+03 1.000000000000000000e+00 1.192924537654915657e-01
1.730120986378836733e+03 1.000000000000000000e+00 1.672471710177427517e-01
1.730519833609743955e+03 1.000000000000000000e+00 1.766268428054969530e-01
1.730917865202142139e+03 1.000000000000000000e+00 1.577901594603505209e-01
1.731316168674043411e+03 1.000000000000000000e+00 1.098835006556985183e-01
1.731715287784453722e+03 1.000000000000000000e+00 9.077881042239706322e-02
1.732113863135858082e+03 1.000000000000000000e+00 8.598107288437657758e-02
1.732512982246268393e+03 1.000000000000000000e+00 8.564931713410497971e-02
1.732911829477175843e+03 1.000000000000000000e+00 8.547495039228225622e-02
1.733311220467089015e+03 1.000000000000000000e+00 8.356848349881551563e-02
1.733710067697996237e+03 1.000000000000000000e+00 8.573584490247501688e-02
1.734108914928903459e+03 1.000000000000000000e+00 8.975510634560458778e-02
1.734508849677822809e+03 1.000000000000000000e+00 8.567772547713370379e-02
1.734907968788232893e+03 1.000000000000000000e+00 9.141460614874168111e-02
1.735307903537152470e+03 1.000000000000000000e+00 8.770086203646572376e-02
1.735707022647562553e+03 1.000000000000000000e+00 8.635584903780245403e-02
1.736107229275984764e+03 1.000000000000000000e+00 8.920786258062175789e-02
1.736506620265898164e+03 1.000000000000000000e+00 9.265979587963478481e-02
1.736906283135314425e+03 1.000000000000000000e+00 8.770646964401961065e-02
1.737306761643239724e+03 1.000000000000000000e+00 8.592204226982864956e-02
1.737706424512655758e+03 1.000000000000000000e+00 8.701296339094946597e-02
1.738107174900084146e+03 1.000000000000000000e+00 8.243405036461692870e-02
1.738506837769500407e+03 1.000000000000000000e+00 8.321345826269342660e-02
1.738907860036431885e+03 1.000000000000000000e+00 8.466302323339222613e-02
1.739307794785351007e+03 1.000000000000000000e+00 8.830374809944135928e-02
1.739708001413773218e+03 1.000000000000000000e+00 8.578611726907516000e-02
1.740109023680704695e+03 1.000000000000000000e+00 8.512587228826608288e-02
1.740509502188629995e+03 1.000000000000000000e+00 8.383421465701496045e-02
1.740910796335064106e+03 1.000000000000000000e+00 8.155026356179728708e-02
1.741311274842989405e+03 1.000000000000000000e+00 8.091010012409680097e-02
1.741712840868926833e+03 1.000000000000000000e+00 8.514157930064919499e-02
1.742113591256354994e+03 1.000000000000000000e+00 8.445256019780161827e-02
1.742514341643783382e+03 1.000000000000000000e+00 8.287640022070832946e-02
1.742916179549223671e+03 1.000000000000000000e+00 7.985262164034805099e-02
1.743317201816155148e+03 1.000000000000000000e+00 8.137535957046683477e-02
1.743719039721595436e+03 1.000000000000000000e+00 8.495145134626619354e-02
1.744120333868029547e+03 1.000000000000000000e+00 8.171736970944194767e-02
1.744522443652972925e+03 1.000000000000000000e+00 8.193776686031074841e-02
1.744923737799407263e+03 1.000000000000000000e+00 8.265755603555333120e-02
1.745325031945841374e+03 1.000000000000000000e+00 8.407088347660576777e-02
1.745727685489790929e+03 1.000000000000000000e+00 8.177297796776678007e-02
1.746129251515728129e+03 1.000000000000000000e+00 8.289513715581267594e-02
1.746531905059677456e+03 1.000000000000000000e+00 7.994102321163686076e-02
1.746933742965117744e+03 1.000000000000000000e+00 8.170247000541704108e-02
1.747336396509067072e+03 1.000000000000000000e+00 8.403663211368733732e-02
1.747738506294010449e+03 1.000000000000000000e+00 8.141569658731824533e-02
1.748140616078953826e+03 1.000000000000000000e+00 7.792250877756093375e-02
1.748543541502406015e+03 1.000000000000000000e+00 8.059049948030094779e-02
1.748945923166852253e+03 1.000000000000000000e+00 7.993822166220569680e-02
1.749349120469807758e+03 1.000000000000000000e+00 7.731875640444811626e-02
1.749751774013756858e+03 1.000000000000000000e+00 8.089804421344953811e-02
1.750155243196215451e+03 1.000000000000000000e+00 8.234383670435926894e-02
1.750557896740164551e+03 1.000000000000000000e+00 8.204332177764209200e-02
1.750961365922623145e+03 1.000000000000000000e+00 8.492123556263819761e-02
1.751364291346075333e+03 1.000000000000000000e+00 8.356467280236994088e-02
1.751767216769527749e+03 1.000000000000000000e+00 8.596862463189701431e-02
1.752171229710992066e+03 1.000000000000000000e+00 8.207701527805344455e-02
1.752574155134444254e+03 1.000000000000000000e+00 8.212645209387424428e-02
1.752978168075908570e+03 1.000000000000000000e+00 8.140402188408737971e-02
1.753381637258367164e+03 1.000000000000000000e+00 8.286608766259012659e-02
1.753785922079334568e+03 1.000000000000000000e+00 8.211671044769738859e-02
1.754189391261792707e+03 1.000000000000000000e+00 8.134571818993856229e-02
1.754592860444251073e+03 1.000000000000000000e+00 8.055000516661753318e-02
1.754997689024224428e+03 1.000000000000000000e+00 7.802655016791672227e-02
1.755401430086185883e+03 1.000000000000000000e+00 7.937893863965683749e-02
1.755805986786655922e+03 1.000000000000000000e+00 8.327415559944265078e-02
1.756209999728120238e+03 1.000000000000000000e+00 8.339221119555809136e-02
1.756614828308093820e+03 1.000000000000000000e+00 8.065050809811440125e-02
1.757019113129061225e+03 1.000000000000000000e+00 8.586035865177361892e-02
1.757423397950028630e+03 1.000000000000000000e+00 9.172601359370045893e-02
1.757828498409504846e+03 1.000000000000000000e+00 9.077826019257426160e-02
1.758233055109975339e+03 1.000000000000000000e+00 8.797975770981159016e-02
1.758638427448954644e+03 1.000000000000000000e+00 8.885727362210069091e-02
1.759042984149424910e+03 1.000000000000000000e+00 8.571392812139196071e-02
1.759448628367907304e+03 1.000000000000000000e+00 8.888787622220650775e-02
1.759853456947880659e+03 1.000000000000000000e+00 9.266579002908158225e-02
1.760258285527854014e+03 1.000000000000000000e+00 8.594550854379318094e-02
1.760663929746336407e+03 1.000000000000000000e+00 8.207095314322498947e-02
1.761069030205812624e+03 1.000000000000000000e+00 8.135618002519268144e-02
1.761475218183300967e+03 1.000000000000000000e+00 7.917992144794833154e-02
1.761880590522280272e+03 1.000000000000000000e+00 7.924845305857657063e-02
1.762286778499768843e+03 1.000000000000000000e+00 7.676017893711341300e-02
1.762692150838748148e+03 1.000000000000000000e+00 7.896234566521063980e-02
1.763097795057230769e+03 1.000000000000000000e+00 7.785582319996359191e-02
1.763504254914221974e+03 1.000000000000000000e+00 7.716615828220189932e-02
1.763909899132704368e+03 1.000000000000000000e+00 7.829957848379254237e-02
1.764316630869198661e+03 1.000000000000000000e+00 8.009408264892993456e-02
1.764722546967184144e+03 1.000000000000000000e+00 8.284106382352733611e-02
1.765129550583181526e+03 1.000000000000000000e+00 7.960086288372987540e-02
1.765535466681166781e+03 1.000000000000000000e+00 7.804587456026686187e-02
1.765941654658655352e+03 1.000000000000000000e+00 8.192288284289205025e-02
1.766348930154155596e+03 1.000000000000000000e+00 8.956341527430612681e-02
1.766755390011147028e+03 1.000000000000000000e+00 9.331000435308058061e-02
1.767162665506647500e+03 1.000000000000000000e+00 1.009498869628900064e-01
1.767569125363638932e+03 1.000000000000000000e+00 9.705961960408981959e-02
1.767976672738642264e+03 1.000000000000000000e+00 8.719511967938387009e-02
1.768383676354639647e+03 1.000000000000000000e+00 8.524967235362024276e-02
1.768790408091133713e+03 1.000000000000000000e+00 1.135540787379931832e-01
1.769198227345640134e+03 1.000000000000000000e+00 8.369721067200033837e-02
1.769605230961637744e+03 1.000000000000000000e+00 8.119214637322841321e-02
1.770013322095647254e+03 1.000000000000000000e+00 8.013431964039086086e-02
1.770420597591147498e+03 1.000000000000000000e+00 7.805153655645553912e-02
1.770828688725157008e+03 1.000000000000000000e+00 7.974429963076025418e-02
1.771236236100160340e+03 1.000000000000000000e+00 8.232753915898306796e-02
1.771643511595660812e+03 1.000000000000000000e+00 7.941323886451585878e-02
1.772052146488676044e+03 1.000000000000000000e+00 7.774968675766770476e-02
1.772459693863679377e+03 1.000000000000000000e+00 7.836593136890462885e-02
1.772868600636197925e+03 1.000000000000000000e+00 8.266626530733880984e-02
1.773276419890704346e+03 1.000000000000000000e+00 8.424986085871372099e-02
1.773685326663222895e+03 1.000000000000000000e+00 8.849974495998445823e-02
1.774093145917729316e+03 1.000000000000000000e+00 8.639901968182378544e-02
1.774501508931241460e+03 1.000000000000000000e+00 7.953972955342726581e-02
1.774910687583263098e+03 1.000000000000000000e+00 7.729716567307089170e-02
1.775319050596775469e+03 1.000000000000000000e+00 7.773065273107261641e-02
1.775728229248796652e+03 1.000000000000000000e+00 8.096224184929308454e-02
1.776136864141812339e+03 1.000000000000000000e+00 8.876536658986428074e-02
1.776546314673336610e+03 1.000000000000000000e+00 9.339233766291513139e-02
1.776954949566352070e+03 1.000000000000000000e+00 9.321533352652612570e-02
1.777363856338870619e+03 1.000000000000000000e+00 8.006100857119782810e-02
1.777773850629401068e+03 1.000000000000000000e+00 7.577630975676429015e-02
1.778182757401919389e+03 1.000000000000000000e+00 7.863104420956661122e-02
1.778592751692449838e+03 1.000000000000000000e+00 7.941954760145444880e-02
1.779001930344471248e+03 1.000000000000000000e+00 8.316009441822833081e-02
1.779412196514504558e+03 1.000000000000000000e+00 8.971123322283371115e-02
1.779821375166526195e+03 1.000000000000000000e+00 8.550989121868127207e-02
1.780231097577553555e+03 1.000000000000000000e+00 7.800652772605243257e-02
1.780641363747587093e+03 1.000000000000000000e+00 7.890866181633056364e-02
1.781051086158614453e+03 1.000000000000000000e+00 8.111808541035357700e-02
1.781461896087653940e+03 1.000000000000000000e+00 8.571230687074733734e-02
1.781871618498681300e+03 1.000000000000000000e+00 9.537978048200471126e-02
1.782282700307223649e+03 1.000000000000000000e+00 9.876195508803220502e-02
1.782692422718251237e+03 1.000000000000000000e+00 9.170371772289977186e-02
1.783103776406296674e+03 1.000000000000000000e+00 8.528801134615889012e-02
1.783513770696827123e+03 1.000000000000000000e+00 8.162365240929823906e-02
1.783924036866860433e+03 1.000000000000000000e+00 8.102681780916448639e-02
1.784335390554905871e+03 1.000000000000000000e+00 8.888481393537742137e-02
1.784745928604442497e+03 1.000000000000000000e+00 9.273234760324637616e-02
1.785157554171991023e+03 1.000000000000000000e+00 8.881982204797647662e-02
1.785568364101030284e+03 1.000000000000000000e+00 8.273058389000929880e-02
1.785979989668578810e+03 1.000000000000000000e+00 8.457390105782724987e-02
1.786390799597618297e+03 1.000000000000000000e+00 8.151202959924824798e-02
1.786801881406160646e+03 1.000000000000000000e+00 8.214648106207023126e-02
1.787213778853212261e+03 1.000000000000000000e+00 7.809578875123841801e-02
1.787624860661754610e+03 1.000000000000000000e+00 7.720682671845038869e-02
1.788037301867812175e+03 1.000000000000000000e+00 8.298528198001089984e-02
1.788448383676354524e+03 1.000000000000000000e+00 9.138632440163525772e-02
1.788860824882412089e+03 1.000000000000000000e+00 9.203850385245146426e-02
1.789272450449960388e+03 1.000000000000000000e+00 8.438557373775186499e-02
1.789684076017508914e+03 1.000000000000000000e+00 7.690322190348185261e-02
1.790096789103069341e+03 1.000000000000000000e+00 7.662728677717915715e-02
1.790508414670617867e+03 1.000000000000000000e+00 7.890691305568939273e-02
1.790921399635681382e+03 1.000000000000000000e+00 7.886253727857035767e-02
1.791333568962235859e+03 1.000000000000000000e+00 7.971965237410352789e-02
1.791746553927299374e+03 1.000000000000000000e+00 7.717120825422803254e-02
1.792158723253853623e+03 1.000000000000000000e+00 7.619179064301330462e-02
1.792570892580408326e+03 1.000000000000000000e+00 7.787229284456606559e-02
1.792984421304477792e+03 1.000000000000000000e+00 7.723178701160235415e-02
1.793396862510535129e+03 1.000000000000000000e+00 7.776670106930394510e-02
1.793810391234604822e+03 1.000000000000000000e+00 7.706036502255006471e-02
1.794223104320165248e+03 1.000000000000000000e+00 7.904056886208822574e-02
1.794636904923737802e+03 1.000000000000000000e+00 7.946221095820593661e-02
1.795049618009298229e+03 1.000000000000000000e+00 7.816454526773605749e-02
1.795462602974361516e+03 1.000000000000000000e+00 8.478097262460786154e-02
1.795876675457437159e+03 1.000000000000000000e+00 8.612571967464532907e-02
1.796289932302003763e+03 1.000000000000000000e+00 8.203440086505099649e-02
1.796704004785079178e+03 1.000000000000000000e+00 7.743322192927135084e-02
1.797117261629645554e+03 1.000000000000000000e+00 8.138532882259684464e-02
1.797531605992224286e+03 1.000000000000000000e+00 7.892496444556686142e-02
1.797945134716293751e+03 1.000000000000000000e+00 7.716075365222585525e-02
1.798358935319866077e+03 1.000000000000000000e+00 8.010251496329577614e-02
1.798773551561947897e+03 1.000000000000000000e+00 7.565664597266802405e-02
1.799187352165520224e+03 1.000000000000000000e+00 7.403482279372609887e-02
1.799602240287104678e+03 1.000000000000000000e+00 7.476445566812336962e-02
1.800016312770180321e+03 1.000000000000000000e+00 7.851471608159227289e-02
1.800431472771267863e+03 1.000000000000000000e+00 7.590849737696138411e-02
1.800845545254343051e+03 1.000000000000000000e+00 7.656054212242444090e-02
1.801259889616921782e+03 1.000000000000000000e+00 7.703352010896961921e-02
1.801675321497512186e+03 1.000000000000000000e+00 8.027247971363118961e-02
1.802089665860090690e+03 1.000000000000000000e+00 8.173022006770604142e-02
1.802505097740681322e+03 1.000000000000000000e+00 8.045277637136125093e-02
1.802919985862265776e+03 1.000000000000000000e+00 7.929488963546782454e-02
1.803335689622359268e+03 1.000000000000000000e+00 7.869113882137408755e-02
1.803750577743943722e+03 1.000000000000000000e+00 8.094561895880458824e-02
1.804165465865528176e+03 1.000000000000000000e+00 8.088194913743164405e-02
1.804581441505124758e+03 1.000000000000000000e+00 7.920609217546040193e-02
1.804996601506212301e+03 1.000000000000000000e+00 7.612392690026331676e-02
1.805412849025311743e+03 1.000000000000000000e+00 7.708463378151046708e-02
1.805828280905902375e+03 1.000000000000000000e+00 7.639593304978070654e-02
1.806244528425001818e+03 1.000000000000000000e+00 7.806238233487666767e-02
1.806660232185095538e+03 1.000000000000000000e+00 7.729239066566413741e-02
1.807075664065685942e+03 1.000000000000000000e+00 7.604765644993323470e-02
1.807492455343791562e+03 1.000000000000000000e+00 7.655467889890107958e-02
1.807908159103885282e+03 1.000000000000000000e+00 7.445279351342683205e-02
1.808325222261493536e+03 1.000000000000000000e+00 7.346808430903685461e-02
1.808741197901090118e+03 1.000000000000000000e+00 7.576523039164766160e-02
1.809158261058698827e+03 1.000000000000000000e+00 7.624142745839512791e-02
1.809574508577798269e+03 1.000000000000000000e+00 7.699735722837684759e-02
1.809990756096897940e+03 1.000000000000000000e+00 7.656963804561188469e-02
1.810408091134009283e+03 1.000000000000000000e+00 7.859550277599448853e-02
1.810824610532612041e+03 1.000000000000000000e+00 7.817103194810597067e-02
1.811242217449226473e+03 1.000000000000000000e+00 7.995398273744973305e-02
1.811658736847829005e+03 1.000000000000000000e+00 7.787002206625169565e-02
1.812076615643946525e+03 1.000000000000000000e+00 7.890467152400736095e-02
1.812493406922052145e+03 1.000000000000000000e+00 7.567649073656264325e-02
1.812910470079660627e+03 1.000000000000000000e+00 7.782231451394554245e-02
1.813328620755281236e+03 1.000000000000000000e+00 8.060632016692104163e-02
1.813745683912889717e+03 1.000000000000000000e+00 7.926013569970880024e-02
1.814163834588510326e+03 1.000000000000000000e+00 7.791538701920029675e-02
1.814581169625621897e+03 1.000000000000000000e+00 7.612927202975812435e-02
1.814999592180745367e+03 1.000000000000000000e+00 7.457804594890150851e-02
1.815417199097360026e+03 1.000000000000000000e+00 7.590041282850998328e-02
1.815835893531986585e+03 1.000000000000000000e+00 7.768455683772798603e-02
1.816253500448601017e+03 1.000000000000000000e+00 7.809169011614017220e-02
1.816671379244718764e+03 1.000000000000000000e+00 7.536299322552980628e-02
1.817090345558848185e+03 1.000000000000000000e+00 7.675861434950456696e-02
1.817508496234468794e+03 1.000000000000000000e+00 7.896333984553062513e-02
1.817927462548598442e+03 1.000000000000000000e+00 7.400253256958949644e-02
1.818345613224218823e+03 1.000000000000000000e+00 7.546916917187507234e-02
1.818765123297354648e+03 1.000000000000000000e+00 7.751684775557678153e-02
1.819183273972975030e+03 1.000000000000000000e+00 7.613423505319345808e-02
1.819601968407601589e+03 1.000000000000000000e+00 7.702212547363962436e-02
1.820021478480737187e+03 1.000000000000000000e+00 7.424516594282935811e-02
1.820440172915363974e+03 1.000000000000000000e+00 7.498589241297740071e-02
1.820859954868002433e+03 1.000000000000000000e+00 7.315256418014894069e-02
1.821278921182131853e+03 1.000000000000000000e+00 7.577369430378359805e-02
1.821698975014273401e+03 1.000000000000000000e+00 7.483715661255357920e-02
1.822117941328403049e+03 1.000000000000000000e+00 7.623835114573375427e-02
1.822537179522035785e+03 1.000000000000000000e+00 7.684032999530000796e-02
1.822957505233680422e+03 1.000000000000000000e+00 7.967217414777981455e-02
1.823376743427312931e+03 1.000000000000000000e+00 7.809248142592062347e-02
1.823797069138957568e+03 1.000000000000000000e+00 7.539778087343956825e-02
1.824216851091596254e+03 1.000000000000000000e+00 7.526833154750658950e-02
1.824637448682743525e+03 1.000000000000000000e+00 7.698063798686474724e-02
1.825057230635382439e+03 1.000000000000000000e+00 7.612598290286547165e-02
1.825477012588020898e+03 1.000000000000000000e+00 7.176254111030244687e-02
1.825897882058671485e+03 1.000000000000000000e+00 7.300046562465914435e-02
1.826317935890813260e+03 1.000000000000000000e+00 7.505734074943891387e-02
1.826739077240966708e+03 1.000000000000000000e+00 7.468802792837254956e-02
1.827159402952611345e+03 1.000000000000000000e+00 7.824042621854468416e-02
1.827580816182267881e+03 1.000000000000000000e+00 7.602650190696759458e-02
1.828001141893912518e+03 1.000000000000000000e+00 7.548930501120873493e-02
1.828421739485060243e+03 1.000000000000000000e+00 7.733903386379563372e-02
1.828843152714716780e+03 1.000000000000000000e+00 7.580706725324257156e-02
1.829264022185367367e+03 1.000000000000000000e+00 7.447365040582584750e-02
1.829685979174030081e+03 1.000000000000000000e+00 7.529443952831661735e-02
1.830106848644680440e+03 1.000000000000000000e+00 7.452251864234576972e-02
1.830528805633343381e+03 1.000000000000000000e+00 7.513380820746030919e-02
1.830949946983496829e+03 1.000000000000000000e+00 7.715927441631609263e-02
1.831371088333650505e+03 1.000000000000000000e+00 7.355971539287776972e-02
1.831793589081319169e+03 1.000000000000000000e+00 7.357375154779230431e-02
1.832214730431472844e+03 1.000000000000000000e+00 7.623461659861682782e-02
1.832637503058644370e+03 1.000000000000000000e+00 7.732127352056555880e-02
1.833058916288300907e+03 1.000000000000000000e+00 7.607614452437511110e-02
1.833481688915472660e+03 1.000000000000000000e+00 7.538310312560954352e-02
1.833903374024632058e+03 1.000000000000000000e+00 7.561606484408220363e-02
1.834325331013294999e+03 1.000000000000000000e+00 7.484861574246712279e-02
1.834748375519969386e+03 1.000000000000000000e+00 7.466920988135154758e-02
1.835170332508632100e+03 1.000000000000000000e+00 7.554052172083748629e-02
1.835593648894809803e+03 1.000000000000000000e+00 7.538580566913963277e-02
1.836015877762975379e+03 1.000000000000000000e+00 7.317885818976702095e-02
1.836439194149153082e+03 1.000000000000000000e+00 7.563512861384696917e-02
1.836861694896821746e+03 1.000000000000000000e+00 7.779394569165361262e-02
1.837284195644490410e+03 1.000000000000000000e+00 7.648367248275063368e-02
1.837707783910170974e+03 1.000000000000000000e+00 7.425057922734154547e-02
1.838130828416845588e+03 1.000000000000000000e+00 7.304587800073243653e-02
1.838554688562029241e+03 1.000000000000000000e+00 7.361114498054582844e-02
1.838977461189200994e+03 1.000000000000000000e+00 7.497948237657114934e-02
1.839401593213887509e+03 1.000000000000000000e+00 7.616355725126740250e-02
1.839824909600065212e+03 1.000000000000000000e+00 7.778874421464840316e-02
1.840247954106739826e+03 1.000000000000000000e+00 7.507059823633838169e-02
1.840672358010929429e+03 1.000000000000000000e+00 7.552427161834163183e-02
1.841095674397107132e+03 1.000000000000000000e+00 7.464645578991460639e-02
1.841520350180799824e+03 1.000000000000000000e+00 7.466682450736522592e-02
1.841943938446480615e+03 1.000000000000000000e+00 7.458256074379748801e-02
1.842368886109676168e+03 1.000000000000000000e+00 7.454063150765095902e-02
1.842792746254859594e+03 1.000000000000000000e+00 7.165862180512683199e-02
1.843216606400043474e+03 1.000000000000000000e+00 7.480303776761651480e-02
1.843641554063239028e+03 1.000000000000000000e+00 7.291641139840715491e-02
1.844065686087925769e+03 1.000000000000000000e+00 7.477537403026551788e-02
1.844490905630624411e+03 1.000000000000000000e+00 7.381337530811017678e-02
1.844915309534814241e+03 1.000000000000000000e+00 7.365488796928658377e-02
1.845340800957015745e+03 1.000000000000000000e+00 7.322228414646250738e-02
1.845765204861205348e+03 1.000000000000000000e+00 7.419663344626743762e-02
1.846189880644898039e+03 1.000000000000000000e+00 7.532722285167245402e-02
1.846615643946602859e+03 1.000000000000000000e+00 7.418385516400666235e-02
1.847040319730295550e+03 1.000000000000000000e+00 7.664431988607918467e-02
1.847466354911503231e+03 1.000000000000000000e+00 7.441332773205415474e-02
1.847891302574698784e+03 1.000000000000000000e+00 7.618544302692864534e-02
1.848317337755906692e+03 1.000000000000000000e+00 7.505517436072978166e-02
1.848742557298605107e+03 1.000000000000000000e+00 7.450286828180749388e-02
1.849168864359315876e+03 1.000000000000000000e+00 7.274331495133258552e-02
1.849594355781517606e+03 1.000000000000000000e+00 7.037535883065451636e-02
1.850019847203719337e+03 1.000000000000000000e+00 7.512198904451621029e-02
1.850446426143932968e+03 1.000000000000000000e+00 7.697523147769086416e-02
1.850872189445637787e+03 1.000000000000000000e+00 7.389996097023769639e-02
1.851299040265354279e+03 1.000000000000000000e+00 7.513278244398581551e-02
1.851724803567058871e+03 1.000000000000000000e+00 7.153530732114513069e-02
1.852151654386775817e+03 1.000000000000000000e+00 7.859266222197984486e-02
1.852577961447486359e+03 1.000000000000000000e+00 7.598946038085586940e-02
1.853003996628694040e+03 1.000000000000000000e+00 7.391615558050135260e-02
1.853431391207416709e+03 1.000000000000000000e+00 7.464675735645232013e-02
1.853857698268127479e+03 1.000000000000000000e+00 7.578865814684380975e-02
1.854285364726353237e+03 1.000000000000000000e+00 7.574137743925062061e-02
1.854711671787063779e+03 1.000000000000000000e+00 7.402565669337436705e-02
1.855139610124792625e+03 1.000000000000000000e+00 7.322055036460330124e-02
1.855566189065006256e+03 1.000000000000000000e+00 7.505801858011372507e-02
1.855993039884722975e+03 1.000000000000000000e+00 8.033073039175508967e-02
1.856421250101954683e+03 1.000000000000000000e+00 9.396721820253656210e-02
1.856848100921671403e+03 1.000000000000000000e+00 1.023366279061535267e-01
1.857276583018406200e+03 1.000000000000000000e+00 1.024974999484358912e-01
1.857703705717625780e+03 1.000000000000000000e+00 9.661867723650553741e-02
1.858132187814360577e+03 1.000000000000000000e+00 9.672032005148580025e-02
1.858559582393083247e+03 1.000000000000000000e+00 1.002163514503092157e-01
1.858987248851309005e+03 1.000000000000000000e+00 8.820106854750643655e-02
1.859415730948043802e+03 1.000000000000000000e+00 7.815562869915994304e-02
1.859843397406269332e+03 1.000000000000000000e+00 7.918248991450911600e-02
1.860272423262010307e+03 1.000000000000000000e+00 8.138096055521734651e-02
1.860700361599738926e+03 1.000000000000000000e+00 8.219894858441374741e-02
1.861129387455479673e+03 1.000000000000000000e+00 8.158042814957876254e-02
1.861557597672711381e+03 1.000000000000000000e+00 7.637357858357979312e-02
1.861985807889943089e+03 1.000000000000000000e+00 7.358150986773491498e-02
1.862415105625186925e+03 1.000000000000000000e+00 7.307364287894047017e-02
1.862843587721921722e+03 1.000000000000000000e+00 7.782959834354771789e-02
1.863273157336668419e+03 1.000000000000000000e+00 7.718436447356624708e-02
1.863701911312905850e+03 1.000000000000000000e+00 7.507082061310331456e-02
1.864131480927653001e+03 1.000000000000000000e+00 7.359512259847043880e-02
1.864560506783393521e+03 1.000000000000000000e+00 7.616412613237172335e-02
1.864989532639134268e+03 1.000000000000000000e+00 7.481687444986376279e-02
1.865419374133383826e+03 1.000000000000000000e+00 7.668689679937325254e-02
1.865848671868627889e+03 1.000000000000000000e+00 9.333591705194173305e-02
1.866278785242380309e+03 1.000000000000000000e+00 1.186856702246704559e-01
1.866708082977624372e+03 1.000000000000000000e+00 1.130399226496631437e-01
1.867138468230879880e+03 1.000000000000000000e+00 1.010923602277969124e-01
1.867568309725129666e+03 1.000000000000000000e+00 9.333511347857831320e-02
1.867997879339876590e+03 1.000000000000000000e+00 9.479400084373726387e-02
1.868428536472635187e+03 1.000000000000000000e+00 9.433404281839812000e-02
1.868858377966884973e+03 1.000000000000000000e+00 9.241633149026505512e-02
1.869289306979146659e+03 1.000000000000000000e+00 8.642066027234787673e-02
1.869719420352899533e+03 1.000000000000000000e+00 8.496863491975149840e-02
1.870150621244664308e+03 1.000000000000000000e+00 8.226999414113010667e-02
1.870580734618416955e+03 1.000000000000000000e+00 8.475565082385740079e-02
1.871011119871672690e+03 1.000000000000000000e+00 8.537403410532386216e-02
1.871442592642940554e+03 1.000000000000000000e+00 8.014832792577609999e-02
1.871872977896196289e+03 1.000000000000000000e+00 7.826654637251333202e-02
1.872304722546967241e+03 1.000000000000000000e+00 7.973679082001355889e-02
1.872735379679725838e+03 1.000000000000000000e+00 8.213708408221345736e-02
1.873167124330496563e+03 1.000000000000000000e+00 9.379912475627230628e-02
1.873598053342758476e+03 1.000000000000000000e+00 9.211880271613019644e-02
1.874029254234523250e+03 1.000000000000000000e+00 8.141136886157339381e-02
1.874461270764797064e+03 1.000000000000000000e+00 8.085656727186449344e-02
1.874892471656561838e+03 1.000000000000000000e+00 8.086749411117988284e-02
1.875324760066338513e+03 1.000000000000000000e+00 7.609643384892508799e-02
1.875756232837606376e+03 1.000000000000000000e+00 7.790821653587939877e-02
1.876189065006389001e+03 1.000000000000000000e+00 8.769313403933236273e-02
1.876620537777656864e+03 1.000000000000000000e+00 9.347246589811882000e-02
1.877052282428427588e+03 1.000000000000000000e+00 8.473786581558111208e-02
1.877485114597210668e+03 1.000000000000000000e+00 7.646846546827100466e-02
1.877917131127484254e+03 1.000000000000000000e+00 7.665957463376502079e-02
1.878349963296267106e+03 1.000000000000000000e+00 7.668328054141632100e-02
1.878782251706043780e+03 1.000000000000000000e+00 7.808574810149411516e-02
1.879215355754329721e+03 1.000000000000000000e+00 8.166197946743318503e-02
1.879647644164106396e+03 1.000000000000000000e+00 8.845147091050858945e-02
1.880080204453386159e+03 1.000000000000000000e+00 9.061171772590749518e-02
1.880513580381174961e+03 1.000000000000000000e+00 8.222740490743622732e-02
1.880946140670454724e+03 1.000000000000000000e+00 7.640751666816632259e-02
1.881380060357249704e+03 1.000000000000000000e+00 7.541422448626906860e-02
1.881812892526032329e+03 1.000000000000000000e+00 8.191198433642817023e-02
1.882246812212827081e+03 1.000000000000000000e+00 9.137366437823210563e-02
1.882679916261113021e+03 1.000000000000000000e+00 1.024883113782926597e-01
1.883113835947907774e+03 1.000000000000000000e+00 9.564406576921785641e-02
1.883547211875696576e+03 1.000000000000000000e+00 8.274386851014232935e-02
1.883980315923982289e+03 1.000000000000000000e+00 7.696986172400005488e-02
1.884414779369783218e+03 1.000000000000000000e+00 7.668302741516558330e-02
1.884848427177075109e+03 1.000000000000000000e+00 7.752419460325069012e-02
1.885282890622875811e+03 1.000000000000000000e+00 7.328948811755574277e-02
1.885716538430167702e+03 1.000000000000000000e+00 7.127918666879330678e-02
1.886151545634974354e+03 1.000000000000000000e+00 7.449469636031604003e-02
1.886585465321769334e+03 1.000000000000000000e+00 8.373416529058499980e-02
1.887019385008564086e+03 1.000000000000000000e+00 8.727117893456542985e-02
1.887454664092874054e+03 1.000000000000000000e+00 8.675355160843238600e-02
1.887888855659171895e+03 1.000000000000000000e+00 7.729987807207490402e-02
1.888324134743481636e+03 1.000000000000000000e+00 7.701266027891595645e-02
1.888758598189282338e+03 1.000000000000000000e+00 7.602900401593107316e-02
1.889194149153095395e+03 1.000000000000000000e+00 9.501086718682101584e-02
1.889628612598896098e+03 1.000000000000000000e+00 1.096716496208405001e-01
1.890063347924199888e+03 1.000000000000000000e+00 1.018237931557702397e-01
1.890499170767515579e+03 1.000000000000000000e+00 8.505944870262750757e-02
1.890934177972322686e+03 1.000000000000000000e+00 7.503794677855735173e-02
1.891370272695141466e+03 1.000000000000000000e+00 7.666765755080671985e-02
1.891805279899948118e+03 1.000000000000000000e+00 7.655844886965106066e-02
1.892241646502270214e+03 1.000000000000000000e+00 7.485669735012073778e-02
1.892676925586579955e+03 1.000000000000000000e+00 7.414862686219661492e-02
1.893112204670889696e+03 1.000000000000000000e+00 7.462817501834505263e-02
1.893548843152714653e+03 1.000000000000000000e+00 7.482824298712381639e-02
1.893984394116527483e+03 1.000000000000000000e+00 7.490143666397074129e-02
1.894421304477855301e+03 1.000000000000000000e+00 7.547125086247163939e-02
1.894857127321171220e+03 1.000000000000000000e+00 8.041621708105685384e-02
1.895294037682499038e+03 1.000000000000000000e+00 8.395791806012853353e-02
1.895729860525814956e+03 1.000000000000000000e+00 8.202859779639509741e-02
1.896166227128136597e+03 1.000000000000000000e+00 7.457366786582214635e-02
1.896603137489464416e+03 1.000000000000000000e+00 7.446262759714201984e-02
1.897039504091786512e+03 1.000000000000000000e+00 8.196559217512054685e-02
1.897476958212120280e+03 1.000000000000000000e+00 9.240964881936836184e-02
1.897913596693945237e+03 1.000000000000000000e+00 8.995568515261898046e-02
1.898351322693782095e+03 1.000000000000000000e+00 7.875901387071858328e-02
1.898787961175606824e+03 1.000000000000000000e+00 7.310219762728414894e-02
1.899224871536934643e+03 1.000000000000000000e+00 7.120399849333773623e-02
1.899662597536771727e+03 1.000000000000000000e+00 7.488424165283147360e-02
1.900099779777602407e+03 1.000000000000000000e+00 7.363625327565559431e-02
1.900538049536445214e+03 1.000000000000000000e+00 7.314364523727145961e-02
1.900975231777276122e+03 1.000000000000000000e+00 7.395644520870084393e-02
1.901413501536119156e+03 1.000000000000000000e+00 7.252892149314456305e-02
1.901850955656453152e+03 1.000000000000000000e+00 7.741240688874093112e-02
1.902288409776786693e+03 1.000000000000000000e+00 7.570866674645901351e-02
1.902726951415132817e+03 1.000000000000000000e+00 7.391071747500471689e-02
1.903164677414969447e+03 1.000000000000000000e+00 7.400960971177271419e-02
1.903603762812321520e+03 1.000000000000000000e+00 6.969790784317746180e-02
1.904041488812158377e+03 1.000000000000000000e+00 8.014377623025441266e-02
1.904480574209510223e+03 1.000000000000000000e+00 7.966584627216055647e-02
1.904918843968353031e+03 1.000000000000000000e+00 7.992118601738665284e-02
1.905357113727196065e+03 1.000000000000000000e+00 7.667367221756818396e-02
1.905796199124547911e+03 1.000000000000000000e+00 7.623899232143421800e-02
1.906234740762893807e+03 1.000000000000000000e+00 7.939566455192066663e-02
1.906674369919251831e+03 1.000000000000000000e+00 8.210475490629830231e-02
1.907112911557597499e+03 1.000000000000000000e+00 8.079785908378722681e-02
1.907552812593458611e+03 1.000000000000000000e+00 7.297673030397604232e-02
1.907991626111307369e+03 1.000000000000000000e+00 7.588122784876229210e-02
1.908430439629156353e+03 1.000000000000000000e+00 7.484243984470076438e-02
1.908870612544520100e+03 1.000000000000000000e+00 7.381009415151654207e-02
1.909309697941871946e+03 1.000000000000000000e+00 7.425296479911597247e-02
1.909749870857236147e+03 1.000000000000000000e+00 7.431573681929216912e-02
1.910189500013593943e+03 1.000000000000000000e+00 7.475615241503233421e-02
1.910629944808460777e+03 1.000000000000000000e+00 7.213578596605002557e-02
1.911069302085315712e+03 1.000000000000000000e+00 7.487275281395583404e-02
1.911508931241673508e+03 1.000000000000000000e+00 7.262239285480276418e-02
1.911949919795546521e+03 1.000000000000000000e+00 7.301750383773268627e-02
1.912389548951904544e+03 1.000000000000000000e+00 7.237400223248477427e-02
1.912830809385280190e+03 1.000000000000000000e+00 7.303057828472138413e-02
1.913270710421141303e+03 1.000000000000000000e+00 7.164821151942023236e-02
1.913711970854517176e+03 1.000000000000000000e+00 7.225770308203183223e-02
1.914152143769881150e+03 1.000000000000000000e+00 7.443309702192858757e-02
1.914593404203257023e+03 1.000000000000000000e+00 7.649448027197926214e-02
1.915034120877626947e+03 1.000000000000000000e+00 7.521244246123780230e-02
1.915474565672493782e+03 1.000000000000000000e+00 7.243581517412789328e-02
1.915916369864875833e+03 1.000000000000000000e+00 7.522528035116117506e-02
1.916357086539245756e+03 1.000000000000000000e+00 8.066309656796172289e-02
1.916798890731627580e+03 1.000000000000000000e+00 7.897123036006917229e-02
1.917239879285500592e+03 1.000000000000000000e+00 7.843259073944414128e-02
1.917681955357385732e+03 1.000000000000000000e+00 7.119397424856667433e-02
1.918123215790761378e+03 1.000000000000000000e+00 7.078417133641030923e-02
1.918564476224137252e+03 1.000000000000000000e+00 7.112719725699194473e-02
1.919006824175525253e+03 1.000000000000000000e+00 7.291730712571151130e-02
1.919448356488404215e+03 1.000000000000000000e+00 8.097952168193045530e-02
1.919890976319295305e+03 1.000000000000000000e+00 8.398210593408243774e-02
1.920332508632174267e+03 1.000000000000000000e+00 8.191897700306989549e-02
1.920775400342568219e+03 1.000000000000000000e+00 7.927585303307942144e-02
1.921217204534950042e+03 1.000000000000000000e+00 8.393027601770969293e-02
1.921659280606834955e+03 1.000000000000000000e+00 7.914476485922419813e-02
1.922102444196731994e+03 1.000000000000000000e+00 7.404881261236889722e-02
1.922544520268616679e+03 1.000000000000000000e+00 7.501883000084648423e-02
1.922987955738016808e+03 1.000000000000000000e+00 7.297429297199715947e-02
1.923430303689404809e+03 1.000000000000000000e+00 7.159068956082566271e-02
1.923873739158804710e+03 1.000000000000000000e+00 7.172606102907605474e-02
1.924316358989695800e+03 1.000000000000000000e+00 7.289472864555329723e-02
1.924758978820586663e+03 1.000000000000000000e+00 7.479621502003491740e-02
1.925202958048992514e+03 1.000000000000000000e+00 7.691525727969517057e-02
1.925645849759386465e+03 1.000000000000000000e+00 7.414018892737643529e-02
1.926089828987792544e+03 1.000000000000000000e+00 7.420668930844066813e-02
1.926532992577689356e+03 1.000000000000000000e+00 7.372130637142484955e-02
1.926977243685598296e+03 1.000000000000000000e+00 7.413490484858634155e-02
1.927420407275495336e+03 1.000000000000000000e+00 7.712928427467855008e-02
1.927863842744895464e+03 1.000000000000000000e+00 7.511476196386851489e-02
1.928308365732307493e+03 1.000000000000000000e+00 7.597352484764102742e-02
1.928752073081210256e+03 1.000000000000000000e+00 7.271316783760635449e-02
1.929196867948125373e+03 1.000000000000000000e+00 7.131457701468338350e-02
1.929640575297028363e+03 1.000000000000000000e+00 7.247895253416702932e-02
1.930085642043446114e+03 1.000000000000000000e+00 7.192585231535095214e-02
1.930529621271852193e+03 1.000000000000000000e+00 7.249076244302460337e-02
1.930973600500258271e+03 1.000000000000000000e+00 6.937411551037149515e-02
1.931418939126179339e+03 1.000000000000000000e+00 6.716738425411819535e-02
1.931863190234088279e+03 1.000000000000000000e+00 7.130614242186313068e-02
1.932308800739512208e+03 1.000000000000000000e+00 7.329824912477407584e-02
1.932753323726924009e+03 1.000000000000000000e+00 7.247299510133325962e-02
1.933199206111851254e+03 1.000000000000000000e+00 6.993851388437656580e-02
1.933643729099263282e+03 1.000000000000000000e+00 6.949407340918069276e-02
1.934088523966177945e+03 1.000000000000000000e+00 7.127571981319366645e-02
1.934534678230608279e+03 1.000000000000000000e+00 7.034057043684595334e-02
1.934979473097522941e+03 1.000000000000000000e+00 7.017153959049038381e-02
1.935425899241455909e+03 1.000000000000000000e+00 6.938257130296322794e-02
1.935870965987874115e+03 1.000000000000000000e+00 7.237209922624011915e-02
1.936317392131807082e+03 1.000000000000000000e+00 6.946232959422515840e-02
1.936763002637231239e+03 1.000000000000000000e+00 6.977998681539730741e-02
1.937208613142655167e+03 1.000000000000000000e+00 7.386007956955094322e-02
1.937655311166091224e+03 1.000000000000000000e+00 7.162872075777929060e-02
1.938100921671515152e+03 1.000000000000000000e+00 7.237596846641757009e-02
1.938547891574454070e+03 1.000000000000000000e+00 7.246881360438617303e-02
1.938993773959381087e+03 1.000000000000000000e+00 7.351975871086309511e-02
1.939441015741823094e+03 1.000000000000000000e+00 7.327927866613069552e-02
1.939887170006253200e+03 1.000000000000000000e+00 7.388036299748686198e-02
1.940333324270683079e+03 1.000000000000000000e+00 7.317720882295133955e-02
1.940780837932628401e+03 1.000000000000000000e+00 7.007628479090045881e-02
1.941227264076561369e+03 1.000000000000000000e+00 6.963392132587506445e-02
1.941675049618009325e+03 1.000000000000000000e+00 7.070516847027473462e-02
1.942121475761942293e+03 1.000000000000000000e+00 7.436199289484816954e-02
1.942569533182893338e+03 1.000000000000000000e+00 7.484467980726752789e-02
1.943016231206329394e+03 1.000000000000000000e+00 7.671884606310690191e-02
1.943463201109268311e+03 1.000000000000000000e+00 7.490947090699084931e-02
1.943911530409722218e+03 1.000000000000000000e+00 7.638501437998641841e-02
1.944358772192164452e+03 1.000000000000000000e+00 7.569857403813752550e-02
1.944807101492618358e+03 1.000000000000000000e+00 7.011056421855213494e-02
1.945254343275060364e+03 1.000000000000000000e+00 7.316195617194594381e-02
1.945702944455017359e+03 1.000000000000000000e+00 6.973007648354788424e-02
1.946150729996465316e+03 1.000000000000000000e+00 7.000387684575071212e-02
1.946598243658410638e+03 1.000000000000000000e+00 7.207377469940329240e-02
1.947047388597373583e+03 1.000000000000000000e+00 7.189238458092242490e-02
1.947495174138821767e+03 1.000000000000000000e+00 7.012008105615558096e-02
1.947944319077784712e+03 1.000000000000000000e+00 7.011243777617286177e-02
1.948392376498735530e+03 1.000000000000000000e+00 7.365241300307129313e-02
1.948841793317201791e+03 1.000000000000000000e+00 7.463979891311618708e-02
1.949290122617655925e+03 1.000000000000000000e+00 7.209824057961781996e-02
1.949739539436121959e+03 1.000000000000000000e+00 7.472243617598710308e-02
1.950187868736575865e+03 1.000000000000000000e+00 7.515144158768061189e-02
1.950636741796035949e+03 1.000000000000000000e+00 7.439112229783093055e-02
1.951086430494005072e+03 1.000000000000000000e+00 7.325221310080935744e-02
1.951535303553464928e+03 1.000000000000000000e+00 7.432137718777084845e-02
1.951985264130936912e+03 1.000000000000000000e+00 7.310679079212499543e-02
1.952434409069900084e+03 1.000000000000000000e+00 7.195790229989856845e-02
1.952884641526875157e+03 1.000000000000000000e+00 7.425874674035901069e-02
1.953333786465838102e+03 1.000000000000000000e+00 7.435600151221374854e-02
1.953783203284304363e+03 1.000000000000000000e+00 7.200080148180074135e-02
1.954233707620782525e+03 1.000000000000000000e+00 7.330642084458263708e-02
1.954683396318751420e+03 1.000000000000000000e+00 7.211622725160897474e-02
1.955134172534732443e+03 1.000000000000000000e+00 7.339189595258834020e-02
1.955583861232701565e+03 1.000000000000000000e+00 7.489543539048525156e-02
1.956034909328185677e+03 1.000000000000000000e+00 7.150912155465150022e-02
1.956484598026154572e+03 1.000000000000000000e+00 7.210542834882377461e-02
1.956934830483129645e+03 1.000000000000000000e+00 7.217294119454682744e-02
1.957386150458117072e+03 1.000000000000000000e+00 7.361578192251115593e-02
1.957836382915092145e+03 1.000000000000000000e+00 7.440270207998232743e-02
1.958287974769582206e+03 1.000000000000000000e+00 7.118887665140782861e-02
1.958738479106060140e+03 1.000000000000000000e+00 7.053944701365816305e-02
1.959190070960550202e+03 1.000000000000000000e+00 7.145078198796972480e-02
1.959640847176531224e+03 1.000000000000000000e+00 7.203054264789141015e-02
1.960091623392512247e+03 1.000000000000000000e+00 7.311432426049220556e-02
1.960543759006008486e+03 1.000000000000000000e+00 7.017198644290603693e-02
1.960994535221989736e+03 1.000000000000000000e+00 6.946958585154835997e-02
1.961446670835485520e+03 1.000000000000000000e+00 6.980906064307788872e-02
1.961897990810472720e+03 1.000000000000000000e+00 7.170582086239569997e-02
1.962350398303471593e+03 1.000000000000000000e+00 6.968475817798212846e-02
1.962801990157961882e+03 1.000000000000000000e+00 6.813218934292646078e-02
1.963253310132949082e+03 1.000000000000000000e+00 6.955541434411197099e-02
1.963706261384953905e+03 1.000000000000000000e+00 7.266750405148558745e-02
1.964157853239444194e+03 1.000000000000000000e+00 7.176774087681675462e-02
1.964610804491449244e+03 1.000000000000000000e+00 7.384794025198498924e-02
1.965062668225442394e+03 1.000000000000000000e+00 7.407431297725325381e-02
1.965515891356950306e+03 1.000000000000000000e+00 7.442550052039705044e-02
1.965968026970446545e+03 1.000000000000000000e+00 7.274121910426550874e-02
1.966420434463445645e+03 1.000000000000000000e+00 7.148203848709389074e-02
1.966873657594953784e+03 1.000000000000000000e+00 7.548174560133776023e-02
1.967326336967455973e+03 1.000000000000000000e+00 7.512745985354418732e-02
1.967779831978466973e+03 1.000000000000000000e+00 8.223012250877022311e-02
1.968232511350969162e+03 1.000000000000000000e+00 1.102217457550167118e-01
1.968686550120986340e+03 1.000000000000000000e+00 1.352119689256371382e-01
1.969139501372991390e+03 1.000000000000000000e+00 1.452998764789526498e-01
1.969592452624996668e+03 1.000000000000000000e+00 1.324499118216700133e-01
1.970046491395013618e+03 1.000000000000000000e+00 1.435400053661644582e-01
1.970499714526521757e+03 1.000000000000000000e+00 1.224751805106634728e-01
1.970954297055544885e+03 1.000000000000000000e+00 9.138753497222730504e-02
1.971407520187053024e+03 1.000000000000000000e+00 7.982206992368877374e-02
1.971862374595579240e+03 1.000000000000000000e+00 8.163562873016104449e-02
1.972315869606590240e+03 1.000000000000000000e+00 8.784273077919522998e-02
1.972769636497104329e+03 1.000000000000000000e+00 8.995713808627665842e-02
1.973224490905630546e+03 1.000000000000000000e+00 8.202281720435264378e-02
1.973678529675647496e+03 1.000000000000000000e+00 7.437940538324153139e-02
1.974133655963676802e+03 1.000000000000000000e+00 7.204450294106058694e-02
1.974587694733693979e+03 1.000000000000000000e+00 7.094849135996381118e-02
1.975043092901226146e+03 1.000000000000000000e+00 7.240761801883556503e-02
1.975497403550746185e+03 1.000000000000000000e+00 7.349177706190726522e-02
1.975951986079769313e+03 1.000000000000000000e+00 7.514589377410689497e-02
1.976407384247301479e+03 1.000000000000000000e+00 7.794320584247314831e-02
1.976862238655827696e+03 1.000000000000000000e+00 7.551320074680800687e-02
1.977317908702862951e+03 1.000000000000000000e+00 7.356420222840881484e-02
1.977772763111388940e+03 1.000000000000000000e+00 8.853760797421794670e-02
1.978228976917430145e+03 1.000000000000000000e+00 1.329138099767377956e-01
1.978684103205459223e+03 1.000000000000000000e+00 1.650961553094738021e-01
1.979139229493488301e+03 1.000000000000000000e+00 1.335485549497433533e-01
1.979595715179032595e+03 1.000000000000000000e+00 9.155315219829786300e-02
1.980051113346564762e+03 1.000000000000000000e+00 8.634397111469080399e-02
1.980507599032108828e+03 1.000000000000000000e+00 9.810236745390478463e-02
1.980963269079143856e+03 1.000000000000000000e+00 1.155467920188641140e-01
1.981420026644191239e+03 1.000000000000000000e+00 9.452490111589960387e-02
1.981875968570729356e+03 1.000000000000000000e+00 7.863212502744604260e-02
1.982331910497267472e+03 1.000000000000000000e+00 7.539975644285049072e-02
1.982788939941817716e+03 1.000000000000000000e+00 7.619309349331637726e-02
1.983245153747858694e+03 1.000000000000000000e+00 7.916979356338077478e-02
1.983702455071912027e+03 1.000000000000000000e+00 8.127786500096578770e-02
1.984158668877953232e+03 1.000000000000000000e+00 8.529913188258132772e-02
1.984616242081509426e+03 1.000000000000000000e+00 7.819659488108200718e-02
1.985072727767053721e+03 1.000000000000000000e+00 7.301028813209334278e-02
1.985530572850112549e+03 1.000000000000000000e+00 8.048402043761386515e-02
1.985987330415159931e+03 1.000000000000000000e+00 9.736625540640510279e-02
1.986444359859710175e+03 1.000000000000000000e+00 9.081691255241124139e-02
1.986902204942769231e+03 1.000000000000000000e+00 7.968117225085755151e-02
1.987359506266822564e+03 1.000000000000000000e+00 7.595034453840278366e-02
1.987817623229384708e+03 1.000000000000000000e+00 7.407438426423738898e-02
1.988274924553437813e+03 1.000000000000000000e+00 7.233790344295688846e-02
1.988733585275006135e+03 1.000000000000000000e+00 8.533718962863556801e-02
1.989190886599059240e+03 1.000000000000000000e+00 1.179601177030593084e-01
1.989648459802615434e+03 1.000000000000000000e+00 1.305914688984301519e-01
1.990107392403686617e+03 1.000000000000000000e+00 1.124805759907005764e-01
1.990565237486745673e+03 1.000000000000000000e+00 8.278718966511289246e-02
1.991024170087816856e+03 1.000000000000000000e+00 7.394703007463596101e-02
1.991482287050379227e+03 1.000000000000000000e+00 7.329830165872001924e-02
1.991941491530953499e+03 1.000000000000000000e+00 7.396129682778912473e-02
1.992399880373018732e+03 1.000000000000000000e+00 8.397573442306498215e-02
1.992857997335580649e+03 1.000000000000000000e+00 1.016731034387448329e-01
1.993317745575161098e+03 1.000000000000000000e+00 1.025418957726380031e-01
1.993776134417226103e+03 1.000000000000000000e+00 8.681292900366247012e-02
1.994236154536309414e+03 1.000000000000000000e+00 7.901484989125202862e-02
1.994694815257877508e+03 1.000000000000000000e+00 7.000768102963711437e-02
1.995154563497457730e+03 1.000000000000000000e+00 7.608056762474114942e-02
1.995613767978032001e+03 1.000000000000000000e+00 1.138067732591168946e-01
1.996072700579103184e+03 1.000000000000000000e+00 1.438315475750132910e-01
1.996532992577689583e+03 1.000000000000000000e+00 1.382602338505566630e-01
1.996992468937766716e+03 1.000000000000000000e+00 1.077127020879137254e-01
1.997453032815855977e+03 1.000000000000000000e+00 7.777168518009128229e-02
1.997912237296430021e+03 1.000000000000000000e+00 7.535138202458072088e-02
1.998373073054022370e+03 1.000000000000000000e+00 7.380226116795278457e-02
1.998832821293602592e+03 1.000000000000000000e+00 7.387341057854855675e-02
1.999292569533182814e+03 1.000000000000000000e+00 7.570960539520267540e-02
1.999753677170278024e+03 1.000000000000000000e+00 7.320691760530276260e-02
2.000213697289361335e+03 1.000000000000000000e+00 8.070709346267052053e-02
2.000675076805959407e+03 1.000000000000000000e+00 1.005764112092141643e-01
2.001135096925042717e+03 1.000000000000000000e+00 1.049481358385923602e-01
2.001596748321144105e+03 1.000000000000000000e+00 9.056705003955713151e-02
2.002057040319730049e+03 1.000000000000000000e+00 7.630997409283898913e-02
2.002517604197819537e+03 1.000000000000000000e+00 7.429893503186374426e-02
2.002979527473423559e+03 1.000000000000000000e+00 8.023754776521754839e-02
2.003440363231015908e+03 1.000000000000000000e+00 1.079128316788029174e-01
2.003902286506620158e+03 1.000000000000000000e+00 1.349188886625175554e-01
2.004363394143715368e+03 1.000000000000000000e+00 1.200090808988885371e-01
2.004825589298822479e+03 1.000000000000000000e+00 8.619468107929291467e-02
2.005286696935918144e+03 1.000000000000000000e+00 7.310181306439302029e-02
2.005748076452515988e+03 1.000000000000000000e+00 7.454953447824279322e-02
2.006210543487126415e+03 1.000000000000000000e+00 7.191395485905673068e-02
2.006671923003724714e+03 1.000000000000000000e+00 7.242693144813856787e-02
2.007134661917838002e+03 1.000000000000000000e+00 7.156495097526055504e-02
2.007596585193442024e+03 1.000000000000000000e+00 7.333338904099631628e-02
2.008059324107555312e+03 1.000000000000000000e+00 7.454872893953330693e-02
2.008521247383159789e+03 1.000000000000000000e+00 7.481814281188778337e-02
2.008983442538266900e+03 1.000000000000000000e+00 7.650802061117049913e-02
2.009446725211386138e+03 1.000000000000000000e+00 7.941820815621515595e-02
2.009908920366493476e+03 1.000000000000000000e+00 9.319298426026867421e-02
2.010372474919115575e+03 1.000000000000000000e+00 9.498372720985921724e-02
2.010834941953726002e+03 1.000000000000000000e+00 8.406698196005274459e-02
2.011298496506348101e+03 1.000000000000000000e+00 7.523081499202484423e-02
2.011761235420461617e+03 1.000000000000000000e+00 7.465574680544766195e-02
2.012224246214077993e+03 1.000000000000000000e+00 9.200771824990365555e-02
2.012688072646203182e+03 1.000000000000000000e+00 1.149241417893549222e-01
2.013151083439819331e+03 1.000000000000000000e+00 1.089315224641160401e-01
2.013615453630950697e+03 1.000000000000000000e+00 8.591829859375053891e-02
2.014078464424566846e+03 1.000000000000000000e+00 7.434026905460106027e-02
2.014543106495201300e+03 1.000000000000000000e+00 7.042135369567402436e-02
2.015006661047823400e+03 1.000000000000000000e+00 7.174866163781563888e-02
2.015470215600445727e+03 1.000000000000000000e+00 7.455333560056029429e-02
2.015934857671080181e+03 1.000000000000000000e+00 7.491445993514692092e-02
2.016398684103205369e+03 1.000000000000000000e+00 7.490905451295838680e-02
2.016863598053342685e+03 1.000000000000000000e+00 7.261738913742067647e-02
2.017327696364970961e+03 1.000000000000000000e+00 7.180069154169650691e-02
2.017792882194611366e+03 1.000000000000000000e+00 7.225749284585032683e-02
2.018256980506239415e+03 1.000000000000000000e+00 7.345389617886927125e-02
2.018721350697371008e+03 1.000000000000000000e+00 7.224006386210909958e-02
2.019186808406514047e+03 1.000000000000000000e+00 7.589930812807046956e-02
2.019651178597645412e+03 1.000000000000000000e+00 7.561980063156958920e-02
2.020116908186291766e+03 1.000000000000000000e+00 8.486792947347329696e-02
2.020581550256925993e+03 1.000000000000000000e+00 8.837293687684026622e-02
2.021047551725075209e+03 1.000000000000000000e+00 7.824390962828002560e-02
2.021512737554715613e+03 1.000000000000000000e+00 7.257545095285253267e-02
2.021978739022865057e+03 1.000000000000000000e+00 7.763542677920939883e-02
2.022443924852505234e+03 1.000000000000000000e+00 9.642258495268593577e-02
2.022909110682145638e+03 1.000000000000000000e+00 9.711993037357424807e-02
2.023375655909300804e+03 1.000000000000000000e+00 8.822536711917383645e-02
2.023841113618444297e+03 1.000000000000000000e+00 7.518914333495656244e-02
2.024307658845599462e+03 1.000000000000000000e+00 7.012737381443054363e-02
2.024773388434246044e+03 1.000000000000000000e+00 7.458172429410928062e-02
2.025240477420407160e+03 1.000000000000000000e+00 7.508980482022592495e-02
2.025706207009053514e+03 1.000000000000000000e+00 7.351991517820508082e-02
2.026172208477202730e+03 1.000000000000000000e+00 7.137814669664585554e-02
2.026639569342867162e+03 1.000000000000000000e+00 7.121092086190067283e-02
2.027105842690519466e+03 1.000000000000000000e+00 7.143326367240526720e-02
2.027573203556183898e+03 1.000000000000000000e+00 7.397597986631908318e-02
2.028039748783339064e+03 1.000000000000000000e+00 7.507766026443978002e-02
2.028507381528506357e+03 1.000000000000000000e+00 7.484612082829346369e-02
2.028973926755661978e+03 1.000000000000000000e+00 8.044317701347382388e-02
2.029440743862320005e+03 1.000000000000000000e+00 8.033822041811107539e-02
2.029908648486990614e+03 1.000000000000000000e+00 8.238923561701531895e-02
2.030375737473151958e+03 1.000000000000000000e+00 8.613591074945450843e-02
2.030843913977325201e+03 1.000000000000000000e+00 7.975511229138908253e-02
2.031311002963486544e+03 1.000000000000000000e+00 8.328473514775483477e-02
2.031779451347162876e+03 1.000000000000000000e+00 9.251468266232060200e-02
2.032247084092330169e+03 1.000000000000000000e+00 9.896652830666011202e-02
2.032714444957994601e+03 1.000000000000000000e+00 8.520962750777610895e-02
2.033183165221174022e+03 1.000000000000000000e+00 7.889530868255038853e-02
2.033650797966341088e+03 1.000000000000000000e+00 9.048926433558837634e-02
2.034119790109023597e+03 1.000000000000000000e+00 9.149332737699555906e-02
2.034587694733693979e+03 1.000000000000000000e+00 9.833254394279232480e-02
2.035056958755879350e+03 1.000000000000000000e+00 9.722455458693306241e-02
2.035525135260052593e+03 1.000000000000000000e+00 8.678571404396445699e-02
2.035993311764226064e+03 1.000000000000000000e+00 7.792208979146657277e-02
2.036462847665914524e+03 1.000000000000000000e+00 7.243782318884499360e-02
2.036931296049590856e+03 1.000000000000000000e+00 7.459713897338599020e-02
2.037401103830782176e+03 1.000000000000000000e+00 8.080505432486091710e-02
2.037869824093961370e+03 1.000000000000000000e+00 8.277615258962332800e-02
2.038339631875152691e+03 1.000000000000000000e+00 7.896009867477743471e-02
2.038808624017835200e+03 1.000000000000000000e+00 7.692786686446867472e-02
2.039277616160517709e+03 1.000000000000000000e+00 7.383675792738755850e-02
2.039747967700714980e+03 1.000000000000000000e+00 7.409516022891537990e-02
2.040217231722900124e+03 1.000000000000000000e+00 7.602728671438196972e-02
2.040687583263097622e+03 1.000000000000000000e+00 7.590593420745896103e-02
2.041157119164786081e+03 1.000000000000000000e+00 7.639207055419133807e-02
2.041627742584486441e+03 1.000000000000000000e+00 7.159013877834746742e-02
2.042097550365677762e+03 1.000000000000000000e+00 7.475561907720779109e-02
2.042567358146869083e+03 1.000000000000000000e+00 7.401594073852495181e-02
2.043038253446072531e+03 1.000000000000000000e+00 7.305495126464277289e-02
2.043508333106766941e+03 1.000000000000000000e+00 7.266989479390520423e-02
2.043979500285473478e+03 1.000000000000000000e+00 7.718631029635823759e-02
2.044449579946167660e+03 1.000000000000000000e+00 7.977231750336873095e-02
2.044921019004377285e+03 1.000000000000000000e+00 8.076021663401664052e-02
2.045391642424077418e+03 1.000000000000000000e+00 9.969026504705097436e-02
2.045861993964274916e+03 1.000000000000000000e+00 1.231147543393981691e-01
2.046333976781490492e+03 1.000000000000000000e+00 1.197434278937703905e-01
2.046804600201190624e+03 1.000000000000000000e+00 9.535818821467324791e-02
2.047276583018406200e+03 1.000000000000000000e+00 8.642059255784922955e-02
2.047747478317609421e+03 1.000000000000000000e+00 9.661952669268226990e-02
2.048219733014328085e+03 1.000000000000000000e+00 9.283480497017479460e-02
2.048691172072537483e+03 1.000000000000000000e+00 7.906873010365013388e-02
2.049162339251243793e+03 1.000000000000000000e+00 7.423857830656609147e-02
2.049634865827465092e+03 1.000000000000000000e+00 7.573888864627860429e-02
2.050106304885674490e+03 1.000000000000000000e+00 7.848831961616568875e-02
2.050579103341398877e+03 1.000000000000000000e+00 7.996525895865411182e-02
2.051050814279111364e+03 1.000000000000000000e+00 7.896372246428517983e-02
2.051523612734835751e+03 1.000000000000000000e+00 7.337220980521025337e-02
2.051995595552051327e+03 1.000000000000000000e+00 7.338871464044427473e-02
2.052467850248769537e+03 1.000000000000000000e+00 7.455266336017769835e-02
2.052941192463500101e+03 1.000000000000000000e+00 7.688324389361632372e-02
2.053413447160218311e+03 1.000000000000000000e+00 7.235885300103060691e-02
2.053886789374948876e+03 1.000000000000000000e+00 7.475821083842060233e-02
2.054359315951170174e+03 1.000000000000000000e+00 7.949101760414406526e-02
2.054833201924906916e+03 1.000000000000000000e+00 8.452062659330103478e-02
2.055305728501128215e+03 1.000000000000000000e+00 8.672464017194445041e-02
2.055778526956852602e+03 1.000000000000000000e+00 8.142687881191726373e-02
2.056252684810091978e+03 1.000000000000000000e+00 7.421194353520649267e-02
2.056725755145319454e+03 1.000000000000000000e+00 7.580194488363729832e-02
2.057199912998559284e+03 1.000000000000000000e+00 7.827699989661236757e-02
2.057673255213289394e+03 1.000000000000000000e+00 7.906626929045430796e-02
2.058147684946031859e+03 1.000000000000000000e+00 8.539855986027874990e-02
2.058621299040265058e+03 1.000000000000000000e+00 1.007208550348111797e-01
2.059096000652510611e+03 1.000000000000000000e+00 1.127056361551099090e-01
2.059569614746744264e+03 1.000000000000000000e+00 9.837135631625196219e-02
2.060043500720480552e+03 1.000000000000000000e+00 8.352094140392643529e-02
2.060518474212229194e+03 1.000000000000000000e+00 7.901146995072848289e-02
2.060992632065468570e+03 1.000000000000000000e+00 7.619963036157299807e-02
2.061467877436719846e+03 1.000000000000000000e+00 7.684505596724328091e-02
2.061942035289959676e+03 1.000000000000000000e+00 8.122824658111536811e-02
2.062417552540714041e+03 1.000000000000000000e+00 8.991978957711514731e-02
2.062891982273456506e+03 1.000000000000000000e+00 9.996078334449351455e-02
2.063366683885702059e+03 1.000000000000000000e+00 9.075316725025255049e-02
2.063842473015959513e+03 1.000000000000000000e+00 7.833579247469084350e-02
2.064317174628204612e+03 1.000000000000000000e+00 7.814528242765941823e-02
2.064793235637965154e+03 1.000000000000000000e+00 8.440055840793567188e-02
2.065268209129713796e+03 1.000000000000000000e+00 9.810587707559104143e-02
2.065744270139474338e+03 1.000000000000000000e+00 1.453865220379787215e-01
2.066219515510725614e+03 1.000000000000000000e+00 1.767037730811448493e-01
2.066695032761479979e+03 1.000000000000000000e+00 1.737565994794832702e-01
2.067171637530246699e+03 1.000000000000000000e+00 1.673231845081919744e-01
2.067647154781001063e+03 1.000000000000000000e+00 1.623798302660671988e-01
2.068123759549767328e+03 1.000000000000000000e+00 1.639509733784150491e-01
2.068599548680024782e+03 1.000000000000000000e+00 1.583231600691468455e-01
2.069076697207797224e+03 1.000000000000000000e+00 1.537289498897334294e-01
2.069552486338054678e+03 1.000000000000000000e+00 1.411676708648783307e-01
2.070028547347815220e+03 1.000000000000000000e+00 1.210075060794625068e-01
2.070505967755090751e+03 1.000000000000000000e+00 1.148118630031682297e-01
2.070982300644354382e+03 1.000000000000000000e+00 1.078731129544510947e-01
2.071459992931133002e+03 1.000000000000000000e+00 1.036422240705261316e-01
2.071936597699899266e+03 1.000000000000000000e+00 9.816682265831440379e-02
2.072414289986677886e+03 1.000000000000000000e+00 9.861385547550728659e-02
2.072890894755444151e+03 1.000000000000000000e+00 1.065167562662854839e-01
2.073367771403713959e+03 1.000000000000000000e+00 1.136939920731977888e-01
2.073846007449498302e+03 1.000000000000000000e+00 1.270431668244941525e-01
2.074323155977270744e+03 1.000000000000000000e+00 1.473479765169991851e-01
2.074801392023055541e+03 1.000000000000000000e+00 1.427606507491407106e-01
2.075278812430330618e+03 1.000000000000000000e+00 1.180647087060520406e-01
2.075757320355618049e+03 1.000000000000000000e+00 1.123716836218226073e-01
2.076234740762894035e+03 1.000000000000000000e+00 1.050362789667125263e-01
2.076712433049672200e+03 1.000000000000000000e+00 1.050859233978676810e-01
2.077191212854462719e+03 1.000000000000000000e+00 1.041195509801279007e-01
2.077669177020744428e+03 1.000000000000000000e+00 9.994833323828856975e-02
2.078148228705037582e+03 1.000000000000000000e+00 9.788834268207030620e-02
2.078626464750822379e+03 1.000000000000000000e+00 9.334935514911149590e-02
2.079105788314618621e+03 1.000000000000000000e+00 9.332312408707080231e-02
2.079584024360403419e+03 1.000000000000000000e+00 9.211002495581882554e-02
2.080062260406187761e+03 1.000000000000000000e+00 9.358184202124220086e-02
2.080542127728990636e+03 1.000000000000000000e+00 8.994670582795047387e-02
2.081020635654278067e+03 1.000000000000000000e+00 9.659620837631806289e-02
2.081500502977080487e+03 1.000000000000000000e+00 9.376708542652523182e-02
2.081979554661374095e+03 1.000000000000000000e+00 8.989927470281633415e-02
2.082459421984176515e+03 1.000000000000000000e+00 8.310859745331344861e-02
2.082938473668470124e+03 1.000000000000000000e+00 8.727324643641123925e-02
2.083417797232266821e+03 1.000000000000000000e+00 1.009872039551418105e-01
2.083898208314074964e+03 1.000000000000000000e+00 1.013682843571784148e-01
2.084377531877871661e+03 1.000000000000000000e+00 9.093812312754893934e-02
2.084858214839183347e+03 1.000000000000000000e+00 7.907548170548478472e-02
2.085337810282482678e+03 1.000000000000000000e+00 7.852739403250517947e-02
2.085818765123297453e+03 1.000000000000000000e+00 8.085266940967289484e-02
2.086298632446099873e+03 1.000000000000000000e+00 7.938519453923270630e-02
2.086778499768902293e+03 1.000000000000000000e+00 7.608593762952625683e-02
2.087259726489219702e+03 1.000000000000000000e+00 7.597878261837882896e-02
2.087739865691525665e+03 1.000000000000000000e+00 7.659417917968423806e-02
2.088221364291346163e+03 1.000000000000000000e+00 7.682176425084226434e-02
2.088701775373154305e+03 1.000000000000000000e+00 7.630280558212930442e-02
2.089183273972975257e+03 1.000000000000000000e+00 8.261643369281265747e-02
2.089663956934286944e+03 1.000000000000000000e+00 8.463118940546107694e-02
2.090144639895598175e+03 1.000000000000000000e+00 8.314757585080995161e-02
2.090626682254424850e+03 1.000000000000000000e+00 8.234324001244497371e-02
2.091107637095239170e+03 1.000000000000000000e+00 8.506658143274029027e-02
2.091589951333568933e+03 1.000000000000000000e+00 8.062874308225795317e-02
2.092070906174383254e+03 1.000000000000000000e+00 8.363966659395200010e-02
2.092553492292216106e+03 1.000000000000000000e+00 8.071078970142803177e-02
2.093034719012533515e+03 1.000000000000000000e+00 8.235829744358467985e-02
2.093516217612354012e+03 1.000000000000000000e+00 8.527099345284151755e-02
2.093999075609689953e+03 1.000000000000000000e+00 8.449514203258329248e-02
2.094480846089013085e+03 1.000000000000000000e+00 7.872773118426730499e-02
2.094963704086349026e+03 1.000000000000000000e+00 7.848562575183858081e-02
2.095445746445175246e+03 1.000000000000000000e+00 7.885466304955388028e-02
2.095928876322013821e+03 1.000000000000000000e+00 7.607899100157795858e-02
2.096411190560343584e+03 1.000000000000000000e+00 1.003723443307032726e-01
2.096894592316685248e+03 1.000000000000000000e+00 1.562517073988898275e-01
2.097376906555014557e+03 1.000000000000000000e+00 1.567943295296450323e-01
2.097859492672847409e+03 1.000000000000000000e+00 1.557020457420763282e-01
2.098343166308692162e+03 1.000000000000000000e+00 1.623062390107032071e-01
2.098825752426524559e+03 1.000000000000000000e+00 1.505159834582754930e-01
2.099309969821375034e+03 1.000000000000000000e+00 1.099789042733208266e-01
2.099792827818710521e+03 1.000000000000000000e+00 8.850197652927799252e-02
2.100277045213561451e+03 1.000000000000000000e+00 9.960077540739799284e-02
2.100760175090399571e+03 1.000000000000000000e+00 1.048370643321884926e-01
2.101243304967238146e+03 1.000000000000000000e+00 1.043506307859017740e-01
2.101728066121095253e+03 1.000000000000000000e+00 8.821260187801668873e-02
2.102211467877436917e+03 1.000000000000000000e+00 8.104302103282305658e-02
2.102696229031293115e+03 1.000000000000000000e+00 7.905777520886130005e-02
2.103180174546640956e+03 1.000000000000000000e+00 8.192287403435832838e-02
2.103664935700497608e+03 1.000000000000000000e+00 8.208520940895973339e-02
2.104148881215844995e+03 1.000000000000000000e+00 7.888274420575017154e-02
2.104633098610695924e+03 1.000000000000000000e+00 7.990968559712557928e-02
2.105118131644055211e+03 1.000000000000000000e+00 7.992143201926144025e-02
2.105602620918408775e+03 1.000000000000000000e+00 7.923782727885830823e-02
2.106088197710774693e+03 1.000000000000000000e+00 7.834047772353854022e-02
2.106572686985128257e+03 1.000000000000000000e+00 8.551875997388751205e-02
2.107058535656996810e+03 1.000000000000000000e+00 1.317153779067264108e-01
2.107543024931350374e+03 1.000000000000000000e+00 2.613528560304305692e-01
2.108028057964709660e+03 1.000000000000000000e+00 2.344672086781763309e-01
2.108514178516081756e+03 1.000000000000000000e+00 1.099773814711928061e-01
2.108999211549441043e+03 1.000000000000000000e+00 8.400348175092599290e-02
2.109485332100812684e+03 1.000000000000000000e+00 9.054765552383566007e-02
2.109970908893178603e+03 1.000000000000000000e+00 1.136220183170140174e-01
2.110457301324052878e+03 1.000000000000000000e+00 1.156640430001581593e-01
2.110942878116418797e+03 1.000000000000000000e+00 9.430487905475194721e-02
2.111428454908784261e+03 1.000000000000000000e+00 7.712618781512041444e-02
2.111915391098665168e+03 1.000000000000000000e+00 7.293167497265609645e-02
2.112401239770533721e+03 1.000000000000000000e+00 7.568176299505960380e-02
2.112888447839917262e+03 1.000000000000000000e+00 7.979745275950514416e-02
2.113374296511785815e+03 1.000000000000000000e+00 9.352789417654834569e-02
2.113861776460672445e+03 1.000000000000000000e+00 1.052639742691606067e-01
2.114347897012044086e+03 1.000000000000000000e+00 9.366230754877832854e-02
2.114834289442918816e+03 1.000000000000000000e+00 8.471337982981623493e-02
2.115322041271308535e+03 1.000000000000000000e+00 1.003557980576303826e-01
2.115808705581685899e+03 1.000000000000000000e+00 1.094830042549612414e-01
2.116296729289578707e+03 1.000000000000000000e+00 9.609964556875050246e-02
2.116783393599956526e+03 1.000000000000000000e+00 8.162052190837836008e-02
2.117271689187351967e+03 1.000000000000000000e+00 8.147062461176833581e-02
2.117758625377232875e+03 1.000000000000000000e+00 8.088422912660521436e-02
2.118245833446616416e+03 1.000000000000000000e+00 8.644673199168682876e-02
2.118734400913514946e+03 1.000000000000000000e+00 1.099436105922803747e-01
2.119221608982898488e+03 1.000000000000000000e+00 1.543048621485225147e-01
2.119710448329300107e+03 1.000000000000000000e+00 1.522075089780870749e-01
2.120197928278187192e+03 1.000000000000000000e+00 1.134206181547284253e-01
2.120687039504091899e+03 1.000000000000000000e+00 8.217238765450016191e-02
2.121174791332481163e+03 1.000000000000000000e+00 7.632415447551073318e-02
2.121662815040373971e+03 1.000000000000000000e+00 7.707511688074893119e-02
2.122151926266278679e+03 1.000000000000000000e+00 7.727373376454386988e-02
2.122640221853674575e+03 1.000000000000000000e+00 8.769857070253909981e-02
2.123129604959081917e+03 1.000000000000000000e+00 1.144227187653247824e-01
2.123618172425980902e+03 1.000000000000000000e+00 1.170094754051392988e-01
2.124107827410891332e+03 1.000000000000000000e+00 9.790488217321292874e-02
2.124596666757292951e+03 1.000000000000000000e+00 8.264676916942277629e-02
2.125085234224191936e+03 1.000000000000000000e+00 8.046932201559409137e-02
2.125575432968108544e+03 1.000000000000000000e+00 8.395458954589550549e-02
2.126064272314510163e+03 1.000000000000000000e+00 8.920189820281344828e-02
2.126554471058426770e+03 1.000000000000000000e+00 1.509473417793265326e-01
2.127043582284331478e+03 1.000000000000000000e+00 1.771866642466459474e-01
2.127534324787254263e+03 1.000000000000000000e+00 1.421162549253515150e-01
2.128023707892662060e+03 1.000000000000000000e+00 9.015483509167415699e-02
2.128513090998069401e+03 1.000000000000000000e+00 8.205827930606558740e-02
2.129004105380495275e+03 1.000000000000000000e+00 8.001186797064353817e-02
2.129493760365406160e+03 1.000000000000000000e+00 7.737416826940547721e-02
2.129984774747831580e+03 1.000000000000000000e+00 7.796753444284824919e-02
2.130474973491748642e+03 1.000000000000000000e+00 7.869720900250687379e-02
2.130966259753677150e+03 1.000000000000000000e+00 7.765105053177966121e-02
2.131456458497593758e+03 1.000000000000000000e+00 7.992910222259479169e-02
2.131946657241510366e+03 1.000000000000000000e+00 1.066642287047797621e-01
2.132438215382941962e+03 1.000000000000000000e+00 1.235931264308777616e-01
2.132928957885864747e+03 1.000000000000000000e+00 1.002300405326032734e-01
2.133420787906799887e+03 1.000000000000000000e+00 7.883000136484495657e-02
2.133911530409722218e+03 1.000000000000000000e+00 8.327481298597320947e-02
2.134403632310159992e+03 1.000000000000000000e+00 9.415611308878700514e-02
2.134894646692585866e+03 1.000000000000000000e+00 1.211921906517670205e-01
2.135387020472526729e+03 1.000000000000000000e+00 1.622797192239367192e-01
2.135878306734455236e+03 1.000000000000000000e+00 1.661957585279905947e-01
2.136369592996383744e+03 1.000000000000000000e+00 1.246150209975723372e-01
2.136862238655827696e+03 1.000000000000000000e+00 1.081551756093801775e-01
2.137353796797259292e+03 1.000000000000000000e+00 1.334966578985290753e-01
2.137846714336205878e+03 1.000000000000000000e+00 1.238990456142483459e-01
2.138338272477637929e+03 1.000000000000000000e+00 9.597493536215036258e-02
2.138831461896087603e+03 1.000000000000000000e+00 8.916019883584427874e-02
2.139323563796525377e+03 1.000000000000000000e+00 1.003275423131086558e-01
2.139815665696963151e+03 1.000000000000000000e+00 1.173972859148094267e-01
2.140309126994915914e+03 1.000000000000000000e+00 1.315171203718610571e-01
2.140801500774856777e+03 1.000000000000000000e+00 1.160398748839023692e-01
2.141295233952312174e+03 1.000000000000000000e+00 8.954842392223452685e-02
2.141787879611756125e+03 1.000000000000000000e+00 8.528533505028479400e-02
2.142281612789211522e+03 1.000000000000000000e+00 1.192343737724503444e-01
2.142774530328158562e+03 1.000000000000000000e+00 1.367442097207765828e-01
2.143267447867105147e+03 1.000000000000000000e+00 1.371115988637470473e-01
2.143761724803567176e+03 1.000000000000000000e+00 1.117039737268916005e-01
2.144254914222016396e+03 1.000000000000000000e+00 9.938950052585761308e-02
2.144749463037981513e+03 1.000000000000000000e+00 1.041415707636850208e-01
2.145242652456431188e+03 1.000000000000000000e+00 1.313136541968883686e-01
2.145737473151898939e+03 1.000000000000000000e+00 1.379212435034007089e-01
2.146230934449851702e+03 1.000000000000000000e+00 1.100395981934024492e-01
2.146724939506810188e+03 1.000000000000000000e+00 8.402393633226004632e-02
2.147219760202278394e+03 1.000000000000000000e+00 8.134552843728770632e-02
2.147713765259236880e+03 1.000000000000000000e+00 8.056772864462045936e-02
2.148209129713710809e+03 1.000000000000000000e+00 7.727642050074519375e-02
2.148703406650172383e+03 1.000000000000000000e+00 7.732726656275409893e-02
2.149198771104646312e+03 1.000000000000000000e+00 7.980903930512939226e-02
2.149693048041107886e+03 1.000000000000000000e+00 7.625720765514515387e-02
2.150187596857072549e+03 1.000000000000000000e+00 7.687046957680160331e-02
2.150683505070552656e+03 1.000000000000000000e+00 8.097089640654241138e-02
2.151178325766020407e+03 1.000000000000000000e+00 1.068806905561338616e-01
2.151674233979500514e+03 1.000000000000000000e+00 1.718605670497784232e-01
2.152169326554470899e+03 1.000000000000000000e+00 2.047268459765423654e-01
2.152665506647453640e+03 1.000000000000000000e+00 1.493042718096744548e-01
2.153160871101927569e+03 1.000000000000000000e+00 1.092041748706445436e-01
2.153656235556401498e+03 1.000000000000000000e+00 1.305825382313604288e-01
2.154152687528887327e+03 1.000000000000000000e+00 1.440794391831880239e-01
2.154648323862863890e+03 1.000000000000000000e+00 1.210552583239791063e-01
2.155145047714852808e+03 1.000000000000000000e+00 9.079117887381675522e-02
2.155640955928332460e+03 1.000000000000000000e+00 7.909282339808867968e-02
2.156137951659824466e+03 1.000000000000000000e+00 9.699717932458420955e-02
2.156634131752807207e+03 1.000000000000000000e+00 1.292892627303612318e-01
2.157130311845789947e+03 1.000000000000000000e+00 1.255944106550076766e-01
2.157627579456784588e+03 1.000000000000000000e+00 1.021159062019127983e-01
2.158124031429270417e+03 1.000000000000000000e+00 8.220158078025270598e-02
2.158621570919768146e+03 1.000000000000000000e+00 7.524851742420897438e-02
2.159118294771757064e+03 1.000000000000000000e+00 8.077345556217763178e-02
2.159616106141757882e+03 1.000000000000000000e+00 7.840252984530854397e-02
2.160112829993746800e+03 1.000000000000000000e+00 8.037613543812029138e-02
2.160609825725238352e+03 1.000000000000000000e+00 8.573613829769057004e-02
2.161108180854245347e+03 1.000000000000000000e+00 9.594273777306880358e-02
2.161605448465239988e+03 1.000000000000000000e+00 1.101535306891234800e-01
2.162103803594246983e+03 1.000000000000000000e+00 1.046054563339545024e-01
2.162601071205241624e+03 1.000000000000000000e+00 8.598776743497704711e-02
2.163099970093254797e+03 1.000000000000000000e+00 7.943638787125062439e-02
2.163597509583752526e+03 1.000000000000000000e+00 7.842820291090776830e-02
2.164095049074250255e+03 1.000000000000000000e+00 7.669347860483702317e-02
2.164594219841766062e+03 1.000000000000000000e+00 7.622575815704606128e-02
2.165092031211766880e+03 1.000000000000000000e+00 1.110327752567324272e-01
2.165591473858785776e+03 1.000000000000000000e+00 1.670090871690014245e-01
2.166089557108289682e+03 1.000000000000000000e+00 1.952633276049590139e-01
2.166589271634811212e+03 1.000000000000000000e+00 1.544710192628832024e-01
2.167087626763818207e+03 1.000000000000000000e+00 1.069825067337450281e-01
2.167585981892825203e+03 1.000000000000000000e+00 9.079323420772744679e-02
2.168085968298849821e+03 1.000000000000000000e+00 7.992413989461621959e-02
2.168584595307359450e+03 1.000000000000000000e+00 8.516238439527336335e-02
2.169084853592887612e+03 1.000000000000000000e+00 9.271862270102038117e-02
2.169583752480900330e+03 1.000000000000000000e+00 1.200369485074881531e-01
2.170084010766428037e+03 1.000000000000000000e+00 1.416804111325788706e-01
2.170583453413446932e+03 1.000000000000000000e+00 1.028711769708465507e-01
2.171082624180962739e+03 1.000000000000000000e+00 8.065528103297148199e-02
2.171583154345993989e+03 1.000000000000000000e+00 8.019117554130228420e-02
2.172082868872515519e+03 1.000000000000000000e+00 8.025801515575313461e-02
2.172583670917049403e+03 1.000000000000000000e+00 8.846649285515739702e-02
2.173083385443571387e+03 1.000000000000000000e+00 1.325889180667013112e-01
2.173584731247111449e+03 1.000000000000000000e+00 1.836311733464892626e-01
2.174084445773632979e+03 1.000000000000000000e+00 1.761220293132354509e-01
2.174586063456676129e+03 1.000000000000000000e+00 1.156664948939960386e-01
2.175086321742203836e+03 1.000000000000000000e+00 8.570126433067436211e-02
2.175586580027731543e+03 1.000000000000000000e+00 8.129747394648680070e-02
2.176088469590277327e+03 1.000000000000000000e+00 8.317222369100785162e-02
2.176588727875805489e+03 1.000000000000000000e+00 8.287155524856353039e-02
2.177090889317854362e+03 1.000000000000000000e+00 7.544234567084230625e-02
2.177591691362387792e+03 1.000000000000000000e+00 7.666679869008487247e-02
2.178093852804437120e+03 1.000000000000000000e+00 7.991748456523498079e-02
2.178594926728474093e+03 1.000000000000000000e+00 1.000139173056146663e-01
2.179096000652510611e+03 1.000000000000000000e+00 1.263347575133591805e-01
2.179598433974062573e+03 1.000000000000000000e+00 1.176095904170274126e-01
2.180099779777602635e+03 1.000000000000000000e+00 9.329190424909113155e-02
2.180602756858160319e+03 1.000000000000000000e+00 8.500815864708929914e-02
2.181104374541203015e+03 1.000000000000000000e+00 8.935553681620238275e-02
2.181607351621761154e+03 1.000000000000000000e+00 1.004339372266180724e-01
2.182109241184306939e+03 1.000000000000000000e+00 1.539006255845145055e-01
2.182611130746852723e+03 1.000000000000000000e+00 1.623939321405604985e-01
2.183114379706913951e+03 1.000000000000000000e+00 1.565787350682185941e-01
2.183616813028465458e+03 1.000000000000000000e+00 1.112008085261276813e-01
2.184120333868029320e+03 1.000000000000000000e+00 8.545398696340079925e-02
2.184622767189581737e+03 1.000000000000000000e+00 7.869972311046596891e-02
2.185126559908648233e+03 1.000000000000000000e+00 7.677215244453484966e-02
2.185628993230200194e+03 1.000000000000000000e+00 7.919369108742461971e-02
2.186131970310758334e+03 1.000000000000000000e+00 7.736104440392622961e-02
2.186636034909327918e+03 1.000000000000000000e+00 7.805514298601881618e-02
2.187139011989886058e+03 1.000000000000000000e+00 7.692691671373778906e-02
2.187643348467958731e+03 1.000000000000000000e+00 7.655290727104106796e-02
2.188146597428019959e+03 1.000000000000000000e+00 7.704248453665747676e-02
2.188651205785595721e+03 1.000000000000000000e+00 8.295894947533369312e-02
2.189154726625159583e+03 1.000000000000000000e+00 9.684592284449695943e-02
2.189658519344226534e+03 1.000000000000000000e+00 9.991446267073328391e-02
2.190163399581305384e+03 1.000000000000000000e+00 9.293371042116048419e-02
2.190667192300372335e+03 1.000000000000000000e+00 8.174777519495091127e-02
2.191172344416954274e+03 1.000000000000000000e+00 8.168912577525504204e-02
2.191676409015524314e+03 1.000000000000000000e+00 9.438894862630133054e-02
2.192181833011609342e+03 1.000000000000000000e+00 1.266608778070278662e-01
2.192686169489682015e+03 1.000000000000000000e+00 1.260059425428466384e-01
2.193190505967755144e+03 1.000000000000000000e+00 9.327237480946556913e-02
2.193696201843342806e+03 1.000000000000000000e+00 8.398349912576155707e-02
2.194200810200919022e+03 1.000000000000000000e+00 7.902009797821463177e-02
2.194707049835512862e+03 1.000000000000000000e+00 7.753288235896672875e-02
2.195211658193088624e+03 1.000000000000000000e+00 7.756803339634063543e-02
2.195717897827682464e+03 1.000000000000000000e+00 7.846191456170420464e-02
2.196223049944264403e+03 1.000000000000000000e+00 8.001978850947313870e-02
2.196728473940349431e+03 1.000000000000000000e+00 8.039068308414801245e-02
2.197234985454446360e+03 1.000000000000000000e+00 7.790663548610220202e-02
2.197740409450531388e+03 1.000000000000000000e+00 7.568133932229886840e-02
2.198247192844131405e+03 1.000000000000000000e+00 8.185796446248887193e-02
2.198752888719719522e+03 1.000000000000000000e+00 8.128919075607898836e-02
2.199259943992822173e+03 1.000000000000000000e+00 8.000010110184023471e-02
2.199765911747913378e+03 1.000000000000000000e+00 7.858617359897937527e-02
2.200271879503004129e+03 1.000000000000000000e+00 8.407484852370587791e-02
2.200779478535112958e+03 1.000000000000000000e+00 9.040041310632206117e-02
2.201285446290204163e+03 1.000000000000000000e+00 8.999621248020761577e-02
2.201793317201816080e+03 1.000000000000000000e+00 7.888384126049409473e-02
2.202299828715913009e+03 1.000000000000000000e+00 8.324277358911759406e-02
2.202807427748021837e+03 1.000000000000000000e+00 9.422656399728020216e-02
2.203314211141621854e+03 1.000000000000000000e+00 1.067029376362140236e-01
2.203821266414724960e+03 1.000000000000000000e+00 9.275494050485694197e-02
2.204329409205839966e+03 1.000000000000000000e+00 8.046422856454178707e-02
2.204836464478943071e+03 1.000000000000000000e+00 7.893966965590164253e-02
2.205344879149560711e+03 1.000000000000000000e+00 7.734706282693408486e-02
2.205852206302166906e+03 1.000000000000000000e+00 7.628023806985269328e-02
2.206360892852288089e+03 1.000000000000000000e+00 8.037814882825145002e-02
2.206868491884396462e+03 1.000000000000000000e+00 7.864296771342506320e-02
2.207376090916505746e+03 1.000000000000000000e+00 7.717673330726028402e-02
2.207885321225632651e+03 1.000000000000000000e+00 7.870305780460418177e-02
2.208393192137244569e+03 1.000000000000000000e+00 7.872653556912516393e-02
2.208902422446371929e+03 1.000000000000000000e+00 7.804045216525277995e-02
2.209410565237486480e+03 1.000000000000000000e+00 7.724931595151261765e-02
2.209920067426116475e+03 1.000000000000000000e+00 7.794403510653044598e-02
2.210428482096734569e+03 1.000000000000000000e+00 7.851589538083693365e-02
2.210937984285364564e+03 1.000000000000000000e+00 8.098559915196508474e-02
2.211446670835485293e+03 1.000000000000000000e+00 8.049732879263382657e-02
2.211955357385606476e+03 1.000000000000000000e+00 8.041332745808360549e-02
2.212465403333242648e+03 1.000000000000000000e+00 8.221746631722602616e-02
2.212974633642369554e+03 1.000000000000000000e+00 9.184648880070063470e-02
2.213484679590005726e+03 1.000000000000000000e+00 8.961508535098529349e-02
2.213994181778635721e+03 1.000000000000000000e+00 8.269922959187785139e-02
2.214504499605774527e+03 1.000000000000000000e+00 7.781562328823427022e-02
2.215014001794404521e+03 1.000000000000000000e+00 8.808499000479935725e-02
2.215523503983034516e+03 1.000000000000000000e+00 9.400298208746064865e-02
2.216034365569179499e+03 1.000000000000000000e+00 8.873698091341379601e-02
2.216544139637312583e+03 1.000000000000000000e+00 7.743283003183787372e-02
2.217055273102960655e+03 1.000000000000000000e+00 8.017499612848531798e-02
2.217565319050596827e+03 1.000000000000000000e+00 7.924698356927216414e-02
2.218076724395747533e+03 1.000000000000000000e+00 7.857741344445083598e-02
2.218587042222886794e+03 1.000000000000000000e+00 8.014180468404183411e-02
2.219097360050025600e+03 1.000000000000000000e+00 8.269936090710090781e-02
2.219609037274679849e+03 1.000000000000000000e+00 8.482067649250669972e-02
2.220119898860824833e+03 1.000000000000000000e+00 8.229895568283299156e-02
2.220631847964981716e+03 1.000000000000000000e+00 8.248323888359608558e-02
2.221142437671623611e+03 1.000000000000000000e+00 8.013068710482054713e-02
2.221654658655284038e+03 1.000000000000000000e+00 8.197515037970873331e-02
2.222165792120932110e+03 1.000000000000000000e+00 8.001073436597455624e-02
2.222677197466082816e+03 1.000000000000000000e+00 8.153085172408516823e-02
2.223189690329245877e+03 1.000000000000000000e+00 8.116855289772562099e-02
2.223701095674397038e+03 1.000000000000000000e+00 8.287022655294415396e-02
2.224213860417063188e+03 1.000000000000000000e+00 8.052717080343080314e-02
2.224725537641716983e+03 1.000000000000000000e+00 7.732004464571773372e-02
2.225238574263886221e+03 1.000000000000000000e+00 8.033282711699310519e-02
2.225750523368043105e+03 1.000000000000000000e+00 8.378458367026957176e-02
2.226262472472200443e+03 1.000000000000000000e+00 8.706504820277777279e-02
2.226775780973872315e+03 1.000000000000000000e+00 8.910718282334650908e-02
2.227288001957532288e+03 1.000000000000000000e+00 8.095095985211646361e-02
2.227801582338707249e+03 1.000000000000000000e+00 8.095145247934801280e-02
2.228314347081373398e+03 1.000000000000000000e+00 8.894149409002524709e-02
2.228828199342051448e+03 1.000000000000000000e+00 8.510637121326926346e-02
2.229340692205214509e+03 1.000000000000000000e+00 8.211642340020447461e-02
2.229853728827383748e+03 1.000000000000000000e+00 7.919895900325915616e-02
2.230367852967564431e+03 1.000000000000000000e+00 8.079216420345877725e-02
2.230880889589733670e+03 1.000000000000000000e+00 8.075305939700980207e-02
2.231395557488920986e+03 1.000000000000000000e+00 8.096168895779763675e-02
2.231908865990592858e+03 1.000000000000000000e+00 8.046101277699878318e-02
2.232423262010276630e+03 1.000000000000000000e+00 8.054490672346528712e-02
2.232937114270955135e+03 1.000000000000000000e+00 7.946098233309964454e-02
2.233450422772627007e+03 1.000000000000000000e+00 7.616054026968813173e-02
2.233965634430820046e+03 1.000000000000000000e+00 7.620115312236028227e-02
2.234479758571001184e+03 1.000000000000000000e+00 7.783648024812363231e-02
2.234994698349691134e+03 1.000000000000000000e+00 7.640387456131590704e-02
2.235509094369375362e+03 1.000000000000000000e+00 7.879205362699391590e-02
2.236024577907071489e+03 1.000000000000000000e+00 7.885654096584723827e-02
2.236538973926755716e+03 1.000000000000000000e+00 7.741754176027948464e-02
2.237053369946439489e+03 1.000000000000000000e+00 8.424296140476911221e-02
2.237569397243141793e+03 1.000000000000000000e+00 8.978348700122934511e-02
2.238083793262826021e+03 1.000000000000000000e+00 8.631032188175948028e-02
2.238600092439030959e+03 1.000000000000000000e+00 8.190075278348331322e-02
2.239115032217720909e+03 1.000000000000000000e+00 7.510764993200086392e-02
2.239631603273428937e+03 1.000000000000000000e+00 7.830497784369595815e-02
2.240146543052119341e+03 1.000000000000000000e+00 8.051897698326951347e-02
2.240662026589815468e+03 1.000000000000000000e+00 8.006962420095529998e-02
2.241178597645523496e+03 1.000000000000000000e+00 8.154273686518279107e-02
2.241694353062722257e+03 1.000000000000000000e+00 8.404222928417066918e-02
2.242211195997933373e+03 1.000000000000000000e+00 8.304205008143360212e-02
2.242727223294635678e+03 1.000000000000000000e+00 8.021098093000056384e-02
2.243244338109349883e+03 1.000000000000000000e+00 7.866625696100568166e-02
2.243760093526548644e+03 1.000000000000000000e+00 7.797895024543079201e-02
2.244276392702754038e+03 1.000000000000000000e+00 7.777794456501392617e-02
2.244794051276473965e+03 1.000000000000000000e+00 8.038315852663614758e-02
2.245310622332182447e+03 1.000000000000000000e+00 7.868070203352099667e-02
2.245828280905902375e+03 1.000000000000000000e+00 8.005684437200531745e-02
2.246344851961610857e+03 1.000000000000000000e+00 7.856125765181490306e-02
2.246863054294336507e+03 1.000000000000000000e+00 7.636836988476888854e-02
2.247379625350044535e+03 1.000000000000000000e+00 7.978383114680645538e-02
2.247896740164758739e+03 1.000000000000000000e+00 8.552020461283400821e-02
2.248415214376988388e+03 1.000000000000000000e+00 8.865038306029837667e-02
2.248932329191702138e+03 1.000000000000000000e+00 8.191237503387795160e-02
2.249450803403931332e+03 1.000000000000000000e+00 8.371440213420160148e-02
2.249968190098148625e+03 1.000000000000000000e+00 8.145888693904394795e-02
2.250487208069383541e+03 1.000000000000000000e+00 9.817966041319202419e-02
2.251004866643103924e+03 1.000000000000000000e+00 1.238668847946210599e-01
2.251523884614338840e+03 1.000000000000000000e+00 1.577536023722357905e-01
2.252041815067562311e+03 1.000000000000000000e+00 1.650310896329290067e-01
2.252560289279791050e+03 1.000000000000000000e+00 1.383581719118461839e-01
2.253079579130529055e+03 1.000000000000000000e+00 1.343194377620693936e-01
2.253597781463255615e+03 1.000000000000000000e+00 1.664364205154163223e-01
2.254117343193496708e+03 1.000000000000000000e+00 1.788526857516490043e-01
2.254636089285228536e+03 1.000000000000000000e+00 1.252697736281037089e-01
2.255155922894972718e+03 1.000000000000000000e+00 9.667237111493784396e-02
2.255674940866208090e+03 1.000000000000000000e+00 1.210480222386259991e-01
2.256193686957939917e+03 1.000000000000000000e+00 1.700250811551858865e-01
2.256714064326690277e+03 1.000000000000000000e+00 2.150187474440146962e-01
2.257233082297925193e+03 1.000000000000000000e+00 1.566279144559991343e-01
2.257753459666675553e+03 1.000000000000000000e+00 1.024345962385655867e-01
2.258273021396917102e+03 1.000000000000000000e+00 8.900411405413102828e-02
2.258793670645169641e+03 1.000000000000000000e+00 8.544656134681125059e-02
2.259313232375411189e+03 1.000000000000000000e+00 9.689818420650367359e-02
2.259833337864658461e+03 1.000000000000000000e+00 1.203216214615243501e-01
2.260354258992414088e+03 1.000000000000000000e+00 1.149357668990415166e-01
2.260874364481661360e+03 1.000000000000000000e+00 8.918229932514526448e-02
2.261395829368423620e+03 1.000000000000000000e+00 8.053281442454203465e-02
2.261915934857670891e+03 1.000000000000000000e+00 8.609673725620430040e-02
2.262437399744433151e+03 1.000000000000000000e+00 8.169033687661299281e-02
2.262958048992686599e+03 1.000000000000000000e+00 8.014543265529076865e-02
2.263478426361436505e+03 1.000000000000000000e+00 7.963922342030620161e-02
2.264000435007204487e+03 1.000000000000000000e+00 7.981659981220336209e-02
2.264521356134961025e+03 1.000000000000000000e+00 7.680099688145013148e-02
2.265043636660232096e+03 1.000000000000000000e+00 7.981845058891104405e-02
2.265564557787988178e+03 1.000000000000000000e+00 7.806196613472864143e-02
2.266087110192762793e+03 1.000000000000000000e+00 8.002516627155439877e-02
2.266608303200021510e+03 1.000000000000000000e+00 8.069282826300000488e-02
2.267129496207280681e+03 1.000000000000000000e+00 8.490948411136113594e-02
2.267652320491557930e+03 1.000000000000000000e+00 8.808100810936868308e-02
2.268174057257823279e+03 1.000000000000000000e+00 1.126508836832812027e-01
2.268697153421603616e+03 1.000000000000000000e+00 2.180479596530717212e-01
2.269219162067372054e+03 1.000000000000000000e+00 2.802294436634887864e-01
2.269742530110655025e+03 1.000000000000000000e+00 2.329723067922156721e-01
2.270264538756423008e+03 1.000000000000000000e+00 1.269704352793508961e-01
2.270786819281694534e+03 1.000000000000000000e+00 1.251968249937200073e-01
2.271310459204480594e+03 1.000000000000000000e+00 1.622837680579877484e-01
2.271833011609254754e+03 1.000000000000000000e+00 1.381306235610965660e-01
2.272356923411543903e+03 1.000000000000000000e+00 9.936116795025408399e-02
2.272879747695821152e+03 1.000000000000000000e+00 8.346746395461872303e-02
2.273403931377613389e+03 1.000000000000000000e+00 8.797472244056891988e-02
2.273926483782387550e+03 1.000000000000000000e+00 1.003222920420974024e-01
2.274449851825670976e+03 1.000000000000000000e+00 1.211887523454494436e-01
2.274974307386966302e+03 1.000000000000000000e+00 1.157275789018945289e-01
2.275497675430249274e+03 1.000000000000000000e+00 9.016194925093030943e-02
2.276022130991544600e+03 1.000000000000000000e+00 7.875526882685734975e-02
2.276546042793833749e+03 1.000000000000000000e+00 7.753596085936689808e-02
2.277071042114134798e+03 1.000000000000000000e+00 7.756782945698002807e-02
2.277594953916423947e+03 1.000000000000000000e+00 8.114966804638977516e-02
2.278118593839210007e+03 1.000000000000000000e+00 8.193071950521561841e-02
2.278644136918517688e+03 1.000000000000000000e+00 1.003292692569479894e-01
2.279168320600309926e+03 1.000000000000000000e+00 1.432387066822046473e-01
2.279693863679616697e+03 1.000000000000000000e+00 1.392343555953674539e-01
2.280218319240912024e+03 1.000000000000000000e+00 1.010225275186223542e-01
2.280744134199722794e+03 1.000000000000000000e+00 8.359716209323099501e-02
2.281268589761018120e+03 1.000000000000000000e+00 8.288808756214821605e-02
2.281793589081319169e+03 1.000000000000000000e+00 8.153410009118590429e-02
2.282319947799135662e+03 1.000000000000000000e+00 8.204161946668785121e-02
2.282844675239933622e+03 1.000000000000000000e+00 8.957177983627639950e-02
2.283371305837253203e+03 1.000000000000000000e+00 1.789630510129211760e-01
2.283896305157553797e+03 1.000000000000000000e+00 2.314145919767710557e-01
2.284423207634376013e+03 1.000000000000000000e+00 2.505811924968552318e-01
2.284948750713683694e+03 1.000000000000000000e+00 1.390770476363837882e-01
2.285474293792990920e+03 1.000000000000000000e+00 9.659825064873796274e-02
2.286001468149316224e+03 1.000000000000000000e+00 9.528707149641227336e-02
2.286527283108126085e+03 1.000000000000000000e+00 8.412093002918036300e-02
2.287054729343954477e+03 1.000000000000000000e+00 7.794326179404387211e-02
2.287580544302765247e+03 1.000000000000000000e+00 9.980532410264822407e-02
2.288108262418096274e+03 1.000000000000000000e+00 1.522863644829669516e-01
2.288634621135912312e+03 1.000000000000000000e+00 1.495165142820718274e-01
2.289161251733231438e+03 1.000000000000000000e+00 1.033978825352167841e-01
2.289688969848562920e+03 1.000000000000000000e+00 8.238362401930592049e-02
2.290215872325385135e+03 1.000000000000000000e+00 8.073887085810840802e-02
2.290743862320219250e+03 1.000000000000000000e+00 8.108058319998877328e-02
2.291270764797041465e+03 1.000000000000000000e+00 9.476520008883165813e-02
2.291799298550882213e+03 1.000000000000000000e+00 1.741511860081792207e-01
2.292326201027704428e+03 1.000000000000000000e+00 3.979494590256319464e-01
2.292855006661047810e+03 1.000000000000000000e+00 2.534416227390555720e-01
2.293382452896876202e+03 1.000000000000000000e+00 1.218326605879557489e-01
2.293909899132704140e+03 1.000000000000000000e+00 9.113458277215490122e-02
2.294438976645550611e+03 1.000000000000000000e+00 8.159006355197612192e-02
2.294966694760882092e+03 1.000000000000000000e+00 8.146188391410759400e-02
2.295496044153231196e+03 1.000000000000000000e+00 8.402180938231054719e-02
2.296024034148065311e+03 1.000000000000000000e+00 8.223659637365515751e-02
2.296553655419917504e+03 1.000000000000000000e+00 9.596343524150290072e-02
2.297081645414752074e+03 1.000000000000000000e+00 1.026016449023379185e-01
2.297610451048095456e+03 1.000000000000000000e+00 1.021730611187930404e-01
2.298140072319948104e+03 1.000000000000000000e+00 1.400334686538342033e-01
2.298668877953291030e+03 1.000000000000000000e+00 1.548038479093604702e-01
2.299199042984148946e+03 1.000000000000000000e+00 1.099859863388492898e-01
2.299727848617492782e+03 1.000000000000000000e+00 8.806439345310129729e-02
2.300258013648350698e+03 1.000000000000000000e+00 8.463318427523708332e-02
2.300787091161197168e+03 1.000000000000000000e+00 8.896078633740807373e-02
2.301316712433049361e+03 1.000000000000000000e+00 1.399516843767020791e-01
2.301847421222913908e+03 1.000000000000000000e+00 2.305697262907630551e-01
2.302376770615263013e+03 1.000000000000000000e+00 2.029664433929474487e-01
2.302907751284630649e+03 1.000000000000000000e+00 1.260349840465068150e-01
2.303437372556482842e+03 1.000000000000000000e+00 8.499859797246799020e-02
2.303968896984856201e+03 1.000000000000000000e+00 8.577409268635524664e-02
2.304498790136211483e+03 1.000000000000000000e+00 8.863339660915442453e-02
2.305028955167069853e+03 1.000000000000000000e+00 8.299858397919047948e-02
2.305560479595443212e+03 1.000000000000000000e+00 8.097953779341260372e-02
2.306090644626301128e+03 1.000000000000000000e+00 8.146916648283639151e-02
2.306622440934177575e+03 1.000000000000000000e+00 8.037773507268976270e-02
2.307153149724042578e+03 1.000000000000000000e+00 7.794373549615607466e-02
2.307685217911421660e+03 1.000000000000000000e+00 7.827812056609945168e-02
2.308216198580788841e+03 1.000000000000000000e+00 8.129057449299835481e-02
2.308747179250156023e+03 1.000000000000000000e+00 1.028797666520717830e-01
2.309279519317038648e+03 1.000000000000000000e+00 1.226402798022118157e-01
2.309810771865908919e+03 1.000000000000000000e+00 1.424330097051553778e-01
2.310343383812294633e+03 1.000000000000000000e+00 1.170820086775997693e-01
2.310874908240667992e+03 1.000000000000000000e+00 1.015721989748137738e-01
2.311407792066555885e+03 1.000000000000000000e+00 9.650799565417490788e-02
2.311939588374432333e+03 1.000000000000000000e+00 1.075455991244866072e-01
2.312471384682308781e+03 1.000000000000000000e+00 1.583048086954840228e-01
2.313004540387699763e+03 1.000000000000000000e+00 1.645832897765558689e-01
2.313536880454582388e+03 1.000000000000000000e+00 1.198405096120894325e-01
2.314070308039476913e+03 1.000000000000000000e+00 8.213525029081311657e-02
2.314602648106359084e+03 1.000000000000000000e+00 7.873104596542659928e-02
2.315136347570756698e+03 1.000000000000000000e+00 7.696678888778764327e-02
2.315668959517141957e+03 1.000000000000000000e+00 7.606153190209363757e-02
2.316201843343030305e+03 1.000000000000000000e+00 7.858229183100443049e-02
2.316735814686930553e+03 1.000000000000000000e+00 8.144500895484241276e-02
2.317268698512819356e+03 1.000000000000000000e+00 8.271897695198762723e-02
2.317802941736222692e+03 1.000000000000000000e+00 7.888498181872420634e-02
2.318336097441613674e+03 1.000000000000000000e+00 7.866548341325564631e-02
2.318870884424023188e+03 1.000000000000000000e+00 8.048152534615635179e-02
2.319404312008917714e+03 1.000000000000000000e+00 7.491394406777311665e-02
2.319938011473314873e+03 1.000000000000000000e+00 7.955848529404126179e-02
2.320473070335227476e+03 1.000000000000000000e+00 7.923270559272209412e-02
2.321006769799624635e+03 1.000000000000000000e+00 8.339011794804199185e-02
2.321541828661536783e+03 1.000000000000000000e+00 9.765177216303354280e-02
2.322076071884940575e+03 1.000000000000000000e+00 1.097070981322319783e-01
2.322611402626355812e+03 1.000000000000000000e+00 9.657825249151334723e-02
2.323145917729262692e+03 1.000000000000000000e+00 8.297762055380149271e-02
2.323680432832168663e+03 1.000000000000000000e+00 8.311727517384956410e-02
2.324216035453087443e+03 1.000000000000000000e+00 1.128715162350060752e-01
2.324750822435496502e+03 1.000000000000000000e+00 1.291876129696377939e-01
2.325286968815421005e+03 1.000000000000000000e+00 1.120131131055550067e-01
2.325821483918326976e+03 1.000000000000000000e+00 8.337597078955924501e-02
2.326357902177754568e+03 1.000000000000000000e+00 8.320380301857129013e-02
2.326893232919170259e+03 1.000000000000000000e+00 8.347821859908002851e-02
2.327428563660585496e+03 1.000000000000000000e+00 8.093507881188538589e-02
2.327965253799515722e+03 1.000000000000000000e+00 8.193936442506265239e-02
2.328500856420434502e+03 1.000000000000000000e+00 8.180110211122941510e-02
2.329037818438867816e+03 1.000000000000000000e+00 8.225201808278290172e-02
2.329573421059786142e+03 1.000000000000000000e+00 8.078716169879525399e-02
2.330110654957722545e+03 1.000000000000000000e+00 8.056517406363360168e-02
2.330646801337647048e+03 1.000000000000000000e+00 8.068030941402860867e-02
2.331182947717571551e+03 1.000000000000000000e+00 8.191243403560631575e-02
2.331720453495010588e+03 1.000000000000000000e+00 8.299125369498810967e-02
2.332256871754438180e+03 1.000000000000000000e+00 8.427769061040890630e-02
2.332794649411380760e+03 1.000000000000000000e+00 7.872333095612836507e-02
2.333331339550311441e+03 1.000000000000000000e+00 8.090296216377035332e-02
2.333869389086756655e+03 1.000000000000000000e+00 8.229598377789079655e-02
2.334406351105189970e+03 1.000000000000000000e+00 8.277804366650221013e-02
2.334944672521138273e+03 1.000000000000000000e+00 8.844624017808033756e-02
2.335481906419075131e+03 1.000000000000000000e+00 9.490741928379357872e-02
2.336018868437508445e+03 1.000000000000000000e+00 9.167692333535319704e-02
2.336557733612462926e+03 1.000000000000000000e+00 8.381878588106135564e-02
2.337095239389902417e+03 1.000000000000000000e+00 8.633695344644226610e-02
2.337634376444359532e+03 1.000000000000000000e+00 1.019017495893001640e-01
2.338171882221799478e+03 1.000000000000000000e+00 9.922457071899028203e-02
2.338711291155759682e+03 1.000000000000000000e+00 8.758105616687536510e-02
2.339249068812702262e+03 1.000000000000000000e+00 8.150937751107736884e-02
2.339787390228650565e+03 1.000000000000000000e+00 7.911573293542503715e-02
2.340326799162611223e+03 1.000000000000000000e+00 8.229571883833902701e-02
2.340865392458062615e+03 1.000000000000000000e+00 9.148801893336061530e-02
2.341405073271525907e+03 1.000000000000000000e+00 8.946460017080822003e-02
2.341943666566977299e+03 1.000000000000000000e+00 9.842335277224290024e-02
2.342483891139446769e+03 1.000000000000000000e+00 1.088041128122600176e-01
2.343022484434898161e+03 1.000000000000000000e+00 1.163958738816036897e-01
2.343561621489355730e+03 1.000000000000000000e+00 1.245886198782666515e-01
2.344102117941328288e+03 1.000000000000000000e+00 1.362807681271730742e-01
2.344641254995785857e+03 1.000000000000000000e+00 1.421748276497649399e-01
2.345181751447758415e+03 1.000000000000000000e+00 1.492165590593127755e-01
2.345721432261221707e+03 1.000000000000000000e+00 1.621391237367955096e-01
2.346262472472200443e+03 1.000000000000000000e+00 1.625330537635010508e-01
2.346801881406161101e+03 1.000000000000000000e+00 1.702445727736967285e-01
2.347342105978630116e+03 1.000000000000000000e+00 1.534938601936934599e-01
2.347883418069111485e+03 1.000000000000000000e+00 1.472930762712430230e-01
2.348423370762078321e+03 1.000000000000000000e+00 1.433206498447720245e-01
2.348965226611565413e+03 1.000000000000000000e+00 1.296744371549741481e-01
2.349505451184035337e+03 1.000000000000000000e+00 1.181179952962404800e-01
2.350047035154019795e+03 1.000000000000000000e+00 1.069075266032712829e-01
2.350587803485494987e+03 1.000000000000000000e+00 9.677459952584020753e-02
2.351128571816970634e+03 1.000000000000000000e+00 1.040719053609567429e-01
2.351670699545961270e+03 1.000000000000000000e+00 1.232594629442691631e-01
2.352211739756939551e+03 1.000000000000000000e+00 1.420178363475167460e-01
2.352754139365433275e+03 1.000000000000000000e+00 1.404289053934320852e-01
2.353295179576412011e+03 1.000000000000000000e+00 1.533969791033049368e-01
2.353837851064407914e+03 1.000000000000000000e+00 1.654986627301481827e-01
2.354379706913895916e+03 1.000000000000000000e+00 1.609777249028366275e-01
2.354921290883880374e+03 1.000000000000000000e+00 1.642803247149645929e-01
2.355464234251379821e+03 1.000000000000000000e+00 1.472771306577046746e-01
2.356006090100867368e+03 1.000000000000000000e+00 1.481782556905953674e-01
2.356549305347869449e+03 1.000000000000000000e+00 1.557112289353494716e-01
2.357091433076860540e+03 1.000000000000000000e+00 1.349599778769730030e-01
2.357634920203365709e+03 1.000000000000000000e+00 1.508829514678848849e-01
2.358177319811858979e+03 1.000000000000000000e+00 1.333558637674110703e-01
2.358719719420352703e+03 1.000000000000000000e+00 1.204548136944619818e-01
2.359263750305864505e+03 1.000000000000000000e+00 1.280135605488660067e-01
2.359806421793860864e+03 1.000000000000000000e+00 1.157081394856608186e-01
2.360350452679372211e+03 1.000000000000000000e+00 1.156426928569900120e-01
2.360893667926374746e+03 1.000000000000000000e+00 1.201815527830270985e-01
2.361437970691389182e+03 1.000000000000000000e+00 1.024626689565704685e-01
2.361981457817894807e+03 1.000000000000000000e+00 1.014646120974401905e-01
2.362524944944400431e+03 1.000000000000000000e+00 1.014340153332357192e-01
2.363069247709414867e+03 1.000000000000000000e+00 8.843834416349509453e-02
2.363613006715423580e+03 1.000000000000000000e+00 9.191375250293010168e-02
2.364158125118947282e+03 1.000000000000000000e+00 8.961533922323250412e-02
2.364701884124955996e+03 1.000000000000000000e+00 8.637746612607838381e-02
2.365247274407982331e+03 1.000000000000000000e+00 8.527580009498365865e-02
2.365791305293493679e+03 1.000000000000000000e+00 9.993186839584460024e-02
2.366335608058508569e+03 1.000000000000000000e+00 9.289239046184719073e-02
2.366881270221037994e+03 1.000000000000000000e+00 8.256849807506738692e-02
2.367425844865555518e+03 1.000000000000000000e+00 9.049393368475013022e-02
2.367971778907588032e+03 1.000000000000000000e+00 9.368432608389332117e-02
2.368516625431608645e+03 1.000000000000000000e+00 8.681209764140108975e-02
2.369062559473641159e+03 1.000000000000000000e+00 8.373286569820381775e-02
2.369607677877164861e+03 1.000000000000000000e+00 8.241454769645872869e-02
2.370152796280688108e+03 1.000000000000000000e+00 8.156773051560405052e-02
2.370699545961229887e+03 1.000000000000000000e+00 8.020340193356503833e-02
2.371244936244256223e+03 1.000000000000000000e+00 8.264546739537229070e-02
2.371791685924798003e+03 1.000000000000000000e+00 8.096922888556559728e-02
2.372337076207824339e+03 1.000000000000000000e+00 8.254377335191197262e-02
2.372884369647372296e+03 1.000000000000000000e+00 8.182235350729893941e-02
2.373430031809901720e+03 1.000000000000000000e+00 8.311062709928641878e-02
2.373976237731437323e+03 1.000000000000000000e+00 8.376914586418203468e-02
2.374523531170985279e+03 1.000000000000000000e+00 8.281838902013549664e-02
2.375069737092520882e+03 1.000000000000000000e+00 7.884266737876910458e-02
2.375617574291074106e+03 1.000000000000000000e+00 7.985456361971565720e-02
2.376164052092112797e+03 1.000000000000000000e+00 8.574063375701199141e-02
2.376711889290666022e+03 1.000000000000000000e+00 8.560447105573835980e-02
2.377258638971207802e+03 1.000000000000000000e+00 8.287566958944950213e-02
2.377807019928767659e+03 1.000000000000000000e+00 8.313257976994481435e-02
2.378353769609308983e+03 1.000000000000000000e+00 8.153594901173778775e-02
2.378901063048856486e+03 1.000000000000000000e+00 8.408499182012146855e-02
2.379449715885918977e+03 1.000000000000000000e+00 8.466143759181804507e-02
2.379997009325466934e+03 1.000000000000000000e+00 8.478807744937001678e-02
2.380545934042032513e+03 1.000000000000000000e+00 8.169372144810269076e-02
2.381093499361083104e+03 1.000000000000000000e+00 9.536971244531426695e-02
2.381642695957151773e+03 1.000000000000000000e+00 1.424943223945920046e-01
2.382190533155704998e+03 1.000000000000000000e+00 1.944469152408131174e-01
2.382738370354259132e+03 1.000000000000000000e+00 2.737041849517700687e-01
2.383288110709333523e+03 1.000000000000000000e+00 1.617210457179066307e-01
2.383836219787389837e+03 1.000000000000000000e+00 2.194589726516640582e-01
2.384385960142464683e+03 1.000000000000000000e+00 2.323326077599743300e-01
2.384934341100024540e+03 1.000000000000000000e+00 1.753109101793895730e-01
2.385484353334602019e+03 1.000000000000000000e+00 1.087532710413929432e-01
2.386033006171664510e+03 1.000000000000000000e+00 1.370743257735398124e-01
2.386582202767733179e+03 1.000000000000000000e+00 2.384208320982939555e-01
2.387132215002311113e+03 1.000000000000000000e+00 2.495491354610489543e-01
2.387681683477882416e+03 1.000000000000000000e+00 1.842869379064167035e-01
2.388231967591963439e+03 1.000000000000000000e+00 1.053257318714791169e-01
2.388781707947037830e+03 1.000000000000000000e+00 8.554152853153211555e-02
2.389332263940621488e+03 1.000000000000000000e+00 8.550350576365092770e-02
2.389882276175199422e+03 1.000000000000000000e+00 1.115608669892025062e-01
2.390431744650770725e+03 1.000000000000000000e+00 1.603007596175074490e-01
2.390983116282863193e+03 1.000000000000000000e+00 1.495740888619413178e-01
2.391533128517441128e+03 1.000000000000000000e+00 1.013501622058367579e-01
2.392084500149533596e+03 1.000000000000000000e+00 8.173635238816003012e-02
2.392635056143117254e+03 1.000000000000000000e+00 8.445069784371500576e-02
2.393186699654712811e+03 1.000000000000000000e+00 8.625954370807664695e-02
2.393737255648296923e+03 1.000000000000000000e+00 8.297260860065315546e-02
2.394288083521383214e+03 1.000000000000000000e+00 8.067229926736881052e-02
2.394839998912481860e+03 1.000000000000000000e+00 8.233721553488727862e-02
2.395390826785568152e+03 1.000000000000000000e+00 8.747664451559560017e-02
2.395943557815176518e+03 1.000000000000000000e+00 9.607728744009115529e-02
2.396494385688262810e+03 1.000000000000000000e+00 8.322132103912367740e-02
2.397047116717870267e+03 1.000000000000000000e+00 8.037048341664107531e-02
2.397598488349963191e+03 1.000000000000000000e+00 8.087146492208345527e-02
2.398150131861559203e+03 1.000000000000000000e+00 8.062900738233792775e-02
2.398703134770669749e+03 1.000000000000000000e+00 8.242954284801469467e-02
2.399254778282265306e+03 1.000000000000000000e+00 1.330489906857867943e-01
2.399808053070878941e+03 1.000000000000000000e+00 2.970542546896964287e-01
2.400360240341480221e+03 1.000000000000000000e+00 3.949840953296693269e-01
2.400913787009596945e+03 1.000000000000000000e+00 3.306349829147947061e-01
2.401466246159702223e+03 1.000000000000000000e+00 1.775146767839672068e-01
2.402018433430303503e+03 1.000000000000000000e+00 1.382737845202650362e-01
2.402572251977923315e+03 1.000000000000000000e+00 2.006426521974122024e-01
2.403125254887033861e+03 1.000000000000000000e+00 2.063848185732798657e-01
2.403679345314156762e+03 1.000000000000000000e+00 1.459769567975897075e-01
2.404232348223267309e+03 1.000000000000000000e+00 9.086585760667757750e-02
2.404786710529893298e+03 1.000000000000000000e+00 8.396510654496834591e-02
2.405339985318506933e+03 1.000000000000000000e+00 9.148196236136424409e-02
2.405893260107120568e+03 1.000000000000000000e+00 1.035942741980842713e-01
2.406447894293249192e+03 1.000000000000000000e+00 1.332063386889000001e-01
2.407001440961365461e+03 1.000000000000000000e+00 1.419530005760755997e-01
2.407556618906500717e+03 1.000000000000000000e+00 1.037150905800122008e-01
2.408110437454120529e+03 1.000000000000000000e+00 9.735105492205163580e-02
2.408665887278757964e+03 1.000000000000000000e+00 8.107389068872869475e-02
2.409219977705880865e+03 1.000000000000000000e+00 8.665265105897407283e-02
2.409774340012506400e+03 1.000000000000000000e+00 8.869754586613012859e-02
2.410330061716646924e+03 1.000000000000000000e+00 1.023452482877337949e-01
2.410884424023272913e+03 1.000000000000000000e+00 1.686718067749414240e-01
2.411440417606916526e+03 1.000000000000000000e+00 2.207714733153409714e-01
2.411995323672548238e+03 1.000000000000000000e+00 1.622957941420778705e-01
2.412551045376688762e+03 1.000000000000000000e+00 1.070498629453379147e-01
2.413106223321824018e+03 1.000000000000000000e+00 1.032983905891352583e-01
2.413661401266958364e+03 1.000000000000000000e+00 8.597668091014842862e-02
2.414217938609608154e+03 1.000000000000000000e+00 8.519049304970041647e-02
2.414773388434246044e+03 1.000000000000000000e+00 8.675256569420330965e-02
2.415330197656398468e+03 1.000000000000000000e+00 1.125749455755119532e-01
2.415885919360539447e+03 1.000000000000000000e+00 2.321208089377876371e-01
2.416443000462194959e+03 1.000000000000000000e+00 3.318720110066680773e-01
2.416998994045838572e+03 1.000000000000000000e+00 2.253460969301318284e-01
2.417554987629482639e+03 1.000000000000000000e+00 1.248368739058162424e-01
2.418112612490144329e+03 1.000000000000000000e+00 8.974440382400522553e-02
2.418668606073787942e+03 1.000000000000000000e+00 8.538301499620928880e-02
2.419226230934450086e+03 1.000000000000000000e+00 8.632566218693230042e-02
2.419783040156602510e+03 1.000000000000000000e+00 9.275822425913647640e-02
2.420340936896767289e+03 1.000000000000000000e+00 1.251286558699184481e-01
2.420897746118920168e+03 1.000000000000000000e+00 1.925312550365674280e-01
2.421455914738587580e+03 1.000000000000000000e+00 1.759209687578627279e-01
2.422012995840243548e+03 1.000000000000000000e+00 1.129772719030404660e-01
2.422570348821402149e+03 1.000000000000000000e+00 9.193317399573204540e-02
2.423129061200076194e+03 1.000000000000000000e+00 9.474736265698055493e-02
2.423686414181234795e+03 1.000000000000000000e+00 8.880863308619436902e-02
2.424245126559908385e+03 1.000000000000000000e+00 8.722489321722262656e-02
2.424803023300073164e+03 1.000000000000000000e+00 1.953207947088324292e-01
2.425362279437753386e+03 1.000000000000000000e+00 3.061051483912449189e-01
2.425919904298414622e+03 1.000000000000000000e+00 3.606136823062639496e-01
2.426478072918082489e+03 1.000000000000000000e+00 1.750093101147723318e-01
2.427037600935265345e+03 1.000000000000000000e+00 1.199298929472582126e-01
2.427595769554933213e+03 1.000000000000000000e+00 9.273140639732518897e-02
2.428155841331121792e+03 1.000000000000000000e+00 9.379744389095973078e-02
2.428714553709795837e+03 1.000000000000000000e+00 8.802124528081256560e-02
2.429274353606481327e+03 1.000000000000000000e+00 8.714841248817555008e-02
2.429833337864658461e+03 1.000000000000000000e+00 9.047017328497861111e-02
2.430392322122835139e+03 1.000000000000000000e+00 8.859272110037685888e-02
2.430952665778526807e+03 1.000000000000000000e+00 8.875491455757997250e-02
2.431511921916206575e+03 1.000000000000000000e+00 1.630468196535393988e-01
2.432072537451401786e+03 1.000000000000000000e+00 2.161109526247304014e-01
2.432632065468584187e+03 1.000000000000000000e+00 1.515384390521695990e-01
2.433192952883282032e+03 1.000000000000000000e+00 9.769532537245767534e-02
2.433752752779967523e+03 1.000000000000000000e+00 8.418227089621781178e-02
2.434312824556157011e+03 1.000000000000000000e+00 8.612384032067592343e-02
2.434873983850357035e+03 1.000000000000000000e+00 1.032021918994649873e-01
2.435434327506049613e+03 1.000000000000000000e+00 2.063174696658200413e-01
2.435995758679752726e+03 1.000000000000000000e+00 3.862156505279676355e-01
2.436556102335444848e+03 1.000000000000000000e+00 2.468859830921087961e-01
2.437118077268154593e+03 1.000000000000000000e+00 1.281971588186140432e-01
2.437678692803349350e+03 1.000000000000000000e+00 9.429967166000149947e-02
2.438239580218047195e+03 1.000000000000000000e+00 8.391928221838951263e-02
2.438801827030260029e+03 1.000000000000000000e+00 8.665684896792440195e-02
2.439362986324460962e+03 1.000000000000000000e+00 9.416285591626356866e-02
2.439925233136673796e+03 1.000000000000000000e+00 9.652206923675434036e-02
2.440486664310377364e+03 1.000000000000000000e+00 8.929477217740151851e-02
2.441049454881596830e+03 1.000000000000000000e+00 8.843373976181255480e-02
2.441610886055299943e+03 1.000000000000000000e+00 9.201220403408265358e-02
2.442172860988010143e+03 1.000000000000000000e+00 1.016509923777730862e-01
2.442735923438731788e+03 1.000000000000000000e+00 9.908766480847837343e-02
2.443297626491938445e+03 1.000000000000000000e+00 1.033337303924719286e-01
2.443861232701666268e+03 1.000000000000000000e+00 1.616743462260229469e-01
2.444423479513879556e+03 1.000000000000000000e+00 1.801094032570114412e-01
2.444987085723606924e+03 1.000000000000000000e+00 1.408863796664276691e-01
2.445549604415323302e+03 1.000000000000000000e+00 9.647415426817891604e-02
2.446112123107038769e+03 1.000000000000000000e+00 9.177952971857744613e-02
2.446676273075772770e+03 1.000000000000000000e+00 1.042700158904016072e-01
2.447239063646991781e+03 1.000000000000000000e+00 1.847504296715731242e-01
2.447803485495228415e+03 1.000000000000000000e+00 2.535819765196216657e-01
2.448366547945950060e+03 1.000000000000000000e+00 1.944434991178346228e-01
2.448930969794187149e+03 1.000000000000000000e+00 1.044437824566895462e-01
2.449494304124412338e+03 1.000000000000000000e+00 8.395242914731712580e-02
2.450058182213642795e+03 1.000000000000000000e+00 8.004657296814017553e-02
2.450622875941382972e+03 1.000000000000000000e+00 7.937254450497717440e-02
2.451186754030613429e+03 1.000000000000000000e+00 8.336921162288392362e-02
2.451751991517359784e+03 1.000000000000000000e+00 7.684193433337162260e-02
2.452315869606590240e+03 1.000000000000000000e+00 8.057461311638328127e-02
2.452881378972838775e+03 1.000000000000000000e+00 8.649580121783030651e-02
2.453445800821075863e+03 1.000000000000000000e+00 8.416755844504519857e-02
2.454010222669312498e+03 1.000000000000000000e+00 7.993387316659161801e-02
2.454576003915064575e+03 1.000000000000000000e+00 7.936240985469134035e-02
2.455140697642804753e+03 1.000000000000000000e+00 8.505554387567572372e-02
2.455706750768059464e+03 1.000000000000000000e+00 8.502637995117698355e-02
2.456271716375302276e+03 1.000000000000000000e+00 8.460518289030434513e-02
2.456838313259563165e+03 1.000000000000000000e+00 9.309930092777068955e-02
2.457403278866806431e+03 1.000000000000000000e+00 1.256019831418904165e-01
2.457968516353552332e+03 1.000000000000000000e+00 1.367325399002379815e-01
2.458535385117315855e+03 1.000000000000000000e+00 1.018901512541811050e-01
2.459100894483564844e+03 1.000000000000000000e+00 9.224587657923194461e-02
2.459668035126831910e+03 1.000000000000000000e+00 8.987407156934978936e-02
2.460233816372583988e+03 1.000000000000000000e+00 1.199972081361287968e-01
2.460801228895353688e+03 1.000000000000000000e+00 1.716962699524379465e-01
2.461367282020608400e+03 1.000000000000000000e+00 1.442667505329410516e-01
2.461933607025366200e+03 1.000000000000000000e+00 9.987297930788967271e-02
2.462501291427638989e+03 1.000000000000000000e+00 8.706244986064334834e-02
2.463067888311899878e+03 1.000000000000000000e+00 8.905780572546861951e-02
2.463635844593675756e+03 1.000000000000000000e+00 8.568679311515298158e-02
2.464202713357440189e+03 1.000000000000000000e+00 8.588907255123814921e-02
2.464770941518719155e+03 1.000000000000000000e+00 9.249278507130789806e-02
2.465337810282482678e+03 1.000000000000000000e+00 8.897863249844281675e-02
2.465906582202767822e+03 1.000000000000000000e+00 9.236419777332366410e-02
2.466473722846034434e+03 1.000000000000000000e+00 9.764774216159360920e-02
2.467040863489301046e+03 1.000000000000000000e+00 9.534948715644667172e-02
2.467609907289089278e+03 1.000000000000000000e+00 8.704761927355617046e-02
2.468177591691362068e+03 1.000000000000000000e+00 8.392806835587991732e-02
2.468746907370653389e+03 1.000000000000000000e+00 8.608676271443035932e-02
2.469314863652429267e+03 1.000000000000000000e+00 8.783139236016856977e-02
2.469883907452217045e+03 1.000000000000000000e+00 8.573306073835641750e-02
2.470452135613496012e+03 1.000000000000000000e+00 8.659633691530881083e-02
2.471020635654278067e+03 1.000000000000000000e+00 8.785672341846695321e-02
2.471590495092574656e+03 1.000000000000000000e+00 9.064152723521477772e-02
2.472159267012859800e+03 1.000000000000000000e+00 1.105642442867383751e-01
2.472729126451156844e+03 1.000000000000000000e+00 1.170351979659629699e-01
2.473297898371441534e+03 1.000000000000000000e+00 9.898605119250629414e-02
2.473868301568744755e+03 1.000000000000000000e+00 8.542619231384100675e-02
2.474437617248035622e+03 1.000000000000000000e+00 9.536463936598263413e-02
2.475006661047823400e+03 1.000000000000000000e+00 1.255885592862324707e-01
2.475577336124629710e+03 1.000000000000000000e+00 1.293699159962645728e-01
2.476146923683423211e+03 1.000000000000000000e+00 1.075732599962559016e-01
2.476717870639732155e+03 1.000000000000000000e+00 8.717496818330097708e-02
2.477287730078029199e+03 1.000000000000000000e+00 8.742596155135518021e-02
2.477858948913841232e+03 1.000000000000000000e+00 8.298298541727699984e-02
2.478428808352138276e+03 1.000000000000000000e+00 8.290180964334177560e-02
2.478999211549441043e+03 1.000000000000000000e+00 8.539249449224871336e-02
2.479570702264756164e+03 1.000000000000000000e+00 9.133903159113090919e-02
2.480141105462059386e+03 1.000000000000000000e+00 8.979940992810322986e-02
2.480713139936380230e+03 1.000000000000000000e+00 8.348717647374803708e-02
2.481283815013186086e+03 1.000000000000000000e+00 8.555230536818864140e-02
2.481856121367010019e+03 1.000000000000000000e+00 8.396563518435916362e-02
2.482426796443815874e+03 1.000000000000000000e+00 8.945582816953763505e-02
2.482998015279627907e+03 1.000000000000000000e+00 8.484722847453039785e-02
2.483570593512954929e+03 1.000000000000000000e+00 9.152699726789910450e-02
2.484141812348766962e+03 1.000000000000000000e+00 9.277384913981276404e-02
2.484714662461597072e+03 1.000000000000000000e+00 9.675418035731563060e-02
2.485286425056414828e+03 1.000000000000000000e+00 8.643110323256680827e-02
2.485859275169244938e+03 1.000000000000000000e+00 8.131869997777474435e-02
2.486431309643566237e+03 1.000000000000000000e+00 8.471494435861626204e-02
2.487003344117887082e+03 1.000000000000000000e+00 8.193933459115801399e-02
2.487577009869226004e+03 1.000000000000000000e+00 8.762211049154605691e-02
2.488149044343546848e+03 1.000000000000000000e+00 9.592916463037987063e-02
2.488722710094886224e+03 1.000000000000000000e+00 1.118624171188212640e-01
2.489295288328212791e+03 1.000000000000000000e+00 1.152687516907227733e-01
2.489869225959054802e+03 1.000000000000000000e+00 1.063288476887992856e-01
2.490442347951387546e+03 1.000000000000000000e+00 1.019956058483798417e-01
2.491015198064217657e+03 1.000000000000000000e+00 1.086784217748058279e-01
2.491589407574563211e+03 1.000000000000000000e+00 1.084459079981645313e-01
2.492162801446399044e+03 1.000000000000000000e+00 9.394799049674204539e-02
2.492737282836246777e+03 1.000000000000000000e+00 8.512165309331748420e-02
2.493310676708083065e+03 1.000000000000000000e+00 8.563048977990234123e-02
2.493885973736440064e+03 1.000000000000000000e+00 8.553115564687747974e-02
2.494459367608275898e+03 1.000000000000000000e+00 8.891523675355512968e-02
2.495033305239117908e+03 1.000000000000000000e+00 8.969267231513783356e-02
2.495608874146977996e+03 1.000000000000000000e+00 8.863244215543880644e-02
2.496182811777819552e+03 1.000000000000000000e+00 8.600273151158474572e-02
2.496758380685679640e+03 1.000000000000000000e+00 8.641388576540001698e-02
2.497332590196025194e+03 1.000000000000000000e+00 8.732217897515191785e-02
2.497908702862891460e+03 1.000000000000000000e+00 8.558228701623576962e-02
2.498483456132242281e+03 1.000000000000000000e+00 8.080102393667852601e-02
2.499057937522090015e+03 1.000000000000000000e+00 8.780806420583289751e-02
2.499634322068459369e+03 1.000000000000000000e+00 8.626946275796723573e-02
2.500209619096816368e+03 1.000000000000000000e+00 8.501562509232825360e-02
2.500786003643185268e+03 1.000000000000000000e+00 8.780131931825238545e-02
2.501361300671542267e+03 1.000000000000000000e+00 8.328635323191027617e-02
2.501938228976917344e+03 1.000000000000000000e+00 8.288438414888468775e-02
2.502513526005274798e+03 1.000000000000000000e+00 8.404890134208931052e-02
2.503089366792637065e+03 1.000000000000000000e+00 8.462864542235999654e-02
2.503666566977515686e+03 1.000000000000000000e+00 8.451303399119061699e-02
2.504242407764878408e+03 1.000000000000000000e+00 8.087936443714470458e-02
2.504820151708762296e+03 1.000000000000000000e+00 8.652776095495635922e-02
2.505396264375628562e+03 1.000000000000000000e+00 8.689251958843732804e-02
2.505974008319512905e+03 1.000000000000000000e+00 9.715831344739264686e-02
2.506550392865881804e+03 1.000000000000000000e+00 9.906819046373248339e-02
2.507127049291753792e+03 1.000000000000000000e+00 9.262883515069120222e-02
2.507705336994643858e+03 1.000000000000000000e+00 9.171051348490173727e-02
2.508282265300018935e+03 1.000000000000000000e+00 1.026175577330480787e-01
2.508860553002909000e+03 1.000000000000000000e+00 1.034666300895207003e-01
2.509437753187787166e+03 1.000000000000000000e+00 9.727151859682087176e-02
2.510016312770180321e+03 1.000000000000000000e+00 9.884284416496685877e-02
2.510593784834561120e+03 1.000000000000000000e+00 8.748638768334081328e-02
2.511172888175959997e+03 1.000000000000000000e+00 9.332795772410731883e-02
2.511750360240341251e+03 1.000000000000000000e+00 8.550501925029195538e-02
2.512328376063728228e+03 1.000000000000000000e+00 8.365597828503475164e-02
2.512907751284630649e+03 1.000000000000000000e+00 8.908253290704004623e-02
2.513485767108017626e+03 1.000000000000000000e+00 8.784640233667526110e-02
2.514065142328919592e+03 1.000000000000000000e+00 9.021291436308268019e-02
2.514643430031810112e+03 1.000000000000000000e+00 9.470032542878580040e-02
2.515223349011717801e+03 1.000000000000000000e+00 9.732695058561462165e-02
2.515802180473614044e+03 1.000000000000000000e+00 9.819599960516718629e-02
2.516381011935510287e+03 1.000000000000000000e+00 9.608821437478208549e-02
2.516961202794921064e+03 1.000000000000000000e+00 8.951800498583381560e-02
2.517540306136319941e+03 1.000000000000000000e+00 8.828395541859565543e-02
2.518120496995731173e+03 1.000000000000000000e+00 9.022162385435292253e-02
2.518699872216633594e+03 1.000000000000000000e+00 8.757386266734205893e-02
2.519280878714553637e+03 1.000000000000000000e+00 9.145663014755668618e-02
2.519860525814959146e+03 1.000000000000000000e+00 8.437585933821240003e-02
2.520440172915363746e+03 1.000000000000000000e+00 8.678150333445530662e-02
2.521021179413283789e+03 1.000000000000000000e+00 8.726149826190826575e-02
2.521601098393191933e+03 1.000000000000000000e+00 8.757106566148076254e-02
2.522182648650118153e+03 1.000000000000000000e+00 8.843996522759806078e-02
2.522763111389032474e+03 1.000000000000000000e+00 8.647114081134191221e-02
2.523344661645958240e+03 1.000000000000000000e+00 9.441957394423701466e-02
2.523925124384872561e+03 1.000000000000000000e+00 8.913149165072987989e-02
2.524505859003289515e+03 1.000000000000000000e+00 8.954667346079968338e-02
2.525087953019221914e+03 1.000000000000000000e+00 1.043506404973124635e-01
2.525668687637638868e+03 1.000000000000000000e+00 1.057752860177982313e-01
2.526251325412576989e+03 1.000000000000000000e+00 9.397455325488328348e-02
2.526832331910497032e+03 1.000000000000000000e+00 1.010980533737043802e-01
2.527414969685435153e+03 1.000000000000000000e+00 1.090830388424722103e-01
2.527996519942361374e+03 1.000000000000000000e+00 1.051465553833426242e-01
2.528578070199287595e+03 1.000000000000000000e+00 1.011351849436082639e-01
2.529161251733231893e+03 1.000000000000000000e+00 9.874491874227418753e-02
2.529742801990158114e+03 1.000000000000000000e+00 1.235394815612679692e-01
2.530326255403605046e+03 1.000000000000000000e+00 2.374518724394161784e-01
2.530908621299040078e+03 1.000000000000000000e+00 4.072618428004318725e-01
2.531492074712487465e+03 1.000000000000000000e+00 1.518973336665848661e+00
2.532074440607922497e+03 1.000000000000000000e+00 1.519403684239741370e+00
2.532656806503357529e+03 1.000000000000000000e+00 1.519832804765952838e+00
2.533241075555313728e+03 1.000000000000000000e+00 1.520263812465286746e+00
2.533823713330251849e+03 1.000000000000000000e+00 2.523846633477958568e-01
2.534407982382208047e+03 1.000000000000000000e+00 2.014776121115858798e-01
2.534990892036649257e+03 1.000000000000000000e+00 3.819731336367821473e-01
2.535575704847611632e+03 1.000000000000000000e+00 5.080770320116442251e-01
2.536158886381555476e+03 1.000000000000000000e+00 3.087456843395809392e-01
2.536742339795002863e+03 1.000000000000000000e+00 1.570445937907938294e-01
2.537327424485467873e+03 1.000000000000000000e+00 1.393357895997499318e-01
2.537910877898915260e+03 1.000000000000000000e+00 1.387380943106548969e-01
2.538496234468883358e+03 1.000000000000000000e+00 1.841985757697027493e-01
2.539080231641336468e+03 1.000000000000000000e+00 2.469073331603870436e-01
2.539665860090807655e+03 1.000000000000000000e+00 2.308326704718981492e-01
2.540250129142763853e+03 1.000000000000000000e+00 1.771037120148552246e-01
2.540834398194719597e+03 1.000000000000000000e+00 1.644302909196882212e-01
2.541420298523694328e+03 1.000000000000000000e+00 1.488816566550169584e-01
2.542004839455153160e+03 1.000000000000000000e+00 1.294392825346543929e-01
2.542591011663630525e+03 1.000000000000000000e+00 1.278062596011761975e-01
2.543176096354095989e+03 1.000000000000000000e+00 1.361570792459801116e-01
2.543762540442075988e+03 1.000000000000000000e+00 1.353389200691222649e-01
2.544347625132540998e+03 1.000000000000000000e+00 1.350687873970602415e-01
2.544933253582012640e+03 1.000000000000000000e+00 1.349066901274268981e-01
2.545519969549495272e+03 1.000000000000000000e+00 1.347890118323701591e-01
2.546105326119463825e+03 1.000000000000000000e+00 1.235992053374070504e-01
2.546692585845953090e+03 1.000000000000000000e+00 1.336574112025580852e-01
2.547278486174927366e+03 1.000000000000000000e+00 1.624949399850364185e-01
2.547866017780919719e+03 1.000000000000000000e+00 1.710929833362880848e-01
2.548451918109893541e+03 1.000000000000000000e+00 2.305197950637525584e-01
2.549038090318370905e+03 1.000000000000000000e+00 8.971507936890221746e-01
2.549625893803866347e+03 1.000000000000000000e+00 1.480798136103107066e+00
2.550212609771349435e+03 1.000000000000000000e+00 9.816322161515591560e-01
2.550800685136347511e+03 1.000000000000000000e+00 3.378155438618785644e-01
2.551387401103830598e+03 1.000000000000000000e+00 1.871639299696427061e-01
2.551975748348332218e+03 1.000000000000000000e+00 1.466291186679902492e-01
2.552563008074821028e+03 1.000000000000000000e+00 1.752125444586438985e-01
2.553151355319322192e+03 1.000000000000000000e+00 1.427787374556107047e-01
2.553738886925314546e+03 1.000000000000000000e+00 1.141737520917212173e-01
2.554326146651803356e+03 1.000000000000000000e+00 1.190292278581172453e-01
2.554915309534814241e+03 1.000000000000000000e+00 1.069789551590648313e-01
2.555503113020309684e+03 1.000000000000000000e+00 1.192669307732523581e-01
2.556092275903319660e+03 1.000000000000000000e+00 1.633746645679106935e-01
2.556680623147820825e+03 1.000000000000000000e+00 2.370956943890211444e-01
2.557270057910334344e+03 1.000000000000000000e+00 1.926363409307386143e-01
2.557858405154835054e+03 1.000000000000000000e+00 1.215339240749976901e-01
2.558446752399336674e+03 1.000000000000000000e+00 1.104521539987269457e-01
2.559036730920855916e+03 1.000000000000000000e+00 1.097224220720144777e-01
2.559625621924362804e+03 1.000000000000000000e+00 1.052138401238795623e-01
2.560215600445882046e+03 1.000000000000000000e+00 1.088137347968476526e-01
2.560804763328892932e+03 1.000000000000000000e+00 1.764062815506178827e-01
2.561395013729914353e+03 1.000000000000000000e+00 2.770276013313246466e-01
2.561984176612925239e+03 1.000000000000000000e+00 2.646614791218173668e-01
2.562573611375438304e+03 1.000000000000000000e+00 1.693274919859138750e-01
2.563164677414969447e+03 1.000000000000000000e+00 1.331061966147890074e-01
2.563754384056986055e+03 1.000000000000000000e+00 1.543467254471206640e-01
2.564345450096517197e+03 1.000000000000000000e+00 1.321899736519173973e-01
2.564935428618036440e+03 1.000000000000000000e+00 1.096464649483131493e-01
2.565527038416573305e+03 1.000000000000000000e+00 1.229844026951283503e-01
2.566117288817595636e+03 1.000000000000000000e+00 2.095015962857204594e-01
2.566707267339115333e+03 1.000000000000000000e+00 8.550204686618065875e-01
2.567299149017155287e+03 1.000000000000000000e+00 7.707784855470825036e-01
2.567889943177183795e+03 1.000000000000000000e+00 3.761229254907179076e-01
2.568482096734727293e+03 1.000000000000000000e+00 1.607331713567357045e-01
2.569073162774258435e+03 1.000000000000000000e+00 1.419226336848446735e-01
2.569665316331801932e+03 1.000000000000000000e+00 1.289366707726608274e-01
2.570256382371333075e+03 1.000000000000000000e+00 1.169457975848846448e-01
2.570847720290366851e+03 1.000000000000000000e+00 1.363294413410791883e-01
2.571440689486419615e+03 1.000000000000000000e+00 5.407008373995672024e-01
2.572032027405453846e+03 1.000000000000000000e+00 6.273481471639517082e-01
2.572625268481008789e+03 1.000000000000000000e+00 5.229013474564485620e-01
2.573217150159049197e+03 1.000000000000000000e+00 1.697645336220443557e-01
2.573810391234604595e+03 1.000000000000000000e+00 1.089682730151138035e-01
2.574402544792148092e+03 1.000000000000000000e+00 1.121956053519053281e-01
2.574994970229194223e+03 1.000000000000000000e+00 1.150718374086016627e-01
2.575588483184252709e+03 1.000000000000000000e+00 1.177217150137989388e-01
2.576181180500801929e+03 1.000000000000000000e+00 2.110073479798538210e-01
2.576775237214866593e+03 1.000000000000000000e+00 5.698368082878476626e-01
2.577367934531415358e+03 1.000000000000000000e+00 5.478362563627173776e-01
2.577962263124983110e+03 1.000000000000000000e+00 4.223275300400473053e-01
2.578555504200538053e+03 1.000000000000000000e+00 1.810506342948813019e-01
2.579148473396590362e+03 1.000000000000000000e+00 1.220624055688209197e-01
2.579743345749163836e+03 1.000000000000000000e+00 1.105201877629414520e-01
2.580336586824719234e+03 1.000000000000000000e+00 1.103322803867099189e-01
2.580932002936298431e+03 1.000000000000000000e+00 1.187755213041036956e-01
2.581525515891356918e+03 1.000000000000000000e+00 1.268428979532081335e-01
2.582120932002936570e+03 1.000000000000000000e+00 1.274983926241076149e-01
2.582714716837497690e+03 1.000000000000000000e+00 1.292304886268531017e-01
2.583309045431064987e+03 1.000000000000000000e+00 2.514175738113827996e-01
2.583904733422147274e+03 1.000000000000000000e+00 1.066621601774689010e+00
2.584499062015714571e+03 1.000000000000000000e+00 3.403787848532822125e-01
2.585095021886299492e+03 1.000000000000000000e+00 1.535257439196993923e-01
2.585689894238872967e+03 1.000000000000000000e+00 1.093698390911200108e-01
2.586286125988961885e+03 1.000000000000000000e+00 1.071921793614576957e-01
2.586881270221037994e+03 1.000000000000000000e+00 1.140795872746939582e-01
2.587476142573611014e+03 1.000000000000000000e+00 1.362596929234872467e-01
2.588072646203202567e+03 1.000000000000000000e+00 3.338054564939082480e-01
2.588668334194284853e+03 1.000000000000000000e+00 4.607475881765556447e-01
2.589265109703379039e+03 1.000000000000000000e+00 3.342304549307911765e-01
2.589860797694461780e+03 1.000000000000000000e+00 1.697776920765887432e-01
2.590458116962562144e+03 1.000000000000000000e+00 1.324823939704447284e-01
2.591053804953644430e+03 1.000000000000000000e+00 1.355810104881683686e-01
2.591650036703732894e+03 1.000000000000000000e+00 1.256374915826266314e-01
2.592247627851336347e+03 1.000000000000000000e+00 1.228251926338869565e-01
2.592843859601424356e+03 1.000000000000000000e+00 1.337635800946615494e-01
2.593441722628530897e+03 1.000000000000000000e+00 1.396840110649190669e-01
2.594038498137625083e+03 1.000000000000000000e+00 1.178440801782734831e-01
2.594636633044234713e+03 1.000000000000000000e+00 1.106022125571559378e-01
2.595233408553329355e+03 1.000000000000000000e+00 1.201820824064584042e-01
2.595830727821429718e+03 1.000000000000000000e+00 1.185113699201780640e-01
2.596429406487044616e+03 1.000000000000000000e+00 1.200633106092723335e-01
2.597026453875641891e+03 1.000000000000000000e+00 1.732804435481552496e-01
2.597625404420760333e+03 1.000000000000000000e+00 2.977430876549332917e-01
2.598222723688860697e+03 1.000000000000000000e+00 2.757876288966308320e-01
2.598822217992985316e+03 1.000000000000000000e+00 1.579981482292621975e-01
2.599420081020091857e+03 1.000000000000000000e+00 1.325736065149862308e-01
2.600019303444712932e+03 1.000000000000000000e+00 1.340831670228481431e-01
2.600617438351322562e+03 1.000000000000000000e+00 1.721827742597383804e-01
2.601215845137434826e+03 1.000000000000000000e+00 3.839797698915852209e-01
2.601815611321062079e+03 1.000000000000000000e+00 4.881868613113599098e-01
2.602414018107174797e+03 1.000000000000000000e+00 2.944975928259792042e-01
2.603014056170305594e+03 1.000000000000000000e+00 1.554533553926504275e-01
2.603613278594926669e+03 1.000000000000000000e+00 1.159633062882576005e-01
2.604213588537560099e+03 1.000000000000000000e+00 1.129166220989774178e-01
2.604812539082678541e+03 1.000000000000000000e+00 1.121041211471906079e-01
2.605411761507300071e+03 1.000000000000000000e+00 1.183185424569460908e-01
2.606012615208939224e+03 1.000000000000000000e+00 1.108273833697214633e-01
2.606612109513063388e+03 1.000000000000000000e+00 1.102573835749959680e-01
2.607213235094206084e+03 1.000000000000000000e+00 1.161413216961463130e-01
2.607813001277833791e+03 1.000000000000000000e+00 1.286086113942750964e-01
2.608414398738479122e+03 1.000000000000000000e+00 1.356699439836590859e-01
2.609014436801609463e+03 1.000000000000000000e+00 1.220964079877412262e-01
2.609614746744242893e+03 1.000000000000000000e+00 1.172651042039903474e-01
2.610216416084391312e+03 1.000000000000000000e+00 1.155456929465826232e-01
2.610816997906527376e+03 1.000000000000000000e+00 1.092833428767928383e-01
2.611418939126178884e+03 1.000000000000000000e+00 1.174605268347590492e-01
2.612019792827818947e+03 1.000000000000000000e+00 1.641416340730433854e-01
2.612622005926973088e+03 1.000000000000000000e+00 2.174915164812506463e-01
2.613222859628612241e+03 1.000000000000000000e+00 1.789447855725681269e-01
2.613823985209755392e+03 1.000000000000000000e+00 1.259947378460294087e-01
2.614427013947418345e+03 1.000000000000000000e+00 1.227929434310853496e-01
2.615028411408063675e+03 1.000000000000000000e+00 1.273195896581911513e-01
2.615631440145727538e+03 1.000000000000000000e+00 2.631358582062121587e-01
2.616233109485875502e+03 1.000000000000000000e+00 3.981727436248936880e-01
2.616836410103042454e+03 1.000000000000000000e+00 3.242517359322253379e-01
2.617438351322693961e+03 1.000000000000000000e+00 2.142111952287889254e-01
2.618040564421848558e+03 1.000000000000000000e+00 1.862582260658541822e-01
2.618644408798020777e+03 1.000000000000000000e+00 1.385162350081989291e-01
2.619246893776678462e+03 1.000000000000000000e+00 1.181584728885374524e-01
2.619850466273347593e+03 1.000000000000000000e+00 1.188622763221560547e-01
2.620453223131508366e+03 1.000000000000000000e+00 1.239778592088092157e-01
2.621057611266686763e+03 1.000000000000000000e+00 1.188338390026893593e-01
2.621660368124846627e+03 1.000000000000000000e+00 1.144930999013075712e-01
2.622263668742013579e+03 1.000000000000000000e+00 1.091243478087653707e-01
2.622868328756695064e+03 1.000000000000000000e+00 1.160207265148866657e-01
2.623471901253364194e+03 1.000000000000000000e+00 1.115995664531284765e-01
2.624076833147548768e+03 1.000000000000000000e+00 1.078589577299950697e-01
2.624680405644218354e+03 1.000000000000000000e+00 1.287610529197744380e-01
2.625285609417906016e+03 1.000000000000000000e+00 1.279201157981859072e-01
2.625889453794078236e+03 1.000000000000000000e+00 1.307683010934506673e-01
2.626493841929256632e+03 1.000000000000000000e+00 1.358683104646820072e-01
2.627099317582447384e+03 1.000000000000000000e+00 1.482151290110668429e-01
2.627703705717625780e+03 1.000000000000000000e+00 1.361851903835984978e-01
2.628309725129822255e+03 1.000000000000000000e+00 1.459440366122225774e-01
2.628914385144503740e+03 1.000000000000000000e+00 2.226758741506612294e-01
2.629520676436203303e+03 1.000000000000000000e+00 2.326412356893771127e-01
2.630125336450884788e+03 1.000000000000000000e+00 1.717638278155905474e-01
2.630730540224572451e+03 1.000000000000000000e+00 1.393944286749829731e-01
2.631337103395774648e+03 1.000000000000000000e+00 1.331889785875734755e-01
2.631942579048965399e+03 1.000000000000000000e+00 2.007214791136625043e-01
2.632549414099671139e+03 1.000000000000000000e+00 2.944556108544393869e-01
2.633155161632364525e+03 1.000000000000000000e+00 2.455252712334780041e-01
2.633762268562572899e+03 1.000000000000000000e+00 1.660760698201227403e-01
2.634368287974769373e+03 1.000000000000000000e+00 1.375465513682604113e-01
2.634974035507463213e+03 1.000000000000000000e+00 1.838823967019087846e-01
2.635581958076180399e+03 1.000000000000000000e+00 1.731408198065383375e-01
2.636187977488377328e+03 1.000000000000000000e+00 1.257411670872981280e-01
2.636795900057094514e+03 1.000000000000000000e+00 1.776591950756079841e-01
2.637402463228296710e+03 1.000000000000000000e+00 9.890406774135521162e-02
2.638011473315026706e+03 1.000000000000000000e+00 9.893889272743357222e-02
2.638617764606726269e+03 1.000000000000000000e+00 1.001492020266428196e-01
2.639224055898425831e+03 1.000000000000000000e+00 9.988421271534729529e-02
2.639833065985155372e+03 1.000000000000000000e+00 9.835566667428831400e-02
2.640439357276854480e+03 1.000000000000000000e+00 9.722684415041210615e-02
2.641048367363584475e+03 1.000000000000000000e+00 9.682111916627141046e-02
2.641657377450314016e+03 1.000000000000000000e+00 9.514073054987427780e-02
2.642266387537043556e+03 1.000000000000000000e+00 9.397692937649383682e-02
2.642872678828743119e+03 1.000000000000000000e+00 9.389693407114016455e-02
2.643481688915472660e+03 1.000000000000000000e+00 9.456322187419334557e-02
2.644090699002202200e+03 1.000000000000000000e+00 9.483297231847137576e-02
2.644699709088931286e+03 1.000000000000000000e+00 9.504934323168906518e-02
2.645308719175660826e+03 1.000000000000000000e+00 9.490983976481520701e-02
2.645917729262390822e+03 1.000000000000000000e+00 9.490452204390360802e-02
2.646529458144150794e+03 1.000000000000000000e+00 9.507974896678124399e-02
2.647138468230879880e+03 1.000000000000000000e+00 9.470774842712614827e-02
2.647747478317609421e+03 1.000000000000000000e+00 9.565561193041265120e-02
2.648356488404338961e+03 1.000000000000000000e+00 9.788737696839790170e-02
2.648965498491068502e+03 1.000000000000000000e+00 9.876936896268313781e-02
2.649577227372828020e+03 1.000000000000000000e+00 9.781587676978617529e-02
2.650186237459557560e+03 1.000000000000000000e+00 9.749302683011089321e-02
2.650797966341317533e+03 1.000000000000000000e+00 9.767631236714491294e-02
2.651406976428046619e+03 1.000000000000000000e+00 9.627412248349635771e-02
2.652018705309806592e+03 1.000000000000000000e+00 9.476482116510745457e-02
2.652627715396536132e+03 1.000000000000000000e+00 9.346609805088378076e-02
2.653239444278295650e+03 1.000000000000000000e+00 9.239239122984309327e-02
2.653851173160055168e+03 1.000000000000000000e+00 9.379644105980307345e-02
2.654460183246785164e+03 1.000000000000000000e+00 9.559910326098204625e-02
2.655074630923574205e+03 1.000000000000000000e+00 9.684966069825211299e-02
2.655683641010304200e+03 1.000000000000000000e+00 9.702024724131483313e-02
2.656295369892064173e+03 1.000000000000000000e+00 9.613303714007585821e-02
2.656907098773823691e+03 1.000000000000000000e+00 9.518587920775134492e-02
2.657518827655583209e+03 1.000000000000000000e+00 9.402632512488760808e-02
2.658133275332372250e+03 1.000000000000000000e+00 9.334603757390247392e-02
2.658742285419102245e+03 1.000000000000000000e+00 9.309781077152866346e-02
2.659356733095891741e+03 1.000000000000000000e+00 9.339522320450099890e-02
2.659968461977651259e+03 1.000000000000000000e+00 9.474218619349031312e-02
2.660580190859410777e+03 1.000000000000000000e+00 9.653910605710736004e-02
2.661194638536200273e+03 1.000000000000000000e+00 9.617713273164922583e-02
2.661806367417960246e+03 1.000000000000000000e+00 9.570915987769891553e-02
2.662420815094749742e+03 1.000000000000000000e+00 9.549984271518449641e-02
2.663032543976509260e+03 1.000000000000000000e+00 9.415950587850120679e-02
2.663646991653299210e+03 1.000000000000000000e+00 9.208502770728758946e-02
2.664258720535058728e+03 1.000000000000000000e+00 9.285406120651396034e-02
2.664873168211848224e+03 1.000000000000000000e+00 9.472675662739839242e-02
2.665487615888638175e+03 1.000000000000000000e+00 9.596680649748809411e-02
2.666099344770397693e+03 1.000000000000000000e+00 9.562218007545518483e-02
2.666713792447187643e+03 1.000000000000000000e+00 9.442539092557659941e-02
2.667328240123977139e+03 1.000000000000000000e+00 9.425295610205844388e-02
2.667942687800766180e+03 1.000000000000000000e+00 9.420415883585159245e-02
2.668557135477556130e+03 1.000000000000000000e+00 9.313422310871115328e-02
2.669171583154345626e+03 1.000000000000000000e+00 9.129115056330699973e-02
2.669786030831135577e+03 1.000000000000000000e+00 9.030526899772092775e-02
2.670400478507925072e+03 1.000000000000000000e+00 9.109048390777060855e-02
2.671014926184715023e+03 1.000000000000000000e+00 9.418316315486741086e-02
2.671629373861504519e+03 1.000000000000000000e+00 9.449703632358591454e-02
2.672246540333324447e+03 1.000000000000000000e+00 9.288920524864763273e-02
2.672860988010113488e+03 1.000000000000000000e+00 9.333161546103897754e-02
2.673478154481933416e+03 1.000000000000000000e+00 9.564668568376072377e-02
2.674092602158722912e+03 1.000000000000000000e+00 9.510019726757351632e-02
2.674707049835512862e+03 1.000000000000000000e+00 9.437384499784384762e-02
2.675324216307332790e+03 1.000000000000000000e+00 9.438836621970757290e-02
2.675941382779151809e+03 1.000000000000000000e+00 9.451338649587472107e-02
2.676558549250971737e+03 1.000000000000000000e+00 9.367089623679814014e-02
2.677172996927761687e+03 1.000000000000000000e+00 9.362403862664391008e-02
2.677790163399581161e+03 1.000000000000000000e+00 9.414054652432804482e-02
2.678407329871401089e+03 1.000000000000000000e+00 9.336140867686006095e-02
2.679021777548190130e+03 1.000000000000000000e+00 9.238594732142371702e-02
2.679638944020010058e+03 1.000000000000000000e+00 9.310584635154423028e-02
2.680256110491829986e+03 1.000000000000000000e+00 9.381299536517151427e-02
2.680875995758679892e+03 1.000000000000000000e+00 9.318547453393481728e-02
2.681490443435469388e+03 1.000000000000000000e+00 9.292498501255991306e-02
2.682110328702318839e+03 1.000000000000000000e+00 9.276194271425368398e-02
2.682727495174138767e+03 1.000000000000000000e+00 9.283755500274259997e-02
2.683344661645958695e+03 1.000000000000000000e+00 9.441683057180458305e-02
2.683961828117777713e+03 1.000000000000000000e+00 9.589910964990226716e-02
2.684578994589597642e+03 1.000000000000000000e+00 9.464526880194552849e-02
2.685198879856447547e+03 1.000000000000000000e+00 9.300881079422526621e-02
2.685816046328267475e+03 1.000000000000000000e+00 9.274217743811893899e-02
2.686435931595116926e+03 1.000000000000000000e+00 9.421577271922990104e-02
2.687053098066936400e+03 1.000000000000000000e+00 9.597815025583414372e-02
2.687672983333786760e+03 1.000000000000000000e+00 9.714007241784555768e-02
2.688292868600635757e+03 1.000000000000000000e+00 9.613051590379297073e-02
2.688910035072455685e+03 1.000000000000000000e+00 9.496580853730982041e-02
2.689529920339305590e+03 1.000000000000000000e+00 9.539836773426173255e-02
2.690149805606155041e+03 1.000000000000000000e+00 9.718623905509200800e-02
2.690769690873004947e+03 1.000000000000000000e+00 9.627296072381671954e-02
2.691389576139854853e+03 1.000000000000000000e+00 9.287236888772408550e-02
2.692006742611674326e+03 1.000000000000000000e+00 9.150038301472168678e-02
2.692629346673554210e+03 1.000000000000000000e+00 9.214779406148082552e-02
2.693249231940404115e+03 1.000000000000000000e+00 9.309471320204738831e-02
2.693869117207253566e+03 1.000000000000000000e+00 9.290386697854383091e-02
2.694489002474103472e+03 1.000000000000000000e+00 9.298800698662425257e-02
2.695111606535982901e+03 1.000000000000000000e+00 9.327767403422074222e-02
2.695731491802832807e+03 1.000000000000000000e+00 9.462756488934707944e-02
2.696351377069682712e+03 1.000000000000000000e+00 9.622644705285568478e-02
2.696971262336532163e+03 1.000000000000000000e+00 9.607001853016382265e-02
2.697593866398412047e+03 1.000000000000000000e+00 9.440214732896159977e-02
2.698213751665261498e+03 1.000000000000000000e+00 9.343966986280369258e-02
2.698836355727141836e+03 1.000000000000000000e+00 9.487039848219160076e-02
2.699458959789021264e+03 1.000000000000000000e+00 9.646749379720039042e-02
2.700078845055871170e+03 1.000000000000000000e+00 9.566150922733583639e-02
2.700701449117751054e+03 1.000000000000000000e+00 9.291410703523042547e-02
2.701324053179630482e+03 1.000000000000000000e+00 9.350116153519384687e-02
2.701943938446480388e+03 1.000000000000000000e+00 9.543628366730315393e-02
2.702566542508360271e+03 1.000000000000000000e+00 9.609543631461216207e-02
2.703189146570240155e+03 1.000000000000000000e+00 9.537842563390550032e-02
2.703811750632119583e+03 1.000000000000000000e+00 9.449664299997403982e-02
2.704434354693999467e+03 1.000000000000000000e+00 9.461544702627487646e-02
2.705056958755878895e+03 1.000000000000000000e+00 9.580389673185013555e-02
2.705679562817759233e+03 1.000000000000000000e+00 9.671394548542973368e-02
2.706302166879638662e+03 1.000000000000000000e+00 9.646331780553947521e-02
2.706927489736548978e+03 1.000000000000000000e+00 9.665102747246975823e-02
2.707550093798428406e+03 1.000000000000000000e+00 9.795583773599680910e-02
2.708172697860308290e+03 1.000000000000000000e+00 1.286394120055955048e-01
2.708798020717217696e+03 1.000000000000000000e+00 1.262690961328389871e-01
2.709420624779098034e+03 1.000000000000000000e+00 1.249262991303624476e-01
2.710045947636007440e+03 1.000000000000000000e+00 1.227391825044184259e-01
2.710668551697887324e+03 1.000000000000000000e+00 1.221141388344327561e-01
2.711293874554797185e+03 1.000000000000000000e+00 1.239169209987183579e-01
2.711916478616677068e+03 1.000000000000000000e+00 1.245380751396653052e-01
2.712541801473586929e+03 1.000000000000000000e+00 1.249733212455712283e-01
2.713167124330496335e+03 1.000000000000000000e+00 1.254093898001081009e-01
2.713792447187406651e+03 1.000000000000000000e+00 1.264170983032824325e-01
2.714415051249286080e+03 1.000000000000000000e+00 1.272897590836043202e-01
2.715040374106195941e+03 1.000000000000000000e+00 1.278094813732799095e-01
2.715665696963105802e+03 1.000000000000000000e+00 1.278976424113602850e-01
2.716291019820016118e+03 1.000000000000000000e+00 1.257946236943744411e-01
2.716919061471955501e+03 1.000000000000000000e+00 1.252990816512441763e-01
2.717544384328865362e+03 1.000000000000000000e+00 1.261672661591889122e-01
2.718169707185775223e+03 1.000000000000000000e+00 1.271189490928277543e-01
2.718795030042685084e+03 1.000000000000000000e+00 1.268763050848036034e-01
2.719423071694624468e+03 1.000000000000000000e+00 1.269070857479272507e-01
2.720045675756504806e+03 1.000000000000000000e+00 1.240309256697450513e-01
2.720673717408444645e+03 1.000000000000000000e+00 1.217741104546447017e-01
2.721301759060384029e+03 1.000000000000000000e+00 1.216331373144693695e-01
2.721927081917294345e+03 1.000000000000000000e+00 1.218409008818231443e-01
2.722552404774203751e+03 1.000000000000000000e+00 1.214247772845126194e-01
2.723180446426143590e+03 1.000000000000000000e+00 1.212467234343558159e-01
2.723808488078083883e+03 1.000000000000000000e+00 1.240959713542606341e-01
2.724433810934993289e+03 1.000000000000000000e+00 1.268633071085230879e-01
2.725061852586933128e+03 1.000000000000000000e+00 1.284816637050900379e-01
2.725689894238873421e+03 1.000000000000000000e+00 1.283701050958538092e-01
2.726317935890813260e+03 1.000000000000000000e+00 1.271327233290637515e-01
2.726945977542752644e+03 1.000000000000000000e+00 1.231724217969911717e-01
2.727574019194692937e+03 1.000000000000000000e+00 1.227371677410763057e-01
2.728202060846632776e+03 1.000000000000000000e+00 1.236990523606475156e-01
2.728827383703542182e+03 1.000000000000000000e+00 1.258800737021306404e-01
2.729458144150511998e+03 1.000000000000000000e+00 1.265163399545859435e-01
2.730086185802452292e+03 1.000000000000000000e+00 1.252719048848876804e-01
2.730716946249422108e+03 1.000000000000000000e+00 1.254102723832980493e-01
2.731342269106331969e+03 1.000000000000000000e+00 1.275580199114520752e-01
2.731973029553301785e+03 1.000000000000000000e+00 1.282654275744043726e-01
2.732603790000272056e+03 1.000000000000000000e+00 1.282592588986314341e-01
2.733229112857181462e+03 1.000000000000000000e+00 1.286659978332307108e-01
2.733859873304151279e+03 1.000000000000000000e+00 1.313216609441953675e-01
2.734490633751121095e+03 1.000000000000000000e+00 1.325776836444781115e-01
2.735121394198090911e+03 1.000000000000000000e+00 1.302763406723594086e-01
2.735749435850031205e+03 1.000000000000000000e+00 1.267440280746603420e-01
2.736380196297001021e+03 1.000000000000000000e+00 1.256709543029299880e-01
2.737010956743970837e+03 1.000000000000000000e+00 1.269121157361217667e-01
2.737638998395910676e+03 1.000000000000000000e+00 1.283118861671891375e-01
2.738269758842880492e+03 1.000000000000000000e+00 1.273100027535488399e-01
2.738903238084880286e+03 1.000000000000000000e+00 1.276724804146049663e-01
2.739533998531850557e+03 1.000000000000000000e+00 1.265504271599774133e-01
2.740162040183790396e+03 1.000000000000000000e+00 1.247375444339634820e-01
2.740795519425790189e+03 1.000000000000000000e+00 1.252019777307295523e-01
2.741426279872760006e+03 1.000000000000000000e+00 1.264809424636794133e-01
2.742054321524699844e+03 1.000000000000000000e+00 1.270769500733312518e-01
2.742687800766700093e+03 1.000000000000000000e+00 1.260268097596225767e-01
2.743321280008699887e+03 1.000000000000000000e+00 1.248756208435228554e-01
2.743952040455670158e+03 1.000000000000000000e+00 1.260668886198123562e-01
2.744582800902639974e+03 1.000000000000000000e+00 1.287914076366763194e-01
2.745216280144639768e+03 1.000000000000000000e+00 1.289278445048991362e-01
2.745849759386640017e+03 1.000000000000000000e+00 1.272848148159996251e-01
2.746477801038579400e+03 1.000000000000000000e+00 1.268238637469349950e-01
2.747111280280579649e+03 1.000000000000000000e+00 1.255655071590435212e-01
2.747744759522579443e+03 1.000000000000000000e+00 1.257982779841922416e-01
2.748378238764579237e+03 1.000000000000000000e+00 1.273803226683163925e-01
2.749008999211549053e+03 1.000000000000000000e+00 1.274742895612797633e-01
2.749642478453548847e+03 1.000000000000000000e+00 1.266784820427198921e-01
2.750278676490579073e+03 1.000000000000000000e+00 1.267368281453875312e-01
2.750909436937549344e+03 1.000000000000000000e+00 1.254766533655783667e-01
2.751542916179549138e+03 1.000000000000000000e+00 1.237822794612772337e-01
2.752179114216579364e+03 1.000000000000000000e+00 1.233699608898130712e-01
2.752812593458579158e+03 1.000000000000000000e+00 1.241168240268526735e-01
2.753443353905548975e+03 1.000000000000000000e+00 1.250178481730730151e-01
2.754079551942579201e+03 1.000000000000000000e+00 1.266744919444520723e-01
2.754715749979608972e+03 1.000000000000000000e+00 1.248184337004833999e-01
2.755346510426578789e+03 1.000000000000000000e+00 1.237940882908810103e-01
2.755982708463609015e+03 1.000000000000000000e+00 1.238961017355007244e-01
2.756618906500639241e+03 1.000000000000000000e+00 1.205878958891189179e-01
2.757252385742639035e+03 1.000000000000000000e+00 1.171535877102944656e-01
2.757885864984638829e+03 1.000000000000000000e+00 1.197283644946716269e-01
2.758522063021669055e+03 1.000000000000000000e+00 1.228325992201546313e-01
2.759158261058698372e+03 1.000000000000000000e+00 1.258502462020706647e-01
2.759791740300699075e+03 1.000000000000000000e+00 1.261392472431919209e-01
2.760427938337728392e+03 1.000000000000000000e+00 1.229745299877730846e-01
2.761064136374758618e+03 1.000000000000000000e+00 1.213365902440743382e-01
2.761700334411788390e+03 1.000000000000000000e+00 1.185257143422244891e-01
2.762333813653788184e+03 1.000000000000000000e+00 1.163795035911488751e-01
2.762972730485848388e+03 1.000000000000000000e+00 1.225127456226197953e-01
2.763608928522878614e+03 1.000000000000000000e+00 1.261210319108023725e-01
2.764242407764878408e+03 1.000000000000000000e+00 1.276266493717251593e-01
2.764881324596938612e+03 1.000000000000000000e+00 1.277690061013441736e-01
2.765517522633968838e+03 1.000000000000000000e+00 1.255802451121307006e-01
2.766156439466028587e+03 1.000000000000000000e+00 1.240674655666412496e-01
2.766789918708028836e+03 1.000000000000000000e+00 1.223920146106525636e-01
2.767428835540088130e+03 1.000000000000000000e+00 1.213544514669908370e-01
2.768067752372148334e+03 1.000000000000000000e+00 1.238123482689109517e-01
2.768703950409178560e+03 1.000000000000000000e+00 1.264629183236737064e-01
2.769340148446208332e+03 1.000000000000000000e+00 1.260380073883972663e-01
2.769979065278268536e+03 1.000000000000000000e+00 1.249219399236980166e-01
2.770617982110328740e+03 1.000000000000000000e+00 1.248877861523328692e-01
2.771254180147358966e+03 1.000000000000000000e+00 1.269798595073057534e-01
2.771893096979418260e+03 1.000000000000000000e+00 1.295593963779851088e-01
2.772532013811478464e+03 1.000000000000000000e+00 1.283500594948760176e-01
2.773170930643538668e+03 1.000000000000000000e+00 1.272426443887385850e-01
2.773807128680568894e+03 1.000000000000000000e+00 1.270429410341222254e-01
2.774448764307659076e+03 1.000000000000000000e+00 1.267700814079077143e-01
2.775087681139718370e+03 1.000000000000000000e+00 1.268418531250421200e-01
2.775723879176748596e+03 1.000000000000000000e+00 1.273027651502270929e-01
2.776365514803838778e+03 1.000000000000000000e+00 1.268860371363076667e-01
2.777004431635898982e+03 1.000000000000000000e+00 1.252829140639273864e-01
2.777646067262988709e+03 1.000000000000000000e+00 1.251674741240443867e-01
2.778282265300018935e+03 1.000000000000000000e+00 1.258979982516664486e-01
2.778923900927109116e+03 1.000000000000000000e+00 1.272117225117110895e-01
2.779562817759168865e+03 1.000000000000000000e+00 1.274681140674550628e-01
2.780201734591229069e+03 1.000000000000000000e+00 1.264457318687914888e-01
2.780843370218318796e+03 1.000000000000000000e+00 1.251737935169018046e-01
2.781485005845408978e+03 1.000000000000000000e+00 1.257954504312256139e-01
2.782126641472499614e+03 1.000000000000000000e+00 1.265107131506983673e-01
2.782762839509529385e+03 1.000000000000000000e+00 1.261494437306278915e-01
2.783404475136619112e+03 1.000000000000000000e+00 1.259817859590553479e-01
2.784046110763709294e+03 1.000000000000000000e+00 1.239963516300874036e-01
2.784685027595769498e+03 1.000000000000000000e+00 1.226498444638019075e-01
2.785329382017889202e+03 1.000000000000000000e+00 1.238659430366597092e-01
2.785971017644979838e+03 1.000000000000000000e+00 1.278945184840209748e-01
2.786612653272070020e+03 1.000000000000000000e+00 1.272598909086136987e-01
2.787251570104129769e+03 1.000000000000000000e+00 1.271405726193814145e-01
2.787895924526249928e+03 1.000000000000000000e+00 1.257909233024496476e-01
2.788537560153340110e+03 1.000000000000000000e+00 1.247304484689679971e-01
2.789179195780429836e+03 1.000000000000000000e+00 1.261921076518347784e-01
2.789820831407520018e+03 1.000000000000000000e+00 1.266853179390198814e-01
2.790465185829640177e+03 1.000000000000000000e+00 1.257571940680606015e-01
2.791109540251760336e+03 1.000000000000000000e+00 1.289217980355798487e-01
2.791748457083820540e+03 1.000000000000000000e+00 1.283879897249007029e-01
2.792392811505940699e+03 1.000000000000000000e+00 1.272183778345579441e-01
2.793037165928060404e+03 1.000000000000000000e+00 1.271271145282320270e-01
2.793678801555150585e+03 1.000000000000000000e+00 1.277028990810224751e-01
2.794320437182240767e+03 1.000000000000000000e+00 1.281128049967230342e-01
2.794967510399390903e+03 1.000000000000000000e+00 1.295593243018078877e-01
2.795611864821511062e+03 1.000000000000000000e+00 1.285670744925501707e-01
2.796253500448600789e+03 1.000000000000000000e+00 1.270851300889974111e-01
2.796897854870721403e+03 1.000000000000000000e+00 1.247777251024904110e-01
2.797542209292841108e+03 1.000000000000000000e+00 1.251296150087030379e-01
2.798183844919931289e+03 1.000000000000000000e+00 1.275390659872512877e-01
2.798828199342051903e+03 1.000000000000000000e+00 1.283675550477834937e-01
2.799475272559201585e+03 1.000000000000000000e+00 1.269219185789134119e-01
2.800119626981322199e+03 1.000000000000000000e+00 1.226520119933965230e-01
2.800763981403441903e+03 1.000000000000000000e+00 1.215527635303881443e-01
2.801408335825562062e+03 1.000000000000000000e+00 1.238357445029067555e-01
2.802055409042712199e+03 1.000000000000000000e+00 1.255227029251027027e-01
2.802697044669802381e+03 1.000000000000000000e+00 1.242830567115145307e-01
2.803344117886952063e+03 1.000000000000000000e+00 1.234462365190691080e-01
2.803991191104102654e+03 1.000000000000000000e+00 1.238555812687538310e-01
2.804638264321252791e+03 1.000000000000000000e+00 1.231532828605754193e-01
2.805279899948342972e+03 1.000000000000000000e+00 1.210150315795564396e-01
2.805926973165492655e+03 1.000000000000000000e+00 1.207012437128193311e-01
2.806574046382643246e+03 1.000000000000000000e+00 1.221963214951153620e-01
2.807218400804762950e+03 1.000000000000000000e+00 1.218656855107606574e-01
2.807865474021913542e+03 1.000000000000000000e+00 1.182343841488022879e-01
2.808512547239063679e+03 1.000000000000000000e+00 1.203064861633471733e-01
2.809162339251243338e+03 1.000000000000000000e+00 1.223838716130885851e-01
2.809806693673363952e+03 1.000000000000000000e+00 1.219570339071189558e-01
2.810453766890513634e+03 1.000000000000000000e+00 1.209357432291940371e-01
2.811100840107664226e+03 1.000000000000000000e+00 1.188009878191701174e-01
2.811747913324814363e+03 1.000000000000000000e+00 1.189175051130923338e-01
2.812394986541964499e+03 1.000000000000000000e+00 1.208367839693644391e-01
2.813044778554144614e+03 1.000000000000000000e+00 1.223283684117308784e-01
2.813691851771295205e+03 1.000000000000000000e+00 1.206706711777256608e-01
2.814338924988444887e+03 1.000000000000000000e+00 1.178507541693579880e-01
2.814988717000625002e+03 1.000000000000000000e+00 1.174213705896363091e-01
2.815635790217775593e+03 1.000000000000000000e+00 1.179470060702086653e-01
2.816282863434925275e+03 1.000000000000000000e+00 1.169386055704960403e-01
2.816932655447105390e+03 1.000000000000000000e+00 1.155292022649002520e-01
2.817582447459285959e+03 1.000000000000000000e+00 1.156358046695848962e-01
2.818232239471466073e+03 1.000000000000000000e+00 1.168429367886464482e-01
2.818879312688616665e+03 1.000000000000000000e+00 1.176445186693457490e-01
2.819529104700796779e+03 1.000000000000000000e+00 1.167949533975671389e-01
2.820178896712976439e+03 1.000000000000000000e+00 1.174059887621518028e-01
2.820825969930127030e+03 1.000000000000000000e+00 1.181018622360080067e-01
2.821475761942307145e+03 1.000000000000000000e+00 1.181323415321456349e-01
2.822125553954487259e+03 1.000000000000000000e+00 1.183147041774262054e-01
2.822778064761697351e+03 1.000000000000000000e+00 1.183522192047311433e-01
2.823425137978847488e+03 1.000000000000000000e+00 1.159153055659408876e-01
2.824077648786058035e+03 1.000000000000000000e+00 1.142241016789127539e-01
2.824727440798237694e+03 1.000000000000000000e+00 1.153158656998303500e-01
2.825377232810418263e+03 1.000000000000000000e+00 1.177308685156963908e-01
2.826027024822598378e+03 1.000000000000000000e+00 1.179112747314213505e-01
2.826679535629808470e+03 1.000000000000000000e+00 1.158852046848099504e-01
2.827332046437018562e+03 1.000000000000000000e+00 1.153272038762101492e-01
2.827979119654169153e+03 1.000000000000000000e+00 1.132761435729869592e-01
2.828631630461379245e+03 1.000000000000000000e+00 1.158419195298577148e-01
2.829284141268589337e+03 1.000000000000000000e+00 1.161590542803212500e-01
2.829933933280769907e+03 1.000000000000000000e+00 1.140928920035627209e-01
2.830586444087979999e+03 1.000000000000000000e+00 1.134615347768653387e-01
2.831238954895190545e+03 1.000000000000000000e+00 1.139987802033677194e-01
2.831891465702400637e+03 1.000000000000000000e+00 1.141484431158147350e-01
2.832541257714581207e+03 1.000000000000000000e+00 1.147329219996572336e-01
2.833193768521791299e+03 1.000000000000000000e+00 1.132316879395247750e-01
2.833848998124031368e+03 1.000000000000000000e+00 1.127424530850150985e-01
2.834498790136211483e+03 1.000000000000000000e+00 1.107930349429125799e-01
2.835151300943421575e+03 1.000000000000000000e+00 1.095966016579293517e-01
2.835806530545661644e+03 1.000000000000000000e+00 1.104258797189236613e-01
2.836459041352872646e+03 1.000000000000000000e+00 1.087130726947464765e-01
2.837111552160082738e+03 1.000000000000000000e+00 1.094844835711772102e-01
2.837764062967292830e+03 1.000000000000000000e+00 1.097029992534848675e-01
2.838419292569532900e+03 1.000000000000000000e+00 1.116166392504484989e-01
2.839071803376742992e+03 1.000000000000000000e+00 1.129739725682167295e-01
2.839724314183953993e+03 1.000000000000000000e+00 1.139504358087907315e-01
2.840379543786194063e+03 1.000000000000000000e+00 1.141867358666767279e-01
2.841034773388434132e+03 1.000000000000000000e+00 1.128315050521623980e-01
2.841687284195644224e+03 1.000000000000000000e+00 1.118417093345642627e-01
2.842342513797884749e+03 1.000000000000000000e+00 1.143860721688835097e-01
2.842997743400124818e+03 1.000000000000000000e+00 1.145456694541751169e-01
2.843650254207334910e+03 1.000000000000000000e+00 1.157084218048147900e-01
2.844305483809575435e+03 1.000000000000000000e+00 1.169901012880616847e-01
2.844963432206845482e+03 1.000000000000000000e+00 1.165166711888418749e-01
2.845618661809086007e+03 1.000000000000000000e+00 1.138256410761297049e-01
2.846271172616296553e+03 1.000000000000000000e+00 1.127828158512194923e-01
2.846929121013567055e+03 1.000000000000000000e+00 1.138481007319383370e-01
2.847584350615807125e+03 1.000000000000000000e+00 1.144256192903562036e-01
2.848236861423017217e+03 1.000000000000000000e+00 1.125184346879480046e-01
2.848894809820287719e+03 1.000000000000000000e+00 1.104599901309373383e-01
2.849552758217558221e+03 1.000000000000000000e+00 1.109125630544482294e-01
2.850207987819798291e+03 1.000000000000000000e+00 1.116810157376358636e-01
2.850863217422038360e+03 1.000000000000000000e+00 1.118351688256329635e-01
2.851521165819308862e+03 1.000000000000000000e+00 1.131363356043532803e-01
2.852176395421548932e+03 1.000000000000000000e+00 1.140500961441561906e-01
2.852831625023789456e+03 1.000000000000000000e+00 1.128523612474660598e-01
2.853489573421059504e+03 1.000000000000000000e+00 1.107655144723481977e-01
2.854147521818330006e+03 1.000000000000000000e+00 1.096330383002874637e-01
2.854805470215600508e+03 1.000000000000000000e+00 1.099552241866628977e-01
2.855460699817840577e+03 1.000000000000000000e+00 1.102803555431276644e-01
2.856118648215111079e+03 1.000000000000000000e+00 1.103671846886708496e-01
2.856779315407411559e+03 1.000000000000000000e+00 1.089677672592382907e-01
2.857434545009651629e+03 1.000000000000000000e+00 1.078877929376035605e-01
2.858092493406922131e+03 1.000000000000000000e+00 1.065932393065574108e-01
2.858753160599222610e+03 1.000000000000000000e+00 1.054069266104754460e-01
2.859411108996492658e+03 1.000000000000000000e+00 1.062042146009893745e-01
2.860069057393763160e+03 1.000000000000000000e+00 1.060503176101987299e-01
2.860727005791033662e+03 1.000000000000000000e+00 1.064042143422903181e-01
2.861387672983333687e+03 1.000000000000000000e+00 1.100920852133044359e-01
2.862042902585573756e+03 1.000000000000000000e+00 1.097699423773608185e-01
2.862703569777874236e+03 1.000000000000000000e+00 1.060111976634387637e-01
2.863364236970174716e+03 1.000000000000000000e+00 1.065490223066222486e-01
2.864024904162475195e+03 1.000000000000000000e+00 1.063934547572587958e-01
2.864680133764715265e+03 1.000000000000000000e+00 1.083072563651938103e-01
2.865340800957015745e+03 1.000000000000000000e+00 1.102999837479033268e-01
2.866001468149316224e+03 1.000000000000000000e+00 1.098684811533794936e-01
2.866659416546586726e+03 1.000000000000000000e+00 1.080309606898934849e-01
2.867320083738887206e+03 1.000000000000000000e+00 1.084961462284308176e-01
2.867983469726217209e+03 1.000000000000000000e+00 1.091490093218921431e-01
2.868644136918517688e+03 1.000000000000000000e+00 1.102457893812287121e-01
2.869302085315787735e+03 1.000000000000000000e+00 1.097650481355062213e-01
2.869962752508088215e+03 1.000000000000000000e+00 1.080154142026614195e-01
2.870626138495419127e+03 1.000000000000000000e+00 1.073726321422049934e-01
2.871286805687718697e+03 1.000000000000000000e+00 1.076868132472263428e-01
2.871947472880019177e+03 1.000000000000000000e+00 1.099806772453704035e-01
2.872608140072319657e+03 1.000000000000000000e+00 1.114268986726897476e-01
2.873271526059650114e+03 1.000000000000000000e+00 1.082923090645118158e-01
2.873929474456920616e+03 1.000000000000000000e+00 1.088455081214370901e-01
2.874592860444251073e+03 1.000000000000000000e+00 1.077018487354223231e-01
2.875256246431581076e+03 1.000000000000000000e+00 1.079001505490726071e-01
2.875919632418911988e+03 1.000000000000000000e+00 1.080824358305916694e-01
2.876580299611212467e+03 1.000000000000000000e+00 1.100764539636729655e-01
2.877243685598542925e+03 1.000000000000000000e+00 1.120334251250168361e-01
2.877907071585872927e+03 1.000000000000000000e+00 1.130236656900085873e-01
2.878567738778173407e+03 1.000000000000000000e+00 1.123905978990910048e-01
2.879231124765503864e+03 1.000000000000000000e+00 1.144818460371112706e-01
2.879894510752834321e+03 1.000000000000000000e+00 1.144366633562896723e-01
2.880557896740164324e+03 1.000000000000000000e+00 1.108334578705341827e-01
2.881218563932464804e+03 1.000000000000000000e+00 1.075520885594035553e-01
2.881884668714825693e+03 1.000000000000000000e+00 1.074589661287443237e-01
2.882548054702155696e+03 1.000000000000000000e+00 1.098507319664121240e-01
2.883211440689486153e+03 1.000000000000000000e+00 1.107789664811418273e-01
2.883874826676816610e+03 1.000000000000000000e+00 1.098484079486778814e-01
2.884540931459177045e+03 1.000000000000000000e+00 1.108271654945300749e-01
2.885204317446507503e+03 1.000000000000000000e+00 1.081311252927392025e-01
2.885867703433837960e+03 1.000000000000000000e+00 1.060773816237522565e-01
2.886533808216198395e+03 1.000000000000000000e+00 1.054747390657223421e-01
2.887197194203528852e+03 1.000000000000000000e+00 1.046054181325250382e-01
2.887860580190859309e+03 1.000000000000000000e+00 1.052521983280891721e-01
2.888526684973220199e+03 1.000000000000000000e+00 1.047684828935897955e-01
2.889192789755580179e+03 1.000000000000000000e+00 1.036024154679732329e-01
2.889858894537940614e+03 1.000000000000000000e+00 1.050001645814710310e-01
2.890522280525271071e+03 1.000000000000000000e+00 1.043925764572614379e-01
2.891188385307631506e+03 1.000000000000000000e+00 1.029415162825456503e-01
2.891854490089992396e+03 1.000000000000000000e+00 1.042546212529605054e-01
2.892520594872352376e+03 1.000000000000000000e+00 1.022855618856387816e-01
2.893186699654712811e+03 1.000000000000000000e+00 1.029168944475014474e-01
2.893852804437073246e+03 1.000000000000000000e+00 1.057339083535994428e-01
2.894521628014464113e+03 1.000000000000000000e+00 1.048858902808768728e-01
2.895185014001794571e+03 1.000000000000000000e+00 1.027702239822215341e-01
2.895853837579184528e+03 1.000000000000000000e+00 1.038044444498169294e-01
2.896519942361545418e+03 1.000000000000000000e+00 1.055263036101784374e-01
2.897186047143905398e+03 1.000000000000000000e+00 1.059708658490629146e-01
2.897852151926266288e+03 1.000000000000000000e+00 1.060884490548856390e-01
2.898520975503656246e+03 1.000000000000000000e+00 1.072188754126832122e-01
2.899189799081047113e+03 1.000000000000000000e+00 1.089880916347750611e-01
2.899855903863407548e+03 1.000000000000000000e+00 1.107861839833180762e-01
2.900524727440797960e+03 1.000000000000000000e+00 1.116903974523927451e-01
2.901193551018188373e+03 1.000000000000000000e+00 1.100813278399912359e-01
2.901859655800549262e+03 1.000000000000000000e+00 1.086870177846642194e-01
2.902528479377939675e+03 1.000000000000000000e+00 1.084996704388258432e-01
2.903197302955330088e+03 1.000000000000000000e+00 1.067237908234967975e-01
2.903866126532720500e+03 1.000000000000000000e+00 1.066562711298337657e-01
2.904532231315080935e+03 1.000000000000000000e+00 1.074541167086756344e-01
2.905203773687501325e+03 1.000000000000000000e+00 1.079335089273005671e-01
2.905872597264892192e+03 1.000000000000000000e+00 1.081831585908777094e-01
2.906538702047252627e+03 1.000000000000000000e+00 1.107917289774217745e-01
2.907210244419673018e+03 1.000000000000000000e+00 1.118335810180118156e-01
2.907879067997063430e+03 1.000000000000000000e+00 1.133799674718390799e-01
2.908550610369484275e+03 1.000000000000000000e+00 1.142353764665299254e-01
2.909219433946874688e+03 1.000000000000000000e+00 1.125011392662488841e-01
2.909888257524265100e+03 1.000000000000000000e+00 1.079944506777254509e-01
2.910559799896685490e+03 1.000000000000000000e+00 1.064578065042264127e-01
2.911228623474076358e+03 1.000000000000000000e+00 1.058491749671928162e-01
2.911900165846496748e+03 1.000000000000000000e+00 1.042262408135836704e-01
2.912571708218917138e+03 1.000000000000000000e+00 1.037777571741076432e-01
2.913243250591337983e+03 1.000000000000000000e+00 1.054685475485038770e-01
2.913912074168728395e+03 1.000000000000000000e+00 1.052024438684826813e-01
2.914583616541148785e+03 1.000000000000000000e+00 1.018865610856918014e-01
2.915255158913569630e+03 1.000000000000000000e+00 1.028904613758627323e-01
2.915923982490959588e+03 1.000000000000000000e+00 1.016107725290694569e-01
2.916598243658410865e+03 1.000000000000000000e+00 1.020544983100481751e-01
2.917269786030831256e+03 1.000000000000000000e+00 1.055420885828473043e-01
2.917941328403251646e+03 1.000000000000000000e+00 1.096806327103327788e-01
2.918612870775672491e+03 1.000000000000000000e+00 1.091344885120113933e-01
2.919284413148092881e+03 1.000000000000000000e+00 1.065922256608607399e-01
2.919958674315543249e+03 1.000000000000000000e+00 1.055068722604270010e-01
2.920627497892934116e+03 1.000000000000000000e+00 1.062972324037659705e-01
2.921301759060384484e+03 1.000000000000000000e+00 1.064820201054497706e-01
2.921976020227834852e+03 1.000000000000000000e+00 1.060048134852028950e-01
2.922650281395285219e+03 1.000000000000000000e+00 1.068898597361812031e-01
2.923319104972676087e+03 1.000000000000000000e+00 1.068036730035100412e-01
2.923993366140126454e+03 1.000000000000000000e+00 1.068144611436920716e-01
2.924667627307576822e+03 1.000000000000000000e+00 1.085498011048957739e-01
2.925339169679997667e+03 1.000000000000000000e+00 1.101958602844046453e-01
2.926013430847448490e+03 1.000000000000000000e+00 1.077418813184445878e-01
2.926687692014898857e+03 1.000000000000000000e+00 1.064663329272964032e-01
2.927364671977379203e+03 1.000000000000000000e+00 1.075747928097869205e-01
2.928036214349800048e+03 1.000000000000000000e+00 1.092750126842840369e-01
2.928710475517250870e+03 1.000000000000000000e+00 1.100132362978071127e-01
2.929384736684701238e+03 1.000000000000000000e+00 1.095122130437699015e-01
2.930058997852151606e+03 1.000000000000000000e+00 1.088500152956658751e-01
2.930733259019602428e+03 1.000000000000000000e+00 1.089508763231094024e-01
2.931410238982083229e+03 1.000000000000000000e+00 1.101921426289195760e-01
2.932084500149533596e+03 1.000000000000000000e+00 1.115581755946724041e-01
2.932758761316983964e+03 1.000000000000000000e+00 1.119073718863480699e-01
2.933435741279464764e+03 1.000000000000000000e+00 1.124934134138718539e-01
2.934112721241945110e+03 1.000000000000000000e+00 1.138026222045188801e-01
2.934784263614365955e+03 1.000000000000000000e+00 1.120150581439375848e-01
2.935461243576846755e+03 1.000000000000000000e+00 1.109823851523527027e-01
2.936138223539327100e+03 1.000000000000000000e+00 1.103001338164362605e-01
2.936815203501807900e+03 1.000000000000000000e+00 1.114538638984847174e-01
2.937489464669258268e+03 1.000000000000000000e+00 1.131304008073931722e-01
2.938166444631739523e+03 1.000000000000000000e+00 1.111853785395268968e-01
2.938843424594219869e+03 1.000000000000000000e+00 1.116986712673652543e-01
2.939517685761670236e+03 1.000000000000000000e+00 1.130281362817763119e-01
2.940197384519181014e+03 1.000000000000000000e+00 1.125382079179300387e-01
2.940874364481661814e+03 1.000000000000000000e+00 1.133923333815059914e-01
2.941554063239172137e+03 1.000000000000000000e+00 1.131217295043921989e-01
2.942228324406622505e+03 1.000000000000000000e+00 1.122104829014970856e-01
2.942905304369103305e+03 1.000000000000000000e+00 1.104491464252645438e-01
2.943585003126614083e+03 1.000000000000000000e+00 1.077627565890258293e-01
2.944261983089094883e+03 1.000000000000000000e+00 1.104287379849718392e-01
2.944938963051575683e+03 1.000000000000000000e+00 1.133755290379146741e-01
2.945618661809086461e+03 1.000000000000000000e+00 1.024151898134997435e-01
2.946298360566596784e+03 1.000000000000000000e+00 9.746528203980464600e-02
2.946975340529077585e+03 1.000000000000000000e+00 8.586530894691093985e-02
2.947652320491557930e+03 1.000000000000000000e+00 8.682776601589302368e-02
2.948332019249068708e+03 1.000000000000000000e+00 8.987640789419325260e-02
2.949008999211549508e+03 1.000000000000000000e+00 9.021548112606263270e-02
2.949688697969059831e+03 1.000000000000000000e+00 9.450651659533290672e-02
2.950371115521600586e+03 1.000000000000000000e+00 9.534073067150143632e-02
2.951050814279111364e+03 1.000000000000000000e+00 9.496045264844338307e-02
2.951727794241592164e+03 1.000000000000000000e+00 9.411618882638302097e-02
2.952407492999102487e+03 1.000000000000000000e+00 9.253675009149250896e-02
2.953089910551643243e+03 1.000000000000000000e+00 9.257424699666010059e-02
2.953766890514124043e+03 1.000000000000000000e+00 9.272181572273106853e-02
2.954449308066664798e+03 1.000000000000000000e+00 9.318034328589688831e-02
2.955129006824175576e+03 1.000000000000000000e+00 9.470219263297666168e-02
2.955811424376716332e+03 1.000000000000000000e+00 9.810426976053022996e-02
2.956488404339196677e+03 1.000000000000000000e+00 1.013139775253673602e-01
2.957170821891737432e+03 1.000000000000000000e+00 1.022393694267385439e-01
2.957853239444278188e+03 1.000000000000000000e+00 1.003669364012550469e-01
2.958532938201788966e+03 1.000000000000000000e+00 9.737978862185445172e-02
2.959215355754329721e+03 1.000000000000000000e+00 9.752035891583410443e-02
2.959895054511840499e+03 1.000000000000000000e+00 9.856166283742132106e-02
2.960580190859410777e+03 1.000000000000000000e+00 9.904127103694621015e-02
2.961257170821891577e+03 1.000000000000000000e+00 9.821862040362930313e-02
2.961942307169462310e+03 1.000000000000000000e+00 9.728792115232520743e-02
2.962624724722003066e+03 1.000000000000000000e+00 9.565282308714914694e-02
2.963304423479513844e+03 1.000000000000000000e+00 9.527202845113880159e-02
2.963986841032054599e+03 1.000000000000000000e+00 9.609825373484860711e-02
2.964671977379625332e+03 1.000000000000000000e+00 9.510151230241722931e-02
2.965354394932166088e+03 1.000000000000000000e+00 9.429939237503413840e-02
2.966034093689676865e+03 1.000000000000000000e+00 9.477369972770424700e-02
2.966719230037247144e+03 1.000000000000000000e+00 9.561453789097919265e-02
2.967404366384817877e+03 1.000000000000000000e+00 9.530119399493330867e-02
2.968084065142328654e+03 1.000000000000000000e+00 9.445057779676122034e-02
2.968769201489899842e+03 1.000000000000000000e+00 9.375615666960480932e-02
2.969454337837470575e+03 1.000000000000000000e+00 9.155737904084028378e-02
2.970136755390010876e+03 1.000000000000000000e+00 8.858144004408298466e-02
2.970819172942551631e+03 1.000000000000000000e+00 8.917585388578254391e-02
2.971504309290122364e+03 1.000000000000000000e+00 9.178820524702289985e-02
2.972189445637693098e+03 1.000000000000000000e+00 9.264172466633802117e-02
2.972871863190234308e+03 1.000000000000000000e+00 9.141343342688594553e-02
2.973556999537805041e+03 1.000000000000000000e+00 9.037252404296355901e-02
2.974242135885375319e+03 1.000000000000000000e+00 9.338174967756474043e-02
2.974929991027976484e+03 1.000000000000000000e+00 9.519309954293959930e-02
2.975612408580517240e+03 1.000000000000000000e+00 9.506083362182132790e-02
2.976297544928087973e+03 1.000000000000000000e+00 9.356846557754523730e-02
2.976985400070688229e+03 1.000000000000000000e+00 9.158656064025079424e-02
2.977670536418259417e+03 1.000000000000000000e+00 8.904849494466571258e-02
2.978352953970800172e+03 1.000000000000000000e+00 8.811697413853862570e-02
2.979040809113400428e+03 1.000000000000000000e+00 8.908252626469710667e-02
2.979728664256001593e+03 1.000000000000000000e+00 9.139687181057333520e-02
2.980411081808542349e+03 1.000000000000000000e+00 9.269821192031145463e-02
2.981098936951143514e+03 1.000000000000000000e+00 9.225607507314256828e-02
2.981786792093743770e+03 1.000000000000000000e+00 9.178201653427432716e-02
2.982474647236344936e+03 1.000000000000000000e+00 9.229630442128138046e-02
2.983159783583915669e+03 1.000000000000000000e+00 9.320756376210825866e-02
2.983847638726515925e+03 1.000000000000000000e+00 9.273906828147759906e-02
2.984535493869117090e+03 1.000000000000000000e+00 9.145361700284553030e-02
2.985220630216687823e+03 1.000000000000000000e+00 8.973863158613132329e-02
2.985908485359288534e+03 1.000000000000000000e+00 8.702881732534591130e-02
2.986596340501889244e+03 1.000000000000000000e+00 8.155278358722947707e-02
2.987284195644490410e+03 1.000000000000000000e+00 8.618820220560863277e-02
2.987972050787091121e+03 1.000000000000000000e+00 9.040276514965928101e-02
2.988659905929691831e+03 1.000000000000000000e+00 8.789481941815631416e-02
2.989347761072292997e+03 1.000000000000000000e+00 8.657506716534245361e-02
2.990035616214893253e+03 1.000000000000000000e+00 8.732158836632174237e-02
2.990723471357494418e+03 1.000000000000000000e+00 8.787705722251193396e-02
2.991414045295125106e+03 1.000000000000000000e+00 8.795109898437629414e-02
2.992104619232755795e+03 1.000000000000000000e+00 8.774978094767835191e-02
2.992789755580326982e+03 1.000000000000000000e+00 8.695782895732287465e-02
2.993480329517957216e+03 1.000000000000000000e+00 8.772840083618849150e-02
2.994170903455588359e+03 1.000000000000000000e+00 8.821543619152767690e-02
2.994858758598189070e+03 1.000000000000000000e+00 8.819748954636065508e-02
2.995549332535820213e+03 1.000000000000000000e+00 8.890905117367096933e-02
2.996239906473450446e+03 1.000000000000000000e+00 8.951120849163461679e-02
2.996930480411081589e+03 1.000000000000000000e+00 8.884650089987553012e-02
2.997618335553682755e+03 1.000000000000000000e+00 8.721660023660289529e-02
2.998308909491313443e+03 1.000000000000000000e+00 8.520694598179499868e-02
2.999002202223974109e+03 1.000000000000000000e+00 8.360044945372036018e-02
2.999690057366574820e+03 1.000000000000000000e+00 8.401740478007796442e-02
3.000380631304205963e+03 1.000000000000000000e+00 8.616667177013778711e-02
3.001073924036866629e+03 1.000000000000000000e+00 8.797974054990106985e-02
3.001764497974497772e+03 1.000000000000000000e+00 8.698756990607992012e-02
3.002455071912128460e+03 1.000000000000000000e+00 8.529809392711375227e-02
3.003145645849759603e+03 1.000000000000000000e+00 8.481278191583660475e-02
3.003838938582420269e+03 1.000000000000000000e+00 8.480480027958468836e-02
3.004529512520050957e+03 1.000000000000000000e+00 8.470192808954765673e-02
3.005220086457681646e+03 1.000000000000000000e+00 8.437303601339672665e-02
3.005913379190342312e+03 1.000000000000000000e+00 8.421508597562220311e-02
3.006606671923003887e+03 1.000000000000000000e+00 8.542343848330304079e-02
3.007297245860634121e+03 1.000000000000000000e+00 8.627536305414011675e-02
3.007990538593295696e+03 1.000000000000000000e+00 8.513076993165254180e-02
3.008683831325956362e+03 1.000000000000000000e+00 8.279676958255494101e-02
3.009374405263587050e+03 1.000000000000000000e+00 8.157567253796424445e-02
3.010067697996247716e+03 1.000000000000000000e+00 8.128502752639443774e-02
3.010763709523938815e+03 1.000000000000000000e+00 8.126139436677280725e-02
3.011457002256599935e+03 1.000000000000000000e+00 8.090742081535384767e-02
3.012147576194230624e+03 1.000000000000000000e+00 8.038948580746045625e-02
3.012843587721921722e+03 1.000000000000000000e+00 8.037034453412608692e-02
3.013536880454582388e+03 1.000000000000000000e+00 8.097342290719386493e-02
3.014230173187243054e+03 1.000000000000000000e+00 8.181664813014898063e-02
3.014923465919904174e+03 1.000000000000000000e+00 8.218075042579034428e-02
3.015619477447595273e+03 1.000000000000000000e+00 8.248830738404096252e-02
3.016315488975285916e+03 1.000000000000000000e+00 8.271044627029423835e-02
3.017006062912917059e+03 1.000000000000000000e+00 8.263252378284446920e-02
3.017702074440607703e+03 1.000000000000000000e+00 8.227302045426108934e-02
3.018398085968298346e+03 1.000000000000000000e+00 8.202646409878522338e-02
3.019091378700959922e+03 1.000000000000000000e+00 8.169935508019042503e-02
3.019787390228650565e+03 1.000000000000000000e+00 8.168825916825853128e-02
3.020483401756341209e+03 1.000000000000000000e+00 8.222391476268933741e-02
3.021179413284032762e+03 1.000000000000000000e+00 8.304122208987357867e-02
3.021872706016693428e+03 1.000000000000000000e+00 8.266281860083769806e-02
3.022571436339414049e+03 1.000000000000000000e+00 8.156205989785475508e-02
3.023267447867105147e+03 1.000000000000000000e+00 8.067439253552144418e-02
3.023960740599766268e+03 1.000000000000000000e+00 8.076907746511836905e-02
3.024659470922486889e+03 1.000000000000000000e+00 8.211702121178846014e-02
3.025355482450177988e+03 1.000000000000000000e+00 8.249752068155082052e-02
3.026054212772898609e+03 1.000000000000000000e+00 8.169086316618456856e-02
3.026747505505559729e+03 1.000000000000000000e+00 8.142173859474638453e-02
3.027446235828280805e+03 1.000000000000000000e+00 8.207371219745764057e-02
3.028144966151001881e+03 1.000000000000000000e+00 8.282522994539689987e-02
3.028838258883663002e+03 1.000000000000000000e+00 8.267776536135267029e-02
3.029536989206383623e+03 1.000000000000000000e+00 8.224182110293731807e-02
3.030235719529104699e+03 1.000000000000000000e+00 8.148879441157308445e-02
3.030934449851825320e+03 1.000000000000000000e+00 8.096621749461072048e-02
3.031630461379516419e+03 1.000000000000000000e+00 8.204492457254367044e-02
3.032329191702237040e+03 1.000000000000000000e+00 8.465675783929006715e-02
3.033030640819988548e+03 1.000000000000000000e+00 8.557873868763406222e-02
3.033723933552649214e+03 1.000000000000000000e+00 8.487372664242945342e-02
3.034425382670400268e+03 1.000000000000000000e+00 8.371398340144918515e-02
3.035124112993121344e+03 1.000000000000000000e+00 8.341912804592115094e-02
3.035825562110872397e+03 1.000000000000000000e+00 8.518056599249769489e-02
3.036521573638563041e+03 1.000000000000000000e+00 8.754620703711737950e-02
3.037220303961284571e+03 1.000000000000000000e+00 8.742455772250008750e-02
3.037921753079035625e+03 1.000000000000000000e+00 8.428922917892910094e-02
3.038617764606726269e+03 1.000000000000000000e+00 8.370016440233690735e-02
3.039319213724477322e+03 1.000000000000000000e+00 8.417935267028212043e-02
3.040020662842228376e+03 1.000000000000000000e+00 8.268122891995344226e-02
3.040722111959978974e+03 1.000000000000000000e+00 8.121262857978442384e-02
3.041418123487670073e+03 1.000000000000000000e+00 8.247685953049049834e-02
3.042119572605421126e+03 1.000000000000000000e+00 8.569493150444948415e-02
3.042821021723172180e+03 1.000000000000000000e+00 8.780164582657157268e-02
3.043519752045893256e+03 1.000000000000000000e+00 8.863362651593433006e-02
3.044223919958673832e+03 1.000000000000000000e+00 8.744092217889069818e-02
3.044925369076425341e+03 1.000000000000000000e+00 8.424486432743213959e-02
3.045626818194176394e+03 1.000000000000000000e+00 8.290933187451161868e-02
3.046325548516897470e+03 1.000000000000000000e+00 8.393008721450392895e-02
3.047026997634648524e+03 1.000000000000000000e+00 8.471206374970759179e-02
3.047731165547429555e+03 1.000000000000000000e+00 8.408826320461269821e-02
3.048429895870150176e+03 1.000000000000000000e+00 8.237789918964480429e-02
3.049134063782931207e+03 1.000000000000000000e+00 8.123567885092745910e-02
3.049835512900682261e+03 1.000000000000000000e+00 8.285161414912931011e-02
3.050539680813463292e+03 1.000000000000000000e+00 8.480837569103796825e-02
3.051238411136184368e+03 1.000000000000000000e+00 8.657772704819781395e-02
3.051942579048965399e+03 1.000000000000000000e+00 8.927013617252518851e-02
3.052646746961746430e+03 1.000000000000000000e+00 9.113037651412074502e-02
3.053348196079497484e+03 1.000000000000000000e+00 8.873717543943278330e-02
3.054052363992278515e+03 1.000000000000000000e+00 8.557483173385438402e-02
3.054756531905059546e+03 1.000000000000000000e+00 8.469855727958996994e-02
3.055460699817841032e+03 1.000000000000000000e+00 8.748477605606483354e-02
3.056162148935591631e+03 1.000000000000000000e+00 8.847054183204637601e-02
3.056866316848372662e+03 1.000000000000000000e+00 8.740988100539467953e-02
3.057570484761153693e+03 1.000000000000000000e+00 8.447488590926660601e-02
3.058271933878904747e+03 1.000000000000000000e+00 8.171237210144187413e-02
3.058978820586715756e+03 1.000000000000000000e+00 8.165354878821207141e-02
3.059682988499496787e+03 1.000000000000000000e+00 8.436481748635522859e-02
3.060389875207307796e+03 1.000000000000000000e+00 8.736922420527319655e-02
3.061091324325058849e+03 1.000000000000000000e+00 9.055133299624483489e-02
3.061798211032870313e+03 1.000000000000000000e+00 9.234677929624082737e-02
3.062502378945651344e+03 1.000000000000000000e+00 9.007932029864960943e-02
3.063206546858432375e+03 1.000000000000000000e+00 8.659594785804500261e-02
3.063913433566242929e+03 1.000000000000000000e+00 8.440428058203720829e-02
3.064620320274054393e+03 1.000000000000000000e+00 8.322575353103613127e-02
3.065327206981865402e+03 1.000000000000000000e+00 8.317611352717239892e-02
3.066028656099616455e+03 1.000000000000000000e+00 8.482475532969996346e-02
3.066735542807427464e+03 1.000000000000000000e+00 8.738503900894349641e-02
3.067442429515238928e+03 1.000000000000000000e+00 8.686258271504294914e-02
3.068146597428019959e+03 1.000000000000000000e+00 8.559872507828369947e-02
3.068856202930860945e+03 1.000000000000000000e+00 8.465843892371806290e-02
3.069563089638671954e+03 1.000000000000000000e+00 8.422633935976493735e-02
3.070269976346482963e+03 1.000000000000000000e+00 8.671562042989346131e-02
3.070974144259264449e+03 1.000000000000000000e+00 8.708284044152006520e-02
3.071683749762104981e+03 1.000000000000000000e+00 8.664497828175274363e-02
3.072390636469916444e+03 1.000000000000000000e+00 8.663333270625381277e-02
3.073097523177727453e+03 1.000000000000000000e+00 8.668929110455171616e-02
3.073804409885538462e+03 1.000000000000000000e+00 8.413561186720776297e-02
3.074514015388379903e+03 1.000000000000000000e+00 8.160956323854703931e-02
3.075223620891220889e+03 1.000000000000000000e+00 7.977400901311035297e-02
3.075927788804001921e+03 1.000000000000000000e+00 7.928983378506128388e-02
3.076637394306843362e+03 1.000000000000000000e+00 8.063123740361234637e-02
3.077346999809684348e+03 1.000000000000000000e+00 8.232788523248760204e-02
3.078053886517495357e+03 1.000000000000000000e+00 8.227463235480557413e-02
3.078763492020336344e+03 1.000000000000000000e+00 8.192492526122530094e-02
3.079473097523177785e+03 1.000000000000000000e+00 8.136023302031600291e-02
3.080182703026018771e+03 1.000000000000000000e+00 8.053413947575766008e-02
3.080889589733829780e+03 1.000000000000000000e+00 8.110597992808876722e-02
3.081601914031701199e+03 1.000000000000000000e+00 8.401977561038345699e-02
3.082311519534542185e+03 1.000000000000000000e+00 8.672213487360676265e-02
3.083018406242353194e+03 1.000000000000000000e+00 8.750519680467694350e-02
3.083730730540224613e+03 1.000000000000000000e+00 8.712354803844037099e-02
3.084440336043065599e+03 1.000000000000000000e+00 8.967333816788654322e-02
3.085152660340936563e+03 1.000000000000000000e+00 9.387239855717781356e-02
3.085859547048748027e+03 1.000000000000000000e+00 9.666940195173651107e-02
3.086571871346618991e+03 1.000000000000000000e+00 9.590707467132893183e-02
3.087284195644490410e+03 1.000000000000000000e+00 9.198302570172292580e-02
3.087996519942361374e+03 1.000000000000000000e+00 8.798608381913189391e-02
3.088703406650172383e+03 1.000000000000000000e+00 8.642646917698383613e-02
3.089415730948043802e+03 1.000000000000000000e+00 8.524513704604029518e-02
3.090128055245914766e+03 1.000000000000000000e+00 8.345915936456213546e-02
3.090837660748756207e+03 1.000000000000000000e+00 8.117137798487139566e-02
3.091549985046627171e+03 1.000000000000000000e+00 7.908803391216867595e-02
3.092265028139528567e+03 1.000000000000000000e+00 7.773481543831022023e-02
3.092977352437399986e+03 1.000000000000000000e+00 7.903517658049198646e-02
3.093686957940240518e+03 1.000000000000000000e+00 8.227719063544972067e-02
3.094399282238111937e+03 1.000000000000000000e+00 8.419381488032101624e-02
3.095114325331012878e+03 1.000000000000000000e+00 8.200244252944252632e-02
3.095823930833854320e+03 1.000000000000000000e+00 8.260845496865039383e-02
3.096538973926755261e+03 1.000000000000000000e+00 8.256461452770652576e-02
3.097251298224626680e+03 1.000000000000000000e+00 8.232376773200199283e-02
3.097966341317527622e+03 1.000000000000000000e+00 8.156673475232770198e-02
3.098678665615399041e+03 1.000000000000000000e+00 8.049802174683350076e-02
3.099390989913270460e+03 1.000000000000000000e+00 8.134735965621436860e-02
3.100106033006171401e+03 1.000000000000000000e+00 8.012034489272522320e-02
3.100818357304042820e+03 1.000000000000000000e+00 8.105975161155518083e-02
3.101533400396943762e+03 1.000000000000000000e+00 8.250565730604443593e-02
3.102248443489845158e+03 1.000000000000000000e+00 8.314984745768599916e-02
3.102963486582746555e+03 1.000000000000000000e+00 8.502064873255055222e-02
3.103675810880617519e+03 1.000000000000000000e+00 8.296512492100303893e-02
3.104390853973518915e+03 1.000000000000000000e+00 8.273876911757256647e-02
3.105108615861449834e+03 1.000000000000000000e+00 8.310088106654119067e-02
3.105820940159321253e+03 1.000000000000000000e+00 8.273750675525447240e-02
3.106535983252222195e+03 1.000000000000000000e+00 8.201354615975894879e-02
3.107253745140154024e+03 1.000000000000000000e+00 8.212782063994926440e-02
3.107968788233054966e+03 1.000000000000000000e+00 8.174647891163855373e-02
3.108681112530926384e+03 1.000000000000000000e+00 7.990331195846650525e-02
3.109398874418857304e+03 1.000000000000000000e+00 7.964401478445609639e-02
3.110116636306788678e+03 1.000000000000000000e+00 8.315311615410007906e-02
3.110828960604660097e+03 1.000000000000000000e+00 8.428170406181834107e-02
3.111546722492591016e+03 1.000000000000000000e+00 8.588066076729251874e-02
3.112264484380522390e+03 1.000000000000000000e+00 8.431540999418261906e-02
3.112982246268453764e+03 1.000000000000000000e+00 8.193254451714532260e-02
3.113697289361354706e+03 1.000000000000000000e+00 8.124056075432181667e-02
3.114415051249286080e+03 1.000000000000000000e+00 8.226448080636349081e-02
3.115132813137217454e+03 1.000000000000000000e+00 8.332808469293208342e-02
3.115847856230118396e+03 1.000000000000000000e+00 8.270342607232285259e-02
3.116565618118050224e+03 1.000000000000000000e+00 8.279448060627926653e-02
3.117286098801011576e+03 1.000000000000000000e+00 8.385843426483755025e-02
3.118003860688942495e+03 1.000000000000000000e+00 8.447698387075441850e-02
3.118718903781843437e+03 1.000000000000000000e+00 8.620431852207538492e-02
3.119439384464805244e+03 1.000000000000000000e+00 8.648688010436804408e-02
3.120157146352736163e+03 1.000000000000000000e+00 8.537213053634400139e-02
3.120874908240667537e+03 1.000000000000000000e+00 8.399156241372579546e-02
3.121595388923629343e+03 1.000000000000000000e+00 8.205935553430074303e-02
3.122313150811560263e+03 1.000000000000000000e+00 7.823262372092090744e-02
3.123033631494521615e+03 1.000000000000000000e+00 8.007405810761111797e-02
3.123751393382452534e+03 1.000000000000000000e+00 8.250876494308746756e-02
3.124471874065414340e+03 1.000000000000000000e+00 8.261582642508126517e-02
3.125192354748375692e+03 1.000000000000000000e+00 8.203215104977019945e-02
3.125907397841276634e+03 1.000000000000000000e+00 8.412216224273064147e-02
3.126630597319267963e+03 1.000000000000000000e+00 8.375248203226638710e-02
3.127351078002228860e+03 1.000000000000000000e+00 8.526402308236129268e-02
3.128071558685190666e+03 1.000000000000000000e+00 8.474452954662427262e-02
3.128789320573122041e+03 1.000000000000000000e+00 8.293390598969921368e-02
3.129509801256082937e+03 1.000000000000000000e+00 8.246928099071541840e-02
3.130233000734074267e+03 1.000000000000000000e+00 8.343415450042267201e-02
3.130950762622006096e+03 1.000000000000000000e+00 8.275184430247256584e-02
3.131673962099997425e+03 1.000000000000000000e+00 8.184985719578097285e-02
3.132394442782958322e+03 1.000000000000000000e+00 8.127285194259160905e-02
3.133117642260949651e+03 1.000000000000000000e+00 8.183248988693481163e-02
3.133835404148881025e+03 1.000000000000000000e+00 8.392960578873559507e-02
3.134558603626872355e+03 1.000000000000000000e+00 8.317075200407807178e-02
3.135281803104863684e+03 1.000000000000000000e+00 8.242653793196903778e-02
3.136002283787825490e+03 1.000000000000000000e+00 8.140694447170490622e-02
3.136725483265816820e+03 1.000000000000000000e+00 8.057426814951411387e-02
3.137448682743807694e+03 1.000000000000000000e+00 8.068091120664767912e-02
3.138171882221799024e+03 1.000000000000000000e+00 8.177086669134564501e-02
3.138892362904760375e+03 1.000000000000000000e+00 8.273701937225950986e-02
3.139615562382751705e+03 1.000000000000000000e+00 8.331291301565088570e-02
3.140338761860743034e+03 1.000000000000000000e+00 8.130296187167450339e-02
3.141059242543704386e+03 1.000000000000000000e+00 7.894716251874867030e-02
3.141785160816725693e+03 1.000000000000000000e+00 7.980933866779142682e-02
3.142508360294717022e+03 1.000000000000000000e+00 8.088089793066770283e-02
3.143234278567738329e+03 1.000000000000000000e+00 8.176828271851158125e-02
3.143954759250700135e+03 1.000000000000000000e+00 8.161305842564614554e-02
3.144680677523721442e+03 1.000000000000000000e+00 8.027121486044014320e-02
3.145406595796742749e+03 1.000000000000000000e+00 7.855832588792682758e-02
3.146127076479704101e+03 1.000000000000000000e+00 7.796695108384198158e-02
3.146852994752725408e+03 1.000000000000000000e+00 7.859422669059784594e-02
3.147578913025747170e+03 1.000000000000000000e+00 7.990312111017969232e-02
3.148304831298768477e+03 1.000000000000000000e+00 8.109661839444103071e-02
3.149025311981729828e+03 1.000000000000000000e+00 8.099151562631992651e-02
3.149753949049781113e+03 1.000000000000000000e+00 7.938546367937569792e-02
3.150479867322802420e+03 1.000000000000000000e+00 7.899431504620998967e-02
3.151203066800793749e+03 1.000000000000000000e+00 8.244332697409240129e-02
3.151928985073815511e+03 1.000000000000000000e+00 8.336990975389606262e-02
3.152654903346836818e+03 1.000000000000000000e+00 8.123582220212308136e-02
3.153383540414887648e+03 1.000000000000000000e+00 8.038990022107571354e-02
3.154106739892879432e+03 1.000000000000000000e+00 8.372659439402994896e-02
3.154832658165901194e+03 1.000000000000000000e+00 8.174483552164869826e-02
3.155561295233952023e+03 1.000000000000000000e+00 8.192824998114572876e-02
3.156284494711943353e+03 1.000000000000000000e+00 8.359643149870393808e-02
3.157013131779994637e+03 1.000000000000000000e+00 8.454167135757979790e-02
3.157741768848046377e+03 1.000000000000000000e+00 8.426322375425408795e-02
3.158470405916097661e+03 1.000000000000000000e+00 8.434263767092427255e-02
3.159193605394088991e+03 1.000000000000000000e+00 8.228814321646120422e-02
3.159922242462140730e+03 1.000000000000000000e+00 8.093001836947899541e-02
3.160650879530192014e+03 1.000000000000000000e+00 8.197547549481222495e-02
3.161376797803213776e+03 1.000000000000000000e+00 8.285955156389060439e-02
3.162105434871265061e+03 1.000000000000000000e+00 8.104457222681346606e-02
3.162834071939316345e+03 1.000000000000000000e+00 7.923819581010629887e-02
3.163565427802397608e+03 1.000000000000000000e+00 8.043282794369419064e-02
3.164291346075419369e+03 1.000000000000000000e+00 8.055543923880228996e-02
3.165019983143470654e+03 1.000000000000000000e+00 8.048450181709758400e-02
3.165748620211522393e+03 1.000000000000000000e+00 8.116688355666844268e-02
3.166477257279573678e+03 1.000000000000000000e+00 8.276318178343432252e-02
3.167205894347624962e+03 1.000000000000000000e+00 8.478335671175354915e-02
3.167937250210706225e+03 1.000000000000000000e+00 8.275125965512919457e-02
3.168668606073787942e+03 1.000000000000000000e+00 8.294780452246468261e-02
3.169394524346809249e+03 1.000000000000000000e+00 8.237507153599203658e-02
3.170125880209890965e+03 1.000000000000000000e+00 8.109796135459322597e-02
3.170857236072972228e+03 1.000000000000000000e+00 8.213510409907696930e-02
3.171583154345993535e+03 1.000000000000000000e+00 8.285090914592400935e-02
3.172314510209075252e+03 1.000000000000000000e+00 8.277538748051216366e-02
3.173045866072156969e+03 1.000000000000000000e+00 8.190116662493263089e-02
3.173779940730268208e+03 1.000000000000000000e+00 8.119912734114848041e-02
3.174505859003289515e+03 1.000000000000000000e+00 8.092353200424841353e-02
3.175239933661401210e+03 1.000000000000000000e+00 8.075023691702418183e-02
3.175971289524482927e+03 1.000000000000000000e+00 8.136078143499933524e-02
3.176699926592533757e+03 1.000000000000000000e+00 8.188838554346843102e-02
3.177434001250645451e+03 1.000000000000000000e+00 8.185048122265924098e-02
3.178165357113727168e+03 1.000000000000000000e+00 8.308989698517199596e-02
3.178899431771838408e+03 1.000000000000000000e+00 8.536944982745398036e-02
3.179628068839890148e+03 1.000000000000000000e+00 8.516680369708001797e-02
3.180362143498001842e+03 1.000000000000000000e+00 8.343239716966092956e-02
3.181093499361082650e+03 1.000000000000000000e+00 8.244551882009849841e-02
3.181824855224164367e+03 1.000000000000000000e+00 8.276108852913002800e-02
3.182558929882276061e+03 1.000000000000000000e+00 8.324947606412262668e-02
3.183293004540387301e+03 1.000000000000000000e+00 8.316944303498761959e-02
3.184027079198498996e+03 1.000000000000000000e+00 8.298683920457469720e-02
3.184755716266550735e+03 1.000000000000000000e+00 8.285020912347129673e-02
3.185492509719691952e+03 1.000000000000000000e+00 8.152921392713156912e-02
3.186226584377803647e+03 1.000000000000000000e+00 8.155452393311303505e-02
3.186957940240885364e+03 1.000000000000000000e+00 8.244351759211591968e-02
3.187692014898996604e+03 1.000000000000000000e+00 8.224767679200277459e-02
3.188426089557108298e+03 1.000000000000000000e+00 8.028467603886775550e-02
3.189162883010249516e+03 1.000000000000000000e+00 8.048206649216049779e-02
3.189894238873331233e+03 1.000000000000000000e+00 8.016060376579797753e-02
3.190631032326472450e+03 1.000000000000000000e+00 8.078035922295692672e-02
3.191365106984584145e+03 1.000000000000000000e+00 8.181982843986158882e-02
3.192099181642695839e+03 1.000000000000000000e+00 8.227799632900387183e-02
3.192833256300807079e+03 1.000000000000000000e+00 8.221566125577985107e-02
3.193570049753949206e+03 1.000000000000000000e+00 8.253156823078053317e-02
3.194306843207090424e+03 1.000000000000000000e+00 8.281144425988867797e-02
3.195040917865202118e+03 1.000000000000000000e+00 8.264998636934532683e-02
3.195777711318343336e+03 1.000000000000000000e+00 8.335639290912391641e-02
3.196514504771485463e+03 1.000000000000000000e+00 8.448081315975256023e-02
3.197251298224626680e+03 1.000000000000000000e+00 8.408225824140420912e-02
3.197985372882738375e+03 1.000000000000000000e+00 8.546971026226202195e-02
3.198722166335879592e+03 1.000000000000000000e+00 8.336046344264086416e-02
3.199458959789021264e+03 1.000000000000000000e+00 8.163967485537435009e-02
3.200193034447132504e+03 1.000000000000000000e+00 8.108431887666940618e-02
3.200932546695304609e+03 1.000000000000000000e+00 8.176160822917506732e-02
3.201669340148445826e+03 1.000000000000000000e+00 8.348652751077668965e-02
3.202408852396617931e+03 1.000000000000000000e+00 8.333712670144380330e-02
3.203142927054729171e+03 1.000000000000000000e+00 8.349378278669385145e-02
3.203882439302900821e+03 1.000000000000000000e+00 8.364629106862689345e-02
3.204621951551072470e+03 1.000000000000000000e+00 8.366686245927744403e-02
3.205356026209184165e+03 1.000000000000000000e+00 8.322285159186063042e-02
3.206095538457355815e+03 1.000000000000000000e+00 8.207708692505352732e-02
3.206835050705527010e+03 1.000000000000000000e+00 8.134862633735767679e-02
3.207574562953699115e+03 1.000000000000000000e+00 8.313850105603347307e-02
3.208311356406840332e+03 1.000000000000000000e+00 8.364193034613588706e-02
3.209050868655011527e+03 1.000000000000000000e+00 8.343305153192608070e-02
3.209790380903183632e+03 1.000000000000000000e+00 8.329164922050619202e-02
3.210527174356324849e+03 1.000000000000000000e+00 8.261808065600921569e-02
3.211266686604496954e+03 1.000000000000000000e+00 8.085281597530441511e-02
3.212006198852668149e+03 1.000000000000000000e+00 8.195830118923115581e-02
3.212748429895869776e+03 1.000000000000000000e+00 8.252639737556648203e-02
3.213485223349011903e+03 1.000000000000000000e+00 8.324305367225032226e-02
3.214227454392213076e+03 1.000000000000000000e+00 8.393355331826553301e-02
3.214966966640384726e+03 1.000000000000000000e+00 8.403069157117601384e-02
3.215706478888556376e+03 1.000000000000000000e+00 8.454056553246205863e-02
3.216445991136728026e+03 1.000000000000000000e+00 8.743829915208202463e-02
3.217188222179929653e+03 1.000000000000000000e+00 9.028149422792011713e-02
3.217930453223131735e+03 1.000000000000000000e+00 9.004732284041978840e-02
3.218669965471302930e+03 1.000000000000000000e+00 8.723504643408937220e-02
3.219412196514504558e+03 1.000000000000000000e+00 8.476212268895623458e-02
3.220154427557706185e+03 1.000000000000000000e+00 8.453400690078431701e-02
3.220893939805877835e+03 1.000000000000000000e+00 8.356649666244581054e-02
3.221636170849079463e+03 1.000000000000000000e+00 8.306251806273570737e-02
3.222378401892281090e+03 1.000000000000000000e+00 8.271797248620404996e-02
3.223120632935482718e+03 1.000000000000000000e+00 8.148832522115419252e-02
3.223860145183654367e+03 1.000000000000000000e+00 8.045535740096346200e-02
3.224605095021885973e+03 1.000000000000000000e+00 8.109931986401525128e-02
3.225347326065087600e+03 1.000000000000000000e+00 8.188187866684687455e-02
3.226089557108289227e+03 1.000000000000000000e+00 8.223226218259055420e-02
3.226831788151491310e+03 1.000000000000000000e+00 8.231989853158433457e-02
3.227576737989722915e+03 1.000000000000000000e+00 8.231865278307455569e-02
3.228321687827954520e+03 1.000000000000000000e+00 8.232175489769545662e-02
3.229061200076126170e+03 1.000000000000000000e+00 8.268225899543575619e-02
3.229806149914357775e+03 1.000000000000000000e+00 8.383788097857343413e-02
3.230551099752589835e+03 1.000000000000000000e+00 8.463609838776563199e-02
3.231293330795791462e+03 1.000000000000000000e+00 8.563652772462947149e-02
3.232038280634023067e+03 1.000000000000000000e+00 8.651351047442781828e-02
3.232783230472254672e+03 1.000000000000000000e+00 8.666998499015377000e-02
3.233528180310486277e+03 1.000000000000000000e+00 8.589460997915882023e-02
3.234270411353687905e+03 1.000000000000000000e+00 8.462727839442116262e-02
3.235015361191919510e+03 1.000000000000000000e+00 8.371539636406605256e-02
3.235763029825181093e+03 1.000000000000000000e+00 8.311939188198005923e-02
3.236505260868383175e+03 1.000000000000000000e+00 1.007631046471692965e-01
3.237250210706614780e+03 1.000000000000000000e+00 9.930980629399573101e-02
3.237997879339876363e+03 1.000000000000000000e+00 9.811060186359682467e-02
3.238745547973138400e+03 1.000000000000000000e+00 9.734169572087282563e-02
3.239487779016339573e+03 1.000000000000000000e+00 9.632589412280148644e-02
3.240235447649601610e+03 1.000000000000000000e+00 9.652934076925774598e-02
3.240983116282863193e+03 1.000000000000000000e+00 9.734542035161609930e-02
3.241725347326064821e+03 1.000000000000000000e+00 9.758484246686292829e-02
3.242473015959326403e+03 1.000000000000000000e+00 9.852569169542059468e-02
3.243220684592588441e+03 1.000000000000000000e+00 9.904538409129574894e-02
3.243968353225850024e+03 1.000000000000000000e+00 9.801071403858777065e-02
3.244713303064081629e+03 1.000000000000000000e+00 9.788755160173855108e-02
3.245460971697343211e+03 1.000000000000000000e+00 9.697120172322176712e-02
3.246208640330605249e+03 1.000000000000000000e+00 9.606242812495588423e-02
3.246956308963866832e+03 1.000000000000000000e+00 9.642764551011859253e-02
3.247703977597128414e+03 1.000000000000000000e+00 9.723828298040962381e-02
3.248451646230390452e+03 1.000000000000000000e+00 9.723523244710245705e-02
3.249202033658682012e+03 1.000000000000000000e+00 9.762208205350091095e-02
3.249946983496913617e+03 1.000000000000000000e+00 9.881089581683472067e-02
3.250697370925205632e+03 1.000000000000000000e+00 9.887564316864976000e-02
3.251447758353497647e+03 1.000000000000000000e+00 9.841394910739337254e-02
3.252192708191729253e+03 1.000000000000000000e+00 9.696085263641464336e-02
3.252943095620020813e+03 1.000000000000000000e+00 9.627021599558044374e-02
3.253693483048312828e+03 1.000000000000000000e+00 9.592737892806249556e-02
3.254443870476604843e+03 1.000000000000000000e+00 9.587791682408892957e-02
3.255188820314836448e+03 1.000000000000000000e+00 9.594796351440498805e-02
3.255939207743128009e+03 1.000000000000000000e+00 1.000437180582646884e-01
3.256692313966450001e+03 1.000000000000000000e+00 1.027984051151051292e-01
3.257439982599712039e+03 1.000000000000000000e+00 1.018286909571651105e-01
3.258190370028003599e+03 1.000000000000000000e+00 1.010819243931744410e-01
3.258940757456295159e+03 1.000000000000000000e+00 1.027616247430466201e-01
3.259693863679617152e+03 1.000000000000000000e+00 1.055887210746277727e-01
3.260441532312878735e+03 1.000000000000000000e+00 1.060850102225799618e-01
3.261191919741170750e+03 1.000000000000000000e+00 1.055059420873565579e-01
3.261945025964492288e+03 1.000000000000000000e+00 1.046472510902779901e-01
3.262692694597754326e+03 1.000000000000000000e+00 1.044629946482123206e-01
3.263445800821076318e+03 1.000000000000000000e+00 1.032850230719131734e-01
3.264198907044397401e+03 1.000000000000000000e+00 1.008158422427854056e-01
3.264952013267719394e+03 1.000000000000000000e+00 9.941195708591868407e-02
3.265699681900981432e+03 1.000000000000000000e+00 9.968192590764152206e-02
3.266452788124303424e+03 1.000000000000000000e+00 9.841893984220656533e-02
3.267205894347624962e+03 1.000000000000000000e+00 9.683048244335719368e-02
3.267956281775916977e+03 1.000000000000000000e+00 9.756655955689340354e-02
3.268709387999238515e+03 1.000000000000000000e+00 9.926878137036219962e-02
3.269465213017590486e+03 1.000000000000000000e+00 9.935152480947059828e-02
3.270218319240912479e+03 1.000000000000000000e+00 9.829105935714978204e-02
3.270968706669204494e+03 1.000000000000000000e+00 1.004670891419351397e-01
3.271721812892525577e+03 1.000000000000000000e+00 1.039666676147519564e-01
3.272477637910877547e+03 1.000000000000000000e+00 1.081993507467197413e-01
3.273228025339169562e+03 1.000000000000000000e+00 1.100216824918992670e-01
3.273983850357521533e+03 1.000000000000000000e+00 1.077290103478918959e-01
3.274736956580843071e+03 1.000000000000000000e+00 1.016195878112260143e-01
3.275492781599195041e+03 1.000000000000000000e+00 9.908789057962531788e-02
3.276245887822517034e+03 1.000000000000000000e+00 9.960702494298208365e-02
3.276998994045838572e+03 1.000000000000000000e+00 1.002166254806491213e-01
3.277754819064190542e+03 1.000000000000000000e+00 9.962507071148971050e-02
3.278507925287512535e+03 1.000000000000000000e+00 9.903784729551656785e-02
3.279263750305864050e+03 1.000000000000000000e+00 9.844981332123703410e-02
3.280019575324216021e+03 1.000000000000000000e+00 9.790059358306416049e-02
3.280775400342567991e+03 1.000000000000000000e+00 9.821422512532997084e-02
3.281528506565889984e+03 1.000000000000000000e+00 9.875119340137199220e-02
3.282287050379271932e+03 1.000000000000000000e+00 9.914771828202427473e-02
3.283042875397623902e+03 1.000000000000000000e+00 9.843056250544483798e-02
3.283795981620945440e+03 1.000000000000000000e+00 9.799433293586350124e-02
3.284554525434327388e+03 1.000000000000000000e+00 9.826942288720594276e-02
3.285310350452679359e+03 1.000000000000000000e+00 9.868829550027605202e-02
3.286068894266061307e+03 1.000000000000000000e+00 9.985030972660882687e-02
3.286822000489382845e+03 1.000000000000000000e+00 1.013109491737466117e-01
3.287580544302764793e+03 1.000000000000000000e+00 1.014771140294939838e-01
3.288339088116146741e+03 1.000000000000000000e+00 9.975649649250761808e-02
3.289094913134498711e+03 1.000000000000000000e+00 9.675954926487365104e-02
3.289853456947880659e+03 1.000000000000000000e+00 9.540437151717190423e-02
3.290612000761262607e+03 1.000000000000000000e+00 9.535990863843786525e-02
3.291370544574644100e+03 1.000000000000000000e+00 9.590716507589176765e-02
3.292123650797966093e+03 1.000000000000000000e+00 9.835232421546472037e-02
3.292884913406378018e+03 1.000000000000000000e+00 9.974309012442869604e-02
3.293643457219759966e+03 1.000000000000000000e+00 1.003615949772651006e-01
3.294399282238111937e+03 1.000000000000000000e+00 9.992015733216530471e-02
3.295157826051493885e+03 1.000000000000000000e+00 9.970863101210912516e-02
3.295919088659905810e+03 1.000000000000000000e+00 9.937993076809534254e-02
3.296677632473287758e+03 1.000000000000000000e+00 9.588138826257538994e-02
3.297436176286669252e+03 1.000000000000000000e+00 9.355482238150196472e-02
3.298194720100051654e+03 1.000000000000000000e+00 9.617772914466288237e-02
3.298955982708463125e+03 1.000000000000000000e+00 9.774072912854746276e-02
3.299714526521845528e+03 1.000000000000000000e+00 9.576921991619048724e-02
3.300473070335227021e+03 1.000000000000000000e+00 9.384757609056139371e-02
3.301234332943639401e+03 1.000000000000000000e+00 9.405050807898504561e-02
3.301995595552051327e+03 1.000000000000000000e+00 9.678292843270479284e-02
3.302754139365433275e+03 1.000000000000000000e+00 9.666827340781455891e-02
3.303515401973845201e+03 1.000000000000000000e+00 9.525914235849772260e-02
3.304276664582256672e+03 1.000000000000000000e+00 9.333412896209188070e-02
3.305035208395639074e+03 1.000000000000000000e+00 9.399082756198730293e-02
3.305799189799080978e+03 1.000000000000000000e+00 9.486771920825397275e-02
3.306560452407492903e+03 1.000000000000000000e+00 9.526103316298689672e-02
3.307324433810934806e+03 1.000000000000000000e+00 9.457516751675774935e-02
3.308082977624316754e+03 1.000000000000000000e+00 9.295075429493065977e-02
3.308844240232728680e+03 1.000000000000000000e+00 9.337777127860406867e-02
3.309608221636170583e+03 1.000000000000000000e+00 9.387878334525748270e-02
3.310366765449552986e+03 1.000000000000000000e+00 9.363604378455391009e-02
3.311130746852994434e+03 1.000000000000000000e+00 9.438551603712627691e-02
3.311894728256436338e+03 1.000000000000000000e+00 9.440118853124897236e-02
3.312658709659878696e+03 1.000000000000000000e+00 9.301933524518538055e-02
3.313417253473260644e+03 1.000000000000000000e+00 9.390813181640129959e-02
3.314183953671732525e+03 1.000000000000000000e+00 9.373225486654311600e-02
3.314947935075174428e+03 1.000000000000000000e+00 9.331069021272769826e-02
3.315711916478616786e+03 1.000000000000000000e+00 9.401847926062570360e-02
3.316473179087028257e+03 1.000000000000000000e+00 9.372175545781767647e-02
3.317237160490470160e+03 1.000000000000000000e+00 9.336350342568960903e-02
3.318001141893912518e+03 1.000000000000000000e+00 9.343145872887267944e-02
3.318762404502324443e+03 1.000000000000000000e+00 9.331949625622600053e-02
3.319529104700796324e+03 1.000000000000000000e+00 9.335494988796755322e-02
3.320293086104238682e+03 1.000000000000000000e+00 9.289050224754229201e-02
3.321059786302710563e+03 1.000000000000000000e+00 9.298388454639266998e-02
3.321821048911122489e+03 1.000000000000000000e+00 9.263524371381283429e-02
3.322587749109594370e+03 1.000000000000000000e+00 9.168329894259344415e-02
3.323354449308066251e+03 1.000000000000000000e+00 9.151269106706089174e-02
3.324115711916478631e+03 1.000000000000000000e+00 9.474420733529878569e-02
3.324882412114950512e+03 1.000000000000000000e+00 9.668406361954998141e-02
3.325649112313422393e+03 1.000000000000000000e+00 9.174171034671220470e-02
3.326415812511894273e+03 1.000000000000000000e+00 8.855718848036682467e-02
3.327179793915336631e+03 1.000000000000000000e+00 8.922104916673403996e-02
3.327946494113808967e+03 1.000000000000000000e+00 9.164325578537778350e-02
3.328715913107310826e+03 1.000000000000000000e+00 9.293991481391111753e-02
3.329479894510752729e+03 1.000000000000000000e+00 9.209228312234983560e-02
3.330246594709224610e+03 1.000000000000000000e+00 9.363390917593286678e-02
3.331016013702726468e+03 1.000000000000000000e+00 9.509194776092977364e-02
3.331782713901198804e+03 1.000000000000000000e+00 9.569360125062784106e-02
3.332546695304641162e+03 1.000000000000000000e+00 9.268477145981345033e-02
3.333316114298143020e+03 1.000000000000000000e+00 9.140658814396354637e-02
3.334085533291645334e+03 1.000000000000000000e+00 9.271892360434302871e-02
3.334849514695086782e+03 1.000000000000000000e+00 9.406360868516289164e-02
3.335618933688589095e+03 1.000000000000000000e+00 9.380570798501414176e-02
3.336388352682090954e+03 1.000000000000000000e+00 9.453016729893663761e-02
3.337157771675593267e+03 1.000000000000000000e+00 9.450259521141148034e-02
3.337924471874065148e+03 1.000000000000000000e+00 9.667759130989019012e-02
3.338693890867567006e+03 1.000000000000000000e+00 9.513226512542939661e-02
3.339463309861069320e+03 1.000000000000000000e+00 9.245997238185237055e-02
3.340230010059541655e+03 1.000000000000000000e+00 9.315288775306933278e-02
3.340999429053043514e+03 1.000000000000000000e+00 9.484934028982169862e-02
3.341768848046545827e+03 1.000000000000000000e+00 9.331798257271797792e-02
3.342540985835078118e+03 1.000000000000000000e+00 9.292858397206386900e-02
3.343307686033549999e+03 1.000000000000000000e+00 9.697597259510258583e-02
3.344079823822082290e+03 1.000000000000000000e+00 9.618338492796377204e-02
3.344849242815584148e+03 1.000000000000000000e+00 9.512450085110497888e-02
3.345618661809086007e+03 1.000000000000000000e+00 9.391836731234723401e-02
3.346388080802588320e+03 1.000000000000000000e+00 9.251168861958437850e-02
3.347160218591120611e+03 1.000000000000000000e+00 9.319264731598786433e-02
3.347932356379652447e+03 1.000000000000000000e+00 9.507767924396108572e-02
3.348701775373154760e+03 1.000000000000000000e+00 9.426554928395436406e-02
3.349473913161686596e+03 1.000000000000000000e+00 9.514345051402928188e-02
3.350246050950218887e+03 1.000000000000000000e+00 9.474438733376001898e-02
3.351015469943721200e+03 1.000000000000000000e+00 9.200485138777075855e-02
3.351787607732252582e+03 1.000000000000000000e+00 9.188083297636868985e-02
3.352559745520784872e+03 1.000000000000000000e+00 8.992572741641986778e-02
3.353331883309317163e+03 1.000000000000000000e+00 8.875359335356626522e-02
3.354101302302819022e+03 1.000000000000000000e+00 9.028129172308139994e-02
3.354876158886381290e+03 1.000000000000000000e+00 9.146551989046258768e-02
3.355651015469943559e+03 1.000000000000000000e+00 9.167679101150499887e-02
3.356420434463445872e+03 1.000000000000000000e+00 9.249655528460293263e-02
3.357192572251977708e+03 1.000000000000000000e+00 9.060767444530581916e-02
3.357967428835539977e+03 1.000000000000000000e+00 8.901223768934822533e-02
3.358742285419102245e+03 1.000000000000000000e+00 8.696283592368102278e-02
3.359511704412604558e+03 1.000000000000000000e+00 8.759184605117489864e-02
3.360286560996166372e+03 1.000000000000000000e+00 9.189879252665238141e-02
3.361061417579728641e+03 1.000000000000000000e+00 9.193888184983672884e-02
3.361833555368260477e+03 1.000000000000000000e+00 9.064033606603619231e-02
3.362608411951822745e+03 1.000000000000000000e+00 9.092136160923017241e-02
3.363385987330415446e+03 1.000000000000000000e+00 9.158136829921119382e-02
3.364160843913976805e+03 1.000000000000000000e+00 9.184753138629045410e-02
3.364932981702509096e+03 1.000000000000000000e+00 9.171102573550814208e-02
3.365707838286071365e+03 1.000000000000000000e+00 9.132554481080260023e-02
3.366485413664663611e+03 1.000000000000000000e+00 9.136872266856918556e-02
3.367257551453195902e+03 1.000000000000000000e+00 9.218546917572857657e-02
3.368032408036757715e+03 1.000000000000000000e+00 9.252746389449822972e-02
3.368809983415349961e+03 1.000000000000000000e+00 9.051251862328472952e-02
3.369587558793942662e+03 1.000000000000000000e+00 9.166591731437420676e-02
3.370359696582474498e+03 1.000000000000000000e+00 9.284680150155147360e-02
3.371137271961066290e+03 1.000000000000000000e+00 9.173792093925686730e-02
3.371914847339658991e+03 1.000000000000000000e+00 9.099626095329704789e-02
3.372689703923221259e+03 1.000000000000000000e+00 9.226675479664298019e-02
3.373467279301813505e+03 1.000000000000000000e+00 9.265061414559810915e-02
3.374244854680405297e+03 1.000000000000000000e+00 9.230661638695519811e-02
3.375022430058997543e+03 1.000000000000000000e+00 9.231516137298008406e-02
3.375797286642559811e+03 1.000000000000000000e+00 9.283887783579536368e-02
3.376574862021152057e+03 1.000000000000000000e+00 9.454813995626377976e-02
3.377355156194774281e+03 1.000000000000000000e+00 9.467347250465285580e-02
3.378130012778336550e+03 1.000000000000000000e+00 9.394495652323088530e-02
3.378907588156928341e+03 1.000000000000000000e+00 9.379677593483197462e-02
3.379687882330551020e+03 1.000000000000000000e+00 9.507036498054512175e-02
3.380465457709143266e+03 1.000000000000000000e+00 9.726840318315486955e-02
3.381243033087735057e+03 1.000000000000000000e+00 9.560525239276902731e-02
3.382023327261357736e+03 1.000000000000000000e+00 9.725397806007395063e-02
3.382800902639949982e+03 1.000000000000000000e+00 9.723638876534651532e-02
3.383578478018541773e+03 1.000000000000000000e+00 9.537532741393853208e-02
3.384358772192164452e+03 1.000000000000000000e+00 9.466721306120511048e-02
3.385139066365786221e+03 1.000000000000000000e+00 9.417945330640974111e-02
3.385919360539408899e+03 1.000000000000000000e+00 9.327583762775729093e-02
3.386696935918001145e+03 1.000000000000000000e+00 9.281068927442406857e-02
3.387477230091622914e+03 1.000000000000000000e+00 9.363711086252454741e-02
3.388260243060275570e+03 1.000000000000000000e+00 9.426882515130875773e-02
3.389037818438867362e+03 1.000000000000000000e+00 9.516957504251359612e-02
3.389818112612490040e+03 1.000000000000000000e+00 9.499069914674129755e-02
3.390598406786111809e+03 1.000000000000000000e+00 9.532448561058814995e-02
3.391381419754764465e+03 1.000000000000000000e+00 9.544086634615360498e-02
3.392158995133357166e+03 1.000000000000000000e+00 9.442587813729613755e-02
3.392942008102008913e+03 1.000000000000000000e+00 9.370207906863700642e-02
3.393725021070661114e+03 1.000000000000000000e+00 9.511142392373889143e-02
3.394502596449253360e+03 1.000000000000000000e+00 9.553875019916904798e-02
3.395285609417906016e+03 1.000000000000000000e+00 9.527621208512850048e-02
3.396068622386558218e+03 1.000000000000000000e+00 9.410598199384777318e-02
3.396851635355210419e+03 1.000000000000000000e+00 9.403121752579371440e-02
3.397631929528832643e+03 1.000000000000000000e+00 9.442568537010859187e-02
3.398414942497484844e+03 1.000000000000000000e+00 9.611584889043357782e-02
3.399197955466137500e+03 1.000000000000000000e+00 9.767474232907524812e-02
3.399978249639759269e+03 1.000000000000000000e+00 9.714788580046583577e-02
3.400763981403441903e+03 1.000000000000000000e+00 9.710488264738809105e-02
3.401546994372094105e+03 1.000000000000000000e+00 9.758748567135033802e-02
3.402332726135776738e+03 1.000000000000000000e+00 9.538828833276860597e-02
3.403113020309398507e+03 1.000000000000000000e+00 9.471387491485012966e-02
3.403896033278051164e+03 1.000000000000000000e+00 9.512991220405637993e-02
3.404681765041733343e+03 1.000000000000000000e+00 9.579803366862177372e-02
3.405464778010385544e+03 1.000000000000000000e+00 9.645983960979054306e-02
3.406247790979038200e+03 1.000000000000000000e+00 9.691795522195001400e-02
3.407033522742720379e+03 1.000000000000000000e+00 9.687001915758124138e-02
3.407819254506402558e+03 1.000000000000000000e+00 9.529678581178487040e-02
3.408602267475055214e+03 1.000000000000000000e+00 9.476334822578807993e-02
3.409387999238737393e+03 1.000000000000000000e+00 9.559408166650004701e-02
3.410173731002419572e+03 1.000000000000000000e+00 9.570304671641623184e-02
3.410956743971071774e+03 1.000000000000000000e+00 9.565305945299243384e-02
3.411742475734753953e+03 1.000000000000000000e+00 9.518756147711085469e-02
3.412530926293466564e+03 1.000000000000000000e+00 9.478588648360206093e-02
3.413316658057149198e+03 1.000000000000000000e+00 9.607235955811924133e-02
3.414099671025800944e+03 1.000000000000000000e+00 9.698009514739003301e-02
3.414888121584513556e+03 1.000000000000000000e+00 9.557478058992650849e-02
3.415676572143226167e+03 1.000000000000000000e+00 9.409347471892706705e-02
3.416459585111878368e+03 1.000000000000000000e+00 9.416928604707128225e-02
3.417248035670590525e+03 1.000000000000000000e+00 9.457847617967117537e-02
3.418036486229302682e+03 1.000000000000000000e+00 9.215711348238575518e-02
3.418822217992985316e+03 1.000000000000000000e+00 9.299252345137980214e-02
3.419607949756667495e+03 1.000000000000000000e+00 9.442389770960205042e-02
3.420396400315380106e+03 1.000000000000000000e+00 9.374378217233152177e-02
3.421184850874092263e+03 1.000000000000000000e+00 8.876528994898298663e-02
3.421970582637774896e+03 1.000000000000000000e+00 8.953546915121679550e-02
3.422759033196487053e+03 1.000000000000000000e+00 9.078527877466377460e-02
3.423547483755199664e+03 1.000000000000000000e+00 9.170710961091012303e-02
3.424338653108941799e+03 1.000000000000000000e+00 9.004943708689640280e-02
3.425124384872624432e+03 1.000000000000000000e+00 8.906938229279898200e-02
3.425912835431336589e+03 1.000000000000000000e+00 8.981965379375266012e-02
3.426704004785079178e+03 1.000000000000000000e+00 9.048214982681536400e-02
3.427489736548761357e+03 1.000000000000000000e+00 9.089909391612276124e-02
3.428280905902503946e+03 1.000000000000000000e+00 8.843175070371382673e-02
3.429072075256246080e+03 1.000000000000000000e+00 8.491075731632799495e-02
3.429860525814958692e+03 1.000000000000000000e+00 8.941238611675431103e-02
3.430648976373671303e+03 1.000000000000000000e+00 9.388608351071890679e-02
3.431440145727413437e+03 1.000000000000000000e+00 9.582440764809307954e-02
3.432231315081156026e+03 1.000000000000000000e+00 9.395028414199409206e-02
3.433019765639868183e+03 1.000000000000000000e+00 8.927302216383871392e-02
3.433810934993610772e+03 1.000000000000000000e+00 8.828246661129282580e-02
3.434602104347352906e+03 1.000000000000000000e+00 9.010222288322031203e-02
3.435395992496125473e+03 1.000000000000000000e+00 9.271433180344754166e-02
3.436181724259808107e+03 1.000000000000000000e+00 8.962626978031633385e-02
3.436975612408580673e+03 1.000000000000000000e+00 9.069195070960460459e-02
3.437766781762322807e+03 1.000000000000000000e+00 9.147288892922592063e-02
3.438560669911095374e+03 1.000000000000000000e+00 8.912478450231135774e-02
3.439349120469807986e+03 1.000000000000000000e+00 8.821107458526719625e-02
3.440143008618580097e+03 1.000000000000000000e+00 8.901774482674590372e-02
3.440936896767352664e+03 1.000000000000000000e+00 9.040204277817316669e-02
3.441725347326064821e+03 1.000000000000000000e+00 9.136930012163975434e-02
3.442519235474837387e+03 1.000000000000000000e+00 9.125390511106259983e-02
3.443313123623609954e+03 1.000000000000000000e+00 9.147240642326544269e-02
3.444107011772382521e+03 1.000000000000000000e+00 9.305964590486079380e-02
3.444898181126124655e+03 1.000000000000000000e+00 9.532733958699832200e-02
3.445692069274897221e+03 1.000000000000000000e+00 9.210074745088062120e-02
3.446485957423669788e+03 1.000000000000000000e+00 8.900875492097835850e-02
3.447277126777412377e+03 1.000000000000000000e+00 8.851170966477762969e-02
3.448073733721214921e+03 1.000000000000000000e+00 9.113575091541330220e-02
3.448867621869987488e+03 1.000000000000000000e+00 9.280002872298719063e-02
3.449664228813789578e+03 1.000000000000000000e+00 9.319613205574478476e-02
3.450455398167532167e+03 1.000000000000000000e+00 9.061155673893282747e-02
3.451249286316304733e+03 1.000000000000000000e+00 8.676280514494637275e-02
3.452045893260106823e+03 1.000000000000000000e+00 9.001165254458766418e-02
3.452839781408879389e+03 1.000000000000000000e+00 9.276760298027285356e-02
3.453633669557651956e+03 1.000000000000000000e+00 9.244885667812900720e-02
3.454430276501454500e+03 1.000000000000000000e+00 8.915402447915611595e-02
3.455226883445257045e+03 1.000000000000000000e+00 8.653331904847264000e-02
3.456020771594029611e+03 1.000000000000000000e+00 8.324455428945402857e-02
3.456817378537832155e+03 1.000000000000000000e+00 8.291562882020550584e-02
3.457613985481634700e+03 1.000000000000000000e+00 8.575640791643304728e-02
3.458407873630407266e+03 1.000000000000000000e+00 8.478891393610991922e-02
3.459207199369239333e+03 1.000000000000000000e+00 8.664849579136743585e-02
3.460003806313041878e+03 1.000000000000000000e+00 8.834850122403956063e-02
3.460800413256844422e+03 1.000000000000000000e+00 8.783602704531745520e-02
3.461597020200646966e+03 1.000000000000000000e+00 8.610144728357770061e-02
3.462393627144449511e+03 1.000000000000000000e+00 8.446197540471540866e-02
3.463192952883282032e+03 1.000000000000000000e+00 8.394631388021314700e-02
3.463986841032054144e+03 1.000000000000000000e+00 8.502331253842673742e-02
3.464786166770887121e+03 1.000000000000000000e+00 8.751220062037222414e-02
3.465585492509719643e+03 1.000000000000000000e+00 8.561403493732663850e-02
3.466384818248551710e+03 1.000000000000000000e+00 8.538416164798921792e-02
3.467178706397324277e+03 1.000000000000000000e+00 8.778479935569376280e-02
3.467978032136157253e+03 1.000000000000000000e+00 8.867640635714532649e-02
3.468780076670019753e+03 1.000000000000000000e+00 8.758142941899643708e-02
3.469573964818792319e+03 1.000000000000000000e+00 8.494967898058146394e-02
3.470376009352654819e+03 1.000000000000000000e+00 8.285339314780186537e-02
3.471175335091487341e+03 1.000000000000000000e+00 8.392221776656441645e-02
3.471974660830319863e+03 1.000000000000000000e+00 8.265908416069012166e-02
3.472773986569152385e+03 1.000000000000000000e+00 8.454521367937603560e-02
3.473573312307984907e+03 1.000000000000000000e+00 8.780006846247816188e-02
3.474375356841847861e+03 1.000000000000000000e+00 8.594247886832181993e-02
3.475171963785650405e+03 1.000000000000000000e+00 8.538448625241852608e-02
3.475974008319512450e+03 1.000000000000000000e+00 8.641510209627141503e-02
3.476773334058345426e+03 1.000000000000000000e+00 8.681389770800509997e-02
3.477575378592207926e+03 1.000000000000000000e+00 8.444265150153143495e-02
3.478374704331039993e+03 1.000000000000000000e+00 8.580281746130061227e-02
3.479176748864902947e+03 1.000000000000000000e+00 8.607652383000582996e-02
3.479978793398765447e+03 1.000000000000000000e+00 8.559888690690312107e-02
3.480778119137597969e+03 1.000000000000000000e+00 8.613893158886670731e-02
3.481580163671460923e+03 1.000000000000000000e+00 8.849641100084286449e-02
3.482382208205322968e+03 1.000000000000000000e+00 8.714279911805690448e-02
3.483186971534215900e+03 1.000000000000000000e+00 8.483121536164213439e-02
3.483986297273048422e+03 1.000000000000000000e+00 8.489729791107801515e-02
3.484788341806910921e+03 1.000000000000000000e+00 8.937079064901348735e-02
3.485593105135803853e+03 1.000000000000000000e+00 9.217338250358463048e-02
3.486392430874635920e+03 1.000000000000000000e+00 9.453438538467397179e-02
3.487197194203528852e+03 1.000000000000000000e+00 9.679580337118684485e-02
3.487999238737391352e+03 1.000000000000000000e+00 9.364484394826616542e-02
3.488804002066284284e+03 1.000000000000000000e+00 9.174222098880961684e-02
3.489606046600146783e+03 1.000000000000000000e+00 8.909623695811326460e-02
3.490410809929039260e+03 1.000000000000000000e+00 8.598829485840883691e-02
3.491215573257932192e+03 1.000000000000000000e+00 8.534339997752117546e-02
3.492017617791794692e+03 1.000000000000000000e+00 8.360011784830946591e-02
3.492822381120687169e+03 1.000000000000000000e+00 8.280023006617956427e-02
3.493627144449579646e+03 1.000000000000000000e+00 8.291777266043126593e-02
3.494431907778472578e+03 1.000000000000000000e+00 8.263602500924172034e-02
3.495233952312335077e+03 1.000000000000000000e+00 8.432210819659616274e-02
3.496041434436257987e+03 1.000000000000000000e+00 8.513328727384752992e-02
3.496846197765150464e+03 1.000000000000000000e+00 8.460305893742091354e-02
3.497648242299012963e+03 1.000000000000000000e+00 8.355494100311813832e-02
3.498455724422935418e+03 1.000000000000000000e+00 8.286315138784383638e-02
3.499263206546858328e+03 1.000000000000000000e+00 8.160401427009406072e-02
3.500070688670781237e+03 1.000000000000000000e+00 8.142783108920506607e-02
3.500872733204643282e+03 1.000000000000000000e+00 8.360210673524809399e-02
3.501680215328566192e+03 1.000000000000000000e+00 8.385407269219295745e-02
3.502487697452489101e+03 1.000000000000000000e+00 8.411797430502154782e-02
3.503292460781381124e+03 1.000000000000000000e+00 8.412500320253686603e-02
3.504099942905304488e+03 1.000000000000000000e+00 8.339848155345060132e-02
3.504907425029226943e+03 1.000000000000000000e+00 8.221716406932334797e-02
3.505714907153149852e+03 1.000000000000000000e+00 8.314734099255582933e-02
3.506519670482042329e+03 1.000000000000000000e+00 8.381637824218676758e-02
3.507329871400994762e+03 1.000000000000000000e+00 8.291755922433788339e-02
3.508137353524917671e+03 1.000000000000000000e+00 8.105942599401737281e-02
3.508942116853810148e+03 1.000000000000000000e+00 7.976141216345589147e-02
3.509752317772762581e+03 1.000000000000000000e+00 8.090299368844593164e-02
3.510559799896685945e+03 1.000000000000000000e+00 8.352408151925611035e-02
3.511370000815638377e+03 1.000000000000000000e+00 8.417371229077517947e-02
3.512177482939560832e+03 1.000000000000000000e+00 8.128227262564412248e-02
3.512987683858514174e+03 1.000000000000000000e+00 8.156975568519499176e-02
3.513795165982436629e+03 1.000000000000000000e+00 8.181861577882917902e-02
3.514602648106359084e+03 1.000000000000000000e+00 7.835681852361629784e-02
3.515412849025311971e+03 1.000000000000000000e+00 7.896239631741057419e-02
3.516223049944264858e+03 1.000000000000000000e+00 8.181195699086055151e-02
3.517035969658247268e+03 1.000000000000000000e+00 8.435097821529621842e-02
3.517840732987139745e+03 1.000000000000000000e+00 8.464366721513061353e-02
3.518653652701122610e+03 1.000000000000000000e+00 8.391165149456057681e-02
3.519463853620075497e+03 1.000000000000000000e+00 8.201247037965557485e-02
3.520271335743997952e+03 1.000000000000000000e+00 7.989854001719000343e-02
3.521084255457980817e+03 1.000000000000000000e+00 7.872076701025985945e-02
3.521897175171963681e+03 1.000000000000000000e+00 7.995147237873111157e-02
3.522707376090916569e+03 1.000000000000000000e+00 8.131927410284463253e-02
3.523517577009869001e+03 1.000000000000000000e+00 8.148225934674757642e-02
3.524327777928821888e+03 1.000000000000000000e+00 8.051994455117408855e-02
3.525140697642804298e+03 1.000000000000000000e+00 7.920032765307714884e-02
3.525950898561757185e+03 1.000000000000000000e+00 7.851829828134707090e-02
3.526763818275740505e+03 1.000000000000000000e+00 7.947395440956496471e-02
3.527576737989722915e+03 1.000000000000000000e+00 8.078660617650489095e-02
3.528389657703705780e+03 1.000000000000000000e+00 8.106653329475513314e-02
3.529199858622658212e+03 1.000000000000000000e+00 8.056049795369589483e-02
3.530015497131671054e+03 1.000000000000000000e+00 7.997429995447083440e-02
3.530828416845653919e+03 1.000000000000000000e+00 7.899172172784078849e-02
3.531638617764606352e+03 1.000000000000000000e+00 7.788341454070471515e-02
3.532451537478589216e+03 1.000000000000000000e+00 7.762458570916469514e-02
3.533267175987602059e+03 1.000000000000000000e+00 7.682627455565593788e-02
3.534082814496614901e+03 1.000000000000000000e+00 7.704602861210727016e-02
3.534893015415567788e+03 1.000000000000000000e+00 7.787372544033488442e-02
3.535708653924580631e+03 1.000000000000000000e+00 7.802701191578174933e-02
3.536524292433593473e+03 1.000000000000000000e+00 7.836238943502910059e-02
3.537334493352545906e+03 1.000000000000000000e+00 7.832859708675933563e-02
3.538150131861558748e+03 1.000000000000000000e+00 7.803868662119246846e-02
3.538965770370571590e+03 1.000000000000000000e+00 7.797038187863493397e-02
3.539784127674614410e+03 1.000000000000000000e+00 7.899083054209898869e-02
3.540594328593567298e+03 1.000000000000000000e+00 7.757245298940308731e-02
3.541412685897610118e+03 1.000000000000000000e+00 7.705014718783313732e-02
3.542228324406622960e+03 1.000000000000000000e+00 7.808575385494177790e-02
3.543041244120605370e+03 1.000000000000000000e+00 7.830050421441078767e-02
3.543859601424648645e+03 1.000000000000000000e+00 7.832432493276775265e-02
3.544675239933661487e+03 1.000000000000000000e+00 7.791005285418151072e-02
3.545493597237704307e+03 1.000000000000000000e+00 7.750120861286782792e-02
3.546306516951686717e+03 1.000000000000000000e+00 7.758230312874786483e-02
3.547124874255729992e+03 1.000000000000000000e+00 7.735021227708595293e-02
3.547943231559772812e+03 1.000000000000000000e+00 7.677377660907964974e-02
3.548756151273755222e+03 1.000000000000000000e+00 7.646017698743466651e-02
3.549574508577798497e+03 1.000000000000000000e+00 7.679772974890226866e-02
3.550392865881841317e+03 1.000000000000000000e+00 7.771822645061743362e-02
3.551211223185883682e+03 1.000000000000000000e+00 7.927447686965650997e-02
3.552026861694896525e+03 1.000000000000000000e+00 7.937401576434011119e-02
3.552845218998939345e+03 1.000000000000000000e+00 7.794246872654543579e-02
3.553666295098012142e+03 1.000000000000000000e+00 7.644864532109250932e-02
3.554481933607024985e+03 1.000000000000000000e+00 7.665293588109528544e-02
3.555300290911068259e+03 1.000000000000000000e+00 7.800998037638777471e-02
3.556121367010141057e+03 1.000000000000000000e+00 7.835437138740058982e-02
3.556939724314183877e+03 1.000000000000000000e+00 7.678655687085043924e-02
3.557758081618226697e+03 1.000000000000000000e+00 7.687208422458524648e-02
3.558576438922269517e+03 1.000000000000000000e+00 7.776333137073723756e-02
3.559397515021342315e+03 1.000000000000000000e+00 7.767539985733215580e-02
3.560215872325385135e+03 1.000000000000000000e+00 7.709628502669262085e-02
3.561036948424458387e+03 1.000000000000000000e+00 7.818945651934464114e-02
3.561858024523531185e+03 1.000000000000000000e+00 7.873382366975051339e-02
3.562679100622603983e+03 1.000000000000000000e+00 7.954501977818161096e-02
3.563497457926646803e+03 1.000000000000000000e+00 8.033636614094807893e-02
3.564318534025719600e+03 1.000000000000000000e+00 8.041513175719214312e-02
3.565139610124792853e+03 1.000000000000000000e+00 7.950920476746771437e-02
3.565960686223865196e+03 1.000000000000000000e+00 7.945990264652577628e-02
3.566779043527908016e+03 1.000000000000000000e+00 7.954405788734639215e-02
3.567602838422011246e+03 1.000000000000000000e+00 7.951935293017033113e-02
3.568426633316114476e+03 1.000000000000000000e+00 7.988573615748968682e-02
3.569244990620157296e+03 1.000000000000000000e+00 8.077714993705813196e-02
3.570068785514260071e+03 1.000000000000000000e+00 8.153764366202793934e-02
3.570889861613332869e+03 1.000000000000000000e+00 8.159014810801219764e-02
3.571713656507436099e+03 1.000000000000000000e+00 8.076322627299584167e-02
3.572534732606508442e+03 1.000000000000000000e+00 8.022015897329166922e-02
3.573358527500611672e+03 1.000000000000000000e+00 7.983489819868608284e-02
3.574182322394714902e+03 1.000000000000000000e+00 7.934035830848899795e-02
3.575000679698757267e+03 1.000000000000000000e+00 7.887448195886448410e-02
3.575827193387890475e+03 1.000000000000000000e+00 7.911340562065330428e-02
3.576650988281993250e+03 1.000000000000000000e+00 8.119105916931333711e-02
3.577474783176096025e+03 1.000000000000000000e+00 8.373939413096154194e-02
3.578295859275169278e+03 1.000000000000000000e+00 8.414796314620509587e-02
3.579122372964302485e+03 1.000000000000000000e+00 8.114801517250741503e-02
3.579946167858404806e+03 1.000000000000000000e+00 7.899018218301551153e-02
3.580769962752508036e+03 1.000000000000000000e+00 7.849320409104743046e-02
3.581593757646610811e+03 1.000000000000000000e+00 7.853403214937783317e-02
3.582420271335744019e+03 1.000000000000000000e+00 7.868502828393816872e-02
3.583246785024877227e+03 1.000000000000000000e+00 7.910383538905517431e-02
3.584067861123949569e+03 1.000000000000000000e+00 7.967044659209382429e-02
3.584894374813082777e+03 1.000000000000000000e+00 8.073061015755490788e-02
3.585720888502215530e+03 1.000000000000000000e+00 8.105015598900712492e-02
3.586544683396318760e+03 1.000000000000000000e+00 7.987058371375561905e-02
3.587371197085451513e+03 1.000000000000000000e+00 7.877531975781525142e-02
3.588200429569614698e+03 1.000000000000000000e+00 7.770977345073974696e-02
3.589026943258747451e+03 1.000000000000000000e+00 7.709249024850038656e-02
3.589850738152850681e+03 1.000000000000000000e+00 7.738816822294174169e-02
3.590677251841983889e+03 1.000000000000000000e+00 7.879176609060767333e-02
3.591506484326146619e+03 1.000000000000000000e+00 7.889115504746067875e-02
3.592330279220249849e+03 1.000000000000000000e+00 7.911854034856392881e-02
3.593159511704412580e+03 1.000000000000000000e+00 7.913456063823036402e-02
3.593986025393545788e+03 1.000000000000000000e+00 7.868395597648869533e-02
3.594815257877708518e+03 1.000000000000000000e+00 7.821672926814321469e-02
3.595641771566841271e+03 1.000000000000000000e+00 7.725625346354039746e-02
3.596471004051004456e+03 1.000000000000000000e+00 7.750798519108406670e-02
3.597300236535167187e+03 1.000000000000000000e+00 7.736379594984979513e-02
3.598124031429270417e+03 1.000000000000000000e+00 7.537393259985127048e-02
3.598955982708463580e+03 1.000000000000000000e+00 7.542851502632876015e-02
3.599785215192626765e+03 1.000000000000000000e+00 7.757032291530782664e-02
3.600614447676789496e+03 1.000000000000000000e+00 7.886799188287162143e-02
3.601440961365922249e+03 1.000000000000000000e+00 7.856783040471621016e-02
3.602272912645115866e+03 1.000000000000000000e+00 7.843367438517136192e-02
3.603102145129278597e+03 1.000000000000000000e+00 7.819237689859007134e-02
3.603928658818411805e+03 1.000000000000000000e+00 7.708241761012443738e-02
3.604760610097604513e+03 1.000000000000000000e+00 7.669702886231406780e-02
3.605592561376797676e+03 1.000000000000000000e+00 7.798598753533636518e-02
3.606424512655990839e+03 1.000000000000000000e+00 7.943111577294265091e-02
3.607251026345123591e+03 1.000000000000000000e+00 7.830454788219003148e-02
3.608082977624316754e+03 1.000000000000000000e+00 7.773579227722540730e-02
3.608914928903509917e+03 1.000000000000000000e+00 7.821364644297354451e-02
3.609744161387672648e+03 1.000000000000000000e+00 7.887344900197465480e-02
3.610576112666865811e+03 1.000000000000000000e+00 7.859610381462528439e-02
3.611408063946058974e+03 1.000000000000000000e+00 7.941213535270835733e-02
3.612240015225252137e+03 1.000000000000000000e+00 8.025281128019343124e-02
3.613069247709414867e+03 1.000000000000000000e+00 8.079952812496840608e-02
3.613903917783638008e+03 1.000000000000000000e+00 8.146826326708875299e-02
3.614735869062831171e+03 1.000000000000000000e+00 8.006911233812927242e-02
3.615565101546994356e+03 1.000000000000000000e+00 7.975093318195038139e-02
3.616399771621217042e+03 1.000000000000000000e+00 7.928982198543021997e-02
3.617234441695440182e+03 1.000000000000000000e+00 7.757751932779766157e-02
3.618066392974633800e+03 1.000000000000000000e+00 7.564267340939205553e-02
3.618898344253826508e+03 1.000000000000000000e+00 7.683497385899398791e-02
3.619733014328049649e+03 1.000000000000000000e+00 7.865464005268386904e-02
3.620567684402272789e+03 1.000000000000000000e+00 7.962190306524312422e-02
3.621396916886435974e+03 1.000000000000000000e+00 7.927629118583227885e-02
3.622234305755689093e+03 1.000000000000000000e+00 7.888233681325543256e-02
3.623068975829912233e+03 1.000000000000000000e+00 7.884442118929835264e-02
3.623903645904134919e+03 1.000000000000000000e+00 7.957000594027446860e-02
3.624735597183328082e+03 1.000000000000000000e+00 8.015080102452941391e-02
3.625570267257551222e+03 1.000000000000000000e+00 7.923289198042296477e-02
3.626407656126804795e+03 1.000000000000000000e+00 7.844117767933836416e-02
3.627239607405997504e+03 1.000000000000000000e+00 7.911367527579141190e-02
3.628076996275250622e+03 1.000000000000000000e+00 7.892827635341648218e-02
3.628911666349473762e+03 1.000000000000000000e+00 7.777614393796274117e-02
3.629749055218726880e+03 1.000000000000000000e+00 7.795632603283754458e-02
3.630583725292950021e+03 1.000000000000000000e+00 7.785900158196751297e-02
3.631421114162203139e+03 1.000000000000000000e+00 7.766353739469750161e-02
3.632258503031456257e+03 1.000000000000000000e+00 7.875459970986525837e-02
3.633090454310649420e+03 1.000000000000000000e+00 8.074933348678992040e-02
3.633927843179902538e+03 1.000000000000000000e+00 7.948386162922799203e-02
3.634767950844186089e+03 1.000000000000000000e+00 7.749552059270288507e-02
3.635605339713439207e+03 1.000000000000000000e+00 7.625617826148374523e-02
3.636440009787661893e+03 1.000000000000000000e+00 7.627232934267476339e-02
3.637277398656915011e+03 1.000000000000000000e+00 7.729636215411658795e-02
3.638117506321198562e+03 1.000000000000000000e+00 7.721907084132109689e-02
3.638952176395421702e+03 1.000000000000000000e+00 7.571504243543966672e-02
3.639789565264674820e+03 1.000000000000000000e+00 7.540971248145360295e-02
3.640629672928957916e+03 1.000000000000000000e+00 7.646394541368342623e-02
3.641469780593241012e+03 1.000000000000000000e+00 7.796904542159210916e-02
3.642304450667464153e+03 1.000000000000000000e+00 7.878209458055511483e-02
3.643144558331747248e+03 1.000000000000000000e+00 7.833118489218481029e-02
3.643984665996030344e+03 1.000000000000000000e+00 7.768947165925392528e-02
3.644822054865283462e+03 1.000000000000000000e+00 7.754918494060109024e-02
3.645662162529567013e+03 1.000000000000000000e+00 7.782941445228230837e-02
3.646502270193850109e+03 1.000000000000000000e+00 7.664924276562469496e-02
3.647342377858133204e+03 1.000000000000000000e+00 7.696031512681818232e-02
3.648179766727386323e+03 1.000000000000000000e+00 7.802833569665905411e-02
3.649022593186699396e+03 1.000000000000000000e+00 7.871071458939973842e-02
3.649862700850982492e+03 1.000000000000000000e+00 7.820671688391549192e-02
3.650700089720235610e+03 1.000000000000000000e+00 7.786498988893821027e-02
3.651542916179549138e+03 1.000000000000000000e+00 7.715928827088458508e-02
3.652385742638862212e+03 1.000000000000000000e+00 7.622191743618121629e-02
3.653225850303145762e+03 1.000000000000000000e+00 7.609424905740169720e-02
3.654065957967428858e+03 1.000000000000000000e+00 7.831212914637719624e-02
3.654908784426741931e+03 1.000000000000000000e+00 8.043176736754978351e-02
3.655751610886055005e+03 1.000000000000000000e+00 8.158107749076658199e-02
3.656588999755308123e+03 1.000000000000000000e+00 8.127344823142330921e-02
3.657431826214621651e+03 1.000000000000000000e+00 8.001231683130638483e-02
3.658277371468964702e+03 1.000000000000000000e+00 7.921348032281216867e-02
3.659120197928278230e+03 1.000000000000000000e+00 7.831348049285932755e-02
3.659960305592561326e+03 1.000000000000000000e+00 7.814370763722321145e-02
3.660803132051874400e+03 1.000000000000000000e+00 7.860282260573761559e-02
3.661648677306217905e+03 1.000000000000000000e+00 7.914673093218710376e-02
3.662488784970501001e+03 1.000000000000000000e+00 7.882063254664149754e-02
3.663331611429814075e+03 1.000000000000000000e+00 7.793239558668117739e-02
3.664177156684157126e+03 1.000000000000000000e+00 8.098742066041975107e-02
3.665022701938500632e+03 1.000000000000000000e+00 8.625053619975255048e-02
3.665862809602783727e+03 1.000000000000000000e+00 8.979197794620981388e-02
3.666708354857127233e+03 1.000000000000000000e+00 8.832722732933520615e-02
3.667553900111470284e+03 1.000000000000000000e+00 8.406320204307682342e-02
3.668396726570783358e+03 1.000000000000000000e+00 8.252520366254245676e-02
3.669242271825126863e+03 1.000000000000000000e+00 8.088816256348853317e-02
3.670087817079470369e+03 1.000000000000000000e+00 7.846112134962382467e-02
3.670933362333813420e+03 1.000000000000000000e+00 7.982159637205560321e-02
3.671776188793126494e+03 1.000000000000000000e+00 8.564055977000292752e-02
3.672624452842500432e+03 1.000000000000000000e+00 8.910243975429457675e-02
3.673469998096843028e+03 1.000000000000000000e+00 8.728377784652729954e-02
3.674312824556156556e+03 1.000000000000000000e+00 8.408495904136897847e-02
3.675161088605530040e+03 1.000000000000000000e+00 8.688621001875455885e-02
3.676009352654903068e+03 1.000000000000000000e+00 8.620325106548307192e-02
3.676854897909246574e+03 1.000000000000000000e+00 8.620711886652807077e-02
3.677700443163590080e+03 1.000000000000000000e+00 8.781030695099474592e-02
3.678548707212963109e+03 1.000000000000000000e+00 8.967173866421541961e-02
3.679396971262336592e+03 1.000000000000000000e+00 8.910900225589871160e-02
3.680239797721649666e+03 1.000000000000000000e+00 9.093673965936821535e-02
3.681090780566053127e+03 1.000000000000000000e+00 9.037998156043565434e-02
3.681939044615426610e+03 1.000000000000000000e+00 8.988296188001615450e-02
3.682787308664799639e+03 1.000000000000000000e+00 9.321802619976339577e-02
3.683632853919143145e+03 1.000000000000000000e+00 1.033092763282110194e-01
3.684481117968516173e+03 1.000000000000000000e+00 1.112239597523145135e-01
3.685332100812919634e+03 1.000000000000000000e+00 1.072728443971418116e-01
3.686177646067262685e+03 1.000000000000000000e+00 1.018508631598387809e-01
3.687028628911666146e+03 1.000000000000000000e+00 9.947561219357455020e-02
3.687876892961039175e+03 1.000000000000000000e+00 9.604552043556707774e-02
3.688727875805443091e+03 1.000000000000000000e+00 9.229746912963714134e-02
3.689573421059786597e+03 1.000000000000000000e+00 9.306012278931562187e-02
3.690424403904189603e+03 1.000000000000000000e+00 9.823366478133989388e-02
3.691275386748592609e+03 1.000000000000000000e+00 1.046331063446732934e-01
3.692126369592996070e+03 1.000000000000000000e+00 1.042324798756880389e-01
3.692974633642369554e+03 1.000000000000000000e+00 1.021164723103760302e-01
3.693825616486773015e+03 1.000000000000000000e+00 1.019661615532042320e-01
3.694679318126205999e+03 1.000000000000000000e+00 1.026522212376167892e-01
3.695527582175579937e+03 1.000000000000000000e+00 1.040267750682263431e-01
3.696378565019982943e+03 1.000000000000000000e+00 1.077622764577906150e-01
3.697232266659416837e+03 1.000000000000000000e+00 1.146180276434930340e-01
3.698083249503819843e+03 1.000000000000000000e+00 1.146113667640042966e-01
3.698931513553193327e+03 1.000000000000000000e+00 1.078500424934703689e-01
3.699785215192626765e+03 1.000000000000000000e+00 1.043025397932352411e-01
3.700638916832059749e+03 1.000000000000000000e+00 1.121725017719173989e-01
3.701487180881433233e+03 1.000000000000000000e+00 1.220277416107426877e-01
3.702340882520866671e+03 1.000000000000000000e+00 1.361108891828119172e-01
3.703194584160299655e+03 1.000000000000000000e+00 1.528429531943420461e-01
3.704048285799733549e+03 1.000000000000000000e+00 1.667996431881423325e-01
3.704899268644136555e+03 1.000000000000000000e+00 1.622542620566050364e-01
3.705752970283569994e+03 1.000000000000000000e+00 1.314634443818248621e-01
3.706606671923003887e+03 1.000000000000000000e+00 1.096808651226582054e-01
3.707457654767406893e+03 1.000000000000000000e+00 9.834089769899116706e-02
3.708314075201870310e+03 1.000000000000000000e+00 9.440985962502104756e-02
3.709167776841303748e+03 1.000000000000000000e+00 9.774215139352687709e-02
3.710024197275767165e+03 1.000000000000000000e+00 1.108301961305216549e-01
3.710875180120170626e+03 1.000000000000000000e+00 1.320427842968361631e-01
3.711731600554634042e+03 1.000000000000000000e+00 1.464673574099004671e-01
3.712588020989097458e+03 1.000000000000000000e+00 1.413875501290839665e-01
3.713439003833500919e+03 1.000000000000000000e+00 1.233958071172783499e-01
3.714295424267963881e+03 1.000000000000000000e+00 1.054912337502588449e-01
3.715151844702427752e+03 1.000000000000000000e+00 9.532672745061319952e-02
3.716008265136891168e+03 1.000000000000000000e+00 9.148602373343607541e-02
3.716861966776324607e+03 1.000000000000000000e+00 9.402748286351167439e-02
3.717718387210788023e+03 1.000000000000000000e+00 1.028597184729810321e-01
3.718574807645251894e+03 1.000000000000000000e+00 1.160661727174157609e-01
3.719428509284684878e+03 1.000000000000000000e+00 1.365864277955757544e-01
3.720287648514178272e+03 1.000000000000000000e+00 1.391436786916702417e-01
3.721144068948641689e+03 1.000000000000000000e+00 1.304104941860103339e-01
3.722003208178135083e+03 1.000000000000000000e+00 1.175534222006953816e-01
3.722856909817568976e+03 1.000000000000000000e+00 1.045000354148526295e-01
3.723716049047062370e+03 1.000000000000000000e+00 1.009984445633571454e-01
3.724575188276555764e+03 1.000000000000000000e+00 1.006305394716665580e-01
3.725428889915989203e+03 1.000000000000000000e+00 1.035527927025590295e-01
3.726288029145482597e+03 1.000000000000000000e+00 1.069370454101884055e-01
3.727147168374975990e+03 1.000000000000000000e+00 1.087814967741303623e-01
3.728006307604469384e+03 1.000000000000000000e+00 1.140090912109280874e-01
3.728862728038932801e+03 1.000000000000000000e+00 1.224340570981590076e-01
3.729721867268426649e+03 1.000000000000000000e+00 1.208755475009113123e-01
3.730581006497920043e+03 1.000000000000000000e+00 1.183244159715901023e-01
3.731437426932383460e+03 1.000000000000000000e+00 1.168401913108655932e-01
3.732299284956907286e+03 1.000000000000000000e+00 1.079148399121775681e-01
3.733158424186400680e+03 1.000000000000000000e+00 1.002907823584286151e-01
3.734020282210924051e+03 1.000000000000000000e+00 9.686424020355240139e-02
3.734876702645387468e+03 1.000000000000000000e+00 9.440136126385444137e-02
3.735738560669910839e+03 1.000000000000000000e+00 9.036418693113792977e-02
3.736600418694434666e+03 1.000000000000000000e+00 8.610270902858126185e-02
3.737456839128898082e+03 1.000000000000000000e+00 8.918714326097577916e-02
3.738318697153421454e+03 1.000000000000000000e+00 9.148697722801794885e-02
3.739180555177944825e+03 1.000000000000000000e+00 9.056149806177511696e-02
3.740042413202468651e+03 1.000000000000000000e+00 8.934673455825405120e-02
3.740901552431962045e+03 1.000000000000000000e+00 9.009416621762096622e-02
3.741763410456485417e+03 1.000000000000000000e+00 9.132628530974894188e-02
3.742627987276039221e+03 1.000000000000000000e+00 9.113001657878935791e-02
3.743487126505532615e+03 1.000000000000000000e+00 9.184239217421265311e-02
3.744348984530055986e+03 1.000000000000000000e+00 9.515045241300129630e-02
3.745213561349609790e+03 1.000000000000000000e+00 9.546850361368128257e-02
3.746078138169163594e+03 1.000000000000000000e+00 8.592989413092304296e-02
3.746937277398656988e+03 1.000000000000000000e+00 7.961500815888594706e-02
3.747801854218210792e+03 1.000000000000000000e+00 8.208406398837510276e-02
3.748663712242733709e+03 1.000000000000000000e+00 9.369381806224830189e-02
3.749525570267257081e+03 1.000000000000000000e+00 1.069919471369468189e-01
3.750390147086810885e+03 1.000000000000000000e+00 1.019121022204648314e-01
3.751254723906364688e+03 1.000000000000000000e+00 8.898708206390210096e-02
3.752119300725918038e+03 1.000000000000000000e+00 8.496815648675752619e-02
3.752981158750441864e+03 1.000000000000000000e+00 8.862644827251729696e-02
3.753845735569995213e+03 1.000000000000000000e+00 1.035046992526491988e-01
3.754713031184578540e+03 1.000000000000000000e+00 1.313014505112629904e-01
3.755574889209102366e+03 1.000000000000000000e+00 1.317503014769002279e-01
3.756439466028655715e+03 1.000000000000000000e+00 1.109694320765427095e-01
3.757306761643239497e+03 1.000000000000000000e+00 9.638719124218669831e-02
3.758171338462793301e+03 1.000000000000000000e+00 9.903681387400892211e-02
3.759035915282346650e+03 1.000000000000000000e+00 1.180993711142725305e-01
3.759900492101900454e+03 1.000000000000000000e+00 1.509028232936709957e-01
3.760767787716483781e+03 1.000000000000000000e+00 1.584066945327879949e-01
3.761632364536037585e+03 1.000000000000000000e+00 1.253544765961816243e-01
3.762499660150621366e+03 1.000000000000000000e+00 1.106964057698578419e-01
3.763366955765205148e+03 1.000000000000000000e+00 1.039484342790918808e-01
3.764234251379788020e+03 1.000000000000000000e+00 9.966349827687182028e-02
3.765098828199341824e+03 1.000000000000000000e+00 9.745200052910543698e-02
3.765966123813925606e+03 1.000000000000000000e+00 9.827946241920046400e-02
3.766836138223538910e+03 1.000000000000000000e+00 1.063118678376109710e-01
3.767700715043092714e+03 1.000000000000000000e+00 1.084621124467875508e-01
3.768568010657676496e+03 1.000000000000000000e+00 1.014662453955665899e-01
3.769438025067290255e+03 1.000000000000000000e+00 9.380548811443178980e-02
3.770305320681873582e+03 1.000000000000000000e+00 9.179552669153466515e-02
3.771172616296457363e+03 1.000000000000000000e+00 8.954198078400743555e-02
3.772042630706071122e+03 1.000000000000000000e+00 8.275548278131210356e-02
3.772912645115684427e+03 1.000000000000000000e+00 8.286709538906700256e-02
3.773777221935238231e+03 1.000000000000000000e+00 9.362204131225253245e-02
3.774647236344851990e+03 1.000000000000000000e+00 1.136390695875323514e-01
3.775517250754465294e+03 1.000000000000000000e+00 1.146229689040701161e-01
3.776387265164079054e+03 1.000000000000000000e+00 9.687409455116860468e-02
3.777254560778662835e+03 1.000000000000000000e+00 8.337997311285567925e-02
3.778127293983306572e+03 1.000000000000000000e+00 7.839548123511194677e-02
3.778997308392920331e+03 1.000000000000000000e+00 7.997018718914590540e-02
3.779864604007503658e+03 1.000000000000000000e+00 8.342752340389059107e-02
3.780737337212147395e+03 1.000000000000000000e+00 8.372279164568149912e-02
3.781607351621760699e+03 1.000000000000000000e+00 8.261231452906127315e-02
3.782480084826404891e+03 1.000000000000000000e+00 8.045944525910694867e-02
3.783347380440988672e+03 1.000000000000000000e+00 7.893918721190919252e-02
3.784220113645631955e+03 1.000000000000000000e+00 7.998044719143378167e-02
3.785092846850276146e+03 1.000000000000000000e+00 8.539609765469693969e-02
3.785962861259889451e+03 1.000000000000000000e+00 9.994485155176908997e-02
3.786835594464533187e+03 1.000000000000000000e+00 1.130817132962322058e-01
3.787708327669176924e+03 1.000000000000000000e+00 1.038231312922897054e-01
3.788581060873820661e+03 1.000000000000000000e+00 8.737912554739170334e-02
3.789451075283433966e+03 1.000000000000000000e+00 7.967439477145911442e-02
3.790323808488078157e+03 1.000000000000000000e+00 8.151322709698098634e-02
3.791199260487751417e+03 1.000000000000000000e+00 8.352564579933584310e-02
3.792069274897365631e+03 1.000000000000000000e+00 8.729723482292633951e-02
3.792944726897038890e+03 1.000000000000000000e+00 9.564016277962343604e-02
3.793817460101683082e+03 1.000000000000000000e+00 1.098960242649563573e-01
3.794692912101356796e+03 1.000000000000000000e+00 1.228203196550853998e-01
3.795562926510970101e+03 1.000000000000000000e+00 1.215936628314755186e-01
3.796438378510643815e+03 1.000000000000000000e+00 1.175409167805047117e-01
3.797313830510317530e+03 1.000000000000000000e+00 1.164774616380020444e-01
3.798186563714961721e+03 1.000000000000000000e+00 1.123509660030106300e-01
3.799062015714634981e+03 1.000000000000000000e+00 1.012431217506135905e-01
3.799937467714308696e+03 1.000000000000000000e+00 8.876551419979318569e-02
3.800815638509012842e+03 1.000000000000000000e+00 8.144340552773156328e-02
3.801685652918626147e+03 1.000000000000000000e+00 7.819871285774102065e-02
3.802563823713329839e+03 1.000000000000000000e+00 7.709814393378375263e-02
3.803439275713004008e+03 1.000000000000000000e+00 7.533622519173685528e-02
3.804312008917647290e+03 1.000000000000000000e+00 7.400037567106408642e-02
3.805190179712351437e+03 1.000000000000000000e+00 8.043821385026711512e-02
3.806068350507055129e+03 1.000000000000000000e+00 9.131333210920332399e-02
3.806946521301758821e+03 1.000000000000000000e+00 1.034324329372581647e-01
3.807819254506403013e+03 1.000000000000000000e+00 1.179519485748883462e-01
3.808697425301106705e+03 1.000000000000000000e+00 1.337843801706007085e-01
3.809575596095810397e+03 1.000000000000000000e+00 1.403341449015164111e-01
3.810448329300453679e+03 1.000000000000000000e+00 1.309402169829271823e-01
3.811329218890187803e+03 1.000000000000000000e+00 1.167251055094549878e-01
3.812207389684891496e+03 1.000000000000000000e+00 9.787944771561206403e-02
3.813085560479595188e+03 1.000000000000000000e+00 1.082544440797368751e-01
3.813961012479268902e+03 1.000000000000000000e+00 9.781908902410182960e-02
3.814841902069003027e+03 1.000000000000000000e+00 9.623020322627375001e-02
3.815720072863706719e+03 1.000000000000000000e+00 9.867778600011369028e-02
3.816595524863380433e+03 1.000000000000000000e+00 1.001009218327742062e-01
3.817476414453114103e+03 1.000000000000000000e+00 1.033716150773598547e-01
3.818357304042847773e+03 1.000000000000000000e+00 1.091742460982264851e-01
3.819238193632581897e+03 1.000000000000000000e+00 1.180828626933523584e-01
3.820113645632255611e+03 1.000000000000000000e+00 1.266639691980879501e-01
3.820994535221989281e+03 1.000000000000000000e+00 1.295649017153119309e-01
3.821875424811723406e+03 1.000000000000000000e+00 1.253499918324219031e-01
3.822753595606427098e+03 1.000000000000000000e+00 1.138946356905650437e-01
3.823634485196160767e+03 1.000000000000000000e+00 1.048496560993140841e-01
3.824515374785894892e+03 1.000000000000000000e+00 1.023712489299857531e-01
3.825398983170658994e+03 1.000000000000000000e+00 1.072977900661008649e-01
3.826277153965362686e+03 1.000000000000000000e+00 1.176749228077461351e-01
3.827158043555096356e+03 1.000000000000000000e+00 1.264432111390210722e-01
3.828041651939860003e+03 1.000000000000000000e+00 1.202277909100603198e-01
3.828922541529593673e+03 1.000000000000000000e+00 1.077584407522026722e-01
3.829803431119327797e+03 1.000000000000000000e+00 1.017263591358801983e-01
3.830684320709061467e+03 1.000000000000000000e+00 1.033501866068294583e-01
3.831567929093825114e+03 1.000000000000000000e+00 1.086521443525264724e-01
3.832448818683559239e+03 1.000000000000000000e+00 1.180900029968853099e-01
3.833332427068322886e+03 1.000000000000000000e+00 1.263155475967914498e-01
3.834216035453086988e+03 1.000000000000000000e+00 1.243588399556878887e-01
3.835099643837850635e+03 1.000000000000000000e+00 1.143661976966953570e-01
3.835980533427584760e+03 1.000000000000000000e+00 1.063260282364988235e-01
3.836864141812348862e+03 1.000000000000000000e+00 1.021229981547417537e-01
3.837750468992142487e+03 1.000000000000000000e+00 9.934892747569160076e-02
3.838631358581876611e+03 1.000000000000000000e+00 9.972720079904824619e-02
3.839514966966640259e+03 1.000000000000000000e+00 1.005402605459976978e-01
3.840401294146433884e+03 1.000000000000000000e+00 1.005845117220752760e-01
3.841287621326227963e+03 1.000000000000000000e+00 1.009601119700745675e-01
3.842168510915961633e+03 1.000000000000000000e+00 9.646462564697923237e-02
3.843054838095755713e+03 1.000000000000000000e+00 9.222211841071152605e-02
3.843941165275549793e+03 1.000000000000000000e+00 9.411524551567572450e-02
3.844822054865283462e+03 1.000000000000000000e+00 9.794388044907530178e-02
3.845708382045077542e+03 1.000000000000000000e+00 1.056529665025194437e-01
3.846594709224871167e+03 1.000000000000000000e+00 1.147123176601351074e-01
3.847483755199695224e+03 1.000000000000000000e+00 1.186155311432390697e-01
3.848364644789429349e+03 1.000000000000000000e+00 1.160882486967701743e-01
3.849253690764253406e+03 1.000000000000000000e+00 1.102924622793516884e-01
3.850140017944047031e+03 1.000000000000000000e+00 1.021256952233147025e-01
3.851023626328811133e+03 1.000000000000000000e+00 9.419194740328527826e-02
3.851912672303634736e+03 1.000000000000000000e+00 8.969735901120526322e-02
3.852801718278458793e+03 1.000000000000000000e+00 8.951695187080120630e-02
3.853688045458252873e+03 1.000000000000000000e+00 9.245295739760694964e-02
3.854574372638046498e+03 1.000000000000000000e+00 9.503685282896266739e-02
3.855463418612871010e+03 1.000000000000000000e+00 9.833254074336653106e-02
3.856352464587694158e+03 1.000000000000000000e+00 9.971199585888002037e-02
3.857236072972458260e+03 1.000000000000000000e+00 9.682991868590380691e-02
3.858125118947282317e+03 1.000000000000000000e+00 9.645034429173887647e-02
3.859016883717136352e+03 1.000000000000000000e+00 1.068405212913115382e-01
3.859905929691960409e+03 1.000000000000000000e+00 1.160472276903550121e-01
3.860792256871754034e+03 1.000000000000000000e+00 1.146091967541547074e-01
3.861681302846578092e+03 1.000000000000000000e+00 1.071276875486312508e-01
3.862573067616432127e+03 1.000000000000000000e+00 1.015958279839173084e-01
3.863459394796226206e+03 1.000000000000000000e+00 9.939088187531962271e-02
3.864348440771049809e+03 1.000000000000000000e+00 9.843545821785450178e-02
3.865240205540903844e+03 1.000000000000000000e+00 9.594281802755828814e-02
3.866131970310758334e+03 1.000000000000000000e+00 9.377409395994895647e-02
3.867018297490552413e+03 1.000000000000000000e+00 9.189089654869815604e-02
3.867910062260405994e+03 1.000000000000000000e+00 9.135614045839733632e-02
3.868801827030260029e+03 1.000000000000000000e+00 9.287169468172491726e-02
3.869690873005084086e+03 1.000000000000000000e+00 9.669207124534927311e-02
3.870582637774937666e+03 1.000000000000000000e+00 1.025399399660755911e-01
3.871474402544792156e+03 1.000000000000000000e+00 1.073917113054579514e-01
3.872368886109675714e+03 1.000000000000000000e+00 1.060525898121036786e-01
3.873257932084499771e+03 1.000000000000000000e+00 1.011200249206941348e-01
3.874149696854354261e+03 1.000000000000000000e+00 9.530673632865854783e-02
3.875044180419237819e+03 1.000000000000000000e+00 8.993495860574328427e-02
3.875933226394061876e+03 1.000000000000000000e+00 8.963738500067364168e-02
3.876827709958946343e+03 1.000000000000000000e+00 9.183593149150824642e-02
3.877722193523829901e+03 1.000000000000000000e+00 9.562916419829466108e-02
3.878613958293683936e+03 1.000000000000000000e+00 9.337412752840035246e-02
3.879505723063537971e+03 1.000000000000000000e+00 8.705695406777298750e-02
3.880400206628421984e+03 1.000000000000000000e+00 8.517279504301623894e-02
3.881294690193306451e+03 1.000000000000000000e+00 8.886029182165977591e-02
3.882186454963160031e+03 1.000000000000000000e+00 9.252053553972519606e-02
3.883080938528044499e+03 1.000000000000000000e+00 9.561071334901932728e-02
3.883975422092928056e+03 1.000000000000000000e+00 9.852085519137465663e-02
3.884872624452842501e+03 1.000000000000000000e+00 1.008227057794660181e-01
3.885764389222696082e+03 1.000000000000000000e+00 9.910662505042579229e-02
3.886658872787580549e+03 1.000000000000000000e+00 9.378823039686964846e-02
3.887556075147494539e+03 1.000000000000000000e+00 9.089378531294146912e-02
3.888447839917348574e+03 1.000000000000000000e+00 9.068089749520760745e-02
3.889345042277262564e+03 1.000000000000000000e+00 8.886522607540860152e-02
3.890242244637177009e+03 1.000000000000000000e+00 8.819173450620620969e-02
3.891139446997090545e+03 1.000000000000000000e+00 9.043904880805675450e-02
3.892031211766945034e+03 1.000000000000000000e+00 9.565123363438884918e-02
3.892928414126859025e+03 1.000000000000000000e+00 1.027596422118363384e-01
3.893825616486772560e+03 1.000000000000000000e+00 1.106150010294109781e-01
3.894720100051657028e+03 1.000000000000000000e+00 1.148722331689194937e-01
3.895617302411571018e+03 1.000000000000000000e+00 1.119457217203321947e-01
3.896517223566515440e+03 1.000000000000000000e+00 1.047451574618903092e-01
3.897414425926429431e+03 1.000000000000000000e+00 9.882913293329120830e-02
3.898308909491313443e+03 1.000000000000000000e+00 9.434617000785257279e-02
3.899208830646257411e+03 1.000000000000000000e+00 9.084678169238989687e-02
3.900108751801201379e+03 1.000000000000000000e+00 9.167653416670401567e-02
3.901003235366085846e+03 1.000000000000000000e+00 9.315104166276587383e-02
3.901903156521029814e+03 1.000000000000000000e+00 9.540805332073400147e-02
3.902803077675973782e+03 1.000000000000000000e+00 9.494388583981257235e-02
3.903702998830917750e+03 1.000000000000000000e+00 9.324607484657077006e-02
3.904597482395802217e+03 1.000000000000000000e+00 9.363399042186681953e-02
3.905497403550746185e+03 1.000000000000000000e+00 9.203031754909424267e-02
3.906400043500720130e+03 1.000000000000000000e+00 8.824052266997110816e-02
3.907294527065604598e+03 1.000000000000000000e+00 8.786977823526702369e-02
3.908197167015578543e+03 1.000000000000000000e+00 9.169260715394339512e-02
3.909097088170522511e+03 1.000000000000000000e+00 9.874760802597414011e-02
3.909999728120496911e+03 1.000000000000000000e+00 1.057728610017081294e-01
3.910896930480410902e+03 1.000000000000000000e+00 1.047540159284716388e-01
3.911799570430384847e+03 1.000000000000000000e+00 9.700002805658261562e-02
3.912699491585328815e+03 1.000000000000000000e+00 9.150050407234119887e-02
3.913599412740273692e+03 1.000000000000000000e+00 9.127947771367937724e-02
3.914502052690247638e+03 1.000000000000000000e+00 9.500033572157290385e-02
3.915404692640221583e+03 1.000000000000000000e+00 9.862541906587754537e-02
3.916307332590195983e+03 1.000000000000000000e+00 9.676808746354136070e-02
3.917204534950109974e+03 1.000000000000000000e+00 9.518704389949762812e-02
3.918107174900084374e+03 1.000000000000000000e+00 9.126486015276044639e-02
3.919012533645088297e+03 1.000000000000000000e+00 9.008544287402682482e-02
3.919912454800032265e+03 1.000000000000000000e+00 9.187427563768510441e-02
3.920815094750006665e+03 1.000000000000000000e+00 9.288538312392888296e-02
3.921720453495010588e+03 1.000000000000000000e+00 9.252330798216389096e-02
3.922623093444984988e+03 1.000000000000000000e+00 9.237384763292665057e-02
3.923523014599929411e+03 1.000000000000000000e+00 9.303996913542610103e-02
3.924428373344933334e+03 1.000000000000000000e+00 9.398851491494404631e-02
3.925333732089937712e+03 1.000000000000000000e+00 9.015037293319146106e-02
3.926233653244881680e+03 1.000000000000000000e+00 8.765366887263460749e-02
3.927139011989886058e+03 1.000000000000000000e+00 8.719073528651638538e-02
3.928044370734889981e+03 1.000000000000000000e+00 8.713333263355597935e-02
3.928952448274924336e+03 1.000000000000000000e+00 8.789084587882496635e-02
3.929852369429868304e+03 1.000000000000000000e+00 8.852004610759474368e-02
3.930760446969902659e+03 1.000000000000000000e+00 9.300212765543405813e-02
3.931665805714907037e+03 1.000000000000000000e+00 1.004150384882014496e-01
3.932568445664880983e+03 1.000000000000000000e+00 1.029772178234138608e-01
3.933473804409885361e+03 1.000000000000000000e+00 9.875396346892467703e-02
3.934381881949919261e+03 1.000000000000000000e+00 9.228270032656338273e-02
3.935289959489953617e+03 1.000000000000000000e+00 8.651891553300922189e-02
3.936192599439928017e+03 1.000000000000000000e+00 8.702129780612320731e-02
3.937100676979961918e+03 1.000000000000000000e+00 8.591654433445218564e-02
3.938008754519996273e+03 1.000000000000000000e+00 8.562268692612347298e-02
3.938911394469970674e+03 1.000000000000000000e+00 8.378671098233766990e-02
3.939819472010005029e+03 1.000000000000000000e+00 8.304491088939389143e-02
3.940727549550038930e+03 1.000000000000000000e+00 8.176266850208040171e-02
3.941638345885103718e+03 1.000000000000000000e+00 7.990921555550577204e-02
3.942540985835077663e+03 1.000000000000000000e+00 8.104633248114063993e-02
3.943451782170141996e+03 1.000000000000000000e+00 8.831786389341861332e-02
3.944359859710176352e+03 1.000000000000000000e+00 9.675879713989922470e-02
3.945265218455180275e+03 1.000000000000000000e+00 9.949433160392409659e-02
3.946176014790245063e+03 1.000000000000000000e+00 9.787115398018195189e-02
3.947084092330278963e+03 1.000000000000000000e+00 9.330015632756716304e-02
3.947994888665343751e+03 1.000000000000000000e+00 8.810024269067875946e-02
3.948902966205377197e+03 1.000000000000000000e+00 8.294305631582406246e-02
3.949811043745411553e+03 1.000000000000000000e+00 8.139803266791025005e-02
3.950721840080475886e+03 1.000000000000000000e+00 8.372204472401074959e-02
3.951629917620510241e+03 1.000000000000000000e+00 8.349648691381054977e-02
3.952540713955574574e+03 1.000000000000000000e+00 8.266853462686826748e-02
3.953451510290639362e+03 1.000000000000000000e+00 8.243255472670608930e-02
3.954365025420733218e+03 1.000000000000000000e+00 8.136782539430942318e-02
3.955270384165737596e+03 1.000000000000000000e+00 8.090213331348458659e-02
3.956183899295831907e+03 1.000000000000000000e+00 8.295398325817764096e-02
3.957094695630896240e+03 1.000000000000000000e+00 8.442658646668577127e-02
3.958002773170930595e+03 1.000000000000000000e+00 8.411991333100629631e-02
3.958916288301024906e+03 1.000000000000000000e+00 8.397983304193822052e-02
3.959829803431119217e+03 1.000000000000000000e+00 8.443080429255450658e-02
3.960743318561213528e+03 1.000000000000000000e+00 8.403696252233516795e-02
3.961651396101247883e+03 1.000000000000000000e+00 8.139422631989719215e-02
3.962564911231341739e+03 1.000000000000000000e+00 7.826074212749581371e-02
3.963478426361436505e+03 1.000000000000000000e+00 7.943690624269247880e-02
3.964389222696500838e+03 1.000000000000000000e+00 7.984488797408018090e-02
3.965302737826595148e+03 1.000000000000000000e+00 8.081821116652267156e-02
3.966216252956689459e+03 1.000000000000000000e+00 7.994298080542425189e-02
3.967132486881813747e+03 1.000000000000000000e+00 7.848536640603508141e-02
3.968043283216878081e+03 1.000000000000000000e+00 7.910622021824087469e-02
3.968956798346972391e+03 1.000000000000000000e+00 7.818423163131768550e-02
3.969873032272096680e+03 1.000000000000000000e+00 7.343192690192160144e-02
3.970789266197220968e+03 1.000000000000000000e+00 7.917221256431342113e-02
3.971700062532285301e+03 1.000000000000000000e+00 7.953636587148590897e-02
3.972616296457410044e+03 1.000000000000000000e+00 7.618589989823822128e-02
3.973529811587504355e+03 1.000000000000000000e+00 7.689642946625935283e-02
3.974443326717598666e+03 1.000000000000000000e+00 8.027819207432683457e-02
3.975359560642722954e+03 1.000000000000000000e+00 7.892977708760769151e-02
3.976275794567847242e+03 1.000000000000000000e+00 7.920648965013631082e-02
3.977192028492971986e+03 1.000000000000000000e+00 7.898412110697938804e-02
3.978105543623066296e+03 1.000000000000000000e+00 8.045506949018235709e-02
3.979024496343220562e+03 1.000000000000000000e+00 8.211587080220740520e-02
3.979940730268345305e+03 1.000000000000000000e+00 8.257591739639570660e-02
3.980854245398439161e+03 1.000000000000000000e+00 8.139405770691317266e-02
3.981773198118593882e+03 1.000000000000000000e+00 7.874748871818450235e-02
3.982689432043718170e+03 1.000000000000000000e+00 7.756476625395697377e-02
3.983608384763872436e+03 1.000000000000000000e+00 7.912938691890650245e-02
3.984521899893966747e+03 1.000000000000000000e+00 8.154007576569649585e-02
3.985440852614121468e+03 1.000000000000000000e+00 8.483868945185078780e-02
3.986359805334275734e+03 1.000000000000000000e+00 8.410349428414964912e-02
3.987276039259400022e+03 1.000000000000000000e+00 8.335789952799781133e-02
3.988194991979554288e+03 1.000000000000000000e+00 8.295439091617079486e-02
3.989113944699709009e+03 1.000000000000000000e+00 8.078472258340617385e-02
3.990035616214893253e+03 1.000000000000000000e+00 8.282731532367883232e-02
3.990951850140017996e+03 1.000000000000000000e+00 7.881691575420689266e-02
3.991870802860172262e+03 1.000000000000000000e+00 7.793868948796926766e-02
3.992792474375356505e+03 1.000000000000000000e+00 7.718526514775557457e-02
3.993708708300481248e+03 1.000000000000000000e+00 7.602709459920671542e-02
3.994627661020635514e+03 1.000000000000000000e+00 7.619622302545892012e-02
3.995549332535820213e+03 1.000000000000000000e+00 7.892698142455741028e-02
3.996471004051004456e+03 1.000000000000000000e+00 8.262013163947107275e-02
3.997387237976129200e+03 1.000000000000000000e+00 8.195211000187645201e-02
3.998308909491313443e+03 1.000000000000000000e+00 7.815097303448972910e-02
3.999233299801527664e+03 1.000000000000000000e+00 8.019362300756591178e-02
4.000149533726652407e+03 1.000000000000000000e+00 8.423309859593243465e-02
4.001071205241836651e+03 1.000000000000000000e+00 8.480201767185654993e-02
4.001995595552051327e+03 1.000000000000000000e+00 8.190909993705774994e-02
4.002917267067235571e+03 1.000000000000000000e+00 7.996167371049070494e-02
4.003836219787390291e+03 1.000000000000000000e+00 8.014984514138986937e-02
4.004760610097604513e+03 1.000000000000000000e+00 8.210615567943584103e-02
4.005682281612788756e+03 1.000000000000000000e+00 8.155461639073237345e-02
4.006603953127973455e+03 1.000000000000000000e+00 8.072816497781151734e-02
4.007525624643158153e+03 1.000000000000000000e+00 7.773308063132225443e-02
4.008450014953372374e+03 1.000000000000000000e+00 7.573037523979307684e-02
4.009374405263586596e+03 1.000000000000000000e+00 7.498473304692611363e-02
4.010296076778771749e+03 1.000000000000000000e+00 7.446461707123099016e-02
4.011220467088985970e+03 1.000000000000000000e+00 7.392605073256122705e-02
4.012144857399200646e+03 1.000000000000000000e+00 7.465222985779913778e-02
4.013066528914384890e+03 1.000000000000000000e+00 7.827675231253984622e-02
4.013990919224599565e+03 1.000000000000000000e+00 7.861955825240574125e-02
4.014918028329844219e+03 1.000000000000000000e+00 7.810330220495335929e-02
4.015842418640058440e+03 1.000000000000000000e+00 7.818979310034911145e-02
4.016764090155242684e+03 1.000000000000000000e+00 7.800563035315698224e-02
4.017691199260487338e+03 1.000000000000000000e+00 7.876879157795096953e-02
4.018615589570702468e+03 1.000000000000000000e+00 7.857093333574126370e-02
4.019539979880916690e+03 1.000000000000000000e+00 7.875413620085591759e-02
4.020467088986161343e+03 1.000000000000000000e+00 7.640263337348329742e-02
4.021394198091405542e+03 1.000000000000000000e+00 7.385174111648101780e-02
4.022321307196650196e+03 1.000000000000000000e+00 7.494754895125053940e-02
4.023242978711834439e+03 1.000000000000000000e+00 7.735714689318555493e-02
4.024170087817079093e+03 1.000000000000000000e+00 7.818860417925531381e-02
4.025099915717353724e+03 1.000000000000000000e+00 7.903140199817461353e-02
4.026024306027568855e+03 1.000000000000000000e+00 7.752669557232201580e-02
4.026951415132813054e+03 1.000000000000000000e+00 7.481043929047334617e-02
4.027881243033087685e+03 1.000000000000000000e+00 7.498814557722104090e-02
4.028808352138332339e+03 1.000000000000000000e+00 7.675484699499543484e-02
4.029732742448546560e+03 1.000000000000000000e+00 7.832173238631694179e-02
4.030662570348821191e+03 1.000000000000000000e+00 7.834083314288101119e-02
4.031592398249095822e+03 1.000000000000000000e+00 7.712660189449431491e-02
4.032516788559310498e+03 1.000000000000000000e+00 7.816674298304684965e-02
4.033446616459585130e+03 1.000000000000000000e+00 7.649632878000424407e-02
4.034376444359859761e+03 1.000000000000000000e+00 7.341827217441537767e-02
4.035308991055164370e+03 1.000000000000000000e+00 7.114710927385183015e-02
4.036233381365378591e+03 1.000000000000000000e+00 7.215657076030815298e-02
4.037165928060683655e+03 1.000000000000000000e+00 7.429483154941513012e-02
4.038095755960958286e+03 1.000000000000000000e+00 7.607450611477076241e-02
4.039022865066202485e+03 1.000000000000000000e+00 7.616637542570796338e-02
4.039952692966477116e+03 1.000000000000000000e+00 7.551146176141923516e-02
4.040885239661781725e+03 1.000000000000000000e+00 7.531720658312773820e-02
4.041817786357086334e+03 1.000000000000000000e+00 7.375463172973906190e-02
4.042744895462330987e+03 1.000000000000000000e+00 7.458174279220775027e-02
4.043677442157635596e+03 1.000000000000000000e+00 7.451775829995987976e-02
4.044609988852940205e+03 1.000000000000000000e+00 7.481251070966624117e-02
4.045537097958184404e+03 1.000000000000000000e+00 7.715425255166384610e-02
4.046469644653489468e+03 1.000000000000000000e+00 8.088024174887051276e-02
4.047404910143824054e+03 1.000000000000000000e+00 8.384042573146589794e-02
4.048337456839128663e+03 1.000000000000000000e+00 8.039295654464374830e-02
4.049267284739403294e+03 1.000000000000000000e+00 7.587570384546711566e-02
4.050199831434708358e+03 1.000000000000000000e+00 7.508655821423816656e-02
4.051135096925042490e+03 1.000000000000000000e+00 7.659421482745654153e-02
4.052064924825317121e+03 1.000000000000000000e+00 7.573220823151773085e-02
4.052997471520621730e+03 1.000000000000000000e+00 7.361373502620484344e-02
4.053932737010956771e+03 1.000000000000000000e+00 7.257518245251239064e-02
4.054868002501290903e+03 1.000000000000000000e+00 7.310042366179292372e-02
4.055797830401565534e+03 1.000000000000000000e+00 7.288873054572106436e-02
4.056733095891900575e+03 1.000000000000000000e+00 7.244170840496483299e-02
4.057668361382235162e+03 1.000000000000000000e+00 7.228174963807625086e-02
4.058600908077540225e+03 1.000000000000000000e+00 7.146481517148858820e-02
4.059536173567874357e+03 1.000000000000000000e+00 7.140593292915957402e-02
4.060471439058208944e+03 1.000000000000000000e+00 7.148935619003167485e-02
4.061409423343573962e+03 1.000000000000000000e+00 7.173371036529162248e-02
4.062339251243848594e+03 1.000000000000000000e+00 7.145114550599118708e-02
4.063277235529213158e+03 1.000000000000000000e+00 7.076135172708700183e-02
4.064215219814578177e+03 1.000000000000000000e+00 7.191085169067247540e-02
4.065147766509882786e+03 1.000000000000000000e+00 7.243493457576168082e-02
4.066083032000216917e+03 1.000000000000000000e+00 7.267431565950956129e-02
4.067021016285581936e+03 1.000000000000000000e+00 7.322443837573823500e-02
4.067959000570946955e+03 1.000000000000000000e+00 7.412165994147425219e-02
4.068894266061281087e+03 1.000000000000000000e+00 7.471035024294153670e-02
4.069832250346646106e+03 1.000000000000000000e+00 7.440438688983891380e-02
4.070770234632011125e+03 1.000000000000000000e+00 7.347514112043199153e-02
4.071705500122345256e+03 1.000000000000000000e+00 7.147311381259743857e-02
4.072643484407710275e+03 1.000000000000000000e+00 7.038442237060045514e-02
4.073581468693075294e+03 1.000000000000000000e+00 7.107868623264140817e-02
4.074522171773469836e+03 1.000000000000000000e+00 7.147969902703818490e-02
4.075457437263804877e+03 1.000000000000000000e+00 7.234471713366144585e-02
4.076395421549168987e+03 1.000000000000000000e+00 7.216504912666116267e-02
4.077336124629563983e+03 1.000000000000000000e+00 7.062967398604298730e-02
4.078271390119899024e+03 1.000000000000000000e+00 7.026706914760566525e-02
4.079212093200293566e+03 1.000000000000000000e+00 7.148738584278260810e-02
4.080152796280688108e+03 1.000000000000000000e+00 7.145937044450843822e-02
4.081093499361083104e+03 1.000000000000000000e+00 7.046279896278698218e-02
4.082031483646448123e+03 1.000000000000000000e+00 6.971395487490911202e-02
4.082972186726842665e+03 1.000000000000000000e+00 7.062025380202244240e-02
4.083912889807237661e+03 1.000000000000000000e+00 9.910947572089377766e-02
4.084850874092601771e+03 1.000000000000000000e+00 9.915739175215942947e-02
4.085794295968026745e+03 1.000000000000000000e+00 9.920678187744629006e-02
4.086734999048421741e+03 1.000000000000000000e+00 9.925667913081449856e-02
4.087678420923846261e+03 1.000000000000000000e+00 9.930610190754854405e-02
4.088616405209211280e+03 1.000000000000000000e+00 9.935591268322127578e-02
4.089559827084635799e+03 1.000000000000000000e+00 9.940536802836053010e-02
4.090500530165030796e+03 1.000000000000000000e+00 9.945502552622488557e-02
4.091441233245425337e+03 1.000000000000000000e+00 9.950469966427127888e-02
4.092384655120850312e+03 1.000000000000000000e+00 9.955451051015548614e-02
4.093328076996275286e+03 1.000000000000000000e+00 9.960433727320641695e-02
4.094271498871699805e+03 1.000000000000000000e+00 9.965418041578939790e-02
4.095212201952094802e+03 1.000000000000000000e+00 9.970392033680829103e-02
4.096155623827519776e+03 1.000000000000000000e+00 9.975379643919260464e-02
4.097099045702944750e+03 1.000000000000000000e+00 9.980368910198104959e-02
4.098039748783338837e+03 1.000000000000000000e+00 9.985347832463527251e-02
4.098985889453793789e+03 1.000000000000000000e+00 9.990352400583879522e-02
4.099932030124248740e+03 1.000000000000000000e+00 9.995358690347373731e-02
4.100875451999673714e+03 1.000000000000000000e+00 7.025860737959105373e-02
4.101816155080067801e+03 1.000000000000000000e+00 7.113992572371902190e-02
4.102762295750523663e+03 1.000000000000000000e+00 7.171019678408070697e-02
4.103708436420977705e+03 1.000000000000000000e+00 7.055902745480821525e-02
4.104651858296402679e+03 1.000000000000000000e+00 6.988210393139240861e-02
4.105597998966857631e+03 1.000000000000000000e+00 7.040641211161120794e-02
4.106544139637312583e+03 1.000000000000000000e+00 7.049440298160331020e-02
4.107490280307767534e+03 1.000000000000000000e+00 7.043990645927904193e-02
4.108433702183192509e+03 1.000000000000000000e+00 6.984321446438976344e-02
4.109379842853646551e+03 1.000000000000000000e+00 6.865233095169787081e-02
4.110328702319132390e+03 1.000000000000000000e+00 6.928006355939975158e-02
4.111272124194556454e+03 1.000000000000000000e+00 7.017475657289173885e-02
4.112220983660041384e+03 1.000000000000000000e+00 7.049243607639189835e-02
4.113169843125526313e+03 1.000000000000000000e+00 7.020411853184049811e-02
4.114115983795981265e+03 1.000000000000000000e+00 7.041025545179122047e-02
4.115062124466436217e+03 1.000000000000000000e+00 7.126174643385729812e-02
4.116010983931921146e+03 1.000000000000000000e+00 7.078162395742065849e-02
4.116959843397406075e+03 1.000000000000000000e+00 7.093137402141166947e-02
4.117908702862891005e+03 1.000000000000000000e+00 7.112231286546794040e-02
4.118854843533345957e+03 1.000000000000000000e+00 7.125392178468166471e-02
4.119803702998830886e+03 1.000000000000000000e+00 7.088439282973836575e-02
4.120752562464315815e+03 1.000000000000000000e+00 6.968084276272522304e-02
4.121698703134770767e+03 1.000000000000000000e+00 6.928886620639565508e-02
4.122650281395285674e+03 1.000000000000000000e+00 6.439846448273479906e-02
4.123599140860770603e+03 1.000000000000000000e+00 6.403198174820332045e-02
4.124550719121285510e+03 1.000000000000000000e+00 6.341839367064339150e-02
4.125496859791740462e+03 1.000000000000000000e+00 6.358514259592247531e-02
4.126448438052255369e+03 1.000000000000000000e+00 6.391905207527497079e-02
4.127400016312770276e+03 1.000000000000000000e+00 6.259750297190255774e-02
4.128348875778255206e+03 1.000000000000000000e+00 6.095162302139873339e-02
4.129300454038770113e+03 1.000000000000000000e+00 6.065222883032769796e-02
4.130252032299285020e+03 1.000000000000000000e+00 5.979340735053776529e-02
4.131203610559799927e+03 1.000000000000000000e+00 5.897514994792889959e-02
4.132152470025284856e+03 1.000000000000000000e+00 5.872914714219003990e-02
4.133106767080829741e+03 1.000000000000000000e+00 6.011036056877960831e-02
4.134058345341344648e+03 1.000000000000000000e+00 6.167603453180257184e-02
4.135007204806829577e+03 1.000000000000000000e+00 6.259919448149926791e-02
4.135961501862374462e+03 1.000000000000000000e+00 6.211963539396678224e-02
4.136915798917919346e+03 1.000000000000000000e+00 6.177481435063100074e-02
4.137867377178434253e+03 1.000000000000000000e+00 6.263759672837924952e-02
4.138818955438949160e+03 1.000000000000000000e+00 6.399176150674099062e-02
4.139773252494494045e+03 1.000000000000000000e+00 6.265935800488876828e-02
4.140727549550038930e+03 1.000000000000000000e+00 6.343780916794293512e-02
4.141676409015523859e+03 1.000000000000000000e+00 6.430704203993367618e-02
4.142633424866099631e+03 1.000000000000000000e+00 6.314162884745352922e-02
4.143587721921644516e+03 1.000000000000000000e+00 6.005481158806522807e-02
4.144542018977189400e+03 1.000000000000000000e+00 5.593303784278918361e-02
4.145493597237704307e+03 1.000000000000000000e+00 5.369892406728161982e-02
4.146450613088279169e+03 1.000000000000000000e+00 5.759321697077383201e-02
4.147407628938854032e+03 1.000000000000000000e+00 6.106400886911667741e-02
4.148359207199368939e+03 1.000000000000000000e+00 6.221706805493730508e-02
4.149316223049943801e+03 1.000000000000000000e+00 6.090492534011489323e-02
4.150273238900519573e+03 1.000000000000000000e+00 6.126457639523584520e-02
4.151227535956063548e+03 1.000000000000000000e+00 6.223257308262854226e-02
4.152181833011609342e+03 1.000000000000000000e+00 6.253330281768036680e-02
4.153138848862184204e+03 1.000000000000000000e+00 6.087906469228088202e-02
4.154095864712759067e+03 1.000000000000000000e+00 5.969853083323422432e-02
4.155050161768303951e+03 1.000000000000000000e+00 5.931294313573397259e-02
4.156007177618878814e+03 1.000000000000000000e+00 5.968831671290301955e-02
4.156966912264484563e+03 1.000000000000000000e+00 6.054397429083864524e-02
4.157923928115059425e+03 1.000000000000000000e+00 6.039195731297521824e-02
4.158880943965634287e+03 1.000000000000000000e+00 6.035655522885097907e-02
4.159837959816209150e+03 1.000000000000000000e+00 6.122539375889227836e-02
4.160797694461813990e+03 1.000000000000000000e+00 6.169582150133304244e-02
4.161751991517359784e+03 1.000000000000000000e+00 6.192178270803368884e-02
4.162711726162964624e+03 1.000000000000000000e+00 6.173546952831946572e-02
4.163671460808569464e+03 1.000000000000000000e+00 6.081115833807676507e-02
4.164631195454174303e+03 1.000000000000000000e+00 6.015155519514480548e-02
4.165588211304750075e+03 1.000000000000000000e+00 6.020745115559395649e-02
4.166547945950354915e+03 1.000000000000000000e+00 6.076974774024863218e-02
4.167510399390989733e+03 1.000000000000000000e+00 6.022911333441159643e-02
4.168467415241564595e+03 1.000000000000000000e+00 5.736838634708295998e-02
4.169427149887169435e+03 1.000000000000000000e+00 5.594475532094071724e-02
4.170389603327805162e+03 1.000000000000000000e+00 5.837525691820871082e-02
4.171349337973410002e+03 1.000000000000000000e+00 5.996806602059109176e-02
4.172309072619014842e+03 1.000000000000000000e+00 6.071908757757548541e-02
4.173268807264620591e+03 1.000000000000000000e+00 6.110076891550191014e-02
4.174231260705255409e+03 1.000000000000000000e+00 6.175309860069066320e-02
4.175190995350860248e+03 1.000000000000000000e+00 6.068028075707262992e-02
4.176153448791495066e+03 1.000000000000000000e+00 6.010911950072336113e-02
4.177115902232130793e+03 1.000000000000000000e+00 6.082319288580759209e-02
4.178078355672765611e+03 1.000000000000000000e+00 6.185985888395999915e-02
4.179038090318370450e+03 1.000000000000000000e+00 6.226823455338063862e-02
4.180000543759005268e+03 1.000000000000000000e+00 6.190495521893314701e-02
4.180965715994670973e+03 1.000000000000000000e+00 6.100433219570904758e-02
4.181925450640276722e+03 1.000000000000000000e+00 6.179519591682399587e-02
4.182890622875941517e+03 1.000000000000000000e+00 6.235734290294105142e-02
4.183853076316576335e+03 1.000000000000000000e+00 6.249154786112691429e-02
4.184818248552241130e+03 1.000000000000000000e+00 6.277733344385795500e-02
4.185777983197845970e+03 1.000000000000000000e+00 6.365442178764363357e-02
4.186745874228541652e+03 1.000000000000000000e+00 6.390722731331796580e-02
4.187711046464206447e+03 1.000000000000000000e+00 6.302506462849762070e-02
4.188670781109812197e+03 1.000000000000000000e+00 6.149691807607182703e-02
4.189635953345476992e+03 1.000000000000000000e+00 5.961107989094408671e-02
4.190603844376171764e+03 1.000000000000000000e+00 5.873898247146178142e-02
4.191569016611837469e+03 1.000000000000000000e+00 5.960000824688185816e-02
4.192531470052472287e+03 1.000000000000000000e+00 5.961404890205260904e-02
4.193499361083167969e+03 1.000000000000000000e+00 5.890088599907619682e-02
4.194464533318832764e+03 1.000000000000000000e+00 5.685094825052741663e-02
4.195426986759468491e+03 1.000000000000000000e+00 5.322788689038191606e-02
4.196394877790163264e+03 1.000000000000000000e+00 5.359727278494710173e-02
4.197362768820858037e+03 1.000000000000000000e+00 5.687080401274349079e-02
4.198330659851553719e+03 1.000000000000000000e+00 6.130077235291604004e-02
4.199293113292188536e+03 1.000000000000000000e+00 5.949145102905522425e-02
4.200263723117914196e+03 1.000000000000000000e+00 5.807331689098383515e-02
4.201231614148608969e+03 1.000000000000000000e+00 5.773256744619745251e-02
4.202196786384274674e+03 1.000000000000000000e+00 5.840825519526910564e-02
4.203164677414969447e+03 1.000000000000000000e+00 5.897883170485189452e-02
4.204132568445664219e+03 1.000000000000000000e+00 5.934320249598051128e-02
4.205103178271389879e+03 1.000000000000000000e+00 5.927871416628023582e-02
4.206068350507055584e+03 1.000000000000000000e+00 5.865349172064183297e-02
4.207038960332780334e+03 1.000000000000000000e+00 5.881591218241063318e-02
4.208009570158505085e+03 1.000000000000000000e+00 5.850572579370730275e-02
4.208974742394170789e+03 1.000000000000000000e+00 5.811479487163797447e-02
4.209945352219896449e+03 1.000000000000000000e+00 5.886895171989938585e-02
4.210915962045621200e+03 1.000000000000000000e+00 5.961251248958253368e-02
4.211886571871345950e+03 1.000000000000000000e+00 5.945028110505642949e-02
4.212851744107011655e+03 1.000000000000000000e+00 5.869890112193341947e-02
4.213825072727767292e+03 1.000000000000000000e+00 5.928802502196583307e-02
4.214795682553492043e+03 1.000000000000000000e+00 5.896874788336074064e-02
4.215763573584187725e+03 1.000000000000000000e+00 5.933210574558372280e-02
4.216736902204942453e+03 1.000000000000000000e+00 6.096808975180872947e-02
4.217707512030668113e+03 1.000000000000000000e+00 5.962050457122913816e-02
4.218680840651422841e+03 1.000000000000000000e+00 5.743655911655876078e-02
4.219648731682118523e+03 1.000000000000000000e+00 5.655183290722688716e-02
4.220622060302874161e+03 1.000000000000000000e+00 5.841221816690812807e-02
4.221595388923628889e+03 1.000000000000000000e+00 5.880177549937594395e-02
4.222563279954324571e+03 1.000000000000000000e+00 5.965228479894410518e-02
4.223536608575079299e+03 1.000000000000000000e+00 6.019554638671983926e-02
4.224512655990864914e+03 1.000000000000000000e+00 5.845150448200320953e-02
4.225485984611619642e+03 1.000000000000000000e+00 5.910833029808843647e-02
4.226456594437345302e+03 1.000000000000000000e+00 6.018195948957477670e-02
4.227429923058100030e+03 1.000000000000000000e+00 6.089433327611428609e-02
4.228405970473885645e+03 1.000000000000000000e+00 6.138737001177564656e-02
4.229376580299611305e+03 1.000000000000000000e+00 6.166656554667886841e-02
4.230349908920366033e+03 1.000000000000000000e+00 6.230497246812381068e-02
4.231325956336151648e+03 1.000000000000000000e+00 6.320811383928780225e-02
4.232302003751937264e+03 1.000000000000000000e+00 6.253410050708740897e-02
4.233272613577662014e+03 1.000000000000000000e+00 6.190248449376033191e-02
4.234248660993447629e+03 1.000000000000000000e+00 6.159142435716946640e-02
4.235224708409233244e+03 1.000000000000000000e+00 6.140224396176510724e-02
4.236198037029987972e+03 1.000000000000000000e+00 5.990706286373774503e-02
4.237174084445773588e+03 1.000000000000000000e+00 6.002601547570585866e-02
4.238152850656589180e+03 1.000000000000000000e+00 6.095972203903390896e-02
4.239128898072373886e+03 1.000000000000000000e+00 6.139789747684112897e-02
4.240102226693129523e+03 1.000000000000000000e+00 6.209599104612260889e-02
4.241080992903945116e+03 1.000000000000000000e+00 6.162470432062186476e-02
4.242057040319729822e+03 1.000000000000000000e+00 6.067534800222276758e-02
4.243030368940485459e+03 1.000000000000000000e+00 6.066256290138814095e-02
4.244009135151301052e+03 1.000000000000000000e+00 6.000601876436975624e-02
4.244987901362115736e+03 1.000000000000000000e+00 6.008999031348884884e-02
4.245966667572931328e+03 1.000000000000000000e+00 6.068668700275500066e-02
4.246942714988716943e+03 1.000000000000000000e+00 6.027229857263647489e-02
4.247921481199532536e+03 1.000000000000000000e+00 6.139679619009901640e-02
4.248900247410347220e+03 1.000000000000000000e+00 6.254898453382395918e-02
4.249876294826132835e+03 1.000000000000000000e+00 6.139271446687400574e-02
4.250855061036948427e+03 1.000000000000000000e+00 5.548652911152192335e-02
4.251836546042793998e+03 1.000000000000000000e+00 5.689479041234882933e-02
4.252815312253609591e+03 1.000000000000000000e+00 5.928284139312445244e-02
4.253791359669394296e+03 1.000000000000000000e+00 5.872906799206469020e-02
4.254772844675239867e+03 1.000000000000000000e+00 5.955930440195163905e-02
4.255754329681085437e+03 1.000000000000000000e+00 5.881204173035262106e-02
4.256730377096870143e+03 1.000000000000000000e+00 5.816843447554932711e-02
4.257711862102715713e+03 1.000000000000000000e+00 5.876524782332109842e-02
4.258696065903591261e+03 1.000000000000000000e+00 5.814187003312861618e-02
4.259677550909436832e+03 1.000000000000000000e+00 5.893255923772947741e-02
4.260653598325222447e+03 1.000000000000000000e+00 6.006682000658223469e-02
4.261637802126097085e+03 1.000000000000000000e+00 5.996225331304819162e-02
4.262619287131942656e+03 1.000000000000000000e+00 5.983821750573490444e-02
4.263603490932818204e+03 1.000000000000000000e+00 5.962525093094812184e-02
4.264582257143633797e+03 1.000000000000000000e+00 5.975277693208731061e-02
4.265563742149479367e+03 1.000000000000000000e+00 6.087090353571198570e-02
4.266547945950354915e+03 1.000000000000000000e+00 6.262308103514691027e-02
4.267526712161169598e+03 1.000000000000000000e+00 6.319785811057060387e-02
4.268510915962045146e+03 1.000000000000000000e+00 6.272220514464874053e-02
4.269495119762920694e+03 1.000000000000000000e+00 6.223005130867952095e-02
4.270479323563796243e+03 1.000000000000000000e+00 6.188831670056965661e-02
4.271460808569641813e+03 1.000000000000000000e+00 6.054537956633922885e-02
4.272445012370517361e+03 1.000000000000000000e+00 5.906164218326750981e-02
4.273429216171392909e+03 1.000000000000000000e+00 5.929794452812704730e-02
4.274410701177237570e+03 1.000000000000000000e+00 5.996143236205262600e-02
4.275397623773144005e+03 1.000000000000000000e+00 6.048277051261137516e-02
4.276381827574018644e+03 1.000000000000000000e+00 6.087294736216593977e-02
4.277368750169924169e+03 1.000000000000000000e+00 6.155239670649187422e-02
4.278350235175769740e+03 1.000000000000000000e+00 6.178932639561528217e-02
4.279337157771675265e+03 1.000000000000000000e+00 6.187493602872226606e-02
4.280324080367580791e+03 1.000000000000000000e+00 6.233905964030474200e-02
4.281305565373426361e+03 1.000000000000000000e+00 6.417228136732586186e-02
4.282292487969331887e+03 1.000000000000000000e+00 6.556024994802395200e-02
4.283282129360267390e+03 1.000000000000000000e+00 6.642401498168001850e-02
4.284269051956172916e+03 1.000000000000000000e+00 6.636300582527861203e-02
4.285250536962018487e+03 1.000000000000000000e+00 6.437971645820973754e-02
4.286240178352953990e+03 1.000000000000000000e+00 6.289514610780078119e-02
4.287229819743889493e+03 1.000000000000000000e+00 6.343956982834950131e-02
4.288211304749734154e+03 1.000000000000000000e+00 6.628380437694622596e-02
4.289200946140670567e+03 1.000000000000000000e+00 6.841619359249681565e-02
4.290190587531606070e+03 1.000000000000000000e+00 6.746688044204837698e-02
4.291180228922541573e+03 1.000000000000000000e+00 6.512628581715132481e-02
4.292164432723417121e+03 1.000000000000000000e+00 6.293963885232045641e-02
4.293154074114352625e+03 1.000000000000000000e+00 6.230932271793600957e-02
4.294143715505288128e+03 1.000000000000000000e+00 6.238721340908365276e-02
4.295130638101193654e+03 1.000000000000000000e+00 6.236257821876600022e-02
4.296120279492129157e+03 1.000000000000000000e+00 6.185638477747833208e-02
4.297109920883064660e+03 1.000000000000000000e+00 6.118815061397112065e-02
4.298102281069030141e+03 1.000000000000000000e+00 6.025565779740538891e-02
4.299089203664935667e+03 1.000000000000000000e+00 6.026877193621677647e-02
4.300078845055871170e+03 1.000000000000000000e+00 6.179126711661787202e-02
4.301071205241836651e+03 1.000000000000000000e+00 6.312294888268542292e-02
4.302058127837742177e+03 1.000000000000000000e+00 6.388226069542439489e-02
4.303050488023707658e+03 1.000000000000000000e+00 6.468778174752981558e-02
4.304042848209673139e+03 1.000000000000000000e+00 6.373869506149698605e-02
4.305035208395638620e+03 1.000000000000000000e+00 5.532903572136439740e-02
4.306022130991544145e+03 1.000000000000000000e+00 5.767118745936724439e-02
4.307017209972539604e+03 1.000000000000000000e+00 6.204011680544641721e-02
4.308009570158505994e+03 1.000000000000000000e+00 6.025808496196346370e-02
4.308996492754411520e+03 1.000000000000000000e+00 5.761737370346376591e-02
4.309991571735406978e+03 1.000000000000000000e+00 5.749070416992401594e-02
4.310986650716402437e+03 1.000000000000000000e+00 5.846777770340913505e-02
4.311979010902367918e+03 1.000000000000000000e+00 5.953366700543949452e-02
4.312968652293303421e+03 1.000000000000000000e+00 6.073047847046295772e-02
4.313963731274298880e+03 1.000000000000000000e+00 5.917469588645273698e-02
4.314958810255294338e+03 1.000000000000000000e+00 5.825063900443479964e-02
4.315948451646229842e+03 1.000000000000000000e+00 5.943628373389410469e-02
4.316943530627225300e+03 1.000000000000000000e+00 5.929247748861044692e-02
4.317938609608221668e+03 1.000000000000000000e+00 5.998143144513308489e-02
4.318936407384247104e+03 1.000000000000000000e+00 6.153247760357029306e-02
4.319926048775182608e+03 1.000000000000000000e+00 6.387586208559914436e-02
4.320923846551208953e+03 1.000000000000000000e+00 6.672024559307046521e-02
4.321918925532204412e+03 1.000000000000000000e+00 6.734447210850405541e-02
4.322911285718169893e+03 1.000000000000000000e+00 6.716076557523925628e-02
4.323906364699165351e+03 1.000000000000000000e+00 6.686037125180901985e-02
4.324904162475190788e+03 1.000000000000000000e+00 6.504077436531773004e-02
4.325901960251216224e+03 1.000000000000000000e+00 6.382038433555635437e-02
4.326894320437181705e+03 1.000000000000000000e+00 6.290502781603518612e-02
4.327892118213208050e+03 1.000000000000000000e+00 6.220549570598367384e-02
4.328889915989233486e+03 1.000000000000000000e+00 6.220382792684958639e-02
4.329884994970228945e+03 1.000000000000000000e+00 6.243903113400463972e-02
4.330882792746254381e+03 1.000000000000000000e+00 6.178442876656359273e-02
4.331880590522280727e+03 1.000000000000000000e+00 6.034146421666075621e-02
4.332881107093336141e+03 1.000000000000000000e+00 5.983292596353837617e-02
4.333873467279301622e+03 1.000000000000000000e+00 6.036426589688102112e-02
4.334873983850357035e+03 1.000000000000000000e+00 6.070692845101909735e-02
4.335874500421413359e+03 1.000000000000000000e+00 6.052934000171989598e-02
4.336869579402408817e+03 1.000000000000000000e+00 6.053932898457247552e-02
4.337870095973464231e+03 1.000000000000000000e+00 6.105442485941943442e-02
4.338867893749490577e+03 1.000000000000000000e+00 6.200041657446141857e-02
4.339868410320545991e+03 1.000000000000000000e+00 6.270228101713962165e-02
4.340866208096571427e+03 1.000000000000000000e+00 6.199763252695444232e-02
4.341866724667626841e+03 1.000000000000000000e+00 6.371902847287624905e-02
4.342867241238683164e+03 1.000000000000000000e+00 6.288308101950264295e-02
4.343865039014708600e+03 1.000000000000000000e+00 6.010866699403427660e-02
4.344865555585764014e+03 1.000000000000000000e+00 5.916581137661938022e-02
4.345868790951850315e+03 1.000000000000000000e+00 5.949552013428641151e-02
4.346869307522905729e+03 1.000000000000000000e+00 6.044077529714604602e-02
4.347867105298931165e+03 1.000000000000000000e+00 6.115537557451011796e-02
4.348870340665017466e+03 1.000000000000000000e+00 6.060224648644953888e-02
4.349873576031102857e+03 1.000000000000000000e+00 5.979133087090008486e-02
4.350871373807128293e+03 1.000000000000000000e+00 5.997556687484636301e-02
4.351874609173213685e+03 1.000000000000000000e+00 6.090400157152992683e-02
4.352877844539299986e+03 1.000000000000000000e+00 6.197193093430852090e-02
4.353881079905385377e+03 1.000000000000000000e+00 6.317078199553546880e-02
4.354881596476441700e+03 1.000000000000000000e+00 6.406371436213190163e-02
4.355884831842527092e+03 1.000000000000000000e+00 6.318188316023826134e-02
4.356890786003643370e+03 1.000000000000000000e+00 6.045943946272571562e-02
4.357888583779668807e+03 1.000000000000000000e+00 6.132392838500905219e-02
4.358894537940785085e+03 1.000000000000000000e+00 6.105698516630903017e-02
4.359900492101900454e+03 1.000000000000000000e+00 5.961262741215442307e-02
4.360906446263015823e+03 1.000000000000000000e+00 5.786776099680708552e-02
4.361906962834072147e+03 1.000000000000000000e+00 5.709762980725609227e-02
4.362912916995187516e+03 1.000000000000000000e+00 5.992018175043872796e-02
4.363918871156303794e+03 1.000000000000000000e+00 6.203655981054551766e-02
4.364919387727359208e+03 1.000000000000000000e+00 6.087061866323577319e-02
4.365925341888474577e+03 1.000000000000000000e+00 6.072160231364038402e-02
4.366934014844620833e+03 1.000000000000000000e+00 6.085595666187503666e-02
4.367939969005736202e+03 1.000000000000000000e+00 6.147466191847020256e-02
4.368943204371822503e+03 1.000000000000000000e+00 6.218513398886239829e-02
4.369949158532937872e+03 1.000000000000000000e+00 6.179619902919405994e-02
4.370957831489084128e+03 1.000000000000000000e+00 6.265772092335446242e-02
4.371961066855169520e+03 1.000000000000000000e+00 6.179193872526418663e-02
4.372969739811314867e+03 1.000000000000000000e+00 5.967515432660593089e-02
4.373978412767461123e+03 1.000000000000000000e+00 5.874325037488770801e-02
4.374987085723607379e+03 1.000000000000000000e+00 5.989191210168483270e-02
4.375990321089692770e+03 1.000000000000000000e+00 6.109915522597029330e-02
4.376998994045839027e+03 1.000000000000000000e+00 6.202369411589100240e-02
4.378007667001984373e+03 1.000000000000000000e+00 6.290741216226486410e-02
4.379013621163100652e+03 1.000000000000000000e+00 6.301815884602231244e-02
4.380022294119245998e+03 1.000000000000000000e+00 6.181436626080344388e-02
4.381033685870422232e+03 1.000000000000000000e+00 6.083253060081587199e-02
4.382042358826567579e+03 1.000000000000000000e+00 6.117287050190443887e-02
4.383048312987683858e+03 1.000000000000000000e+00 6.184394790345228154e-02
4.384059704738859182e+03 1.000000000000000000e+00 6.455661273559076818e-02
4.385071096490035416e+03 1.000000000000000000e+00 6.415702385419380649e-02
4.386077050651151694e+03 1.000000000000000000e+00 5.898273154932444362e-02
4.387088442402327018e+03 1.000000000000000000e+00 5.479322319206036962e-02
4.388099834153503252e+03 1.000000000000000000e+00 5.385216500131980583e-02
4.389111225904678577e+03 1.000000000000000000e+00 5.589868691082421764e-02
4.390119898860824833e+03 1.000000000000000000e+00 5.922980255687033263e-02
4.391131290612001067e+03 1.000000000000000000e+00 5.853272190258018703e-02
4.392145401158206369e+03 1.000000000000000000e+00 5.882892337234361252e-02
4.393151355319322647e+03 1.000000000000000000e+00 5.990096384913685956e-02
4.394165465865527949e+03 1.000000000000000000e+00 6.096522875348128756e-02
4.395179576411734161e+03 1.000000000000000000e+00 6.107159733766530374e-02
4.396190968162909485e+03 1.000000000000000000e+00 6.074573606859370173e-02
4.397199641119055741e+03 1.000000000000000000e+00 6.113273617463992754e-02
4.398213751665261952e+03 1.000000000000000000e+00 6.101623008429036404e-02
4.399227862211467254e+03 1.000000000000000000e+00 5.966764167891988602e-02
4.400239253962643488e+03 1.000000000000000000e+00 5.998727857693194471e-02
4.401253364508849700e+03 1.000000000000000000e+00 5.990081132310132866e-02
4.402267475055055002e+03 1.000000000000000000e+00 5.967418058112759077e-02
4.403284304396291191e+03 1.000000000000000000e+00 5.968486333323290427e-02
4.404292977352437447e+03 1.000000000000000000e+00 5.991142606910922208e-02
4.405309806693673636e+03 1.000000000000000000e+00 5.965717493255767723e-02
4.406326636034908915e+03 1.000000000000000000e+00 5.942601451742045293e-02
4.407338027786085149e+03 1.000000000000000000e+00 5.924908588487810129e-02
4.408352138332291361e+03 1.000000000000000000e+00 5.897034670411889501e-02
4.409368967673526640e+03 1.000000000000000000e+00 6.017018782094687990e-02
4.410385797014762829e+03 1.000000000000000000e+00 6.047495730860302093e-02
4.411399907560969041e+03 1.000000000000000000e+00 5.981549019954884167e-02
4.412416736902204320e+03 1.000000000000000000e+00 5.906864825036153843e-02
4.413433566243440509e+03 1.000000000000000000e+00 5.909011336619414412e-02
4.414444957994616743e+03 1.000000000000000000e+00 5.803289929805335173e-02
4.415464506130882910e+03 1.000000000000000000e+00 5.778254188894672155e-02
4.416481335472118190e+03 1.000000000000000000e+00 5.817957524368180117e-02
4.417500883608384356e+03 1.000000000000000000e+00 5.462338927547647632e-02
4.418514994154590568e+03 1.000000000000000000e+00 5.629458795942140353e-02
4.419534542290856734e+03 1.000000000000000000e+00 5.795370646107435991e-02
4.420551371632092014e+03 1.000000000000000000e+00 5.741926615680143647e-02
4.421570919768358181e+03 1.000000000000000000e+00 5.666231595870928339e-02
4.422587749109594370e+03 1.000000000000000000e+00 5.637072845204911531e-02
4.423607297245860536e+03 1.000000000000000000e+00 5.568739111089419241e-02
4.424626845382126703e+03 1.000000000000000000e+00 5.555684623143239409e-02
4.425640955928332914e+03 1.000000000000000000e+00 5.700355470379485368e-02
4.426663222859628149e+03 1.000000000000000000e+00 5.759159968190957768e-02
4.427682770995894316e+03 1.000000000000000000e+00 5.653840844787600545e-02
4.428705037927190460e+03 1.000000000000000000e+00 5.599216075606004706e-02
4.429721867268426649e+03 1.000000000000000000e+00 5.670482110010318516e-02
4.430741415404691907e+03 1.000000000000000000e+00 5.649687034195800123e-02
4.431763682335988051e+03 1.000000000000000000e+00 5.540378634491058274e-02
4.432780511677224240e+03 1.000000000000000000e+00 5.549283734797785805e-02
4.433802778608520384e+03 1.000000000000000000e+00 5.651552454632585015e-02
4.434825045539816529e+03 1.000000000000000000e+00 5.674081729322986989e-02
4.435847312471112673e+03 1.000000000000000000e+00 5.697170857090652629e-02
4.436866860607378840e+03 1.000000000000000000e+00 5.687491859910735748e-02
4.437889127538674984e+03 1.000000000000000000e+00 5.697706386491706299e-02
4.438914113265001106e+03 1.000000000000000000e+00 5.765000785643509262e-02
4.439930942606236385e+03 1.000000000000000000e+00 5.780868596530598646e-02
4.440955928332563417e+03 1.000000000000000000e+00 5.683285359408547788e-02
4.441978195263859561e+03 1.000000000000000000e+00 5.581279951905462888e-02
4.443003180990184774e+03 1.000000000000000000e+00 5.583491356705416048e-02
4.444022729126450940e+03 1.000000000000000000e+00 5.790331001774949582e-02
4.445047714852777062e+03 1.000000000000000000e+00 5.774405713033153864e-02
4.446072700579103184e+03 1.000000000000000000e+00 5.745120690838852878e-02
4.447094967510399329e+03 1.000000000000000000e+00 5.745096279529444266e-02
4.448119953236725451e+03 1.000000000000000000e+00 5.755099536112787129e-02
4.449144938963051573e+03 1.000000000000000000e+00 5.876014099532694823e-02
4.450169924689377694e+03 1.000000000000000000e+00 5.903345339434699912e-02
4.451192191620673839e+03 1.000000000000000000e+00 5.903021941280583995e-02
4.452219896142029029e+03 1.000000000000000000e+00 5.938457425763365299e-02
4.453244881868356060e+03 1.000000000000000000e+00 5.993100206132435936e-02
4.454267148799652205e+03 1.000000000000000000e+00 6.056885693090114514e-02
4.455294853321008304e+03 1.000000000000000000e+00 6.005015068752086321e-02
4.456322829721866583e+03 1.000000000000000000e+00 5.859973394234693073e-02
4.457350262363720503e+03 1.000000000000000000e+00 5.735005565399219074e-02
4.458372529295016648e+03 1.000000000000000000e+00 5.799497609383923863e-02
4.459399961936868749e+03 1.000000000000000000e+00 5.959908439783256906e-02
4.460427938337728847e+03 1.000000000000000000e+00 6.116802490058825120e-02
4.461452924064054059e+03 1.000000000000000000e+00 6.193916870150015935e-02
4.462480356705907980e+03 1.000000000000000000e+00 6.196038232863740336e-02
4.463511051901797146e+03 1.000000000000000000e+00 6.146713993468273102e-02
4.464538756423153245e+03 1.000000000000000000e+00 5.989578780883918208e-02
4.465563470269976278e+03 1.000000000000000000e+00 5.826516999066373714e-02
4.466594165465865444e+03 1.000000000000000000e+00 5.810681947786366236e-02
4.467624316902748433e+03 1.000000000000000000e+00 5.916835422484088836e-02
4.468649846388080732e+03 1.000000000000000000e+00 5.979219320141733462e-02
4.469679997824963721e+03 1.000000000000000000e+00 6.005041635939624423e-02
4.470710693020853796e+03 1.000000000000000000e+00 5.988520437279264141e-02
4.471740844457735875e+03 1.000000000000000000e+00 5.840561381036946803e-02
4.472768277099589795e+03 1.000000000000000000e+00 5.830354283659343329e-02
4.473798972295478961e+03 1.000000000000000000e+00 5.850873316613750680e-02
4.474832386286398105e+03 1.000000000000000000e+00 5.865757883707485576e-02
4.475857100133221138e+03 1.000000000000000000e+00 5.882369607347622681e-02
4.476889970365134104e+03 1.000000000000000000e+00 5.837270488012549080e-02
4.477923384356053248e+03 1.000000000000000000e+00 5.804858337061530316e-02
4.478953535792936236e+03 1.000000000000000000e+00 5.782602334753343676e-02
4.479981512193795425e+03 1.000000000000000000e+00 5.757757739268824781e-02
4.481017644979745455e+03 1.000000000000000000e+00 5.740377626393168564e-02
4.482050515211658421e+03 1.000000000000000000e+00 5.902998905651198752e-02
4.483078491612516700e+03 1.000000000000000000e+00 6.060064416576659702e-02
4.484111361844429666e+03 1.000000000000000000e+00 6.100788336214182928e-02
4.485144775835349719e+03 1.000000000000000000e+00 6.025177701506653771e-02
4.486180092982789574e+03 1.000000000000000000e+00 6.058360696668728396e-02
4.487208069383649672e+03 1.000000000000000000e+00 6.094669432884965848e-02
4.488244202169597884e+03 1.000000000000000000e+00 6.112128080607103636e-02
4.489279791196541737e+03 1.000000000000000000e+00 6.104502296015617419e-02
4.490310486392430903e+03 1.000000000000000000e+00 6.069698484144317452e-02
4.491345803539870758e+03 1.000000000000000000e+00 6.061039233174161933e-02
4.492381936325819879e+03 1.000000000000000000e+00 6.114604883811314284e-02
4.493415078437235934e+03 1.000000000000000000e+00 6.171902826299854178e-02
4.494447948669148900e+03 1.000000000000000000e+00 6.162901415800539628e-02
4.495484081455098931e+03 1.000000000000000000e+00 6.124914524813375449e-02
4.496519942361545873e+03 1.000000000000000000e+00 6.182156116114876504e-02
4.497552812593458839e+03 1.000000000000000000e+00 6.239296986849893895e-02
4.498588945379407050e+03 1.000000000000000000e+00 6.251419691724999228e-02
4.499627525080884880e+03 1.000000000000000000e+00 6.236922679887547949e-02
4.500663657866833091e+03 1.000000000000000000e+00 6.187628508397346322e-02
4.501698975014273856e+03 1.000000000000000000e+00 6.071033882446028734e-02
4.502735107800222067e+03 1.000000000000000000e+00 5.998812299589012520e-02
4.503773687501699897e+03 1.000000000000000000e+00 6.044410077105925871e-02
4.504807101492619040e+03 1.000000000000000000e+00 6.157731935300578968e-02
4.505848399989124118e+03 1.000000000000000000e+00 6.162208955123635312e-02
4.506886435931594860e+03 1.000000000000000000e+00 6.187250973764533979e-02
4.507925287512573959e+03 1.000000000000000000e+00 6.175876648329004653e-02
4.508958429623990924e+03 1.000000000000000000e+00 6.045801768074876570e-02
4.509999728120496911e+03 1.000000000000000000e+00 6.074508962500494574e-02
4.511038579701476010e+03 1.000000000000000000e+00 6.133906559289131755e-02
4.512073896848916775e+03 1.000000000000000000e+00 6.142961161385101371e-02
4.513115195345422762e+03 1.000000000000000000e+00 6.102864059928864160e-02
4.514156765721431839e+03 1.000000000000000000e+00 6.092342674313939305e-02
4.515195345422908758e+03 1.000000000000000000e+00 6.132795568443851625e-02
4.516233925124384768e+03 1.000000000000000000e+00 6.194639256285616735e-02
4.517275223620891666e+03 1.000000000000000000e+00 6.258842436684627919e-02
4.518316522117397653e+03 1.000000000000000000e+00 6.289609386091714327e-02
4.519352654903346775e+03 1.000000000000000000e+00 6.225008801220327515e-02
4.520393953399852762e+03 1.000000000000000000e+00 6.202127207115756130e-02
4.521437970691389637e+03 1.000000000000000000e+00 6.156025180355029908e-02
4.522479269187895625e+03 1.000000000000000000e+00 6.130278130947066501e-02
4.523517305130366367e+03 1.000000000000000000e+00 6.167826975515120630e-02
4.524561322421902332e+03 1.000000000000000000e+00 6.086253358426332860e-02
4.525605883472445385e+03 1.000000000000000000e+00 6.059630962687185401e-02
4.526643919414915217e+03 1.000000000000000000e+00 6.085391802727656285e-02
4.527687936706452092e+03 1.000000000000000000e+00 6.173827343373147064e-02
4.528732497756994235e+03 1.000000000000000000e+00 6.356103835340239094e-02
4.529776515048531110e+03 1.000000000000000000e+00 6.489947078237437439e-02
4.530814550991000942e+03 1.000000000000000000e+00 6.471486301466845836e-02
4.531859112041543085e+03 1.000000000000000000e+00 6.374814459830656366e-02
4.532905576248605939e+03 1.000000000000000000e+00 6.308606063901804617e-02
4.533944427829585948e+03 1.000000000000000000e+00 6.374037236466113809e-02
4.534990892036649711e+03 1.000000000000000000e+00 6.450937619034438630e-02
4.536034909328185677e+03 1.000000000000000000e+00 6.448386604404901523e-02
4.537081645414751620e+03 1.000000000000000000e+00 6.489486557543863721e-02
4.538122943911257607e+03 1.000000000000000000e+00 6.539444556659303187e-02
4.539169679997824460e+03 1.000000000000000000e+00 6.062514045664253032e-02
4.540216144204888224e+03 1.000000000000000000e+00 5.584907982992894093e-02
4.541257442701395121e+03 1.000000000000000000e+00 5.371647334601737517e-02
4.542304722546967241e+03 1.000000000000000000e+00 5.464941837390070722e-02
4.543353905549060073e+03 1.000000000000000000e+00 5.860882945630765256e-02
4.544400641635626926e+03 1.000000000000000000e+00 5.978515153158726891e-02
4.545444658927162891e+03 1.000000000000000000e+00 5.913167686690376512e-02
4.546491123134226655e+03 1.000000000000000000e+00 6.011726519909962874e-02
4.547541121774829662e+03 1.000000000000000000e+00 6.290630107809927485e-02
4.548584867186863448e+03 1.000000000000000000e+00 6.419007184930287935e-02
4.549634322068458459e+03 1.000000000000000000e+00 6.216440591960493284e-02
4.550683505070552201e+03 1.000000000000000000e+00 6.253145271301606412e-02
4.551730784916125231e+03 1.000000000000000000e+00 6.305257083417320496e-02
4.552777249123188085e+03 1.000000000000000000e+00 6.225776940353092842e-02
4.553826704004784915e+03 1.000000000000000000e+00 6.162123310202377580e-02
4.554875887006878656e+03 1.000000000000000000e+00 6.304176019259370711e-02
4.555920448057420799e+03 1.000000000000000000e+00 6.499778522055525698e-02
4.556972349854544518e+03 1.000000000000000000e+00 6.592630487546194407e-02
4.558024251651667328e+03 1.000000000000000000e+00 6.504160386884687284e-02
4.559073978412767246e+03 1.000000000000000000e+00 6.347650216728681349e-02
4.560120714499334099e+03 1.000000000000000000e+00 6.329848047121466870e-02
4.561172616296457818e+03 1.000000000000000000e+00 6.302920645950760292e-02
4.562222614937059916e+03 1.000000000000000000e+00 6.268043668394812640e-02
4.563271797939152748e+03 1.000000000000000000e+00 6.263653002437347128e-02
4.564323699736276467e+03 1.000000000000000000e+00 6.287702589524526986e-02
4.565376145292406363e+03 1.000000000000000000e+00 6.363837481479958647e-02
4.566428047089529173e+03 1.000000000000000000e+00 6.353269371556445611e-02
4.567475326935102203e+03 1.000000000000000000e+00 6.305224320469540733e-02
4.568529947527254990e+03 1.000000000000000000e+00 6.282377854969702080e-02
4.569582393083385796e+03 1.000000000000000000e+00 6.199408243268604568e-02
4.570631576085479537e+03 1.000000000000000000e+00 6.375139512723569657e-02
4.571686196677632324e+03 1.000000000000000000e+00 6.387540284425539949e-02
4.572738642233762221e+03 1.000000000000000000e+00 6.297430928496471070e-02
4.573793262825915008e+03 1.000000000000000000e+00 6.350288804260371955e-02
4.574842989587014927e+03 1.000000000000000000e+00 6.385343378421530491e-02
4.575900328974197691e+03 1.000000000000000000e+00 6.491027786576213099e-02
4.576955493325357565e+03 1.000000000000000000e+00 6.432858890922450723e-02
4.578004676327451307e+03 1.000000000000000000e+00 6.291396159128426202e-02
4.579059840678611181e+03 1.000000000000000000e+00 6.253888875677557357e-02
4.580117723824801033e+03 1.000000000000000000e+00 6.171180143015704556e-02
4.581172344416953820e+03 1.000000000000000000e+00 5.986194648497460830e-02
4.582224789973083716e+03 1.000000000000000000e+00 6.045230948204584343e-02
4.583279410565236503e+03 1.000000000000000000e+00 6.222302932454680524e-02
4.584337021831924176e+03 1.000000000000000000e+00 6.153853628678793847e-02
4.585394361219107850e+03 1.000000000000000000e+00 6.179636947009745779e-02
4.586446806775236837e+03 1.000000000000000000e+00 6.233350935231378454e-02
4.587504689921426689e+03 1.000000000000000000e+00 6.248014320430064772e-02
4.588561757429107274e+03 1.000000000000000000e+00 6.238325937006960337e-02
4.589614474864740259e+03 1.000000000000000000e+00 6.224648628994748634e-02
4.590674804926456090e+03 1.000000000000000000e+00 6.060076872063334397e-02
4.591732144313639765e+03 1.000000000000000000e+00 6.205146500093078332e-02
4.592792474375356505e+03 1.000000000000000000e+00 6.427775365402392527e-02
4.593844376172480224e+03 1.000000000000000000e+00 6.516536362366802393e-02
4.594904978113700054e+03 1.000000000000000000e+00 6.313136449636780334e-02
4.595965308175415885e+03 1.000000000000000000e+00 5.678087562188160325e-02
4.597017209972540513e+03 1.000000000000000000e+00 5.324367430533154949e-02
4.598077540034256344e+03 1.000000000000000000e+00 4.910662818324561946e-02
4.599138141975476174e+03 1.000000000000000000e+00 4.813078795578565328e-02
4.600198472037192914e+03 1.000000000000000000e+00 5.618796714614123639e-02
4.601256355183382766e+03 1.000000000000000000e+00 5.782166224982365765e-02
4.602316141486092420e+03 1.000000000000000000e+00 5.891289129354821547e-02
4.603376743427313158e+03 1.000000000000000000e+00 5.966383309214785824e-02
4.604434354693999012e+03 1.000000000000000000e+00 5.989252892551119589e-02
4.605494956635219751e+03 1.000000000000000000e+00 6.012850355771547084e-02
4.606558005491966469e+03 1.000000000000000000e+00 5.963520813686671446e-02
4.607620510589707010e+03 1.000000000000000000e+00 6.005651521623608935e-02
4.608678393735895952e+03 1.000000000000000000e+00 6.049858513741181859e-02
4.609741442592642670e+03 1.000000000000000000e+00 6.015966931550960350e-02
4.610804491449389388e+03 1.000000000000000000e+00 5.864604566994972845e-02
4.611862374595579240e+03 1.000000000000000000e+00 5.647574854603440442e-02
4.612925423452325958e+03 1.000000000000000000e+00 5.872501523366809723e-02
4.613988472309072677e+03 1.000000000000000000e+00 5.995427341942932697e-02
4.615054239960849372e+03 1.000000000000000000e+00 5.952262092952675943e-02
4.616111579348033047e+03 1.000000000000000000e+00 6.007902125148890243e-02
4.617177075120305744e+03 1.000000000000000000e+00 6.041021176296289957e-02
4.618240395856555551e+03 1.000000000000000000e+00 6.093330718935880547e-02
4.619300725918273201e+03 1.000000000000000000e+00 6.047661564683302210e-02
4.620366493570048988e+03 1.000000000000000000e+00 6.055252980416967606e-02
4.621432261221826593e+03 1.000000000000000000e+00 6.211526080267872757e-02
4.622498028873602379e+03 1.000000000000000000e+00 6.086065639146016198e-02
4.623558358935320030e+03 1.000000000000000000e+00 6.121061235315326809e-02
4.624624126587096725e+03 1.000000000000000000e+00 5.792379471077695879e-02
4.625689894238873421e+03 1.000000000000000000e+00 5.557726492383418399e-02
4.626752943095620140e+03 1.000000000000000000e+00 5.691734549415942979e-02
4.627818710747396835e+03 1.000000000000000000e+00 5.665341670547343472e-02
4.628887197194202599e+03 1.000000000000000000e+00 5.814861174674818001e-02
4.629952964845980205e+03 1.000000000000000000e+00 5.985974275477024681e-02
4.631016013702726923e+03 1.000000000000000000e+00 6.069434707876202734e-02
4.632084500149533596e+03 1.000000000000000000e+00 6.060391686776362558e-02
4.633152714716837181e+03 1.000000000000000000e+00 6.072488141499560871e-02
4.634215763573583899e+03 1.000000000000000000e+00 6.060432214312729687e-02
4.635284250020390573e+03 1.000000000000000000e+00 6.040245858555097491e-02
4.636353280226204333e+03 1.000000000000000000e+00 6.111812374005342469e-02
4.637421494793507918e+03 1.000000000000000000e+00 6.229765774931529665e-02
4.638487262445283704e+03 1.000000000000000000e+00 6.163481201296187872e-02
4.639555748892091287e+03 1.000000000000000000e+00 6.135024959803705297e-02
4.640626682254423940e+03 1.000000000000000000e+00 6.124530189195347835e-02
4.641692449906201546e+03 1.000000000000000000e+00 6.082251428015082034e-02
4.642760936353008219e+03 1.000000000000000000e+00 5.994922456251888104e-02
4.643832413474347959e+03 1.000000000000000000e+00 5.832173810173524320e-02
4.644903618716184610e+03 1.000000000000000000e+00 5.477605847176669762e-02
4.645969386367961306e+03 1.000000000000000000e+00 5.592759677180512284e-02
4.647040319730294868e+03 1.000000000000000000e+00 5.765118643143100213e-02
4.648112068731138606e+03 1.000000000000000000e+00 5.821104920053403464e-02
4.649177836382914393e+03 1.000000000000000000e+00 5.842664000688684023e-02
4.650251488540278842e+03 1.000000000000000000e+00 5.867885282433556171e-02
4.651322421902612405e+03 1.000000000000000000e+00 6.031484198032599497e-02
4.652396617818982122e+03 1.000000000000000000e+00 6.248106123980508991e-02
4.653462385470759727e+03 1.000000000000000000e+00 6.313651665756281339e-02
4.654536309507625447e+03 1.000000000000000000e+00 6.123663908290495617e-02
4.655610505423996074e+03 1.000000000000000000e+00 5.917928482618247527e-02
4.656678719991299658e+03 1.000000000000000000e+00 5.822526390392029211e-02
4.657752644028166287e+03 1.000000000000000000e+00 5.826179045731002398e-02
4.658826839944536914e+03 1.000000000000000000e+00 5.930604907936883746e-02
4.659900492101900454e+03 1.000000000000000000e+00 5.991996596456236612e-02
4.660971697343737105e+03 1.000000000000000000e+00 5.779244919400607083e-02
4.662045893260107732e+03 1.000000000000000000e+00 5.850723935682282384e-02
4.663119545417470363e+03 1.000000000000000000e+00 5.808871246210751960e-02
4.664190478779804835e+03 1.000000000000000000e+00 5.765842678534927046e-02
4.665264946575677641e+03 1.000000000000000000e+00 5.800729811930020741e-02
4.666341317528071158e+03 1.000000000000000000e+00 5.874253580784827289e-02
4.667417960359967765e+03 1.000000000000000000e+00 5.898492164525023784e-02
4.668489165601804416e+03 1.000000000000000000e+00 5.887647895012200483e-02
4.669566080313205021e+03 1.000000000000000000e+00 5.848913347623924813e-02
4.670642451265598538e+03 1.000000000000000000e+00 5.785111421378396485e-02
4.671713384627932101e+03 1.000000000000000000e+00 5.732141844529389796e-02
4.672790299339332705e+03 1.000000000000000000e+00 5.764677605142289052e-02
4.673869932845762378e+03 1.000000000000000000e+00 5.678438033680522495e-02
4.674946303798155895e+03 1.000000000000000000e+00 5.722365076952653368e-02
4.676019955955520345e+03 1.000000000000000000e+00 5.771034729682626707e-02
4.677096870666920950e+03 1.000000000000000000e+00 5.709073885849254987e-02
4.678176504173349713e+03 1.000000000000000000e+00 5.620179105732682479e-02
4.679250156330714162e+03 1.000000000000000000e+00 5.654584915314554011e-02
4.680329789837144745e+03 1.000000000000000000e+00 6.056536526807149157e-02
4.681408607705064242e+03 1.000000000000000000e+00 6.085394744622443786e-02
4.682488241211494824e+03 1.000000000000000000e+00 5.786502238427920081e-02
4.683561893368859273e+03 1.000000000000000000e+00 5.743248924043046350e-02
4.684641526875288946e+03 1.000000000000000000e+00 5.861378769461772498e-02
4.685723879176749506e+03 1.000000000000000000e+00 5.966337741886837409e-02
4.686797531334112136e+03 1.000000000000000000e+00 5.958943232170451493e-02
4.687879611756069608e+03 1.000000000000000000e+00 5.895957682803350253e-02
4.688959245262499280e+03 1.000000000000000000e+00 5.944708796407391360e-02
4.690040781925449664e+03 1.000000000000000000e+00 6.220842334639947735e-02
4.691117696636851178e+03 1.000000000000000000e+00 5.797553253926848033e-02
4.692200048938310829e+03 1.000000000000000000e+00 5.630186198052947871e-02
4.693281585601261213e+03 1.000000000000000000e+00 5.681387983833627309e-02
4.694358500312660908e+03 1.000000000000000000e+00 5.824591849305344599e-02
4.695440852614121468e+03 1.000000000000000000e+00 5.952468583024803778e-02
4.696522389277071852e+03 1.000000000000000000e+00 5.898856490364770555e-02
4.697607460373562390e+03 1.000000000000000000e+00 5.783921774644094210e-02
4.698684103205458996e+03 1.000000000000000000e+00 5.800008142848443737e-02
4.699769174301949533e+03 1.000000000000000000e+00 5.866062563004652980e-02
4.700853973518936073e+03 1.000000000000000000e+00 5.910376104251866686e-02
4.701930344471329590e+03 1.000000000000000000e+00 6.033688615974839436e-02
4.703015143688317039e+03 1.000000000000000000e+00 5.994552997496488400e-02
4.704099942905304488e+03 1.000000000000000000e+00 5.948759199682691207e-02
4.705185014001794116e+03 1.000000000000000000e+00 5.923695474703877945e-02
4.706263831869715432e+03 1.000000000000000000e+00 5.919542810924857679e-02
4.707348902966205060e+03 1.000000000000000000e+00 5.933417214235872650e-02
4.708436420978221577e+03 1.000000000000000000e+00 5.919804902183202489e-02
4.709515782605149070e+03 1.000000000000000000e+00 5.920859040363911363e-02
4.710600853701639608e+03 1.000000000000000000e+00 5.986432967676920402e-02
4.711688371713657034e+03 1.000000000000000000e+00 6.102331077123460817e-02
4.712773170930643573e+03 1.000000000000000000e+00 6.188342136551618078e-02
4.713854707593593957e+03 1.000000000000000000e+00 6.150621410320103455e-02
4.714942225605611384e+03 1.000000000000000000e+00 6.256134354144674004e-02
4.716029743617627901e+03 1.000000000000000000e+00 6.251631451539117756e-02
4.717112095919088461e+03 1.000000000000000000e+00 6.204077230202304644e-02
4.718199613931104977e+03 1.000000000000000000e+00 6.095023423839353999e-02
4.719287131943122404e+03 1.000000000000000000e+00 5.960189239548054074e-02
4.720377368750169808e+03 1.000000000000000000e+00 6.160562293775278392e-02
4.721459449172126369e+03 1.000000000000000000e+00 6.240508928498913338e-02
4.722549685979173773e+03 1.000000000000000000e+00 6.191423983848339668e-02
4.723637203991190290e+03 1.000000000000000000e+00 6.232001405617514783e-02
4.724722003208177739e+03 1.000000000000000000e+00 6.401272424640767900e-02
4.725812240015224234e+03 1.000000000000000000e+00 6.432407721937505318e-02
4.726902476822272547e+03 1.000000000000000000e+00 6.169020344056234256e-02
4.727989994834289064e+03 1.000000000000000000e+00 5.987531894005403837e-02
4.729077512846306490e+03 1.000000000000000000e+00 6.039419107759150945e-02
4.730167477773849896e+03 1.000000000000000000e+00 6.095663790091691847e-02
4.731257714580897300e+03 1.000000000000000000e+00 5.994676050330097899e-02
4.732342513797883839e+03 1.000000000000000000e+00 6.033817612779311668e-02
4.733432750604932153e+03 1.000000000000000000e+00 6.198904138268435809e-02
4.734526249966015712e+03 1.000000000000000000e+00 6.275429412580156574e-02
4.735618933688589095e+03 1.000000000000000000e+00 6.308339740825751052e-02
4.736703732905575635e+03 1.000000000000000000e+00 6.273635490416833160e-02
4.737796688507653016e+03 1.000000000000000000e+00 6.135557352067715076e-02
4.738889372230227309e+03 1.000000000000000000e+00 6.091644616804954560e-02
4.739976890242244735e+03 1.000000000000000000e+00 6.018952145112219099e-02
4.741070389603328294e+03 1.000000000000000000e+00 5.973285295389123978e-02
4.742163073325902587e+03 1.000000000000000000e+00 5.897071699988513244e-02
4.743256028927978150e+03 1.000000000000000000e+00 5.773207231364153175e-02
4.744346265735026464e+03 1.000000000000000000e+00 5.689380694850394715e-02
4.745438949457600756e+03 1.000000000000000000e+00 5.781746992936098034e-02
4.746534895734210295e+03 1.000000000000000000e+00 5.938276028324634276e-02
4.747622413746227721e+03 1.000000000000000000e+00 6.083527310628124296e-02
4.748718088143334171e+03 1.000000000000000000e+00 6.182292091732589229e-02
4.749813490660939351e+03 1.000000000000000000e+00 6.250143653568589197e-02
4.750906990022022910e+03 1.000000000000000000e+00 6.344445543780340147e-02
4.751999673744596294e+03 1.000000000000000000e+00 6.396858325108922827e-02
4.753095076262200564e+03 1.000000000000000000e+00 6.365706355264097449e-02
4.754191294418313191e+03 1.000000000000000000e+00 6.232888688220097201e-02
4.755286696935917462e+03 1.000000000000000000e+00 6.062250102161925724e-02
4.756376933742964866e+03 1.000000000000000000e+00 5.899474056323222165e-02
4.757475598814605291e+03 1.000000000000000000e+00 5.759697479742317827e-02
4.758571001332209562e+03 1.000000000000000000e+00 5.895620079003743852e-02
4.759663956934286944e+03 1.000000000000000000e+00 6.091294402497494931e-02
4.760762622005927369e+03 1.000000000000000000e+00 6.003763490584328871e-02
4.761860743318560708e+03 1.000000000000000000e+00 5.898651127062230076e-02
4.762956689595171156e+03 1.000000000000000000e+00 6.114659608340315688e-02
4.764049373317745449e+03 1.000000000000000000e+00 6.242355384117262429e-02
4.765150213425409675e+03 1.000000000000000000e+00 6.150129835669032596e-02
4.766248878497050100e+03 1.000000000000000000e+00 6.156984137821314845e-02
4.767341834099126572e+03 1.000000000000000000e+00 6.250455922067305048e-02
4.768440499170766998e+03 1.000000000000000000e+00 6.283526615365789270e-02
4.769541339278431224e+03 1.000000000000000000e+00 6.181271796088168291e-02
4.770640004350071649e+03 1.000000000000000000e+00 6.163909162004403697e-02
4.771735406867675920e+03 1.000000000000000000e+00 6.111584821584546690e-02
4.772836790734346323e+03 1.000000000000000000e+00 6.122867601027028733e-02
4.773937630842010549e+03 1.000000000000000000e+00 6.168151422015384633e-02
4.775030314564584842e+03 1.000000000000000000e+00 6.174541995854993665e-02
4.776134417226284313e+03 1.000000000000000000e+00 6.120222345790882201e-02
4.777235529213452537e+03 1.000000000000000000e+00 6.144549976289187532e-02
4.778336369321116763e+03 1.000000000000000000e+00 6.250302170288717096e-02
4.779432315597727211e+03 1.000000000000000000e+00 6.262513212082858327e-02
4.780535874500421414e+03 1.000000000000000000e+00 6.252377923033139440e-02
4.781637258367091817e+03 1.000000000000000000e+00 6.288424827349062274e-02
4.782735923438732243e+03 1.000000000000000000e+00 6.320597638997484113e-02
4.783836763546396469e+03 1.000000000000000000e+00 6.230473102288197618e-02
4.784940594328593761e+03 1.000000000000000000e+00 6.133620784219660088e-02
4.786044696990293232e+03 1.000000000000000000e+00 6.098244613826044741e-02
4.787142818302928390e+03 1.000000000000000000e+00 6.083508962806220832e-02
4.788246649085125682e+03 1.000000000000000000e+00 6.120259242533304667e-02
4.789350751746825154e+03 1.000000000000000000e+00 6.287118057837962071e-02
4.790448873059459402e+03 1.000000000000000000e+00 6.456605271667474610e-02
4.791555422636687581e+03 1.000000000000000000e+00 6.542706041300008768e-02
4.792659525298387962e+03 1.000000000000000000e+00 6.473319810091709980e-02
4.793765531116609054e+03 1.000000000000000000e+00 6.352944278990613203e-02
4.794864196188249480e+03 1.000000000000000000e+00 6.294092131883070873e-02
4.795971017644979838e+03 1.000000000000000000e+00 6.354322844307211393e-02
4.797077567222207108e+03 1.000000000000000000e+00 6.420561359913529165e-02
4.798178407329871334e+03 1.000000000000000000e+00 5.876203179675217741e-02
4.799282238112068626e+03 1.000000000000000000e+00 5.999719460713307667e-02
4.800391506484325873e+03 1.000000000000000000e+00 6.341708405361934364e-02
4.801498327941056232e+03 1.000000000000000000e+00 6.485636989514728667e-02
4.802598896169217369e+03 1.000000000000000000e+00 6.529456475279356298e-02
4.803705717625947727e+03 1.000000000000000000e+00 6.497748201098450804e-02
4.804814985998205884e+03 1.000000000000000000e+00 6.314560043960992797e-02
4.805916369864875378e+03 1.000000000000000000e+00 6.211750997138567459e-02
4.807025638237133535e+03 1.000000000000000000e+00 6.254884319528419834e-02
4.808134906609390782e+03 1.000000000000000000e+00 6.322046938134914806e-02
4.809244174981648030e+03 1.000000000000000000e+00 6.290067365334028882e-02
4.810347462004839144e+03 1.000000000000000000e+00 6.336970246309629740e-02
4.811454283461569503e+03 1.000000000000000000e+00 6.523808522874297022e-02
4.812566270628856728e+03 1.000000000000000000e+00 6.561783823957019479e-02
4.813670101411054020e+03 1.000000000000000000e+00 6.513539788344829828e-02
4.814779369783312177e+03 1.000000000000000000e+00 6.554545402345599014e-02
4.815888638155569424e+03 1.000000000000000000e+00 6.724920947955354000e-02
4.817000625322856649e+03 1.000000000000000000e+00 6.768853459802105788e-02
4.818104727984557030e+03 1.000000000000000000e+00 6.694847911965433329e-02
4.819216715151845165e+03 1.000000000000000000e+00 6.807711882345135468e-02
4.820328430439629301e+03 1.000000000000000000e+00 6.888567456930663746e-02
4.821435251896359659e+03 1.000000000000000000e+00 6.796635848110980926e-02
4.822547239063646884e+03 1.000000000000000000e+00 6.660078438195865536e-02
4.823658954351431930e+03 1.000000000000000000e+00 6.719250215610020338e-02
4.824770941518719155e+03 1.000000000000000000e+00 6.771487968058589879e-02
4.825877762975449514e+03 1.000000000000000000e+00 6.967120691459334492e-02
4.826989478263233650e+03 1.000000000000000000e+00 7.088172166269583740e-02
4.828104184225550853e+03 1.000000000000000000e+00 7.094139828171155959e-02
4.829210733802778122e+03 1.000000000000000000e+00 7.082943387304152516e-02
4.830325439765095325e+03 1.000000000000000000e+00 7.145177260088601823e-02
4.831440145727413437e+03 1.000000000000000000e+00 7.240648570106070214e-02
4.832554579810227551e+03 1.000000000000000000e+00 7.265079070324788335e-02
4.833663848182485708e+03 1.000000000000000000e+00 7.180486837270372291e-02
4.834775835349772933e+03 1.000000000000000000e+00 7.190060433124133288e-02
4.835891085071096313e+03 1.000000000000000000e+00 7.256665944865728357e-02
4.837002800358880449e+03 1.000000000000000000e+00 7.220364067247359019e-02
4.838117506321198562e+03 1.000000000000000000e+00 7.246426112359663496e-02
4.839232212283515764e+03 1.000000000000000000e+00 7.215583667329794615e-02
4.840349365161360765e+03 1.000000000000000000e+00 7.336605550505478912e-02
4.841458633533617103e+03 1.000000000000000000e+00 7.320714501065489488e-02
4.842576330170468282e+03 1.000000000000000000e+00 7.031898305078093658e-02
4.843693754927815462e+03 1.000000000000000000e+00 6.822774952667526316e-02
4.844805742095103597e+03 1.000000000000000000e+00 7.255186314602572739e-02
4.845922894972947688e+03 1.000000000000000000e+00 7.753624671407043090e-02
4.847038144694271068e+03 1.000000000000000000e+00 7.614193827725858343e-02
4.848158016367145137e+03 1.000000000000000000e+00 7.561813852125942592e-02
4.849270003534433272e+03 1.000000000000000000e+00 7.630056730501816320e-02
4.850387700171283541e+03 1.000000000000000000e+00 7.679852213631491176e-02
4.851507571844158520e+03 1.000000000000000000e+00 7.796800601532605235e-02
4.852619559011445745e+03 1.000000000000000000e+00 8.045384062320541652e-02
4.853739430684320723e+03 1.000000000000000000e+00 8.228358619690584463e-02
4.854857127321171902e+03 1.000000000000000000e+00 8.353886982858797772e-02
4.855977270873549060e+03 1.000000000000000000e+00 8.300562556620483257e-02
4.857091704956363174e+03 1.000000000000000000e+00 8.079602697521071075e-02
4.858212120388244330e+03 1.000000000000000000e+00 7.701541877471264341e-02
4.859331992061118399e+03 1.000000000000000000e+00 7.201946171392820117e-02
4.860447241782441779e+03 1.000000000000000000e+00 7.215641481149248637e-02
4.861567113455316758e+03 1.000000000000000000e+00 7.227320507704487751e-02
4.862690247682226982e+03 1.000000000000000000e+00 7.622695208073416995e-02
4.863810119355101961e+03 1.000000000000000000e+00 7.962601808221772548e-02
4.864927272232946052e+03 1.000000000000000000e+00 7.684745568492533374e-02
4.866047959544330297e+03 1.000000000000000000e+00 7.301687512739227226e-02
4.867170278132731255e+03 1.000000000000000000e+00 7.628581830941075226e-02
4.868288246649084613e+03 1.000000000000000000e+00 7.729486725078980880e-02
4.869410837116989569e+03 1.000000000000000000e+00 7.709488659423315016e-02
4.870533971343900703e+03 1.000000000000000000e+00 7.773941823545593710e-02
4.871656289932301661e+03 1.000000000000000000e+00 7.855038532866565060e-02
4.872774258448655019e+03 1.000000000000000000e+00 7.800310034937404935e-02
4.873899295832086864e+03 1.000000000000000000e+00 7.690599218846003171e-02
4.875022430058997998e+03 1.000000000000000000e+00 7.760712168626718310e-02
4.876139854816345178e+03 1.000000000000000000e+00 7.810761866857729441e-02
4.877265435958783200e+03 1.000000000000000000e+00 7.739209289009413295e-02
4.878391288980723402e+03 1.000000000000000000e+00 7.841309157297471355e-02
4.879513879448628359e+03 1.000000000000000000e+00 8.084360232285178749e-02
4.880634294880508605e+03 1.000000000000000000e+00 8.026866401883615831e-02
4.881759604143442630e+03 1.000000000000000000e+00 7.731673860687086897e-02
4.882885185285881562e+03 1.000000000000000000e+00 7.700791670521887899e-02
4.884007775753785609e+03 1.000000000000000000e+00 7.655619611429556604e-02
4.885133628775725811e+03 1.000000000000000000e+00 7.697359740813707052e-02
4.886259209918164743e+03 1.000000000000000000e+00 7.775701661513138852e-02
4.887384519181098767e+03 1.000000000000000000e+00 7.719305547500708575e-02
4.888507653408008991e+03 1.000000000000000000e+00 7.589351631094179429e-02
4.889635953345476992e+03 1.000000000000000000e+00 7.900605980078895252e-02
4.890761806367417194e+03 1.000000000000000000e+00 7.661597222056376610e-02
4.891884396835322150e+03 1.000000000000000000e+00 7.455048687790481743e-02
4.893012696772790150e+03 1.000000000000000000e+00 7.395660482329843854e-02
4.894141268589760330e+03 1.000000000000000000e+00 7.027959672780512146e-02
4.895269024768223062e+03 1.000000000000000000e+00 6.730989284991473198e-02
4.896392158995132377e+03 1.000000000000000000e+00 7.774869272888333682e-02
4.897523177727631264e+03 1.000000000000000000e+00 8.277842254513669007e-02
4.898651477665098355e+03 1.000000000000000000e+00 8.500557356182221469e-02
4.899776786928033289e+03 1.000000000000000000e+00 8.420617093970821088e-02
4.900905358745004378e+03 1.000000000000000000e+00 8.073213593979547409e-02
4.902036377477501446e+03 1.000000000000000000e+00 7.788019873166293627e-02
4.903167396209999424e+03 1.000000000000000000e+00 7.830073546640049786e-02
4.904292977352437447e+03 1.000000000000000000e+00 8.088727908231299613e-02
4.905421549169408536e+03 1.000000000000000000e+00 8.161930181700861875e-02
4.906555286696935582e+03 1.000000000000000000e+00 7.807434434689632108e-02
4.907680324080367427e+03 1.000000000000000000e+00 7.597922541043132527e-02
4.908811614692367584e+03 1.000000000000000000e+00 7.589767778252103081e-02
4.909942633424865562e+03 1.000000000000000000e+00 7.750371140850059737e-02
4.911076370952393518e+03 1.000000000000000000e+00 8.140571387707611073e-02
4.912201952094831540e+03 1.000000000000000000e+00 8.695159508097539958e-02
4.913335689622359496e+03 1.000000000000000000e+00 8.782805864111184468e-02
4.914469427149886542e+03 1.000000000000000000e+00 8.807709934183650946e-02
4.915597998966858540e+03 1.000000000000000000e+00 8.377541156402569522e-02
4.916729017699355609e+03 1.000000000000000000e+00 8.119185547746401999e-02
4.917862755226883564e+03 1.000000000000000000e+00 7.997740723185529921e-02
4.918998939669938409e+03 1.000000000000000000e+00 7.644646076079177066e-02
4.920127511486909498e+03 1.000000000000000000e+00 7.715229008882983075e-02
4.921261249014436544e+03 1.000000000000000000e+00 7.802188559811207291e-02
4.922397433457491388e+03 1.000000000000000000e+00 7.824032585975985998e-02
4.923531170985019344e+03 1.000000000000000000e+00 8.530113827789900793e-02
4.924662189717517322e+03 1.000000000000000000e+00 9.405970230031290846e-02
4.925795927245044368e+03 1.000000000000000000e+00 9.482057612859041973e-02
4.926932383567602301e+03 1.000000000000000000e+00 8.983220551809585619e-02
4.928063402300100279e+03 1.000000000000000000e+00 8.260271554118504833e-02
4.929199858622658212e+03 1.000000000000000000e+00 8.026767986741852046e-02
4.930336314945216145e+03 1.000000000000000000e+00 9.059850494875483495e-02
4.931472499388270990e+03 1.000000000000000000e+00 9.346938361343219703e-02
4.932606236915798036e+03 1.000000000000000000e+00 8.659398950155702823e-02
4.933743236997362146e+03 1.000000000000000000e+00 7.954753990894024296e-02
4.934879421440416991e+03 1.000000000000000000e+00 7.510411763350742509e-02
4.936013158967945856e+03 1.000000000000000000e+00 7.660495510059689428e-02
4.937152334085532857e+03 1.000000000000000000e+00 8.546973063954418914e-02
4.938288790408090790e+03 1.000000000000000000e+00 9.376260277075611216e-02
4.939428237405181790e+03 1.000000000000000000e+00 9.255275875527793628e-02
4.940561974932709745e+03 1.000000000000000000e+00 8.940680326983140025e-02
4.941700878170794567e+03 1.000000000000000000e+00 8.635747016112922669e-02
4.942840053288381569e+03 1.000000000000000000e+00 8.201916714746097792e-02
4.943976237731436413e+03 1.000000000000000000e+00 8.252348839642975609e-02
4.945115956608031411e+03 1.000000000000000000e+00 8.684216475849187988e-02
4.946254859846116233e+03 1.000000000000000000e+00 8.864304858933604037e-02
4.947396753758734121e+03 1.000000000000000000e+00 8.368046545115831458e-02
4.948532938201788966e+03 1.000000000000000000e+00 8.092508433599188145e-02
4.949672657078382144e+03 1.000000000000000000e+00 8.672065866514139243e-02
4.950814279111497854e+03 1.000000000000000000e+00 1.044393116163408186e-01
4.951950735434055787e+03 1.000000000000000000e+00 1.173459611703071004e-01
4.953092901226176764e+03 1.000000000000000000e+00 1.048831261716300089e-01
4.954234523259290654e+03 1.000000000000000000e+00 9.050969377334103227e-02
4.955376145292405454e+03 1.000000000000000000e+00 9.532493417163231952e-02
4.956513145373969564e+03 1.000000000000000000e+00 9.998408323321576752e-02
4.957657486202114342e+03 1.000000000000000000e+00 9.453985036238272965e-02
4.958799651994236228e+03 1.000000000000000000e+00 8.517084146971282133e-02
4.959938555232321050e+03 1.000000000000000000e+00 7.661950786137533553e-02
4.961082896060465828e+03 1.000000000000000000e+00 7.342109106214539382e-02
4.962225333732089894e+03 1.000000000000000000e+00 7.407327015010015114e-02
4.963369674560234671e+03 1.000000000000000000e+00 7.146212709625909820e-02
4.964509121557325670e+03 1.000000000000000000e+00 7.244396457428016467e-02
4.965653462385470448e+03 1.000000000000000000e+00 8.033196268523122574e-02
4.966798346972622312e+03 1.000000000000000000e+00 9.469205382713663521e-02
4.967939969005737112e+03 1.000000000000000000e+00 1.031584092685184639e-01
4.969084309833881889e+03 1.000000000000000000e+00 9.345830625333111097e-02
4.970231913216061912e+03 1.000000000000000000e+00 8.102973984849072553e-02
4.971376797803213776e+03 1.000000000000000000e+00 7.721121043920550764e-02
4.972518419836327666e+03 1.000000000000000000e+00 8.698528745372249849e-02
4.973663304423479531e+03 1.000000000000000000e+00 9.976617798644417390e-02
4.974810364046654286e+03 1.000000000000000000e+00 9.927346664229391715e-02
4.975952529838775263e+03 1.000000000000000000e+00 9.178610275980633726e-02
4.977099589461950018e+03 1.000000000000000000e+00 8.881630757560102229e-02
4.978246920964628771e+03 1.000000000000000000e+00 9.261804574275209201e-02
4.979397243141839681e+03 1.000000000000000000e+00 1.002621127594077732e-01
4.980538865174953571e+03 1.000000000000000000e+00 1.046095343549898055e-01
4.981686468557135413e+03 1.000000000000000000e+00 9.697923978382272381e-02
4.982835975095837057e+03 1.000000000000000000e+00 9.002921110932034232e-02
4.983980859682988921e+03 1.000000000000000000e+00 9.117671889674575092e-02
4.985128463065168944e+03 1.000000000000000000e+00 9.644495510530913529e-02
4.986277969603870588e+03 1.000000000000000000e+00 8.916690332380193540e-02
4.987428291781082407e+03 1.000000000000000000e+00 7.637390508919061904e-02
4.988573176368233362e+03 1.000000000000000000e+00 7.868944000218451584e-02
4.989722682906935916e+03 1.000000000000000000e+00 9.042243729109891714e-02
4.990873005084146826e+03 1.000000000000000000e+00 1.061005191463724462e-01
4.992020336586824669e+03 1.000000000000000000e+00 1.189695072520755847e-01
4.993170658764035579e+03 1.000000000000000000e+00 1.288436045826586718e-01
4.994322884097767201e+03 1.000000000000000000e+00 1.382595384780098413e-01
4.995473206274978111e+03 1.000000000000000000e+00 1.286380531626553081e-01
4.996620537777656864e+03 1.000000000000000000e+00 1.211513944354791206e-01
4.997773578749898661e+03 1.000000000000000000e+00 1.391528647146343944e-01
4.998923085288600305e+03 1.000000000000000000e+00 1.535296252715816490e-01
5.000073407465811215e+03 1.000000000000000000e+00 1.304761912840486648e-01
5.001226176558549014e+03 1.000000000000000000e+00 1.044494089447488144e-01
5.002378945651286813e+03 1.000000000000000000e+00 9.648612415068209824e-02
5.003531714744025521e+03 1.000000000000000000e+00 1.153052642881156331e-01
5.004679318126206454e+03 1.000000000000000000e+00 1.463771461632703552e-01
5.005834806013974230e+03 1.000000000000000000e+00 1.451001152974019104e-01
5.006990293901742007e+03 1.000000000000000000e+00 1.117721920921269790e-01
5.008137353524917671e+03 1.000000000000000000e+00 1.119844755628600780e-01
5.009292841412685448e+03 1.000000000000000000e+00 1.438097235267997154e-01
5.010448329300454134e+03 1.000000000000000000e+00 1.926334617942240812e-01
5.011603817188221910e+03 1.000000000000000000e+00 1.617279414185993081e-01
5.012753867485929732e+03 1.000000000000000000e+00 1.251530284758537448e-01
5.013909355373698418e+03 1.000000000000000000e+00 1.063794132116298308e-01
5.015064843261466194e+03 1.000000000000000000e+00 1.012917512512666873e-01
5.016215165438677104e+03 1.000000000000000000e+00 9.402916365941250965e-02
5.017373100241972679e+03 1.000000000000000000e+00 8.634071728630983433e-02
5.018531306924770433e+03 1.000000000000000000e+00 8.002846139130584402e-02
5.019686794812539119e+03 1.000000000000000000e+00 7.847393620409019721e-02
5.020839563905277828e+03 1.000000000000000000e+00 8.687987110589252826e-02
5.021997770588074673e+03 1.000000000000000000e+00 1.088624376461684029e-01
5.023155977270872427e+03 1.000000000000000000e+00 1.433010433574034015e-01
5.024308746363611135e+03 1.000000000000000000e+00 1.817474610923616174e-01
5.025466953046408889e+03 1.000000000000000000e+00 2.078223944694627123e-01
5.026625159729207553e+03 1.000000000000000000e+00 2.311696125906133881e-01
5.027785813327533106e+03 1.000000000000000000e+00 2.148615862545414645e-01
5.028938582420270905e+03 1.000000000000000000e+00 1.593664109113304417e-01
5.030096789103069568e+03 1.000000000000000000e+00 1.221097076788852792e-01
5.031258258339903477e+03 1.000000000000000000e+00 1.082409662028563924e-01
5.032413746227672164e+03 1.000000000000000000e+00 1.125924660603536964e-01
5.033574399825997716e+03 1.000000000000000000e+00 1.238692075023441613e-01
5.034735325303824538e+03 1.000000000000000000e+00 1.154117867086189020e-01
5.035895978902150091e+03 1.000000000000000000e+00 9.612790378006884351e-02
5.037051466789917868e+03 1.000000000000000000e+00 8.180302829791710750e-02
5.038212936026752686e+03 1.000000000000000000e+00 7.551200094880872182e-02
5.039373589625078239e+03 1.000000000000000000e+00 7.961204646520229911e-02
5.040531796307876903e+03 1.000000000000000000e+00 1.036249809202423183e-01
5.041692721785703725e+03 1.000000000000000000e+00 1.534724536679571150e-01
5.042856637938066342e+03 1.000000000000000000e+00 1.834221183521419218e-01
5.044017291536390985e+03 1.000000000000000000e+00 1.475033403918198649e-01
5.045175498219188739e+03 1.000000000000000000e+00 1.122334730313550716e-01
5.046338870612544270e+03 1.000000000000000000e+00 9.647874654122921834e-02
5.047503058644409066e+03 1.000000000000000000e+00 8.999785929675538365e-02
5.048660993447703731e+03 1.000000000000000000e+00 9.042361128111275903e-02
5.049824637720561441e+03 1.000000000000000000e+00 1.101411594686400458e-01
5.050991272667953126e+03 1.000000000000000000e+00 1.426736427340869751e-01
5.052154645061308656e+03 1.000000000000000000e+00 1.301640209953504601e-01
5.053315570539136388e+03 1.000000000000000000e+00 1.083552134690343727e-01
5.054479486691498096e+03 1.000000000000000000e+00 9.419362365737259102e-02
5.055645577879882694e+03 1.000000000000000000e+00 8.867859147866044567e-02
5.056806231478208247e+03 1.000000000000000000e+00 9.239769294405773825e-02
5.057970419510073043e+03 1.000000000000000000e+00 1.117379812530974320e-01
5.059139229493488529e+03 1.000000000000000000e+00 1.672426557503721156e-01
5.060305864440880214e+03 1.000000000000000000e+00 1.961136856046476473e-01
5.061466518039204857e+03 1.000000000000000000e+00 1.601889695060458585e-01
5.062632609227589455e+03 1.000000000000000000e+00 1.232649054799226790e-01
5.063799244174981141e+03 1.000000000000000000e+00 9.906841257346579721e-02
5.064962616568336671e+03 1.000000000000000000e+00 9.187366874294082553e-02
5.066129251515728356e+03 1.000000000000000000e+00 9.279835838622481348e-02
5.067298061499142932e+03 1.000000000000000000e+00 9.316711899355459292e-02
5.068467415241565504e+03 1.000000000000000000e+00 9.069426906007430067e-02
5.069630787634920125e+03 1.000000000000000000e+00 9.381076652911075897e-02
5.070800141377340879e+03 1.000000000000000000e+00 1.110209579563117138e-01
5.071969495119762541e+03 1.000000000000000000e+00 1.218966455149469580e-01
5.073132867513118072e+03 1.000000000000000000e+00 1.135105906390790897e-01
5.074301677496533557e+03 1.000000000000000000e+00 9.829373704212886198e-02
5.075473750033984288e+03 1.000000000000000000e+00 8.901110519609578553e-02
5.076642831896903772e+03 1.000000000000000000e+00 8.542436422592268597e-02
5.077808923085288370e+03 1.000000000000000000e+00 8.555502695657261902e-02
5.078978276827710033e+03 1.000000000000000000e+00 9.471247846608420173e-02
5.080150349365160764e+03 1.000000000000000000e+00 1.551292432053603676e-01
5.081316440553546272e+03 1.000000000000000000e+00 2.049719227402948263e-01
5.082488241211494824e+03 1.000000000000000000e+00 1.575475063032971967e-01
5.083660313748946464e+03 1.000000000000000000e+00 1.372255471055548459e-01
5.084831842527391927e+03 1.000000000000000000e+00 1.322359732889939188e-01
5.085998477474783613e+03 1.000000000000000000e+00 1.340497736197406031e-01
5.087172996927762142e+03 1.000000000000000000e+00 1.462809071372413450e-01
5.088344253826703607e+03 1.000000000000000000e+00 1.828803809515358869e-01
5.089513607569125270e+03 1.000000000000000000e+00 2.492935288131022942e-01
5.090685680106576001e+03 1.000000000000000000e+00 2.181903233603385006e-01
5.091859655800548353e+03 1.000000000000000000e+00 1.578011366815882388e-01
5.093034175253526882e+03 1.000000000000000000e+00 1.228067834565782640e-01
5.094203528995949455e+03 1.000000000000000000e+00 1.403504474606323271e-01
5.095378320328431073e+03 1.000000000000000000e+00 2.138399812032250602e-01
5.096552839781408693e+03 1.000000000000000000e+00 2.258875461709325405e-01
5.097724096680351067e+03 1.000000000000000000e+00 1.499574447581675518e-01
5.098898888012831776e+03 1.000000000000000000e+00 1.269852686729172897e-01
5.100073407465811215e+03 1.000000000000000000e+00 1.420508542233290816e-01
5.101250645713819722e+03 1.000000000000000000e+00 1.645250730493321434e-01
5.102419999456240475e+03 1.000000000000000000e+00 1.683001365623442158e-01
5.103596693945243715e+03 1.000000000000000000e+00 1.215421350343684065e-01
5.104773932193251312e+03 1.000000000000000000e+00 1.234791428859851742e-01
5.105951170441260729e+03 1.000000000000000000e+00 1.221544250621039579e-01
5.107123242978711460e+03 1.000000000000000000e+00 1.105887705553833950e-01
5.108300481226719967e+03 1.000000000000000000e+00 9.514068949428983180e-02
5.109480438269758451e+03 1.000000000000000000e+00 8.583510405545920208e-02
5.110652238927707913e+03 1.000000000000000000e+00 8.130456964483706583e-02
5.111829477175715510e+03 1.000000000000000000e+00 8.062926810758812290e-02
5.113009434218753995e+03 1.000000000000000000e+00 8.147180804269053833e-02
5.114189391261792480e+03 1.000000000000000000e+00 8.561787625400449353e-02
5.115361463799244120e+03 1.000000000000000000e+00 9.083918803163872069e-02
5.116541148962779516e+03 1.000000000000000000e+00 9.194418291148447053e-02
5.117721106005818001e+03 1.000000000000000000e+00 8.918141032673344848e-02
5.118895897338299619e+03 1.000000000000000000e+00 8.380012044570255003e-02
5.120075582501835015e+03 1.000000000000000000e+00 7.999662136858430583e-02
5.121255539544873500e+03 1.000000000000000000e+00 7.908177481405645470e-02
5.122438215382941962e+03 1.000000000000000000e+00 8.455007438177232493e-02
5.123612734835920492e+03 1.000000000000000000e+00 9.028645302040491649e-02
5.124795410673988954e+03 1.000000000000000000e+00 9.506664966414098139e-02
5.125977814632554328e+03 1.000000000000000000e+00 9.321541404690746047e-02
5.127152605965035946e+03 1.000000000000000000e+00 8.889047538375138835e-02
5.128335009923601319e+03 1.000000000000000000e+00 8.572577211950813125e-02
5.129518229520676869e+03 1.000000000000000000e+00 8.489390852678824206e-02
5.130700633479241333e+03 1.000000000000000000e+00 8.414106053770571692e-02
5.131878143606753838e+03 1.000000000000000000e+00 8.378598146858880213e-02
5.133060547565319212e+03 1.000000000000000000e+00 8.084380315892077118e-02
5.134245942198417652e+03 1.000000000000000000e+00 7.575736652617606759e-02
5.135423180446425249e+03 1.000000000000000000e+00 7.171908198129300915e-02
5.136608846959027687e+03 1.000000000000000000e+00 7.105187107528850021e-02
5.137791522797096150e+03 1.000000000000000000e+00 7.188983089593629916e-02
5.138976645550691501e+03 1.000000000000000000e+00 7.518174480442957330e-02
5.140156602593729986e+03 1.000000000000000000e+00 8.193448411877519988e-02
5.141341725347325337e+03 1.000000000000000000e+00 9.169551487783615673e-02
5.142527391859927775e+03 1.000000000000000000e+00 9.869794490679706378e-02
5.143707348902966260e+03 1.000000000000000000e+00 9.012987864073251920e-02
5.144892743536064700e+03 1.000000000000000000e+00 8.378537067408604877e-02
5.146081128843696206e+03 1.000000000000000000e+00 8.718510776073186419e-02
5.147266251597291557e+03 1.000000000000000000e+00 9.216160897966914345e-02
5.148448927435360019e+03 1.000000000000000000e+00 9.075786642736637100e-02
5.149634050188955371e+03 1.000000000000000000e+00 8.771698466689456519e-02
5.150822435496587786e+03 1.000000000000000000e+00 8.503997895890315351e-02
5.152005111334656249e+03 1.000000000000000000e+00 7.760975858347453349e-02
5.153193496642287755e+03 1.000000000000000000e+00 7.394830223723181106e-02
5.154381338190913993e+03 1.000000000000000000e+00 7.111148304812203724e-02
5.155569179739539322e+03 1.000000000000000000e+00 7.077851486268992021e-02
5.156752399336613962e+03 1.000000000000000000e+00 7.105182943587094735e-02
5.157942959680269269e+03 1.000000000000000000e+00 7.232735491253679261e-02
5.159131344987900775e+03 1.000000000000000000e+00 7.656417155441579137e-02
5.160316467741497036e+03 1.000000000000000000e+00 8.238412500703073960e-02
5.161504309290122364e+03 1.000000000000000000e+00 8.908017967681462757e-02
5.162695413392783848e+03 1.000000000000000000e+00 9.436176379461345964e-02
5.163885973736440064e+03 1.000000000000000000e+00 1.067811855647749081e-01
5.165071640249041593e+03 1.000000000000000000e+00 1.259245360281484316e-01
5.166262200592696900e+03 1.000000000000000000e+00 1.385135595998008562e-01
5.167453304695358383e+03 1.000000000000000000e+00 1.265592915173592847e-01
5.168638699328457733e+03 1.000000000000000000e+00 1.070726518644865982e-01
5.169832250346646106e+03 1.000000000000000000e+00 8.939394718663813688e-02
5.171022810690302322e+03 1.000000000000000000e+00 8.154589925961132357e-02
5.172216633587993783e+03 1.000000000000000000e+00 8.071914200854288235e-02
5.173401756341589135e+03 1.000000000000000000e+00 8.947207479930426033e-02
5.174595579239280596e+03 1.000000000000000000e+00 9.648507916016264840e-02
5.175789130257469878e+03 1.000000000000000000e+00 9.707898231511882803e-02
5.176976971806095207e+03 1.000000000000000000e+00 8.966424921055121677e-02
5.178170794703787578e+03 1.000000000000000000e+00 8.454438549842657746e-02
5.179364617601479040e+03 1.000000000000000000e+00 8.564747861000092388e-02
5.180560343655691213e+03 1.000000000000000000e+00 9.589376234103919039e-02
5.181748728963323629e+03 1.000000000000000000e+00 1.114020689622079313e-01
5.182942551861015090e+03 1.000000000000000000e+00 1.250742364538398321e-01
5.184138277915227263e+03 1.000000000000000000e+00 1.254055364819528784e-01
5.185329382017889657e+03 1.000000000000000000e+00 1.081600185946853948e-01
5.186523204915581118e+03 1.000000000000000000e+00 9.150310365672116586e-02
5.187718930969794201e+03 1.000000000000000000e+00 7.925420035093075355e-02
5.188915472662515640e+03 1.000000000000000000e+00 7.225144647474231185e-02
5.190106304885674035e+03 1.000000000000000000e+00 7.063367480400367659e-02
5.191302846578396384e+03 1.000000000000000000e+00 7.184358299749127319e-02
5.192501291427639444e+03 1.000000000000000000e+00 7.283396047388414341e-02
5.193692395530300018e+03 1.000000000000000000e+00 7.353273991409831067e-02
5.194891384138550166e+03 1.000000000000000000e+00 7.556361631467577167e-02
5.196087653951768516e+03 1.000000000000000000e+00 8.355832755513534216e-02
5.197286914439519933e+03 1.000000000000000000e+00 9.084365557897157439e-02
5.198479921698702128e+03 1.000000000000000000e+00 9.396973840758068852e-02
5.199678910306951366e+03 1.000000000000000000e+00 8.871435261986015952e-02
5.200878170794702783e+03 1.000000000000000000e+00 8.655467187817905694e-02
5.202071721812892974e+03 1.000000000000000000e+00 8.778834641869262545e-02
5.203270710421141303e+03 1.000000000000000000e+00 9.426731292609513702e-02
5.204469970908893629e+03 1.000000000000000000e+00 9.832248873745509654e-02
5.205671406432668846e+03 1.000000000000000000e+00 9.458715335927281309e-02
5.206864685571354130e+03 1.000000000000000000e+00 8.327308436742769659e-02
5.208066392974633345e+03 1.000000000000000000e+00 7.556988499777869683e-02
5.209268644136917828e+03 1.000000000000000000e+00 7.430703472664546005e-02
5.210461923275604022e+03 1.000000000000000000e+00 7.976308033176786327e-02
5.211663630678883237e+03 1.000000000000000000e+00 8.320926500559268357e-02
5.212865066202658454e+03 1.000000000000000000e+00 8.014852604863727248e-02
5.214066773605937669e+03 1.000000000000000000e+00 7.255529207705768702e-02
5.215263315298659109e+03 1.000000000000000000e+00 6.576348192032616113e-02
5.216467469617465213e+03 1.000000000000000000e+00 6.196373705368498491e-02
5.217669177020744428e+03 1.000000000000000000e+00 6.027300957449067964e-02
5.218868437508495845e+03 1.000000000000000000e+00 6.074234679648179286e-02
5.220069873032271062e+03 1.000000000000000000e+00 6.929690523114451217e-02
5.221274299230580255e+03 1.000000000000000000e+00 9.008717315204067821e-02
5.222479269187895625e+03 1.000000000000000000e+00 1.151298980061478683e-01
5.223678257796143953e+03 1.000000000000000000e+00 1.115165135606069752e-01
5.224882683994453146e+03 1.000000000000000000e+00 9.248444544117408184e-02
5.226086838313259250e+03 1.000000000000000000e+00 7.589014015067648000e-02
5.227285826921508487e+03 1.000000000000000000e+00 6.697698373768230795e-02
5.228490253119816771e+03 1.000000000000000000e+00 6.274450231302192149e-02
5.229697398113155941e+03 1.000000000000000000e+00 6.279660393151695330e-02
5.230901552431961136e+03 1.000000000000000000e+00 6.777790595641158822e-02
5.232103259835241261e+03 1.000000000000000000e+00 7.430209697977090133e-02
5.233310948587585699e+03 1.000000000000000000e+00 7.824529558945744756e-02
5.234517821701421781e+03 1.000000000000000000e+00 7.184568593956333626e-02
5.235716810309671018e+03 1.000000000000000000e+00 6.588823625342118961e-02
5.236926402218536168e+03 1.000000000000000000e+00 6.253581432140227492e-02
5.238134090970881516e+03 1.000000000000000000e+00 6.454158014253093267e-02
5.239340964084717598e+03 1.000000000000000000e+00 6.898517575852358696e-02
5.240542671487996813e+03 1.000000000000000000e+00 7.489699963662933835e-02
5.241752263396861963e+03 1.000000000000000000e+00 7.824402478486816581e-02
5.242959952149207311e+03 1.000000000000000000e+00 7.814631055341063337e-02
5.244164378347516504e+03 1.000000000000000000e+00 7.625850003973926039e-02
5.245373970256381654e+03 1.000000000000000000e+00 7.432233489232457913e-02
5.246584105924253890e+03 1.000000000000000000e+00 7.107755274005539414e-02
5.247793697833119950e+03 1.000000000000000000e+00 6.931960110522004948e-02
5.248998124031429143e+03 1.000000000000000000e+00 7.129005328616254411e-02
5.250207715940295202e+03 1.000000000000000000e+00 7.475281811088541062e-02
5.251417851608167439e+03 1.000000000000000000e+00 7.737333165213443331e-02
5.252622277806475722e+03 1.000000000000000000e+00 7.678787360477887236e-02
5.253835132269377937e+03 1.000000000000000000e+00 7.194520580872831861e-02
5.255044724178244905e+03 1.000000000000000000e+00 6.737982536766941311e-02
5.256257034882140033e+03 1.000000000000000000e+00 6.460689930020901972e-02
5.257464451754982292e+03 1.000000000000000000e+00 6.704388962841968669e-02
5.258676762458877420e+03 1.000000000000000000e+00 6.740366841406744691e-02
5.259889616921780544e+03 1.000000000000000000e+00 6.553601777410478224e-02
5.261096761915118805e+03 1.000000000000000000e+00 6.411580948079766140e-02
5.262309616378021019e+03 1.000000000000000000e+00 6.254294512678544582e-02
5.263521927081917056e+03 1.000000000000000000e+00 6.174418285601579459e-02
5.264737228460346159e+03 1.000000000000000000e+00 6.331702517754335402e-02
5.265944373453684420e+03 1.000000000000000000e+00 6.522253689455338732e-02
5.267159946711617522e+03 1.000000000000000000e+00 6.647000184620428798e-02
5.268374704331040448e+03 1.000000000000000000e+00 6.617124171929913978e-02
5.269582393083384886e+03 1.000000000000000000e+00 6.696503156669020296e-02
5.270797422582311810e+03 1.000000000000000000e+00 6.757080623293638955e-02
5.272012723960740914e+03 1.000000000000000000e+00 6.749269175136668464e-02
5.273228297218672196e+03 1.000000000000000000e+00 6.789328767280870813e-02
5.274440607922568233e+03 1.000000000000000000e+00 6.877040204617679287e-02
5.275656181180500425e+03 1.000000000000000000e+00 6.970293797163125415e-02
5.276870938799923351e+03 1.000000000000000000e+00 6.901403798702795966e-02
5.278083793262825566e+03 1.000000000000000000e+00 6.735507158583617371e-02
5.279298822761751580e+03 1.000000000000000000e+00 6.575689196447138951e-02
5.280517114814713750e+03 1.000000000000000000e+00 6.550397362074744656e-02
5.281735134988172831e+03 1.000000000000000000e+00 6.488139369557686942e-02
5.282947989451075046e+03 1.000000000000000000e+00 6.444609234092346650e-02
5.284165465865527949e+03 1.000000000000000000e+00 6.497262327223658762e-02
5.285383757918490119e+03 1.000000000000000000e+00 6.700409997545475616e-02
5.286596612381392333e+03 1.000000000000000000e+00 6.986586541943788642e-02
5.287816807590875214e+03 1.000000000000000000e+00 7.311617007325812989e-02
5.289035099643837384e+03 1.000000000000000000e+00 7.522013468773230960e-02
5.290255838612326443e+03 1.000000000000000000e+00 7.478715866754601094e-02
5.291468693075228657e+03 1.000000000000000000e+00 7.189656621390927427e-02
5.292688888284712448e+03 1.000000000000000000e+00 6.796205552805935357e-02
5.293909627253200597e+03 1.000000000000000000e+00 6.591232993564802300e-02
5.295130638101193654e+03 1.000000000000000000e+00 6.541011052184149410e-02
5.296345939479622757e+03 1.000000000000000000e+00 6.637399981389899284e-02
5.297566678448111816e+03 1.000000000000000000e+00 6.646671450213981203e-02
5.298790136211630852e+03 1.000000000000000000e+00 6.542223362322116542e-02
5.300005165710556867e+03 1.000000000000000000e+00 6.330427962101373152e-02
5.301225904679045925e+03 1.000000000000000000e+00 6.427100977106667279e-02
5.302449362442564961e+03 1.000000000000000000e+00 6.562176924531810951e-02
5.303672820206083998e+03 1.000000000000000000e+00 6.620420241571527142e-02
5.304888393464016190e+03 1.000000000000000000e+00 6.762837514152482410e-02
5.306111851227536135e+03 1.000000000000000000e+00 6.873403854963959503e-02
5.307335308991055172e+03 1.000000000000000000e+00 6.882479785650845450e-02
5.308553601044017341e+03 1.000000000000000000e+00 6.684898688286354529e-02
5.309779505723064176e+03 1.000000000000000000e+00 6.733041772294785787e-02
5.311002963486583212e+03 1.000000000000000000e+00 6.918514799410559191e-02
5.312229140045131317e+03 1.000000000000000000e+00 7.037529419587386370e-02
5.313447432098093486e+03 1.000000000000000000e+00 7.254676102409181315e-02
5.314673336777140321e+03 1.000000000000000000e+00 7.364774468152672504e-02
5.315896794540659357e+03 1.000000000000000000e+00 7.219636741462814866e-02
5.317117805388651504e+03 1.000000000000000000e+00 7.448961126860061122e-02
5.318343710067698339e+03 1.000000000000000000e+00 7.582503047824591669e-02
5.319569886626247353e+03 1.000000000000000000e+00 7.497196281622311997e-02
5.320796063184795457e+03 1.000000000000000000e+00 7.607169312486448953e-02
5.322019520948315403e+03 1.000000000000000000e+00 7.612066764161101728e-02
5.323245697506864417e+03 1.000000000000000000e+00 7.584643817746883343e-02
5.324471602185910342e+03 1.000000000000000000e+00 7.785687905113777840e-02
5.325695059949429378e+03 1.000000000000000000e+00 7.818267762273910237e-02
5.326924499062015457e+03 1.000000000000000000e+00 7.578058561012233907e-02
5.328150675620565380e+03 1.000000000000000000e+00 7.052699786833019346e-02
5.329379299094641283e+03 1.000000000000000000e+00 6.832487467059079889e-02
5.330602756858160319e+03 1.000000000000000000e+00 6.654825182599663491e-02
5.331831652211739311e+03 1.000000000000000000e+00 6.452214871918833528e-02
5.333062994480846100e+03 1.000000000000000000e+00 6.329275850912793877e-02
5.334286452244365137e+03 1.000000000000000000e+00 6.332176744205735008e-02
5.335515891356951215e+03 1.000000000000000000e+00 6.417832885464405668e-02
5.336747233626057096e+03 1.000000000000000000e+00 6.467032485456494784e-02
5.337975857100132998e+03 1.000000000000000000e+00 6.716018748317939546e-02
5.339202033658682012e+03 1.000000000000000000e+00 7.012460516561716539e-02
5.340433919686794979e+03 1.000000000000000000e+00 7.055299023557994043e-02
5.341665533835403949e+03 1.000000000000000000e+00 6.762854633628638534e-02
5.342891438514449874e+03 1.000000000000000000e+00 6.408103211344058636e-02
5.344123596422065930e+03 1.000000000000000000e+00 6.127871338622398883e-02
5.345354938691171810e+03 1.000000000000000000e+00 6.141097068140879273e-02
5.346586280960277691e+03 1.000000000000000000e+00 6.199941351514960675e-02
5.347815720072863769e+03 1.000000000000000000e+00 6.219472126824265173e-02
5.349047062341970559e+03 1.000000000000000000e+00 6.109073847731544965e-02
5.350281123406105507e+03 1.000000000000000000e+00 6.078437736557151111e-02
5.351510562518691586e+03 1.000000000000000000e+00 6.107957881382686249e-02
5.352744623582828353e+03 1.000000000000000000e+00 6.167692211622643333e-02
5.353976509610940411e+03 1.000000000000000000e+00 6.166878102060547456e-02
5.355213289470106247e+03 1.000000000000000000e+00 6.063149514395644452e-02
5.356441912944182150e+03 1.000000000000000000e+00 5.847543642765914984e-02
5.357676517767325095e+03 1.000000000000000000e+00 5.612864517856791524e-02
5.358910578831461862e+03 1.000000000000000000e+00 5.500129817888635420e-02
5.360142736739077009e+03 1.000000000000000000e+00 5.503675537616846414e-02
5.361376797803213776e+03 1.000000000000000000e+00 5.608550531095000957e-02
5.362613849541882701e+03 1.000000000000000000e+00 5.743404119754794840e-02
5.363850629401048536e+03 1.000000000000000000e+00 5.886475304119285351e-02
5.365082787308664592e+03 1.000000000000000000e+00 6.007128495037066668e-02
5.366319295288328249e+03 1.000000000000000000e+00 5.966087359180628769e-02
5.367556618906500262e+03 1.000000000000000000e+00 5.816305968920725683e-02
5.368787961175606142e+03 1.000000000000000000e+00 5.612278981026509739e-02
5.370025284793779974e+03 1.000000000000000000e+00 5.483929992555686833e-02
5.371265327206981055e+03 1.000000000000000000e+00 5.379897294263515095e-02
5.372502107066147801e+03 1.000000000000000000e+00 5.290349725057836433e-02
5.373736711889290746e+03 1.000000000000000000e+00 5.219927537038748094e-02
5.374975938663984380e+03 1.000000000000000000e+00 5.158322670770363466e-02
5.376215981077186370e+03 1.000000000000000000e+00 5.142804827780843302e-02
5.377447323346293160e+03 1.000000000000000000e+00 5.208059279574331346e-02
5.378689812675022040e+03 1.000000000000000000e+00 5.246892323576454048e-02
5.379929855088224031e+03 1.000000000000000000e+00 5.280487061042708069e-02
5.381169625621923842e+03 1.000000000000000000e+00 5.315877869062269473e-02
5.382403958565563698e+03 1.000000000000000000e+00 5.350006978345089870e-02
5.383646447894293487e+03 1.000000000000000000e+00 5.391953221263912771e-02
5.384886218427993299e+03 1.000000000000000000e+00 5.422994841532402521e-02
5.386122998287159135e+03 1.000000000000000000e+00 5.405071718654370916e-02
5.387365759495391103e+03 1.000000000000000000e+00 5.333995704372597457e-02
5.388608248824120892e+03 1.000000000000000000e+00 5.221997868819497346e-02
5.389850738152850681e+03 1.000000000000000000e+00 5.106455185727902524e-02
5.391088061771022694e+03 1.000000000000000000e+00 5.186736297817866326e-02
5.392330007340746306e+03 1.000000000000000000e+00 5.265838799773855244e-02
5.393572768548978274e+03 1.000000000000000000e+00 5.273135721055896563e-02
5.394812539082678086e+03 1.000000000000000000e+00 5.154363576827362264e-02
5.396055028411407875e+03 1.000000000000000000e+00 5.124213433466199424e-02
5.397300508414670730e+03 1.000000000000000000e+00 5.167766204622348258e-02
5.398542997743400520e+03 1.000000000000000000e+00 5.265774146425915986e-02
5.399782224518093244e+03 1.000000000000000000e+00 5.265868913051708483e-02
5.401027704521356100e+03 1.000000000000000000e+00 5.260546778180185540e-02
5.402272912645114957e+03 1.000000000000000000e+00 5.270587078197772751e-02
5.403512683178814768e+03 1.000000000000000000e+00 5.243743546128144112e-02
5.404760610097604513e+03 1.000000000000000000e+00 5.184090919693508381e-02
5.406005818221364279e+03 1.000000000000000000e+00 5.126423918749338504e-02
5.407253745140153114e+03 1.000000000000000000e+00 5.111344711374968958e-02
5.408493515673852926e+03 1.000000000000000000e+00 5.117706668324722291e-02
5.409741442592642670e+03 1.000000000000000000e+00 5.143310259970872850e-02
5.410989369511432415e+03 1.000000000000000000e+00 5.174170803147454950e-02
5.412229411924635315e+03 1.000000000000000000e+00 5.124671091055527095e-02
5.413477338843425059e+03 1.000000000000000000e+00 5.117742121432485025e-02
5.414727712677740783e+03 1.000000000000000000e+00 5.150085156680937748e-02
5.415975639596530527e+03 1.000000000000000000e+00 5.170694077256610122e-02
5.417218128925260316e+03 1.000000000000000000e+00 5.049313914207673865e-02
5.418466055844050061e+03 1.000000000000000000e+00 4.972060626940164735e-02
5.419716701557868873e+03 1.000000000000000000e+00 5.049916120283904492e-02
5.420961909681628640e+03 1.000000000000000000e+00 5.154923413005319671e-02
5.422209836600418384e+03 1.000000000000000000e+00 5.234100248813271239e-02
5.423460210434735018e+03 1.000000000000000000e+00 5.267606486695656370e-02
5.424711399907560917e+03 1.000000000000000000e+00 5.242569598152626437e-02
5.425956608031319774e+03 1.000000000000000000e+00 5.250498764537909341e-02
5.427207253745140406e+03 1.000000000000000000e+00 5.284293256032941699e-02
5.428460346374486107e+03 1.000000000000000000e+00 5.336464711197826116e-02
5.429705554498245874e+03 1.000000000000000000e+00 5.399290246842253921e-02
5.430956200212065596e+03 1.000000000000000000e+00 5.454999752959157483e-02
5.432209836600418384e+03 1.000000000000000000e+00 5.517266464761862860e-02
5.433462929229764995e+03 1.000000000000000000e+00 5.660433620454824455e-02
5.434708137353524762e+03 1.000000000000000000e+00 5.946541065221791489e-02
5.435961501862373552e+03 1.000000000000000000e+00 6.207497213247874929e-02
5.437214594491721073e+03 1.000000000000000000e+00 6.191143381635427073e-02
5.438463065169516085e+03 1.000000000000000000e+00 6.423592077441950265e-02
5.439718876593893583e+03 1.000000000000000000e+00 6.253227627136002942e-02
5.440971969223239284e+03 1.000000000000000000e+00 5.738587125432115937e-02
5.442225877491095162e+03 1.000000000000000000e+00 5.634143966223266464e-02
5.443476251325412704e+03 1.000000000000000000e+00 6.148248948623378368e-02
5.444732334629292382e+03 1.000000000000000000e+00 6.750397801928574582e-02
5.445985971017645170e+03 1.000000000000000000e+00 6.278178397582830084e-02
5.447236344851960894e+03 1.000000000000000000e+00 7.083561671040233820e-02
5.448492428155840571e+03 1.000000000000000000e+00 8.148846521839424317e-02
5.449748783339224246e+03 1.000000000000000000e+00 8.453156128439247297e-02
5.451004594763600835e+03 1.000000000000000000e+00 8.781183079289836546e-02
5.452257687392947446e+03 1.000000000000000000e+00 8.516418803350329914e-02
5.453514042576330212e+03 1.000000000000000000e+00 8.201612032664173935e-02
5.454772572795736778e+03 1.000000000000000000e+00 8.383176903865167950e-02
5.456023762268561768e+03 1.000000000000000000e+00 7.847680425369026047e-02
5.457282292487969244e+03 1.000000000000000000e+00 7.443629424261755112e-02
5.458541366466381987e+03 1.000000000000000000e+00 7.278742031577001281e-02
5.459799624806285465e+03 1.000000000000000000e+00 6.948182181892516296e-02
5.461050270520105187e+03 1.000000000000000000e+00 6.762443969948009337e-02
5.462312063293547908e+03 1.000000000000000000e+00 6.515849504452400631e-02
5.463571137271961561e+03 1.000000000000000000e+00 6.060923067999102881e-02
5.464824229901307262e+03 1.000000000000000000e+00 6.198715628937241651e-02
5.466086022674750893e+03 1.000000000000000000e+00 6.430659058516721704e-02
5.467344281014653461e+03 1.000000000000000000e+00 6.566952116079503854e-02
5.468606073788097092e+03 1.000000000000000000e+00 6.744895769812299380e-02
5.469861885212473680e+03 1.000000000000000000e+00 6.980510512979778981e-02
5.471123677985916402e+03 1.000000000000000000e+00 7.136874980767284049e-02
5.472385198879856034e+03 1.000000000000000000e+00 7.013012969397906804e-02
5.473641282183735711e+03 1.000000000000000000e+00 6.899492004267737677e-02
5.474902803077676253e+03 1.000000000000000000e+00 6.832246221818112641e-02
5.476164595851118975e+03 1.000000000000000000e+00 6.797366350221840936e-02
5.477428291781082407e+03 1.000000000000000000e+00 6.721742182166569324e-02
5.478684646964465173e+03 1.000000000000000000e+00 6.608303000097624780e-02
5.479949158532937872e+03 1.000000000000000000e+00 6.559138395191965731e-02
5.481212854462902214e+03 1.000000000000000000e+00 6.673692786155104029e-02
5.482469209646284071e+03 1.000000000000000000e+00 6.771962217567456532e-02
5.483733721214757679e+03 1.000000000000000000e+00 6.706405836250788066e-02
5.484997417144721112e+03 1.000000000000000000e+00 6.557705419335994879e-02
5.486264375628720700e+03 1.000000000000000000e+00 6.638759496421815787e-02
5.487523449607133443e+03 1.000000000000000000e+00 6.586660095463697795e-02
5.488787961175607052e+03 1.000000000000000000e+00 6.417891008202052106e-02
5.490052200864576662e+03 1.000000000000000000e+00 6.182700331058990639e-02
5.491318615589570072e+03 1.000000000000000000e+00 6.022033346539008153e-02
5.492580408363012793e+03 1.000000000000000000e+00 6.001433958150417802e-02
5.493847366847012381e+03 1.000000000000000000e+00 6.055354189827611561e-02
5.495114325331013788e+03 1.000000000000000000e+00 6.007626932711979117e-02
5.496373399309425622e+03 1.000000000000000000e+00 5.851591694595960347e-02
5.497643076588456097e+03 1.000000000000000000e+00 5.711467852843764292e-02
5.498909491313449507e+03 1.000000000000000000e+00 5.640866732049187871e-02
5.500176449797450005e+03 1.000000000000000000e+00 5.565615093568920813e-02
5.501440961365921794e+03 1.000000000000000000e+00 5.529963978041879669e-02
5.502707919849922291e+03 1.000000000000000000e+00 5.530507114433938498e-02
5.503977597128951857e+03 1.000000000000000000e+00 5.542637514890518674e-02
5.505239118022892399e+03 1.000000000000000000e+00 5.368822392366741358e-02
5.506508795301921964e+03 1.000000000000000000e+00 5.327131338027278618e-02
5.507778472580951529e+03 1.000000000000000000e+00 5.469462793947180851e-02
5.509050868655011982e+03 1.000000000000000000e+00 5.359319306816918982e-02
5.510315108343982502e+03 1.000000000000000000e+00 5.105037038066068122e-02
5.511584785623012067e+03 1.000000000000000000e+00 4.764246532355644742e-02
5.512854462902041632e+03 1.000000000000000000e+00 4.418605462812372903e-02
5.514121421386042130e+03 1.000000000000000000e+00 4.589411347594796881e-02
5.515393817460100763e+03 1.000000000000000000e+00 4.856914039300885833e-02
5.516663494739131238e+03 1.000000000000000000e+00 5.005409904365110130e-02
5.517935890813191691e+03 1.000000000000000000e+00 4.885633453211338934e-02
5.519202849297191278e+03 1.000000000000000000e+00 5.008390054399157465e-02
5.520474973491748642e+03 1.000000000000000000e+00 5.158322100210798594e-02
5.521747369565808185e+03 1.000000000000000000e+00 5.116550686587281044e-02
5.523017590603843928e+03 1.000000000000000000e+00 5.050248499004678093e-02
5.524289986677904380e+03 1.000000000000000000e+00 5.025749927932639249e-02
5.525562110872460835e+03 1.000000000000000000e+00 5.069473860933380871e-02
5.526837225741550355e+03 1.000000000000000000e+00 5.212232017553875690e-02
5.528106903020580830e+03 1.000000000000000000e+00 5.181561511509242407e-02
5.529381746010168172e+03 1.000000000000000000e+00 5.090359665780264109e-02
5.530654685843233892e+03 1.000000000000000000e+00 5.036401240252012107e-02
5.531924363122264367e+03 1.000000000000000000e+00 5.166278705434259461e-02
5.533201924906880777e+03 1.000000000000000000e+00 5.126779899348090502e-02
5.534476767896468118e+03 1.000000000000000000e+00 5.041281174631849493e-02
5.535752426524563816e+03 1.000000000000000000e+00 5.065512863449538744e-02
5.537022103803594291e+03 1.000000000000000000e+00 5.089587768313006549e-02
5.538299665588210701e+03 1.000000000000000000e+00 5.067921840662430871e-02
5.539577227372828020e+03 1.000000000000000000e+00 5.011410542788618389e-02
5.540846904651858495e+03 1.000000000000000000e+00 4.964543223230161173e-02
5.542125010195481991e+03 1.000000000000000000e+00 4.966702010571704545e-02
5.543405290775128378e+03 1.000000000000000000e+00 4.994458056518731592e-02
5.544683396318751875e+03 1.000000000000000000e+00 5.027456224736700369e-02
5.545955792392811418e+03 1.000000000000000000e+00 5.026819845106953594e-02
5.547233354177427827e+03 1.000000000000000000e+00 4.996708381403167087e-02
5.548514178516082211e+03 1.000000000000000000e+00 4.938120522218961139e-02
5.549786574590140845e+03 1.000000000000000000e+00 4.855652798607362070e-02
5.551067398928795228e+03 1.000000000000000000e+00 4.843709702449380816e-02
5.552344960713411638e+03 1.000000000000000000e+00 4.797235513208077812e-02
5.553625241293058934e+03 1.000000000000000000e+00 4.739016240721664192e-02
5.554900628041651544e+03 1.000000000000000000e+00 4.798736244297101272e-02
5.556180908621298840e+03 1.000000000000000000e+00 4.828192274322068434e-02
5.557464451754982292e+03 1.000000000000000000e+00 4.825376097742303111e-02
5.558739566624071813e+03 1.000000000000000000e+00 4.814572778560818195e-02
5.560020390962725287e+03 1.000000000000000000e+00 4.890100065515219641e-02
5.561303118457898563e+03 1.000000000000000000e+00 4.952755356781840534e-02
5.562583942796552947e+03 1.000000000000000000e+00 4.983072406619609707e-02
5.563861504581169356e+03 1.000000000000000000e+00 4.975318226011386097e-02
5.565145047714852808e+03 1.000000000000000000e+00 4.977886731810476917e-02
5.566428590848536260e+03 1.000000000000000000e+00 5.008549229915106038e-02
5.567706152633153579e+03 1.000000000000000000e+00 5.050382174650543815e-02
5.568989695766836121e+03 1.000000000000000000e+00 5.048852968328249730e-02
5.570272695141513395e+03 1.000000000000000000e+00 5.071518540244642631e-02
5.571558685190722827e+03 1.000000000000000000e+00 5.022676471435193885e-02
5.572836246975340146e+03 1.000000000000000000e+00 4.908450074841714389e-02
5.574122508904053575e+03 1.000000000000000000e+00 5.004608037565971834e-02
5.575408498953263916e+03 1.000000000000000000e+00 5.129807660796058266e-02
5.576686060737881235e+03 1.000000000000000000e+00 5.244545221795091083e-02
5.577972322666593755e+03 1.000000000000000000e+00 5.331219843911133571e-02
5.579258312715804095e+03 1.000000000000000000e+00 5.381878478033927382e-02
5.580544574644517525e+03 1.000000000000000000e+00 5.358949334257880059e-02
5.581827574019194799e+03 1.000000000000000000e+00 5.326896346006325389e-02
5.583113564068404230e+03 1.000000000000000000e+00 5.419757148680964809e-02
5.584402272912645458e+03 1.000000000000000000e+00 5.537647283345676491e-02
5.585682553492291845e+03 1.000000000000000000e+00 5.657930144698413572e-02
5.586971262336532163e+03 1.000000000000000000e+00 5.731610815612316751e-02
5.588260243060275570e+03 1.000000000000000000e+00 5.618204102035388031e-02
5.589548951904514979e+03 1.000000000000000000e+00 5.226306369971450705e-02
5.590829776243169363e+03 1.000000000000000000e+00 5.073613865328008982e-02
5.592117941328402594e+03 1.000000000000000000e+00 5.363578582232691322e-02
5.593409368967672890e+03 1.000000000000000000e+00 5.269673218574463108e-02
5.594692912101356342e+03 1.000000000000000000e+00 5.205467217003297703e-02
5.595984339740626638e+03 1.000000000000000000e+00 5.228073898305909961e-02
5.597273048584867865e+03 1.000000000000000000e+00 5.312418726642838263e-02
5.598564476224138161e+03 1.000000000000000000e+00 5.328355147783942619e-02
5.599848019357819794e+03 1.000000000000000000e+00 5.267456516960513507e-02
5.601139446997090090e+03 1.000000000000000000e+00 5.163604057433184014e-02
5.602430874636360386e+03 1.000000000000000000e+00 5.073124123210855790e-02
5.603719039721595436e+03 1.000000000000000000e+00 5.008746231954765149e-02
5.605010467360865732e+03 1.000000000000000000e+00 5.006995633391973788e-02
5.606301895000136028e+03 1.000000000000000000e+00 5.084698624261621558e-02
5.607596585193441570e+03 1.000000000000000000e+00 5.206882783624389860e-02
5.608882031483645733e+03 1.000000000000000000e+00 5.293531618006476480e-02
5.610176177917946916e+03 1.000000000000000000e+00 5.380483967565626024e-02
5.611467605557217212e+03 1.000000000000000000e+00 5.470460074780662818e-02
5.612756314401456621e+03 1.000000000000000000e+00 5.332592474791390119e-02
5.614050460835757804e+03 1.000000000000000000e+00 5.264546080647444781e-02
5.615345151029063345e+03 1.000000000000000000e+00 5.271490618267497819e-02
5.616641744378891417e+03 1.000000000000000000e+00 5.313336592341325049e-02
5.617930725102634824e+03 1.000000000000000000e+00 5.405544767847054316e-02
5.619224599657431099e+03 1.000000000000000000e+00 5.454282006388773418e-02
5.620521464886762260e+03 1.000000000000000000e+00 5.413384296972226228e-02
5.621810173731002578e+03 1.000000000000000000e+00 5.266572194178269217e-02
5.623107038960331920e+03 1.000000000000000000e+00 5.196205451408594800e-02
5.624403632310159992e+03 1.000000000000000000e+00 5.178892867068958517e-02
5.625701041298496420e+03 1.000000000000000000e+00 5.199468100407375615e-02
5.626992468937766716e+03 1.000000000000000000e+00 5.246257806152866687e-02
5.628289062287593879e+03 1.000000000000000000e+00 5.290327536718138907e-02
5.629588374432451019e+03 1.000000000000000000e+00 5.323675307619964853e-02
5.630879802071721315e+03 1.000000000000000000e+00 5.306657456325041683e-02
5.632177211060057743e+03 1.000000000000000000e+00 5.118156165630880633e-02
5.633476523204915793e+03 1.000000000000000000e+00 5.152216336489328502e-02
5.634776107229276022e+03 1.000000000000000000e+00 5.268258927529503866e-02
5.636069981784072297e+03 1.000000000000000000e+00 5.244887634010063360e-02
5.637370109567439613e+03 1.000000000000000000e+00 4.891837210445744433e-02
5.638669421712296753e+03 1.000000000000000000e+00 4.826638821194450396e-02
5.639963568146597026e+03 1.000000000000000000e+00 4.950226678047932316e-02
5.641263424050461254e+03 1.000000000000000000e+00 5.055731580674970027e-02
5.642565454990347462e+03 1.000000000000000000e+00 4.973511395515613914e-02
5.643864767135205511e+03 1.000000000000000000e+00 4.945351315733497594e-02
5.645159457328511962e+03 1.000000000000000000e+00 4.994270173182550204e-02
5.646461488268399080e+03 1.000000000000000000e+00 5.044954284884587553e-02
5.647763519208287107e+03 1.000000000000000000e+00 4.978230626166726264e-02
5.649060928196623536e+03 1.000000000000000000e+00 4.891145043130617348e-02
5.650362959136509744e+03 1.000000000000000000e+00 4.837746258374960029e-02
5.651665533835403949e+03 1.000000000000000000e+00 4.857987160831465923e-02
5.652970011690817955e+03 1.000000000000000000e+00 4.823077108497919596e-02
5.654267420679154384e+03 1.000000000000000000e+00 4.796439113639425905e-02
5.655572170414071479e+03 1.000000000000000000e+00 4.812714124175187375e-02
5.656874745112965684e+03 1.000000000000000000e+00 4.861716965870060969e-02
5.658174057257823733e+03 1.000000000000000000e+00 4.840214759600205974e-02
5.659479350751747006e+03 1.000000000000000000e+00 4.847244158659221036e-02
5.660784100486664101e+03 1.000000000000000000e+00 4.916738920376727273e-02
5.662089122101084286e+03 1.000000000000000000e+00 4.857019828622265167e-02
5.663388706125444514e+03 1.000000000000000000e+00 4.781017714077166053e-02
5.664693999619368697e+03 1.000000000000000000e+00 4.764978658036499171e-02
5.666001196269812681e+03 1.000000000000000000e+00 4.844662713492602774e-02
5.667301052173676908e+03 1.000000000000000000e+00 4.894950171902062719e-02
5.668609064462630158e+03 1.000000000000000000e+00 4.886228134479991825e-02
5.669913814197547254e+03 1.000000000000000000e+00 4.845829322705944714e-02
5.671221554606998325e+03 1.000000000000000000e+00 4.819739015089343631e-02
5.672523585546885442e+03 1.000000000000000000e+00 4.912131293895555945e-02
5.673831597835838693e+03 1.000000000000000000e+00 4.926352541017573611e-02
5.675139338245289764e+03 1.000000000000000000e+00 4.723591835314758930e-02
5.676441641064679970e+03 1.000000000000000000e+00 4.320671663424225512e-02
5.677752100269160110e+03 1.000000000000000000e+00 4.326577669454124281e-02
5.679059840678611181e+03 1.000000000000000000e+00 4.508434176830779933e-02
5.680370571762595318e+03 1.000000000000000000e+00 4.739254040916997951e-02
5.681672602702481527e+03 1.000000000000000000e+00 4.841264733307664575e-02
5.682983061906963485e+03 1.000000000000000000e+00 4.896176560746794137e-02
5.684293521111443624e+03 1.000000000000000000e+00 4.784696871292203751e-02
5.685604252195426852e+03 1.000000000000000000e+00 4.648713804191543369e-02
5.686909001930343948e+03 1.000000000000000000e+00 4.751906521346804108e-02
5.688222179929854065e+03 1.000000000000000000e+00 4.763003596040454868e-02
5.689532639134335113e+03 1.000000000000000000e+00 4.789310480759630118e-02
5.690837932628259296e+03 1.000000000000000000e+00 4.854152594925333075e-02
5.692151110627769413e+03 1.000000000000000000e+00 4.883365389010795726e-02
5.693464288627280439e+03 1.000000000000000000e+00 4.841696131215557364e-02
5.694777466626790556e+03 1.000000000000000000e+00 4.801334935092078926e-02
5.696084935156738538e+03 1.000000000000000000e+00 4.774882092503160425e-02
5.697398113156248655e+03 1.000000000000000000e+00 4.717257242399224698e-02
5.698711291155759682e+03 1.000000000000000000e+00 4.656213592312258981e-02
5.700019031565210753e+03 1.000000000000000000e+00 4.662194239662942330e-02
5.701332209564720870e+03 1.000000000000000000e+00 4.742942436447761950e-02
5.702648106359260964e+03 1.000000000000000000e+00 4.801018617867775645e-02
5.703964003153801968e+03 1.000000000000000000e+00 4.690692188025457482e-02
5.705272015442756128e+03 1.000000000000000000e+00 4.654802401455786220e-02
5.706587640357794044e+03 1.000000000000000000e+00 4.747115325522326817e-02
5.707903537152334138e+03 1.000000000000000000e+00 4.730294900596801466e-02
5.709214268236318276e+03 1.000000000000000000e+00 4.683543069977046808e-02
5.710529893151355282e+03 1.000000000000000000e+00 4.694399649933991836e-02
5.711845789945896286e+03 1.000000000000000000e+00 4.781188158698039536e-02
5.713164405535466358e+03 1.000000000000000000e+00 4.814113826279840802e-02
5.714474864739947407e+03 1.000000000000000000e+00 4.678677613282873626e-02
5.715793480329517479e+03 1.000000000000000000e+00 4.599391135920299911e-02
5.717111824039585372e+03 1.000000000000000000e+00 4.666741943895824640e-02
5.718422555123569509e+03 1.000000000000000000e+00 4.756984747653836276e-02
5.719740898833636493e+03 1.000000000000000000e+00 4.843982132890538306e-02
5.721060058182213652e+03 1.000000000000000000e+00 4.822393573287832302e-02
5.722381120687311522e+03 1.000000000000000000e+00 4.690063912970151433e-02
5.723694298686821639e+03 1.000000000000000000e+00 4.688683385741052034e-02
5.725012914276391712e+03 1.000000000000000000e+00 4.775916903438897493e-02
5.726333976781489582e+03 1.000000000000000000e+00 4.860817331803730934e-02
5.727647154781000609e+03 1.000000000000000000e+00 4.891315770229922449e-02
5.728969032924607745e+03 1.000000000000000000e+00 4.925488850666815549e-02
5.730290095429705616e+03 1.000000000000000000e+00 4.932823713587490555e-02
5.731611157934802577e+03 1.000000000000000000e+00 4.854560235552432546e-02
5.732927054729343581e+03 1.000000000000000000e+00 4.709605252716039803e-02
5.734248932872950718e+03 1.000000000000000000e+00 4.680465168175704932e-02
5.735569995378048588e+03 1.000000000000000000e+00 4.721501157244952646e-02
5.736885892172588683e+03 1.000000000000000000e+00 4.760717945771974352e-02
5.738210217231722709e+03 1.000000000000000000e+00 4.735401059880516017e-02
5.739533998531850557e+03 1.000000000000000000e+00 4.611575247121204452e-02
5.740855061036947518e+03 1.000000000000000000e+00 4.686944416979948319e-02
5.742173676626519409e+03 1.000000000000000000e+00 4.820173173387537480e-02
5.743498001685652525e+03 1.000000000000000000e+00 4.887268541188471982e-02
5.744821782985780374e+03 1.000000000000000000e+00 4.858192914898770004e-02
5.746140942334357533e+03 1.000000000000000000e+00 4.826036001044226725e-02
5.747464723634485381e+03 1.000000000000000000e+00 4.782816535932054441e-02
5.748791767488649384e+03 1.000000000000000000e+00 4.750421509509374085e-02
5.750118267583806301e+03 1.000000000000000000e+00 4.825039051371801668e-02
5.751436611293874194e+03 1.000000000000000000e+00 4.838788139903905938e-02
5.752763655148038197e+03 1.000000000000000000e+00 4.808264174350478787e-02
5.754090155243196023e+03 1.000000000000000000e+00 4.779504576469805616e-02
5.755409314591773182e+03 1.000000000000000000e+00 4.816420922401629112e-02
5.756738261602457897e+03 1.000000000000000000e+00 4.754509449162704071e-02
5.758065305456621900e+03 1.000000000000000000e+00 4.709946802968853485e-02
5.759391805551778816e+03 1.000000000000000000e+00 4.715954974266531319e-02
5.760713411815882864e+03 1.000000000000000000e+00 4.693855787855786416e-02
5.762042630706070668e+03 1.000000000000000000e+00 4.678021552589086557e-02
5.763372393355264649e+03 1.000000000000000000e+00 4.687065352012859815e-02
5.764693455860362519e+03 1.000000000000000000e+00 4.729345027775144761e-02
5.766023218509555591e+03 1.000000000000000000e+00 4.801077757204103014e-02
5.767352709279247392e+03 1.000000000000000000e+00 4.805496607511604290e-02
5.768681928169435196e+03 1.000000000000000000e+00 4.800528890463220955e-02
5.770006253228569221e+03 1.000000000000000000e+00 4.781742825083683951e-02
5.771338734672793180e+03 1.000000000000000000e+00 4.702604901570023310e-02
5.772667681683477895e+03 1.000000000000000000e+00 4.761192765737077420e-02
5.773992006742611011e+03 1.000000000000000000e+00 4.830811170313942943e-02
5.775324488186835879e+03 1.000000000000000000e+00 4.845478437773782787e-02
5.776656153992549662e+03 1.000000000000000000e+00 4.788776515280143697e-02
5.777988635436774530e+03 1.000000000000000000e+00 4.771175477252824482e-02
5.779315407411435444e+03 1.000000000000000000e+00 4.542556166293913733e-02
5.780647888855658493e+03 1.000000000000000000e+00 4.259542220584688205e-02
5.781979554661374095e+03 1.000000000000000000e+00 4.178178339093142901e-02
5.783306598515538099e+03 1.000000000000000000e+00 4.633843063992245520e-02
5.784641526875288946e+03 1.000000000000000000e+00 4.851192277037107842e-02
5.785974008319512905e+03 1.000000000000000000e+00 4.775766384414439208e-02
5.787308936679263752e+03 1.000000000000000000e+00 4.780741325863713947e-02
5.788637883689947557e+03 1.000000000000000000e+00 4.798633472801519528e-02
5.789973083929202403e+03 1.000000000000000000e+00 4.763826056131000714e-02
5.791308012288953250e+03 1.000000000000000000e+00 4.731761267382957742e-02
5.792637503058644143e+03 1.000000000000000000e+00 4.759890504661311306e-02
5.793972703297898988e+03 1.000000000000000000e+00 4.784007133654900185e-02
5.795307631657649836e+03 1.000000000000000000e+00 4.741063714065837237e-02
5.796645278812429751e+03 1.000000000000000000e+00 4.724157214209221550e-02
5.797974225823114466e+03 1.000000000000000000e+00 4.791690537408632711e-02
5.799311872977896201e+03 1.000000000000000000e+00 4.839568082874914912e-02
5.800649520132677026e+03 1.000000000000000000e+00 4.835806802957866996e-02
5.801979282781870097e+03 1.000000000000000000e+00 4.782774979428554285e-02
5.803319376852178721e+03 1.000000000000000000e+00 4.713071015346696063e-02
5.804657024006959546e+03 1.000000000000000000e+00 4.722488931759957764e-02
5.805994671161740371e+03 1.000000000000000000e+00 4.818977265026815754e-02
5.807327152605965239e+03 1.000000000000000000e+00 4.921972283580994950e-02
5.808667246676272953e+03 1.000000000000000000e+00 4.978780859623962302e-02
5.810004893831053778e+03 1.000000000000000000e+00 4.968685278123698146e-02
5.811339822190804625e+03 1.000000000000000000e+00 4.880721844232250445e-02
5.812680188140615428e+03 1.000000000000000000e+00 4.807540241492502808e-02
5.814021097849432408e+03 1.000000000000000000e+00 4.798414441976845551e-02
5.815361191919741032e+03 1.000000000000000000e+00 4.876916196744921633e-02
5.816696392158994968e+03 1.000000000000000000e+00 4.869451891935840798e-02
5.818036486229302682e+03 1.000000000000000000e+00 4.830134955369656119e-02
5.819379570974143462e+03 1.000000000000000000e+00 4.806120620305592839e-02
5.820714499333894310e+03 1.000000000000000000e+00 4.829201439381750061e-02
5.822057312199232911e+03 1.000000000000000000e+00 4.840798497481219737e-02
5.823397678149044623e+03 1.000000000000000000e+00 4.847119284155765317e-02
5.824741034773388492e+03 1.000000000000000000e+00 4.847634160920122337e-02
5.826078681928169317e+03 1.000000000000000000e+00 4.844800395708200730e-02
5.827421766673010097e+03 1.000000000000000000e+00 4.862778191892012936e-02
5.828764579538347789e+03 1.000000000000000000e+00 4.890623732060971757e-02
5.830102226693129523e+03 1.000000000000000000e+00 4.911792213549133479e-02
5.831448302112504280e+03 1.000000000000000000e+00 4.916847660483993077e-02
5.832791386857345060e+03 1.000000000000000000e+00 4.912890712971583473e-02
5.834136918517712729e+03 1.000000000000000000e+00 4.919691226470252615e-02
5.835475109431499732e+03 1.000000000000000000e+00 4.923722180176767771e-02
5.836823359886897379e+03 1.000000000000000000e+00 4.928946446701193418e-02
5.838168891547265957e+03 1.000000000000000000e+00 4.957391029966334156e-02
5.839506538702046782e+03 1.000000000000000000e+00 4.953110291899458228e-02
5.840855332916451516e+03 1.000000000000000000e+00 4.937855626512972079e-02
5.842200864576819185e+03 1.000000000000000000e+00 4.909733860318068327e-02
5.843549658791223010e+03 1.000000000000000000e+00 4.874152030673511299e-02
5.844890024741034722e+03 1.000000000000000000e+00 4.974025669791604098e-02
5.846235556401403301e+03 1.000000000000000000e+00 5.023025186269343412e-02
5.847584350615807125e+03 1.000000000000000000e+00 4.883496881241560644e-02
5.848927163481144817e+03 1.000000000000000000e+00 4.561789245851329000e-02
5.850275957695549550e+03 1.000000000000000000e+00 4.385733545129661543e-02
5.851624208150947197e+03 1.000000000000000000e+00 4.582149011260965021e-02
5.852975721160381909e+03 1.000000000000000000e+00 4.866707074987406539e-02
5.854318805905222689e+03 1.000000000000000000e+00 4.954218662227327652e-02
5.855667328240123425e+03 1.000000000000000000e+00 4.952604318394630140e-02
5.857018297490551959e+03 1.000000000000000000e+00 4.940180834423894829e-02
5.858361925994398916e+03 1.000000000000000000e+00 4.995412424718626010e-02
5.859712623365324362e+03 1.000000000000000000e+00 5.070108803136961356e-02
5.861064136374759073e+03 1.000000000000000000e+00 4.994606634703867287e-02
5.862415649384192875e+03 1.000000000000000000e+00 4.961236247527236326e-02
5.863761181044560544e+03 1.000000000000000000e+00 4.951048353537548102e-02
5.865112694053995256e+03 1.000000000000000000e+00 4.942124255324537030e-02
5.866466110219950679e+03 1.000000000000000000e+00 4.933182559144329293e-02
5.867812185639324525e+03 1.000000000000000000e+00 4.989988808523096453e-02
5.869166417443789214e+03 1.000000000000000000e+00 5.009700108747600078e-02
5.870519833609743728e+03 1.000000000000000000e+00 4.975200356523941381e-02
5.871874065414208417e+03 1.000000000000000000e+00 4.911985520839459024e-02
5.873219597074576086e+03 1.000000000000000000e+00 4.905250814470359100e-02
5.874573828879040775e+03 1.000000000000000000e+00 5.018883065807388383e-02
5.875930507599031444e+03 1.000000000000000000e+00 5.108764121868258207e-02
5.877279301813436177e+03 1.000000000000000000e+00 5.126254479993087171e-02
5.878632717979391600e+03 1.000000000000000000e+00 5.163397899371753585e-02
5.879989396699382269e+03 1.000000000000000000e+00 5.171482306073438978e-02
5.881343628503846048e+03 1.000000000000000000e+00 5.111775045544656587e-02
5.882695141513280760e+03 1.000000000000000000e+00 5.071736091763093951e-02
5.884051820233272338e+03 1.000000000000000000e+00 5.164851854041235119e-02
5.885407955194257738e+03 1.000000000000000000e+00 5.290279050568984232e-02
5.886759468203691540e+03 1.000000000000000000e+00 5.423232447773247700e-02
5.888116146923684028e+03 1.000000000000000000e+00 5.532702684410870098e-02
5.889472825643674696e+03 1.000000000000000000e+00 5.593842502518028836e-02
5.890832223158695342e+03 1.000000000000000000e+00 5.617936230911203810e-02
5.892183192409123876e+03 1.000000000000000000e+00 5.570970830015811726e-02
5.893542589924145432e+03 1.000000000000000000e+00 5.493008631818018656e-02
5.894901987439166987e+03 1.000000000000000000e+00 5.421234758678705745e-02
5.896261384954188543e+03 1.000000000000000000e+00 5.387751183115539050e-02
5.897615616758652322e+03 1.000000000000000000e+00 5.373353919319024535e-02
5.898975014273673878e+03 1.000000000000000000e+00 5.337320866250997581e-02
5.900334411788695434e+03 1.000000000000000000e+00 5.327887193613484867e-02
5.901688371713656124e+03 1.000000000000000000e+00 5.370724595587387379e-02
5.903050488023707658e+03 1.000000000000000000e+00 5.266820054121291311e-02
5.904409885538728304e+03 1.000000000000000000e+00 5.228810495744243975e-02
5.905772001848780747e+03 1.000000000000000000e+00 5.166625056416147138e-02
5.907128680568771415e+03 1.000000000000000000e+00 5.084539909795771778e-02
5.908490796878822948e+03 1.000000000000000000e+00 5.171476792541549600e-02
5.909852641309371393e+03 1.000000000000000000e+00 5.141275497951808965e-02
5.911209591908866059e+03 1.000000000000000000e+00 5.093551955632742712e-02
5.912571436339413594e+03 1.000000000000000000e+00 5.067510174359569214e-02
5.913933552649466037e+03 1.000000000000000000e+00 5.064231154710442662e-02
5.915298931513553725e+03 1.000000000000000000e+00 5.121152343336829449e-02
5.916655610233544394e+03 1.000000000000000000e+00 5.056555685791973287e-02
5.918020173459122816e+03 1.000000000000000000e+00 4.999006463768433661e-02
5.919385008564204327e+03 1.000000000000000000e+00 5.045515531871891390e-02
5.920744406079225882e+03 1.000000000000000000e+00 5.088962638212871092e-02
5.922108969304804305e+03 1.000000000000000000e+00 5.087946382070488577e-02
5.923474348168891993e+03 1.000000000000000000e+00 5.171036463461026189e-02
5.924841630189499483e+03 1.000000000000000000e+00 5.295722088941517969e-02
5.926201027704521039e+03 1.000000000000000000e+00 5.244703044696020361e-02
5.927568309725129438e+03 1.000000000000000000e+00 5.016776837859879268e-02
5.928933688589217127e+03 1.000000000000000000e+00 4.839974082065465200e-02
5.930295804899268660e+03 1.000000000000000000e+00 4.854736666648401533e-02
5.931663086919877060e+03 1.000000000000000000e+00 5.076801713965420348e-02
5.933030368940484550e+03 1.000000000000000000e+00 5.021165762116119868e-02
5.934398466599603125e+03 1.000000000000000000e+00 4.981703168442139229e-02
5.935760311030151570e+03 1.000000000000000000e+00 5.023095815064166497e-02
5.937127864930262149e+03 1.000000000000000000e+00 5.072679270010941460e-02
5.938498409504906704e+03 1.000000000000000000e+00 4.991108875650316495e-02
5.939860253935456058e+03 1.000000000000000000e+00 5.066333714247446551e-02
5.941230254751093526e+03 1.000000000000000000e+00 5.092983528594930559e-02
5.942600799325738080e+03 1.000000000000000000e+00 5.038831110661968343e-02
5.943971072020880456e+03 1.000000000000000000e+00 4.973706130867377312e-02
5.945335635246458878e+03 1.000000000000000000e+00 5.059165020656512107e-02
5.946706179821103433e+03 1.000000000000000000e+00 4.908460278047364206e-02
5.948076180636740901e+03 1.000000000000000000e+00 4.927537890585003549e-02
5.949441559500828589e+03 1.000000000000000000e+00 5.148910953962552300e-02
5.950814007231993855e+03 1.000000000000000000e+00 5.214854157835186604e-02
5.952187270601669297e+03 1.000000000000000000e+00 5.214420018316034272e-02
5.953559990212337652e+03 1.000000000000000000e+00 5.166057515293835667e-02
5.954925369076425341e+03 1.000000000000000000e+00 5.119318740219658270e-02
5.956297816807590607e+03 1.000000000000000000e+00 5.110260628601832888e-02
5.957671080177265139e+03 1.000000000000000000e+00 5.114583596141074329e-02
5.959038362197873539e+03 1.000000000000000000e+00 4.974843728253076913e-02
5.960414344362578049e+03 1.000000000000000000e+00 4.961252145567035532e-02
5.961787607732252582e+03 1.000000000000000000e+00 5.069112240051149715e-02
5.963162774258448735e+03 1.000000000000000000e+00 5.105615677498874516e-02
5.964530871917565491e+03 1.000000000000000000e+00 5.183565397948638326e-02
5.965906038443761645e+03 1.000000000000000000e+00 5.193861677729977311e-02
5.967282020608465245e+03 1.000000000000000000e+00 5.032267907008050600e-02
5.968652565183110710e+03 1.000000000000000000e+00 4.756763155129027643e-02
5.970027731709305954e+03 1.000000000000000000e+00 4.660860215013719332e-02
5.971406432669041351e+03 1.000000000000000000e+00 5.140168764825586711e-02
5.972782142954242772e+03 1.000000000000000000e+00 5.258827656463125472e-02
5.974152143769880240e+03 1.000000000000000000e+00 4.970324232121829666e-02
5.975530844729615637e+03 1.000000000000000000e+00 4.902694664479944481e-02
5.976909273809847036e+03 1.000000000000000000e+00 5.034959456976589171e-02
5.978279818384491591e+03 1.000000000000000000e+00 5.089683465527572448e-02
5.979657703705716813e+03 1.000000000000000000e+00 5.130036202935640138e-02
5.981038851580979099e+03 1.000000000000000000e+00 5.202274323777235365e-02
5.982417552540713586e+03 1.000000000000000000e+00 5.241293755247079800e-02
5.983790544030885030e+03 1.000000000000000000e+00 5.391401289463303853e-02
5.985169244990619518e+03 1.000000000000000000e+00 5.406038975291648646e-02
5.986550392865881804e+03 1.000000000000000000e+00 5.309161481721336173e-02
5.987923112476550159e+03 1.000000000000000000e+00 5.226880100349429875e-02
5.989304260351811536e+03 1.000000000000000000e+00 5.218135688002207423e-02
5.990685408227073822e+03 1.000000000000000000e+00 5.108482864306168603e-02
5.992066556102334289e+03 1.000000000000000000e+00 5.065741880232888655e-02
5.993442266387536620e+03 1.000000000000000000e+00 5.103601855469726278e-02
5.994823686142301995e+03 1.000000000000000000e+00 5.116898205770169933e-02
5.996207280933090260e+03 1.000000000000000000e+00 5.118777366993828432e-02
5.997583263097794770e+03 1.000000000000000000e+00 5.211189404333453623e-02
5.998967129768086124e+03 1.000000000000000000e+00 5.363214763317527417e-02
6.000348277643348410e+03 1.000000000000000000e+00 5.477028667644772558e-02
6.001732144313640674e+03 1.000000000000000000e+00 5.406137957871484656e-02
6.003110029634865896e+03 1.000000000000000000e+00 5.414082027509297540e-02
6.004494440064163427e+03 1.000000000000000000e+00 5.387387313596612298e-02
6.005878306734455691e+03 1.000000000000000000e+00 5.308221725408488606e-02
6.007256192055680913e+03 1.000000000000000000e+00 5.226399229575152960e-02
6.008643321280008422e+03 1.000000000000000000e+00 5.230417023850507385e-02
6.010029634865827575e+03 1.000000000000000000e+00 5.255584812113203719e-02
6.011413501536119838e+03 1.000000000000000000e+00 5.271864374474347081e-02
6.012794649411380306e+03 1.000000000000000000e+00 5.321177450776594375e-02
6.014181234876701637e+03 1.000000000000000000e+00 5.421364320841049605e-02
6.015567548462521700e+03 1.000000000000000000e+00 5.155058555519969471e-02
6.016948696337782167e+03 1.000000000000000000e+00 5.137462399342788283e-02
6.018335281803104408e+03 1.000000000000000000e+00 5.060194309015458858e-02
6.019722411027431917e+03 1.000000000000000000e+00 4.877598956759177096e-02
6.021111443408281048e+03 1.000000000000000000e+00 5.030789628616028075e-02
6.022492591283543334e+03 1.000000000000000000e+00 5.135359836313078269e-02
6.023881623664391554e+03 1.000000000000000000e+00 5.182117185607477278e-02
6.025271471683749041e+03 1.000000000000000000e+00 5.233199757040854494e-02
6.026655338354041305e+03 1.000000000000000000e+00 5.306320565809627410e-02
6.028044370734890435e+03 1.000000000000000000e+00 5.268701394947062494e-02
6.029433403115738656e+03 1.000000000000000000e+00 5.206208824707347915e-02
6.030823251135097053e+03 1.000000000000000000e+00 5.184781127135026230e-02
6.032207117805388407e+03 1.000000000000000000e+00 5.218140089975660534e-02
6.033598868981267515e+03 1.000000000000000000e+00 5.279795118833236628e-02
6.034991163916151891e+03 1.000000000000000000e+00 5.263017729147241586e-02
6.036375030586444154e+03 1.000000000000000000e+00 5.281085524347540333e-02
6.037766781762322353e+03 1.000000000000000000e+00 5.288795758348938808e-02
6.039159076697207638e+03 1.000000000000000000e+00 5.258546308783243473e-02
6.040553546668115814e+03 1.000000000000000000e+00 5.220592182697966765e-02
6.041939860253934967e+03 1.000000000000000000e+00 5.270241151761398402e-02
6.043332155188820252e+03 1.000000000000000000e+00 5.258192320655187546e-02
6.044726625159729338e+03 1.000000000000000000e+00 5.238092026317708871e-02
6.046113754384056847e+03 1.000000000000000000e+00 5.225148359245989499e-02
6.047508224354965932e+03 1.000000000000000000e+00 5.133752444698177347e-02
6.048900519289850308e+03 1.000000000000000000e+00 5.090295491432787062e-02
6.050297708055789371e+03 1.000000000000000000e+00 5.221785985031706517e-02
6.051684021641608524e+03 1.000000000000000000e+00 5.380172457174935835e-02
6.053081754166552855e+03 1.000000000000000000e+00 5.406508610702179252e-02
6.054476767896468118e+03 1.000000000000000000e+00 5.404769169135895807e-02
6.055865800277317248e+03 1.000000000000000000e+00 5.387719252697735495e-02
6.057263532802262489e+03 1.000000000000000000e+00 5.246166906956303833e-02
6.058658002773170665e+03 1.000000000000000000e+00 5.175384527232949894e-02
6.060055463418612817e+03 1.000000000000000000e+00 5.319870373142651654e-02
6.061447214594491925e+03 1.000000000000000000e+00 5.337293018129750377e-02
6.062844947119436256e+03 1.000000000000000000e+00 5.308672788846983959e-02
6.064242679644381496e+03 1.000000000000000000e+00 5.377696913397105732e-02
6.065634430820259695e+03 1.000000000000000000e+00 5.505952900725991084e-02
6.067031891465702756e+03 1.000000000000000000e+00 5.524324424158749691e-02
6.068432342785677065e+03 1.000000000000000000e+00 5.330996065344637685e-02
6.069831978467143017e+03 1.000000000000000000e+00 5.320575564219472142e-02
6.071224273402028302e+03 1.000000000000000000e+00 5.369939688969618125e-02
6.072624724722003521e+03 1.000000000000000000e+00 5.399859943486568642e-02
6.074024360403468563e+03 1.000000000000000000e+00 5.402806150495695348e-02
6.075419374133383826e+03 1.000000000000000000e+00 5.367856450704032445e-02
6.076819553573855956e+03 1.000000000000000000e+00 5.374054422706332768e-02
6.078222723688861151e+03 1.000000000000000000e+00 5.391942518893187014e-02
6.079622903129332371e+03 1.000000000000000000e+00 5.407325711517644434e-02
6.081017373100241457e+03 1.000000000000000000e+00 5.431413598357152928e-02
6.082420271335743564e+03 1.000000000000000000e+00 5.450961742732281234e-02
6.083823169571245671e+03 1.000000000000000000e+00 5.546804539246127236e-02
6.085217639542154757e+03 1.000000000000000000e+00 5.598973351930328080e-02
6.086623800331693019e+03 1.000000000000000000e+00 5.556734294252485551e-02
6.088026154808188039e+03 1.000000000000000000e+00 5.506434924959212329e-02
6.089429053043690146e+03 1.000000000000000000e+00 5.498942027483578326e-02
6.090826785568635387e+03 1.000000000000000000e+00 5.501754625625993045e-02
6.092232402599167472e+03 1.000000000000000000e+00 5.517622405881669051e-02
6.093638019629699556e+03 1.000000000000000000e+00 5.543647209953541516e-02
6.095035480275142618e+03 1.000000000000000000e+00 5.556588045857218522e-02
6.096441097305673793e+03 1.000000000000000000e+00 5.547330531279378446e-02
6.097846714336206787e+03 1.000000000000000000e+00 5.531292883832130552e-02
6.099252331366737963e+03 1.000000000000000000e+00 5.527382193995807741e-02
6.100652782686713181e+03 1.000000000000000000e+00 5.518536447201685680e-02
6.102058127837742177e+03 1.000000000000000000e+00 5.465754271344979570e-02
6.103466463663304239e+03 1.000000000000000000e+00 5.521273611122076708e-02
6.104866914983279457e+03 1.000000000000000000e+00 5.338662070243838792e-02
6.106274978929338431e+03 1.000000000000000000e+00 5.293113915826421628e-02
6.107683314754899584e+03 1.000000000000000000e+00 5.608517541152983205e-02
6.109091650580461646e+03 1.000000000000000000e+00 6.020185278509022214e-02
6.110494548815963753e+03 1.000000000000000000e+00 5.757390913933318338e-02
6.111902612762023637e+03 1.000000000000000000e+00 5.585052943643323276e-02
6.113310948587585699e+03 1.000000000000000000e+00 5.549464070327125853e-02
6.114722546967183916e+03 1.000000000000000000e+00 5.565016317384224170e-02
6.116125445202686024e+03 1.000000000000000000e+00 5.597374105615697537e-02
6.117536227943774975e+03 1.000000000000000000e+00 5.586583705184292037e-02
6.118947282564367015e+03 1.000000000000000000e+00 5.669873723252123049e-02
6.120350180799869122e+03 1.000000000000000000e+00 5.750292343373210324e-02
6.121760963540958983e+03 1.000000000000000000e+00 5.721446309866290436e-02
6.123172561920556291e+03 1.000000000000000000e+00 5.615715335140648856e-02
6.124586063456676129e+03 1.000000000000000000e+00 5.643016819743629231e-02
6.125991680487207304e+03 1.000000000000000000e+00 5.772616133315486980e-02
6.127402463228297165e+03 1.000000000000000000e+00 5.871024804794434254e-02
6.128816508523422272e+03 1.000000000000000000e+00 5.848004673529706710e-02
6.130222125553954356e+03 1.000000000000000000e+00 5.766137224832044994e-02
6.131635898969576374e+03 1.000000000000000000e+00 5.841534972843138995e-02
6.133049944264702390e+03 1.000000000000000000e+00 5.918223730932867938e-02
6.134466164595851296e+03 1.000000000000000000e+00 5.847148077693695850e-02
6.135871781626382472e+03 1.000000000000000000e+00 5.705199719560813398e-02
6.137288545716538465e+03 1.000000000000000000e+00 5.746023607313675147e-02
6.138702047252657394e+03 1.000000000000000000e+00 5.873536341537868161e-02
6.140112829993746345e+03 1.000000000000000000e+00 5.892365760275117964e-02
6.141526875288872361e+03 1.000000000000000000e+00 5.801382698958246903e-02
6.142943095620021268e+03 1.000000000000000000e+00 5.678104205189166143e-02
6.144359859710176352e+03 1.000000000000000000e+00 5.615101879607258678e-02
6.145770914330767482e+03 1.000000000000000000e+00 5.673093445219807435e-02
6.147187678420924385e+03 1.000000000000000000e+00 5.764737433783587162e-02
6.148606345667599271e+03 1.000000000000000000e+00 5.924884996874964227e-02
6.150014681493161333e+03 1.000000000000000000e+00 6.096280539865461812e-02
6.151434164378347305e+03 1.000000000000000000e+00 6.142482419082946621e-02
6.152853647263533276e+03 1.000000000000000000e+00 6.202733821675700948e-02
6.154272314510208162e+03 1.000000000000000000e+00 6.080512154044384610e-02
6.155683912889807289e+03 1.000000000000000000e+00 6.015573341071301511e-02
6.157102580136483084e+03 1.000000000000000000e+00 6.012537387244876186e-02
6.158524781816698123e+03 1.000000000000000000e+00 5.966767598985574933e-02
6.159938283352817052e+03 1.000000000000000000e+00 5.969765745860564771e-02
6.161357766238003023e+03 1.000000000000000000e+00 5.917867281190963141e-02
6.162777249123188994e+03 1.000000000000000000e+00 5.930304027608043760e-02
6.164198635164894768e+03 1.000000000000000000e+00 5.930524824608793960e-02
6.165615399255049851e+03 1.000000000000000000e+00 5.831339691782510409e-02
6.167034882140235823e+03 1.000000000000000000e+00 5.813020089822149017e-02
6.168459530735977751e+03 1.000000000000000000e+00 5.985903816032376451e-02
6.169873032272096680e+03 1.000000000000000000e+00 6.000938241158052661e-02
6.171297680867839517e+03 1.000000000000000000e+00 5.940063063572989521e-02
6.172719882548054557e+03 1.000000000000000000e+00 5.908249093826386383e-02
6.174143987384790307e+03 1.000000000000000000e+00 5.742553524534765169e-02
6.175560751474946301e+03 1.000000000000000000e+00 5.647948249898258888e-02
6.176982953155162249e+03 1.000000000000000000e+00 5.666612516902676949e-02
6.178407601750903268e+03 1.000000000000000000e+00 5.785439413065320002e-02
6.179826540877083062e+03 1.000000000000000000e+00 5.903982881815859896e-02
6.181251189472824990e+03 1.000000000000000000e+00 5.818569361293925157e-02
6.182675838068567828e+03 1.000000000000000000e+00 5.673322590253405268e-02
6.184103205459339733e+03 1.000000000000000000e+00 5.675080798756826361e-02
6.185522688344525704e+03 1.000000000000000000e+00 5.837744961203138877e-02
6.186947336940267633e+03 1.000000000000000000e+00 6.029044749620588589e-02
6.188374704331040448e+03 1.000000000000000000e+00 6.021848156099843252e-02
6.189796090372746221e+03 1.000000000000000000e+00 6.017968454477782420e-02
6.191223457763518127e+03 1.000000000000000000e+00 5.976421444694340890e-02
6.192650825154290942e+03 1.000000000000000000e+00 5.941753453601429646e-02
6.194078192545063757e+03 1.000000000000000000e+00 5.921332281733481667e-02
6.195500394225278797e+03 1.000000000000000000e+00 5.897156398133724525e-02
6.196927761616050702e+03 1.000000000000000000e+00 5.869730313043294151e-02
6.198357847801854405e+03 1.000000000000000000e+00 5.806205313560999781e-02
6.199779777602566355e+03 1.000000000000000000e+00 5.881182468110526806e-02
6.201209863788368239e+03 1.000000000000000000e+00 6.024755813951409439e-02
6.202639949974171031e+03 1.000000000000000000e+00 6.110924212297613040e-02
6.204069764280469826e+03 1.000000000000000000e+00 6.135257312703546601e-02
6.205494684755715753e+03 1.000000000000000000e+00 6.231792042865617193e-02
6.206924499062015457e+03 1.000000000000000000e+00 6.244266381885028860e-02
6.208354585247818250e+03 1.000000000000000000e+00 6.218193111904192494e-02
6.209781952638590155e+03 1.000000000000000000e+00 6.173202341720736980e-02
6.211212582583398216e+03 1.000000000000000000e+00 6.056585491757653789e-02
6.212645115684727898e+03 1.000000000000000000e+00 5.910610138165960092e-02
6.214077920665560669e+03 1.000000000000000000e+00 6.001862395030559127e-02
6.215502569261303506e+03 1.000000000000000000e+00 6.062914632481494065e-02
6.216938093037165345e+03 1.000000000000000000e+00 6.059128964556950714e-02
6.218370626138495027e+03 1.000000000000000000e+00 6.097622413796686264e-02
6.219797993529267842e+03 1.000000000000000000e+00 6.086651304516573630e-02
6.221231342269106790e+03 1.000000000000000000e+00 5.932442660679525248e-02
6.222666594165465540e+03 1.000000000000000000e+00 5.928946847979299495e-02
6.224101846061825199e+03 1.000000000000000000e+00 6.035989361405423581e-02
6.225529213452597105e+03 1.000000000000000000e+00 6.115637690324872422e-02
6.226965009107963851e+03 1.000000000000000000e+00 6.088175168927024289e-02
6.228400532883825690e+03 1.000000000000000000e+00 6.162652553055024407e-02
6.229830347190124485e+03 1.000000000000000000e+00 6.178111824630146132e-02
6.231266414724994320e+03 1.000000000000000000e+00 6.221538309373032816e-02
6.232704385416383047e+03 1.000000000000000000e+00 6.293731400215533955e-02
6.234142899866778862e+03 1.000000000000000000e+00 6.289741749574657981e-02
6.235572986052581655e+03 1.000000000000000000e+00 6.238501432958899057e-02
6.237010956743970382e+03 1.000000000000000000e+00 6.332127887180477588e-02
6.238449471194366197e+03 1.000000000000000000e+00 6.419650415373598373e-02
6.239879285500665901e+03 1.000000000000000000e+00 6.492500172395070102e-02
6.241319974987085516e+03 1.000000000000000000e+00 6.556039103803319723e-02
6.242758489437481330e+03 1.000000000000000000e+00 6.485532482593722725e-02
6.244199178923900945e+03 1.000000000000000000e+00 6.431215593370115391e-02
6.245629808868709006e+03 1.000000000000000000e+00 6.381326904191392257e-02
6.247070498355128620e+03 1.000000000000000000e+00 6.367121978510062452e-02
6.248511459721051324e+03 1.000000000000000000e+00 6.411902842127192859e-02
6.249946983496914072e+03 1.000000000000000000e+00 6.503472032921059354e-02
6.251387944862836775e+03 1.000000000000000000e+00 6.548731056237871995e-02
6.252828634349255481e+03 1.000000000000000000e+00 6.531429211442046912e-02
6.254269867594682182e+03 1.000000000000000000e+00 6.587290294098722965e-02
6.255705119491041842e+03 1.000000000000000000e+00 6.542911408619213331e-02
6.257149071531496702e+03 1.000000000000000000e+00 6.313476976821304210e-02
6.258590304776923404e+03 1.000000000000000000e+00 6.199957478824118934e-02
6.260028275468312131e+03 1.000000000000000000e+00 6.088759123746638469e-02
6.261471955629264812e+03 1.000000000000000000e+00 6.171183820663585229e-02
6.262915907669720582e+03 1.000000000000000000e+00 6.148058479739794413e-02
6.264359044071667086e+03 1.000000000000000000e+00 6.135144031278973870e-02
6.265797558522062900e+03 1.000000000000000000e+00 6.488271052666211292e-02
6.267240966803512492e+03 1.000000000000000000e+00 6.508972450276023780e-02
6.268687365759495151e+03 1.000000000000000000e+00 6.362537888340463743e-02
6.270125880209890965e+03 1.000000000000000000e+00 6.197166594325443506e-02
6.271572551045376713e+03 1.000000000000000000e+00 6.099603733918013138e-02
6.273018406242353194e+03 1.000000000000000000e+00 6.106237269241548971e-02
6.274464805198335853e+03 1.000000000000000000e+00 6.175081218969461633e-02
6.275903319648731667e+03 1.000000000000000000e+00 6.122609764648759972e-02
6.277352437399744304e+03 1.000000000000000000e+00 6.220065394181023555e-02
6.278799108235230051e+03 1.000000000000000000e+00 6.305725159160310844e-02
6.280239797721648756e+03 1.000000000000000000e+00 6.241413430166793674e-02
6.281688915472662302e+03 1.000000000000000000e+00 6.078629933962693965e-02
6.283138033223674938e+03 1.000000000000000000e+00 6.041751521261936458e-02
6.284584432179658506e+03 1.000000000000000000e+00 5.887477007584616256e-02
6.286028384220113367e+03 1.000000000000000000e+00 5.850418370104752686e-02
6.287477501971126912e+03 1.000000000000000000e+00 5.891415923887795975e-02
6.288926619722138639e+03 1.000000000000000000e+00 5.990029827122203554e-02
6.290369756124086052e+03 1.000000000000000000e+00 6.196529773009858133e-02
6.291821592670128666e+03 1.000000000000000000e+00 6.310315424090863490e-02
6.293273429216171280e+03 1.000000000000000000e+00 6.336529811743869811e-02
6.294722546967183916e+03 1.000000000000000000e+00 6.418127169092438522e-02
6.296168945923166575e+03 1.000000000000000000e+00 6.489267599264693376e-02
6.297620782469209189e+03 1.000000000000000000e+00 6.538705278891483730e-02
6.299072619015251803e+03 1.000000000000000000e+00 6.810789414298829003e-02
6.300516571055707573e+03 1.000000000000000000e+00 6.946469706100846797e-02
6.301970854517277076e+03 1.000000000000000000e+00 6.997403540977759073e-02
6.303422691063320599e+03 1.000000000000000000e+00 6.890676052901106852e-02
6.304877790163399368e+03 1.000000000000000000e+00 6.761503456582527993e-02
6.306323645360375849e+03 1.000000000000000000e+00 6.762350189999896677e-02
6.307778744460454618e+03 1.000000000000000000e+00 6.713877371240538350e-02
6.309233027922025030e+03 1.000000000000000000e+00 6.504348044822728936e-02
6.310682145673037667e+03 1.000000000000000000e+00 6.392371165955036683e-02
6.312136701014110258e+03 1.000000000000000000e+00 6.464070861029530546e-02
6.313591256355182850e+03 1.000000000000000000e+00 6.653928328769080636e-02
6.315048802370789417e+03 1.000000000000000000e+00 6.759600499497701864e-02
6.316497920121801144e+03 1.000000000000000000e+00 6.669030621637590805e-02
6.317954922378401534e+03 1.000000000000000000e+00 6.636152505502933285e-02
6.319409477719474125e+03 1.000000000000000000e+00 6.465273610401300886e-02
6.320861314265516739e+03 1.000000000000000000e+00 6.334282182937442385e-02
6.322318316522117129e+03 1.000000000000000000e+00 6.309834070914327464e-02
6.323775862537722787e+03 1.000000000000000000e+00 6.279180613435611513e-02
6.325235855468855334e+03 1.000000000000000000e+00 6.611237995469552986e-02
6.326687420135395769e+03 1.000000000000000000e+00 6.607522576956267879e-02
6.328145238030504515e+03 1.000000000000000000e+00 6.477364711477386072e-02
6.329604959082133973e+03 1.000000000000000000e+00 6.422140712080133540e-02
6.331056795628176587e+03 1.000000000000000000e+00 6.482950594043360160e-02
6.332517060438814042e+03 1.000000000000000000e+00 6.603610110561015933e-02
6.333976781490443500e+03 1.000000000000000000e+00 6.705940818237558776e-02
6.335439765096109113e+03 1.000000000000000000e+00 6.648903115130418151e-02
6.336891601642152636e+03 1.000000000000000000e+00 6.364173512597397220e-02
6.338354041488811163e+03 1.000000000000000000e+00 6.331751266389083754e-02
6.339814306299448617e+03 1.000000000000000000e+00 6.683213428867405825e-02
6.341276746146107143e+03 1.000000000000000000e+00 6.442121441198836451e-02
6.342731029607677556e+03 1.000000000000000000e+00 6.453967741432661831e-02
6.344194013213344078e+03 1.000000000000000000e+00 6.556746543048408427e-02
6.345656996819009692e+03 1.000000000000000000e+00 6.567515483180313973e-02
6.347113999075609172e+03 1.000000000000000000e+00 6.518604311395991002e-02
6.348576438922269517e+03 1.000000000000000000e+00 6.487658333718296366e-02
6.350042141322965108e+03 1.000000000000000000e+00 6.422151457309366318e-02
6.351505124928631631e+03 1.000000000000000000e+00 6.613336827751373215e-02
6.352964845980261089e+03 1.000000000000000000e+00 6.769030181161148074e-02
6.354427829585927611e+03 1.000000000000000000e+00 6.698957883883843722e-02
6.355892716348113936e+03 1.000000000000000000e+00 6.533549712718716984e-02
6.357352981158750481e+03 1.000000000000000000e+00 6.485921122733037669e-02
6.358818139800439894e+03 1.000000000000000000e+00 6.571664232335945599e-02
6.360283842201135485e+03 1.000000000000000000e+00 6.745721823307276876e-02
6.361751991517358874e+03 1.000000000000000000e+00 6.754984573101831258e-02
6.363211712568989242e+03 1.000000000000000000e+00 6.843426766111304627e-02
6.364680133764715720e+03 1.000000000000000000e+00 6.971284086967978466e-02
6.366145564285908222e+03 1.000000000000000000e+00 6.876590694367630541e-02
6.367608004132568567e+03 1.000000000000000000e+00 6.690039157806861037e-02
6.369076425328294135e+03 1.000000000000000000e+00 6.544025529574834521e-02
6.370544574644517525e+03 1.000000000000000000e+00 6.620593358334353473e-02
6.372012723960740914e+03 1.000000000000000000e+00 6.581433550474767580e-02
6.373475163807400349e+03 1.000000000000000000e+00 6.510595158427856521e-02
6.374946031918652807e+03 1.000000000000000000e+00 6.672481892942552784e-02
6.376414453114379285e+03 1.000000000000000000e+00 6.789718359414369242e-02
6.377879883635572696e+03 1.000000000000000000e+00 6.749498742520676497e-02
6.379351023626328242e+03 1.000000000000000000e+00 6.900289415017794858e-02
6.380821891737581609e+03 1.000000000000000000e+00 6.843906634614964346e-02
6.382292759848834976e+03 1.000000000000000000e+00 6.599190083766878767e-02
6.383757918490524389e+03 1.000000000000000000e+00 6.537756654661074085e-02
6.385228786601777756e+03 1.000000000000000000e+00 6.814897381703721724e-02
6.386702373508061100e+03 1.000000000000000000e+00 6.933729494926381409e-02
6.388167804029253602e+03 1.000000000000000000e+00 6.708001916974506984e-02
6.389641390935537856e+03 1.000000000000000000e+00 6.690432543761519468e-02
6.391114977841820291e+03 1.000000000000000000e+00 6.703113077076637560e-02
6.392588564748103636e+03 1.000000000000000000e+00 6.570245908597874274e-02
6.394054267148800136e+03 1.000000000000000000e+00 6.885699221676987170e-02
6.395530300970610369e+03 1.000000000000000000e+00 6.912251355764570393e-02
6.397003887876892804e+03 1.000000000000000000e+00 7.186150201206251142e-02
6.398472309072619282e+03 1.000000000000000000e+00 7.518190454147510859e-02
6.399948342894429516e+03 1.000000000000000000e+00 7.375842082973517455e-02
6.401421929800711951e+03 1.000000000000000000e+00 6.915722137396838887e-02
6.402898235502025273e+03 1.000000000000000000e+00 6.990316693717754659e-02
6.404369103613278639e+03 1.000000000000000000e+00 7.274523794221800232e-02
6.405845409314591961e+03 1.000000000000000000e+00 7.311088045304824090e-02
6.407324161931431263e+03 1.000000000000000000e+00 7.359816646468117507e-02
6.408792583127157741e+03 1.000000000000000000e+00 7.305820373906884990e-02
6.410271335743997952e+03 1.000000000000000000e+00 7.070516956654211704e-02
6.411750903999347429e+03 1.000000000000000000e+00 6.922128333715424353e-02
6.413226937821157662e+03 1.000000000000000000e+00 6.998185324953430653e-02
6.414700524727440097e+03 1.000000000000000000e+00 7.193718380131938761e-02
6.416179549223783397e+03 1.000000000000000000e+00 7.104157915543511670e-02
6.417658301840624517e+03 1.000000000000000000e+00 7.004129697690383849e-02
6.419132432505913130e+03 1.000000000000000000e+00 7.076859429675327884e-02
6.420611185122753341e+03 1.000000000000000000e+00 7.176320456150429850e-02
6.422092928414126618e+03 1.000000000000000000e+00 7.188573883779372786e-02
6.423571681030966829e+03 1.000000000000000000e+00 7.054328104605309124e-02
6.425048530491286328e+03 1.000000000000000000e+00 6.947763403498746770e-02
6.426530001903155608e+03 1.000000000000000000e+00 7.066164135642960531e-02
6.428011473315025796e+03 1.000000000000000000e+00 7.190751249351831631e-02
6.429485060221310050e+03 1.000000000000000000e+00 7.065012968401936100e-02
6.430969794187216394e+03 1.000000000000000000e+00 7.131921478296332495e-02
6.432451265599086582e+03 1.000000000000000000e+00 7.174241241836511185e-02
6.433935999564992926e+03 1.000000000000000000e+00 7.107362650197728005e-02
6.435412305266305339e+03 1.000000000000000000e+00 7.131265373681421049e-02
6.436897039232211682e+03 1.000000000000000000e+00 7.186853241540641646e-02
6.438381229439111848e+03 1.000000000000000000e+00 7.234470801684510233e-02
6.439857263260922082e+03 1.000000000000000000e+00 7.456970260877740508e-02
6.441341997226829335e+03 1.000000000000000000e+00 7.578793310859938126e-02
6.442828906228758569e+03 1.000000000000000000e+00 7.701153086035081308e-02
6.444313640194665822e+03 1.000000000000000000e+00 7.701512149182501710e-02
6.445792664691009122e+03 1.000000000000000000e+00 7.746651948350069539e-02
6.447279845572442355e+03 1.000000000000000000e+00 7.988670748329769478e-02
6.448767298333377767e+03 1.000000000000000000e+00 8.346746964962503679e-02
6.450246050950218887e+03 1.000000000000000000e+00 8.440569370799128057e-02
6.451732959952149031e+03 1.000000000000000000e+00 8.223773184638775990e-02
6.453220412713085352e+03 1.000000000000000000e+00 8.010353826963582946e-02
6.454707865474021673e+03 1.000000000000000000e+00 7.842522820083946966e-02
6.456189336885891862e+03 1.000000000000000000e+00 7.653191918058166454e-02
6.457679236562355982e+03 1.000000000000000000e+00 7.429591233760518554e-02
6.459169408118322281e+03 1.000000000000000000e+00 7.311909164808090555e-02
6.460650879530191560e+03 1.000000000000000000e+00 7.490640697754233357e-02
6.462140779206655679e+03 1.000000000000000000e+00 7.500964709583066159e-02
6.463630950762621978e+03 1.000000000000000000e+00 7.695592050080979352e-02
6.465120306680079011e+03 1.000000000000000000e+00 7.811049888735224767e-02
6.466605040645985355e+03 1.000000000000000000e+00 7.717660581866742087e-02
6.468095212201951654e+03 1.000000000000000000e+00 7.762720944923733046e-02
6.469587286914439574e+03 1.000000000000000000e+00 7.756346414634182618e-02
6.471072020880345917e+03 1.000000000000000000e+00 7.715613578424396213e-02
6.472564639351839105e+03 1.000000000000000000e+00 7.762871800297667380e-02
6.474057257823332293e+03 1.000000000000000000e+00 7.759485480340345964e-02
6.475550148174329479e+03 1.000000000000000000e+00 7.638381630201827865e-02
6.477036785296755625e+03 1.000000000000000000e+00 7.572876675922918244e-02
6.478529675647752811e+03 1.000000000000000000e+00 7.834085765529306966e-02
6.480025012914275976e+03 1.000000000000000000e+00 7.980481032188978252e-02
6.481509746880182320e+03 1.000000000000000000e+00 8.441771730356438519e-02
6.483005084146705485e+03 1.000000000000000000e+00 8.875356040019878601e-02
6.484500421413229560e+03 1.000000000000000000e+00 8.905131802560876941e-02
6.485995758679752726e+03 1.000000000000000000e+00 8.617427911794925399e-02
6.487485114597209758e+03 1.000000000000000000e+00 8.427674689546187092e-02
6.488980451863733833e+03 1.000000000000000000e+00 8.570775979174362347e-02
6.490475789130256999e+03 1.000000000000000000e+00 8.673594623350580624e-02
6.491965960686223298e+03 1.000000000000000000e+00 8.628534866010816040e-02
6.493463744868274262e+03 1.000000000000000000e+00 8.659428516196503167e-02
6.494961800929827405e+03 1.000000000000000000e+00 8.783846329747406478e-02
6.496457138196350570e+03 1.000000000000000000e+00 8.834879580189637649e-02
6.497949756667844667e+03 1.000000000000000000e+00 8.717063671918350021e-02
6.499447812729397810e+03 1.000000000000000000e+00 8.741575701999557135e-02
6.500946412549958040e+03 1.000000000000000000e+00 8.719816359582402421e-02
6.502438487262445051e+03 1.000000000000000000e+00 8.723983173932135793e-02
6.503937087083005281e+03 1.000000000000000000e+00 8.806478013333784993e-02
6.505437590060085313e+03 1.000000000000000000e+00 8.961662979941120710e-02
6.506938364916668434e+03 1.000000000000000000e+00 9.118667146713212157e-02
6.508430983388161621e+03 1.000000000000000000e+00 9.172207857562357514e-02
6.509931758244745652e+03 1.000000000000000000e+00 9.246885320399143848e-02
6.511432261221826593e+03 1.000000000000000000e+00 9.287559072530948701e-02
6.512927598488349759e+03 1.000000000000000000e+00 9.335735361805116983e-02
6.514428917103939966e+03 1.000000000000000000e+00 9.428780706733834449e-02
6.515932138876049976e+03 1.000000000000000000e+00 9.588484045357853480e-02
6.517435360648159985e+03 1.000000000000000000e+00 9.740407492518594890e-02
6.518930697914683151e+03 1.000000000000000000e+00 9.697183667542817742e-02
6.520432016530273359e+03 1.000000000000000000e+00 9.859391569696236701e-02
6.521937957097414255e+03 1.000000000000000000e+00 9.791647045283570494e-02
6.523433294363937421e+03 1.000000000000000000e+00 9.911257286073317518e-02
6.524936516136048340e+03 1.000000000000000000e+00 1.009774904005174140e-01
6.526443000462194505e+03 1.000000000000000000e+00 1.021235167397528676e-01
6.527946222234305424e+03 1.000000000000000000e+00 1.037292696130379804e-01
6.529444278295859476e+03 1.000000000000000000e+00 1.042668234218840639e-01
6.530950762622006550e+03 1.000000000000000000e+00 1.049788888173096707e-01
6.532456703189145628e+03 1.000000000000000000e+00 1.057798049132974150e-01
6.533954759250699681e+03 1.000000000000000000e+00 1.070448847460364616e-01
6.535463962371876733e+03 1.000000000000000000e+00 1.084739888051141771e-01
6.536970446698023807e+03 1.000000000000000000e+00 1.108786840032249532e-01
6.538476387265163794e+03 1.000000000000000000e+00 1.153463721744712317e-01
6.539976890242243826e+03 1.000000000000000000e+00 1.173973940103540253e-01
6.541486093363421787e+03 1.000000000000000000e+00 1.176545830124660075e-01
6.542994752725591752e+03 1.000000000000000000e+00 1.169029457300688607e-01
6.544496071341181960e+03 1.000000000000000000e+00 1.193527906946945799e-01
6.546004458823848836e+03 1.000000000000000000e+00 1.223883532551553743e-01
6.547516380740054956e+03 1.000000000000000000e+00 1.239094263091892190e-01
6.549025583861232917e+03 1.000000000000000000e+00 1.264502370053152969e-01
6.550528805633342927e+03 1.000000000000000000e+00 1.265459858431674800e-01
6.552038008754519979e+03 1.000000000000000000e+00 1.271927634389867778e-01
6.553549115032217742e+03 1.000000000000000000e+00 1.280185095310606702e-01
6.555053152442837018e+03 1.000000000000000000e+00 1.280950656105144525e-01
6.556564258720534781e+03 1.000000000000000000e+00 1.279691526186536032e-01
6.558076180636740901e+03 1.000000000000000000e+00 1.287417760694027635e-01
6.559587830673444842e+03 1.000000000000000000e+00 1.304713984074409583e-01
6.561093771240585738e+03 1.000000000000000000e+00 1.311427093959562917e-01
6.562608411951822745e+03 1.000000000000000000e+00 1.327878895936304982e-01
6.564120061988526686e+03 1.000000000000000000e+00 1.336130180934523293e-01
6.565634702699763693e+03 1.000000000000000000e+00 1.351512118990028655e-01
6.567140643266903680e+03 1.000000000000000000e+00 1.370144248098326967e-01
6.568655012098637599e+03 1.000000000000000000e+00 1.388997785220062453e-01
6.570169380930371517e+03 1.000000000000000000e+00 1.409079607430615000e-01
6.571678040292542391e+03 1.000000000000000000e+00 1.403322371164459070e-01
6.573192409124276310e+03 1.000000000000000000e+00 1.382126411017430279e-01
6.574709496751039296e+03 1.000000000000000000e+00 1.329014332838177603e-01
6.576226856257306281e+03 1.000000000000000000e+00 1.312759449140216972e-01
6.577735787498980244e+03 1.000000000000000000e+00 1.331086412161387456e-01
6.579250428210217251e+03 1.000000000000000000e+00 1.352192588507891979e-01
6.580769962752508036e+03 1.000000000000000000e+00 1.329927694252809878e-01
6.582278622114678001e+03 1.000000000000000000e+00 1.245465713491385740e-01
6.583795709741442806e+03 1.000000000000000000e+00 1.202686927495305591e-01
6.585315516163236680e+03 1.000000000000000000e+00 1.185948685707195055e-01
6.586832603789999666e+03 1.000000000000000000e+00 1.175532367196581718e-01
6.588344525706206696e+03 1.000000000000000000e+00 1.153252137866976751e-01
6.589864332128000569e+03 1.000000000000000000e+00 1.129011924477579948e-01
6.591384138549794443e+03 1.000000000000000000e+00 1.122693840373440305e-01
6.592895788586498384e+03 1.000000000000000000e+00 1.127523554004538492e-01
6.594418313803322235e+03 1.000000000000000000e+00 1.102922971903855937e-01
6.595938120225116108e+03 1.000000000000000000e+00 1.084702927693415586e-01
6.597457654767406893e+03 1.000000000000000000e+00 1.062925035196454343e-01
6.598972295478643900e+03 1.000000000000000000e+00 1.030994719723653669e-01
6.600494548815963753e+03 1.000000000000000000e+00 1.019356102060916397e-01
6.602017617791794692e+03 1.000000000000000000e+00 1.032359645830163569e-01
6.603531442864522433e+03 1.000000000000000000e+00 1.020531099916169443e-01
6.605054511840351552e+03 1.000000000000000000e+00 9.804537115284746307e-02
6.606576765177673224e+03 1.000000000000000000e+00 9.775222705270003587e-02
6.608102009189526143e+03 1.000000000000000000e+00 9.911342572369147286e-02
6.609619096816290948e+03 1.000000000000000000e+00 9.593030885476518110e-02
6.611141350153610801e+03 1.000000000000000000e+00 9.468217013073129684e-02
6.612667137924471717e+03 1.000000000000000000e+00 9.565368735012812207e-02
6.614184225551235613e+03 1.000000000000000000e+00 9.366871354081789114e-02
6.615709197683586353e+03 1.000000000000000000e+00 9.373807379606437229e-02
6.617234441695440182e+03 1.000000000000000000e+00 9.217155282479071177e-02
6.618759957586797100e+03 1.000000000000000000e+00 8.829429766806820568e-02
6.620279764008590973e+03 1.000000000000000000e+00 9.016875470305814322e-02
6.621807454935971691e+03 1.000000000000000000e+00 9.461176783951837088e-02
6.623332427068322431e+03 1.000000000000000000e+00 9.915152431336966832e-02
6.624852233490116305e+03 1.000000000000000000e+00 1.033767484161970118e-01
6.626380468176504110e+03 1.000000000000000000e+00 1.032991624771211203e-01
6.627908159103884827e+03 1.000000000000000000e+00 9.649714108674921353e-02
6.629436393790271723e+03 1.000000000000000000e+00 9.392466245889329046e-02
6.630958919007096483e+03 1.000000000000000000e+00 9.254921011004610398e-02
6.632489872488512447e+03 1.000000000000000000e+00 9.028927408316664294e-02
6.634017563415894074e+03 1.000000000000000000e+00 8.856309843447091046e-02
6.635540088632717925e+03 1.000000000000000000e+00 8.713928980561888582e-02
6.637071042114134798e+03 1.000000000000000000e+00 8.558360215419966166e-02
6.638601179957042405e+03 1.000000000000000000e+00 8.642946403447074322e-02
6.640132133438459277e+03 1.000000000000000000e+00 8.602147884072706974e-02
6.641654658655283129e+03 1.000000000000000000e+00 8.691796399814352703e-02
6.643188330931730889e+03 1.000000000000000000e+00 8.875678440657801260e-02
6.644718468774638495e+03 1.000000000000000000e+00 8.849007481958007237e-02
6.646244256545498502e+03 1.000000000000000000e+00 8.563829050970492296e-02
6.647777113183436086e+03 1.000000000000000000e+00 8.252981220477141611e-02
6.649308066664853868e+03 1.000000000000000000e+00 8.181415980190513693e-02
6.650841738941300719e+03 1.000000000000000000e+00 8.560261489291277892e-02
6.652369429868682346e+03 1.000000000000000000e+00 9.550001324696129335e-02
6.653903102145129196e+03 1.000000000000000000e+00 9.658963858716961004e-02
6.655438677578096758e+03 1.000000000000000000e+00 9.614373863666078601e-02
6.656964193469453676e+03 1.000000000000000000e+00 9.487259877482462356e-02
6.658500584540931413e+03 1.000000000000000000e+00 9.193803829981914144e-02
6.660036159973898975e+03 1.000000000000000000e+00 8.941572354727203575e-02
6.661572551045376713e+03 1.000000000000000000e+00 8.882653728707337604e-02
6.663100785731763608e+03 1.000000000000000000e+00 8.960598030838641537e-02
6.664636361164732079e+03 1.000000000000000000e+00 9.393579175084273980e-02
6.666172752236207998e+03 1.000000000000000000e+00 9.386250851195976352e-02
6.667703433838122692e+03 1.000000000000000000e+00 9.508848643455744543e-02
6.669239824909600429e+03 1.000000000000000000e+00 9.299205824326149672e-02
6.670778119137597969e+03 1.000000000000000000e+00 8.785905777014142715e-02
6.672316957124602595e+03 1.000000000000000000e+00 8.293946880164006219e-02
6.673847910606019468e+03 1.000000000000000000e+00 7.923930864100182936e-02
6.675386748593024095e+03 1.000000000000000000e+00 8.809528662310533997e-02
6.676925586580027812e+03 1.000000000000000000e+00 9.012043333263711209e-02
6.678458715097468485e+03 1.000000000000000000e+00 9.162021588508482972e-02
6.680000815638508357e+03 1.000000000000000000e+00 9.085570214109565945e-02
6.681539109866506806e+03 1.000000000000000000e+00 8.932584978791474617e-02
6.683080666648541410e+03 1.000000000000000000e+00 8.764096139400168184e-02
6.684614338924988260e+03 1.000000000000000000e+00 8.530808675743795089e-02
6.686155895707021955e+03 1.000000000000000000e+00 8.501783490756840977e-02
6.687697452489056559e+03 1.000000000000000000e+00 8.784477685852865037e-02
6.689230852886000321e+03 1.000000000000000000e+00 8.497419938827116548e-02
6.690775128463064902e+03 1.000000000000000000e+00 8.515100944476661216e-02
6.692316685245098597e+03 1.000000000000000000e+00 8.212043131603778690e-02
6.693860688942660090e+03 1.000000000000000000e+00 8.135521964805114692e-02
6.695397080014137828e+03 1.000000000000000000e+00 8.570834776451538572e-02
6.696941355591201500e+03 1.000000000000000000e+00 9.155858071194813985e-02
6.698485359288762993e+03 1.000000000000000000e+00 9.427460763228921736e-02
6.700021750360239821e+03 1.000000000000000000e+00 9.330613941782964216e-02
6.701568472852831292e+03 1.000000000000000000e+00 8.360024671945097408e-02
6.703113292188902051e+03 1.000000000000000000e+00 8.577186753039847678e-02
6.704657295886463544e+03 1.000000000000000000e+00 8.666249373854088833e-02
6.706196405752970350e+03 1.000000000000000000e+00 8.651493535319956796e-02
6.707743128245560911e+03 1.000000000000000000e+00 8.651990659737712752e-02
6.709289850738152381e+03 1.000000000000000000e+00 8.284674124374397097e-02
6.710831407520186985e+03 1.000000000000000000e+00 7.787725858849274541e-02
6.712378945651286813e+03 1.000000000000000000e+00 8.017697662968435723e-02
6.713925668143879193e+03 1.000000000000000000e+00 8.605652960251918004e-02
6.715472662515972843e+03 1.000000000000000000e+00 8.679655474860585584e-02
6.717014219298006537e+03 1.000000000000000000e+00 8.385923903185292516e-02
6.718564204344634163e+03 1.000000000000000000e+00 8.437381489439936544e-02
6.720113645632255611e+03 1.000000000000000000e+00 8.574632284512843927e-02
6.721655202414289306e+03 1.000000000000000000e+00 8.676202284700298972e-02
6.723204643701910754e+03 1.000000000000000000e+00 9.095544652790764351e-02
6.724754628748538380e+03 1.000000000000000000e+00 8.885490208520992195e-02
6.726306788831189806e+03 1.000000000000000000e+00 9.776068140209455415e-02
6.727851608167259656e+03 1.000000000000000000e+00 9.236712530466158200e-02
6.729401049454881104e+03 1.000000000000000000e+00 8.910279862312199539e-02
6.730953209537532530e+03 1.000000000000000000e+00 8.728121822650260209e-02
6.732498028873602379e+03 1.000000000000000000e+00 8.905392894426776562e-02
6.734050188956253805e+03 1.000000000000000000e+00 9.101507714878008526e-02
6.735602892797912318e+03 1.000000000000000000e+00 8.681542230483001166e-02
6.737157499796089724e+03 1.000000000000000000e+00 8.537386773976822496e-02
6.738701775373154305e+03 1.000000000000000000e+00 8.645268717427466443e-02
6.740257198009841886e+03 1.000000000000000000e+00 8.230156710759678473e-02
6.741812620646529467e+03 1.000000000000000000e+00 8.226792556156128922e-02
6.743359343139120028e+03 1.000000000000000000e+00 8.338277317979754522e-02
6.744914765775808519e+03 1.000000000000000000e+00 8.714635662224312629e-02
6.746469372773985924e+03 1.000000000000000000e+00 9.115973032001936649e-02
6.748024795410673505e+03 1.000000000000000000e+00 9.111532192471394342e-02
6.749574236698294953e+03 1.000000000000000000e+00 9.308146758820316780e-02
6.751129659334982534e+03 1.000000000000000000e+00 1.024823492350011578e-01
6.752687800766700093e+03 1.000000000000000000e+00 9.255706063882357393e-02
6.754237242054320632e+03 1.000000000000000000e+00 9.449474414755229534e-02
6.755792392811505124e+03 1.000000000000000000e+00 9.806476401385506858e-02
6.757350534243222683e+03 1.000000000000000000e+00 9.560611263032227358e-02
6.758910578831461862e+03 1.000000000000000000e+00 8.902774474647849601e-02
6.760460563878089488e+03 1.000000000000000000e+00 8.798543163817679202e-02
6.762018705309807046e+03 1.000000000000000000e+00 9.572901127625595141e-02
6.763578749898044407e+03 1.000000000000000000e+00 9.928557756857099570e-02
6.765131453739702920e+03 1.000000000000000000e+00 1.002907804452580348e-01
6.766692042086946458e+03 1.000000000000000000e+00 9.705192589136324433e-02
6.768252902313694904e+03 1.000000000000000000e+00 9.669419205309595644e-02
6.769813490660938442e+03 1.000000000000000000e+00 9.040591882405071833e-02
6.771365650743589867e+03 1.000000000000000000e+00 8.495638824125791022e-02
6.772928957885864293e+03 1.000000000000000000e+00 8.643600788820596237e-02
6.774489546233109650e+03 1.000000000000000000e+00 8.833676609111970612e-02
6.776044968869797231e+03 1.000000000000000000e+00 8.521755276919516786e-02
6.777605557217040769e+03 1.000000000000000000e+00 9.261114907339819402e-02
6.779168864359315194e+03 1.000000000000000000e+00 9.186573309825911415e-02
6.780732171501589619e+03 1.000000000000000000e+00 9.757248757101337489e-02
6.782289497294797911e+03 1.000000000000000000e+00 9.314361461911513373e-02
6.783852804437073246e+03 1.000000000000000000e+00 9.660690480496723909e-02
6.785416111579347671e+03 1.000000000000000000e+00 8.090917736806617355e-02
6.786974253011064320e+03 1.000000000000000000e+00 7.825502683127431858e-02
6.788540278948369632e+03 1.000000000000000000e+00 9.781281230612411115e-02
6.790106033006170946e+03 1.000000000000000000e+00 1.001400303227081984e-01
6.791672058943476259e+03 1.000000000000000000e+00 9.212400240895035619e-02
6.793230200375193817e+03 1.000000000000000000e+00 9.082659975137830077e-02
6.794795954432994222e+03 1.000000000000000000e+00 9.413270534358998687e-02
6.796361980370299534e+03 1.000000000000000000e+00 9.599835903691539274e-02
6.797922568717543982e+03 1.000000000000000000e+00 9.870674349317828944e-02
6.799491857208884539e+03 1.000000000000000000e+00 8.622721329470466045e-02
6.801057883146189852e+03 1.000000000000000000e+00 8.242011842464253002e-02
6.802626355999021143e+03 1.000000000000000000e+00 9.215485605290814342e-02
6.804186944346265591e+03 1.000000000000000000e+00 9.559546374774433031e-02
6.805755689078599971e+03 1.000000000000000000e+00 9.717158727165016441e-02
6.807326880726461241e+03 1.000000000000000000e+00 1.075974334267466026e-01
6.808896169217802708e+03 1.000000000000000000e+00 1.147980391185058902e-01
6.810459476360077133e+03 1.000000000000000000e+00 1.096896634007450411e-01
6.812027949212908425e+03 1.000000000000000000e+00 1.076799978514266093e-01
6.813599412740272783e+03 1.000000000000000000e+00 1.068237202907942607e-01
6.815162719882547208e+03 1.000000000000000000e+00 1.009338247444764719e-01
6.816734455289415564e+03 1.000000000000000000e+00 9.828907146581022936e-02
6.818308365732306811e+03 1.000000000000000000e+00 9.915119725397922301e-02
6.819879557380168990e+03 1.000000000000000000e+00 8.947752028537235558e-02
6.821446127076479570e+03 1.000000000000000000e+00 9.091740758984755144e-02
6.823017318724341749e+03 1.000000000000000000e+00 9.526715381043093789e-02
6.824591229167232086e+03 1.000000000000000000e+00 1.002665246072867167e-01
6.826157255104537398e+03 1.000000000000000000e+00 7.834862758888758161e-02
6.827731709306435732e+03 1.000000000000000000e+00 8.533390181236291672e-02
6.829305619749326070e+03 1.000000000000000000e+00 7.977271056929888249e-02
6.830880073951224404e+03 1.000000000000000000e+00 7.725022396439244765e-02
6.832448818683559693e+03 1.000000000000000000e+00 1.157133928428671632e-01
6.834023272885457118e+03 1.000000000000000000e+00 1.217418579614736318e-01
6.835599902123378342e+03 1.000000000000000000e+00 1.091723968696370617e-01
6.837168374976210544e+03 1.000000000000000000e+00 9.487597759519651730e-02
6.838745547973137946e+03 1.000000000000000000e+00 1.055739221737807959e-01
6.840322720970065348e+03 1.000000000000000000e+00 9.731217983293129203e-02
6.841899078328484393e+03 1.000000000000000000e+00 8.729130642457537392e-02
6.843471085614855838e+03 1.000000000000000000e+00 1.144974050162632234e-01
6.845047714852777062e+03 1.000000000000000000e+00 1.212648547511004232e-01
6.846627334765232263e+03 1.000000000000000000e+00 9.886265219709144958e-02
6.848198526413093532e+03 1.000000000000000000e+00 1.306710310583418244e-01
6.849775699410020934e+03 1.000000000000000000e+00 1.116661399980347913e-01
6.851355591201979223e+03 1.000000000000000000e+00 1.025105569281005991e-01
6.852937386150458224e+03 1.000000000000000000e+00 9.564473885949184573e-02
6.854509121557325670e+03 1.000000000000000000e+00 1.126342682119414601e-01
6.856089013349283960e+03 1.000000000000000000e+00 1.106036304983459978e-01
6.857670808297762051e+03 1.000000000000000000e+00 9.494457338493594856e-02
6.859245262499660384e+03 1.000000000000000000e+00 1.000465016225680626e-01
