#wavelengths flux error
3.566974365234375000e+03 -3.630289843750000000e+04 0.000000000000000000e+00
3.567794921875000000e+03 -3.630289843750000000e+04 0.000000000000000000e+00
3.568617675781250000e+03 -3.630289843750000000e+04 0.000000000000000000e+00
3.569438476562500000e+03 -3.630289843750000000e+04 0.000000000000000000e+00
3.570261718750000000e+03 -3.630289843750000000e+04 0.000000000000000000e+00
3.571083007812500000e+03 -3.630289843750000000e+04 0.000000000000000000e+00
3.571906494140625000e+03 -3.630289843750000000e+04 0.000000000000000000e+00
3.572728271484375000e+03 -3.630289843750000000e+04 0.000000000000000000e+00
3.573550048828125000e+03 -3.630289843750000000e+04 0.000000000000000000e+00
3.574374023437500000e+03 -3.630289843750000000e+04 0.000000000000000000e+00
3.575196289062500000e+03 -3.630289843750000000e+04 0.000000000000000000e+00
3.576020751953125000e+03 -3.630289843750000000e+04 0.000000000000000000e+00
3.576843505859375000e+03 -3.630289843750000000e+04 0.000000000000000000e+00
3.577668212890625000e+03 -3.630289843750000000e+04 0.000000000000000000e+00
3.578491455078125000e+03 1.615984570312500000e+04 0.000000000000000000e+00
3.579314453125000000e+03 8.518394531250000000e+03 0.000000000000000000e+00
3.580139892578125000e+03 -2.133891210937500000e+04 0.000000000000000000e+00
3.580963623046875000e+03 9.932247070312500000e+03 0.000000000000000000e+00
3.581789306640625000e+03 7.989937500000000000e+03 0.000000000000000000e+00
3.582613281250000000e+03 -6.969735839843750000e+03 0.000000000000000000e+00
3.583439453125000000e+03 3.590100585937500000e+03 0.000000000000000000e+00
3.584263916015625000e+03 -1.574816308593750000e+04 0.000000000000000000e+00
3.585088378906250000e+03 1.491813085937500000e+04 0.000000000000000000e+00
3.585915039062500000e+03 -8.713179687500000000e+03 0.000000000000000000e+00
3.586739990234375000e+03 -1.701078125000000000e+03 0.000000000000000000e+00
3.587567138671875000e+03 9.993883789062500000e+03 0.000000000000000000e+00
3.588392333984375000e+03 -1.068184667968750000e+04 0.000000000000000000e+00
3.589219970703125000e+03 1.034597070312500000e+04 0.000000000000000000e+00
3.590045654296875000e+03 -6.729997558593750000e+03 0.000000000000000000e+00
3.590871582031250000e+03 1.084831909179687500e+03 0.000000000000000000e+00
3.591699462890625000e+03 1.721295654296875000e+03 0.000000000000000000e+00
3.592525878906250000e+03 -2.026908447265625000e+03 0.000000000000000000e+00
3.593354248046875000e+03 3.656999023437500000e+03 0.000000000000000000e+00
3.594180908203125000e+03 -3.783296630859375000e+03 0.000000000000000000e+00
3.595009765625000000e+03 2.537884521484375000e+03 0.000000000000000000e+00
3.595836669921875000e+03 -7.865247192382812500e+02 0.000000000000000000e+00
3.596663818359375000e+03 -7.383991699218750000e+02 0.000000000000000000e+00
3.597493408203125000e+03 1.191300903320312500e+03 0.000000000000000000e+00
3.598320800781250000e+03 -9.979371948242187500e+02 0.000000000000000000e+00
3.599150634765625000e+03 1.680635742187500000e+03 0.000000000000000000e+00
3.599978759765625000e+03 -1.156510498046875000e+03 0.000000000000000000e+00
3.600808837890625000e+03 2.859514160156250000e+02 0.000000000000000000e+00
3.601637207031250000e+03 3.452766113281250000e+02 0.000000000000000000e+00
3.602467773437500000e+03 -4.395912780761718750e+02 0.000000000000000000e+00
3.603296386718750000e+03 4.368539123535156250e+02 0.000000000000000000e+00
3.604125244140625000e+03 -7.962976074218750000e+02 0.000000000000000000e+00
3.604956542968750000e+03 6.582493896484375000e+02 0.000000000000000000e+00
3.605785888671875000e+03 -1.346622619628906250e+02 0.000000000000000000e+00
3.606617187500000000e+03 -1.855802154541015625e+02 0.000000000000000000e+00
3.607447021484375000e+03 2.321870880126953125e+02 0.000000000000000000e+00
3.608278808593750000e+03 -2.630075683593750000e+02 0.000000000000000000e+00
3.609108886718750000e+03 3.004759216308593750e+02 0.000000000000000000e+00
3.609939208984375000e+03 -2.602928466796875000e+02 0.000000000000000000e+00
3.610771728515625000e+03 9.719714355468750000e+01 0.000000000000000000e+00
3.611602294921875000e+03 1.004824066162109375e+02 0.000000000000000000e+00
3.612435058593750000e+03 -1.222701644897460938e+02 0.000000000000000000e+00
3.613266113281250000e+03 7.850025177001953125e+01 0.000000000000000000e+00
3.614099365234375000e+03 -9.329627227783203125e+01 0.000000000000000000e+00
3.614930664062500000e+03 1.093710479736328125e+02 0.000000000000000000e+00
3.615762451171875000e+03 -1.525130176544189453e+01 0.000000000000000000e+00
3.616596191406250000e+03 -2.721584510803222656e+01 0.000000000000000000e+00
3.617428222656250000e+03 3.639798736572265625e+01 0.000000000000000000e+00
3.618262451171875000e+03 -3.789989471435546875e+01 0.000000000000000000e+00
3.619094726562500000e+03 4.007625198364257812e+01 0.000000000000000000e+00
3.619929199218750000e+03 -2.289561271667480469e+01 0.000000000000000000e+00
3.620761962890625000e+03 1.400923633575439453e+01 0.000000000000000000e+00
3.621594970703125000e+03 2.014859199523925781e+01 0.000000000000000000e+00
3.622430175781250000e+03 -2.944782257080078125e+00 0.000000000000000000e+00
3.623263427734375000e+03 1.033123207092285156e+01 0.000000000000000000e+00
3.624098876953125000e+03 -1.313360404968261719e+01 0.000000000000000000e+00
3.624932617187500000e+03 1.714131736755371094e+01 0.000000000000000000e+00
3.625768554687500000e+03 -3.728410303592681885e-01 0.000000000000000000e+00
3.626602783203125000e+03 7.930916547775268555e-01 0.000000000000000000e+00
3.627437011718750000e+03 1.260633659362792969e+01 0.000000000000000000e+00
3.628273437500000000e+03 1.070362567901611328e+00 0.000000000000000000e+00
3.629108154296875000e+03 1.482595920562744141e+01 0.000000000000000000e+00
3.629945068359375000e+03 1.174064445495605469e+01 0.000000000000000000e+00
3.630780029296875000e+03 1.968729496002197266e-01 0.000000000000000000e+00
3.631617431640625000e+03 1.961994647979736328e+00 0.000000000000000000e+00
3.632452880859375000e+03 1.254110240936279297e+01 0.000000000000000000e+00
3.633288330078125000e+03 1.063750362396240234e+01 0.000000000000000000e+00
3.634126220703125000e+03 -2.772914648056030273e+00 0.000000000000000000e+00
3.634962158203125000e+03 2.659210777282714844e+01 0.000000000000000000e+00
3.635800537109375000e+03 -8.738046884536743164e-01 0.000000000000000000e+00
3.636636962890625000e+03 5.164095401763916016e+00 0.000000000000000000e+00
3.637475585937500000e+03 3.067683029174804688e+01 0.000000000000000000e+00
3.638312255859375000e+03 1.198609256744384766e+01 0.000000000000000000e+00
3.639149169921875000e+03 -7.741233348846435547e+00 0.000000000000000000e+00
3.639988525390625000e+03 -8.850631713867187500e+00 0.000000000000000000e+00
3.640825927734375000e+03 7.331978321075439453e+00 0.000000000000000000e+00
3.641665283203125000e+03 1.422873878479003906e+01 0.000000000000000000e+00
3.642503173828125000e+03 1.386021232604980469e+01 0.000000000000000000e+00
3.643343017578125000e+03 2.201608276367187500e+01 0.000000000000000000e+00
3.644181152343750000e+03 2.729693794250488281e+01 0.000000000000000000e+00
3.645019531250000000e+03 -4.311892032623291016e+00 0.000000000000000000e+00
3.645860107421875000e+03 -2.408731281757354736e-01 0.000000000000000000e+00
3.646698974609375000e+03 5.567546367645263672e+00 0.000000000000000000e+00
3.647539794921875000e+03 1.929097026586532593e-01 0.000000000000000000e+00
3.648378906250000000e+03 5.407190799713134766e+00 0.000000000000000000e+00
3.649220214843750000e+03 2.015793228149414062e+01 0.000000000000000000e+00
3.650059570312500000e+03 -4.619638249278068542e-02 0.000000000000000000e+00
3.650899414062500000e+03 1.460929393768310547e+01 0.000000000000000000e+00
3.651741210937500000e+03 1.397875881195068359e+01 0.000000000000000000e+00
3.652581298828125000e+03 4.128288745880126953e+00 0.000000000000000000e+00
3.653423583984375000e+03 1.857478904724121094e+01 0.000000000000000000e+00
3.654264160156250000e+03 2.334443092346191406e+01 0.000000000000000000e+00
3.655106689453125000e+03 7.614377021789550781e+00 0.000000000000000000e+00
3.655947509765625000e+03 1.285907363891601562e+01 0.000000000000000000e+00
3.656788574218750000e+03 1.340060424804687500e+01 0.000000000000000000e+00
3.657631835937500000e+03 8.300374984741210938e+00 0.000000000000000000e+00
3.658473388671875000e+03 1.070307159423828125e+01 0.000000000000000000e+00
3.659316894531250000e+03 6.055696010589599609e+00 0.000000000000000000e+00
3.660158691406250000e+03 5.564862728118896484e+00 0.000000000000000000e+00
3.661002929687500000e+03 1.218760299682617188e+01 0.000000000000000000e+00
3.661844970703125000e+03 1.347099494934082031e+01 0.000000000000000000e+00
3.662687500000000000e+03 1.711094093322753906e+01 0.000000000000000000e+00
3.663531982421875000e+03 2.314768409729003906e+01 0.000000000000000000e+00
3.664374755859375000e+03 3.557440280914306641e+00 0.000000000000000000e+00
3.665219726562500000e+03 -3.844881296157836914e+00 0.000000000000000000e+00
3.666062988281250000e+03 1.368620014190673828e+01 0.000000000000000000e+00
3.666908447265625000e+03 2.198501586914062500e+01 0.000000000000000000e+00
3.667751953125000000e+03 1.617255401611328125e+01 0.000000000000000000e+00
3.668597656250000000e+03 1.132451915740966797e+01 0.000000000000000000e+00
3.669441650390625000e+03 6.186308860778808594e+00 0.000000000000000000e+00
3.670285888671875000e+03 6.252398967742919922e+00 0.000000000000000000e+00
3.671132080078125000e+03 3.699378013610839844e+00 0.000000000000000000e+00
3.671976806640625000e+03 1.663568305969238281e+01 0.000000000000000000e+00
3.672823486328125000e+03 2.552021980285644531e+01 0.000000000000000000e+00
3.673668457031250000e+03 1.157676410675048828e+01 0.000000000000000000e+00
3.674515625000000000e+03 1.121839904785156250e+01 0.000000000000000000e+00
3.675360839843750000e+03 2.590874481201171875e+01 0.000000000000000000e+00
3.676206298828125000e+03 1.935203170776367188e+01 0.000000000000000000e+00
3.677054199218750000e+03 5.624132633209228516e+00 0.000000000000000000e+00
3.677899902343750000e+03 7.999526500701904297e+00 0.000000000000000000e+00
3.678748046875000000e+03 2.580963325500488281e+01 0.000000000000000000e+00
3.679594482421875000e+03 2.945590019226074219e+01 0.000000000000000000e+00
3.680442871093750000e+03 1.440692615509033203e+01 0.000000000000000000e+00
3.681289550781250000e+03 1.448092937469482422e+01 0.000000000000000000e+00
3.682136474609375000e+03 1.210880279541015625e+01 0.000000000000000000e+00
3.682985595703125000e+03 9.234469413757324219e+00 0.000000000000000000e+00
3.683832763671875000e+03 1.624757766723632812e+01 0.000000000000000000e+00
3.684682373046875000e+03 1.510984897613525391e+01 0.000000000000000000e+00
3.685530029296875000e+03 1.344585514068603516e+01 0.000000000000000000e+00
3.686379882812500000e+03 1.368141460418701172e+01 0.000000000000000000e+00
3.687227783203125000e+03 9.086372375488281250e+00 0.000000000000000000e+00
3.688076171875000000e+03 9.606822967529296875e+00 0.000000000000000000e+00
3.688926513671875000e+03 2.028204536437988281e+01 0.000000000000000000e+00
3.689775146484375000e+03 2.009342384338378906e+01 0.000000000000000000e+00
3.690625976562500000e+03 2.483241462707519531e+01 0.000000000000000000e+00
3.691475097656250000e+03 2.099454689025878906e+01 0.000000000000000000e+00
3.692326416015625000e+03 1.036731529235839844e+01 0.000000000000000000e+00
3.693175781250000000e+03 7.660548686981201172e+00 0.000000000000000000e+00
3.694025390625000000e+03 1.799318313598632812e+01 0.000000000000000000e+00
3.694877197265625000e+03 2.032083129882812500e+01 0.000000000000000000e+00
3.695727294921875000e+03 5.217481613159179688e+00 0.000000000000000000e+00
3.696579345703125000e+03 6.909342765808105469e+00 0.000000000000000000e+00
3.697429931640625000e+03 1.905996704101562500e+01 0.000000000000000000e+00
3.698282470703125000e+03 1.844320869445800781e+01 0.000000000000000000e+00
3.699133300781250000e+03 1.541558384895324707e+00 0.000000000000000000e+00
3.699984130859375000e+03 -1.276165723800659180e+00 0.000000000000000000e+00
3.700837402343750000e+03 9.440086364746093750e+00 0.000000000000000000e+00
3.701688720703125000e+03 1.445773887634277344e+01 0.000000000000000000e+00
3.702542480468750000e+03 1.614483070373535156e+01 0.000000000000000000e+00
3.703394287109375000e+03 1.726679420471191406e+01 0.000000000000000000e+00
3.704248291015625000e+03 1.658789062500000000e+01 0.000000000000000000e+00
3.705100341796875000e+03 1.563544559478759766e+01 0.000000000000000000e+00
3.705952636718750000e+03 1.519752502441406250e+01 0.000000000000000000e+00
3.706807373046875000e+03 1.300839328765869141e+01 0.000000000000000000e+00
3.707659912109375000e+03 1.502925682067871094e+01 0.000000000000000000e+00
3.708514892578125000e+03 1.214629268646240234e+01 0.000000000000000000e+00
3.709368164062500000e+03 4.541452407836914062e+00 0.000000000000000000e+00
3.710223388671875000e+03 2.001675033569335938e+01 0.000000000000000000e+00
3.711077148437500000e+03 2.149647903442382812e+01 0.000000000000000000e+00
3.711930664062500000e+03 8.775303840637207031e+00 0.000000000000000000e+00
3.712786621093750000e+03 1.548833751678466797e+01 0.000000000000000000e+00
3.713640869140625000e+03 2.456842041015625000e+01 0.000000000000000000e+00
3.714497314453125000e+03 1.311627101898193359e+01 0.000000000000000000e+00
3.715351806640625000e+03 1.932303810119628906e+01 0.000000000000000000e+00
3.716208496093750000e+03 1.599351406097412109e+01 0.000000000000000000e+00
3.717063476562500000e+03 1.475878620147705078e+01 0.000000000000000000e+00
3.717918457031250000e+03 1.108631896972656250e+01 0.000000000000000000e+00
3.718775878906250000e+03 3.723608970642089844e+00 0.000000000000000000e+00
3.719631347656250000e+03 8.519586324691772461e-01 0.000000000000000000e+00
3.720489013671875000e+03 1.065869808197021484e+01 0.000000000000000000e+00
3.721344970703125000e+03 2.801801109313964844e+01 0.000000000000000000e+00
3.722203125000000000e+03 2.219280433654785156e+01 0.000000000000000000e+00
3.723059326171875000e+03 1.757437705993652344e+00 0.000000000000000000e+00
3.723915771484375000e+03 -2.700798034667968750e+00 0.000000000000000000e+00
3.724774658203125000e+03 1.492332458496093750e+01 0.000000000000000000e+00
3.725631591796875000e+03 1.390302753448486328e+01 0.000000000000000000e+00
3.726490478515625000e+03 1.262044239044189453e+01 0.000000000000000000e+00
3.727347900390625000e+03 8.618693351745605469e+00 0.000000000000000000e+00
3.728207275390625000e+03 4.862804889678955078e+00 0.000000000000000000e+00
3.729064941406250000e+03 3.340831100940704346e-01 0.000000000000000000e+00
3.729922851562500000e+03 -2.826956272125244141e+00 0.000000000000000000e+00
3.730782958984375000e+03 6.614953041076660156e+00 0.000000000000000000e+00
3.731641357421875000e+03 9.412673950195312500e+00 0.000000000000000000e+00
3.732501708984375000e+03 1.594661617279052734e+01 0.000000000000000000e+00
3.733360351562500000e+03 1.215847110748291016e+01 0.000000000000000000e+00
3.734221435546875000e+03 9.569904327392578125e+00 0.000000000000000000e+00
3.735080322265625000e+03 2.382502746582031250e+01 0.000000000000000000e+00
3.735941650390625000e+03 2.801237106323242188e+01 0.000000000000000000e+00
3.736801269531250000e+03 1.823586654663085938e+01 0.000000000000000000e+00
3.737660888671875000e+03 8.329791069030761719e+00 0.000000000000000000e+00
3.738522705078125000e+03 1.119906330108642578e+01 0.000000000000000000e+00
3.739382812500000000e+03 2.270192909240722656e+01 0.000000000000000000e+00
3.740245117187500000e+03 2.883451080322265625e+01 0.000000000000000000e+00
3.741105468750000000e+03 2.354644584655761719e+01 0.000000000000000000e+00
3.741968261718750000e+03 1.319901847839355469e+01 0.000000000000000000e+00
3.742829101562500000e+03 2.297042083740234375e+01 0.000000000000000000e+00
3.743689941406250000e+03 2.264987182617187500e+01 0.000000000000000000e+00
3.744553222656250000e+03 1.365642929077148438e+01 0.000000000000000000e+00
3.745414794921875000e+03 1.659739685058593750e+01 0.000000000000000000e+00
3.746278564453125000e+03 1.364214801788330078e+01 0.000000000000000000e+00
3.747140380859375000e+03 1.007112503051757812e+01 0.000000000000000000e+00
3.748004394531250000e+03 1.960248374938964844e+01 0.000000000000000000e+00
3.748866699218750000e+03 1.985503959655761719e+01 0.000000000000000000e+00
3.749729003906250000e+03 9.504714012145996094e+00 0.000000000000000000e+00
3.750593750000000000e+03 4.700319290161132812e+00 0.000000000000000000e+00
3.751456542968750000e+03 2.485892057418823242e+00 0.000000000000000000e+00
3.752321533203125000e+03 4.710285663604736328e-01 0.000000000000000000e+00
3.753184814453125000e+03 1.977282047271728516e+00 0.000000000000000000e+00
3.754050292968750000e+03 8.947970867156982422e-01 0.000000000000000000e+00
3.754913818359375000e+03 1.103306651115417480e+00 0.000000000000000000e+00
3.755777587890625000e+03 1.066232109069824219e+01 0.000000000000000000e+00
3.756643798828125000e+03 2.099265861511230469e+01 0.000000000000000000e+00
3.757508056640625000e+03 1.413354396820068359e+01 0.000000000000000000e+00
3.758374511718750000e+03 7.990092277526855469e+00 0.000000000000000000e+00
3.759239013671875000e+03 1.007768630981445312e+01 0.000000000000000000e+00
3.760105957031250000e+03 1.288340377807617188e+01 0.000000000000000000e+00
3.760970947265625000e+03 1.065165615081787109e+01 0.000000000000000000e+00
3.761836181640625000e+03 1.303351593017578125e+01 0.000000000000000000e+00
3.762703613281250000e+03 1.148172092437744141e+01 0.000000000000000000e+00
3.763569335937500000e+03 1.068879985809326172e+01 0.000000000000000000e+00
3.764437011718750000e+03 1.235574722290039062e+01 0.000000000000000000e+00
3.765302978515625000e+03 1.419410419464111328e+01 0.000000000000000000e+00
3.766171386718750000e+03 1.231785774230957031e+01 0.000000000000000000e+00
3.767037841796875000e+03 6.514203548431396484e+00 0.000000000000000000e+00
3.767904296875000000e+03 9.040608406066894531e+00 0.000000000000000000e+00
3.768773193359375000e+03 1.404943370819091797e+01 0.000000000000000000e+00
3.769640136718750000e+03 7.340811252593994141e+00 0.000000000000000000e+00
3.770509521484375000e+03 4.960394859313964844e+00 0.000000000000000000e+00
3.771376953125000000e+03 1.818875694274902344e+01 0.000000000000000000e+00
3.772246582031250000e+03 8.633082389831542969e+00 0.000000000000000000e+00
3.773114501953125000e+03 7.713357448577880859e+00 0.000000000000000000e+00
3.773982421875000000e+03 1.961175918579101562e+01 0.000000000000000000e+00
3.774852783203125000e+03 1.376244926452636719e+01 0.000000000000000000e+00
3.775720947265625000e+03 7.758775353431701660e-01 0.000000000000000000e+00
3.776591796875000000e+03 5.874289512634277344e+00 0.000000000000000000e+00
3.777460449218750000e+03 4.984536647796630859e+00 0.000000000000000000e+00
3.778331542968750000e+03 1.543674278259277344e+01 0.000000000000000000e+00
3.779200927734375000e+03 1.448597812652587891e+01 0.000000000000000000e+00
3.780070312500000000e+03 1.046057605743408203e+01 0.000000000000000000e+00
3.780941894531250000e+03 1.357805347442626953e+01 0.000000000000000000e+00
3.781811767578125000e+03 1.627776718139648438e+01 0.000000000000000000e+00
3.782683837890625000e+03 4.054178714752197266e+00 0.000000000000000000e+00
3.783553955078125000e+03 7.606675624847412109e+00 0.000000000000000000e+00
3.784426513671875000e+03 8.696959495544433594e+00 0.000000000000000000e+00
3.785297119140625000e+03 7.708379268646240234e+00 0.000000000000000000e+00
3.786167968750000000e+03 6.809512138366699219e+00 0.000000000000000000e+00
3.787041015625000000e+03 4.951323032379150391e+00 0.000000000000000000e+00
3.787912109375000000e+03 6.731466293334960938e+00 0.000000000000000000e+00
3.788785644531250000e+03 1.090057277679443359e+01 0.000000000000000000e+00
3.789657226562500000e+03 1.494534873962402344e+01 0.000000000000000000e+00
3.790531005859375000e+03 1.244859981536865234e+01 0.000000000000000000e+00
3.791403076171875000e+03 6.668793201446533203e+00 0.000000000000000000e+00
3.792275390625000000e+03 6.321293830871582031e+00 0.000000000000000000e+00
3.793149902343750000e+03 9.110840797424316406e+00 0.000000000000000000e+00
3.794022460937500000e+03 3.554287195205688477e+00 0.000000000000000000e+00
3.794897216796875000e+03 6.075505733489990234e+00 0.000000000000000000e+00
3.795770263671875000e+03 1.139705085754394531e+01 0.000000000000000000e+00
3.796645507812500000e+03 1.008270740509033203e+01 0.000000000000000000e+00
3.797519042968750000e+03 6.247904777526855469e+00 0.000000000000000000e+00
3.798392578125000000e+03 1.500460338592529297e+01 0.000000000000000000e+00
3.799268554687500000e+03 1.298315811157226562e+01 0.000000000000000000e+00
3.800142578125000000e+03 2.524753093719482422e+00 0.000000000000000000e+00
3.801018798828125000e+03 -9.738533496856689453e-01 0.000000000000000000e+00
3.801893310546875000e+03 3.703917741775512695e+00 0.000000000000000000e+00
3.802770019531250000e+03 8.494425773620605469e+00 0.000000000000000000e+00
3.803644775390625000e+03 1.466228961944580078e+01 0.000000000000000000e+00
3.804521972656250000e+03 1.270674991607666016e+01 0.000000000000000000e+00
3.805397216796875000e+03 8.822836875915527344e+00 0.000000000000000000e+00
3.806272705078125000e+03 1.205984783172607422e+01 0.000000000000000000e+00
3.807150390625000000e+03 1.678316497802734375e+01 0.000000000000000000e+00
3.808026123046875000e+03 1.378079891204833984e+01 0.000000000000000000e+00
3.808904296875000000e+03 1.201191711425781250e+01 0.000000000000000000e+00
3.809780517578125000e+03 1.053875350952148438e+01 0.000000000000000000e+00
3.810658935546875000e+03 9.571585655212402344e+00 0.000000000000000000e+00
3.811535644531250000e+03 9.692852973937988281e+00 0.000000000000000000e+00
3.812412597656250000e+03 1.170249938964843750e+01 0.000000000000000000e+00
3.813291748046875000e+03 1.512266445159912109e+01 0.000000000000000000e+00
3.814168945312500000e+03 1.584204959869384766e+01 0.000000000000000000e+00
3.815048339843750000e+03 9.598452568054199219e+00 0.000000000000000000e+00
3.815926025390625000e+03 1.571260547637939453e+01 0.000000000000000000e+00
3.816805908203125000e+03 1.617464447021484375e+01 0.000000000000000000e+00
3.817684082031250000e+03 9.981534004211425781e+00 0.000000000000000000e+00
3.818562255859375000e+03 1.269914054870605469e+01 0.000000000000000000e+00
3.819442871093750000e+03 1.493219661712646484e+01 0.000000000000000000e+00
3.820321533203125000e+03 1.207694911956787109e+01 0.000000000000000000e+00
3.821202392578125000e+03 1.202251911163330078e+01 0.000000000000000000e+00
3.822081542968750000e+03 7.980378150939941406e+00 0.000000000000000000e+00
3.822962890625000000e+03 2.390990257263183594e+00 0.000000000000000000e+00
3.823842285156250000e+03 5.353000640869140625e+00 0.000000000000000000e+00
3.824721923828125000e+03 1.146455669403076172e+01 0.000000000000000000e+00
3.825604003906250000e+03 8.366096496582031250e+00 0.000000000000000000e+00
3.826484130859375000e+03 3.153976440429687500e+00 0.000000000000000000e+00
3.827366455078125000e+03 5.957723140716552734e+00 0.000000000000000000e+00
3.828246826171875000e+03 1.207786273956298828e+01 0.000000000000000000e+00
3.829129638671875000e+03 1.031462669372558594e+01 0.000000000000000000e+00
3.830010498046875000e+03 5.906839847564697266e+00 0.000000000000000000e+00
3.830891601562500000e+03 9.193227767944335938e+00 0.000000000000000000e+00
3.831775146484375000e+03 1.265673255920410156e+01 0.000000000000000000e+00
3.832656494140625000e+03 1.159929466247558594e+01 0.000000000000000000e+00
3.833540283203125000e+03 9.518222808837890625e+00 0.000000000000000000e+00
3.834422363281250000e+03 1.157142448425292969e+01 0.000000000000000000e+00
3.835306396484375000e+03 1.309442996978759766e+01 0.000000000000000000e+00
3.836188720703125000e+03 5.496806144714355469e+00 0.000000000000000000e+00
3.837071289062500000e+03 7.645460128784179688e+00 0.000000000000000000e+00
3.837956054687500000e+03 1.004056930541992188e+01 0.000000000000000000e+00
3.838839111328125000e+03 7.859602451324462891e+00 0.000000000000000000e+00
3.839724365234375000e+03 9.788908004760742188e+00 0.000000000000000000e+00
3.840607666015625000e+03 1.639836692810058594e+01 0.000000000000000000e+00
3.841493164062500000e+03 1.215138626098632812e+01 0.000000000000000000e+00
3.842376953125000000e+03 1.131988143920898438e+01 0.000000000000000000e+00
3.843260986328125000e+03 1.225624370574951172e+01 0.000000000000000000e+00
3.844147216796875000e+03 1.120461368560791016e+01 0.000000000000000000e+00
3.845031494140625000e+03 9.049695014953613281e+00 0.000000000000000000e+00
3.845918212890625000e+03 6.089833259582519531e+00 0.000000000000000000e+00
3.846802978515625000e+03 7.205175876617431641e+00 0.000000000000000000e+00
3.847689941406250000e+03 8.867034912109375000e+00 0.000000000000000000e+00
3.848575195312500000e+03 4.918204307556152344e+00 0.000000000000000000e+00
3.849460449218750000e+03 8.430592417716979980e-01 0.000000000000000000e+00
3.850348144531250000e+03 5.517355918884277344e+00 0.000000000000000000e+00
3.851233886718750000e+03 1.017534637451171875e+01 0.000000000000000000e+00
3.852122070312500000e+03 9.085445404052734375e+00 0.000000000000000000e+00
3.853008300781250000e+03 9.072079658508300781e+00 0.000000000000000000e+00
3.853896728515625000e+03 1.120140457153320312e+01 0.000000000000000000e+00
3.854783203125000000e+03 1.185175418853759766e+01 0.000000000000000000e+00
3.855670166015625000e+03 8.604457855224609375e+00 0.000000000000000000e+00
3.856559082031250000e+03 5.570158481597900391e+00 0.000000000000000000e+00
3.857446289062500000e+03 6.614665508270263672e+00 0.000000000000000000e+00
3.858335937500000000e+03 9.257211685180664062e+00 0.000000000000000000e+00
3.859223388671875000e+03 8.238937377929687500e+00 0.000000000000000000e+00
3.860113525390625000e+03 5.163565158843994141e+00 0.000000000000000000e+00
3.861001464843750000e+03 6.643426418304443359e+00 0.000000000000000000e+00
3.861889648437500000e+03 1.149242687225341797e+01 0.000000000000000000e+00
3.862780273437500000e+03 5.843289375305175781e+00 0.000000000000000000e+00
3.863668945312500000e+03 1.069278335571289062e+01 0.000000000000000000e+00
3.864559814453125000e+03 1.387639713287353516e+01 0.000000000000000000e+00
3.865448730468750000e+03 1.024328994750976562e+01 0.000000000000000000e+00
3.866340087890625000e+03 9.569752693176269531e+00 0.000000000000000000e+00
3.867229736328125000e+03 7.253189086914062500e+00 0.000000000000000000e+00
3.868121337890625000e+03 -2.311655759811401367e+00 0.000000000000000000e+00
3.869011230468750000e+03 -2.722445249557495117e+00 0.000000000000000000e+00
3.869901367187500000e+03 1.469324111938476562e+00 0.000000000000000000e+00
3.870793701171875000e+03 2.940276861190795898e+00 0.000000000000000000e+00
3.871684082031250000e+03 1.662141084671020508e+00 0.000000000000000000e+00
3.872576904296875000e+03 4.333248436450958252e-01 0.000000000000000000e+00
3.873467773437500000e+03 4.154785156250000000e+00 0.000000000000000000e+00
3.874361083984375000e+03 3.230750083923339844e+00 0.000000000000000000e+00
3.875252441406250000e+03 6.813965320587158203e+00 0.000000000000000000e+00
3.876143798828125000e+03 1.166584682464599609e+01 0.000000000000000000e+00
3.877037597656250000e+03 5.669950008392333984e+00 0.000000000000000000e+00
3.877929687500000000e+03 2.581295728683471680e+00 0.000000000000000000e+00
3.878823730468750000e+03 1.138437938690185547e+01 0.000000000000000000e+00
3.879716064453125000e+03 1.116781616210937500e+01 0.000000000000000000e+00
3.880610839843750000e+03 9.629833221435546875e+00 0.000000000000000000e+00
3.881503662109375000e+03 1.266819763183593750e+01 0.000000000000000000e+00
3.882396484375000000e+03 1.288373184204101562e+01 0.000000000000000000e+00
3.883291748046875000e+03 8.358722686767578125e+00 0.000000000000000000e+00
3.884185058593750000e+03 9.143312454223632812e+00 0.000000000000000000e+00
3.885080810546875000e+03 1.027475738525390625e+01 0.000000000000000000e+00
3.885974609375000000e+03 1.106032562255859375e+01 0.000000000000000000e+00
3.886870605468750000e+03 9.374714851379394531e+00 0.000000000000000000e+00
3.887764892578125000e+03 5.779393672943115234e+00 0.000000000000000000e+00
3.888659179687500000e+03 1.132528305053710938e+01 0.000000000000000000e+00
3.889555908203125000e+03 8.066032409667968750e+00 0.000000000000000000e+00
3.890450683593750000e+03 5.012337207794189453e+00 0.000000000000000000e+00
3.891347900390625000e+03 8.729521751403808594e+00 0.000000000000000000e+00
3.892242919921875000e+03 1.111958026885986328e+01 0.000000000000000000e+00
3.893140625000000000e+03 5.597516059875488281e+00 0.000000000000000000e+00
3.894036132812500000e+03 1.064388275146484375e+01 0.000000000000000000e+00
3.894931884765625000e+03 1.247930145263671875e+01 0.000000000000000000e+00
3.895830078125000000e+03 6.202577114105224609e+00 0.000000000000000000e+00
3.896726318359375000e+03 3.786018848419189453e+00 0.000000000000000000e+00
3.897625000000000000e+03 7.145657062530517578e+00 0.000000000000000000e+00
3.898521484375000000e+03 7.812505722045898438e+00 0.000000000000000000e+00
3.899420654296875000e+03 9.474131584167480469e+00 0.000000000000000000e+00
3.900317626953125000e+03 1.242772388458251953e+01 0.000000000000000000e+00
3.901214843750000000e+03 7.852070331573486328e+00 0.000000000000000000e+00
3.902114501953125000e+03 6.310758113861083984e+00 0.000000000000000000e+00
3.903012207031250000e+03 1.076620101928710938e+01 0.000000000000000000e+00
3.903912109375000000e+03 1.159605121612548828e+01 0.000000000000000000e+00
3.904810302734375000e+03 9.199492454528808594e+00 0.000000000000000000e+00
3.905710693359375000e+03 1.262668323516845703e+01 0.000000000000000000e+00
3.906609375000000000e+03 1.335160541534423828e+01 0.000000000000000000e+00
3.907508056640625000e+03 9.447156906127929688e+00 0.000000000000000000e+00
3.908408935546875000e+03 8.672513008117675781e+00 0.000000000000000000e+00
3.909308105468750000e+03 1.387676048278808594e+01 0.000000000000000000e+00
3.910209716796875000e+03 7.806268215179443359e+00 0.000000000000000000e+00
3.911109130859375000e+03 4.633999347686767578e+00 0.000000000000000000e+00
3.912010986328125000e+03 3.494494676589965820e+00 0.000000000000000000e+00
3.912911132812500000e+03 4.293302536010742188e+00 0.000000000000000000e+00
3.913811279296875000e+03 5.931909084320068359e+00 0.000000000000000000e+00
3.914713623046875000e+03 7.448019504547119141e+00 0.000000000000000000e+00
3.915614257812500000e+03 1.255947303771972656e+01 0.000000000000000000e+00
3.916517089843750000e+03 1.308541870117187500e+01 0.000000000000000000e+00
3.917418212890625000e+03 1.208761024475097656e+01 0.000000000000000000e+00
3.918321533203125000e+03 9.921955108642578125e+00 0.000000000000000000e+00
3.919222900390625000e+03 7.941220283508300781e+00 0.000000000000000000e+00
3.920124511718750000e+03 8.933871269226074219e+00 0.000000000000000000e+00
3.921028564453125000e+03 1.112519741058349609e+01 0.000000000000000000e+00
3.921930664062500000e+03 1.158973693847656250e+01 0.000000000000000000e+00
3.922834960937500000e+03 8.910312652587890625e+00 0.000000000000000000e+00
3.923737304687500000e+03 5.999452590942382812e+00 0.000000000000000000e+00
3.924642089843750000e+03 4.824127674102783203e+00 0.000000000000000000e+00
3.925545166015625000e+03 3.584616661071777344e+00 0.000000000000000000e+00
3.926447998046875000e+03 6.424863636493682861e-02 0.000000000000000000e+00
3.927353515625000000e+03 4.140653610229492188e+00 0.000000000000000000e+00
3.928257080078125000e+03 6.451614379882812500e+00 0.000000000000000000e+00
3.929162841796875000e+03 7.905588150024414062e+00 0.000000000000000000e+00
3.930066894531250000e+03 9.153136253356933594e+00 0.000000000000000000e+00
3.930973144531250000e+03 7.317285060882568359e+00 0.000000000000000000e+00
3.931877441406250000e+03 7.035305500030517578e+00 0.000000000000000000e+00
3.932781982421875000e+03 1.400463771820068359e+01 0.000000000000000000e+00
3.933688720703125000e+03 1.033700561523437500e+01 0.000000000000000000e+00
3.934593750000000000e+03 6.124350547790527344e+00 0.000000000000000000e+00
3.935500976562500000e+03 5.901252269744873047e+00 0.000000000000000000e+00
3.936406250000000000e+03 2.071339845657348633e+00 0.000000000000000000e+00
3.937314208984375000e+03 4.726241588592529297e+00 0.000000000000000000e+00
3.938219970703125000e+03 1.279386234283447266e+01 0.000000000000000000e+00
3.939127929687500000e+03 8.897838592529296875e+00 0.000000000000000000e+00
3.940034179687500000e+03 6.895414352416992188e+00 0.000000000000000000e+00
3.940940673828125000e+03 1.105225944519042969e+01 0.000000000000000000e+00
3.941849365234375000e+03 8.977802276611328125e+00 0.000000000000000000e+00
3.942756103515625000e+03 8.538942337036132812e+00 0.000000000000000000e+00
3.943665283203125000e+03 1.201850223541259766e+01 0.000000000000000000e+00
3.944572509765625000e+03 1.024898529052734375e+01 0.000000000000000000e+00
3.945482177734375000e+03 9.222669601440429688e+00 0.000000000000000000e+00
3.946389892578125000e+03 1.122935009002685547e+01 0.000000000000000000e+00
3.947297851562500000e+03 1.086370754241943359e+01 0.000000000000000000e+00
3.948208007812500000e+03 1.088181781768798828e+01 0.000000000000000000e+00
3.949116210937500000e+03 4.592553138732910156e+00 0.000000000000000000e+00
3.950026855468750000e+03 6.107362270355224609e+00 0.000000000000000000e+00
3.950935546875000000e+03 6.541032791137695312e+00 0.000000000000000000e+00
3.951846679687500000e+03 4.928525924682617188e+00 0.000000000000000000e+00
3.952755859375000000e+03 1.090393066406250000e+01 0.000000000000000000e+00
3.953665039062500000e+03 1.084101295471191406e+01 0.000000000000000000e+00
3.954576904296875000e+03 6.980488777160644531e+00 0.000000000000000000e+00
3.955486572265625000e+03 6.083402156829833984e+00 0.000000000000000000e+00
3.956398681640625000e+03 7.975517749786376953e+00 0.000000000000000000e+00
3.957308837890625000e+03 8.589300155639648438e+00 0.000000000000000000e+00
3.958221435546875000e+03 5.564726352691650391e+00 0.000000000000000000e+00
3.959132080078125000e+03 3.557610273361206055e+00 0.000000000000000000e+00
3.960042724609375000e+03 8.955556869506835938e+00 0.000000000000000000e+00
3.960956054687500000e+03 8.620300292968750000e+00 0.000000000000000000e+00
3.961867187500000000e+03 1.018120098114013672e+01 0.000000000000000000e+00
3.962780761718750000e+03 1.312695693969726562e+01 0.000000000000000000e+00
3.963692382812500000e+03 7.089592933654785156e+00 0.000000000000000000e+00
3.964606445312500000e+03 6.062481880187988281e+00 0.000000000000000000e+00
3.965518554687500000e+03 7.578037261962890625e+00 0.000000000000000000e+00
3.966430664062500000e+03 7.317347526550292969e+00 0.000000000000000000e+00
3.967345458984375000e+03 5.442269325256347656e+00 0.000000000000000000e+00
3.968258056640625000e+03 5.002420425415039062e+00 0.000000000000000000e+00
3.969173095703125000e+03 7.722225189208984375e+00 0.000000000000000000e+00
3.970086181640625000e+03 9.076797485351562500e+00 0.000000000000000000e+00
3.971001708984375000e+03 4.931205272674560547e+00 0.000000000000000000e+00
3.971915283203125000e+03 3.590514898300170898e+00 0.000000000000000000e+00
3.972829101562500000e+03 5.012971878051757812e+00 0.000000000000000000e+00
3.973745117187500000e+03 4.086003780364990234e+00 0.000000000000000000e+00
3.974659179687500000e+03 -1.754846237599849701e-02 0.000000000000000000e+00
3.975575927734375000e+03 1.836163640022277832e+00 0.000000000000000000e+00
3.976490478515625000e+03 4.244926452636718750e+00 0.000000000000000000e+00
3.977407470703125000e+03 5.196497917175292969e+00 0.000000000000000000e+00
3.978322509765625000e+03 5.052422046661376953e+00 0.000000000000000000e+00
3.979237548828125000e+03 5.389407634735107422e+00 0.000000000000000000e+00
3.980155273437500000e+03 7.717266559600830078e+00 0.000000000000000000e+00
3.981070800781250000e+03 1.098640918731689453e+01 0.000000000000000000e+00
3.981988769531250000e+03 1.120582866668701172e+01 0.000000000000000000e+00
3.982904785156250000e+03 1.084800434112548828e+01 0.000000000000000000e+00
3.983823242187500000e+03 1.177896595001220703e+01 0.000000000000000000e+00
3.984739746093750000e+03 1.153037548065185547e+01 0.000000000000000000e+00
3.985656494140625000e+03 7.258786678314208984e+00 0.000000000000000000e+00
3.986575683593750000e+03 5.368162155151367188e+00 0.000000000000000000e+00
3.987492675781250000e+03 1.037310695648193359e+01 0.000000000000000000e+00
3.988412109375000000e+03 1.064714241027832031e+01 0.000000000000000000e+00
3.989329833984375000e+03 7.830115318298339844e+00 0.000000000000000000e+00
3.990249755859375000e+03 6.102449417114257812e+00 0.000000000000000000e+00
3.991167724609375000e+03 5.146526813507080078e+00 0.000000000000000000e+00
3.992085693359375000e+03 6.330943584442138672e+00 0.000000000000000000e+00
3.993006347656250000e+03 7.147248268127441406e+00 0.000000000000000000e+00
3.993925048828125000e+03 2.653133630752563477e+00 0.000000000000000000e+00
3.994845947265625000e+03 -4.227600693702697754e-01 0.000000000000000000e+00
3.995764892578125000e+03 2.139646530151367188e+00 0.000000000000000000e+00
3.996686279296875000e+03 6.591589450836181641e+00 0.000000000000000000e+00
3.997605712890625000e+03 1.098834133148193359e+01 0.000000000000000000e+00
3.998525390625000000e+03 1.068048095703125000e+01 0.000000000000000000e+00
3.999447509765625000e+03 6.928833007812500000e+00 0.000000000000000000e+00
4.000367431640625000e+03 7.172959804534912109e+00 0.000000000000000000e+00
4.001290039062500000e+03 1.094120025634765625e+01 0.000000000000000000e+00
4.002210449218750000e+03 1.109602642059326172e+01 0.000000000000000000e+00
4.003133300781250000e+03 1.193070983886718750e+01 0.000000000000000000e+00
4.004054443359375000e+03 9.356117248535156250e+00 0.000000000000000000e+00
4.004975341796875000e+03 1.257948684692382812e+01 0.000000000000000000e+00
4.005898925781250000e+03 1.315349483489990234e+01 0.000000000000000000e+00
4.006820556640625000e+03 9.089756965637207031e+00 0.000000000000000000e+00
4.007744628906250000e+03 9.919527053833007812e+00 0.000000000000000000e+00
4.008666503906250000e+03 9.585350036621093750e+00 0.000000000000000000e+00
4.009590820312500000e+03 1.480352115631103516e+01 0.000000000000000000e+00
4.010513183593750000e+03 1.107332611083984375e+01 0.000000000000000000e+00
4.011437988281250000e+03 7.104181289672851562e+00 0.000000000000000000e+00
4.012360839843750000e+03 9.745188713073730469e+00 0.000000000000000000e+00
4.013283935546875000e+03 1.085342693328857422e+01 0.000000000000000000e+00
4.014209472656250000e+03 8.472146034240722656e+00 0.000000000000000000e+00
4.015132812500000000e+03 1.021251773834228516e+01 0.000000000000000000e+00
4.016058837890625000e+03 9.969029426574707031e+00 0.000000000000000000e+00
4.016982666015625000e+03 9.103404998779296875e+00 0.000000000000000000e+00
4.017908935546875000e+03 9.121014595031738281e+00 0.000000000000000000e+00
4.018833251953125000e+03 7.366829872131347656e+00 0.000000000000000000e+00
4.019757812500000000e+03 4.690668582916259766e+00 0.000000000000000000e+00
4.020684814453125000e+03 1.294011116027832031e+00 0.000000000000000000e+00
4.021609619140625000e+03 -7.196888923645019531e-01 0.000000000000000000e+00
4.022537109375000000e+03 -1.918095648288726807e-01 0.000000000000000000e+00
4.023462402343750000e+03 1.916654348373413086e+00 0.000000000000000000e+00
4.024390136718750000e+03 4.095090866088867188e+00 0.000000000000000000e+00
4.025316162109375000e+03 7.552670478820800781e+00 0.000000000000000000e+00
4.026242187500000000e+03 9.424986839294433594e+00 0.000000000000000000e+00
4.027170410156250000e+03 4.190855026245117188e+00 0.000000000000000000e+00
4.028096923828125000e+03 1.094680547714233398e+00 0.000000000000000000e+00
4.029025878906250000e+03 3.937975645065307617e+00 0.000000000000000000e+00
4.029952636718750000e+03 4.901133060455322266e+00 0.000000000000000000e+00
4.030882080078125000e+03 4.801999568939208984e+00 0.000000000000000000e+00
4.031809326171875000e+03 4.537138462066650391e+00 0.000000000000000000e+00
4.032736816406250000e+03 2.866952896118164062e+00 0.000000000000000000e+00
4.033666748046875000e+03 3.105352878570556641e+00 0.000000000000000000e+00
4.034594726562500000e+03 3.738229274749755859e+00 0.000000000000000000e+00
4.035525146484375000e+03 6.736568212509155273e-01 0.000000000000000000e+00
4.036453369140625000e+03 3.803983926773071289e+00 0.000000000000000000e+00
4.037384277343750000e+03 6.010859012603759766e+00 0.000000000000000000e+00
4.038312988281250000e+03 6.344405651092529297e+00 0.000000000000000000e+00
4.039241943359375000e+03 7.433918476104736328e+00 0.000000000000000000e+00
4.040173583984375000e+03 9.561635017395019531e+00 0.000000000000000000e+00
4.041103027343750000e+03 1.031650638580322266e+01 0.000000000000000000e+00
4.042034667968750000e+03 1.036369991302490234e+01 0.000000000000000000e+00
4.042964599609375000e+03 8.697328567504882812e+00 0.000000000000000000e+00
4.043896972656250000e+03 7.379046440124511719e+00 0.000000000000000000e+00
4.044827148437500000e+03 7.973269939422607422e+00 0.000000000000000000e+00
4.045757812500000000e+03 1.052610111236572266e+01 0.000000000000000000e+00
4.046690673828125000e+03 1.223574256896972656e+01 0.000000000000000000e+00
4.047621582031250000e+03 7.709621906280517578e+00 0.000000000000000000e+00
4.048554931640625000e+03 5.434417247772216797e+00 0.000000000000000000e+00
4.049486328125000000e+03 9.158623695373535156e+00 0.000000000000000000e+00
4.050420166015625000e+03 1.206694030761718750e+01 0.000000000000000000e+00
4.051352050781250000e+03 1.057216453552246094e+01 0.000000000000000000e+00
4.052283935546875000e+03 8.352938652038574219e+00 0.000000000000000000e+00
4.053218505859375000e+03 4.207139968872070312e+00 0.000000000000000000e+00
4.054150878906250000e+03 5.577262043952941895e-01 0.000000000000000000e+00
4.055085693359375000e+03 -7.565235495567321777e-01 0.000000000000000000e+00
4.056018554687500000e+03 1.486553430557250977e+00 0.000000000000000000e+00
4.056953857421875000e+03 5.108827590942382812e+00 0.000000000000000000e+00
4.057887207031250000e+03 5.009367465972900391e+00 0.000000000000000000e+00
4.058820800781250000e+03 8.962109684944152832e-01 0.000000000000000000e+00
4.059756591796875000e+03 2.389613628387451172e+00 0.000000000000000000e+00
4.060690673828125000e+03 2.140960931777954102e+00 0.000000000000000000e+00
4.061626953125000000e+03 4.010292053222656250e+00 0.000000000000000000e+00
4.062561279296875000e+03 8.338958740234375000e+00 0.000000000000000000e+00
4.063498291015625000e+03 7.279367446899414062e+00 0.000000000000000000e+00
4.064433105468750000e+03 7.034770488739013672e+00 0.000000000000000000e+00
4.065367919921875000e+03 5.332726478576660156e+00 0.000000000000000000e+00
4.066305419921875000e+03 6.271072387695312500e+00 0.000000000000000000e+00
4.067240966796875000e+03 8.412529945373535156e+00 0.000000000000000000e+00
4.068178710937500000e+03 8.314304351806640625e+00 0.000000000000000000e+00
4.069114746093750000e+03 6.596966743469238281e+00 0.000000000000000000e+00
4.070052978515625000e+03 9.090269088745117188e+00 0.000000000000000000e+00
4.070989257812500000e+03 1.177072048187255859e+01 0.000000000000000000e+00
4.071925781250000000e+03 9.452632904052734375e+00 0.000000000000000000e+00
4.072864746093750000e+03 7.807902812957763672e+00 0.000000000000000000e+00
4.073801757812500000e+03 8.250889778137207031e+00 0.000000000000000000e+00
4.074741210937500000e+03 4.645855426788330078e+00 0.000000000000000000e+00
4.075678710937500000e+03 3.125311851501464844e+00 0.000000000000000000e+00
4.076618408203125000e+03 4.048834800720214844e+00 0.000000000000000000e+00
4.077556152343750000e+03 8.570735931396484375e+00 0.000000000000000000e+00
4.078494384765625000e+03 1.087692737579345703e+01 0.000000000000000000e+00
4.079434814453125000e+03 8.183789253234863281e+00 0.000000000000000000e+00
4.080373291015625000e+03 6.293221950531005859e+00 0.000000000000000000e+00
4.081314208984375000e+03 9.503661155700683594e+00 0.000000000000000000e+00
4.082253173828125000e+03 6.637062072753906250e+00 0.000000000000000000e+00
4.083194335937500000e+03 1.782354950904846191e+00 0.000000000000000000e+00
4.084133789062500000e+03 4.849994480609893799e-01 0.000000000000000000e+00
4.085075683593750000e+03 2.107225894927978516e+00 0.000000000000000000e+00
4.086015380859375000e+03 2.755504131317138672e+00 0.000000000000000000e+00
4.086955322265625000e+03 6.661160945892333984e+00 0.000000000000000000e+00
4.087897705078125000e+03 1.119810867309570312e+01 0.000000000000000000e+00
4.088838134765625000e+03 1.068242073059082031e+01 0.000000000000000000e+00
4.089781005859375000e+03 9.405288696289062500e+00 0.000000000000000000e+00
4.090721923828125000e+03 1.127181243896484375e+01 0.000000000000000000e+00
4.091665283203125000e+03 1.276295566558837891e+01 0.000000000000000000e+00
4.092606445312500000e+03 1.057389259338378906e+01 0.000000000000000000e+00
4.093548095703125000e+03 8.237059593200683594e+00 0.000000000000000000e+00
4.094491943359375000e+03 9.401164054870605469e+00 0.000000000000000000e+00
4.095433837890625000e+03 9.940327644348144531e+00 0.000000000000000000e+00
4.096378417968750000e+03 9.139956474304199219e+00 0.000000000000000000e+00
4.097320800781250000e+03 1.108250999450683594e+01 0.000000000000000000e+00
4.098265625000000000e+03 8.680405616760253906e+00 0.000000000000000000e+00
4.099208496093750000e+03 1.026193428039550781e+01 0.000000000000000000e+00
4.100151367187500000e+03 9.591177940368652344e+00 0.000000000000000000e+00
4.101096679687500000e+03 5.829968452453613281e+00 0.000000000000000000e+00
4.102040039062500000e+03 3.282789468765258789e+00 0.000000000000000000e+00
4.102986328125000000e+03 4.575175762176513672e+00 0.000000000000000000e+00
4.103930175781250000e+03 5.340449333190917969e+00 0.000000000000000000e+00
4.104876464843750000e+03 3.835983276367187500e+00 0.000000000000000000e+00
4.105820800781250000e+03 1.764340281486511230e+00 0.000000000000000000e+00
4.106765136718750000e+03 2.054801225662231445e+00 0.000000000000000000e+00
4.107712402343750000e+03 4.986232280731201172e+00 0.000000000000000000e+00
4.108657226562500000e+03 8.184025764465332031e+00 0.000000000000000000e+00
4.109604492187500000e+03 1.162700462341308594e+01 0.000000000000000000e+00
4.110550292968750000e+03 8.583081245422363281e+00 0.000000000000000000e+00
4.111498046875000000e+03 7.678186893463134766e+00 0.000000000000000000e+00
4.112443847656250000e+03 6.054882049560546875e+00 0.000000000000000000e+00
4.113389648437500000e+03 3.304447174072265625e+00 0.000000000000000000e+00
4.114338378906250000e+03 6.568420410156250000e+00 0.000000000000000000e+00
4.115285156250000000e+03 6.302889347076416016e+00 0.000000000000000000e+00
4.116233886718750000e+03 5.635651588439941406e+00 0.000000000000000000e+00
4.117180664062500000e+03 8.184974670410156250e+00 0.000000000000000000e+00
4.118130371093750000e+03 9.063063621520996094e+00 0.000000000000000000e+00
4.119077636718750000e+03 7.291850090026855469e+00 0.000000000000000000e+00
4.120025390625000000e+03 9.282032012939453125e+00 0.000000000000000000e+00
4.120975097656250000e+03 1.113886070251464844e+01 0.000000000000000000e+00
4.121923339843750000e+03 1.177955627441406250e+01 0.000000000000000000e+00
4.122874023437500000e+03 8.976112365722656250e+00 0.000000000000000000e+00
4.123822265625000000e+03 7.967656135559082031e+00 0.000000000000000000e+00
4.124773437500000000e+03 9.926468849182128906e+00 0.000000000000000000e+00
4.125722167968750000e+03 9.009657859802246094e+00 0.000000000000000000e+00
4.126671386718750000e+03 1.044823360443115234e+01 0.000000000000000000e+00
4.127623046875000000e+03 1.356280803680419922e+01 0.000000000000000000e+00
4.128572265625000000e+03 1.095057868957519531e+01 0.000000000000000000e+00
4.129524414062500000e+03 1.032063674926757812e+01 0.000000000000000000e+00
4.130474609375000000e+03 1.249772453308105469e+01 0.000000000000000000e+00
4.131426757812500000e+03 7.778542518615722656e+00 0.000000000000000000e+00
4.132377441406250000e+03 1.359778118133544922e+01 0.000000000000000000e+00
4.133328125000000000e+03 1.257815170288085938e+01 0.000000000000000000e+00
4.134281250000000000e+03 8.121852874755859375e+00 0.000000000000000000e+00
4.135232421875000000e+03 8.640723228454589844e+00 0.000000000000000000e+00
4.136185546875000000e+03 1.139052581787109375e+01 0.000000000000000000e+00
4.137137207031250000e+03 6.794440746307373047e+00 0.000000000000000000e+00
4.138091308593750000e+03 7.184546947479248047e+00 0.000000000000000000e+00
4.139043457031250000e+03 8.687380790710449219e+00 0.000000000000000000e+00
4.139995605468750000e+03 9.725150108337402344e+00 0.000000000000000000e+00
4.140950195312500000e+03 9.690730094909667969e+00 0.000000000000000000e+00
4.141902832031250000e+03 9.314355850219726562e+00 0.000000000000000000e+00
4.142857910156250000e+03 9.782461166381835938e+00 0.000000000000000000e+00
4.143811035156250000e+03 8.526467323303222656e+00 0.000000000000000000e+00
4.144766601562500000e+03 7.198889732360839844e+00 0.000000000000000000e+00
4.145720214843750000e+03 8.511539459228515625e+00 0.000000000000000000e+00
4.146673828125000000e+03 8.185440063476562500e+00 0.000000000000000000e+00
4.147629882812500000e+03 6.624081134796142578e+00 0.000000000000000000e+00
4.148583984375000000e+03 1.009240245819091797e+01 0.000000000000000000e+00
4.149540527343750000e+03 8.524033546447753906e+00 0.000000000000000000e+00
4.150495117187500000e+03 8.256129264831542969e+00 0.000000000000000000e+00
4.151452636718750000e+03 8.358298301696777344e+00 0.000000000000000000e+00
4.152407226562500000e+03 9.352216720581054688e+00 0.000000000000000000e+00
4.153362792968750000e+03 1.031936931610107422e+01 0.000000000000000000e+00
4.154320312500000000e+03 7.941690921783447266e+00 0.000000000000000000e+00
4.155276367187500000e+03 6.064329624176025391e+00 0.000000000000000000e+00
4.156234375000000000e+03 5.617805957794189453e+00 0.000000000000000000e+00
4.157190429687500000e+03 8.050501823425292969e+00 0.000000000000000000e+00
4.158148925781250000e+03 1.076319599151611328e+01 0.000000000000000000e+00
4.159105468750000000e+03 1.094857978820800781e+01 0.000000000000000000e+00
4.160064941406250000e+03 9.427657127380371094e+00 0.000000000000000000e+00
4.161021972656250000e+03 9.018654823303222656e+00 0.000000000000000000e+00
4.161979003906250000e+03 9.830101013183593750e+00 0.000000000000000000e+00
4.162938964843750000e+03 9.454565048217773438e+00 0.000000000000000000e+00
4.163896484375000000e+03 8.722105979919433594e+00 0.000000000000000000e+00
4.164856445312500000e+03 9.354492187500000000e+00 0.000000000000000000e+00
4.165814941406250000e+03 1.041680145263671875e+01 0.000000000000000000e+00
4.166775390625000000e+03 8.675021171569824219e+00 0.000000000000000000e+00
4.167733886718750000e+03 7.831092357635498047e+00 0.000000000000000000e+00
4.168692871093750000e+03 4.114436626434326172e+00 0.000000000000000000e+00
4.169653808593750000e+03 -1.315625570714473724e-02 0.000000000000000000e+00
4.170613281250000000e+03 2.405085414648056030e-01 0.000000000000000000e+00
4.171575195312500000e+03 4.562443733215332031e+00 0.000000000000000000e+00
4.172534667968750000e+03 7.073989868164062500e+00 0.000000000000000000e+00
4.173497070312500000e+03 9.149996757507324219e+00 0.000000000000000000e+00
4.174457031250000000e+03 9.818333625793457031e+00 0.000000000000000000e+00
4.175417480468750000e+03 1.047282314300537109e+01 0.000000000000000000e+00
4.176379882812500000e+03 1.059521293640136719e+01 0.000000000000000000e+00
4.177340820312500000e+03 8.099996566772460938e+00 0.000000000000000000e+00
4.178304199218750000e+03 1.085939979553222656e+01 0.000000000000000000e+00
4.179265136718750000e+03 1.224648857116699219e+01 0.000000000000000000e+00
4.180229003906250000e+03 9.244267463684082031e+00 0.000000000000000000e+00
4.181190917968750000e+03 6.932870388031005859e+00 0.000000000000000000e+00
4.182152832031250000e+03 7.997642040252685547e+00 0.000000000000000000e+00
4.183117187500000000e+03 7.913150787353515625e+00 0.000000000000000000e+00
4.184079589843750000e+03 7.297942638397216797e+00 0.000000000000000000e+00
4.185044433593750000e+03 4.432894706726074219e+00 0.000000000000000000e+00
4.186006835937500000e+03 6.987995147705078125e+00 0.000000000000000000e+00
4.186972167968750000e+03 9.976767539978027344e+00 0.000000000000000000e+00
4.187935546875000000e+03 9.294359207153320312e+00 0.000000000000000000e+00
4.188898925781250000e+03 1.122863674163818359e+01 0.000000000000000000e+00
4.189864746093750000e+03 1.197029781341552734e+01 0.000000000000000000e+00
4.190828613281250000e+03 9.999511718750000000e+00 0.000000000000000000e+00
4.191794921875000000e+03 5.741150379180908203e+00 0.000000000000000000e+00
4.192759277343750000e+03 2.822516679763793945e+00 0.000000000000000000e+00
4.193726074218750000e+03 3.377961635589599609e+00 0.000000000000000000e+00
4.194690917968750000e+03 5.049803256988525391e+00 0.000000000000000000e+00
4.195655761718750000e+03 6.067104339599609375e+00 0.000000000000000000e+00
4.196623535156250000e+03 9.977166175842285156e+00 0.000000000000000000e+00
4.197588867187500000e+03 9.075192451477050781e+00 0.000000000000000000e+00
4.198557128906250000e+03 6.948910713195800781e+00 0.000000000000000000e+00
4.199522949218750000e+03 7.843070507049560547e+00 0.000000000000000000e+00
4.200491210937500000e+03 6.176179885864257812e+00 0.000000000000000000e+00
4.201457519531250000e+03 1.606181144714355469e+00 0.000000000000000000e+00
4.202423828125000000e+03 3.364252090454101562e+00 0.000000000000000000e+00
4.203393066406250000e+03 7.100583076477050781e+00 0.000000000000000000e+00
4.204359863281250000e+03 8.891244888305664062e+00 0.000000000000000000e+00
4.205329589843750000e+03 8.406626701354980469e+00 0.000000000000000000e+00
4.206296875000000000e+03 7.270986080169677734e+00 0.000000000000000000e+00
4.207267089843750000e+03 7.194815635681152344e+00 0.000000000000000000e+00
4.208234863281250000e+03 4.909835338592529297e+00 0.000000000000000000e+00
4.209203125000000000e+03 7.427928924560546875e+00 0.000000000000000000e+00
4.210173828125000000e+03 1.083687496185302734e+01 0.000000000000000000e+00
4.211142089843750000e+03 1.026832580566406250e+01 0.000000000000000000e+00
4.212113281250000000e+03 1.016153240203857422e+01 0.000000000000000000e+00
4.213082031250000000e+03 1.080569934844970703e+01 0.000000000000000000e+00
4.214053710937500000e+03 9.170544624328613281e+00 0.000000000000000000e+00
4.215022949218750000e+03 6.813270568847656250e+00 0.000000000000000000e+00
4.215992675781250000e+03 3.801623106002807617e+00 0.000000000000000000e+00
4.216964843750000000e+03 2.968611240386962891e+00 0.000000000000000000e+00
4.217935058593750000e+03 8.746109962463378906e+00 0.000000000000000000e+00
4.218907714843750000e+03 1.017882633209228516e+01 0.000000000000000000e+00
4.219878417968750000e+03 9.490398406982421875e+00 0.000000000000000000e+00
4.220851562500000000e+03 6.316244125366210938e+00 0.000000000000000000e+00
4.221822265625000000e+03 5.957090377807617188e+00 0.000000000000000000e+00
4.222793457031250000e+03 9.847592353820800781e+00 0.000000000000000000e+00
4.223767578125000000e+03 9.985857009887695312e+00 0.000000000000000000e+00
4.224739257812500000e+03 7.541152000427246094e+00 0.000000000000000000e+00
4.225713378906250000e+03 1.015713596343994141e+01 0.000000000000000000e+00
4.226685546875000000e+03 1.101814937591552734e+01 0.000000000000000000e+00
4.227660156250000000e+03 8.623935699462890625e+00 0.000000000000000000e+00
4.228632812500000000e+03 7.250127792358398438e+00 0.000000000000000000e+00
4.229605468750000000e+03 9.112203598022460938e+00 0.000000000000000000e+00
4.230580566406250000e+03 8.721134185791015625e+00 0.000000000000000000e+00
4.231554199218750000e+03 6.565731525421142578e+00 0.000000000000000000e+00
4.232529785156250000e+03 9.201745033264160156e+00 0.000000000000000000e+00
4.233503417968750000e+03 1.084394550323486328e+01 0.000000000000000000e+00
4.234479980468750000e+03 8.258773803710937500e+00 0.000000000000000000e+00
4.235454101562500000e+03 1.018709659576416016e+01 0.000000000000000000e+00
4.236430664062500000e+03 1.046033573150634766e+01 0.000000000000000000e+00
4.237405273437500000e+03 1.001604938507080078e+01 0.000000000000000000e+00
4.238379882812500000e+03 1.191530990600585938e+01 0.000000000000000000e+00
4.239357421875000000e+03 1.300310420989990234e+01 0.000000000000000000e+00
4.240332519531250000e+03 1.137678337097167969e+01 0.000000000000000000e+00
4.241310546875000000e+03 1.158293819427490234e+01 0.000000000000000000e+00
4.242286132812500000e+03 1.282301235198974609e+01 0.000000000000000000e+00
4.243264160156250000e+03 1.492816352844238281e+01 0.000000000000000000e+00
4.244240722656250000e+03 1.193451118469238281e+01 0.000000000000000000e+00
4.245216796875000000e+03 9.146243095397949219e+00 0.000000000000000000e+00
4.246195800781250000e+03 1.140039539337158203e+01 0.000000000000000000e+00
4.247172851562500000e+03 1.177620887756347656e+01 0.000000000000000000e+00
4.248151855468750000e+03 8.550488471984863281e+00 0.000000000000000000e+00
4.249129394531250000e+03 1.156972217559814453e+01 0.000000000000000000e+00
4.250109375000000000e+03 1.235406780242919922e+01 0.000000000000000000e+00
4.251086914062500000e+03 1.100897121429443359e+01 0.000000000000000000e+00
4.252064941406250000e+03 1.173594284057617188e+01 0.000000000000000000e+00
4.253045410156250000e+03 1.217147445678710938e+01 0.000000000000000000e+00
4.254023925781250000e+03 1.133964538574218750e+01 0.000000000000000000e+00
4.255004882812500000e+03 1.216173076629638672e+01 0.000000000000000000e+00
4.255983398437500000e+03 1.217131614685058594e+01 0.000000000000000000e+00
4.256964843750000000e+03 1.119506549835205078e+01 0.000000000000000000e+00
4.257944335937500000e+03 1.021713161468505859e+01 0.000000000000000000e+00
4.258923828125000000e+03 8.843824386596679688e+00 0.000000000000000000e+00
4.259905761718750000e+03 8.429399490356445312e+00 0.000000000000000000e+00
4.260885742187500000e+03 8.318659782409667969e+00 0.000000000000000000e+00
4.261868652343750000e+03 7.397289752960205078e+00 0.000000000000000000e+00
4.262849121093750000e+03 6.073480129241943359e+00 0.000000000000000000e+00
4.263832031250000000e+03 6.020156383514404297e+00 0.000000000000000000e+00
4.264812988281250000e+03 8.412331581115722656e+00 0.000000000000000000e+00
4.265793945312500000e+03 1.074811553955078125e+01 0.000000000000000000e+00
4.266777832031250000e+03 9.038463592529296875e+00 0.000000000000000000e+00
4.267759277343750000e+03 1.066928291320800781e+01 0.000000000000000000e+00
4.268743164062500000e+03 1.107839107513427734e+01 0.000000000000000000e+00
4.269725585937500000e+03 5.572154998779296875e+00 0.000000000000000000e+00
4.270709960937500000e+03 2.990118265151977539e+00 0.000000000000000000e+00
4.271692382812500000e+03 5.913324356079101562e+00 0.000000000000000000e+00
4.272675292968750000e+03 6.963241100311279297e+00 0.000000000000000000e+00
4.273660156250000000e+03 9.419475555419921875e+00 0.000000000000000000e+00
4.274643554687500000e+03 1.141966152191162109e+01 0.000000000000000000e+00
4.275629394531250000e+03 1.009192943572998047e+01 0.000000000000000000e+00
4.276612792968750000e+03 9.448141098022460938e+00 0.000000000000000000e+00
4.277599121093750000e+03 1.235482597351074219e+01 0.000000000000000000e+00
4.278583007812500000e+03 1.300367927551269531e+01 0.000000000000000000e+00
4.279567382812500000e+03 1.363846778869628906e+01 0.000000000000000000e+00
4.280554199218750000e+03 1.418014430999755859e+01 0.000000000000000000e+00
4.281539062500000000e+03 1.376326370239257812e+01 0.000000000000000000e+00
4.282526367187500000e+03 1.357505226135253906e+01 0.000000000000000000e+00
4.283511718750000000e+03 1.002849102020263672e+01 0.000000000000000000e+00
4.284499023437500000e+03 1.089687824249267578e+01 0.000000000000000000e+00
4.285484863281250000e+03 1.159493637084960938e+01 0.000000000000000000e+00
4.286470703125000000e+03 1.186856842041015625e+01 0.000000000000000000e+00
4.287458984375000000e+03 1.338356781005859375e+01 0.000000000000000000e+00
4.288445312500000000e+03 1.327806758880615234e+01 0.000000000000000000e+00
4.289434570312500000e+03 1.211885166168212891e+01 0.000000000000000000e+00
4.290421386718750000e+03 1.287029838562011719e+01 0.000000000000000000e+00
4.291410644531250000e+03 1.210620784759521484e+01 0.000000000000000000e+00
4.292397949218750000e+03 1.125585556030273438e+01 0.000000000000000000e+00
4.293385253906250000e+03 1.134898853302001953e+01 0.000000000000000000e+00
4.294375488281250000e+03 7.508461952209472656e+00 0.000000000000000000e+00
4.295363281250000000e+03 2.658837556838989258e+00 0.000000000000000000e+00
4.296353515625000000e+03 5.537388324737548828e+00 0.000000000000000000e+00
4.297342285156250000e+03 1.065365695953369141e+01 0.000000000000000000e+00
4.298333007812500000e+03 1.463719177246093750e+01 0.000000000000000000e+00
4.299321777343750000e+03 1.649708747863769531e+01 0.000000000000000000e+00
4.300311035156250000e+03 1.431324291229248047e+01 0.000000000000000000e+00
4.301302734375000000e+03 1.281420421600341797e+01 0.000000000000000000e+00
4.302291992187500000e+03 1.291848659515380859e+01 0.000000000000000000e+00
4.303284179687500000e+03 1.350688362121582031e+01 0.000000000000000000e+00
4.304274414062500000e+03 1.483382129669189453e+01 0.000000000000000000e+00
4.305266601562500000e+03 1.445051479339599609e+01 0.000000000000000000e+00
4.306257324218750000e+03 8.407746315002441406e+00 0.000000000000000000e+00
4.307247558593750000e+03 9.337404251098632812e+00 0.000000000000000000e+00
4.308241210937500000e+03 1.250472450256347656e+01 0.000000000000000000e+00
4.309231933593750000e+03 9.229771614074707031e+00 0.000000000000000000e+00
4.310226074218750000e+03 1.185340785980224609e+01 0.000000000000000000e+00
4.311217285156250000e+03 2.369330215454101562e+01 0.000000000000000000e+00
4.312211425781250000e+03 2.017652702331542969e+01 0.000000000000000000e+00
4.313203613281250000e+03 1.690406799316406250e+01 0.000000000000000000e+00
4.314198242187500000e+03 1.489767456054687500e+01 0.000000000000000000e+00
4.315190429687500000e+03 1.772500610351562500e+01 0.000000000000000000e+00
4.316183593750000000e+03 2.075157928466796875e+01 0.000000000000000000e+00
4.317178710937500000e+03 1.994441032409667969e+01 0.000000000000000000e+00
4.318171875000000000e+03 2.108082771301269531e+01 0.000000000000000000e+00
4.319167480468750000e+03 2.267776298522949219e+01 0.000000000000000000e+00
4.320161132812500000e+03 2.442947769165039062e+01 0.000000000000000000e+00
4.321157226562500000e+03 2.019653320312500000e+01 0.000000000000000000e+00
4.322151367187500000e+03 1.658278656005859375e+01 0.000000000000000000e+00
4.323145996093750000e+03 2.007170677185058594e+01 0.000000000000000000e+00
4.324142578125000000e+03 2.198531913757324219e+01 0.000000000000000000e+00
4.325137695312500000e+03 2.065019798278808594e+01 0.000000000000000000e+00
4.326134765625000000e+03 2.391158676147460938e+01 0.000000000000000000e+00
4.327129882812500000e+03 2.155661201477050781e+01 0.000000000000000000e+00
4.328127929687500000e+03 1.702456855773925781e+01 0.000000000000000000e+00
4.329123535156250000e+03 1.777873992919921875e+01 0.000000000000000000e+00
4.330119628906250000e+03 1.820582962036132812e+01 0.000000000000000000e+00
4.331118164062500000e+03 2.099091529846191406e+01 0.000000000000000000e+00
4.332114257812500000e+03 2.144047927856445312e+01 0.000000000000000000e+00
4.333113281250000000e+03 2.475194358825683594e+01 0.000000000000000000e+00
4.334110351562500000e+03 2.664581108093261719e+01 0.000000000000000000e+00
4.335109863281250000e+03 2.409265327453613281e+01 0.000000000000000000e+00
4.336106933593750000e+03 2.691246986389160156e+01 0.000000000000000000e+00
4.337104492187500000e+03 2.909147453308105469e+01 0.000000000000000000e+00
4.338104492187500000e+03 2.818521690368652344e+01 0.000000000000000000e+00
4.339102539062500000e+03 2.694432449340820312e+01 0.000000000000000000e+00
4.340103027343750000e+03 2.834098243713378906e+01 0.000000000000000000e+00
4.341101562500000000e+03 2.994687461853027344e+01 0.000000000000000000e+00
4.342102539062500000e+03 2.623120498657226562e+01 0.000000000000000000e+00
4.343101562500000000e+03 2.877673530578613281e+01 0.000000000000000000e+00
4.344100585937500000e+03 3.124218940734863281e+01 0.000000000000000000e+00
4.345102539062500000e+03 2.955371284484863281e+01 0.000000000000000000e+00
4.346102050781250000e+03 2.383139610290527344e+01 0.000000000000000000e+00
4.347104003906250000e+03 1.574671173095703125e+01 0.000000000000000000e+00
4.348104003906250000e+03 8.293141365051269531e+00 0.000000000000000000e+00
4.349106933593750000e+03 1.085101985931396484e+01 0.000000000000000000e+00
4.350107421875000000e+03 2.356908035278320312e+01 0.000000000000000000e+00
4.351107910156250000e+03 2.908691978454589844e+01 0.000000000000000000e+00
4.352111328125000000e+03 2.822683334350585938e+01 0.000000000000000000e+00
4.353112792968750000e+03 3.155275726318359375e+01 0.000000000000000000e+00
4.354116699218750000e+03 3.694998168945312500e+01 0.000000000000000000e+00
4.355118164062500000e+03 3.685286712646484375e+01 0.000000000000000000e+00
4.356122558593750000e+03 3.400521850585937500e+01 0.000000000000000000e+00
4.357124511718750000e+03 3.006787490844726562e+01 0.000000000000000000e+00
4.358126953125000000e+03 3.007297897338867188e+01 0.000000000000000000e+00
4.359131835937500000e+03 3.287449264526367188e+01 0.000000000000000000e+00
4.360134765625000000e+03 2.921952056884765625e+01 0.000000000000000000e+00
4.361140136718750000e+03 3.779185104370117188e+01 0.000000000000000000e+00
4.362143554687500000e+03 3.941996383666992188e+01 0.000000000000000000e+00
4.363149414062500000e+03 4.060987091064453125e+01 0.000000000000000000e+00
4.364152832031250000e+03 4.231605911254882812e+01 0.000000000000000000e+00
4.365156738281250000e+03 4.198858642578125000e+01 0.000000000000000000e+00
4.366163574218750000e+03 4.640327835083007812e+01 0.000000000000000000e+00
4.367167968750000000e+03 4.974232101440429688e+01 0.000000000000000000e+00
4.368175292968750000e+03 4.778973007202148438e+01 0.000000000000000000e+00
4.369180175781250000e+03 4.567645645141601562e+01 0.000000000000000000e+00
4.370187500000000000e+03 4.664836883544921875e+01 0.000000000000000000e+00
4.371192871093750000e+03 5.099964141845703125e+01 0.000000000000000000e+00
4.372198242187500000e+03 5.865713500976562500e+01 0.000000000000000000e+00
4.373206542968750000e+03 6.585592651367187500e+01 0.000000000000000000e+00
4.374212890625000000e+03 6.712622833251953125e+01 0.000000000000000000e+00
4.375221191406250000e+03 7.269592285156250000e+01 0.000000000000000000e+00
4.376228027343750000e+03 7.498061370849609375e+01 0.000000000000000000e+00
4.377236816406250000e+03 6.762687683105468750e+01 0.000000000000000000e+00
4.378244140625000000e+03 6.829666900634765625e+01 0.000000000000000000e+00
4.379251464843750000e+03 6.559945678710937500e+01 0.000000000000000000e+00
4.380261230468750000e+03 6.000750732421875000e+01 0.000000000000000000e+00
4.381268554687500000e+03 5.740353012084960938e+01 0.000000000000000000e+00
4.382279296875000000e+03 5.449494171142578125e+01 0.000000000000000000e+00
4.383287109375000000e+03 4.888661193847656250e+01 0.000000000000000000e+00
4.384297851562500000e+03 4.824711227416992188e+01 0.000000000000000000e+00
4.385306640625000000e+03 4.160945892333984375e+01 0.000000000000000000e+00
4.386315429687500000e+03 3.819142913818359375e+01 0.000000000000000000e+00
4.387326660156250000e+03 3.786350250244140625e+01 0.000000000000000000e+00
4.388335937500000000e+03 3.733838272094726562e+01 0.000000000000000000e+00
4.389348144531250000e+03 3.675492095947265625e+01 0.000000000000000000e+00
4.390357910156250000e+03 3.858501052856445312e+01 0.000000000000000000e+00
4.391370117187500000e+03 3.417119216918945312e+01 0.000000000000000000e+00
4.392380371093750000e+03 3.118443679809570312e+01 0.000000000000000000e+00
4.393393554687500000e+03 3.119507026672363281e+01 0.000000000000000000e+00
4.394404296875000000e+03 3.273602294921875000e+01 0.000000000000000000e+00
4.395415039062500000e+03 3.385302352905273438e+01 0.000000000000000000e+00
4.396428710937500000e+03 3.278572845458984375e+01 0.000000000000000000e+00
4.397439941406250000e+03 3.006387138366699219e+01 0.000000000000000000e+00
4.398454101562500000e+03 2.615203857421875000e+01 0.000000000000000000e+00
4.399465820312500000e+03 2.110773277282714844e+01 0.000000000000000000e+00
4.400480468750000000e+03 1.969593620300292969e+01 0.000000000000000000e+00
4.401492675781250000e+03 2.285891342163085938e+01 0.000000000000000000e+00
4.402505371093750000e+03 2.155578422546386719e+01 0.000000000000000000e+00
4.403520507812500000e+03 2.217716789245605469e+01 0.000000000000000000e+00
4.404533691406250000e+03 2.696611976623535156e+01 0.000000000000000000e+00
4.405549316406250000e+03 2.320972061157226562e+01 0.000000000000000000e+00
4.406562500000000000e+03 1.418351078033447266e+01 0.000000000000000000e+00
4.407578613281250000e+03 1.074614810943603516e+01 0.000000000000000000e+00
4.408592773437500000e+03 1.063650321960449219e+01 0.000000000000000000e+00
4.409606933593750000e+03 1.575088310241699219e+01 0.000000000000000000e+00
4.410624023437500000e+03 1.905603027343750000e+01 0.000000000000000000e+00
4.411638671875000000e+03 2.088614082336425781e+01 0.000000000000000000e+00
4.412655761718750000e+03 2.182509422302246094e+01 0.000000000000000000e+00
4.413670898437500000e+03 1.952762413024902344e+01 0.000000000000000000e+00
4.414688476562500000e+03 1.277784156799316406e+01 0.000000000000000000e+00
4.415704101562500000e+03 1.210797977447509766e+01 0.000000000000000000e+00
4.416720214843750000e+03 1.665756034851074219e+01 0.000000000000000000e+00
4.417738769531250000e+03 2.037860298156738281e+01 0.000000000000000000e+00
4.418754882812500000e+03 2.092501449584960938e+01 0.000000000000000000e+00
4.419773925781250000e+03 2.001000022888183594e+01 0.000000000000000000e+00
4.420790527343750000e+03 2.041422653198242188e+01 0.000000000000000000e+00
4.421810058593750000e+03 2.421970939636230469e+01 0.000000000000000000e+00
4.422827148437500000e+03 2.282549095153808594e+01 0.000000000000000000e+00
4.423844726562500000e+03 2.007579231262207031e+01 0.000000000000000000e+00
4.424864746093750000e+03 2.096390914916992188e+01 0.000000000000000000e+00
4.425882812500000000e+03 2.320703887939453125e+01 0.000000000000000000e+00
4.426903320312500000e+03 1.944885063171386719e+01 0.000000000000000000e+00
4.427921875000000000e+03 1.882300758361816406e+01 0.000000000000000000e+00
4.428942871093750000e+03 2.022111129760742188e+01 0.000000000000000000e+00
4.429961914062500000e+03 2.207404899597167969e+01 0.000000000000000000e+00
4.430980957031250000e+03 2.132116889953613281e+01 0.000000000000000000e+00
4.432002441406250000e+03 1.845482063293457031e+01 0.000000000000000000e+00
4.433021972656250000e+03 2.019253349304199219e+01 0.000000000000000000e+00
4.434044433593750000e+03 1.937710571289062500e+01 0.000000000000000000e+00
4.435064453125000000e+03 1.855443191528320312e+01 0.000000000000000000e+00
4.436087402343750000e+03 2.003890991210937500e+01 0.000000000000000000e+00
4.437107910156250000e+03 2.078247833251953125e+01 0.000000000000000000e+00
4.438128417968750000e+03 1.850288009643554688e+01 0.000000000000000000e+00
4.439151855468750000e+03 1.817031097412109375e+01 0.000000000000000000e+00
4.440173339843750000e+03 1.881493759155273438e+01 0.000000000000000000e+00
4.441196777343750000e+03 2.214225959777832031e+01 0.000000000000000000e+00
4.442218750000000000e+03 2.082243919372558594e+01 0.000000000000000000e+00
4.443243164062500000e+03 1.768001556396484375e+01 0.000000000000000000e+00
4.444265136718750000e+03 1.980360031127929688e+01 0.000000000000000000e+00
4.445287597656250000e+03 2.239492416381835938e+01 0.000000000000000000e+00
4.446312500000000000e+03 2.113519096374511719e+01 0.000000000000000000e+00
4.447335449218750000e+03 1.933837509155273438e+01 0.000000000000000000e+00
4.448361328125000000e+03 1.854601287841796875e+01 0.000000000000000000e+00
4.449384277343750000e+03 1.956234550476074219e+01 0.000000000000000000e+00
4.450410644531250000e+03 2.155152893066406250e+01 0.000000000000000000e+00
4.451434082031250000e+03 2.139694404602050781e+01 0.000000000000000000e+00
4.452458496093750000e+03 2.158149719238281250e+01 0.000000000000000000e+00
4.453484863281250000e+03 2.296405601501464844e+01 0.000000000000000000e+00
4.454509765625000000e+03 2.196106910705566406e+01 0.000000000000000000e+00
4.455536621093750000e+03 2.095370483398437500e+01 0.000000000000000000e+00
4.456561523437500000e+03 2.285345268249511719e+01 0.000000000000000000e+00
4.457589355468750000e+03 2.231936073303222656e+01 0.000000000000000000e+00
4.458614746093750000e+03 2.296239280700683594e+01 0.000000000000000000e+00
4.459640625000000000e+03 2.071046829223632812e+01 0.000000000000000000e+00
4.460668945312500000e+03 2.224975776672363281e+01 0.000000000000000000e+00
4.461695312500000000e+03 2.481032371520996094e+01 0.000000000000000000e+00
4.462724121093750000e+03 2.261510086059570312e+01 0.000000000000000000e+00
4.463750488281250000e+03 2.258522224426269531e+01 0.000000000000000000e+00
4.464779785156250000e+03 2.110419845581054688e+01 0.000000000000000000e+00
4.465807128906250000e+03 2.241458511352539062e+01 0.000000000000000000e+00
4.466836914062500000e+03 2.236923789978027344e+01 0.000000000000000000e+00
4.467864257812500000e+03 2.234597206115722656e+01 0.000000000000000000e+00
4.468892089843750000e+03 2.450634765625000000e+01 0.000000000000000000e+00
4.469922851562500000e+03 2.210153770446777344e+01 0.000000000000000000e+00
4.470951171875000000e+03 2.289791488647460938e+01 0.000000000000000000e+00
4.471981933593750000e+03 2.321398162841796875e+01 0.000000000000000000e+00
4.473010742187500000e+03 2.281003189086914062e+01 0.000000000000000000e+00
4.474042480468750000e+03 2.320414352416992188e+01 0.000000000000000000e+00
4.475071777343750000e+03 2.353048324584960938e+01 0.000000000000000000e+00
4.476101074218750000e+03 2.031086921691894531e+01 0.000000000000000000e+00
4.477133300781250000e+03 1.907438087463378906e+01 0.000000000000000000e+00
4.478163085937500000e+03 1.868615531921386719e+01 0.000000000000000000e+00
4.479195800781250000e+03 1.777740669250488281e+01 0.000000000000000000e+00
4.480226562500000000e+03 1.706788253784179688e+01 0.000000000000000000e+00
4.481259277343750000e+03 1.764333724975585938e+01 0.000000000000000000e+00
4.482290527343750000e+03 1.807368469238281250e+01 0.000000000000000000e+00
4.483321289062500000e+03 1.612940788269042969e+01 0.000000000000000000e+00
4.484355468750000000e+03 1.614952087402343750e+01 0.000000000000000000e+00
4.485387207031250000e+03 1.604053115844726562e+01 0.000000000000000000e+00
4.486421386718750000e+03 1.520794868469238281e+01 0.000000000000000000e+00
4.487453613281250000e+03 1.512556076049804688e+01 0.000000000000000000e+00
4.488488281250000000e+03 1.495283985137939453e+01 0.000000000000000000e+00
4.489520996093750000e+03 1.476052284240722656e+01 0.000000000000000000e+00
4.490553710937500000e+03 1.603401947021484375e+01 0.000000000000000000e+00
4.491588867187500000e+03 1.460426616668701172e+01 0.000000000000000000e+00
4.492622558593750000e+03 1.382141017913818359e+01 0.000000000000000000e+00
4.493658203125000000e+03 1.667142105102539062e+01 0.000000000000000000e+00
4.494691894531250000e+03 1.359483718872070312e+01 0.000000000000000000e+00
4.495728515625000000e+03 1.391443729400634766e+01 0.000000000000000000e+00
4.496762695312500000e+03 1.564512252807617188e+01 0.000000000000000000e+00
4.497797363281250000e+03 1.740363121032714844e+01 0.000000000000000000e+00
4.498834472656250000e+03 1.559232616424560547e+01 0.000000000000000000e+00
4.499869628906250000e+03 1.106223773956298828e+01 0.000000000000000000e+00
4.500907226562500000e+03 1.471200942993164062e+01 0.000000000000000000e+00
4.501942382812500000e+03 1.686209106445312500e+01 0.000000000000000000e+00
4.502980468750000000e+03 1.278260803222656250e+01 0.000000000000000000e+00
4.504016601562500000e+03 1.295880031585693359e+01 0.000000000000000000e+00
4.505052734375000000e+03 1.614833259582519531e+01 0.000000000000000000e+00
4.506091308593750000e+03 1.389414978027343750e+01 0.000000000000000000e+00
4.507127929687500000e+03 1.149977970123291016e+01 0.000000000000000000e+00
4.508167480468750000e+03 1.308717536926269531e+01 0.000000000000000000e+00
4.509204589843750000e+03 1.348374366760253906e+01 0.000000000000000000e+00
4.510244628906250000e+03 1.246614360809326172e+01 0.000000000000000000e+00
4.511282226562500000e+03 1.186919784545898438e+01 0.000000000000000000e+00
4.512319824218750000e+03 1.285855197906494141e+01 0.000000000000000000e+00
4.513360351562500000e+03 1.412221240997314453e+01 0.000000000000000000e+00
4.514398437500000000e+03 9.828290939331054688e+00 0.000000000000000000e+00
4.515439453125000000e+03 1.215881443023681641e+01 0.000000000000000000e+00
4.516478515625000000e+03 1.243105697631835938e+01 0.000000000000000000e+00
4.517520019531250000e+03 9.878125190734863281e+00 0.000000000000000000e+00
4.518559082031250000e+03 1.184631443023681641e+01 0.000000000000000000e+00
4.519598632812500000e+03 1.373050212860107422e+01 0.000000000000000000e+00
4.520640625000000000e+03 1.125470352172851562e+01 0.000000000000000000e+00
4.521680664062500000e+03 1.126993179321289062e+01 0.000000000000000000e+00
4.522723632812500000e+03 1.328632926940917969e+01 0.000000000000000000e+00
4.523764160156250000e+03 1.348033523559570312e+01 0.000000000000000000e+00
4.524807128906250000e+03 1.097475147247314453e+01 0.000000000000000000e+00
4.525848144531250000e+03 1.077030372619628906e+01 0.000000000000000000e+00
4.526889160156250000e+03 1.369854450225830078e+01 0.000000000000000000e+00
4.527933105468750000e+03 1.140060997009277344e+01 0.000000000000000000e+00
4.528974609375000000e+03 1.120729160308837891e+01 0.000000000000000000e+00
4.530019042968750000e+03 1.217260265350341797e+01 0.000000000000000000e+00
4.531061035156250000e+03 9.241214752197265625e+00 0.000000000000000000e+00
4.532105957031250000e+03 1.119860267639160156e+01 0.000000000000000000e+00
4.533148925781250000e+03 1.026894283294677734e+01 0.000000000000000000e+00
4.534191406250000000e+03 9.126050949096679688e+00 0.000000000000000000e+00
4.535237304687500000e+03 1.161430835723876953e+01 0.000000000000000000e+00
4.536280273437500000e+03 1.466444587707519531e+01 0.000000000000000000e+00
4.537326660156250000e+03 1.364794349670410156e+01 0.000000000000000000e+00
4.538370117187500000e+03 1.257800865173339844e+01 0.000000000000000000e+00
4.539416992187500000e+03 1.254374217987060547e+01 0.000000000000000000e+00
4.540460937500000000e+03 1.246720695495605469e+01 0.000000000000000000e+00
4.541505859375000000e+03 1.107945537567138672e+01 0.000000000000000000e+00
4.542552734375000000e+03 9.959059715270996094e+00 0.000000000000000000e+00
4.543598144531250000e+03 1.029125976562500000e+01 0.000000000000000000e+00
4.544645507812500000e+03 9.221536636352539062e+00 0.000000000000000000e+00
4.545691406250000000e+03 1.273103618621826172e+01 0.000000000000000000e+00
4.546739257812500000e+03 1.113737010955810547e+01 0.000000000000000000e+00
4.547785156250000000e+03 1.009372043609619141e+01 0.000000000000000000e+00
4.548833984375000000e+03 1.052296924591064453e+01 0.000000000000000000e+00
4.549880371093750000e+03 8.997961997985839844e+00 0.000000000000000000e+00
4.550927246093750000e+03 1.117389678955078125e+01 0.000000000000000000e+00
4.551976562500000000e+03 9.617800712585449219e+00 0.000000000000000000e+00
4.553023925781250000e+03 1.027317142486572266e+01 0.000000000000000000e+00
4.554073730468750000e+03 1.167796039581298828e+01 0.000000000000000000e+00
4.555121582031250000e+03 1.189576339721679688e+01 0.000000000000000000e+00
4.556171875000000000e+03 1.166534137725830078e+01 0.000000000000000000e+00
4.557219726562500000e+03 1.127019882202148438e+01 0.000000000000000000e+00
4.558268554687500000e+03 9.176646232604980469e+00 0.000000000000000000e+00
4.559319335937500000e+03 7.280727863311767578e+00 0.000000000000000000e+00
4.560368164062500000e+03 8.129913330078125000e+00 0.000000000000000000e+00
4.561419921875000000e+03 9.921464920043945312e+00 0.000000000000000000e+00
4.562469238281250000e+03 9.718902587890625000e+00 0.000000000000000000e+00
4.563521484375000000e+03 9.629016876220703125e+00 0.000000000000000000e+00
4.564571289062500000e+03 7.052662849426269531e+00 0.000000000000000000e+00
4.565621093750000000e+03 1.025220870971679688e+01 0.000000000000000000e+00
4.566674316406250000e+03 1.205272674560546875e+01 0.000000000000000000e+00
4.567724609375000000e+03 1.040893363952636719e+01 0.000000000000000000e+00
4.568777832031250000e+03 1.052931880950927734e+01 0.000000000000000000e+00
4.569829101562500000e+03 1.075413322448730469e+01 0.000000000000000000e+00
4.570882812500000000e+03 8.982172966003417969e+00 0.000000000000000000e+00
4.571934570312500000e+03 9.603223800659179688e+00 0.000000000000000000e+00
4.572986328125000000e+03 9.582534790039062500e+00 0.000000000000000000e+00
4.574040527343750000e+03 9.409384727478027344e+00 0.000000000000000000e+00
4.575092773437500000e+03 1.157916450500488281e+01 0.000000000000000000e+00
4.576147949218750000e+03 1.089647197723388672e+01 0.000000000000000000e+00
4.577200683593750000e+03 9.183180809020996094e+00 0.000000000000000000e+00
4.578255859375000000e+03 8.685647964477539062e+00 0.000000000000000000e+00
4.579309082031250000e+03 8.861093521118164062e+00 0.000000000000000000e+00
4.580362792968750000e+03 9.461838722229003906e+00 0.000000000000000000e+00
4.581418945312500000e+03 1.041817188262939453e+01 0.000000000000000000e+00
4.582473144531250000e+03 9.960893630981445312e+00 0.000000000000000000e+00
4.583529785156250000e+03 9.295148849487304688e+00 0.000000000000000000e+00
4.584583984375000000e+03 8.760639190673828125e+00 0.000000000000000000e+00
4.585641113281250000e+03 9.838799476623535156e+00 0.000000000000000000e+00
4.586696289062500000e+03 1.100061988830566406e+01 0.000000000000000000e+00
4.587751464843750000e+03 9.930280685424804688e+00 0.000000000000000000e+00
4.588809082031250000e+03 9.652336120605468750e+00 0.000000000000000000e+00
4.589864746093750000e+03 1.126359081268310547e+01 0.000000000000000000e+00
4.590923339843750000e+03 9.930394172668457031e+00 0.000000000000000000e+00
4.591979492187500000e+03 8.682760238647460938e+00 0.000000000000000000e+00
4.593038574218750000e+03 8.754020690917968750e+00 0.000000000000000000e+00
4.594095214843750000e+03 8.046894073486328125e+00 0.000000000000000000e+00
4.595151855468750000e+03 7.749886035919189453e+00 0.000000000000000000e+00
4.596211425781250000e+03 9.176939010620117188e+00 0.000000000000000000e+00
4.597269042968750000e+03 7.730232715606689453e+00 0.000000000000000000e+00
4.598329101562500000e+03 7.007343292236328125e+00 0.000000000000000000e+00
4.599386718750000000e+03 8.438323974609375000e+00 0.000000000000000000e+00
4.600447265625000000e+03 9.593635559082031250e+00 0.000000000000000000e+00
4.601505859375000000e+03 1.079119205474853516e+01 0.000000000000000000e+00
4.602564453125000000e+03 1.023883628845214844e+01 0.000000000000000000e+00
4.603625488281250000e+03 1.014489173889160156e+01 0.000000000000000000e+00
4.604684570312500000e+03 8.881608009338378906e+00 0.000000000000000000e+00
4.605746582031250000e+03 7.710792541503906250e+00 0.000000000000000000e+00
4.606806152343750000e+03 9.110127449035644531e+00 0.000000000000000000e+00
4.607868652343750000e+03 9.176296234130859375e+00 0.000000000000000000e+00
4.608928222656250000e+03 8.748064994812011719e+00 0.000000000000000000e+00
4.609988769531250000e+03 9.028803825378417969e+00 0.000000000000000000e+00
4.611051757812500000e+03 8.748079299926757812e+00 0.000000000000000000e+00
4.612112792968750000e+03 8.026402473449707031e+00 0.000000000000000000e+00
4.613176269531250000e+03 8.191953659057617188e+00 0.000000000000000000e+00
4.614237304687500000e+03 8.492241859436035156e+00 0.000000000000000000e+00
4.615301269531250000e+03 9.269402503967285156e+00 0.000000000000000000e+00
4.616363281250000000e+03 8.021924972534179688e+00 0.000000000000000000e+00
4.617425292968750000e+03 7.340088367462158203e+00 0.000000000000000000e+00
4.618489746093750000e+03 9.022282600402832031e+00 0.000000000000000000e+00
4.619552246093750000e+03 1.068132209777832031e+01 0.000000000000000000e+00
4.620617675781250000e+03 8.650932312011718750e+00 0.000000000000000000e+00
4.621680664062500000e+03 9.022889137268066406e+00 0.000000000000000000e+00
4.622746582031250000e+03 1.083330535888671875e+01 0.000000000000000000e+00
4.623809570312500000e+03 8.920233726501464844e+00 0.000000000000000000e+00
4.624873535156250000e+03 6.694086551666259766e+00 0.000000000000000000e+00
4.625939941406250000e+03 9.635869026184082031e+00 0.000000000000000000e+00
4.627004394531250000e+03 9.176687240600585938e+00 0.000000000000000000e+00
4.628071289062500000e+03 1.155495071411132812e+01 0.000000000000000000e+00
4.629135742187500000e+03 9.443342208862304688e+00 0.000000000000000000e+00
4.630203125000000000e+03 6.418861389160156250e+00 0.000000000000000000e+00
4.631268554687500000e+03 7.422010898590087891e+00 0.000000000000000000e+00
4.632336425781250000e+03 1.028355598449707031e+01 0.000000000000000000e+00
4.633402343750000000e+03 7.713426589965820312e+00 0.000000000000000000e+00
4.634467773437500000e+03 7.223273754119873047e+00 0.000000000000000000e+00
4.635536621093750000e+03 8.909303665161132812e+00 0.000000000000000000e+00
4.636603027343750000e+03 9.854452133178710938e+00 0.000000000000000000e+00
4.637672363281250000e+03 9.454596519470214844e+00 0.000000000000000000e+00
4.638739257812500000e+03 8.863826751708984375e+00 0.000000000000000000e+00
4.639809082031250000e+03 7.725518226623535156e+00 0.000000000000000000e+00
4.640876464843750000e+03 9.786764144897460938e+00 0.000000000000000000e+00
4.641943847656250000e+03 1.104196548461914062e+01 0.000000000000000000e+00
4.643014160156250000e+03 1.087801361083984375e+01 0.000000000000000000e+00
4.644082519531250000e+03 9.817122459411621094e+00 0.000000000000000000e+00
4.645153320312500000e+03 8.530853271484375000e+00 0.000000000000000000e+00
4.646222167968750000e+03 9.124555587768554688e+00 0.000000000000000000e+00
4.647293457031250000e+03 9.679159164428710938e+00 0.000000000000000000e+00
4.648362304687500000e+03 1.011042976379394531e+01 0.000000000000000000e+00
4.649431640625000000e+03 9.492856025695800781e+00 0.000000000000000000e+00
4.650503906250000000e+03 8.964580535888671875e+00 0.000000000000000000e+00
4.651573730468750000e+03 9.658251762390136719e+00 0.000000000000000000e+00
4.652646484375000000e+03 7.958816051483154297e+00 0.000000000000000000e+00
4.653716796875000000e+03 7.361732959747314453e+00 0.000000000000000000e+00
4.654790039062500000e+03 7.953504085540771484e+00 0.000000000000000000e+00
4.655860839843750000e+03 8.495402336120605469e+00 0.000000000000000000e+00
4.656931640625000000e+03 8.517174720764160156e+00 0.000000000000000000e+00
4.658005859375000000e+03 8.829380989074707031e+00 0.000000000000000000e+00
4.659077148437500000e+03 1.025709438323974609e+01 0.000000000000000000e+00
4.660151855468750000e+03 1.017271327972412109e+01 0.000000000000000000e+00
4.661223632812500000e+03 9.548118591308593750e+00 0.000000000000000000e+00
4.662298339843750000e+03 8.745619773864746094e+00 0.000000000000000000e+00
4.663371093750000000e+03 8.438236236572265625e+00 0.000000000000000000e+00
4.664443847656250000e+03 9.070932388305664062e+00 0.000000000000000000e+00
4.665519531250000000e+03 8.937141418457031250e+00 0.000000000000000000e+00
4.666592773437500000e+03 9.095887184143066406e+00 0.000000000000000000e+00
4.667668945312500000e+03 8.216089248657226562e+00 0.000000000000000000e+00
4.668742675781250000e+03 7.845822334289550781e+00 0.000000000000000000e+00
4.669819335937500000e+03 9.553524971008300781e+00 0.000000000000000000e+00
4.670893554687500000e+03 1.101436901092529297e+01 0.000000000000000000e+00
4.671968261718750000e+03 7.070337772369384766e+00 0.000000000000000000e+00
4.673045410156250000e+03 9.710047721862792969e+00 0.000000000000000000e+00
4.674120605468750000e+03 9.419314384460449219e+00 0.000000000000000000e+00
4.675198242187500000e+03 9.009851455688476562e+00 0.000000000000000000e+00
4.676273925781250000e+03 1.082385635375976562e+01 0.000000000000000000e+00
4.677352050781250000e+03 1.102479362487792969e+01 0.000000000000000000e+00
4.678428222656250000e+03 9.387845993041992188e+00 0.000000000000000000e+00
4.679504394531250000e+03 9.190032958984375000e+00 0.000000000000000000e+00
4.680583496093750000e+03 1.041792297363281250e+01 0.000000000000000000e+00
4.681660156250000000e+03 1.028043174743652344e+01 0.000000000000000000e+00
4.682739746093750000e+03 8.710419654846191406e+00 0.000000000000000000e+00
4.683817382812500000e+03 8.605049133300781250e+00 0.000000000000000000e+00
4.684897460937500000e+03 1.011475944519042969e+01 0.000000000000000000e+00
4.685975097656250000e+03 8.769663810729980469e+00 0.000000000000000000e+00
4.687053222656250000e+03 1.023803138732910156e+01 0.000000000000000000e+00
4.688133789062500000e+03 1.092780303955078125e+01 0.000000000000000000e+00
4.689212402343750000e+03 9.479068756103515625e+00 0.000000000000000000e+00
4.690293457031250000e+03 1.011258316040039062e+01 0.000000000000000000e+00
4.691372558593750000e+03 1.214871692657470703e+01 0.000000000000000000e+00
4.692454589843750000e+03 9.604258537292480469e+00 0.000000000000000000e+00
4.693534179687500000e+03 9.244173049926757812e+00 0.000000000000000000e+00
4.694613769531250000e+03 1.080302906036376953e+01 0.000000000000000000e+00
4.695696289062500000e+03 1.063165092468261719e+01 0.000000000000000000e+00
4.696776367187500000e+03 8.408118247985839844e+00 0.000000000000000000e+00
4.697859375000000000e+03 9.277183532714843750e+00 0.000000000000000000e+00
4.698940429687500000e+03 1.012130546569824219e+01 0.000000000000000000e+00
4.700023925781250000e+03 9.212733268737792969e+00 0.000000000000000000e+00
4.701104980468750000e+03 9.462703704833984375e+00 0.000000000000000000e+00
4.702186523437500000e+03 9.934485435485839844e+00 0.000000000000000000e+00
4.703270996093750000e+03 7.430007934570312500e+00 0.000000000000000000e+00
4.704353027343750000e+03 6.873739242553710938e+00 0.000000000000000000e+00
4.705437500000000000e+03 7.018303394317626953e+00 0.000000000000000000e+00
4.706520019531250000e+03 8.337687492370605469e+00 0.000000000000000000e+00
4.707605468750000000e+03 9.423116683959960938e+00 0.000000000000000000e+00
4.708688476562500000e+03 9.518057823181152344e+00 0.000000000000000000e+00
4.709771972656250000e+03 9.566285133361816406e+00 0.000000000000000000e+00
4.710857910156250000e+03 1.011756896972656250e+01 0.000000000000000000e+00
4.711941406250000000e+03 9.663513183593750000e+00 0.000000000000000000e+00
4.713028320312500000e+03 9.622996330261230469e+00 0.000000000000000000e+00
4.714112304687500000e+03 9.554292678833007812e+00 0.000000000000000000e+00
4.715199218750000000e+03 9.482221603393554688e+00 0.000000000000000000e+00
4.716284179687500000e+03 9.672166824340820312e+00 0.000000000000000000e+00
4.717371582031250000e+03 8.106290817260742188e+00 0.000000000000000000e+00
4.718457031250000000e+03 9.188249588012695312e+00 0.000000000000000000e+00
4.719542480468750000e+03 9.670694351196289062e+00 0.000000000000000000e+00
4.720630859375000000e+03 8.988356590270996094e+00 0.000000000000000000e+00
4.721716796875000000e+03 8.829471588134765625e+00 0.000000000000000000e+00
4.722805664062500000e+03 9.781979560852050781e+00 0.000000000000000000e+00
4.723892089843750000e+03 9.195708274841308594e+00 0.000000000000000000e+00
4.724981445312500000e+03 8.947606086730957031e+00 0.000000000000000000e+00
4.726068359375000000e+03 8.057069778442382812e+00 0.000000000000000000e+00
4.727155273437500000e+03 8.664529800415039062e+00 0.000000000000000000e+00
4.728245605468750000e+03 9.793568611145019531e+00 0.000000000000000000e+00
4.729333496093750000e+03 8.642590522766113281e+00 0.000000000000000000e+00
4.730423828125000000e+03 9.376500129699707031e+00 0.000000000000000000e+00
4.731512207031250000e+03 7.561341285705566406e+00 0.000000000000000000e+00
4.732603027343750000e+03 9.553909301757812500e+00 0.000000000000000000e+00
4.733691894531250000e+03 9.890539169311523438e+00 0.000000000000000000e+00
4.734780761718750000e+03 7.673927307128906250e+00 0.000000000000000000e+00
4.735872558593750000e+03 9.322334289550781250e+00 0.000000000000000000e+00
4.736962402343750000e+03 1.029818058013916016e+01 0.000000000000000000e+00
4.738054687500000000e+03 8.406425476074218750e+00 0.000000000000000000e+00
4.739144531250000000e+03 7.527230739593505859e+00 0.000000000000000000e+00
4.740237304687500000e+03 7.480390071868896484e+00 0.000000000000000000e+00
4.741327636718750000e+03 7.120504856109619141e+00 0.000000000000000000e+00
4.742418457031250000e+03 7.086122989654541016e+00 0.000000000000000000e+00
4.743512207031250000e+03 8.173187255859375000e+00 0.000000000000000000e+00
4.744603515625000000e+03 7.273709297180175781e+00 0.000000000000000000e+00
4.745697265625000000e+03 8.924328804016113281e+00 0.000000000000000000e+00
4.746789062500000000e+03 9.827953338623046875e+00 0.000000000000000000e+00
4.747883789062500000e+03 7.379935264587402344e+00 0.000000000000000000e+00
4.748976074218750000e+03 5.567166328430175781e+00 0.000000000000000000e+00
4.750068359375000000e+03 9.225860595703125000e+00 0.000000000000000000e+00
4.751164062500000000e+03 8.886943817138671875e+00 0.000000000000000000e+00
4.752256835937500000e+03 8.141203880310058594e+00 0.000000000000000000e+00
4.753352539062500000e+03 8.561520576477050781e+00 0.000000000000000000e+00
4.754446289062500000e+03 8.893177032470703125e+00 0.000000000000000000e+00
4.755542480468750000e+03 8.074707031250000000e+00 0.000000000000000000e+00
4.756636718750000000e+03 7.360658168792724609e+00 0.000000000000000000e+00
4.757730957031250000e+03 7.021667480468750000e+00 0.000000000000000000e+00
4.758828125000000000e+03 6.626459598541259766e+00 0.000000000000000000e+00
4.759922851562500000e+03 6.771594047546386719e+00 0.000000000000000000e+00
4.761020507812500000e+03 7.309382915496826172e+00 0.000000000000000000e+00
4.762115722656250000e+03 7.445676803588867188e+00 0.000000000000000000e+00
4.763213867187500000e+03 8.177105903625488281e+00 0.000000000000000000e+00
4.764309570312500000e+03 8.798195838928222656e+00 0.000000000000000000e+00
4.765405761718750000e+03 7.010816574096679688e+00 0.000000000000000000e+00
4.766504394531250000e+03 8.039036750793457031e+00 0.000000000000000000e+00
4.767601074218750000e+03 1.070080852508544922e+01 0.000000000000000000e+00
4.768700195312500000e+03 8.519177436828613281e+00 0.000000000000000000e+00
4.769797363281250000e+03 8.972773551940917969e+00 0.000000000000000000e+00
4.770897460937500000e+03 8.215918540954589844e+00 0.000000000000000000e+00
4.771995117187500000e+03 8.491955757141113281e+00 0.000000000000000000e+00
4.773092773437500000e+03 8.653717994689941406e+00 0.000000000000000000e+00
4.774193359375000000e+03 7.765404224395751953e+00 0.000000000000000000e+00
4.775291503906250000e+03 7.365921974182128906e+00 0.000000000000000000e+00
4.776392578125000000e+03 7.776686191558837891e+00 0.000000000000000000e+00
4.777491699218750000e+03 6.149769306182861328e+00 0.000000000000000000e+00
4.778593261718750000e+03 5.027461528778076172e+00 0.000000000000000000e+00
4.779692382812500000e+03 4.533778667449951172e+00 0.000000000000000000e+00
4.780791992187500000e+03 5.351159572601318359e+00 0.000000000000000000e+00
4.781894531250000000e+03 7.980815410614013672e+00 0.000000000000000000e+00
4.782994628906250000e+03 7.448104381561279297e+00 0.000000000000000000e+00
4.784097656250000000e+03 9.814049720764160156e+00 0.000000000000000000e+00
4.785198242187500000e+03 8.877370834350585938e+00 0.000000000000000000e+00
4.786301757812500000e+03 7.035712718963623047e+00 0.000000000000000000e+00
4.787402832031250000e+03 7.345073699951171875e+00 0.000000000000000000e+00
4.788503906250000000e+03 7.757133483886718750e+00 0.000000000000000000e+00
4.789608398437500000e+03 6.889543533325195312e+00 0.000000000000000000e+00
4.790709960937500000e+03 6.850451946258544922e+00 0.000000000000000000e+00
4.791814941406250000e+03 8.110079765319824219e+00 0.000000000000000000e+00
4.792916992187500000e+03 8.404595375061035156e+00 0.000000000000000000e+00
4.794022460937500000e+03 7.609494686126708984e+00 0.000000000000000000e+00
4.795125488281250000e+03 8.067230224609375000e+00 0.000000000000000000e+00
4.796228515625000000e+03 8.552229881286621094e+00 0.000000000000000000e+00
4.797334472656250000e+03 7.460634231567382812e+00 0.000000000000000000e+00
4.798437988281250000e+03 8.384888648986816406e+00 0.000000000000000000e+00
4.799544433593750000e+03 8.574969291687011719e+00 0.000000000000000000e+00
4.800648925781250000e+03 7.071085453033447266e+00 0.000000000000000000e+00
4.801755859375000000e+03 7.227960109710693359e+00 0.000000000000000000e+00
4.802860351562500000e+03 7.468206405639648438e+00 0.000000000000000000e+00
4.803967773437500000e+03 6.673681259155273438e+00 0.000000000000000000e+00
4.805073242187500000e+03 6.128112792968750000e+00 0.000000000000000000e+00
4.806178222656250000e+03 6.835968494415283203e+00 0.000000000000000000e+00
4.807286621093750000e+03 8.082282066345214844e+00 0.000000000000000000e+00
4.808392578125000000e+03 8.318614959716796875e+00 0.000000000000000000e+00
4.809501464843750000e+03 8.235264778137207031e+00 0.000000000000000000e+00
4.810607910156250000e+03 8.733734130859375000e+00 0.000000000000000000e+00
4.811717285156250000e+03 8.069263458251953125e+00 0.000000000000000000e+00
4.812824218750000000e+03 8.279556274414062500e+00 0.000000000000000000e+00
4.813931152343750000e+03 9.487654685974121094e+00 0.000000000000000000e+00
4.815041503906250000e+03 8.832100868225097656e+00 0.000000000000000000e+00
4.816148925781250000e+03 8.116802215576171875e+00 0.000000000000000000e+00
4.817259765625000000e+03 8.277104377746582031e+00 0.000000000000000000e+00
4.818367675781250000e+03 7.400818824768066406e+00 0.000000000000000000e+00
4.819479003906250000e+03 7.169707298278808594e+00 0.000000000000000000e+00
4.820587890625000000e+03 7.767460346221923828e+00 0.000000000000000000e+00
4.821696777343750000e+03 7.310521602630615234e+00 0.000000000000000000e+00
4.822808593750000000e+03 8.617064476013183594e+00 0.000000000000000000e+00
4.823917968750000000e+03 7.282841205596923828e+00 0.000000000000000000e+00
4.825030273437500000e+03 8.196652412414550781e+00 0.000000000000000000e+00
4.826140136718750000e+03 7.956231117248535156e+00 0.000000000000000000e+00
4.827253417968750000e+03 6.014136791229248047e+00 0.000000000000000000e+00
4.828363769531250000e+03 7.748552322387695312e+00 0.000000000000000000e+00
4.829474609375000000e+03 9.031265258789062500e+00 0.000000000000000000e+00
4.830588378906250000e+03 8.368059158325195312e+00 0.000000000000000000e+00
4.831699707031250000e+03 8.371253013610839844e+00 0.000000000000000000e+00
4.832813476562500000e+03 9.020106315612792969e+00 0.000000000000000000e+00
4.833925292968750000e+03 8.645236968994140625e+00 0.000000000000000000e+00
4.835040039062500000e+03 7.341056346893310547e+00 0.000000000000000000e+00
4.836152343750000000e+03 8.941595077514648438e+00 0.000000000000000000e+00
4.837265136718750000e+03 9.107266426086425781e+00 0.000000000000000000e+00
4.838380371093750000e+03 8.992721557617187500e+00 0.000000000000000000e+00
4.839493652343750000e+03 7.946426391601562500e+00 0.000000000000000000e+00
4.840609375000000000e+03 6.939978122711181641e+00 0.000000000000000000e+00
4.841723144531250000e+03 8.602737426757812500e+00 0.000000000000000000e+00
4.842839355468750000e+03 9.301990509033203125e+00 0.000000000000000000e+00
4.843953613281250000e+03 6.910948753356933594e+00 0.000000000000000000e+00
4.845067871093750000e+03 7.572824001312255859e+00 0.000000000000000000e+00
4.846185058593750000e+03 8.268869400024414062e+00 0.000000000000000000e+00
4.847300292968750000e+03 7.182131767272949219e+00 0.000000000000000000e+00
4.848417968750000000e+03 7.961286544799804688e+00 0.000000000000000000e+00
4.849533203125000000e+03 7.548336029052734375e+00 0.000000000000000000e+00
4.850651367187500000e+03 7.356177330017089844e+00 0.000000000000000000e+00
4.851767578125000000e+03 8.083037376403808594e+00 0.000000000000000000e+00
4.852883789062500000e+03 8.295085906982421875e+00 0.000000000000000000e+00
4.854002441406250000e+03 7.444126129150390625e+00 0.000000000000000000e+00
4.855119140625000000e+03 6.797959327697753906e+00 0.000000000000000000e+00
4.856238769531250000e+03 6.609710693359375000e+00 0.000000000000000000e+00
4.857355957031250000e+03 7.921465396881103516e+00 0.000000000000000000e+00
4.858476074218750000e+03 7.629617691040039062e+00 0.000000000000000000e+00
4.859593750000000000e+03 7.475370407104492188e+00 0.000000000000000000e+00
4.860711914062500000e+03 8.494626045227050781e+00 0.000000000000000000e+00
4.861832519531250000e+03 8.315083503723144531e+00 0.000000000000000000e+00
4.862951171875000000e+03 7.800031185150146484e+00 0.000000000000000000e+00
4.864072265625000000e+03 9.019970893859863281e+00 0.000000000000000000e+00
4.865191406250000000e+03 8.769788742065429688e+00 0.000000000000000000e+00
4.866313476562500000e+03 8.549173355102539062e+00 0.000000000000000000e+00
4.867432617187500000e+03 8.814216613769531250e+00 0.000000000000000000e+00
4.868552734375000000e+03 7.560963630676269531e+00 0.000000000000000000e+00
4.869675292968750000e+03 8.884402275085449219e+00 0.000000000000000000e+00
4.870795410156250000e+03 8.299774169921875000e+00 0.000000000000000000e+00
4.871918945312500000e+03 6.595691204071044922e+00 0.000000000000000000e+00
4.873039550781250000e+03 7.778880119323730469e+00 0.000000000000000000e+00
4.874163085937500000e+03 9.768802642822265625e+00 0.000000000000000000e+00
4.875284667968750000e+03 6.866229057312011719e+00 0.000000000000000000e+00
4.876406250000000000e+03 7.470405578613281250e+00 0.000000000000000000e+00
4.877530761718750000e+03 9.118118286132812500e+00 0.000000000000000000e+00
4.878652832031250000e+03 7.599833488464355469e+00 0.000000000000000000e+00
4.879777832031250000e+03 6.596919536590576172e+00 0.000000000000000000e+00
4.880900390625000000e+03 7.751491546630859375e+00 0.000000000000000000e+00
4.882025878906250000e+03 7.067595481872558594e+00 0.000000000000000000e+00
4.883148925781250000e+03 6.805319309234619141e+00 0.000000000000000000e+00
4.884271972656250000e+03 9.163365364074707031e+00 0.000000000000000000e+00
4.885398437500000000e+03 7.581751823425292969e+00 0.000000000000000000e+00
4.886522460937500000e+03 6.268576622009277344e+00 0.000000000000000000e+00
4.887649414062500000e+03 8.614453315734863281e+00 0.000000000000000000e+00
4.888773437500000000e+03 9.167897224426269531e+00 0.000000000000000000e+00
4.889900878906250000e+03 5.567293167114257812e+00 0.000000000000000000e+00
4.891025878906250000e+03 6.668667316436767578e+00 0.000000000000000000e+00
4.892153808593750000e+03 7.203340053558349609e+00 0.000000000000000000e+00
4.893279296875000000e+03 7.904927730560302734e+00 0.000000000000000000e+00
4.894404785156250000e+03 9.744595527648925781e+00 0.000000000000000000e+00
4.895533691406250000e+03 9.084518432617187500e+00 0.000000000000000000e+00
4.896659667968750000e+03 6.891684532165527344e+00 0.000000000000000000e+00
4.897789062500000000e+03 7.059718608856201172e+00 0.000000000000000000e+00
4.898915527343750000e+03 8.078771591186523438e+00 0.000000000000000000e+00
4.900045410156250000e+03 8.614078521728515625e+00 0.000000000000000000e+00
4.901172363281250000e+03 7.916484832763671875e+00 0.000000000000000000e+00
4.902299804687500000e+03 6.650157451629638672e+00 0.000000000000000000e+00
4.903430664062500000e+03 8.791672706604003906e+00 0.000000000000000000e+00
4.904558593750000000e+03 6.922331809997558594e+00 0.000000000000000000e+00
4.905689453125000000e+03 7.040856361389160156e+00 0.000000000000000000e+00
4.906817871093750000e+03 7.374365329742431641e+00 0.000000000000000000e+00
4.907949707031250000e+03 6.991798877716064453e+00 0.000000000000000000e+00
4.909078613281250000e+03 9.505042076110839844e+00 0.000000000000000000e+00
4.910208007812500000e+03 7.891325950622558594e+00 0.000000000000000000e+00
4.911340332031250000e+03 8.552190780639648438e+00 0.000000000000000000e+00
4.912470214843750000e+03 9.186792373657226562e+00 0.000000000000000000e+00
4.913603027343750000e+03 8.308245658874511719e+00 0.000000000000000000e+00
4.914733398437500000e+03 7.691491127014160156e+00 0.000000000000000000e+00
4.915866699218750000e+03 8.741690635681152344e+00 0.000000000000000000e+00
4.916997558593750000e+03 6.714899063110351562e+00 0.000000000000000000e+00
4.918128417968750000e+03 7.110950469970703125e+00 0.000000000000000000e+00
4.919262695312500000e+03 7.709483146667480469e+00 0.000000000000000000e+00
4.920394531250000000e+03 7.784579277038574219e+00 0.000000000000000000e+00
4.921528808593750000e+03 8.042746543884277344e+00 0.000000000000000000e+00
4.922661132812500000e+03 8.821229934692382812e+00 0.000000000000000000e+00
4.923796386718750000e+03 1.044187068939208984e+01 0.000000000000000000e+00
4.924929199218750000e+03 9.023971557617187500e+00 0.000000000000000000e+00
4.926062011718750000e+03 7.745748519897460938e+00 0.000000000000000000e+00
4.927197753906250000e+03 7.109877109527587891e+00 0.000000000000000000e+00
4.928331542968750000e+03 7.470567703247070312e+00 0.000000000000000000e+00
4.929467773437500000e+03 9.512020111083984375e+00 0.000000000000000000e+00
4.930602050781250000e+03 7.359982490539550781e+00 0.000000000000000000e+00
4.931738769531250000e+03 6.312211990356445312e+00 0.000000000000000000e+00
4.932873535156250000e+03 7.570422172546386719e+00 0.000000000000000000e+00
4.934008300781250000e+03 7.759446620941162109e+00 0.000000000000000000e+00
4.935145996093750000e+03 6.534497737884521484e+00 0.000000000000000000e+00
4.936281250000000000e+03 7.915368556976318359e+00 0.000000000000000000e+00
4.937419433593750000e+03 9.286187171936035156e+00 0.000000000000000000e+00
4.938555664062500000e+03 8.178751945495605469e+00 0.000000000000000000e+00
4.939694335937500000e+03 8.691719055175781250e+00 0.000000000000000000e+00
4.940830566406250000e+03 7.373420238494873047e+00 0.000000000000000000e+00
4.941967285156250000e+03 5.157454013824462891e+00 0.000000000000000000e+00
4.943106933593750000e+03 8.853073120117187500e+00 0.000000000000000000e+00
4.944244140625000000e+03 6.993899822235107422e+00 0.000000000000000000e+00
4.945384277343750000e+03 8.211697578430175781e+00 0.000000000000000000e+00
4.946521972656250000e+03 7.928320884704589844e+00 0.000000000000000000e+00
4.947662597656250000e+03 7.111787319183349609e+00 0.000000000000000000e+00
4.948800781250000000e+03 7.764346122741699219e+00 0.000000000000000000e+00
4.949939453125000000e+03 7.811996936798095703e+00 0.000000000000000000e+00
4.951080566406250000e+03 8.923451423645019531e+00 0.000000000000000000e+00
4.952219726562500000e+03 9.650290489196777344e+00 0.000000000000000000e+00
4.953361816406250000e+03 8.685749053955078125e+00 0.000000000000000000e+00
4.954500976562500000e+03 8.175643920898437500e+00 0.000000000000000000e+00
4.955643554687500000e+03 8.588860511779785156e+00 0.000000000000000000e+00
4.956783691406250000e+03 7.826992988586425781e+00 0.000000000000000000e+00
4.957923828125000000e+03 9.431436538696289062e+00 0.000000000000000000e+00
4.959067382812500000e+03 7.291597843170166016e+00 0.000000000000000000e+00
4.960208007812500000e+03 7.477284908294677734e+00 0.000000000000000000e+00
4.961352050781250000e+03 8.295326232910156250e+00 0.000000000000000000e+00
4.962493164062500000e+03 7.553367137908935547e+00 0.000000000000000000e+00
4.963637695312500000e+03 8.350673675537109375e+00 0.000000000000000000e+00
4.964779296875000000e+03 7.315965175628662109e+00 0.000000000000000000e+00
4.965921386718750000e+03 8.789666175842285156e+00 0.000000000000000000e+00
4.967066894531250000e+03 8.886488914489746094e+00 0.000000000000000000e+00
4.968209472656250000e+03 8.117624282836914062e+00 0.000000000000000000e+00
4.969354980468750000e+03 9.002563476562500000e+00 0.000000000000000000e+00
4.970498046875000000e+03 1.064901351928710938e+01 0.000000000000000000e+00
4.971644531250000000e+03 9.214668273925781250e+00 0.000000000000000000e+00
4.972788085937500000e+03 6.908413887023925781e+00 0.000000000000000000e+00
4.973932128906250000e+03 7.751326560974121094e+00 0.000000000000000000e+00
4.975079101562500000e+03 8.350887298583984375e+00 0.000000000000000000e+00
4.976223632812500000e+03 7.320212364196777344e+00 0.000000000000000000e+00
4.977371093750000000e+03 9.174561500549316406e+00 0.000000000000000000e+00
4.978516113281250000e+03 9.616774559020996094e+00 0.000000000000000000e+00
4.979664062500000000e+03 9.688110351562500000e+00 0.000000000000000000e+00
4.980809570312500000e+03 9.181959152221679688e+00 0.000000000000000000e+00
4.981958496093750000e+03 8.336324691772460938e+00 0.000000000000000000e+00
4.983104492187500000e+03 8.113591194152832031e+00 0.000000000000000000e+00
4.984250976562500000e+03 9.107293128967285156e+00 0.000000000000000000e+00
4.985400390625000000e+03 9.794410705566406250e+00 0.000000000000000000e+00
4.986546875000000000e+03 1.009755420684814453e+01 0.000000000000000000e+00
4.987696777343750000e+03 9.087233543395996094e+00 0.000000000000000000e+00
4.988844238281250000e+03 9.279990196228027344e+00 0.000000000000000000e+00
4.989994628906250000e+03 1.068871116638183594e+01 0.000000000000000000e+00
4.991142578125000000e+03 9.138903617858886719e+00 0.000000000000000000e+00
4.992291015625000000e+03 8.181880950927734375e+00 0.000000000000000000e+00
4.993441894531250000e+03 9.773833274841308594e+00 0.000000000000000000e+00
4.994590820312500000e+03 9.650436401367187500e+00 0.000000000000000000e+00
4.995742675781250000e+03 8.822601318359375000e+00 0.000000000000000000e+00
4.996892089843750000e+03 9.114426612854003906e+00 0.000000000000000000e+00
4.998043945312500000e+03 8.659566879272460938e+00 0.000000000000000000e+00
4.999193847656250000e+03 7.970551490783691406e+00 0.000000000000000000e+00
5.000343750000000000e+03 9.235707283020019531e+00 0.000000000000000000e+00
5.001497070312500000e+03 8.550974845886230469e+00 0.000000000000000000e+00
5.002647460937500000e+03 7.677698135375976562e+00 0.000000000000000000e+00
5.003801269531250000e+03 8.952804565429687500e+00 0.000000000000000000e+00
5.004952148437500000e+03 9.849591255187988281e+00 0.000000000000000000e+00
5.006106445312500000e+03 9.354019165039062500e+00 0.000000000000000000e+00
5.007258300781250000e+03 1.038392829895019531e+01 0.000000000000000000e+00
5.008410156250000000e+03 1.028285408020019531e+01 0.000000000000000000e+00
5.009564941406250000e+03 1.005970096588134766e+01 0.000000000000000000e+00
5.010717285156250000e+03 1.091299343109130859e+01 0.000000000000000000e+00
5.011873046875000000e+03 1.050085639953613281e+01 0.000000000000000000e+00
5.013025878906250000e+03 8.689513206481933594e+00 0.000000000000000000e+00
5.014181640625000000e+03 8.541069030761718750e+00 0.000000000000000000e+00
5.015335449218750000e+03 8.152705192565917969e+00 0.000000000000000000e+00
5.016489257812500000e+03 9.121953010559082031e+00 0.000000000000000000e+00
5.017645996093750000e+03 1.075781822204589844e+01 0.000000000000000000e+00
5.018800292968750000e+03 8.839468955993652344e+00 0.000000000000000000e+00
5.019957519531250000e+03 1.075613403320312500e+01 0.000000000000000000e+00
5.021112304687500000e+03 9.302672386169433594e+00 0.000000000000000000e+00
5.022270019531250000e+03 8.873532295227050781e+00 0.000000000000000000e+00
5.023425781250000000e+03 9.944260597229003906e+00 0.000000000000000000e+00
5.024581054687500000e+03 1.019943428039550781e+01 0.000000000000000000e+00
5.025739746093750000e+03 9.753166198730468750e+00 0.000000000000000000e+00
5.026895996093750000e+03 9.533175468444824219e+00 0.000000000000000000e+00
5.028055175781250000e+03 9.810528755187988281e+00 0.000000000000000000e+00
5.029211914062500000e+03 8.700526237487792969e+00 0.000000000000000000e+00
5.030371582031250000e+03 8.903761863708496094e+00 0.000000000000000000e+00
5.031528808593750000e+03 1.076346111297607422e+01 0.000000000000000000e+00
5.032686523437500000e+03 9.605807304382324219e+00 0.000000000000000000e+00
5.033847167968750000e+03 9.974379539489746094e+00 0.000000000000000000e+00
5.035004882812500000e+03 9.166304588317871094e+00 0.000000000000000000e+00
5.036166015625000000e+03 8.444200515747070312e+00 0.000000000000000000e+00
5.037324707031250000e+03 8.921840667724609375e+00 0.000000000000000000e+00
5.038486328125000000e+03 9.424529075622558594e+00 0.000000000000000000e+00
5.039645507812500000e+03 8.317936897277832031e+00 0.000000000000000000e+00
5.040804687500000000e+03 9.142014503479003906e+00 0.000000000000000000e+00
5.041967285156250000e+03 8.905198097229003906e+00 0.000000000000000000e+00
5.043126953125000000e+03 9.647517204284667969e+00 0.000000000000000000e+00
5.044290039062500000e+03 1.048111915588378906e+01 0.000000000000000000e+00
5.045450195312500000e+03 9.896328926086425781e+00 0.000000000000000000e+00
5.046613769531250000e+03 9.388607978820800781e+00 0.000000000000000000e+00
5.047774902343750000e+03 1.000166320800781250e+01 0.000000000000000000e+00
5.048936035156250000e+03 1.142589092254638672e+01 0.000000000000000000e+00
5.050100097656250000e+03 1.072696876525878906e+01 0.000000000000000000e+00
5.051262207031250000e+03 9.455313682556152344e+00 0.000000000000000000e+00
5.052426757812500000e+03 9.608784675598144531e+00 0.000000000000000000e+00
5.053589355468750000e+03 9.831555366516113281e+00 0.000000000000000000e+00
5.054754394531250000e+03 1.061280155181884766e+01 0.000000000000000000e+00
5.055917480468750000e+03 9.582004547119140625e+00 0.000000000000000000e+00
5.057080566406250000e+03 8.875758171081542969e+00 0.000000000000000000e+00
5.058246582031250000e+03 9.206992149353027344e+00 0.000000000000000000e+00
5.059410156250000000e+03 9.397068023681640625e+00 0.000000000000000000e+00
5.060577148437500000e+03 8.619410514831542969e+00 0.000000000000000000e+00
5.061741210937500000e+03 8.451187133789062500e+00 0.000000000000000000e+00
5.062908203125000000e+03 8.822983741760253906e+00 0.000000000000000000e+00
5.064073242187500000e+03 9.328641891479492188e+00 0.000000000000000000e+00
5.065237792968750000e+03 8.903924942016601562e+00 0.000000000000000000e+00
5.066406250000000000e+03 7.275283813476562500e+00 0.000000000000000000e+00
5.067571777343750000e+03 6.137312889099121094e+00 0.000000000000000000e+00
5.068740234375000000e+03 7.221164226531982422e+00 0.000000000000000000e+00
5.069906250000000000e+03 8.425029754638671875e+00 0.000000000000000000e+00
5.071075195312500000e+03 8.160745620727539062e+00 0.000000000000000000e+00
5.072241699218750000e+03 9.035286903381347656e+00 0.000000000000000000e+00
5.073411621093750000e+03 1.050390720367431641e+01 0.000000000000000000e+00
5.074578613281250000e+03 8.008671760559082031e+00 0.000000000000000000e+00
5.075746093750000000e+03 1.091674327850341797e+01 0.000000000000000000e+00
5.076916503906250000e+03 9.057263374328613281e+00 0.000000000000000000e+00
5.078084472656250000e+03 7.939787387847900391e+00 0.000000000000000000e+00
5.079255371093750000e+03 8.952967643737792969e+00 0.000000000000000000e+00
5.080423828125000000e+03 9.259290695190429688e+00 0.000000000000000000e+00
5.081595703125000000e+03 8.807392120361328125e+00 0.000000000000000000e+00
5.082764648437500000e+03 9.575162887573242188e+00 0.000000000000000000e+00
5.083933593750000000e+03 9.166035652160644531e+00 0.000000000000000000e+00
5.085105957031250000e+03 7.445699691772460938e+00 0.000000000000000000e+00
5.086275878906250000e+03 6.720463752746582031e+00 0.000000000000000000e+00
5.087448730468750000e+03 7.643181324005126953e+00 0.000000000000000000e+00
5.088619140625000000e+03 7.716815471649169922e+00 0.000000000000000000e+00
5.089792480468750000e+03 8.352488517761230469e+00 0.000000000000000000e+00
5.090963378906250000e+03 9.961296081542968750e+00 0.000000000000000000e+00
5.092134765625000000e+03 7.870929241180419922e+00 0.000000000000000000e+00
5.093309082031250000e+03 6.084275245666503906e+00 0.000000000000000000e+00
5.094480468750000000e+03 7.389322757720947266e+00 0.000000000000000000e+00
5.095655273437500000e+03 6.169264793395996094e+00 0.000000000000000000e+00
5.096827636718750000e+03 8.206252098083496094e+00 0.000000000000000000e+00
5.098002929687500000e+03 8.117992401123046875e+00 0.000000000000000000e+00
5.099175781250000000e+03 7.148867607116699219e+00 0.000000000000000000e+00
5.100348632812500000e+03 7.080147743225097656e+00 0.000000000000000000e+00
5.101524902343750000e+03 8.157376289367675781e+00 0.000000000000000000e+00
5.102698730468750000e+03 9.456513404846191406e+00 0.000000000000000000e+00
5.103875000000000000e+03 8.969568252563476562e+00 0.000000000000000000e+00
5.105049316406250000e+03 7.859308719635009766e+00 0.000000000000000000e+00
5.106226562500000000e+03 7.489905834197998047e+00 0.000000000000000000e+00
5.107401367187500000e+03 7.287926197052001953e+00 0.000000000000000000e+00
5.108576171875000000e+03 7.132344245910644531e+00 0.000000000000000000e+00
5.109754394531250000e+03 8.476728439331054688e+00 0.000000000000000000e+00
5.110929687500000000e+03 8.945416450500488281e+00 0.000000000000000000e+00
5.112108398437500000e+03 7.585710525512695312e+00 0.000000000000000000e+00
5.113284179687500000e+03 7.525524139404296875e+00 0.000000000000000000e+00
5.114463378906250000e+03 8.411708831787109375e+00 0.000000000000000000e+00
5.115640136718750000e+03 8.108640670776367188e+00 0.000000000000000000e+00
5.116816894531250000e+03 6.985755443572998047e+00 0.000000000000000000e+00
5.117996582031250000e+03 7.439002990722656250e+00 0.000000000000000000e+00
5.119174316406250000e+03 7.849985122680664062e+00 0.000000000000000000e+00
5.120354492187500000e+03 7.674546718597412109e+00 0.000000000000000000e+00
5.121532714843750000e+03 6.642384052276611328e+00 0.000000000000000000e+00
5.122713378906250000e+03 6.106788158416748047e+00 0.000000000000000000e+00
5.123892089843750000e+03 7.938045024871826172e+00 0.000000000000000000e+00
5.125070800781250000e+03 6.561859130859375000e+00 0.000000000000000000e+00
5.126252441406250000e+03 6.907861232757568359e+00 0.000000000000000000e+00
5.127432128906250000e+03 7.817198276519775391e+00 0.000000000000000000e+00
5.128614257812500000e+03 7.175301551818847656e+00 0.000000000000000000e+00
5.129793945312500000e+03 5.819585800170898438e+00 0.000000000000000000e+00
5.130977050781250000e+03 6.590382099151611328e+00 0.000000000000000000e+00
5.132157226562500000e+03 6.415804386138916016e+00 0.000000000000000000e+00
5.133337890625000000e+03 4.950138092041015625e+00 0.000000000000000000e+00
5.134521972656250000e+03 7.212625980377197266e+00 0.000000000000000000e+00
5.135703125000000000e+03 8.543110847473144531e+00 0.000000000000000000e+00
5.136887207031250000e+03 5.565227985382080078e+00 0.000000000000000000e+00
5.138068847656250000e+03 6.368188381195068359e+00 0.000000000000000000e+00
5.139253906250000000e+03 8.276894569396972656e+00 0.000000000000000000e+00
5.140436035156250000e+03 7.422105312347412109e+00 0.000000000000000000e+00
5.141618652343750000e+03 6.988169670104980469e+00 0.000000000000000000e+00
5.142804199218750000e+03 7.039012908935546875e+00 0.000000000000000000e+00
5.143987304687500000e+03 6.741424560546875000e+00 0.000000000000000000e+00
5.145173828125000000e+03 7.982958316802978516e+00 0.000000000000000000e+00
5.146357421875000000e+03 7.678768634796142578e+00 0.000000000000000000e+00
5.147543945312500000e+03 7.027927398681640625e+00 0.000000000000000000e+00
5.148728027343750000e+03 8.304551124572753906e+00 0.000000000000000000e+00
5.149912597656250000e+03 8.104370117187500000e+00 0.000000000000000000e+00
5.151100097656250000e+03 5.748447418212890625e+00 0.000000000000000000e+00
5.152285156250000000e+03 7.744915485382080078e+00 0.000000000000000000e+00
5.153473144531250000e+03 6.775266170501708984e+00 0.000000000000000000e+00
5.154658691406250000e+03 6.942325115203857422e+00 0.000000000000000000e+00
5.155847656250000000e+03 8.148701667785644531e+00 0.000000000000000000e+00
5.157033691406250000e+03 8.353000640869140625e+00 0.000000000000000000e+00
5.158222656250000000e+03 7.425823211669921875e+00 0.000000000000000000e+00
5.159409179687500000e+03 7.862761020660400391e+00 0.000000000000000000e+00
5.160596191406250000e+03 8.333025932312011719e+00 0.000000000000000000e+00
5.161786132812500000e+03 6.381757259368896484e+00 0.000000000000000000e+00
5.162973632812500000e+03 6.076501846313476562e+00 0.000000000000000000e+00
5.164164550781250000e+03 6.046615600585937500e+00 0.000000000000000000e+00
5.165352539062500000e+03 4.939443111419677734e+00 0.000000000000000000e+00
5.166543457031250000e+03 7.603044509887695312e+00 0.000000000000000000e+00
5.167731933593750000e+03 9.992156982421875000e+00 0.000000000000000000e+00
5.168920898437500000e+03 9.511568069458007812e+00 0.000000000000000000e+00
5.170112792968750000e+03 7.219776153564453125e+00 0.000000000000000000e+00
5.171302246093750000e+03 5.921196937561035156e+00 0.000000000000000000e+00
5.172494628906250000e+03 6.833170890808105469e+00 0.000000000000000000e+00
5.173684570312500000e+03 7.828556537628173828e+00 0.000000000000000000e+00
5.174877929687500000e+03 8.133021354675292969e+00 0.000000000000000000e+00
5.176068359375000000e+03 7.986027240753173828e+00 0.000000000000000000e+00
5.177258789062500000e+03 6.820450305938720703e+00 0.000000000000000000e+00
5.178452636718750000e+03 5.903516292572021484e+00 0.000000000000000000e+00
5.179644042968750000e+03 6.472807407379150391e+00 0.000000000000000000e+00
5.180838378906250000e+03 7.117053985595703125e+00 0.000000000000000000e+00
5.182030273437500000e+03 6.492534160614013672e+00 0.000000000000000000e+00
5.183225097656250000e+03 6.495709896087646484e+00 0.000000000000000000e+00
5.184417480468750000e+03 7.023272991180419922e+00 0.000000000000000000e+00
5.185610351562500000e+03 7.286854267120361328e+00 0.000000000000000000e+00
5.186806152343750000e+03 7.367891311645507812e+00 0.000000000000000000e+00
5.187999511718750000e+03 7.775931358337402344e+00 0.000000000000000000e+00
5.189195800781250000e+03 5.807005405426025391e+00 0.000000000000000000e+00
5.190389648437500000e+03 6.823519706726074219e+00 0.000000000000000000e+00
5.191586425781250000e+03 6.733128547668457031e+00 0.000000000000000000e+00
5.192780761718750000e+03 6.384213924407958984e+00 0.000000000000000000e+00
5.193975097656250000e+03 7.487103462219238281e+00 0.000000000000000000e+00
5.195172851562500000e+03 6.101020812988281250e+00 0.000000000000000000e+00
5.196368164062500000e+03 7.804131984710693359e+00 0.000000000000000000e+00
5.197566406250000000e+03 6.759756088256835938e+00 0.000000000000000000e+00
5.198762207031250000e+03 5.953509330749511719e+00 0.000000000000000000e+00
5.199960937500000000e+03 7.132618904113769531e+00 0.000000000000000000e+00
5.201157226562500000e+03 8.139668464660644531e+00 0.000000000000000000e+00
5.202353515625000000e+03 6.963039875030517578e+00 0.000000000000000000e+00
5.203553222656250000e+03 7.646626949310302734e+00 0.000000000000000000e+00
5.204750488281250000e+03 7.671840190887451172e+00 0.000000000000000000e+00
5.205950683593750000e+03 6.932194709777832031e+00 0.000000000000000000e+00
5.207148437500000000e+03 6.714474678039550781e+00 0.000000000000000000e+00
5.208349121093750000e+03 7.212878704071044922e+00 0.000000000000000000e+00
5.209547363281250000e+03 6.789844512939453125e+00 0.000000000000000000e+00
5.210745605468750000e+03 6.236338615417480469e+00 0.000000000000000000e+00
5.211947265625000000e+03 6.324837684631347656e+00 0.000000000000000000e+00
5.213145996093750000e+03 6.744753837585449219e+00 0.000000000000000000e+00
5.214348144531250000e+03 7.497140407562255859e+00 0.000000000000000000e+00
5.215547851562500000e+03 7.990434169769287109e+00 0.000000000000000000e+00
5.216750488281250000e+03 6.914643287658691406e+00 0.000000000000000000e+00
5.217950683593750000e+03 7.092409610748291016e+00 0.000000000000000000e+00
5.219150878906250000e+03 6.802842617034912109e+00 0.000000000000000000e+00
5.220354492187500000e+03 6.576035022735595703e+00 0.000000000000000000e+00
5.221555664062500000e+03 6.247934818267822266e+00 0.000000000000000000e+00
5.222759765625000000e+03 6.158686161041259766e+00 0.000000000000000000e+00
5.223960937500000000e+03 7.974096775054931641e+00 0.000000000000000000e+00
5.225165527343750000e+03 7.531101703643798828e+00 0.000000000000000000e+00
5.226367675781250000e+03 7.000169277191162109e+00 0.000000000000000000e+00
5.227570312500000000e+03 7.676802158355712891e+00 0.000000000000000000e+00
5.228775390625000000e+03 7.431351661682128906e+00 0.000000000000000000e+00
5.229978515625000000e+03 5.918323993682861328e+00 0.000000000000000000e+00
5.231184570312500000e+03 7.294055938720703125e+00 0.000000000000000000e+00
5.232387695312500000e+03 6.232395172119140625e+00 0.000000000000000000e+00
5.233594238281250000e+03 5.653199672698974609e+00 0.000000000000000000e+00
5.234798339843750000e+03 6.758913040161132812e+00 0.000000000000000000e+00
5.236002929687500000e+03 6.829491138458251953e+00 0.000000000000000000e+00
5.237209960937500000e+03 5.742991924285888672e+00 0.000000000000000000e+00
5.238415039062500000e+03 8.624835968017578125e+00 0.000000000000000000e+00
5.239623046875000000e+03 7.522330760955810547e+00 0.000000000000000000e+00
5.240828125000000000e+03 7.359477519989013672e+00 0.000000000000000000e+00
5.242036621093750000e+03 7.352175235748291016e+00 0.000000000000000000e+00
5.243242675781250000e+03 6.912522792816162109e+00 0.000000000000000000e+00
5.244448730468750000e+03 6.613560199737548828e+00 0.000000000000000000e+00
5.245658203125000000e+03 6.002041816711425781e+00 0.000000000000000000e+00
5.246865234375000000e+03 5.906463623046875000e+00 0.000000000000000000e+00
5.248074707031250000e+03 8.566582679748535156e+00 0.000000000000000000e+00
5.249282226562500000e+03 8.400278091430664062e+00 0.000000000000000000e+00
5.250492675781250000e+03 7.088542461395263672e+00 0.000000000000000000e+00
5.251700683593750000e+03 8.557662010192871094e+00 0.000000000000000000e+00
5.252911621093750000e+03 8.389456748962402344e+00 0.000000000000000000e+00
5.254120117187500000e+03 5.995120525360107422e+00 0.000000000000000000e+00
5.255328613281250000e+03 5.998490810394287109e+00 0.000000000000000000e+00
5.256540527343750000e+03 7.311910629272460938e+00 0.000000000000000000e+00
5.257750000000000000e+03 8.312671661376953125e+00 0.000000000000000000e+00
5.258962402343750000e+03 8.403800010681152344e+00 0.000000000000000000e+00
5.260172363281250000e+03 7.532354831695556641e+00 0.000000000000000000e+00
5.261385253906250000e+03 7.829495429992675781e+00 0.000000000000000000e+00
5.262595703125000000e+03 6.925354957580566406e+00 0.000000000000000000e+00
5.263806152343750000e+03 5.618551254272460938e+00 0.000000000000000000e+00
5.265020019531250000e+03 5.540823459625244141e+00 0.000000000000000000e+00
5.266230957031250000e+03 6.906489849090576172e+00 0.000000000000000000e+00
5.267445800781250000e+03 7.657566070556640625e+00 0.000000000000000000e+00
5.268657226562500000e+03 6.138795852661132812e+00 0.000000000000000000e+00
5.269872070312500000e+03 7.660125732421875000e+00 0.000000000000000000e+00
5.271084472656250000e+03 7.409647464752197266e+00 0.000000000000000000e+00
5.272297363281250000e+03 5.989529132843017578e+00 0.000000000000000000e+00
5.273513183593750000e+03 6.589552402496337891e+00 0.000000000000000000e+00
5.274726074218750000e+03 5.849483489990234375e+00 0.000000000000000000e+00
5.275942382812500000e+03 5.840500831604003906e+00 0.000000000000000000e+00
5.277156250000000000e+03 6.795259475708007812e+00 0.000000000000000000e+00
5.278373046875000000e+03 6.737071514129638672e+00 0.000000000000000000e+00
5.279587402343750000e+03 6.643146514892578125e+00 0.000000000000000000e+00
5.280801757812500000e+03 7.457251548767089844e+00 0.000000000000000000e+00
5.282019531250000000e+03 6.403101444244384766e+00 0.000000000000000000e+00
5.283234863281250000e+03 6.590969562530517578e+00 0.000000000000000000e+00
5.284453125000000000e+03 7.085343360900878906e+00 0.000000000000000000e+00
5.285668945312500000e+03 8.176482200622558594e+00 0.000000000000000000e+00
5.286887695312500000e+03 7.908895969390869141e+00 0.000000000000000000e+00
5.288104003906250000e+03 6.149240970611572266e+00 0.000000000000000000e+00
5.289320312500000000e+03 7.568324565887451172e+00 0.000000000000000000e+00
5.290540039062500000e+03 5.566032409667968750e+00 0.000000000000000000e+00
5.291757324218750000e+03 5.970847129821777344e+00 0.000000000000000000e+00
5.292977539062500000e+03 7.448108196258544922e+00 0.000000000000000000e+00
5.294195312500000000e+03 6.863332271575927734e+00 0.000000000000000000e+00
5.295416015625000000e+03 5.127186775207519531e+00 0.000000000000000000e+00
5.296634277343750000e+03 7.098300457000732422e+00 0.000000000000000000e+00
5.297852539062500000e+03 8.327271461486816406e+00 0.000000000000000000e+00
5.299074218750000000e+03 8.763486862182617188e+00 0.000000000000000000e+00
5.300293457031250000e+03 8.065165519714355469e+00 0.000000000000000000e+00
5.301515625000000000e+03 7.079709529876708984e+00 0.000000000000000000e+00
5.302735351562500000e+03 6.549590110778808594e+00 0.000000000000000000e+00
5.303958007812500000e+03 5.508772850036621094e+00 0.000000000000000000e+00
5.305178222656250000e+03 6.234936714172363281e+00 0.000000000000000000e+00
5.306398437500000000e+03 8.082684516906738281e+00 0.000000000000000000e+00
5.307622070312500000e+03 7.395357131958007812e+00 0.000000000000000000e+00
5.308843261718750000e+03 6.351854801177978516e+00 0.000000000000000000e+00
5.310067382812500000e+03 7.796764850616455078e+00 0.000000000000000000e+00
5.311289062500000000e+03 7.293336868286132812e+00 0.000000000000000000e+00
5.312513671875000000e+03 7.248624801635742188e+00 0.000000000000000000e+00
5.313735839843750000e+03 7.542215347290039062e+00 0.000000000000000000e+00
5.314958496093750000e+03 7.159567356109619141e+00 0.000000000000000000e+00
5.316184082031250000e+03 6.050921916961669922e+00 0.000000000000000000e+00
5.317407226562500000e+03 5.591735363006591797e+00 0.000000000000000000e+00
5.318633300781250000e+03 7.130827903747558594e+00 0.000000000000000000e+00
5.319856933593750000e+03 7.619064807891845703e+00 0.000000000000000000e+00
5.321083496093750000e+03 7.877198696136474609e+00 0.000000000000000000e+00
5.322307617187500000e+03 7.345170021057128906e+00 0.000000000000000000e+00
5.323531738281250000e+03 7.270756244659423828e+00 0.000000000000000000e+00
5.324759765625000000e+03 8.390932083129882812e+00 0.000000000000000000e+00
5.325984375000000000e+03 7.545178890228271484e+00 0.000000000000000000e+00
5.327212890625000000e+03 6.266237735748291016e+00 0.000000000000000000e+00
5.328437988281250000e+03 7.067968845367431641e+00 0.000000000000000000e+00
5.329666992187500000e+03 7.909643650054931641e+00 0.000000000000000000e+00
5.330893066406250000e+03 7.451808452606201172e+00 0.000000000000000000e+00
5.332119140625000000e+03 6.798942089080810547e+00 0.000000000000000000e+00
5.333349121093750000e+03 7.467645645141601562e+00 0.000000000000000000e+00
5.334575683593750000e+03 7.297883987426757812e+00 0.000000000000000000e+00
5.335806152343750000e+03 7.199654102325439453e+00 0.000000000000000000e+00
5.337033691406250000e+03 7.467757701873779297e+00 0.000000000000000000e+00
5.338264160156250000e+03 7.397755146026611328e+00 0.000000000000000000e+00
5.339492187500000000e+03 7.107257843017578125e+00 0.000000000000000000e+00
5.340720703125000000e+03 8.184795379638671875e+00 0.000000000000000000e+00
5.341952148437500000e+03 7.428081035614013672e+00 0.000000000000000000e+00
5.343181152343750000e+03 7.670537471771240234e+00 0.000000000000000000e+00
5.344413085937500000e+03 7.896463871002197266e+00 0.000000000000000000e+00
5.345642578125000000e+03 7.086048126220703125e+00 0.000000000000000000e+00
5.346875488281250000e+03 6.585676193237304688e+00 0.000000000000000000e+00
5.348105468750000000e+03 8.304491996765136719e+00 0.000000000000000000e+00
5.349338867187500000e+03 7.697312831878662109e+00 0.000000000000000000e+00
5.350569335937500000e+03 6.474959373474121094e+00 0.000000000000000000e+00
5.351800292968750000e+03 5.995759010314941406e+00 0.000000000000000000e+00
5.353034179687500000e+03 6.735758304595947266e+00 0.000000000000000000e+00
5.354265625000000000e+03 7.669912815093994141e+00 0.000000000000000000e+00
5.355500488281250000e+03 6.640914916992187500e+00 0.000000000000000000e+00
5.356732421875000000e+03 6.860579013824462891e+00 0.000000000000000000e+00
5.357967773437500000e+03 7.477295398712158203e+00 0.000000000000000000e+00
5.359200195312500000e+03 8.428151130676269531e+00 0.000000000000000000e+00
5.360433105468750000e+03 8.454284667968750000e+00 0.000000000000000000e+00
5.361669433593750000e+03 7.040396213531494141e+00 0.000000000000000000e+00
5.362902832031250000e+03 7.286832332611083984e+00 0.000000000000000000e+00
5.364139160156250000e+03 8.280619621276855469e+00 0.000000000000000000e+00
5.365373535156250000e+03 6.190510272979736328e+00 0.000000000000000000e+00
5.366610839843750000e+03 6.383525848388671875e+00 0.000000000000000000e+00
5.367845214843750000e+03 7.731394767761230469e+00 0.000000000000000000e+00
5.369080078125000000e+03 5.909776687622070312e+00 0.000000000000000000e+00
5.370318359375000000e+03 5.631781101226806641e+00 0.000000000000000000e+00
5.371553710937500000e+03 6.397212505340576172e+00 0.000000000000000000e+00
5.372792480468750000e+03 8.014642715454101562e+00 0.000000000000000000e+00
5.374028320312500000e+03 8.587168693542480469e+00 0.000000000000000000e+00
5.375267578125000000e+03 8.283311843872070312e+00 0.000000000000000000e+00
5.376503906250000000e+03 8.433953285217285156e+00 0.000000000000000000e+00
5.377741210937500000e+03 8.285095214843750000e+00 0.000000000000000000e+00
5.378980957031250000e+03 7.639235019683837891e+00 0.000000000000000000e+00
5.380218261718750000e+03 6.235538959503173828e+00 0.000000000000000000e+00
5.381458984375000000e+03 7.143695831298828125e+00 0.000000000000000000e+00
5.382697265625000000e+03 8.101492881774902344e+00 0.000000000000000000e+00
5.383938476562500000e+03 6.087635517120361328e+00 0.000000000000000000e+00
5.385176757812500000e+03 6.363516807556152344e+00 0.000000000000000000e+00
5.386416015625000000e+03 6.786327362060546875e+00 0.000000000000000000e+00
5.387657714843750000e+03 7.443250179290771484e+00 0.000000000000000000e+00
5.388897460937500000e+03 7.610433578491210938e+00 0.000000000000000000e+00
5.390140136718750000e+03 7.241754055023193359e+00 0.000000000000000000e+00
5.391379882812500000e+03 6.812259674072265625e+00 0.000000000000000000e+00
5.392623046875000000e+03 6.484386920928955078e+00 0.000000000000000000e+00
5.393863769531250000e+03 8.346080780029296875e+00 0.000000000000000000e+00
5.395104492187500000e+03 7.420446872711181641e+00 0.000000000000000000e+00
5.396348632812500000e+03 7.131181716918945312e+00 0.000000000000000000e+00
5.397590332031250000e+03 6.967748165130615234e+00 0.000000000000000000e+00
5.398834960937500000e+03 5.113706588745117188e+00 0.000000000000000000e+00
5.400076660156250000e+03 7.446222782135009766e+00 0.000000000000000000e+00
5.401322265625000000e+03 7.666998863220214844e+00 0.000000000000000000e+00
5.402564453125000000e+03 7.443411827087402344e+00 0.000000000000000000e+00
5.403807617187500000e+03 7.697197914123535156e+00 0.000000000000000000e+00
5.405053710937500000e+03 7.784430027008056641e+00 0.000000000000000000e+00
5.406296875000000000e+03 6.978925704956054688e+00 0.000000000000000000e+00
5.407543945312500000e+03 6.122529506683349609e+00 0.000000000000000000e+00
5.408787597656250000e+03 7.060258865356445312e+00 0.000000000000000000e+00
5.410035156250000000e+03 8.113743782043457031e+00 0.000000000000000000e+00
5.411279785156250000e+03 7.138298511505126953e+00 0.000000000000000000e+00
5.412524414062500000e+03 6.210611343383789062e+00 0.000000000000000000e+00
5.413772460937500000e+03 7.737145900726318359e+00 0.000000000000000000e+00
5.415018066406250000e+03 7.777168750762939453e+00 0.000000000000000000e+00
5.416266601562500000e+03 6.530605316162109375e+00 0.000000000000000000e+00
5.417512695312500000e+03 8.013208389282226562e+00 0.000000000000000000e+00
5.418761718750000000e+03 8.123287200927734375e+00 0.000000000000000000e+00
5.420008300781250000e+03 6.685781002044677734e+00 0.000000000000000000e+00
5.421255371093750000e+03 7.406637668609619141e+00 0.000000000000000000e+00
5.422505371093750000e+03 8.849896430969238281e+00 0.000000000000000000e+00
5.423752929687500000e+03 8.598196029663085938e+00 0.000000000000000000e+00
5.425003417968750000e+03 9.040170669555664062e+00 0.000000000000000000e+00
5.426251464843750000e+03 8.072421073913574219e+00 0.000000000000000000e+00
5.427502929687500000e+03 6.636649131774902344e+00 0.000000000000000000e+00
5.428751464843750000e+03 6.892594337463378906e+00 0.000000000000000000e+00
5.430000488281250000e+03 5.916557312011718750e+00 0.000000000000000000e+00
5.431252441406250000e+03 8.515897750854492188e+00 0.000000000000000000e+00
5.432501953125000000e+03 8.693148612976074219e+00 0.000000000000000000e+00
5.433754882812500000e+03 7.385245800018310547e+00 0.000000000000000000e+00
5.435004882812500000e+03 7.615141391754150391e+00 0.000000000000000000e+00
5.436258300781250000e+03 8.806637763977050781e+00 0.000000000000000000e+00
5.437508789062500000e+03 6.815424919128417969e+00 0.000000000000000000e+00
5.438759765625000000e+03 7.556289672851562500e+00 0.000000000000000000e+00
5.440013671875000000e+03 6.920780181884765625e+00 0.000000000000000000e+00
5.441265136718750000e+03 7.327997684478759766e+00 0.000000000000000000e+00
5.442520019531250000e+03 8.131319999694824219e+00 0.000000000000000000e+00
5.443771972656250000e+03 6.785748481750488281e+00 0.000000000000000000e+00
5.445027343750000000e+03 7.484291553497314453e+00 0.000000000000000000e+00
5.446279785156250000e+03 8.795019149780273438e+00 0.000000000000000000e+00
5.447535644531250000e+03 8.454580307006835938e+00 0.000000000000000000e+00
5.448789062500000000e+03 9.019728660583496094e+00 0.000000000000000000e+00
5.450042480468750000e+03 8.629866600036621094e+00 0.000000000000000000e+00
5.451299316406250000e+03 5.720916748046875000e+00 0.000000000000000000e+00
5.452553222656250000e+03 8.102784156799316406e+00 0.000000000000000000e+00
5.453810546875000000e+03 6.820452690124511719e+00 0.000000000000000000e+00
5.455065429687500000e+03 8.453528404235839844e+00 0.000000000000000000e+00
5.456323242187500000e+03 9.675184249877929688e+00 0.000000000000000000e+00
5.457578613281250000e+03 8.958045005798339844e+00 0.000000000000000000e+00
5.458833984375000000e+03 8.704705238342285156e+00 0.000000000000000000e+00
5.460092773437500000e+03 7.493952751159667969e+00 0.000000000000000000e+00
5.461348632812500000e+03 6.445526599884033203e+00 0.000000000000000000e+00
5.462608398437500000e+03 7.055622577667236328e+00 0.000000000000000000e+00
5.463864746093750000e+03 7.833770275115966797e+00 0.000000000000000000e+00
5.465125000000000000e+03 8.496012687683105469e+00 0.000000000000000000e+00
5.466382324218750000e+03 9.195732116699218750e+00 0.000000000000000000e+00
5.467639648437500000e+03 7.763780117034912109e+00 0.000000000000000000e+00
5.468900390625000000e+03 8.498561859130859375e+00 0.000000000000000000e+00
5.470158691406250000e+03 9.380573272705078125e+00 0.000000000000000000e+00
5.471419921875000000e+03 8.787281990051269531e+00 0.000000000000000000e+00
5.472678710937500000e+03 7.983819961547851562e+00 0.000000000000000000e+00
5.473940429687500000e+03 8.458947181701660156e+00 0.000000000000000000e+00
5.475199707031250000e+03 8.153385162353515625e+00 0.000000000000000000e+00
5.476459472656250000e+03 8.590322494506835938e+00 0.000000000000000000e+00
5.477722167968750000e+03 7.577687740325927734e+00 0.000000000000000000e+00
5.478982421875000000e+03 7.207376956939697266e+00 0.000000000000000000e+00
5.480246093750000000e+03 8.610567092895507812e+00 0.000000000000000000e+00
5.481506835937500000e+03 9.821187973022460938e+00 0.000000000000000000e+00
5.482770507812500000e+03 8.685082435607910156e+00 0.000000000000000000e+00
5.484032226562500000e+03 7.774833679199218750e+00 0.000000000000000000e+00
5.485293457031250000e+03 8.541360855102539062e+00 0.000000000000000000e+00
5.486558593750000000e+03 8.359441757202148438e+00 0.000000000000000000e+00
5.487820800781250000e+03 8.557878494262695312e+00 0.000000000000000000e+00
5.489085937500000000e+03 1.104784870147705078e+01 0.000000000000000000e+00
5.490349121093750000e+03 9.860066413879394531e+00 0.000000000000000000e+00
5.491614746093750000e+03 1.018689632415771484e+01 0.000000000000000000e+00
5.492878417968750000e+03 9.481531143188476562e+00 0.000000000000000000e+00
5.494142089843750000e+03 9.856709480285644531e+00 0.000000000000000000e+00
5.495408691406250000e+03 1.007536602020263672e+01 0.000000000000000000e+00
5.496672851562500000e+03 8.366327285766601562e+00 0.000000000000000000e+00
5.497940429687500000e+03 1.104823970794677734e+01 0.000000000000000000e+00
5.499205566406250000e+03 1.005025386810302734e+01 0.000000000000000000e+00
5.500473632812500000e+03 9.439465522766113281e+00 0.000000000000000000e+00
5.501738769531250000e+03 9.634759902954101562e+00 0.000000000000000000e+00
5.503004394531250000e+03 1.015620422363281250e+01 0.000000000000000000e+00
5.504273437500000000e+03 1.103751564025878906e+01 0.000000000000000000e+00
5.505539550781250000e+03 1.075493240356445312e+01 0.000000000000000000e+00
5.506809570312500000e+03 9.691325187683105469e+00 0.000000000000000000e+00
5.508076171875000000e+03 1.062849903106689453e+01 0.000000000000000000e+00
5.509346191406250000e+03 1.226565551757812500e+01 0.000000000000000000e+00
5.510613769531250000e+03 1.199925518035888672e+01 0.000000000000000000e+00
5.511881347656250000e+03 1.003101825714111328e+01 0.000000000000000000e+00
5.513152343750000000e+03 1.066001987457275391e+01 0.000000000000000000e+00
5.514420898437500000e+03 1.019855308532714844e+01 0.000000000000000000e+00
5.515692382812500000e+03 1.169525051116943359e+01 0.000000000000000000e+00
5.516961425781250000e+03 1.297445487976074219e+01 0.000000000000000000e+00
5.518233398437500000e+03 1.236649608612060547e+01 0.000000000000000000e+00
5.519502929687500000e+03 1.117816352844238281e+01 0.000000000000000000e+00
5.520772460937500000e+03 1.065122413635253906e+01 0.000000000000000000e+00
5.522045898437500000e+03 1.073854637145996094e+01 0.000000000000000000e+00
5.523315917968750000e+03 1.194099712371826172e+01 0.000000000000000000e+00
5.524589843750000000e+03 1.200917148590087891e+01 0.000000000000000000e+00
5.525860839843750000e+03 1.077163314819335938e+01 0.000000000000000000e+00
5.527134765625000000e+03 1.074916172027587891e+01 0.000000000000000000e+00
5.528406250000000000e+03 1.262497615814208984e+01 0.000000000000000000e+00
5.529678222656250000e+03 1.271775150299072266e+01 0.000000000000000000e+00
5.530953613281250000e+03 1.219270324707031250e+01 0.000000000000000000e+00
5.532225585937500000e+03 1.289947319030761719e+01 0.000000000000000000e+00
5.533501464843750000e+03 1.270526313781738281e+01 0.000000000000000000e+00
5.534774414062500000e+03 1.020866966247558594e+01 0.000000000000000000e+00
5.536050781250000000e+03 1.219444751739501953e+01 0.000000000000000000e+00
5.537324218750000000e+03 1.267516994476318359e+01 0.000000000000000000e+00
5.538598144531250000e+03 1.316840457916259766e+01 0.000000000000000000e+00
5.539875488281250000e+03 1.379179954528808594e+01 0.000000000000000000e+00
5.541149902343750000e+03 1.369120407104492188e+01 0.000000000000000000e+00
5.542427734375000000e+03 1.269913864135742188e+01 0.000000000000000000e+00
5.543702636718750000e+03 1.181423377990722656e+01 0.000000000000000000e+00
5.544980957031250000e+03 1.166750431060791016e+01 0.000000000000000000e+00
5.546256835937500000e+03 1.324225616455078125e+01 0.000000000000000000e+00
5.547535644531250000e+03 1.346308231353759766e+01 0.000000000000000000e+00
5.548811523437500000e+03 1.323720932006835938e+01 0.000000000000000000e+00
5.550088378906250000e+03 1.484071350097656250e+01 0.000000000000000000e+00
5.551368164062500000e+03 1.288542652130126953e+01 0.000000000000000000e+00
5.552645019531250000e+03 1.393227005004882812e+01 0.000000000000000000e+00
5.553925781250000000e+03 1.675993728637695312e+01 0.000000000000000000e+00
5.555203125000000000e+03 1.677803039550781250e+01 0.000000000000000000e+00
5.556484375000000000e+03 1.436495304107666016e+01 0.000000000000000000e+00
5.557762695312500000e+03 1.424248600006103516e+01 0.000000000000000000e+00
5.559041015625000000e+03 1.651619911193847656e+01 0.000000000000000000e+00
5.560323242187500000e+03 1.441220760345458984e+01 0.000000000000000000e+00
5.561602050781250000e+03 1.343936634063720703e+01 0.000000000000000000e+00
5.562884765625000000e+03 1.467068290710449219e+01 0.000000000000000000e+00
5.564164550781250000e+03 1.574694919586181641e+01 0.000000000000000000e+00
5.565447265625000000e+03 1.525102901458740234e+01 0.000000000000000000e+00
5.566728027343750000e+03 1.545588970184326172e+01 0.000000000000000000e+00
5.568008300781250000e+03 1.683873558044433594e+01 0.000000000000000000e+00
5.569292480468750000e+03 1.745076560974121094e+01 0.000000000000000000e+00
5.570573730468750000e+03 1.683181953430175781e+01 0.000000000000000000e+00
5.571857910156250000e+03 1.568895244598388672e+01 0.000000000000000000e+00
5.573140136718750000e+03 1.576948070526123047e+01 0.000000000000000000e+00
5.574425292968750000e+03 1.892063522338867188e+01 0.000000000000000000e+00
5.575707519531250000e+03 1.982918357849121094e+01 0.000000000000000000e+00
5.576990234375000000e+03 2.053371429443359375e+01 0.000000000000000000e+00
5.578276367187500000e+03 1.711881446838378906e+01 0.000000000000000000e+00
5.579559570312500000e+03 1.304088115692138672e+01 0.000000000000000000e+00
5.580846191406250000e+03 1.602155494689941406e+01 0.000000000000000000e+00
5.582129882812500000e+03 1.849825477600097656e+01 0.000000000000000000e+00
5.583416992187500000e+03 1.665833282470703125e+01 0.000000000000000000e+00
5.584701660156250000e+03 1.572973728179931641e+01 0.000000000000000000e+00
5.585986328125000000e+03 1.595178222656250000e+01 0.000000000000000000e+00
5.587274414062500000e+03 1.580583858489990234e+01 0.000000000000000000e+00
5.588560058593750000e+03 1.514497184753417969e+01 0.000000000000000000e+00
5.589848632812500000e+03 1.458670043945312500e+01 0.000000000000000000e+00
5.591134765625000000e+03 1.374458503723144531e+01 0.000000000000000000e+00
5.592423828125000000e+03 1.195018005371093750e+01 0.000000000000000000e+00
5.593710449218750000e+03 1.155070781707763672e+01 0.000000000000000000e+00
5.594997070312500000e+03 1.242116165161132812e+01 0.000000000000000000e+00
5.596287597656250000e+03 1.210623264312744141e+01 0.000000000000000000e+00
5.597574707031250000e+03 1.165606117248535156e+01 0.000000000000000000e+00
5.598865722656250000e+03 1.081538200378417969e+01 0.000000000000000000e+00
5.600153808593750000e+03 1.299195289611816406e+01 0.000000000000000000e+00
5.601444824218750000e+03 1.378045749664306641e+01 0.000000000000000000e+00
5.602733398437500000e+03 1.166629505157470703e+01 0.000000000000000000e+00
5.604022460937500000e+03 1.042081260681152344e+01 0.000000000000000000e+00
5.605314941406250000e+03 1.015706062316894531e+01 0.000000000000000000e+00
5.606604492187500000e+03 1.004444789886474609e+01 0.000000000000000000e+00
5.607896972656250000e+03 1.064472103118896484e+01 0.000000000000000000e+00
5.609187011718750000e+03 1.111151695251464844e+01 0.000000000000000000e+00
5.610480468750000000e+03 1.106521320343017578e+01 0.000000000000000000e+00
5.611771484375000000e+03 1.112072658538818359e+01 0.000000000000000000e+00
5.613062500000000000e+03 1.134744739532470703e+01 0.000000000000000000e+00
5.614356933593750000e+03 1.178324317932128906e+01 0.000000000000000000e+00
5.615648437500000000e+03 1.109312057495117188e+01 0.000000000000000000e+00
5.616943359375000000e+03 9.968546867370605469e+00 0.000000000000000000e+00
5.618235351562500000e+03 9.821735382080078125e+00 0.000000000000000000e+00
5.619530761718750000e+03 1.036599731445312500e+01 0.000000000000000000e+00
5.620823730468750000e+03 8.918578147888183594e+00 0.000000000000000000e+00
5.622116699218750000e+03 9.875107765197753906e+00 0.000000000000000000e+00
5.623413085937500000e+03 9.620091438293457031e+00 0.000000000000000000e+00
5.624707031250000000e+03 8.479327201843261719e+00 0.000000000000000000e+00
5.626003906250000000e+03 8.237422943115234375e+00 0.000000000000000000e+00
5.627298339843750000e+03 8.661221504211425781e+00 0.000000000000000000e+00
5.628595703125000000e+03 7.933235645294189453e+00 0.000000000000000000e+00
5.629890625000000000e+03 1.011608886718750000e+01 0.000000000000000000e+00
5.631186035156250000e+03 9.652353286743164062e+00 0.000000000000000000e+00
5.632484375000000000e+03 8.566644668579101562e+00 0.000000000000000000e+00
5.633780273437500000e+03 9.061964988708496094e+00 0.000000000000000000e+00
5.635079101562500000e+03 9.426729202270507812e+00 0.000000000000000000e+00
5.636375488281250000e+03 8.926338195800781250e+00 0.000000000000000000e+00
5.637675292968750000e+03 8.751587867736816406e+00 0.000000000000000000e+00
5.638972167968750000e+03 8.063955307006835938e+00 0.000000000000000000e+00
5.640269531250000000e+03 8.191846847534179688e+00 0.000000000000000000e+00
5.641570312500000000e+03 8.697033882141113281e+00 0.000000000000000000e+00
5.642868164062500000e+03 7.976559162139892578e+00 0.000000000000000000e+00
5.644169433593750000e+03 8.537020683288574219e+00 0.000000000000000000e+00
5.645467773437500000e+03 7.746692180633544922e+00 0.000000000000000000e+00
5.646769531250000000e+03 8.011670112609863281e+00 0.000000000000000000e+00
5.648068359375000000e+03 8.656094551086425781e+00 0.000000000000000000e+00
5.649371093750000000e+03 8.720536231994628906e+00 0.000000000000000000e+00
5.650670410156250000e+03 8.944439888000488281e+00 0.000000000000000000e+00
5.651970703125000000e+03 9.675695419311523438e+00 0.000000000000000000e+00
5.653273925781250000e+03 8.529241561889648438e+00 0.000000000000000000e+00
5.654574218750000000e+03 8.194261550903320312e+00 0.000000000000000000e+00
5.655878417968750000e+03 8.191823005676269531e+00 0.000000000000000000e+00
5.657179199218750000e+03 8.289554595947265625e+00 0.000000000000000000e+00
5.658483886718750000e+03 9.150403022766113281e+00 0.000000000000000000e+00
5.659785644531250000e+03 8.381247520446777344e+00 0.000000000000000000e+00
5.661087890625000000e+03 7.140008449554443359e+00 0.000000000000000000e+00
5.662393066406250000e+03 8.444040298461914062e+00 0.000000000000000000e+00
5.663695800781250000e+03 8.050532341003417969e+00 0.000000000000000000e+00
5.665001953125000000e+03 6.445075511932373047e+00 0.000000000000000000e+00
5.666305175781250000e+03 8.499336242675781250e+00 0.000000000000000000e+00
5.667611816406250000e+03 8.349164962768554688e+00 0.000000000000000000e+00
5.668915527343750000e+03 7.363960742950439453e+00 0.000000000000000000e+00
5.670219726562500000e+03 6.044335365295410156e+00 0.000000000000000000e+00
5.671527343750000000e+03 6.584056854248046875e+00 0.000000000000000000e+00
5.672832031250000000e+03 7.676702499389648438e+00 0.000000000000000000e+00
5.674140136718750000e+03 6.672975063323974609e+00 0.000000000000000000e+00
5.675445312500000000e+03 8.495648384094238281e+00 0.000000000000000000e+00
5.676753906250000000e+03 7.733081817626953125e+00 0.000000000000000000e+00
5.678060058593750000e+03 6.820175647735595703e+00 0.000000000000000000e+00
5.679366210937500000e+03 7.150897026062011719e+00 0.000000000000000000e+00
5.680675781250000000e+03 8.154534339904785156e+00 0.000000000000000000e+00
5.681982910156250000e+03 8.512849807739257812e+00 0.000000000000000000e+00
5.683292968750000000e+03 7.456739425659179688e+00 0.000000000000000000e+00
5.684600585937500000e+03 6.564574718475341797e+00 0.000000000000000000e+00
5.685911132812500000e+03 5.672496318817138672e+00 0.000000000000000000e+00
5.687219238281250000e+03 5.766716003417968750e+00 0.000000000000000000e+00
5.688527832031250000e+03 6.990854263305664062e+00 0.000000000000000000e+00
5.689839355468750000e+03 7.536245346069335938e+00 0.000000000000000000e+00
5.691148437500000000e+03 6.047147750854492188e+00 0.000000000000000000e+00
5.692460937500000000e+03 6.882156848907470703e+00 0.000000000000000000e+00
5.693770507812500000e+03 6.360806941986083984e+00 0.000000000000000000e+00
5.695083496093750000e+03 6.982677936553955078e+00 0.000000000000000000e+00
5.696393554687500000e+03 8.606678962707519531e+00 0.000000000000000000e+00
5.697704101562500000e+03 7.059570789337158203e+00 0.000000000000000000e+00
5.699017578125000000e+03 6.171360969543457031e+00 0.000000000000000000e+00
5.700328613281250000e+03 8.147732734680175781e+00 0.000000000000000000e+00
5.701643066406250000e+03 7.808417320251464844e+00 0.000000000000000000e+00
5.702955078125000000e+03 6.982927799224853516e+00 0.000000000000000000e+00
5.704270019531250000e+03 6.997416973114013672e+00 0.000000000000000000e+00
5.705582519531250000e+03 6.060437679290771484e+00 0.000000000000000000e+00
5.706895019531250000e+03 6.646607398986816406e+00 0.000000000000000000e+00
5.708210937500000000e+03 6.793052196502685547e+00 0.000000000000000000e+00
5.709523925781250000e+03 7.250758647918701172e+00 0.000000000000000000e+00
5.710840820312500000e+03 7.159739971160888672e+00 0.000000000000000000e+00
5.712154296875000000e+03 6.450365543365478516e+00 0.000000000000000000e+00
5.713471679687500000e+03 6.788502216339111328e+00 0.000000000000000000e+00
5.714786132812500000e+03 8.090893745422363281e+00 0.000000000000000000e+00
5.716100585937500000e+03 6.247901439666748047e+00 0.000000000000000000e+00
5.717418945312500000e+03 7.132467269897460938e+00 0.000000000000000000e+00
5.718733886718750000e+03 8.122052192687988281e+00 0.000000000000000000e+00
5.720052734375000000e+03 7.317059993743896484e+00 0.000000000000000000e+00
5.721368652343750000e+03 7.378875732421875000e+00 0.000000000000000000e+00
5.722687988281250000e+03 6.535045146942138672e+00 0.000000000000000000e+00
5.724004394531250000e+03 8.110140800476074219e+00 0.000000000000000000e+00
5.725321289062500000e+03 8.267223358154296875e+00 0.000000000000000000e+00
5.726641601562500000e+03 7.050389289855957031e+00 0.000000000000000000e+00
5.727958984375000000e+03 6.690948009490966797e+00 0.000000000000000000e+00
5.729279785156250000e+03 7.548604488372802734e+00 0.000000000000000000e+00
5.730597656250000000e+03 6.663033008575439453e+00 0.000000000000000000e+00
5.731919433593750000e+03 5.943368911743164062e+00 0.000000000000000000e+00
5.733237792968750000e+03 6.737915515899658203e+00 0.000000000000000000e+00
5.734556640625000000e+03 5.934610843658447266e+00 0.000000000000000000e+00
5.735879394531250000e+03 4.729115009307861328e+00 0.000000000000000000e+00
5.737198730468750000e+03 7.208343505859375000e+00 0.000000000000000000e+00
5.738521484375000000e+03 6.545500278472900391e+00 0.000000000000000000e+00
5.739841796875000000e+03 6.638845920562744141e+00 0.000000000000000000e+00
5.741165527343750000e+03 7.091132164001464844e+00 0.000000000000000000e+00
5.742486328125000000e+03 6.441773414611816406e+00 0.000000000000000000e+00
5.743807128906250000e+03 6.329249858856201172e+00 0.000000000000000000e+00
5.745131835937500000e+03 8.527012825012207031e+00 0.000000000000000000e+00
5.746453613281250000e+03 6.831775665283203125e+00 0.000000000000000000e+00
5.747778320312500000e+03 6.550321102142333984e+00 0.000000000000000000e+00
5.749100585937500000e+03 5.950549125671386719e+00 0.000000000000000000e+00
5.750426757812500000e+03 5.433706283569335938e+00 0.000000000000000000e+00
5.751749511718750000e+03 5.728396415710449219e+00 0.000000000000000000e+00
5.753075683593750000e+03 6.073279857635498047e+00 0.000000000000000000e+00
5.754399414062500000e+03 6.637031078338623047e+00 0.000000000000000000e+00
5.755723144531250000e+03 7.962102413177490234e+00 0.000000000000000000e+00
5.757050292968750000e+03 7.300005912780761719e+00 0.000000000000000000e+00
5.758374511718750000e+03 6.532650470733642578e+00 0.000000000000000000e+00
5.759702636718750000e+03 6.972975254058837891e+00 0.000000000000000000e+00
5.761027343750000000e+03 7.140839576721191406e+00 0.000000000000000000e+00
5.762355957031250000e+03 7.671829700469970703e+00 0.000000000000000000e+00
5.763681640625000000e+03 6.594927787780761719e+00 0.000000000000000000e+00
5.765007812500000000e+03 6.451724052429199219e+00 0.000000000000000000e+00
5.766336914062500000e+03 6.244612216949462891e+00 0.000000000000000000e+00
5.767663574218750000e+03 6.418223381042480469e+00 0.000000000000000000e+00
5.768993652343750000e+03 8.537479400634765625e+00 0.000000000000000000e+00
5.770320800781250000e+03 6.812386512756347656e+00 0.000000000000000000e+00
5.771651367187500000e+03 8.106026649475097656e+00 0.000000000000000000e+00
5.772979003906250000e+03 6.908226966857910156e+00 0.000000000000000000e+00
5.774307128906250000e+03 5.849159717559814453e+00 0.000000000000000000e+00
5.775638671875000000e+03 7.466866016387939453e+00 0.000000000000000000e+00
5.776967285156250000e+03 8.047042846679687500e+00 0.000000000000000000e+00
5.778299316406250000e+03 5.824832439422607422e+00 0.000000000000000000e+00
5.779628906250000000e+03 5.330626487731933594e+00 0.000000000000000000e+00
5.780961425781250000e+03 7.068809986114501953e+00 0.000000000000000000e+00
5.782291503906250000e+03 7.135140419006347656e+00 0.000000000000000000e+00
5.783621582031250000e+03 5.851461887359619141e+00 0.000000000000000000e+00
5.784955566406250000e+03 7.332606792449951172e+00 0.000000000000000000e+00
5.786286132812500000e+03 6.749685764312744141e+00 0.000000000000000000e+00
5.787620605468750000e+03 5.731080532073974609e+00 0.000000000000000000e+00
5.788952148437500000e+03 6.708601474761962891e+00 0.000000000000000000e+00
5.790287109375000000e+03 7.486079692840576172e+00 0.000000000000000000e+00
5.791619140625000000e+03 6.961610317230224609e+00 0.000000000000000000e+00
5.792951171875000000e+03 7.211505413055419922e+00 0.000000000000000000e+00
5.794287109375000000e+03 7.488754749298095703e+00 0.000000000000000000e+00
5.795620117187500000e+03 7.015188694000244141e+00 0.000000000000000000e+00
5.796956542968750000e+03 6.855507373809814453e+00 0.000000000000000000e+00
5.798290039062500000e+03 6.686483383178710938e+00 0.000000000000000000e+00
5.799627441406250000e+03 6.502418518066406250e+00 0.000000000000000000e+00
5.800961425781250000e+03 6.915251731872558594e+00 0.000000000000000000e+00
5.802295898437500000e+03 6.513565063476562500e+00 0.000000000000000000e+00
5.803633789062500000e+03 7.453575611114501953e+00 0.000000000000000000e+00
5.804969238281250000e+03 6.695603370666503906e+00 0.000000000000000000e+00
5.806307617187500000e+03 5.814823627471923828e+00 0.000000000000000000e+00
5.807643554687500000e+03 6.264750957489013672e+00 0.000000000000000000e+00
5.808982421875000000e+03 6.637359619140625000e+00 0.000000000000000000e+00
5.810318847656250000e+03 7.627469539642333984e+00 0.000000000000000000e+00
5.811655761718750000e+03 6.825481891632080078e+00 0.000000000000000000e+00
5.812995605468750000e+03 7.323398113250732422e+00 0.000000000000000000e+00
5.814333007812500000e+03 7.845126152038574219e+00 0.000000000000000000e+00
5.815673828125000000e+03 6.737503528594970703e+00 0.000000000000000000e+00
5.817011718750000000e+03 5.860278606414794922e+00 0.000000000000000000e+00
5.818353027343750000e+03 7.237709522247314453e+00 0.000000000000000000e+00
5.819691406250000000e+03 6.286170959472656250e+00 0.000000000000000000e+00
5.821030273437500000e+03 6.905671596527099609e+00 0.000000000000000000e+00
5.822372558593750000e+03 7.010707855224609375e+00 0.000000000000000000e+00
5.823711914062500000e+03 5.904333114624023438e+00 0.000000000000000000e+00
5.825055175781250000e+03 7.180105686187744141e+00 0.000000000000000000e+00
5.826395019531250000e+03 7.255844116210937500e+00 0.000000000000000000e+00
5.827738769531250000e+03 6.940990447998046875e+00 0.000000000000000000e+00
5.829079101562500000e+03 7.905847072601318359e+00 0.000000000000000000e+00
5.830420410156250000e+03 7.951407432556152344e+00 0.000000000000000000e+00
5.831764648437500000e+03 6.542227745056152344e+00 0.000000000000000000e+00
5.833106445312500000e+03 6.541723728179931641e+00 0.000000000000000000e+00
5.834451660156250000e+03 6.918688297271728516e+00 0.000000000000000000e+00
5.835793457031250000e+03 6.472911357879638672e+00 0.000000000000000000e+00
5.837139648437500000e+03 6.407794952392578125e+00 0.000000000000000000e+00
5.838482421875000000e+03 6.826522827148437500e+00 0.000000000000000000e+00
5.839825195312500000e+03 6.686224937438964844e+00 0.000000000000000000e+00
5.841171875000000000e+03 6.004204750061035156e+00 0.000000000000000000e+00
5.842515625000000000e+03 8.031817436218261719e+00 0.000000000000000000e+00
5.843863281250000000e+03 8.162878990173339844e+00 0.000000000000000000e+00
5.845207519531250000e+03 7.789133071899414062e+00 0.000000000000000000e+00
5.846555175781250000e+03 7.888493061065673828e+00 0.000000000000000000e+00
5.847900390625000000e+03 7.992729187011718750e+00 0.000000000000000000e+00
5.849245605468750000e+03 7.358292102813720703e+00 0.000000000000000000e+00
5.850594238281250000e+03 6.352708816528320312e+00 0.000000000000000000e+00
5.851940429687500000e+03 6.958084106445312500e+00 0.000000000000000000e+00
5.853289550781250000e+03 8.326548576354980469e+00 0.000000000000000000e+00
5.854636230468750000e+03 7.956025123596191406e+00 0.000000000000000000e+00
5.855986328125000000e+03 6.214417457580566406e+00 0.000000000000000000e+00
5.857333496093750000e+03 6.352846622467041016e+00 0.000000000000000000e+00
5.858684082031250000e+03 6.914109230041503906e+00 0.000000000000000000e+00
5.860032226562500000e+03 6.509194374084472656e+00 0.000000000000000000e+00
5.861380371093750000e+03 6.862669467926025391e+00 0.000000000000000000e+00
5.862731933593750000e+03 6.407808303833007812e+00 0.000000000000000000e+00
5.864080566406250000e+03 5.465073585510253906e+00 0.000000000000000000e+00
5.865432617187500000e+03 7.041943550109863281e+00 0.000000000000000000e+00
5.866782226562500000e+03 6.937965869903564453e+00 0.000000000000000000e+00
5.868134765625000000e+03 5.726814270019531250e+00 0.000000000000000000e+00
5.869484863281250000e+03 6.190701484680175781e+00 0.000000000000000000e+00
5.870834960937500000e+03 7.095440387725830078e+00 0.000000000000000000e+00
5.872188964843750000e+03 6.984024047851562500e+00 0.000000000000000000e+00
5.873540039062500000e+03 6.712225914001464844e+00 0.000000000000000000e+00
5.874894042968750000e+03 6.177750110626220703e+00 0.000000000000000000e+00
5.876245605468750000e+03 7.647617816925048828e+00 0.000000000000000000e+00
5.877600585937500000e+03 8.310389518737792969e+00 0.000000000000000000e+00
5.878953125000000000e+03 7.633383274078369141e+00 0.000000000000000000e+00
5.880305175781250000e+03 7.396274089813232422e+00 0.000000000000000000e+00
5.881661132812500000e+03 8.263497352600097656e+00 0.000000000000000000e+00
5.883014648437500000e+03 6.623633384704589844e+00 0.000000000000000000e+00
5.884371093750000000e+03 6.704346656799316406e+00 0.000000000000000000e+00
5.885724609375000000e+03 6.123781204223632812e+00 0.000000000000000000e+00
5.887082031250000000e+03 6.034012794494628906e+00 0.000000000000000000e+00
5.888436523437500000e+03 6.172626972198486328e+00 0.000000000000000000e+00
5.889791015625000000e+03 3.830626010894775391e+00 0.000000000000000000e+00
5.891148925781250000e+03 5.026142120361328125e+00 0.000000000000000000e+00
5.892504394531250000e+03 5.051917552947998047e+00 0.000000000000000000e+00
5.893863281250000000e+03 4.454037666320800781e+00 0.000000000000000000e+00
5.895219238281250000e+03 4.837478637695312500e+00 0.000000000000000000e+00
5.896578613281250000e+03 6.258628368377685547e+00 0.000000000000000000e+00
5.897935058593750000e+03 6.733548164367675781e+00 0.000000000000000000e+00
5.899291992187500000e+03 4.495406150817871094e+00 0.000000000000000000e+00
5.900652343750000000e+03 5.424842357635498047e+00 0.000000000000000000e+00
5.902009765625000000e+03 6.316909313201904297e+00 0.000000000000000000e+00
5.903370605468750000e+03 5.612023830413818359e+00 0.000000000000000000e+00
5.904728515625000000e+03 5.465995311737060547e+00 0.000000000000000000e+00
5.906090332031250000e+03 7.455272197723388672e+00 0.000000000000000000e+00
5.907448730468750000e+03 6.190751552581787109e+00 0.000000000000000000e+00
5.908808105468750000e+03 7.893660068511962891e+00 0.000000000000000000e+00
5.910170410156250000e+03 7.064421176910400391e+00 0.000000000000000000e+00
5.911530273437500000e+03 5.695920944213867188e+00 0.000000000000000000e+00
5.912893066406250000e+03 6.700039386749267578e+00 0.000000000000000000e+00
5.914253417968750000e+03 7.293290615081787109e+00 0.000000000000000000e+00
5.915617187500000000e+03 7.515242099761962891e+00 0.000000000000000000e+00
5.916978027343750000e+03 6.927582263946533203e+00 0.000000000000000000e+00
5.918339355468750000e+03 6.602836608886718750e+00 0.000000000000000000e+00
5.919704101562500000e+03 7.625425338745117188e+00 0.000000000000000000e+00
5.921065917968750000e+03 8.459765434265136719e+00 0.000000000000000000e+00
5.922431152343750000e+03 6.864867210388183594e+00 0.000000000000000000e+00
5.923793945312500000e+03 7.729994773864746094e+00 0.000000000000000000e+00
5.925159667968750000e+03 5.504909992218017578e+00 0.000000000000000000e+00
5.926522949218750000e+03 7.238419532775878906e+00 0.000000000000000000e+00
5.927886230468750000e+03 8.911393165588378906e+00 0.000000000000000000e+00
5.929253417968750000e+03 6.338051319122314453e+00 0.000000000000000000e+00
5.930617187500000000e+03 5.203446865081787109e+00 0.000000000000000000e+00
5.931984863281250000e+03 7.275525569915771484e+00 0.000000000000000000e+00
5.933349609375000000e+03 7.314769268035888672e+00 0.000000000000000000e+00
5.934717773437500000e+03 7.073345661163330078e+00 0.000000000000000000e+00
5.936083007812500000e+03 6.960668563842773438e+00 0.000000000000000000e+00
5.937448730468750000e+03 6.119404792785644531e+00 0.000000000000000000e+00
5.938817871093750000e+03 5.329192161560058594e+00 0.000000000000000000e+00
5.940184082031250000e+03 7.082256317138671875e+00 0.000000000000000000e+00
5.941553710937500000e+03 5.979966640472412109e+00 0.000000000000000000e+00
5.942920410156250000e+03 7.020323276519775391e+00 0.000000000000000000e+00
5.944291015625000000e+03 8.477666854858398438e+00 0.000000000000000000e+00
5.945658691406250000e+03 7.423067092895507812e+00 0.000000000000000000e+00
5.947026367187500000e+03 5.999127864837646484e+00 0.000000000000000000e+00
5.948397460937500000e+03 4.683377742767333984e+00 0.000000000000000000e+00
5.949766113281250000e+03 7.570423603057861328e+00 0.000000000000000000e+00
5.951138183593750000e+03 7.628656387329101562e+00 0.000000000000000000e+00
5.952507324218750000e+03 6.392287254333496094e+00 0.000000000000000000e+00
5.953879882812500000e+03 6.659612655639648438e+00 0.000000000000000000e+00
5.955249511718750000e+03 5.808818817138671875e+00 0.000000000000000000e+00
5.956622558593750000e+03 6.758646965026855469e+00 0.000000000000000000e+00
5.957993164062500000e+03 6.244127750396728516e+00 0.000000000000000000e+00
5.959363769531250000e+03 6.111837387084960938e+00 0.000000000000000000e+00
5.960737792968750000e+03 6.323664665222167969e+00 0.000000000000000000e+00
5.962109375000000000e+03 6.403003215789794922e+00 0.000000000000000000e+00
5.963483886718750000e+03 7.248213768005371094e+00 0.000000000000000000e+00
5.964855957031250000e+03 7.607038021087646484e+00 0.000000000000000000e+00
5.966231445312500000e+03 7.651767730712890625e+00 0.000000000000000000e+00
5.967604003906250000e+03 7.662659645080566406e+00 0.000000000000000000e+00
5.968976562500000000e+03 7.913225173950195312e+00 0.000000000000000000e+00
5.970353027343750000e+03 7.874925613403320312e+00 0.000000000000000000e+00
5.971726562500000000e+03 6.726150989532470703e+00 0.000000000000000000e+00
5.973103515625000000e+03 6.172312259674072266e+00 0.000000000000000000e+00
5.974478027343750000e+03 4.759027481079101562e+00 0.000000000000000000e+00
5.975855468750000000e+03 5.798654079437255859e+00 0.000000000000000000e+00
5.977230468750000000e+03 6.950667381286621094e+00 0.000000000000000000e+00
5.978605468750000000e+03 5.945690631866455078e+00 0.000000000000000000e+00
5.979983886718750000e+03 5.407121181488037109e+00 0.000000000000000000e+00
5.981359863281250000e+03 4.897048473358154297e+00 0.000000000000000000e+00
5.982738769531250000e+03 5.710966110229492188e+00 0.000000000000000000e+00
5.984115234375000000e+03 7.988995075225830078e+00 0.000000000000000000e+00
5.985495117187500000e+03 8.931509971618652344e+00 0.000000000000000000e+00
5.986872070312500000e+03 7.640163421630859375e+00 0.000000000000000000e+00
5.988249511718750000e+03 7.052702903747558594e+00 0.000000000000000000e+00
5.989630371093750000e+03 6.385956287384033203e+00 0.000000000000000000e+00
5.991008300781250000e+03 6.656942367553710938e+00 0.000000000000000000e+00
5.992389648437500000e+03 6.741821289062500000e+00 0.000000000000000000e+00
5.993768066406250000e+03 6.722261905670166016e+00 0.000000000000000000e+00
5.995150390625000000e+03 7.001322746276855469e+00 0.000000000000000000e+00
5.996529785156250000e+03 7.005068778991699219e+00 0.000000000000000000e+00
5.997909179687500000e+03 6.474387168884277344e+00 0.000000000000000000e+00
5.999291992187500000e+03 5.013283729553222656e+00 0.000000000000000000e+00
6.000672363281250000e+03 5.999392032623291016e+00 0.000000000000000000e+00
6.002056152343750000e+03 6.469779491424560547e+00 0.000000000000000000e+00
6.003437011718750000e+03 5.081685066223144531e+00 0.000000000000000000e+00
6.004821289062500000e+03 6.159667015075683594e+00 0.000000000000000000e+00
6.006202636718750000e+03 4.725875854492187500e+00 0.000000000000000000e+00
6.007584472656250000e+03 5.788424968719482422e+00 0.000000000000000000e+00
6.008969726562500000e+03 6.409794807434082031e+00 0.000000000000000000e+00
6.010352050781250000e+03 6.510496616363525391e+00 0.000000000000000000e+00
6.011737792968750000e+03 7.098209857940673828e+00 0.000000000000000000e+00
6.013121093750000000e+03 6.741961956024169922e+00 0.000000000000000000e+00
6.014507812500000000e+03 5.918018341064453125e+00 0.000000000000000000e+00
6.015891113281250000e+03 5.036313533782958984e+00 0.000000000000000000e+00
6.017275390625000000e+03 5.572794437408447266e+00 0.000000000000000000e+00
6.018662597656250000e+03 5.862877845764160156e+00 0.000000000000000000e+00
6.020047363281250000e+03 4.794576644897460938e+00 0.000000000000000000e+00
6.021435546875000000e+03 4.582172393798828125e+00 0.000000000000000000e+00
6.022820800781250000e+03 5.229784488677978516e+00 0.000000000000000000e+00
6.024209472656250000e+03 5.832914352416992188e+00 0.000000000000000000e+00
6.025595703125000000e+03 6.287148952484130859e+00 0.000000000000000000e+00
6.026981445312500000e+03 5.290326595306396484e+00 0.000000000000000000e+00
6.028371582031250000e+03 4.238342761993408203e+00 0.000000000000000000e+00
6.029758300781250000e+03 6.464915752410888672e+00 0.000000000000000000e+00
6.031148925781250000e+03 4.998050689697265625e+00 0.000000000000000000e+00
6.032536132812500000e+03 7.575631141662597656e+00 0.000000000000000000e+00
6.033927246093750000e+03 6.618367195129394531e+00 0.000000000000000000e+00
6.035315429687500000e+03 4.265611171722412109e+00 0.000000000000000000e+00
6.036703613281250000e+03 5.615377902984619141e+00 0.000000000000000000e+00
6.038095703125000000e+03 6.942608356475830078e+00 0.000000000000000000e+00
6.039484863281250000e+03 4.938111782073974609e+00 0.000000000000000000e+00
6.040877441406250000e+03 4.720197677612304688e+00 0.000000000000000000e+00
6.042267089843750000e+03 6.010487556457519531e+00 0.000000000000000000e+00
6.043660644531250000e+03 6.737831115722656250e+00 0.000000000000000000e+00
6.045050781250000000e+03 6.161216259002685547e+00 0.000000000000000000e+00
6.046441406250000000e+03 5.607367038726806641e+00 0.000000000000000000e+00
6.047835937500000000e+03 6.048367500305175781e+00 0.000000000000000000e+00
6.049227050781250000e+03 7.241008281707763672e+00 0.000000000000000000e+00
6.050622070312500000e+03 7.357973098754882812e+00 0.000000000000000000e+00
6.052014160156250000e+03 5.796256065368652344e+00 0.000000000000000000e+00
6.053409667968750000e+03 4.707106590270996094e+00 0.000000000000000000e+00
6.054802246093750000e+03 6.699867725372314453e+00 0.000000000000000000e+00
6.056195312500000000e+03 6.861896991729736328e+00 0.000000000000000000e+00
6.057591796875000000e+03 6.312602519989013672e+00 0.000000000000000000e+00
6.058985351562500000e+03 5.599944114685058594e+00 0.000000000000000000e+00
6.060382324218750000e+03 6.170478820800781250e+00 0.000000000000000000e+00
6.061776367187500000e+03 6.689307212829589844e+00 0.000000000000000000e+00
6.063174316406250000e+03 3.609546661376953125e+00 0.000000000000000000e+00
6.064569335937500000e+03 4.268393516540527344e+00 0.000000000000000000e+00
6.065967773437500000e+03 5.993349075317382812e+00 0.000000000000000000e+00
6.067363281250000000e+03 5.784378528594970703e+00 0.000000000000000000e+00
6.068758789062500000e+03 5.833988666534423828e+00 0.000000000000000000e+00
6.070158203125000000e+03 6.262217521667480469e+00 0.000000000000000000e+00
6.071554687500000000e+03 3.344328641891479492e+00 0.000000000000000000e+00
6.072955078125000000e+03 6.327076911926269531e+00 0.000000000000000000e+00
6.074352050781250000e+03 6.039208412170410156e+00 0.000000000000000000e+00
6.075752929687500000e+03 6.528670787811279297e+00 0.000000000000000000e+00
6.077150390625000000e+03 6.065578937530517578e+00 0.000000000000000000e+00
6.078548339843750000e+03 3.773069143295288086e+00 0.000000000000000000e+00
6.079950195312500000e+03 5.812557697296142578e+00 0.000000000000000000e+00
6.081349121093750000e+03 4.329299449920654297e+00 0.000000000000000000e+00
6.082751464843750000e+03 4.414649963378906250e+00 0.000000000000000000e+00
6.084150390625000000e+03 6.045984745025634766e+00 0.000000000000000000e+00
6.085553710937500000e+03 6.252396106719970703e+00 0.000000000000000000e+00
6.086953613281250000e+03 4.846973419189453125e+00 0.000000000000000000e+00
6.088354003906250000e+03 5.289676666259765625e+00 0.000000000000000000e+00
6.089757812500000000e+03 4.783210754394531250e+00 0.000000000000000000e+00
6.091158691406250000e+03 5.789344310760498047e+00 0.000000000000000000e+00
6.092563476562500000e+03 5.422930717468261719e+00 0.000000000000000000e+00
6.093964843750000000e+03 5.202272891998291016e+00 0.000000000000000000e+00
6.095370117187500000e+03 6.465854644775390625e+00 0.000000000000000000e+00
6.096772460937500000e+03 5.789597511291503906e+00 0.000000000000000000e+00
6.098174804687500000e+03 5.842160701751708984e+00 0.000000000000000000e+00
6.099581054687500000e+03 6.268634796142578125e+00 0.000000000000000000e+00
6.100984375000000000e+03 4.542264461517333984e+00 0.000000000000000000e+00
6.102391113281250000e+03 3.578030347824096680e+00 0.000000000000000000e+00
6.103794921875000000e+03 5.067402362823486328e+00 0.000000000000000000e+00
6.105202636718750000e+03 4.657643795013427734e+00 0.000000000000000000e+00
6.106606933593750000e+03 5.204407691955566406e+00 0.000000000000000000e+00
6.108011718750000000e+03 5.155446529388427734e+00 0.000000000000000000e+00
6.109420410156250000e+03 4.868869781494140625e+00 0.000000000000000000e+00
6.110825683593750000e+03 5.890755653381347656e+00 0.000000000000000000e+00
6.112234863281250000e+03 7.094080448150634766e+00 0.000000000000000000e+00
6.113641113281250000e+03 4.965497016906738281e+00 0.000000000000000000e+00
6.115050781250000000e+03 4.712737083435058594e+00 0.000000000000000000e+00
6.116457519531250000e+03 5.731576442718505859e+00 0.000000000000000000e+00
6.117864746093750000e+03 5.888401985168457031e+00 0.000000000000000000e+00
6.119275390625000000e+03 6.009342670440673828e+00 0.000000000000000000e+00
6.120683105468750000e+03 6.416613101959228516e+00 0.000000000000000000e+00
6.122094726562500000e+03 4.981886863708496094e+00 0.000000000000000000e+00
6.123502929687500000e+03 5.408226013183593750e+00 0.000000000000000000e+00
6.124915039062500000e+03 5.395010471343994141e+00 0.000000000000000000e+00
6.126324218750000000e+03 4.593908786773681641e+00 0.000000000000000000e+00
6.127733398437500000e+03 4.884069442749023438e+00 0.000000000000000000e+00
6.129146484375000000e+03 6.113254070281982422e+00 0.000000000000000000e+00
6.130556640625000000e+03 4.892960548400878906e+00 0.000000000000000000e+00
6.131970214843750000e+03 4.153260231018066406e+00 0.000000000000000000e+00
6.133380859375000000e+03 4.890573978424072266e+00 0.000000000000000000e+00
6.134795410156250000e+03 6.489908695220947266e+00 0.000000000000000000e+00
6.136206542968750000e+03 5.464812755584716797e+00 0.000000000000000000e+00
6.137618164062500000e+03 2.929609537124633789e+00 0.000000000000000000e+00
6.139033691406250000e+03 5.897283554077148438e+00 0.000000000000000000e+00
6.140445800781250000e+03 5.616018295288085938e+00 0.000000000000000000e+00
6.141861816406250000e+03 6.145905971527099609e+00 0.000000000000000000e+00
6.143274902343750000e+03 5.636798381805419922e+00 0.000000000000000000e+00
6.144691406250000000e+03 4.748310089111328125e+00 0.000000000000000000e+00
6.146104980468750000e+03 5.380479812622070312e+00 0.000000000000000000e+00
6.147518554687500000e+03 5.974948883056640625e+00 0.000000000000000000e+00
6.148936523437500000e+03 4.716069698333740234e+00 0.000000000000000000e+00
6.150351074218750000e+03 6.636466503143310547e+00 0.000000000000000000e+00
6.151769042968750000e+03 6.341059207916259766e+00 0.000000000000000000e+00
6.153184570312500000e+03 5.034847259521484375e+00 0.000000000000000000e+00
6.154603515625000000e+03 5.551578521728515625e+00 0.000000000000000000e+00
6.156019042968750000e+03 4.294582366943359375e+00 0.000000000000000000e+00
6.157435546875000000e+03 4.449270248413085938e+00 0.000000000000000000e+00
6.158855468750000000e+03 3.745611667633056641e+00 0.000000000000000000e+00
6.160271972656250000e+03 4.754446506500244141e+00 0.000000000000000000e+00
6.161692871093750000e+03 5.447025299072265625e+00 0.000000000000000000e+00
6.163110351562500000e+03 4.217833995819091797e+00 0.000000000000000000e+00
6.164531250000000000e+03 5.272181034088134766e+00 0.000000000000000000e+00
6.165949707031250000e+03 5.267003536224365234e+00 0.000000000000000000e+00
6.167368164062500000e+03 5.845106601715087891e+00 0.000000000000000000e+00
6.168790039062500000e+03 4.970292091369628906e+00 0.000000000000000000e+00
6.170209472656250000e+03 4.631015300750732422e+00 0.000000000000000000e+00
6.171632324218750000e+03 6.258483409881591797e+00 0.000000000000000000e+00
6.173051757812500000e+03 5.633811950683593750e+00 0.000000000000000000e+00
6.174475585937500000e+03 4.414006233215332031e+00 0.000000000000000000e+00
6.175895996093750000e+03 4.628223896026611328e+00 0.000000000000000000e+00
6.177319824218750000e+03 5.253093242645263672e+00 0.000000000000000000e+00
6.178741210937500000e+03 4.764960765838623047e+00 0.000000000000000000e+00
6.180162597656250000e+03 3.795749425888061523e+00 0.000000000000000000e+00
6.181587402343750000e+03 4.910109519958496094e+00 0.000000000000000000e+00
6.183009765625000000e+03 5.677627086639404297e+00 0.000000000000000000e+00
6.184435546875000000e+03 5.208187103271484375e+00 0.000000000000000000e+00
6.185857910156250000e+03 5.147649288177490234e+00 0.000000000000000000e+00
6.187284667968750000e+03 5.311510086059570312e+00 0.000000000000000000e+00
6.188708007812500000e+03 5.177881240844726562e+00 0.000000000000000000e+00
6.190131835937500000e+03 5.791023731231689453e+00 0.000000000000000000e+00
6.191559082031250000e+03 5.328548431396484375e+00 0.000000000000000000e+00
6.192983398437500000e+03 5.956999301910400391e+00 0.000000000000000000e+00
6.194411621093750000e+03 5.584702968597412109e+00 0.000000000000000000e+00
6.195836425781250000e+03 4.530904769897460938e+00 0.000000000000000000e+00
6.197265136718750000e+03 4.814583778381347656e+00 0.000000000000000000e+00
6.198690917968750000e+03 5.828888893127441406e+00 0.000000000000000000e+00
6.200117187500000000e+03 4.155390262603759766e+00 0.000000000000000000e+00
6.201546875000000000e+03 3.166198253631591797e+00 0.000000000000000000e+00
6.202973144531250000e+03 4.668508529663085938e+00 0.000000000000000000e+00
6.204403808593750000e+03 6.374244213104248047e+00 0.000000000000000000e+00
6.205831054687500000e+03 5.889596462249755859e+00 0.000000000000000000e+00
6.207262207031250000e+03 5.017943859100341797e+00 0.000000000000000000e+00
6.208689941406250000e+03 5.935309410095214844e+00 0.000000000000000000e+00
6.210118164062500000e+03 6.438675403594970703e+00 0.000000000000000000e+00
6.211550292968750000e+03 5.068567276000976562e+00 0.000000000000000000e+00
6.212979492187500000e+03 4.445825099945068359e+00 0.000000000000000000e+00
6.214412109375000000e+03 5.622758865356445312e+00 0.000000000000000000e+00
6.215841796875000000e+03 4.577008724212646484e+00 0.000000000000000000e+00
6.217274902343750000e+03 5.732542991638183594e+00 0.000000000000000000e+00
6.218705566406250000e+03 5.631445407867431641e+00 0.000000000000000000e+00
6.220135742187500000e+03 4.731680393218994141e+00 0.000000000000000000e+00
6.221570312500000000e+03 4.512417793273925781e+00 0.000000000000000000e+00
6.223001464843750000e+03 5.170719146728515625e+00 0.000000000000000000e+00
6.224436523437500000e+03 5.305680751800537109e+00 0.000000000000000000e+00
6.225868652343750000e+03 4.403589248657226562e+00 0.000000000000000000e+00
6.227304199218750000e+03 6.833941459655761719e+00 0.000000000000000000e+00
6.228736816406250000e+03 6.498502254486083984e+00 0.000000000000000000e+00
6.230169433593750000e+03 3.997295379638671875e+00 0.000000000000000000e+00
6.231606445312500000e+03 4.423987388610839844e+00 0.000000000000000000e+00
6.233040039062500000e+03 6.842437267303466797e+00 0.000000000000000000e+00
6.234477050781250000e+03 6.382765769958496094e+00 0.000000000000000000e+00
6.235911621093750000e+03 6.497318267822265625e+00 0.000000000000000000e+00
6.237349609375000000e+03 4.982873439788818359e+00 0.000000000000000000e+00
6.238784179687500000e+03 4.824648380279541016e+00 0.000000000000000000e+00
6.240219726562500000e+03 7.575190067291259766e+00 0.000000000000000000e+00
6.241658691406250000e+03 5.867642402648925781e+00 0.000000000000000000e+00
6.243094238281250000e+03 5.084873676300048828e+00 0.000000000000000000e+00
6.244534179687500000e+03 5.100770950317382812e+00 0.000000000000000000e+00
6.245970703125000000e+03 4.171458721160888672e+00 0.000000000000000000e+00
6.247411132812500000e+03 4.553179740905761719e+00 0.000000000000000000e+00
6.248848144531250000e+03 6.880820751190185547e+00 0.000000000000000000e+00
6.250285644531250000e+03 5.598850250244140625e+00 0.000000000000000000e+00
6.251727050781250000e+03 4.664552211761474609e+00 0.000000000000000000e+00
6.253165039062500000e+03 5.266080379486083984e+00 0.000000000000000000e+00
6.254606933593750000e+03 6.299624919891357422e+00 0.000000000000000000e+00
6.256045898437500000e+03 6.906388759613037109e+00 0.000000000000000000e+00
6.257488769531250000e+03 6.863785266876220703e+00 0.000000000000000000e+00
6.258928222656250000e+03 6.043345451354980469e+00 0.000000000000000000e+00
6.260368164062500000e+03 4.621040344238281250e+00 0.000000000000000000e+00
6.261811523437500000e+03 5.830840110778808594e+00 0.000000000000000000e+00
6.263251953125000000e+03 5.276180744171142578e+00 0.000000000000000000e+00
6.264696289062500000e+03 4.683368206024169922e+00 0.000000000000000000e+00
6.266137695312500000e+03 6.410978317260742188e+00 0.000000000000000000e+00
6.267582519531250000e+03 5.158815860748291016e+00 0.000000000000000000e+00
6.269024414062500000e+03 6.543502330780029297e+00 0.000000000000000000e+00
6.270466796875000000e+03 5.489250659942626953e+00 0.000000000000000000e+00
6.271912597656250000e+03 6.138349056243896484e+00 0.000000000000000000e+00
6.273355468750000000e+03 6.477997779846191406e+00 0.000000000000000000e+00
6.274802246093750000e+03 3.811119794845581055e+00 0.000000000000000000e+00
6.276245605468750000e+03 4.716590881347656250e+00 0.000000000000000000e+00
6.277692871093750000e+03 4.997632026672363281e+00 0.000000000000000000e+00
6.279137207031250000e+03 5.648953437805175781e+00 0.000000000000000000e+00
6.280581542968750000e+03 5.668430805206298828e+00 0.000000000000000000e+00
6.282029785156250000e+03 5.604325771331787109e+00 0.000000000000000000e+00
6.283475097656250000e+03 6.002307415008544922e+00 0.000000000000000000e+00
6.284923828125000000e+03 4.937225818634033203e+00 0.000000000000000000e+00
6.286369628906250000e+03 4.415997028350830078e+00 0.000000000000000000e+00
6.287819335937500000e+03 6.142124176025390625e+00 0.000000000000000000e+00
6.289266113281250000e+03 5.630446434020996094e+00 0.000000000000000000e+00
6.290716308593750000e+03 4.904357433319091797e+00 0.000000000000000000e+00
6.292163574218750000e+03 6.577586650848388672e+00 0.000000000000000000e+00
6.293610839843750000e+03 5.154252529144287109e+00 0.000000000000000000e+00
6.295062011718750000e+03 6.078082561492919922e+00 0.000000000000000000e+00
6.296510253906250000e+03 4.809156417846679688e+00 0.000000000000000000e+00
6.297962402343750000e+03 3.024207115173339844e+00 0.000000000000000000e+00
6.299411132812500000e+03 2.773901224136352539e+00 0.000000000000000000e+00
6.300863769531250000e+03 4.447605133056640625e+00 0.000000000000000000e+00
6.302313476562500000e+03 7.607637882232666016e+00 0.000000000000000000e+00
6.303763183593750000e+03 9.118400573730468750e+00 0.000000000000000000e+00
6.305216796875000000e+03 4.583816528320312500e+00 0.000000000000000000e+00
6.306667480468750000e+03 4.238371372222900391e+00 0.000000000000000000e+00
6.308121582031250000e+03 6.921661853790283203e+00 0.000000000000000000e+00
6.309572753906250000e+03 5.817798614501953125e+00 0.000000000000000000e+00
6.311027832031250000e+03 5.650650978088378906e+00 0.000000000000000000e+00
6.312479492187500000e+03 5.771728992462158203e+00 0.000000000000000000e+00
6.313931640625000000e+03 5.852350711822509766e+00 0.000000000000000000e+00
6.315387695312500000e+03 4.975353240966796875e+00 0.000000000000000000e+00
6.316840332031250000e+03 5.042989730834960938e+00 0.000000000000000000e+00
6.318297363281250000e+03 6.845061302185058594e+00 0.000000000000000000e+00
6.319750976562500000e+03 6.026854038238525391e+00 0.000000000000000000e+00
6.321208007812500000e+03 4.888852596282958984e+00 0.000000000000000000e+00
6.322662109375000000e+03 5.785473346710205078e+00 0.000000000000000000e+00
6.324116699218750000e+03 5.258313655853271484e+00 0.000000000000000000e+00
6.325575195312500000e+03 4.225333690643310547e+00 0.000000000000000000e+00
6.327030273437500000e+03 4.875865459442138672e+00 0.000000000000000000e+00
6.328489257812500000e+03 4.201186656951904297e+00 0.000000000000000000e+00
6.329945312500000000e+03 6.011604785919189453e+00 0.000000000000000000e+00
6.331404785156250000e+03 5.558640480041503906e+00 0.000000000000000000e+00
6.332861328125000000e+03 5.105781555175781250e+00 0.000000000000000000e+00
6.334318359375000000e+03 4.882727622985839844e+00 0.000000000000000000e+00
6.335778808593750000e+03 4.186657428741455078e+00 0.000000000000000000e+00
6.337236328125000000e+03 5.890886306762695312e+00 0.000000000000000000e+00
6.338697753906250000e+03 5.626517295837402344e+00 0.000000000000000000e+00
6.340155761718750000e+03 6.119648933410644531e+00 0.000000000000000000e+00
6.341618164062500000e+03 6.164932250976562500e+00 0.000000000000000000e+00
6.343076660156250000e+03 5.787787914276123047e+00 0.000000000000000000e+00
6.344536132812500000e+03 5.702616214752197266e+00 0.000000000000000000e+00
6.345999023437500000e+03 4.565993309020996094e+00 0.000000000000000000e+00
6.347458984375000000e+03 5.201395034790039062e+00 0.000000000000000000e+00
6.348922851562500000e+03 5.000054836273193359e+00 0.000000000000000000e+00
6.350383300781250000e+03 5.060401439666748047e+00 0.000000000000000000e+00
6.351847656250000000e+03 5.718439102172851562e+00 0.000000000000000000e+00
6.353309082031250000e+03 5.794194698333740234e+00 0.000000000000000000e+00
6.354770507812500000e+03 5.030528068542480469e+00 0.000000000000000000e+00
6.356235839843750000e+03 4.684505462646484375e+00 0.000000000000000000e+00
6.357698242187500000e+03 4.939324378967285156e+00 0.000000000000000000e+00
6.359164062500000000e+03 4.793623924255371094e+00 0.000000000000000000e+00
6.360626953125000000e+03 4.989211082458496094e+00 0.000000000000000000e+00
6.362093750000000000e+03 5.498061656951904297e+00 0.000000000000000000e+00
6.363557617187500000e+03 3.813173770904541016e+00 0.000000000000000000e+00
6.365021484375000000e+03 6.610310554504394531e+00 0.000000000000000000e+00
6.366489257812500000e+03 7.814156055450439453e+00 0.000000000000000000e+00
6.367953613281250000e+03 7.029389381408691406e+00 0.000000000000000000e+00
6.369422363281250000e+03 5.956352710723876953e+00 0.000000000000000000e+00
6.370887695312500000e+03 5.462905883789062500e+00 0.000000000000000000e+00
6.372356445312500000e+03 5.330379962921142578e+00 0.000000000000000000e+00
6.373822753906250000e+03 4.766266822814941406e+00 0.000000000000000000e+00
6.375288574218750000e+03 4.683691501617431641e+00 0.000000000000000000e+00
6.376758789062500000e+03 5.494404315948486328e+00 0.000000000000000000e+00
6.378226074218750000e+03 5.391201972961425781e+00 0.000000000000000000e+00
6.379696777343750000e+03 3.953296899795532227e+00 0.000000000000000000e+00
6.381164550781250000e+03 5.044224739074707031e+00 0.000000000000000000e+00
6.382635742187500000e+03 4.939276695251464844e+00 0.000000000000000000e+00
6.384104003906250000e+03 5.185748577117919922e+00 0.000000000000000000e+00
6.385572753906250000e+03 4.951320171356201172e+00 0.000000000000000000e+00
6.387045410156250000e+03 4.874537944793701172e+00 0.000000000000000000e+00
6.388514648437500000e+03 5.777449131011962891e+00 0.000000000000000000e+00
6.389987792968750000e+03 5.264238357543945312e+00 0.000000000000000000e+00
6.391458007812500000e+03 4.276051998138427734e+00 0.000000000000000000e+00
6.392931640625000000e+03 5.277842044830322266e+00 0.000000000000000000e+00
6.394402343750000000e+03 5.306819438934326172e+00 0.000000000000000000e+00
6.395873535156250000e+03 4.976817131042480469e+00 0.000000000000000000e+00
6.397348144531250000e+03 6.105385303497314453e+00 0.000000000000000000e+00
6.398819824218750000e+03 5.103664398193359375e+00 0.000000000000000000e+00
6.400295410156250000e+03 4.592066287994384766e+00 0.000000000000000000e+00
6.401768066406250000e+03 5.929302692413330078e+00 0.000000000000000000e+00
6.403244140625000000e+03 6.629190444946289062e+00 0.000000000000000000e+00
6.404717285156250000e+03 5.962091922760009766e+00 0.000000000000000000e+00
6.406194335937500000e+03 5.320292949676513672e+00 0.000000000000000000e+00
6.407667968750000000e+03 5.154100894927978516e+00 0.000000000000000000e+00
6.409142089843750000e+03 4.805648326873779297e+00 0.000000000000000000e+00
6.410619628906250000e+03 4.780372142791748047e+00 0.000000000000000000e+00
6.412094726562500000e+03 5.195055484771728516e+00 0.000000000000000000e+00
6.413573242187500000e+03 5.025963306427001953e+00 0.000000000000000000e+00
6.415048828125000000e+03 4.311660289764404297e+00 0.000000000000000000e+00
6.416527832031250000e+03 5.541058063507080078e+00 0.000000000000000000e+00
6.418003906250000000e+03 5.291922569274902344e+00 0.000000000000000000e+00
6.419480468750000000e+03 5.408302307128906250e+00 0.000000000000000000e+00
6.420960937500000000e+03 5.184285163879394531e+00 0.000000000000000000e+00
6.422437988281250000e+03 5.470456123352050781e+00 0.000000000000000000e+00
6.423918945312500000e+03 6.711445331573486328e+00 0.000000000000000000e+00
6.425396972656250000e+03 5.272633552551269531e+00 0.000000000000000000e+00
6.426878417968750000e+03 4.712597370147705078e+00 0.000000000000000000e+00
6.428356933593750000e+03 4.586421012878417969e+00 0.000000000000000000e+00
6.429835937500000000e+03 4.777452945709228516e+00 0.000000000000000000e+00
6.431318359375000000e+03 5.443499565124511719e+00 0.000000000000000000e+00
6.432797851562500000e+03 5.881056308746337891e+00 0.000000000000000000e+00
6.434281250000000000e+03 4.833333015441894531e+00 0.000000000000000000e+00
6.435761718750000000e+03 5.585365295410156250e+00 0.000000000000000000e+00
6.437245605468750000e+03 6.046399116516113281e+00 0.000000000000000000e+00
6.438726562500000000e+03 6.092372417449951172e+00 0.000000000000000000e+00
6.440208007812500000e+03 5.851553916931152344e+00 0.000000000000000000e+00
6.441692871093750000e+03 5.296200752258300781e+00 0.000000000000000000e+00
6.443174804687500000e+03 5.197010040283203125e+00 0.000000000000000000e+00
6.444660644531250000e+03 5.130509376525878906e+00 0.000000000000000000e+00
6.446143066406250000e+03 4.537550449371337891e+00 0.000000000000000000e+00
6.447629394531250000e+03 4.962750434875488281e+00 0.000000000000000000e+00
6.449112792968750000e+03 5.476930141448974609e+00 0.000000000000000000e+00
6.450596679687500000e+03 4.480644226074218750e+00 0.000000000000000000e+00
6.452083984375000000e+03 4.359492778778076172e+00 0.000000000000000000e+00
6.453568359375000000e+03 5.068944931030273438e+00 0.000000000000000000e+00
6.455056640625000000e+03 5.212793827056884766e+00 0.000000000000000000e+00
6.456541503906250000e+03 5.507112503051757812e+00 0.000000000000000000e+00
6.458030273437500000e+03 5.772077083587646484e+00 0.000000000000000000e+00
6.459516113281250000e+03 5.478864192962646484e+00 0.000000000000000000e+00
6.461001953125000000e+03 5.816066741943359375e+00 0.000000000000000000e+00
6.462491699218750000e+03 4.857089996337890625e+00 0.000000000000000000e+00
6.463978515625000000e+03 5.012857437133789062e+00 0.000000000000000000e+00
6.465469238281250000e+03 5.005373954772949219e+00 0.000000000000000000e+00
6.466956542968750000e+03 4.788965702056884766e+00 0.000000000000000000e+00
6.468447753906250000e+03 5.508606433868408203e+00 0.000000000000000000e+00
6.469936035156250000e+03 5.731909275054931641e+00 0.000000000000000000e+00
6.471424316406250000e+03 4.947098255157470703e+00 0.000000000000000000e+00
6.472916503906250000e+03 5.581907749176025391e+00 0.000000000000000000e+00
6.474405761718750000e+03 5.760269641876220703e+00 0.000000000000000000e+00
6.475898437500000000e+03 5.083477973937988281e+00 0.000000000000000000e+00
6.477388183593750000e+03 4.852403640747070312e+00 0.000000000000000000e+00
6.478881835937500000e+03 4.562894344329833984e+00 0.000000000000000000e+00
6.480372558593750000e+03 6.075303077697753906e+00 0.000000000000000000e+00
6.481863281250000000e+03 5.750201702117919922e+00 0.000000000000000000e+00
6.483357910156250000e+03 5.395012855529785156e+00 0.000000000000000000e+00
6.484849609375000000e+03 5.490164279937744141e+00 0.000000000000000000e+00
6.486344726562500000e+03 4.604180335998535156e+00 0.000000000000000000e+00
6.487836914062500000e+03 4.196921825408935547e+00 0.000000000000000000e+00
6.489333007812500000e+03 5.658896923065185547e+00 0.000000000000000000e+00
6.490826171875000000e+03 5.572448253631591797e+00 0.000000000000000000e+00
6.492319335937500000e+03 5.259424209594726562e+00 0.000000000000000000e+00
6.493816406250000000e+03 4.802989959716796875e+00 0.000000000000000000e+00
6.495310058593750000e+03 3.732885122299194336e+00 0.000000000000000000e+00
6.496808105468750000e+03 5.160479068756103516e+00 0.000000000000000000e+00
6.498302734375000000e+03 4.881312370300292969e+00 0.000000000000000000e+00
6.499801269531250000e+03 4.063959121704101562e+00 0.000000000000000000e+00
6.501296386718750000e+03 4.380392551422119141e+00 0.000000000000000000e+00
6.502791992187500000e+03 4.856986999511718750e+00 0.000000000000000000e+00
6.504291503906250000e+03 4.486098289489746094e+00 0.000000000000000000e+00
6.505787597656250000e+03 5.796683788299560547e+00 0.000000000000000000e+00
6.507288085937500000e+03 5.370491027832031250e+00 0.000000000000000000e+00
6.508785156250000000e+03 3.950045347213745117e+00 0.000000000000000000e+00
6.510286132812500000e+03 3.677921772003173828e+00 0.000000000000000000e+00
6.511783691406250000e+03 4.854817390441894531e+00 0.000000000000000000e+00
6.513281738281250000e+03 5.548929214477539062e+00 0.000000000000000000e+00
6.514783691406250000e+03 4.280268192291259766e+00 0.000000000000000000e+00
6.516282226562500000e+03 5.228535175323486328e+00 0.000000000000000000e+00
6.517785156250000000e+03 4.941524505615234375e+00 0.000000000000000000e+00
6.519284179687500000e+03 4.725610256195068359e+00 0.000000000000000000e+00
6.520787597656250000e+03 4.879954814910888672e+00 0.000000000000000000e+00
6.522287597656250000e+03 4.113458156585693359e+00 0.000000000000000000e+00
6.523791992187500000e+03 4.049082279205322266e+00 0.000000000000000000e+00
6.525292480468750000e+03 5.127911090850830078e+00 0.000000000000000000e+00
6.526793945312500000e+03 5.828005790710449219e+00 0.000000000000000000e+00
6.528298828125000000e+03 5.434209346771240234e+00 0.000000000000000000e+00
6.529800781250000000e+03 5.021862506866455078e+00 0.000000000000000000e+00
6.531306152343750000e+03 5.342369556427001953e+00 0.000000000000000000e+00
6.532809082031250000e+03 4.312911987304687500e+00 0.000000000000000000e+00
6.534315429687500000e+03 3.657101869583129883e+00 0.000000000000000000e+00
6.535818359375000000e+03 4.643753051757812500e+00 0.000000000000000000e+00
6.537322265625000000e+03 5.472427845001220703e+00 0.000000000000000000e+00
6.538829589843750000e+03 4.867163658142089844e+00 0.000000000000000000e+00
6.540333984375000000e+03 3.605329513549804688e+00 0.000000000000000000e+00
6.541842285156250000e+03 3.500126123428344727e+00 0.000000000000000000e+00
6.543347167968750000e+03 4.679336071014404297e+00 0.000000000000000000e+00
6.544855957031250000e+03 4.920154094696044922e+00 0.000000000000000000e+00
6.546361328125000000e+03 5.268094539642333984e+00 0.000000000000000000e+00
6.547867675781250000e+03 5.368181228637695312e+00 0.000000000000000000e+00
6.549377441406250000e+03 4.267425060272216797e+00 0.000000000000000000e+00
6.550884277343750000e+03 4.667414188385009766e+00 0.000000000000000000e+00
6.552394531250000000e+03 4.773624420166015625e+00 0.000000000000000000e+00
6.553901855468750000e+03 4.991469383239746094e+00 0.000000000000000000e+00
6.555413574218750000e+03 5.511903762817382812e+00 0.000000000000000000e+00
6.556921386718750000e+03 6.009300708770751953e+00 0.000000000000000000e+00
6.558429687500000000e+03 5.745481967926025391e+00 0.000000000000000000e+00
6.559942382812500000e+03 4.335262775421142578e+00 0.000000000000000000e+00
6.561451171875000000e+03 4.592994689941406250e+00 0.000000000000000000e+00
6.562964355468750000e+03 5.172384738922119141e+00 0.000000000000000000e+00
6.564474121093750000e+03 4.879821300506591797e+00 0.000000000000000000e+00
6.565987792968750000e+03 4.020493507385253906e+00 0.000000000000000000e+00
6.567498535156250000e+03 3.912702560424804688e+00 0.000000000000000000e+00
6.569009277343750000e+03 5.056812763214111328e+00 0.000000000000000000e+00
6.570523925781250000e+03 4.902344703674316406e+00 0.000000000000000000e+00
6.572035644531250000e+03 4.321095943450927734e+00 0.000000000000000000e+00
6.573551269531250000e+03 4.602702617645263672e+00 0.000000000000000000e+00
6.575063476562500000e+03 5.089022636413574219e+00 0.000000000000000000e+00
6.576579589843750000e+03 4.769237518310546875e+00 0.000000000000000000e+00
6.578092285156250000e+03 5.436300754547119141e+00 0.000000000000000000e+00
6.579605957031250000e+03 6.172070980072021484e+00 0.000000000000000000e+00
6.581123046875000000e+03 4.554221630096435547e+00 0.000000000000000000e+00
6.582637207031250000e+03 3.952081203460693359e+00 0.000000000000000000e+00
6.584154785156250000e+03 5.044583797454833984e+00 0.000000000000000000e+00
6.585669433593750000e+03 5.039939403533935547e+00 0.000000000000000000e+00
6.587188476562500000e+03 4.683483123779296875e+00 0.000000000000000000e+00
6.588703613281250000e+03 6.244599819183349609e+00 0.000000000000000000e+00
6.590219238281250000e+03 5.969015598297119141e+00 0.000000000000000000e+00
6.591739257812500000e+03 4.884847164154052734e+00 0.000000000000000000e+00
6.593255371093750000e+03 4.944914340972900391e+00 0.000000000000000000e+00
6.594775878906250000e+03 5.652836799621582031e+00 0.000000000000000000e+00
6.596292968750000000e+03 4.730905532836914062e+00 0.000000000000000000e+00
6.597813964843750000e+03 4.608294486999511719e+00 0.000000000000000000e+00
6.599332031250000000e+03 3.947617292404174805e+00 0.000000000000000000e+00
6.600850097656250000e+03 3.926883935928344727e+00 0.000000000000000000e+00
6.602372070312500000e+03 4.742296218872070312e+00 0.000000000000000000e+00
6.603891113281250000e+03 5.051928997039794922e+00 0.000000000000000000e+00
6.605414062500000000e+03 5.008234977722167969e+00 0.000000000000000000e+00
6.606933593750000000e+03 4.516705513000488281e+00 0.000000000000000000e+00
6.608457031250000000e+03 4.364295482635498047e+00 0.000000000000000000e+00
6.609977050781250000e+03 4.202443599700927734e+00 0.000000000000000000e+00
6.611498046875000000e+03 4.384369373321533203e+00 0.000000000000000000e+00
6.613022460937500000e+03 5.343298912048339844e+00 0.000000000000000000e+00
6.614543945312500000e+03 5.307829380035400391e+00 0.000000000000000000e+00
6.616069335937500000e+03 5.024431228637695312e+00 0.000000000000000000e+00
6.617591308593750000e+03 5.432147979736328125e+00 0.000000000000000000e+00
6.619117187500000000e+03 5.180530071258544922e+00 0.000000000000000000e+00
6.620639648437500000e+03 4.735893726348876953e+00 0.000000000000000000e+00
6.622163085937500000e+03 5.462319850921630859e+00 0.000000000000000000e+00
6.623689941406250000e+03 5.067906856536865234e+00 0.000000000000000000e+00
6.625213867187500000e+03 4.647433757781982422e+00 0.000000000000000000e+00
6.626741699218750000e+03 4.344692707061767578e+00 0.000000000000000000e+00
6.628266113281250000e+03 4.861287117004394531e+00 0.000000000000000000e+00
6.629794433593750000e+03 5.805158615112304688e+00 0.000000000000000000e+00
6.631319824218750000e+03 5.963257312774658203e+00 0.000000000000000000e+00
6.632845214843750000e+03 5.555734157562255859e+00 0.000000000000000000e+00
6.634374511718750000e+03 4.891861438751220703e+00 0.000000000000000000e+00
6.635900878906250000e+03 4.836057186126708984e+00 0.000000000000000000e+00
6.637431152343750000e+03 5.294374942779541016e+00 0.000000000000000000e+00
6.638958007812500000e+03 5.616116523742675781e+00 0.000000000000000000e+00
6.640488769531250000e+03 5.298959255218505859e+00 0.000000000000000000e+00
6.642016601562500000e+03 4.662007808685302734e+00 0.000000000000000000e+00
6.643548339843750000e+03 4.547707080841064453e+00 0.000000000000000000e+00
6.645076660156250000e+03 5.201403617858886719e+00 0.000000000000000000e+00
6.646605468750000000e+03 5.254783153533935547e+00 0.000000000000000000e+00
6.648138183593750000e+03 4.769747734069824219e+00 0.000000000000000000e+00
6.649667480468750000e+03 4.982297897338867188e+00 0.000000000000000000e+00
6.651200683593750000e+03 5.158456802368164062e+00 0.000000000000000000e+00
6.652730957031250000e+03 5.515204906463623047e+00 0.000000000000000000e+00
6.654265136718750000e+03 5.863367557525634766e+00 0.000000000000000000e+00
6.655795898437500000e+03 4.836121082305908203e+00 0.000000000000000000e+00
6.657327148437500000e+03 4.318595409393310547e+00 0.000000000000000000e+00
6.658862304687500000e+03 6.095339298248291016e+00 0.000000000000000000e+00
6.660394042968750000e+03 4.601581096649169922e+00 0.000000000000000000e+00
6.661929687500000000e+03 5.693149566650390625e+00 0.000000000000000000e+00
6.663462402343750000e+03 5.274387836456298828e+00 0.000000000000000000e+00
6.664999023437500000e+03 4.474871158599853516e+00 0.000000000000000000e+00
6.666532226562500000e+03 5.032109260559082031e+00 0.000000000000000000e+00
6.668065917968750000e+03 5.745049953460693359e+00 0.000000000000000000e+00
6.669603515625000000e+03 4.922350406646728516e+00 0.000000000000000000e+00
6.671137695312500000e+03 5.109338283538818359e+00 0.000000000000000000e+00
6.672676269531250000e+03 5.267620086669921875e+00 0.000000000000000000e+00
6.674211425781250000e+03 5.190052032470703125e+00 0.000000000000000000e+00
6.675750488281250000e+03 5.289643287658691406e+00 0.000000000000000000e+00
6.677286132812500000e+03 5.352706432342529297e+00 0.000000000000000000e+00
6.678822265625000000e+03 4.514250755310058594e+00 0.000000000000000000e+00
6.680362304687500000e+03 6.000787258148193359e+00 0.000000000000000000e+00
6.681898925781250000e+03 5.604361534118652344e+00 0.000000000000000000e+00
6.683439941406250000e+03 5.003478527069091797e+00 0.000000000000000000e+00
6.684977539062500000e+03 5.205729961395263672e+00 0.000000000000000000e+00
6.686519042968750000e+03 4.464544773101806641e+00 0.000000000000000000e+00
6.688057128906250000e+03 3.883142709732055664e+00 0.000000000000000000e+00
6.689595703125000000e+03 4.539151191711425781e+00 0.000000000000000000e+00
6.691138183593750000e+03 4.398244380950927734e+00 0.000000000000000000e+00
6.692677734375000000e+03 4.769716739654541016e+00 0.000000000000000000e+00
6.694221191406250000e+03 5.818684577941894531e+00 0.000000000000000000e+00
6.695760742187500000e+03 5.803336143493652344e+00 0.000000000000000000e+00
6.697305175781250000e+03 5.566766738891601562e+00 0.000000000000000000e+00
6.698845703125000000e+03 5.914947509765625000e+00 0.000000000000000000e+00
6.700386718750000000e+03 5.263262271881103516e+00 0.000000000000000000e+00
6.701931640625000000e+03 4.607535839080810547e+00 0.000000000000000000e+00
6.703473632812500000e+03 4.546730995178222656e+00 0.000000000000000000e+00
6.705019531250000000e+03 4.461291790008544922e+00 0.000000000000000000e+00
6.706562011718750000e+03 4.825235366821289062e+00 0.000000000000000000e+00
6.708108398437500000e+03 4.678192615509033203e+00 0.000000000000000000e+00
6.709651855468750000e+03 5.338722229003906250e+00 0.000000000000000000e+00
6.711195312500000000e+03 5.727534294128417969e+00 0.000000000000000000e+00
6.712742675781250000e+03 5.445863246917724609e+00 0.000000000000000000e+00
6.714287109375000000e+03 5.542508602142333984e+00 0.000000000000000000e+00
6.715835449218750000e+03 5.657589912414550781e+00 0.000000000000000000e+00
6.717380371093750000e+03 5.470674514770507812e+00 0.000000000000000000e+00
6.718929199218750000e+03 5.038307666778564453e+00 0.000000000000000000e+00
6.720475097656250000e+03 5.320859432220458984e+00 0.000000000000000000e+00
6.722020996093750000e+03 5.842163562774658203e+00 0.000000000000000000e+00
6.723571289062500000e+03 5.489035606384277344e+00 0.000000000000000000e+00
6.725117675781250000e+03 5.864312171936035156e+00 0.000000000000000000e+00
6.726668457031250000e+03 5.238662719726562500e+00 0.000000000000000000e+00
6.728216308593750000e+03 4.143680095672607422e+00 0.000000000000000000e+00
6.729767578125000000e+03 3.301800966262817383e+00 0.000000000000000000e+00
6.731315917968750000e+03 3.150271654129028320e+00 0.000000000000000000e+00
6.732864257812500000e+03 3.572850942611694336e+00 0.000000000000000000e+00
6.734416992187500000e+03 3.779606103897094727e+00 0.000000000000000000e+00
6.735966308593750000e+03 5.054227352142333984e+00 0.000000000000000000e+00
6.737519531250000000e+03 5.755249023437500000e+00 0.000000000000000000e+00
6.739069335937500000e+03 5.727805614471435547e+00 0.000000000000000000e+00
6.740623535156250000e+03 5.512444972991943359e+00 0.000000000000000000e+00
6.742174316406250000e+03 5.283955097198486328e+00 0.000000000000000000e+00
6.743725097656250000e+03 4.981880187988281250e+00 0.000000000000000000e+00
6.745280273437500000e+03 5.213803291320800781e+00 0.000000000000000000e+00
6.746832031250000000e+03 5.697406291961669922e+00 0.000000000000000000e+00
6.748387695312500000e+03 5.330365657806396484e+00 0.000000000000000000e+00
6.749940429687500000e+03 4.920445919036865234e+00 0.000000000000000000e+00
6.751496582031250000e+03 5.707934379577636719e+00 0.000000000000000000e+00
6.753049804687500000e+03 4.888979434967041016e+00 0.000000000000000000e+00
6.754603515625000000e+03 5.753224372863769531e+00 0.000000000000000000e+00
6.756161132812500000e+03 5.786477565765380859e+00 0.000000000000000000e+00
6.757715332031250000e+03 5.657373905181884766e+00 0.000000000000000000e+00
6.759273437500000000e+03 5.942722320556640625e+00 0.000000000000000000e+00
6.760828613281250000e+03 5.725508213043212891e+00 0.000000000000000000e+00
6.762387695312500000e+03 5.733804702758789062e+00 0.000000000000000000e+00
6.763943359375000000e+03 4.770674705505371094e+00 0.000000000000000000e+00
6.765502929687500000e+03 4.543482303619384766e+00 0.000000000000000000e+00
6.767059570312500000e+03 3.904550790786743164e+00 0.000000000000000000e+00
6.768616210937500000e+03 3.530750751495361328e+00 0.000000000000000000e+00
6.770176757812500000e+03 5.430965900421142578e+00 0.000000000000000000e+00
6.771734375000000000e+03 5.924754142761230469e+00 0.000000000000000000e+00
6.773295898437500000e+03 5.601034641265869141e+00 0.000000000000000000e+00
6.774854003906250000e+03 5.336287021636962891e+00 0.000000000000000000e+00
6.776416503906250000e+03 5.770577907562255859e+00 0.000000000000000000e+00
6.777975585937500000e+03 6.109358310699462891e+00 0.000000000000000000e+00
6.779534667968750000e+03 5.277744293212890625e+00 0.000000000000000000e+00
6.781098144531250000e+03 5.023653030395507812e+00 0.000000000000000000e+00
6.782658203125000000e+03 4.491861343383789062e+00 0.000000000000000000e+00
6.784222167968750000e+03 4.656345367431640625e+00 0.000000000000000000e+00
6.785782714843750000e+03 4.919050693511962891e+00 0.000000000000000000e+00
6.787347656250000000e+03 4.650368690490722656e+00 0.000000000000000000e+00
6.788909179687500000e+03 4.449197292327880859e+00 0.000000000000000000e+00
6.790470703125000000e+03 5.264465332031250000e+00 0.000000000000000000e+00
6.792036621093750000e+03 5.794001102447509766e+00 0.000000000000000000e+00
6.793599121093750000e+03 6.003348827362060547e+00 0.000000000000000000e+00
6.795165527343750000e+03 5.959010124206542969e+00 0.000000000000000000e+00
6.796729003906250000e+03 5.543787956237792969e+00 0.000000000000000000e+00
6.798296386718750000e+03 4.970764160156250000e+00 0.000000000000000000e+00
6.799860351562500000e+03 5.338645458221435547e+00 0.000000000000000000e+00
6.801424316406250000e+03 6.033756732940673828e+00 0.000000000000000000e+00
6.802992675781250000e+03 6.255045413970947266e+00 0.000000000000000000e+00
6.804557617187500000e+03 5.992610931396484375e+00 0.000000000000000000e+00
6.806126953125000000e+03 5.719697952270507812e+00 0.000000000000000000e+00
6.807692871093750000e+03 5.906755447387695312e+00 0.000000000000000000e+00
6.809262695312500000e+03 6.372631549835205078e+00 0.000000000000000000e+00
6.810829101562500000e+03 5.765290737152099609e+00 0.000000000000000000e+00
6.812395996093750000e+03 6.004884243011474609e+00 0.000000000000000000e+00
6.813966796875000000e+03 6.371945381164550781e+00 0.000000000000000000e+00
6.815534179687500000e+03 6.102608680725097656e+00 0.000000000000000000e+00
6.817105957031250000e+03 5.851144313812255859e+00 0.000000000000000000e+00
6.818674316406250000e+03 5.663451194763183594e+00 0.000000000000000000e+00
6.820246582031250000e+03 6.101845741271972656e+00 0.000000000000000000e+00
6.821815429687500000e+03 6.165562152862548828e+00 0.000000000000000000e+00
6.823384765625000000e+03 6.430228710174560547e+00 0.000000000000000000e+00
6.824958496093750000e+03 6.601614952087402344e+00 0.000000000000000000e+00
6.826528320312500000e+03 5.799242496490478516e+00 0.000000000000000000e+00
6.828102539062500000e+03 6.300292968750000000e+00 0.000000000000000000e+00
6.829673339843750000e+03 5.607120037078857422e+00 0.000000000000000000e+00
6.831248535156250000e+03 7.299960613250732422e+00 0.000000000000000000e+00
6.832819824218750000e+03 7.232945442199707031e+00 0.000000000000000000e+00
6.834391601562500000e+03 5.578652381896972656e+00 0.000000000000000000e+00
6.835967773437500000e+03 7.530858039855957031e+00 0.000000000000000000e+00
6.837540527343750000e+03 6.399255275726318359e+00 0.000000000000000000e+00
6.839117187500000000e+03 5.893578052520751953e+00 0.000000000000000000e+00
6.840690429687500000e+03 6.951986789703369141e+00 0.000000000000000000e+00
6.842268066406250000e+03 6.575146675109863281e+00 0.000000000000000000e+00
6.843841796875000000e+03 5.721456527709960938e+00 0.000000000000000000e+00
6.845416503906250000e+03 7.730156421661376953e+00 0.000000000000000000e+00
6.846994628906250000e+03 6.511550426483154297e+00 0.000000000000000000e+00
6.848569824218750000e+03 6.552890777587890625e+00 0.000000000000000000e+00
6.850149414062500000e+03 5.857276916503906250e+00 0.000000000000000000e+00
6.851725097656250000e+03 5.799726963043212891e+00 0.000000000000000000e+00
6.853305175781250000e+03 6.723024368286132812e+00 0.000000000000000000e+00
6.854881835937500000e+03 6.646930694580078125e+00 0.000000000000000000e+00
6.856458496093750000e+03 7.518891334533691406e+00 0.000000000000000000e+00
6.858039550781250000e+03 7.369935512542724609e+00 0.000000000000000000e+00
6.859617675781250000e+03 7.524358749389648438e+00 0.000000000000000000e+00
6.861199218750000000e+03 6.818310260772705078e+00 0.000000000000000000e+00
6.862777832031250000e+03 5.871048927307128906e+00 0.000000000000000000e+00
6.864360351562500000e+03 7.463214874267578125e+00 0.000000000000000000e+00
6.865939453125000000e+03 9.301752090454101562e+00 0.000000000000000000e+00
6.867519042968750000e+03 9.893577575683593750e+00 0.000000000000000000e+00
6.869102539062500000e+03 8.239738464355468750e+00 0.000000000000000000e+00
6.870682617187500000e+03 8.002847671508789062e+00 0.000000000000000000e+00
6.872267089843750000e+03 9.100414276123046875e+00 0.000000000000000000e+00
6.873848144531250000e+03 7.649805545806884766e+00 0.000000000000000000e+00
6.875433105468750000e+03 7.970999717712402344e+00 0.000000000000000000e+00
6.877014648437500000e+03 7.636729240417480469e+00 0.000000000000000000e+00
6.878600585937500000e+03 7.162559509277343750e+00 0.000000000000000000e+00
6.880183105468750000e+03 6.552278518676757812e+00 0.000000000000000000e+00
6.881765625000000000e+03 6.256145000457763672e+00 0.000000000000000000e+00
6.883352539062500000e+03 7.005728721618652344e+00 0.000000000000000000e+00
6.884936035156250000e+03 6.955996513366699219e+00 0.000000000000000000e+00
6.886523925781250000e+03 6.527157783508300781e+00 0.000000000000000000e+00
6.888107910156250000e+03 6.077323913574218750e+00 0.000000000000000000e+00
6.889696289062500000e+03 6.510934352874755859e+00 0.000000000000000000e+00
6.891281250000000000e+03 6.949775695800781250e+00 0.000000000000000000e+00
6.892866699218750000e+03 5.960741519927978516e+00 0.000000000000000000e+00
6.894456542968750000e+03 6.792710781097412109e+00 0.000000000000000000e+00
6.896042480468750000e+03 6.337295055389404297e+00 0.000000000000000000e+00
6.897632812500000000e+03 5.729851245880126953e+00 0.000000000000000000e+00
6.899219238281250000e+03 5.473289966583251953e+00 0.000000000000000000e+00
6.900810546875000000e+03 5.432147502899169922e+00 0.000000000000000000e+00
6.902397949218750000e+03 5.769666671752929688e+00 0.000000000000000000e+00
6.903985839843750000e+03 6.554272174835205078e+00 0.000000000000000000e+00
6.905577636718750000e+03 6.209498405456542969e+00 0.000000000000000000e+00
6.907166503906250000e+03 5.549606323242187500e+00 0.000000000000000000e+00
6.908759277343750000e+03 5.092644691467285156e+00 0.000000000000000000e+00
6.910348632812500000e+03 5.273730754852294922e+00 0.000000000000000000e+00
6.911941894531250000e+03 6.044007778167724609e+00 0.000000000000000000e+00
6.913532226562500000e+03 5.529776096343994141e+00 0.000000000000000000e+00
6.915122558593750000e+03 6.912308692932128906e+00 0.000000000000000000e+00
6.916717285156250000e+03 6.167688369750976562e+00 0.000000000000000000e+00
6.918308105468750000e+03 5.645298480987548828e+00 0.000000000000000000e+00
6.919903808593750000e+03 5.997077465057373047e+00 0.000000000000000000e+00
6.921495605468750000e+03 4.080403327941894531e+00 0.000000000000000000e+00
6.923091796875000000e+03 5.115596771240234375e+00 0.000000000000000000e+00
6.924684570312500000e+03 6.357099533081054688e+00 0.000000000000000000e+00
6.926277343750000000e+03 5.983747482299804688e+00 0.000000000000000000e+00
6.927874511718750000e+03 5.322613239288330078e+00 0.000000000000000000e+00
6.929468261718750000e+03 5.513272285461425781e+00 0.000000000000000000e+00
6.931066406250000000e+03 5.592972755432128906e+00 0.000000000000000000e+00
6.932660644531250000e+03 4.569313049316406250e+00 0.000000000000000000e+00
6.934259277343750000e+03 4.704068183898925781e+00 0.000000000000000000e+00
6.935854492187500000e+03 4.990452289581298828e+00 0.000000000000000000e+00
6.937450195312500000e+03 4.845667362213134766e+00 0.000000000000000000e+00
6.939049804687500000e+03 4.858176231384277344e+00 0.000000000000000000e+00
6.940645996093750000e+03 5.672927379608154297e+00 0.000000000000000000e+00
6.942246582031250000e+03 6.083084583282470703e+00 0.000000000000000000e+00
6.943843750000000000e+03 5.506407260894775391e+00 0.000000000000000000e+00
6.945444824218750000e+03 5.044378280639648438e+00 0.000000000000000000e+00
6.947042968750000000e+03 4.304645538330078125e+00 0.000000000000000000e+00
6.948641113281250000e+03 4.453173637390136719e+00 0.000000000000000000e+00
6.950243164062500000e+03 6.829624652862548828e+00 0.000000000000000000e+00
6.951842285156250000e+03 5.425984382629394531e+00 0.000000000000000000e+00
6.953445312500000000e+03 5.012187480926513672e+00 0.000000000000000000e+00
6.955044921875000000e+03 4.410243511199951172e+00 0.000000000000000000e+00
6.956648925781250000e+03 4.001190662384033203e+00 0.000000000000000000e+00
6.958249023437500000e+03 4.403695583343505859e+00 0.000000000000000000e+00
6.959849609375000000e+03 4.810850620269775391e+00 0.000000000000000000e+00
6.961454589843750000e+03 5.250900745391845703e+00 0.000000000000000000e+00
6.963056152343750000e+03 5.035100460052490234e+00 0.000000000000000000e+00
6.964662109375000000e+03 4.479028701782226562e+00 0.000000000000000000e+00
6.966264160156250000e+03 4.660582542419433594e+00 0.000000000000000000e+00
6.967870605468750000e+03 5.080502510070800781e+00 0.000000000000000000e+00
6.969473632812500000e+03 4.454214572906494141e+00 0.000000000000000000e+00
6.971076660156250000e+03 5.360390186309814453e+00 0.000000000000000000e+00
6.972684082031250000e+03 4.266210079193115234e+00 0.000000000000000000e+00
6.974288574218750000e+03 3.905374526977539062e+00 0.000000000000000000e+00
6.975896484375000000e+03 4.224256038665771484e+00 0.000000000000000000e+00
6.977501464843750000e+03 4.693250179290771484e+00 0.000000000000000000e+00
6.979110351562500000e+03 6.045994758605957031e+00 0.000000000000000000e+00
6.980715820312500000e+03 6.207636356353759766e+00 0.000000000000000000e+00
6.982321777343750000e+03 5.471488475799560547e+00 0.000000000000000000e+00
6.983932128906250000e+03 4.835420608520507812e+00 0.000000000000000000e+00
6.985538574218750000e+03 4.552528381347656250e+00 0.000000000000000000e+00
6.987149414062500000e+03 4.866132736206054688e+00 0.000000000000000000e+00
6.988756835937500000e+03 5.626857757568359375e+00 0.000000000000000000e+00
6.990368164062500000e+03 4.526373386383056641e+00 0.000000000000000000e+00
6.991976562500000000e+03 4.384559631347656250e+00 0.000000000000000000e+00
6.993584960937500000e+03 4.566033363342285156e+00 0.000000000000000000e+00
6.995197753906250000e+03 5.032896518707275391e+00 0.000000000000000000e+00
6.996807128906250000e+03 5.139080047607421875e+00 0.000000000000000000e+00
6.998420410156250000e+03 3.776121616363525391e+00 0.000000000000000000e+00
7.000030273437500000e+03 3.618860244750976562e+00 0.000000000000000000e+00
7.001644531250000000e+03 3.724035978317260742e+00 0.000000000000000000e+00
7.003255371093750000e+03 4.305087566375732422e+00 0.000000000000000000e+00
7.004870117187500000e+03 4.581351280212402344e+00 0.000000000000000000e+00
7.006481933593750000e+03 4.387747764587402344e+00 0.000000000000000000e+00
7.008093750000000000e+03 4.388336658477783203e+00 0.000000000000000000e+00
7.009709472656250000e+03 3.164664506912231445e+00 0.000000000000000000e+00
7.011322265625000000e+03 4.290863513946533203e+00 0.000000000000000000e+00
7.012938964843750000e+03 4.327485084533691406e+00 0.000000000000000000e+00
7.014552246093750000e+03 3.385449647903442383e+00 0.000000000000000000e+00
7.016169921875000000e+03 3.656438827514648438e+00 0.000000000000000000e+00
7.017783691406250000e+03 5.058875083923339844e+00 0.000000000000000000e+00
7.019398437500000000e+03 4.203265190124511719e+00 0.000000000000000000e+00
7.021017089843750000e+03 3.809782266616821289e+00 0.000000000000000000e+00
7.022632324218750000e+03 4.038426399230957031e+00 0.000000000000000000e+00
7.024251464843750000e+03 4.180839538574218750e+00 0.000000000000000000e+00
7.025867675781250000e+03 4.322206020355224609e+00 0.000000000000000000e+00
7.027487792968750000e+03 4.807720184326171875e+00 0.000000000000000000e+00
7.029104492187500000e+03 3.909288883209228516e+00 0.000000000000000000e+00
7.030721191406250000e+03 4.520284652709960938e+00 0.000000000000000000e+00
7.032342773437500000e+03 4.625567436218261719e+00 0.000000000000000000e+00
7.033960449218750000e+03 4.181812763214111328e+00 0.000000000000000000e+00
7.035582519531250000e+03 4.298777580261230469e+00 0.000000000000000000e+00
7.037200683593750000e+03 4.925848007202148438e+00 0.000000000000000000e+00
7.038823730468750000e+03 4.962230682373046875e+00 0.000000000000000000e+00
7.040442871093750000e+03 4.138814926147460938e+00 0.000000000000000000e+00
7.042062500000000000e+03 4.363312721252441406e+00 0.000000000000000000e+00
7.043686523437500000e+03 4.877347946166992188e+00 0.000000000000000000e+00
7.045306640625000000e+03 4.327322959899902344e+00 0.000000000000000000e+00
7.046931640625000000e+03 3.569903850555419922e+00 0.000000000000000000e+00
7.048552734375000000e+03 4.955469131469726562e+00 0.000000000000000000e+00
7.050178222656250000e+03 5.334405422210693359e+00 0.000000000000000000e+00
7.051799804687500000e+03 4.270039081573486328e+00 0.000000000000000000e+00
7.053422363281250000e+03 3.794216156005859375e+00 0.000000000000000000e+00
7.055048828125000000e+03 4.359629154205322266e+00 0.000000000000000000e+00
7.056671875000000000e+03 4.360365867614746094e+00 0.000000000000000000e+00
7.058298828125000000e+03 5.569581508636474609e+00 0.000000000000000000e+00
7.059922851562500000e+03 4.082178115844726562e+00 0.000000000000000000e+00
7.061550781250000000e+03 3.789653062820434570e+00 0.000000000000000000e+00
7.063175292968750000e+03 4.269930839538574219e+00 0.000000000000000000e+00
7.064799804687500000e+03 4.405652999877929688e+00 0.000000000000000000e+00
7.066429199218750000e+03 5.318239688873291016e+00 0.000000000000000000e+00
7.068054687500000000e+03 3.922538518905639648e+00 0.000000000000000000e+00
7.069684570312500000e+03 3.711731672286987305e+00 0.000000000000000000e+00
7.071311035156250000e+03 4.565379142761230469e+00 0.000000000000000000e+00
7.072941894531250000e+03 4.666850566864013672e+00 0.000000000000000000e+00
7.074568847656250000e+03 4.099002838134765625e+00 0.000000000000000000e+00
7.076196289062500000e+03 4.515608787536621094e+00 0.000000000000000000e+00
7.077828125000000000e+03 3.414293289184570312e+00 0.000000000000000000e+00
7.079456054687500000e+03 4.381771564483642578e+00 0.000000000000000000e+00
7.081088867187500000e+03 4.225438117980957031e+00 0.000000000000000000e+00
7.082717773437500000e+03 3.705784320831298828e+00 0.000000000000000000e+00
7.084351074218750000e+03 4.442733287811279297e+00 0.000000000000000000e+00
7.085980957031250000e+03 4.758513450622558594e+00 0.000000000000000000e+00
7.087610839843750000e+03 3.571253538131713867e+00 0.000000000000000000e+00
7.089245117187500000e+03 4.296914577484130859e+00 0.000000000000000000e+00
7.090875976562500000e+03 4.577910900115966797e+00 0.000000000000000000e+00
7.092511230468750000e+03 4.174989223480224609e+00 0.000000000000000000e+00
7.094143066406250000e+03 3.988000869750976562e+00 0.000000000000000000e+00
7.095778808593750000e+03 3.780090332031250000e+00 0.000000000000000000e+00
7.097411132812500000e+03 3.707239151000976562e+00 0.000000000000000000e+00
7.099043945312500000e+03 3.784295797348022461e+00 0.000000000000000000e+00
7.100681152343750000e+03 4.116817951202392578e+00 0.000000000000000000e+00
7.102314453125000000e+03 4.750368118286132812e+00 0.000000000000000000e+00
7.103952148437500000e+03 4.742997646331787109e+00 0.000000000000000000e+00
7.105586425781250000e+03 3.390463352203369141e+00 0.000000000000000000e+00
7.107225097656250000e+03 4.287219047546386719e+00 0.000000000000000000e+00
7.108859863281250000e+03 4.098098754882812500e+00 0.000000000000000000e+00
7.110495605468750000e+03 3.585411787033081055e+00 0.000000000000000000e+00
7.112135253906250000e+03 4.051580905914306641e+00 0.000000000000000000e+00
7.113771484375000000e+03 4.696437358856201172e+00 0.000000000000000000e+00
7.115411621093750000e+03 3.619923353195190430e+00 0.000000000000000000e+00
7.117048339843750000e+03 3.245858669281005859e+00 0.000000000000000000e+00
7.118689941406250000e+03 4.117900848388671875e+00 0.000000000000000000e+00
7.120327148437500000e+03 4.185394763946533203e+00 0.000000000000000000e+00
7.121965332031250000e+03 3.981133937835693359e+00 0.000000000000000000e+00
7.123607910156250000e+03 4.407083034515380859e+00 0.000000000000000000e+00
7.125246582031250000e+03 4.472994327545166016e+00 0.000000000000000000e+00
7.126889648437500000e+03 3.986853599548339844e+00 0.000000000000000000e+00
7.128529296875000000e+03 3.965751886367797852e+00 0.000000000000000000e+00
7.130172851562500000e+03 4.504471302032470703e+00 0.000000000000000000e+00
7.131812988281250000e+03 4.131331920623779297e+00 0.000000000000000000e+00
7.133458007812500000e+03 3.388535737991333008e+00 0.000000000000000000e+00
7.135098632812500000e+03 4.779289722442626953e+00 0.000000000000000000e+00
7.136740234375000000e+03 4.556554794311523438e+00 0.000000000000000000e+00
7.138385742187500000e+03 4.019405364990234375e+00 0.000000000000000000e+00
7.140028320312500000e+03 3.428689002990722656e+00 0.000000000000000000e+00
7.141674804687500000e+03 3.691955804824829102e+00 0.000000000000000000e+00
7.143317382812500000e+03 4.598601818084716797e+00 0.000000000000000000e+00
7.144964843750000000e+03 4.296491622924804688e+00 0.000000000000000000e+00
7.146608398437500000e+03 3.956256151199340820e+00 0.000000000000000000e+00
7.148252441406250000e+03 4.115275859832763672e+00 0.000000000000000000e+00
7.149900878906250000e+03 4.181375503540039062e+00 0.000000000000000000e+00
7.151545898437500000e+03 4.201461315155029297e+00 0.000000000000000000e+00
7.153194824218750000e+03 4.121636867523193359e+00 0.000000000000000000e+00
7.154840332031250000e+03 3.647772550582885742e+00 0.000000000000000000e+00
7.156490234375000000e+03 4.338340759277343750e+00 0.000000000000000000e+00
7.158136718750000000e+03 4.130870819091796875e+00 0.000000000000000000e+00
7.159783203125000000e+03 4.041113853454589844e+00 0.000000000000000000e+00
7.161434570312500000e+03 4.590846061706542969e+00 0.000000000000000000e+00
7.163082031250000000e+03 5.028663158416748047e+00 0.000000000000000000e+00
7.164733886718750000e+03 4.489322662353515625e+00 0.000000000000000000e+00
7.166381835937500000e+03 3.980730295181274414e+00 0.000000000000000000e+00
7.168034667968750000e+03 3.782780170440673828e+00 0.000000000000000000e+00
7.169683593750000000e+03 4.078230857849121094e+00 0.000000000000000000e+00
7.171333007812500000e+03 4.050693988800048828e+00 0.000000000000000000e+00
7.172986328125000000e+03 3.578811883926391602e+00 0.000000000000000000e+00
7.174636718750000000e+03 3.783763647079467773e+00 0.000000000000000000e+00
7.176291015625000000e+03 3.640352010726928711e+00 0.000000000000000000e+00
7.177941894531250000e+03 3.582140207290649414e+00 0.000000000000000000e+00
7.179597167968750000e+03 3.600302934646606445e+00 0.000000000000000000e+00
7.181249023437500000e+03 3.891428947448730469e+00 0.000000000000000000e+00
7.182900878906250000e+03 4.211528301239013672e+00 0.000000000000000000e+00
7.184557128906250000e+03 3.971168279647827148e+00 0.000000000000000000e+00
7.186209960937500000e+03 4.391021251678466797e+00 0.000000000000000000e+00
7.187867187500000000e+03 3.252963542938232422e+00 0.000000000000000000e+00
7.189520996093750000e+03 3.224250316619873047e+00 0.000000000000000000e+00
7.191178710937500000e+03 4.272170066833496094e+00 0.000000000000000000e+00
7.192833007812500000e+03 4.589307785034179688e+00 0.000000000000000000e+00
7.194487792968750000e+03 4.057796001434326172e+00 0.000000000000000000e+00
7.196146972656250000e+03 4.538183689117431641e+00 0.000000000000000000e+00
7.197802246093750000e+03 4.629024505615234375e+00 0.000000000000000000e+00
7.199461914062500000e+03 4.200490951538085938e+00 0.000000000000000000e+00
7.201118164062500000e+03 3.956514835357666016e+00 0.000000000000000000e+00
7.202778808593750000e+03 4.150334358215332031e+00 0.000000000000000000e+00
7.204435546875000000e+03 4.169137954711914062e+00 0.000000000000000000e+00
7.206093261718750000e+03 4.076452732086181641e+00 0.000000000000000000e+00
7.207754882812500000e+03 4.232130527496337891e+00 0.000000000000000000e+00
7.209413085937500000e+03 4.209424018859863281e+00 0.000000000000000000e+00
7.211075683593750000e+03 4.080258369445800781e+00 0.000000000000000000e+00
7.212734375000000000e+03 3.849404811859130859e+00 0.000000000000000000e+00
7.214397460937500000e+03 3.370137691497802734e+00 0.000000000000000000e+00
7.216057128906250000e+03 4.217806339263916016e+00 0.000000000000000000e+00
7.217717285156250000e+03 4.312017917633056641e+00 0.000000000000000000e+00
7.219381835937500000e+03 3.876497030258178711e+00 0.000000000000000000e+00
7.221042480468750000e+03 3.891613721847534180e+00 0.000000000000000000e+00
7.222707519531250000e+03 4.266278266906738281e+00 0.000000000000000000e+00
7.224369140625000000e+03 3.966561079025268555e+00 0.000000000000000000e+00
7.226035156250000000e+03 4.278555870056152344e+00 0.000000000000000000e+00
7.227697265625000000e+03 4.244469165802001953e+00 0.000000000000000000e+00
7.229360351562500000e+03 4.057374477386474609e+00 0.000000000000000000e+00
7.231027343750000000e+03 3.732268571853637695e+00 0.000000000000000000e+00
7.232690917968750000e+03 3.535957574844360352e+00 0.000000000000000000e+00
7.234358398437500000e+03 3.953545570373535156e+00 0.000000000000000000e+00
7.236022949218750000e+03 3.388533353805541992e+00 0.000000000000000000e+00
7.237691406250000000e+03 4.158464431762695312e+00 0.000000000000000000e+00
7.239356445312500000e+03 4.489465236663818359e+00 0.000000000000000000e+00
7.241021972656250000e+03 4.711308956146240234e+00 0.000000000000000000e+00
7.242691894531250000e+03 4.906444072723388672e+00 0.000000000000000000e+00
7.244357910156250000e+03 3.429541587829589844e+00 0.000000000000000000e+00
7.246028320312500000e+03 4.543292045593261719e+00 0.000000000000000000e+00
7.247695312500000000e+03 4.257477283477783203e+00 0.000000000000000000e+00
7.249366699218750000e+03 3.890869379043579102e+00 0.000000000000000000e+00
7.251034179687500000e+03 4.151956558227539062e+00 0.000000000000000000e+00
7.252702636718750000e+03 4.017519950866699219e+00 0.000000000000000000e+00
7.254375000000000000e+03 3.112332582473754883e+00 0.000000000000000000e+00
7.256043945312500000e+03 4.246638774871826172e+00 0.000000000000000000e+00
7.257716796875000000e+03 4.356497764587402344e+00 0.000000000000000000e+00
7.259386718750000000e+03 4.328884124755859375e+00 0.000000000000000000e+00
7.261060546875000000e+03 3.968529939651489258e+00 0.000000000000000000e+00
7.262730957031250000e+03 3.396803855895996094e+00 0.000000000000000000e+00
7.264405761718750000e+03 4.368792533874511719e+00 0.000000000000000000e+00
7.266077148437500000e+03 4.418941020965576172e+00 0.000000000000000000e+00
7.267748535156250000e+03 4.036769866943359375e+00 0.000000000000000000e+00
7.269424316406250000e+03 3.786468744277954102e+00 0.000000000000000000e+00
7.271096679687500000e+03 4.146433353424072266e+00 0.000000000000000000e+00
7.272773437500000000e+03 4.181495666503906250e+00 0.000000000000000000e+00
7.274446289062500000e+03 2.138258457183837891e+00 0.000000000000000000e+00
7.276124023437500000e+03 1.171579837799072266e+00 0.000000000000000000e+00
7.277797851562500000e+03 4.560713768005371094e-01 0.000000000000000000e+00
7.279472167968750000e+03 1.896300911903381348e+00 0.000000000000000000e+00
7.281150878906250000e+03 3.097771167755126953e+00 0.000000000000000000e+00
7.282825683593750000e+03 2.632536649703979492e+00 0.000000000000000000e+00
7.284505371093750000e+03 4.168865680694580078e+00 0.000000000000000000e+00
7.286181152343750000e+03 4.852120399475097656e+00 0.000000000000000000e+00
7.287861328125000000e+03 4.346357345581054688e+00 0.000000000000000000e+00
7.289537597656250000e+03 3.454683303833007812e+00 0.000000000000000000e+00
7.291214843750000000e+03 2.888636589050292969e+00 0.000000000000000000e+00
7.292895996093750000e+03 2.777945756912231445e+00 0.000000000000000000e+00
7.294573730468750000e+03 2.661708593368530273e+00 0.000000000000000000e+00
7.296255859375000000e+03 2.355369091033935547e+00 0.000000000000000000e+00
7.297934082031250000e+03 2.801379203796386719e+00 0.000000000000000000e+00
7.299617187500000000e+03 3.930469036102294922e+00 0.000000000000000000e+00
7.301296386718750000e+03 4.025619506835937500e+00 0.000000000000000000e+00
7.302976074218750000e+03 3.123821973800659180e+00 0.000000000000000000e+00
7.304660156250000000e+03 4.018279552459716797e+00 0.000000000000000000e+00
7.306340820312500000e+03 4.162533283233642578e+00 0.000000000000000000e+00
7.308025390625000000e+03 4.689016819000244141e+00 0.000000000000000000e+00
7.309706542968750000e+03 4.302013397216796875e+00 0.000000000000000000e+00
7.311392089843750000e+03 3.894308567047119141e+00 0.000000000000000000e+00
7.313074218750000000e+03 4.059462070465087891e+00 0.000000000000000000e+00
7.314756347656250000e+03 2.521386623382568359e+00 0.000000000000000000e+00
7.316443359375000000e+03 7.646155953407287598e-01 0.000000000000000000e+00
7.318126464843750000e+03 3.196064949035644531e+00 0.000000000000000000e+00
7.319813964843750000e+03 5.374773979187011719e+00 0.000000000000000000e+00
7.321498046875000000e+03 4.796264171600341797e+00 0.000000000000000000e+00
7.323186035156250000e+03 3.511374235153198242e+00 0.000000000000000000e+00
7.324871093750000000e+03 4.356539249420166016e+00 0.000000000000000000e+00
7.326556152343750000e+03 3.586249828338623047e+00 0.000000000000000000e+00
7.328245605468750000e+03 2.018692016601562500e+00 0.000000000000000000e+00
7.329931152343750000e+03 2.722488164901733398e+00 0.000000000000000000e+00
7.331621582031250000e+03 4.293668270111083984e+00 0.000000000000000000e+00
7.333308105468750000e+03 4.411564826965332031e+00 0.000000000000000000e+00
7.334999511718750000e+03 4.321439743041992188e+00 0.000000000000000000e+00
7.336686523437500000e+03 3.834415197372436523e+00 0.000000000000000000e+00
7.338374511718750000e+03 3.314974308013916016e+00 0.000000000000000000e+00
7.340066894531250000e+03 1.544260859489440918e+00 0.000000000000000000e+00
7.341755371093750000e+03 3.228833913803100586e+00 0.000000000000000000e+00
7.343448242187500000e+03 7.882749557495117188e+00 0.000000000000000000e+00
7.345137695312500000e+03 4.795936584472656250e+00 0.000000000000000000e+00
7.346831542968750000e+03 4.122537612915039062e+00 0.000000000000000000e+00
7.348521484375000000e+03 3.403606414794921875e+00 0.000000000000000000e+00
7.350211914062500000e+03 3.386442661285400391e+00 0.000000000000000000e+00
7.351906738281250000e+03 3.820962429046630859e+00 0.000000000000000000e+00
7.353598144531250000e+03 3.905001640319824219e+00 0.000000000000000000e+00
7.355293945312500000e+03 4.149191856384277344e+00 0.000000000000000000e+00
7.356985839843750000e+03 3.322226524353027344e+00 0.000000000000000000e+00
7.358682617187500000e+03 3.218638896942138672e+00 0.000000000000000000e+00
7.360375488281250000e+03 4.992675781250000000e+00 0.000000000000000000e+00
7.362068847656250000e+03 5.980565547943115234e+00 0.000000000000000000e+00
7.363766601562500000e+03 4.491444110870361328e+00 0.000000000000000000e+00
7.365460449218750000e+03 3.538209676742553711e+00 0.000000000000000000e+00
7.367158691406250000e+03 2.213747262954711914e+00 0.000000000000000000e+00
7.368853515625000000e+03 2.119080305099487305e+00 0.000000000000000000e+00
7.370552734375000000e+03 4.451275348663330078e+00 0.000000000000000000e+00
7.372248535156250000e+03 6.650310993194580078e+00 0.000000000000000000e+00
7.373944335937500000e+03 5.752793312072753906e+00 0.000000000000000000e+00
7.375645019531250000e+03 3.318411350250244141e+00 0.000000000000000000e+00
7.377341796875000000e+03 3.926521062850952148e+00 0.000000000000000000e+00
7.379042968750000000e+03 4.126809597015380859e+00 0.000000000000000000e+00
7.380740234375000000e+03 3.934123039245605469e+00 0.000000000000000000e+00
7.382442382812500000e+03 3.791915178298950195e+00 0.000000000000000000e+00
7.384140625000000000e+03 3.644904375076293945e+00 0.000000000000000000e+00
7.385839355468750000e+03 3.655553340911865234e+00 0.000000000000000000e+00
7.387542480468750000e+03 3.880297660827636719e+00 0.000000000000000000e+00
7.389242187500000000e+03 3.779524087905883789e+00 0.000000000000000000e+00
7.390945800781250000e+03 3.630529880523681641e+00 0.000000000000000000e+00
7.392646484375000000e+03 4.335279464721679688e+00 0.000000000000000000e+00
7.394351074218750000e+03 5.072439670562744141e+00 0.000000000000000000e+00
7.396052246093750000e+03 3.647059917449951172e+00 0.000000000000000000e+00
7.397757324218750000e+03 4.912331104278564453e+00 0.000000000000000000e+00
7.399459472656250000e+03 2.971122264862060547e+00 0.000000000000000000e+00
7.401161621093750000e+03 2.352997779846191406e+00 0.000000000000000000e+00
7.402868164062500000e+03 4.776780128479003906e+00 0.000000000000000000e+00
7.404571289062500000e+03 6.438139438629150391e+00 0.000000000000000000e+00
7.406278808593750000e+03 4.136795520782470703e+00 0.000000000000000000e+00
7.407982421875000000e+03 3.925895929336547852e+00 0.000000000000000000e+00
7.409690917968750000e+03 3.775934934616088867e+00 0.000000000000000000e+00
7.411395507812500000e+03 4.194282531738281250e+00 0.000000000000000000e+00
7.413100585937500000e+03 4.227508544921875000e+00 0.000000000000000000e+00
7.414810058593750000e+03 3.575094223022460938e+00 0.000000000000000000e+00
7.416515625000000000e+03 4.637590408325195312e+00 0.000000000000000000e+00
7.418226074218750000e+03 3.863971948623657227e+00 0.000000000000000000e+00
7.419932617187500000e+03 4.358585834503173828e+00 0.000000000000000000e+00
7.421643554687500000e+03 4.063030719757080078e+00 0.000000000000000000e+00
7.423350585937500000e+03 3.307020187377929688e+00 0.000000000000000000e+00
7.425058593750000000e+03 3.532647609710693359e+00 0.000000000000000000e+00
7.426770507812500000e+03 3.456851720809936523e+00 0.000000000000000000e+00
7.428479492187500000e+03 4.189817905426025391e+00 0.000000000000000000e+00
7.430192382812500000e+03 5.064323425292968750e+00 0.000000000000000000e+00
7.431901367187500000e+03 4.298888206481933594e+00 0.000000000000000000e+00
7.433615234375000000e+03 3.443987846374511719e+00 0.000000000000000000e+00
7.435325683593750000e+03 3.946445941925048828e+00 0.000000000000000000e+00
7.437036132812500000e+03 3.469738245010375977e+00 0.000000000000000000e+00
7.438750976562500000e+03 3.558904886245727539e+00 0.000000000000000000e+00
7.440462402343750000e+03 4.204644203186035156e+00 0.000000000000000000e+00
7.442177734375000000e+03 4.520738601684570312e+00 0.000000000000000000e+00
7.443890136718750000e+03 4.528541564941406250e+00 0.000000000000000000e+00
7.445606445312500000e+03 4.544255256652832031e+00 0.000000000000000000e+00
7.447319335937500000e+03 4.228579044342041016e+00 0.000000000000000000e+00
7.449032714843750000e+03 4.104074478149414062e+00 0.000000000000000000e+00
7.450750488281250000e+03 3.689690589904785156e+00 0.000000000000000000e+00
7.452464355468750000e+03 3.802901983261108398e+00 0.000000000000000000e+00
7.454183105468750000e+03 3.990119934082031250e+00 0.000000000000000000e+00
7.455897949218750000e+03 3.795195102691650391e+00 0.000000000000000000e+00
7.457617187500000000e+03 4.324302196502685547e+00 0.000000000000000000e+00
7.459332519531250000e+03 4.042460918426513672e+00 0.000000000000000000e+00
7.461048828125000000e+03 3.719068527221679688e+00 0.000000000000000000e+00
7.462769042968750000e+03 3.604036569595336914e+00 0.000000000000000000e+00
7.464485839843750000e+03 3.758576869964599609e+00 0.000000000000000000e+00
7.466207031250000000e+03 4.153972148895263672e+00 0.000000000000000000e+00
7.467924804687500000e+03 4.470463275909423828e+00 0.000000000000000000e+00
7.469646972656250000e+03 4.419845104217529297e+00 0.000000000000000000e+00
7.471365234375000000e+03 4.532870292663574219e+00 0.000000000000000000e+00
7.473083984375000000e+03 4.418930530548095703e+00 0.000000000000000000e+00
7.474807617187500000e+03 4.410074710845947266e+00 0.000000000000000000e+00
7.476526855468750000e+03 4.556398868560791016e+00 0.000000000000000000e+00
7.478250976562500000e+03 3.692995548248291016e+00 0.000000000000000000e+00
7.479971191406250000e+03 3.505877017974853516e+00 0.000000000000000000e+00
7.481696289062500000e+03 4.195073127746582031e+00 0.000000000000000000e+00
7.483417480468750000e+03 4.187014579772949219e+00 0.000000000000000000e+00
7.485139160156250000e+03 3.798758745193481445e+00 0.000000000000000000e+00
7.486865234375000000e+03 4.411182880401611328e+00 0.000000000000000000e+00
7.488587402343750000e+03 5.558290004730224609e+00 0.000000000000000000e+00
7.490313964843750000e+03 4.864757061004638672e+00 0.000000000000000000e+00
7.492037109375000000e+03 3.494179725646972656e+00 0.000000000000000000e+00
7.493765136718750000e+03 3.850824356079101562e+00 0.000000000000000000e+00
7.495488769531250000e+03 4.364584922790527344e+00 0.000000000000000000e+00
7.497213378906250000e+03 3.584227561950683594e+00 0.000000000000000000e+00
7.498941894531250000e+03 4.513110637664794922e+00 0.000000000000000000e+00
7.500666992187500000e+03 3.868693113327026367e+00 0.000000000000000000e+00
7.502396972656250000e+03 3.937527656555175781e+00 0.000000000000000000e+00
7.504122558593750000e+03 4.607940196990966797e+00 0.000000000000000000e+00
7.505853027343750000e+03 4.653106212615966797e+00 0.000000000000000000e+00
7.507580078125000000e+03 3.996684551239013672e+00 0.000000000000000000e+00
7.509307128906250000e+03 4.153953075408935547e+00 0.000000000000000000e+00
7.511038574218750000e+03 3.777606248855590820e+00 0.000000000000000000e+00
7.512766601562500000e+03 3.741171836853027344e+00 0.000000000000000000e+00
7.514499023437500000e+03 3.696200847625732422e+00 0.000000000000000000e+00
7.516227539062500000e+03 3.705970764160156250e+00 0.000000000000000000e+00
7.517960937500000000e+03 4.094932079315185547e+00 0.000000000000000000e+00
7.519690429687500000e+03 4.228524208068847656e+00 0.000000000000000000e+00
7.521420410156250000e+03 3.209870100021362305e+00 0.000000000000000000e+00
7.523154785156250000e+03 3.643227100372314453e+00 0.000000000000000000e+00
7.524885253906250000e+03 4.267497539520263672e+00 0.000000000000000000e+00
7.526620605468750000e+03 3.650451660156250000e+00 0.000000000000000000e+00
7.528352050781250000e+03 2.818038702011108398e+00 0.000000000000000000e+00
7.530088378906250000e+03 4.176474094390869141e+00 0.000000000000000000e+00
7.531820312500000000e+03 3.994992494583129883e+00 0.000000000000000000e+00
7.533557128906250000e+03 3.967222213745117188e+00 0.000000000000000000e+00
7.535290527343750000e+03 4.209039688110351562e+00 0.000000000000000000e+00
7.537023925781250000e+03 3.927818298339843750e+00 0.000000000000000000e+00
7.538761718750000000e+03 3.308665037155151367e+00 0.000000000000000000e+00
7.540496093750000000e+03 3.913006305694580078e+00 0.000000000000000000e+00
7.542234863281250000e+03 4.348654747009277344e+00 0.000000000000000000e+00
7.543970214843750000e+03 4.017493247985839844e+00 0.000000000000000000e+00
7.545709472656250000e+03 3.620076417922973633e+00 0.000000000000000000e+00
7.547445312500000000e+03 3.606165170669555664e+00 0.000000000000000000e+00
7.549181640625000000e+03 3.692367315292358398e+00 0.000000000000000000e+00
7.550922851562500000e+03 3.380280017852783203e+00 0.000000000000000000e+00
7.552659667968750000e+03 3.370975017547607422e+00 0.000000000000000000e+00
7.554401367187500000e+03 4.141280174255371094e+00 0.000000000000000000e+00
7.556139160156250000e+03 4.601090908050537109e+00 0.000000000000000000e+00
7.557881835937500000e+03 4.213492870330810547e+00 0.000000000000000000e+00
7.559620117187500000e+03 3.394324779510498047e+00 0.000000000000000000e+00
7.561359375000000000e+03 3.071691751480102539e+00 0.000000000000000000e+00
7.563103027343750000e+03 4.624989509582519531e+00 0.000000000000000000e+00
7.564842773437500000e+03 4.398468971252441406e+00 0.000000000000000000e+00
7.566587402343750000e+03 3.901403903961181641e+00 0.000000000000000000e+00
7.568328125000000000e+03 3.722726821899414062e+00 0.000000000000000000e+00
7.570073242187500000e+03 2.849432706832885742e+00 0.000000000000000000e+00
7.571814941406250000e+03 2.013934373855590820e+00 0.000000000000000000e+00
7.573556640625000000e+03 3.466905593872070312e+00 0.000000000000000000e+00
7.575303222656250000e+03 4.239688396453857422e+00 0.000000000000000000e+00
7.577045898437500000e+03 3.869323492050170898e+00 0.000000000000000000e+00
7.578792968750000000e+03 3.733213186264038086e+00 0.000000000000000000e+00
7.580536621093750000e+03 4.332475185394287109e+00 0.000000000000000000e+00
7.582284667968750000e+03 3.860136508941650391e+00 0.000000000000000000e+00
7.584028808593750000e+03 3.246150255203247070e+00 0.000000000000000000e+00
7.585773437500000000e+03 3.219736099243164062e+00 0.000000000000000000e+00
7.587522949218750000e+03 3.594348907470703125e+00 0.000000000000000000e+00
7.589268554687500000e+03 3.695883035659790039e+00 0.000000000000000000e+00
7.591018554687500000e+03 3.869823694229125977e+00 0.000000000000000000e+00
7.592764648437500000e+03 5.264383316040039062e+00 0.000000000000000000e+00
7.594515625000000000e+03 3.179759502410888672e+00 0.000000000000000000e+00
7.596262695312500000e+03 3.159181356430053711e+00 0.000000000000000000e+00
7.598010253906250000e+03 2.771586894989013672e+00 0.000000000000000000e+00
7.599762207031250000e+03 3.576842069625854492e+00 0.000000000000000000e+00
7.601510742187500000e+03 6.688024997711181641e+00 0.000000000000000000e+00
7.603263671875000000e+03 3.974121809005737305e+00 0.000000000000000000e+00
7.605012695312500000e+03 1.582145571708679199e+00 0.000000000000000000e+00
7.606766113281250000e+03 2.734427213668823242e+00 0.000000000000000000e+00
7.608516113281250000e+03 4.353507995605468750e+00 0.000000000000000000e+00
7.610266601562500000e+03 3.957489013671875000e+00 0.000000000000000000e+00
7.612021484375000000e+03 2.911273956298828125e+00 0.000000000000000000e+00
7.613772460937500000e+03 4.319643974304199219e+00 0.000000000000000000e+00
7.615528320312500000e+03 3.171297311782836914e+00 0.000000000000000000e+00
7.617280273437500000e+03 3.738988637924194336e+00 0.000000000000000000e+00
7.619036621093750000e+03 3.995162963867187500e+00 0.000000000000000000e+00
7.620789550781250000e+03 3.352479696273803711e+00 0.000000000000000000e+00
7.622542480468750000e+03 3.515453577041625977e+00 0.000000000000000000e+00
7.624300292968750000e+03 3.938364505767822266e+00 0.000000000000000000e+00
7.626054199218750000e+03 3.467817068099975586e+00 0.000000000000000000e+00
7.627812988281250000e+03 2.488719940185546875e+00 0.000000000000000000e+00
7.629567871093750000e+03 3.287941694259643555e+00 0.000000000000000000e+00
7.631327148437500000e+03 4.351759433746337891e+00 0.000000000000000000e+00
7.633082519531250000e+03 3.233739852905273438e+00 0.000000000000000000e+00
7.634838867187500000e+03 2.658953905105590820e+00 0.000000000000000000e+00
7.636599121093750000e+03 3.624036073684692383e+00 0.000000000000000000e+00
7.638355957031250000e+03 3.198056459426879883e+00 0.000000000000000000e+00
7.640117187500000000e+03 3.573083162307739258e+00 0.000000000000000000e+00
7.641875000000000000e+03 4.732398033142089844e+00 0.000000000000000000e+00
7.643637207031250000e+03 4.318072795867919922e+00 0.000000000000000000e+00
7.645395507812500000e+03 2.875864744186401367e+00 0.000000000000000000e+00
7.647154296875000000e+03 3.357062101364135742e+00 0.000000000000000000e+00
7.648917968750000000e+03 4.347928524017333984e+00 0.000000000000000000e+00
7.650677246093750000e+03 4.035623550415039062e+00 0.000000000000000000e+00
7.652441894531250000e+03 2.832886219024658203e+00 0.000000000000000000e+00
7.654202148437500000e+03 2.461808204650878906e+00 0.000000000000000000e+00
7.655967285156250000e+03 3.336569070816040039e+00 0.000000000000000000e+00
7.657728515625000000e+03 4.073466777801513672e+00 0.000000000000000000e+00
7.659490234375000000e+03 3.214844226837158203e+00 0.000000000000000000e+00
7.661256347656250000e+03 2.536288022994995117e+00 0.000000000000000000e+00
7.663018554687500000e+03 3.114865779876708984e+00 0.000000000000000000e+00
7.664785644531250000e+03 4.340480327606201172e+00 0.000000000000000000e+00
7.666549316406250000e+03 4.922213077545166016e+00 0.000000000000000000e+00
7.668316894531250000e+03 2.973188400268554688e+00 0.000000000000000000e+00
7.670081054687500000e+03 4.039434909820556641e+00 0.000000000000000000e+00
7.671849609375000000e+03 4.601957321166992188e+00 0.000000000000000000e+00
7.673614746093750000e+03 3.543921709060668945e+00 0.000000000000000000e+00
7.675379882812500000e+03 3.399665355682373047e+00 0.000000000000000000e+00
7.677149902343750000e+03 3.642854452133178711e+00 0.000000000000000000e+00
7.678916015625000000e+03 3.443713188171386719e+00 0.000000000000000000e+00
7.680687011718750000e+03 3.841526031494140625e+00 0.000000000000000000e+00
7.682453613281250000e+03 3.596835374832153320e+00 0.000000000000000000e+00
7.684225097656250000e+03 2.904296875000000000e+00 0.000000000000000000e+00
7.685993164062500000e+03 2.982613325119018555e+00 0.000000000000000000e+00
7.687761230468750000e+03 3.216935157775878906e+00 0.000000000000000000e+00
7.689534179687500000e+03 3.931853294372558594e+00 0.000000000000000000e+00
7.691302734375000000e+03 4.218294620513916016e+00 0.000000000000000000e+00
7.693076660156250000e+03 3.947349548339843750e+00 0.000000000000000000e+00
7.694846191406250000e+03 3.805510997772216797e+00 0.000000000000000000e+00
7.696620605468750000e+03 4.065549373626708984e+00 0.000000000000000000e+00
7.698391113281250000e+03 3.745752811431884766e+00 0.000000000000000000e+00
7.700162109375000000e+03 3.988258600234985352e+00 0.000000000000000000e+00
7.701937988281250000e+03 3.952418804168701172e+00 0.000000000000000000e+00
7.703709960937500000e+03 3.800069808959960938e+00 0.000000000000000000e+00
7.705486328125000000e+03 3.727771282196044922e+00 0.000000000000000000e+00
7.707258789062500000e+03 3.457262039184570312e+00 0.000000000000000000e+00
7.709036132812500000e+03 2.836705446243286133e+00 0.000000000000000000e+00
7.710809570312500000e+03 2.999546051025390625e+00 0.000000000000000000e+00
7.712583496093750000e+03 2.310379743576049805e+00 0.000000000000000000e+00
7.714361816406250000e+03 2.373176813125610352e+00 0.000000000000000000e+00
7.716136718750000000e+03 3.460569143295288086e+00 0.000000000000000000e+00
7.717916015625000000e+03 4.473127365112304688e+00 0.000000000000000000e+00
7.719691406250000000e+03 5.796593666076660156e+00 0.000000000000000000e+00
7.721471679687500000e+03 5.552396774291992188e+00 0.000000000000000000e+00
7.723248046875000000e+03 3.255781888961791992e+00 0.000000000000000000e+00
7.725024902343750000e+03 2.125167131423950195e+00 0.000000000000000000e+00
7.726806152343750000e+03 2.568780899047851562e+00 0.000000000000000000e+00
7.728583496093750000e+03 2.870382785797119141e+00 0.000000000000000000e+00
7.730365722656250000e+03 3.906605243682861328e+00 0.000000000000000000e+00
7.732144042968750000e+03 4.417188167572021484e+00 0.000000000000000000e+00
7.733927246093750000e+03 3.344590902328491211e+00 0.000000000000000000e+00
7.735706542968750000e+03 3.298307418823242188e+00 0.000000000000000000e+00
7.737485839843750000e+03 4.171669006347656250e+00 0.000000000000000000e+00
7.739270019531250000e+03 3.700655460357666016e+00 0.000000000000000000e+00
7.741050781250000000e+03 2.871119499206542969e+00 0.000000000000000000e+00
7.742835449218750000e+03 3.497601747512817383e+00 0.000000000000000000e+00
7.744616699218750000e+03 3.907607555389404297e+00 0.000000000000000000e+00
7.746402832031250000e+03 2.975556135177612305e+00 0.000000000000000000e+00
7.748185058593750000e+03 1.730147123336791992e+00 0.000000000000000000e+00
7.749967285156250000e+03 1.841853499412536621e+00 0.000000000000000000e+00
7.751754394531250000e+03 2.989388942718505859e+00 0.000000000000000000e+00
7.753537597656250000e+03 4.849421024322509766e+00 0.000000000000000000e+00
7.755325683593750000e+03 3.924160480499267578e+00 0.000000000000000000e+00
7.757109863281250000e+03 2.860405921936035156e+00 0.000000000000000000e+00
7.758898437500000000e+03 3.264308691024780273e+00 0.000000000000000000e+00
7.760683593750000000e+03 4.240336894989013672e+00 0.000000000000000000e+00
7.762468750000000000e+03 5.524452209472656250e+00 0.000000000000000000e+00
7.764258789062500000e+03 4.347020149230957031e+00 0.000000000000000000e+00
7.766044921875000000e+03 3.872196674346923828e+00 0.000000000000000000e+00
7.767835937500000000e+03 3.995283842086791992e+00 0.000000000000000000e+00
7.769622558593750000e+03 3.618330478668212891e+00 0.000000000000000000e+00
7.771414550781250000e+03 2.900299310684204102e+00 0.000000000000000000e+00
7.773202148437500000e+03 3.087629556655883789e+00 0.000000000000000000e+00
7.774990234375000000e+03 2.914920330047607422e+00 0.000000000000000000e+00
7.776783203125000000e+03 2.804874420166015625e+00 0.000000000000000000e+00
7.778572265625000000e+03 3.220759868621826172e+00 0.000000000000000000e+00
7.780366210937500000e+03 3.803690910339355469e+00 0.000000000000000000e+00
7.782155761718750000e+03 4.137961387634277344e+00 0.000000000000000000e+00
7.783950683593750000e+03 4.646358966827392578e+00 0.000000000000000000e+00
7.785741210937500000e+03 3.580817699432373047e+00 0.000000000000000000e+00
7.787532226562500000e+03 3.347047567367553711e+00 0.000000000000000000e+00
7.789328125000000000e+03 3.768990039825439453e+00 0.000000000000000000e+00
7.791120117187500000e+03 3.369215965270996094e+00 0.000000000000000000e+00
7.792916503906250000e+03 1.904702544212341309e+00 0.000000000000000000e+00
7.794709472656250000e+03 1.919042587280273438e+00 0.000000000000000000e+00
7.796506835937500000e+03 4.506308078765869141e+00 0.000000000000000000e+00
7.798300292968750000e+03 4.800285816192626953e+00 0.000000000000000000e+00
7.800094238281250000e+03 4.303178787231445312e+00 0.000000000000000000e+00
7.801893066406250000e+03 3.881709337234497070e+00 0.000000000000000000e+00
7.803687988281250000e+03 3.251622438430786133e+00 0.000000000000000000e+00
7.805487304687500000e+03 4.680059432983398438e+00 0.000000000000000000e+00
7.807283203125000000e+03 2.028396606445312500e+00 0.000000000000000000e+00
7.809083496093750000e+03 3.384460926055908203e+00 0.000000000000000000e+00
7.810879882812500000e+03 4.313628673553466797e+00 0.000000000000000000e+00
7.812681152343750000e+03 3.361591339111328125e+00 0.000000000000000000e+00
7.814478515625000000e+03 4.175142765045166016e+00 0.000000000000000000e+00
7.816275878906250000e+03 4.141204357147216797e+00 0.000000000000000000e+00
7.818078613281250000e+03 3.304214477539062500e+00 0.000000000000000000e+00
7.819876953125000000e+03 2.277031660079956055e+00 0.000000000000000000e+00
7.821680175781250000e+03 4.391769409179687500e+00 0.000000000000000000e+00
7.823479492187500000e+03 7.550220489501953125e+00 0.000000000000000000e+00
7.825283691406250000e+03 6.242110729217529297e+00 0.000000000000000000e+00
7.827083984375000000e+03 2.299027919769287109e+00 0.000000000000000000e+00
7.828884277343750000e+03 2.807897806167602539e+00 0.000000000000000000e+00
7.830689941406250000e+03 3.613343477249145508e+00 0.000000000000000000e+00
7.832491210937500000e+03 4.243141174316406250e+00 0.000000000000000000e+00
7.834297363281250000e+03 4.381323814392089844e+00 0.000000000000000000e+00
7.836099609375000000e+03 3.511229991912841797e+00 0.000000000000000000e+00
7.837906738281250000e+03 3.984591484069824219e+00 0.000000000000000000e+00
7.839709960937500000e+03 2.477293729782104492e+00 0.000000000000000000e+00
7.841513183593750000e+03 2.834632873535156250e+00 0.000000000000000000e+00
7.843321289062500000e+03 4.573812484741210938e+00 0.000000000000000000e+00
7.845125976562500000e+03 5.113278865814208984e+00 0.000000000000000000e+00
7.846935058593750000e+03 3.721863269805908203e+00 0.000000000000000000e+00
7.848740234375000000e+03 3.145593881607055664e+00 0.000000000000000000e+00
7.850549804687500000e+03 2.133565664291381836e+00 0.000000000000000000e+00
7.852355957031250000e+03 7.074964046478271484e-01 0.000000000000000000e+00
7.854162597656250000e+03 3.543930292129516602e+00 0.000000000000000000e+00
7.855973632812500000e+03 7.229796409606933594e+00 0.000000000000000000e+00
7.857780761718750000e+03 4.228510856628417969e+00 0.000000000000000000e+00
7.859592773437500000e+03 1.560517102479934692e-01 0.000000000000000000e+00
7.861400878906250000e+03 2.670798301696777344e+00 0.000000000000000000e+00
7.863213867187500000e+03 5.171687602996826172e+00 0.000000000000000000e+00
7.865022460937500000e+03 4.873682498931884766e+00 0.000000000000000000e+00
7.866832031250000000e+03 3.122812986373901367e+00 0.000000000000000000e+00
7.868645996093750000e+03 2.210568189620971680e+00 0.000000000000000000e+00
7.870456054687500000e+03 2.940432310104370117e+00 0.000000000000000000e+00
7.872270996093750000e+03 5.604890823364257812e+00 0.000000000000000000e+00
7.874082031250000000e+03 5.152938365936279297e+00 0.000000000000000000e+00
7.875897949218750000e+03 3.254201173782348633e+00 0.000000000000000000e+00
7.877709960937500000e+03 2.536882638931274414e+00 0.000000000000000000e+00
7.879521972656250000e+03 3.041771888732910156e+00 0.000000000000000000e+00
7.881338867187500000e+03 3.493548870086669922e+00 0.000000000000000000e+00
7.883151855468750000e+03 3.821911334991455078e+00 0.000000000000000000e+00
7.884969726562500000e+03 4.670075893402099609e+00 0.000000000000000000e+00
7.886783691406250000e+03 4.101305007934570312e+00 0.000000000000000000e+00
7.888602539062500000e+03 2.005563497543334961e+00 0.000000000000000000e+00
7.890417480468750000e+03 1.860580682754516602e+00 0.000000000000000000e+00
7.892232421875000000e+03 6.248240470886230469e+00 0.000000000000000000e+00
7.894052246093750000e+03 4.925738811492919922e+00 0.000000000000000000e+00
7.895868652343750000e+03 3.711559295654296875e+00 0.000000000000000000e+00
7.897688964843750000e+03 3.440639019012451172e+00 0.000000000000000000e+00
7.899505859375000000e+03 3.641492605209350586e+00 0.000000000000000000e+00
7.901327636718750000e+03 4.245433807373046875e+00 0.000000000000000000e+00
7.903145507812500000e+03 2.855054378509521484e+00 0.000000000000000000e+00
7.904963378906250000e+03 3.281274318695068359e+00 0.000000000000000000e+00
7.906786132812500000e+03 3.839105844497680664e+00 0.000000000000000000e+00
7.908605468750000000e+03 3.976036787033081055e+00 0.000000000000000000e+00
7.910429199218750000e+03 2.805377244949340820e+00 0.000000000000000000e+00
7.912248535156250000e+03 -1.219748705625534058e-01 0.000000000000000000e+00
7.914073242187500000e+03 -6.433252096176147461e-01 0.000000000000000000e+00
7.915894042968750000e+03 6.799563884735107422e+00 0.000000000000000000e+00
7.917714843750000000e+03 8.152169227600097656e+00 0.000000000000000000e+00
7.919540527343750000e+03 2.763405323028564453e+00 0.000000000000000000e+00
7.921362792968750000e+03 1.899770051240921021e-01 0.000000000000000000e+00
7.923189453125000000e+03 5.120207786560058594e+00 0.000000000000000000e+00
7.925012207031250000e+03 5.159568309783935547e+00 0.000000000000000000e+00
7.926839355468750000e+03 4.781967163085937500e+00 0.000000000000000000e+00
7.928663085937500000e+03 3.233781099319458008e+00 0.000000000000000000e+00
7.930486816406250000e+03 2.181096553802490234e+00 0.000000000000000000e+00
7.932315917968750000e+03 2.778329133987426758e+00 0.000000000000000000e+00
7.934140625000000000e+03 3.854284524917602539e+00 0.000000000000000000e+00
7.935970214843750000e+03 3.814697980880737305e+00 0.000000000000000000e+00
7.937795898437500000e+03 3.636591434478759766e+00 0.000000000000000000e+00
7.939626464843750000e+03 3.819568634033203125e+00 0.000000000000000000e+00
7.941452636718750000e+03 3.672845125198364258e+00 0.000000000000000000e+00
7.943284179687500000e+03 3.108505725860595703e+00 0.000000000000000000e+00
7.945111328125000000e+03 3.145261049270629883e+00 0.000000000000000000e+00
7.946938964843750000e+03 3.917036771774291992e+00 0.000000000000000000e+00
7.948771972656250000e+03 9.653844237327575684e-01 0.000000000000000000e+00
7.950600585937500000e+03 3.497557401657104492e+00 0.000000000000000000e+00
7.952433593750000000e+03 5.803683280944824219e+00 0.000000000000000000e+00
7.954263183593750000e+03 4.500490188598632812e+00 0.000000000000000000e+00
7.956097656250000000e+03 3.872758626937866211e+00 0.000000000000000000e+00
7.957927734375000000e+03 3.364289760589599609e+00 0.000000000000000000e+00
7.959758300781250000e+03 3.147225141525268555e+00 0.000000000000000000e+00
7.961593750000000000e+03 1.919405937194824219e+00 0.000000000000000000e+00
7.963425292968750000e+03 -2.320318222045898438e+00 0.000000000000000000e+00
7.965261718750000000e+03 -2.089104413986206055e+00 0.000000000000000000e+00
7.967094238281250000e+03 7.484885692596435547e+00 0.000000000000000000e+00
7.968931640625000000e+03 5.646815299987792969e+00 0.000000000000000000e+00
7.970764648437500000e+03 4.039726734161376953e+00 0.000000000000000000e+00
7.972598144531250000e+03 3.981219053268432617e+00 0.000000000000000000e+00
7.974437011718750000e+03 3.289908409118652344e+00 0.000000000000000000e+00
7.976271484375000000e+03 2.170894861221313477e+00 0.000000000000000000e+00
7.978110839843750000e+03 2.671244621276855469e+00 0.000000000000000000e+00
7.979945800781250000e+03 4.632232666015625000e+00 0.000000000000000000e+00
7.981786132812500000e+03 1.001710128784179688e+01 0.000000000000000000e+00
7.983622558593750000e+03 6.548841953277587891e+00 0.000000000000000000e+00
7.985458984375000000e+03 2.565374612808227539e+00 0.000000000000000000e+00
7.987300292968750000e+03 3.110214948654174805e+00 0.000000000000000000e+00
7.989137695312500000e+03 2.615140438079833984e+00 0.000000000000000000e+00
7.990979980468750000e+03 2.659876823425292969e+00 0.000000000000000000e+00
7.992818359375000000e+03 4.303812026977539062e+00 0.000000000000000000e+00
7.994661621093750000e+03 6.639409542083740234e+00 0.000000000000000000e+00
7.996500488281250000e+03 5.250893592834472656e+00 0.000000000000000000e+00
7.998340332031250000e+03 2.191446542739868164e+00 0.000000000000000000e+00
8.000184570312500000e+03 3.187914848327636719e+00 0.000000000000000000e+00
8.002024902343750000e+03 3.366333961486816406e+00 0.000000000000000000e+00
8.003870605468750000e+03 3.667478561401367188e+00 0.000000000000000000e+00
8.005711425781250000e+03 3.977977037429809570e+00 0.000000000000000000e+00
8.007557617187500000e+03 4.008480072021484375e+00 0.000000000000000000e+00
8.009399902343750000e+03 3.494925022125244141e+00 0.000000000000000000e+00
8.011242675781250000e+03 2.760571718215942383e+00 0.000000000000000000e+00
8.013089843750000000e+03 3.274787425994873047e+00 0.000000000000000000e+00
8.014933105468750000e+03 3.940103292465209961e+00 0.000000000000000000e+00
8.016781250000000000e+03 1.581152319908142090e+00 0.000000000000000000e+00
8.018625488281250000e+03 1.724089384078979492e+00 0.000000000000000000e+00
8.020474609375000000e+03 4.205062389373779297e+00 0.000000000000000000e+00
8.022319824218750000e+03 3.607854604721069336e+00 0.000000000000000000e+00
8.024165527343750000e+03 5.561095714569091797e+00 0.000000000000000000e+00
8.026015625000000000e+03 5.777436733245849609e+00 0.000000000000000000e+00
8.027862304687500000e+03 -2.585069537162780762e-01 0.000000000000000000e+00
8.029713378906250000e+03 -1.682096362113952637e+00 0.000000000000000000e+00
8.031560546875000000e+03 3.086544275283813477e+00 0.000000000000000000e+00
8.033412597656250000e+03 3.839243173599243164e+00 0.000000000000000000e+00
8.035260742187500000e+03 3.473492860794067383e+00 0.000000000000000000e+00
8.037109375000000000e+03 3.494319915771484375e+00 0.000000000000000000e+00
8.038962402343750000e+03 3.210558652877807617e+00 0.000000000000000000e+00
8.040812011718750000e+03 3.506286859512329102e+00 0.000000000000000000e+00
8.042666015625000000e+03 4.107556343078613281e+00 0.000000000000000000e+00
8.044516113281250000e+03 3.510717630386352539e+00 0.000000000000000000e+00
8.046371093750000000e+03 2.852317333221435547e+00 0.000000000000000000e+00
8.048222167968750000e+03 3.631665706634521484e+00 0.000000000000000000e+00
8.050073730468750000e+03 3.673614263534545898e+00 0.000000000000000000e+00
8.051930175781250000e+03 3.452683448791503906e+00 0.000000000000000000e+00
8.053782714843750000e+03 3.378064155578613281e+00 0.000000000000000000e+00
8.055639648437500000e+03 3.027338504791259766e+00 0.000000000000000000e+00
8.057492675781250000e+03 3.566621303558349609e+00 0.000000000000000000e+00
8.059351074218750000e+03 2.816834688186645508e+00 0.000000000000000000e+00
8.061205078125000000e+03 2.020118474960327148e+00 0.000000000000000000e+00
8.063059570312500000e+03 3.415234327316284180e+00 0.000000000000000000e+00
8.064918945312500000e+03 5.223573207855224609e+00 0.000000000000000000e+00
8.066773925781250000e+03 3.969253301620483398e+00 0.000000000000000000e+00
8.068634277343750000e+03 3.339758396148681641e+00 0.000000000000000000e+00
8.070490234375000000e+03 3.972849130630493164e+00 0.000000000000000000e+00
8.072351562500000000e+03 3.849268436431884766e+00 0.000000000000000000e+00
8.074208496093750000e+03 3.221959590911865234e+00 0.000000000000000000e+00
8.076065917968750000e+03 3.180818319320678711e+00 0.000000000000000000e+00
8.077928222656250000e+03 3.931699037551879883e+00 0.000000000000000000e+00
8.079786621093750000e+03 4.370119094848632812e+00 0.000000000000000000e+00
8.081649902343750000e+03 3.507672071456909180e+00 0.000000000000000000e+00
8.083508789062500000e+03 2.867995738983154297e+00 0.000000000000000000e+00
8.085373046875000000e+03 2.885032176971435547e+00 0.000000000000000000e+00
8.087232910156250000e+03 3.596707820892333984e+00 0.000000000000000000e+00
8.089098144531250000e+03 4.553605556488037109e+00 0.000000000000000000e+00
8.090958984375000000e+03 3.744973182678222656e+00 0.000000000000000000e+00
8.092820312500000000e+03 3.119146347045898438e+00 0.000000000000000000e+00
8.094686523437500000e+03 3.837371587753295898e+00 0.000000000000000000e+00
8.096548339843750000e+03 4.195257663726806641e+00 0.000000000000000000e+00
8.098415527343750000e+03 3.315584182739257812e+00 0.000000000000000000e+00
8.100278808593750000e+03 2.600696563720703125e+00 0.000000000000000000e+00
8.102146484375000000e+03 3.148437023162841797e+00 0.000000000000000000e+00
8.104010253906250000e+03 3.502903938293457031e+00 0.000000000000000000e+00
8.105874511718750000e+03 3.888942956924438477e+00 0.000000000000000000e+00
8.107744140625000000e+03 3.645641803741455078e+00 0.000000000000000000e+00
8.109608886718750000e+03 3.211073875427246094e+00 0.000000000000000000e+00
8.111479003906250000e+03 3.784323692321777344e+00 0.000000000000000000e+00
8.113345214843750000e+03 3.769299983978271484e+00 0.000000000000000000e+00
8.115216308593750000e+03 3.288086652755737305e+00 0.000000000000000000e+00
8.117083007812500000e+03 3.139291048049926758e+00 0.000000000000000000e+00
8.118950195312500000e+03 3.354087114334106445e+00 0.000000000000000000e+00
8.120822753906250000e+03 3.533965110778808594e+00 0.000000000000000000e+00
8.122690917968750000e+03 3.474244594573974609e+00 0.000000000000000000e+00
8.124563964843750000e+03 3.474450349807739258e+00 0.000000000000000000e+00
8.126432617187500000e+03 3.041822195053100586e+00 0.000000000000000000e+00
8.128306640625000000e+03 3.676202058792114258e+00 0.000000000000000000e+00
8.130176757812500000e+03 3.661339521408081055e+00 0.000000000000000000e+00
8.132046875000000000e+03 3.022444725036621094e+00 0.000000000000000000e+00
8.133922363281250000e+03 3.881395339965820312e+00 0.000000000000000000e+00
8.135793457031250000e+03 3.996768474578857422e+00 0.000000000000000000e+00
8.137669433593750000e+03 4.308215141296386719e+00 0.000000000000000000e+00
8.139541503906250000e+03 3.964775323867797852e+00 0.000000000000000000e+00
8.141418457031250000e+03 3.670562505722045898e+00 0.000000000000000000e+00
8.143291503906250000e+03 3.811181545257568359e+00 0.000000000000000000e+00
8.145165039062500000e+03 3.881639242172241211e+00 0.000000000000000000e+00
8.147042968750000000e+03 4.465648174285888672e+00 0.000000000000000000e+00
8.148917480468750000e+03 4.154203414916992188e+00 0.000000000000000000e+00
8.150796386718750000e+03 3.903747081756591797e+00 0.000000000000000000e+00
8.152671386718750000e+03 3.701801300048828125e+00 0.000000000000000000e+00
8.154551269531250000e+03 3.247539758682250977e+00 0.000000000000000000e+00
8.156427246093750000e+03 2.970693111419677734e+00 0.000000000000000000e+00
8.158303710937500000e+03 3.598666429519653320e+00 0.000000000000000000e+00
8.160185058593750000e+03 3.531446456909179688e+00 0.000000000000000000e+00
8.162062500000000000e+03 3.492329835891723633e+00 0.000000000000000000e+00
8.163944335937500000e+03 4.009186267852783203e+00 0.000000000000000000e+00
8.165822753906250000e+03 3.999718427658081055e+00 0.000000000000000000e+00
8.167705566406250000e+03 2.816603660583496094e+00 0.000000000000000000e+00
8.169584472656250000e+03 4.010751724243164062e+00 0.000000000000000000e+00
8.171463867187500000e+03 3.805045127868652344e+00 0.000000000000000000e+00
8.173348144531250000e+03 3.352718353271484375e+00 0.000000000000000000e+00
8.175228515625000000e+03 3.178170919418334961e+00 0.000000000000000000e+00
8.177113769531250000e+03 2.985513687133789062e+00 0.000000000000000000e+00
8.178995117187500000e+03 2.881373643875122070e+00 0.000000000000000000e+00
8.180880859375000000e+03 3.537209749221801758e+00 0.000000000000000000e+00
8.182763183593750000e+03 3.163037061691284180e+00 0.000000000000000000e+00
8.184645507812500000e+03 4.017540931701660156e+00 0.000000000000000000e+00
8.186532714843750000e+03 4.423840522766113281e+00 0.000000000000000000e+00
8.188416015625000000e+03 3.643734216690063477e+00 0.000000000000000000e+00
8.190304199218750000e+03 3.576794147491455078e+00 0.000000000000000000e+00
8.192188476562500000e+03 3.113490104675292969e+00 0.000000000000000000e+00
8.194077148437500000e+03 3.315659284591674805e+00 0.000000000000000000e+00
8.195962890625000000e+03 3.612906455993652344e+00 0.000000000000000000e+00
8.197847656250000000e+03 3.909424781799316406e+00 0.000000000000000000e+00
8.199738281250000000e+03 4.042855262756347656e+00 0.000000000000000000e+00
8.201625000000000000e+03 3.698209762573242188e+00 0.000000000000000000e+00
8.203515625000000000e+03 3.668564558029174805e+00 0.000000000000000000e+00
8.205403320312500000e+03 4.037990570068359375e+00 0.000000000000000000e+00
8.207295898437500000e+03 4.293711185455322266e+00 0.000000000000000000e+00
8.209183593750000000e+03 4.108609676361083984e+00 0.000000000000000000e+00
8.211072265625000000e+03 3.813783168792724609e+00 0.000000000000000000e+00
8.212965820312500000e+03 3.963654518127441406e+00 0.000000000000000000e+00
8.214854492187500000e+03 3.994215011596679688e+00 0.000000000000000000e+00
8.216749023437500000e+03 3.618329524993896484e+00 0.000000000000000000e+00
8.218639648437500000e+03 2.609302997589111328e+00 0.000000000000000000e+00
8.220534179687500000e+03 2.633248090744018555e+00 0.000000000000000000e+00
8.222425781250000000e+03 3.705826520919799805e+00 0.000000000000000000e+00
8.224317382812500000e+03 3.853566646575927734e+00 0.000000000000000000e+00
8.226213867187500000e+03 4.114994525909423828e+00 0.000000000000000000e+00
8.228106445312500000e+03 4.357283115386962891e+00 0.000000000000000000e+00
8.230003906250000000e+03 3.564571380615234375e+00 0.000000000000000000e+00
8.231896484375000000e+03 3.291931867599487305e+00 0.000000000000000000e+00
8.233794921875000000e+03 3.573606967926025391e+00 0.000000000000000000e+00
8.235689453125000000e+03 2.801918268203735352e+00 0.000000000000000000e+00
8.237588867187500000e+03 3.880716800689697266e+00 0.000000000000000000e+00
8.239483398437500000e+03 4.388255119323730469e+00 0.000000000000000000e+00
8.241378906250000000e+03 3.875253200531005859e+00 0.000000000000000000e+00
8.243279296875000000e+03 3.687210559844970703e+00 0.000000000000000000e+00
8.245175781250000000e+03 3.998724937438964844e+00 0.000000000000000000e+00
8.247077148437500000e+03 3.709976673126220703e+00 0.000000000000000000e+00
8.248974609375000000e+03 4.001381397247314453e+00 0.000000000000000000e+00
8.250876953125000000e+03 3.824121952056884766e+00 0.000000000000000000e+00
8.252774414062500000e+03 3.254060268402099609e+00 0.000000000000000000e+00
8.254672851562500000e+03 2.957830905914306641e+00 0.000000000000000000e+00
8.256577148437500000e+03 3.233487367630004883e+00 0.000000000000000000e+00
8.258476562500000000e+03 3.674300909042358398e+00 0.000000000000000000e+00
8.260380859375000000e+03 3.691843986511230469e+00 0.000000000000000000e+00
8.262281250000000000e+03 3.113914966583251953e+00 0.000000000000000000e+00
8.264186523437500000e+03 3.486491441726684570e+00 0.000000000000000000e+00
8.266086914062500000e+03 4.073016643524169922e+00 0.000000000000000000e+00
8.267989257812500000e+03 3.938487768173217773e+00 0.000000000000000000e+00
8.269895507812500000e+03 3.574387073516845703e+00 0.000000000000000000e+00
8.271797851562500000e+03 3.492875576019287109e+00 0.000000000000000000e+00
8.273705078125000000e+03 3.216665267944335938e+00 0.000000000000000000e+00
8.275608398437500000e+03 2.450934648513793945e+00 0.000000000000000000e+00
8.277516601562500000e+03 2.419972896575927734e+00 0.000000000000000000e+00
8.279420898437500000e+03 3.278370618820190430e+00 0.000000000000000000e+00
8.281326171875000000e+03 3.743574857711791992e+00 0.000000000000000000e+00
8.283235351562500000e+03 4.391788482666015625e+00 0.000000000000000000e+00
8.285141601562500000e+03 2.276101827621459961e+00 0.000000000000000000e+00
8.287051757812500000e+03 1.851262688636779785e+00 0.000000000000000000e+00
8.288958007812500000e+03 4.961889743804931641e+00 0.000000000000000000e+00
8.290869140625000000e+03 7.231555938720703125e+00 0.000000000000000000e+00
8.292777343750000000e+03 4.011603832244873047e+00 0.000000000000000000e+00
8.294684570312500000e+03 3.324693918228149414e+00 0.000000000000000000e+00
8.296597656250000000e+03 -5.449106916785240173e-02 0.000000000000000000e+00
8.298505859375000000e+03 1.842144846916198730e+00 0.000000000000000000e+00
8.300419921875000000e+03 6.049757957458496094e+00 0.000000000000000000e+00
8.302329101562500000e+03 6.412318229675292969e+00 0.000000000000000000e+00
8.304243164062500000e+03 3.892737865447998047e+00 0.000000000000000000e+00
8.306154296875000000e+03 4.273161888122558594e+00 0.000000000000000000e+00
8.308064453125000000e+03 2.859486103057861328e+00 0.000000000000000000e+00
8.309980468750000000e+03 2.995553970336914062e+00 0.000000000000000000e+00
8.311892578125000000e+03 4.523891448974609375e+00 0.000000000000000000e+00
8.313808593750000000e+03 4.835666656494140625e+00 0.000000000000000000e+00
8.315721679687500000e+03 3.528407812118530273e+00 0.000000000000000000e+00
8.317639648437500000e+03 4.297616958618164062e+00 0.000000000000000000e+00
8.319552734375000000e+03 2.755746841430664062e+00 0.000000000000000000e+00
8.321466796875000000e+03 2.799523353576660156e+00 0.000000000000000000e+00
8.323385742187500000e+03 3.439737319946289062e+00 0.000000000000000000e+00
8.325299804687500000e+03 3.203074932098388672e+00 0.000000000000000000e+00
8.327219726562500000e+03 3.697287797927856445e+00 0.000000000000000000e+00
8.329135742187500000e+03 3.853238105773925781e+00 0.000000000000000000e+00
8.331056640625000000e+03 3.547080516815185547e+00 0.000000000000000000e+00
8.332972656250000000e+03 3.055936098098754883e+00 0.000000000000000000e+00
8.334889648437500000e+03 3.087759971618652344e+00 0.000000000000000000e+00
8.336811523437500000e+03 3.580840587615966797e+00 0.000000000000000000e+00
8.338729492187500000e+03 3.670066356658935547e+00 0.000000000000000000e+00
8.340652343750000000e+03 3.490177869796752930e+00 0.000000000000000000e+00
8.342571289062500000e+03 1.108271837234497070e+00 0.000000000000000000e+00
8.344495117187500000e+03 4.330224037170410156e+00 0.000000000000000000e+00
8.346415039062500000e+03 5.227081775665283203e+00 0.000000000000000000e+00
8.348334960937500000e+03 1.506817579269409180e+00 0.000000000000000000e+00
8.350259765625000000e+03 4.063550472259521484e+00 0.000000000000000000e+00
8.352180664062500000e+03 4.997737407684326172e+00 0.000000000000000000e+00
8.354107421875000000e+03 4.246600627899169922e+00 0.000000000000000000e+00
8.356029296875000000e+03 2.673640489578247070e+00 0.000000000000000000e+00
8.357956054687500000e+03 3.249500989913940430e+00 0.000000000000000000e+00
8.359878906250000000e+03 4.678845882415771484e+00 0.000000000000000000e+00
8.361801757812500000e+03 2.574120521545410156e+00 0.000000000000000000e+00
8.363729492187500000e+03 3.687370061874389648e+00 0.000000000000000000e+00
8.365654296875000000e+03 5.514320850372314453e+00 0.000000000000000000e+00
8.367583007812500000e+03 4.161041736602783203e+00 0.000000000000000000e+00
8.369507812500000000e+03 3.112038850784301758e+00 0.000000000000000000e+00
8.371437500000000000e+03 4.123668670654296875e+00 0.000000000000000000e+00
8.373364257812500000e+03 3.574396371841430664e+00 0.000000000000000000e+00
8.375290039062500000e+03 3.875295400619506836e+00 0.000000000000000000e+00
8.377221679687500000e+03 4.104022979736328125e+00 0.000000000000000000e+00
8.379148437500000000e+03 3.673231601715087891e+00 0.000000000000000000e+00
8.381081054687500000e+03 3.504363059997558594e+00 0.000000000000000000e+00
8.383008789062500000e+03 4.149596214294433594e+00 0.000000000000000000e+00
8.384942382812500000e+03 4.386568546295166016e+00 0.000000000000000000e+00
8.386871093750000000e+03 2.856494903564453125e+00 0.000000000000000000e+00
8.388804687500000000e+03 4.027857780456542969e+00 0.000000000000000000e+00
8.390734375000000000e+03 3.668661117553710938e+00 0.000000000000000000e+00
8.392665039062500000e+03 3.192510366439819336e+00 0.000000000000000000e+00
8.394600585937500000e+03 3.618823289871215820e+00 0.000000000000000000e+00
8.396531250000000000e+03 1.944594025611877441e+00 0.000000000000000000e+00
8.398467773437500000e+03 1.718685746192932129e+00 0.000000000000000000e+00
8.400399414062500000e+03 3.725577354431152344e+00 0.000000000000000000e+00
8.402336914062500000e+03 4.042047977447509766e+00 0.000000000000000000e+00
8.404269531250000000e+03 3.794667959213256836e+00 0.000000000000000000e+00
8.406203125000000000e+03 4.023686408996582031e+00 0.000000000000000000e+00
8.408141601562500000e+03 2.890041112899780273e+00 0.000000000000000000e+00
8.410076171875000000e+03 3.274402618408203125e+00 0.000000000000000000e+00
8.412015625000000000e+03 3.318020582199096680e+00 0.000000000000000000e+00
8.413950195312500000e+03 2.909695863723754883e+00 0.000000000000000000e+00
8.415890625000000000e+03 3.761491775512695312e+00 0.000000000000000000e+00
8.417827148437500000e+03 5.188278198242187500e+00 0.000000000000000000e+00
8.419763671875000000e+03 4.287497520446777344e+00 0.000000000000000000e+00
8.421705078125000000e+03 4.043322563171386719e+00 0.000000000000000000e+00
8.423642578125000000e+03 3.338608980178833008e+00 0.000000000000000000e+00
8.425584960937500000e+03 3.460245370864868164e+00 0.000000000000000000e+00
8.427523437500000000e+03 5.528774857521057129e-01 0.000000000000000000e+00
8.429466796875000000e+03 -2.664684772491455078e+00 0.000000000000000000e+00
8.431405273437500000e+03 3.549570798873901367e+00 0.000000000000000000e+00
8.433345703125000000e+03 8.323389053344726562e+00 0.000000000000000000e+00
8.435290039062500000e+03 5.076796054840087891e+00 0.000000000000000000e+00
8.437230468750000000e+03 3.592137575149536133e+00 0.000000000000000000e+00
8.439175781250000000e+03 3.658537864685058594e+00 0.000000000000000000e+00
8.441117187500000000e+03 2.904580116271972656e+00 0.000000000000000000e+00
8.443064453125000000e+03 4.156197071075439453e+00 0.000000000000000000e+00
8.445005859375000000e+03 3.692188501358032227e+00 0.000000000000000000e+00
8.446949218750000000e+03 4.785902500152587891e+00 0.000000000000000000e+00
8.448896484375000000e+03 2.941097736358642578e+00 0.000000000000000000e+00
8.450840820312500000e+03 3.438155353069305420e-01 0.000000000000000000e+00
8.452789062500000000e+03 2.027502298355102539e+00 0.000000000000000000e+00
8.454734375000000000e+03 6.886844635009765625e+00 0.000000000000000000e+00
8.456683593750000000e+03 4.994233608245849609e+00 0.000000000000000000e+00
8.458628906250000000e+03 2.838618516921997070e+00 0.000000000000000000e+00
8.460575195312500000e+03 3.654311895370483398e+00 0.000000000000000000e+00
8.462525390625000000e+03 1.792234659194946289e+00 0.000000000000000000e+00
8.464472656250000000e+03 -2.501301527023315430e+00 0.000000000000000000e+00
8.466424804687500000e+03 1.217280149459838867e+00 0.000000000000000000e+00
8.468372070312500000e+03 8.710571289062500000e+00 0.000000000000000000e+00
8.470325195312500000e+03 7.782300472259521484e+00 0.000000000000000000e+00
8.472273437500000000e+03 4.590070724487304688e+00 0.000000000000000000e+00
8.474222656250000000e+03 3.215798139572143555e+00 0.000000000000000000e+00
8.476176757812500000e+03 3.629337549209594727e+00 0.000000000000000000e+00
8.478126953125000000e+03 4.778633117675781250e+00 0.000000000000000000e+00
8.480082031250000000e+03 4.077208995819091797e+00 0.000000000000000000e+00
8.482032226562500000e+03 3.766633033752441406e+00 0.000000000000000000e+00
8.483988281250000000e+03 3.487465620040893555e+00 0.000000000000000000e+00
8.485940429687500000e+03 3.214228391647338867e+00 0.000000000000000000e+00
8.487892578125000000e+03 3.182593107223510742e+00 0.000000000000000000e+00
8.489849609375000000e+03 3.081758737564086914e+00 0.000000000000000000e+00
8.491802734375000000e+03 2.763653039932250977e+00 0.000000000000000000e+00
8.493760742187500000e+03 3.519093751907348633e+00 0.000000000000000000e+00
8.495714843750000000e+03 2.996665954589843750e+00 0.000000000000000000e+00
8.497673828125000000e+03 2.598253726959228516e+00 0.000000000000000000e+00
8.499628906250000000e+03 3.422749757766723633e+00 0.000000000000000000e+00
8.501583984375000000e+03 3.119583845138549805e+00 0.000000000000000000e+00
8.503544921875000000e+03 2.467732429504394531e+00 0.000000000000000000e+00
8.505500976562500000e+03 4.001889228820800781e+00 0.000000000000000000e+00
8.507461914062500000e+03 3.491668701171875000e+00 0.000000000000000000e+00
8.509419921875000000e+03 2.842305660247802734e+00 0.000000000000000000e+00
8.511381835937500000e+03 3.791809558868408203e+00 0.000000000000000000e+00
8.513339843750000000e+03 3.183719873428344727e+00 0.000000000000000000e+00
8.515297851562500000e+03 3.630623102188110352e+00 0.000000000000000000e+00
8.517261718750000000e+03 3.623701572418212891e+00 0.000000000000000000e+00
8.519221679687500000e+03 3.622122049331665039e+00 0.000000000000000000e+00
8.521185546875000000e+03 3.880801200866699219e+00 0.000000000000000000e+00
8.523146484375000000e+03 4.093193531036376953e+00 0.000000000000000000e+00
8.525111328125000000e+03 3.850429058074951172e+00 0.000000000000000000e+00
8.527072265625000000e+03 3.087769508361816406e+00 0.000000000000000000e+00
8.529034179687500000e+03 3.604097604751586914e+00 0.000000000000000000e+00
8.531000976562500000e+03 3.686271190643310547e+00 0.000000000000000000e+00
8.532963867187500000e+03 3.522306919097900391e+00 0.000000000000000000e+00
8.534931640625000000e+03 3.472419500350952148e+00 0.000000000000000000e+00
8.536894531250000000e+03 2.814522027969360352e+00 0.000000000000000000e+00
8.538863281250000000e+03 3.774398565292358398e+00 0.000000000000000000e+00
8.540828125000000000e+03 2.738365650177001953e+00 0.000000000000000000e+00
8.542796875000000000e+03 3.336579561233520508e+00 0.000000000000000000e+00
8.544762695312500000e+03 3.497398614883422852e+00 0.000000000000000000e+00
8.546728515625000000e+03 2.168171644210815430e+00 0.000000000000000000e+00
8.548699218750000000e+03 3.923574447631835938e+00 0.000000000000000000e+00
8.550666015625000000e+03 4.681403636932373047e+00 0.000000000000000000e+00
8.552637695312500000e+03 3.759962081909179688e+00 0.000000000000000000e+00
8.554604492187500000e+03 3.043702602386474609e+00 0.000000000000000000e+00
8.556577148437500000e+03 2.873968839645385742e+00 0.000000000000000000e+00
8.558545898437500000e+03 2.952739000320434570e+00 0.000000000000000000e+00
8.560514648437500000e+03 3.528717994689941406e+00 0.000000000000000000e+00
8.562489257812500000e+03 3.769434213638305664e+00 0.000000000000000000e+00
8.564458984375000000e+03 3.628266334533691406e+00 0.000000000000000000e+00
8.566433593750000000e+03 3.663364887237548828e+00 0.000000000000000000e+00
8.568404296875000000e+03 3.784357070922851562e+00 0.000000000000000000e+00
8.570379882812500000e+03 3.837801456451416016e+00 0.000000000000000000e+00
8.572351562500000000e+03 3.963488340377807617e+00 0.000000000000000000e+00
8.574324218750000000e+03 3.447430610656738281e+00 0.000000000000000000e+00
8.576300781250000000e+03 3.240186691284179688e+00 0.000000000000000000e+00
8.578274414062500000e+03 3.395307302474975586e+00 0.000000000000000000e+00
8.580251953125000000e+03 3.598007440567016602e+00 0.000000000000000000e+00
8.582225585937500000e+03 3.726521730422973633e+00 0.000000000000000000e+00
8.584205078125000000e+03 3.893946886062622070e+00 0.000000000000000000e+00
8.586179687500000000e+03 3.871544361114501953e+00 0.000000000000000000e+00
8.588155273437500000e+03 4.237316131591796875e+00 0.000000000000000000e+00
8.590135742187500000e+03 4.557228565216064453e+00 0.000000000000000000e+00
8.592111328125000000e+03 3.892697572708129883e+00 0.000000000000000000e+00
8.594092773437500000e+03 3.090401649475097656e+00 0.000000000000000000e+00
8.596070312500000000e+03 4.196784019470214844e+00 0.000000000000000000e+00
8.598052734375000000e+03 3.756414413452148438e+00 0.000000000000000000e+00
8.600030273437500000e+03 2.639326333999633789e+00 0.000000000000000000e+00
8.602008789062500000e+03 3.339114904403686523e+00 0.000000000000000000e+00
8.603992187500000000e+03 3.548556804656982422e+00 0.000000000000000000e+00
8.605971679687500000e+03 2.599309682846069336e+00 0.000000000000000000e+00
8.607956054687500000e+03 4.330667495727539062e+00 0.000000000000000000e+00
8.609936523437500000e+03 3.760053396224975586e+00 0.000000000000000000e+00
8.611921875000000000e+03 3.289779186248779297e+00 0.000000000000000000e+00
8.613903320312500000e+03 3.082005739212036133e+00 0.000000000000000000e+00
8.615884765625000000e+03 3.312100887298583984e+00 0.000000000000000000e+00
8.617871093750000000e+03 3.791560888290405273e+00 0.000000000000000000e+00
8.619853515625000000e+03 3.532679557800292969e+00 0.000000000000000000e+00
8.621841796875000000e+03 3.500909566879272461e+00 0.000000000000000000e+00
8.623825195312500000e+03 3.670938253402709961e+00 0.000000000000000000e+00
8.625813476562500000e+03 3.879992485046386719e+00 0.000000000000000000e+00
8.627797851562500000e+03 3.583793401718139648e+00 0.000000000000000000e+00
8.629783203125000000e+03 3.305993080139160156e+00 0.000000000000000000e+00
8.631772460937500000e+03 4.390421867370605469e+00 0.000000000000000000e+00
8.633758789062500000e+03 4.283036231994628906e+00 0.000000000000000000e+00
8.635750000000000000e+03 4.166337013244628906e+00 0.000000000000000000e+00
8.637736328125000000e+03 4.008998870849609375e+00 0.000000000000000000e+00
8.639728515625000000e+03 3.600467681884765625e+00 0.000000000000000000e+00
8.641715820312500000e+03 3.317003488540649414e+00 0.000000000000000000e+00
8.643704101562500000e+03 3.657688617706298828e+00 0.000000000000000000e+00
8.645697265625000000e+03 3.399863243103027344e+00 0.000000000000000000e+00
8.647685546875000000e+03 2.788572072982788086e+00 0.000000000000000000e+00
8.649679687500000000e+03 3.369673013687133789e+00 0.000000000000000000e+00
8.651669921875000000e+03 3.939208745956420898e+00 0.000000000000000000e+00
8.653665039062500000e+03 3.467113971710205078e+00 0.000000000000000000e+00
8.655655273437500000e+03 3.535158157348632812e+00 0.000000000000000000e+00
8.657646484375000000e+03 3.377165555953979492e+00 0.000000000000000000e+00
8.659643554687500000e+03 3.164717912673950195e+00 0.000000000000000000e+00
8.661635742187500000e+03 2.754425048828125000e+00 0.000000000000000000e+00
8.663632812500000000e+03 2.939963102340698242e+00 0.000000000000000000e+00
8.665625976562500000e+03 3.844893932342529297e+00 0.000000000000000000e+00
8.667624023437500000e+03 3.897535085678100586e+00 0.000000000000000000e+00
8.669618164062500000e+03 3.301757097244262695e+00 0.000000000000000000e+00
8.671612304687500000e+03 3.669967174530029297e+00 0.000000000000000000e+00
8.673612304687500000e+03 3.700579166412353516e+00 0.000000000000000000e+00
8.675607421875000000e+03 3.728707551956176758e+00 0.000000000000000000e+00
8.677608398437500000e+03 3.969301700592041016e+00 0.000000000000000000e+00
8.679604492187500000e+03 2.948851108551025391e+00 0.000000000000000000e+00
8.681605468750000000e+03 2.750855684280395508e+00 0.000000000000000000e+00
8.683602539062500000e+03 3.248784780502319336e+00 0.000000000000000000e+00
8.685600585937500000e+03 3.672511100769042969e+00 0.000000000000000000e+00
8.687603515625000000e+03 3.619152069091796875e+00 0.000000000000000000e+00
8.689602539062500000e+03 3.440838575363159180e+00 0.000000000000000000e+00
8.691605468750000000e+03 3.694696187973022461e+00 0.000000000000000000e+00
8.693605468750000000e+03 3.271644353866577148e+00 0.000000000000000000e+00
8.695610351562500000e+03 3.885065793991088867e+00 0.000000000000000000e+00
8.697610351562500000e+03 3.988793134689331055e+00 0.000000000000000000e+00
8.699616210937500000e+03 3.546267509460449219e+00 0.000000000000000000e+00
8.701617187500000000e+03 3.622891426086425781e+00 0.000000000000000000e+00
8.703619140625000000e+03 4.058726787567138672e+00 0.000000000000000000e+00
8.705625976562500000e+03 3.642642974853515625e+00 0.000000000000000000e+00
8.707628906250000000e+03 4.261227130889892578e+00 0.000000000000000000e+00
8.709636718750000000e+03 3.976100444793701172e+00 0.000000000000000000e+00
8.711640625000000000e+03 3.342976331710815430e+00 0.000000000000000000e+00
8.713649414062500000e+03 3.682068586349487305e+00 0.000000000000000000e+00
8.715654296875000000e+03 3.999295711517333984e+00 0.000000000000000000e+00
8.717659179687500000e+03 4.374860763549804688e+00 0.000000000000000000e+00
8.719669921875000000e+03 3.854563236236572266e+00 0.000000000000000000e+00
8.721675781250000000e+03 3.962227821350097656e+00 0.000000000000000000e+00
8.723686523437500000e+03 3.796246051788330078e+00 0.000000000000000000e+00
8.725693359375000000e+03 2.852451086044311523e+00 0.000000000000000000e+00
8.727706054687500000e+03 3.515154123306274414e+00 0.000000000000000000e+00
8.729712890625000000e+03 3.875194072723388672e+00 0.000000000000000000e+00
8.731721679687500000e+03 3.874767065048217773e+00 0.000000000000000000e+00
8.733735351562500000e+03 3.448382616043090820e+00 0.000000000000000000e+00
8.735744140625000000e+03 3.285786867141723633e+00 0.000000000000000000e+00
8.737758789062500000e+03 3.627649784088134766e+00 0.000000000000000000e+00
8.739768554687500000e+03 3.519567251205444336e+00 0.000000000000000000e+00
8.741784179687500000e+03 3.667474031448364258e+00 0.000000000000000000e+00
8.743794921875000000e+03 3.851789236068725586e+00 0.000000000000000000e+00
8.745806640625000000e+03 3.586911678314208984e+00 0.000000000000000000e+00
8.747823242187500000e+03 3.612893581390380859e+00 0.000000000000000000e+00
8.749835937500000000e+03 4.033470630645751953e+00 0.000000000000000000e+00
8.751853515625000000e+03 3.385627985000610352e+00 0.000000000000000000e+00
8.753867187500000000e+03 3.464589595794677734e+00 0.000000000000000000e+00
8.755885742187500000e+03 4.022809505462646484e+00 0.000000000000000000e+00
8.757900390625000000e+03 3.420292615890502930e+00 0.000000000000000000e+00
8.759915039062500000e+03 2.475469112396240234e+00 0.000000000000000000e+00
8.761934570312500000e+03 3.742427110671997070e+00 0.000000000000000000e+00
8.763950195312500000e+03 6.460806846618652344e+00 0.000000000000000000e+00
8.765971679687500000e+03 1.031720399856567383e+00 0.000000000000000000e+00
8.767988281250000000e+03 3.791854619979858398e+00 0.000000000000000000e+00
8.770009765625000000e+03 5.297248363494873047e+00 0.000000000000000000e+00
8.772027343750000000e+03 3.708244800567626953e+00 0.000000000000000000e+00
8.774044921875000000e+03 2.875896453857421875e+00 0.000000000000000000e+00
8.776068359375000000e+03 5.593781471252441406e-01 0.000000000000000000e+00
8.778087890625000000e+03 2.981185197830200195e+00 0.000000000000000000e+00
8.780111328125000000e+03 4.235254287719726562e+00 0.000000000000000000e+00
8.782131835937500000e+03 4.199788093566894531e+00 0.000000000000000000e+00
8.784156250000000000e+03 3.910601854324340820e+00 0.000000000000000000e+00
8.786177734375000000e+03 3.634797096252441406e+00 0.000000000000000000e+00
8.788199218750000000e+03 3.234931707382202148e+00 0.000000000000000000e+00
8.790225585937500000e+03 2.079867601394653320e+00 0.000000000000000000e+00
8.792247070312500000e+03 3.523859739303588867e+00 0.000000000000000000e+00
8.794275390625000000e+03 4.195457458496093750e+00 0.000000000000000000e+00
8.796297851562500000e+03 3.602966308593750000e+00 0.000000000000000000e+00
8.798326171875000000e+03 3.544215440750122070e+00 0.000000000000000000e+00
8.800350585937500000e+03 3.703755140304565430e+00 0.000000000000000000e+00
8.802375000000000000e+03 3.251021862030029297e+00 0.000000000000000000e+00
8.804405273437500000e+03 3.104698181152343750e+00 0.000000000000000000e+00
8.806430664062500000e+03 3.778517723083496094e+00 0.000000000000000000e+00
8.808460937500000000e+03 3.630625247955322266e+00 0.000000000000000000e+00
8.810487304687500000e+03 2.458429813385009766e+00 0.000000000000000000e+00
8.812519531250000000e+03 3.276410818099975586e+00 0.000000000000000000e+00
8.814545898437500000e+03 3.082168579101562500e+00 0.000000000000000000e+00
8.816574218750000000e+03 2.739396333694458008e+00 0.000000000000000000e+00
8.818607421875000000e+03 2.688114404678344727e+00 0.000000000000000000e+00
8.820635742187500000e+03 3.850566864013671875e+00 0.000000000000000000e+00
8.822669921875000000e+03 4.526083469390869141e+00 0.000000000000000000e+00
8.824699218750000000e+03 2.599697709083557129e-01 0.000000000000000000e+00
8.826734375000000000e+03 -2.135412931442260742e+00 0.000000000000000000e+00
8.828764648437500000e+03 6.425284385681152344e+00 0.000000000000000000e+00
8.830795898437500000e+03 9.531628608703613281e+00 0.000000000000000000e+00
8.832833007812500000e+03 4.223018169403076172e+00 0.000000000000000000e+00
8.834864257812500000e+03 5.267725586891174316e-01 0.000000000000000000e+00
8.836901367187500000e+03 3.131623268127441406e+00 0.000000000000000000e+00
8.838934570312500000e+03 6.847001075744628906e+00 0.000000000000000000e+00
8.840972656250000000e+03 5.468987464904785156e+00 0.000000000000000000e+00
8.843006835937500000e+03 4.005260944366455078e+00 0.000000000000000000e+00
8.845041015625000000e+03 3.901643991470336914e+00 0.000000000000000000e+00
8.847081054687500000e+03 2.834318161010742188e+00 0.000000000000000000e+00
8.849116210937500000e+03 1.575266480445861816e+00 0.000000000000000000e+00
8.851156250000000000e+03 4.240650177001953125e+00 0.000000000000000000e+00
8.853192382812500000e+03 4.545237064361572266e+00 0.000000000000000000e+00
8.855234375000000000e+03 3.539765596389770508e+00 0.000000000000000000e+00
8.857271484375000000e+03 3.082405567169189453e+00 0.000000000000000000e+00
8.859314453125000000e+03 3.347765922546386719e+00 0.000000000000000000e+00
8.861351562500000000e+03 3.861096858978271484e+00 0.000000000000000000e+00
8.863390625000000000e+03 4.170325756072998047e+00 0.000000000000000000e+00
8.865434570312500000e+03 1.969286680221557617e+00 0.000000000000000000e+00
8.867473632812500000e+03 2.489676952362060547e+00 0.000000000000000000e+00
8.869518554687500000e+03 5.573607921600341797e+00 0.000000000000000000e+00
8.871559570312500000e+03 6.174058437347412109e+00 0.000000000000000000e+00
8.873604492187500000e+03 2.999646186828613281e+00 0.000000000000000000e+00
8.875646484375000000e+03 4.019559860229492188e+00 0.000000000000000000e+00
8.877688476562500000e+03 3.667426109313964844e+00 0.000000000000000000e+00
8.879735351562500000e+03 2.822474241256713867e+00 0.000000000000000000e+00
8.881778320312500000e+03 2.369044542312622070e+00 0.000000000000000000e+00
8.883826171875000000e+03 7.254860997200012207e-01 0.000000000000000000e+00
8.885870117187500000e+03 -7.724888920783996582e-01 0.000000000000000000e+00
8.887918945312500000e+03 1.134027099609375000e+01 0.000000000000000000e+00
8.889963867187500000e+03 1.051210498809814453e+01 0.000000000000000000e+00
8.892008789062500000e+03 5.559509277343750000e+00 0.000000000000000000e+00
8.894059570312500000e+03 3.799722433090209961e+00 0.000000000000000000e+00
8.896105468750000000e+03 3.472390890121459961e+00 0.000000000000000000e+00
8.898156250000000000e+03 4.191019058227539062e+00 0.000000000000000000e+00
8.900204101562500000e+03 3.417356014251708984e+00 0.000000000000000000e+00
8.902255859375000000e+03 2.256050109863281250e+00 0.000000000000000000e+00
8.904303710937500000e+03 4.825357437133789062e+00 0.000000000000000000e+00
8.906352539062500000e+03 5.607306957244873047e+00 0.000000000000000000e+00
8.908406250000000000e+03 1.664401412010192871e+00 0.000000000000000000e+00
8.910456054687500000e+03 3.763133049011230469e+00 0.000000000000000000e+00
8.912510742187500000e+03 3.229852437973022461e+00 0.000000000000000000e+00
8.914560546875000000e+03 4.029829978942871094e+00 0.000000000000000000e+00
8.916616210937500000e+03 1.040465116500854492e+00 0.000000000000000000e+00
8.918667968750000000e+03 1.415250539779663086e+00 0.000000000000000000e+00
8.920719726562500000e+03 8.611493110656738281e+00 0.000000000000000000e+00
8.922776367187500000e+03 5.426067829132080078e+00 0.000000000000000000e+00
8.924829101562500000e+03 4.239277839660644531e+00 0.000000000000000000e+00
8.926886718750000000e+03 3.929692745208740234e+00 0.000000000000000000e+00
8.928940429687500000e+03 3.126996040344238281e+00 0.000000000000000000e+00
8.931000000000000000e+03 2.746577739715576172e+00 0.000000000000000000e+00
8.933054687500000000e+03 3.389549970626831055e+00 0.000000000000000000e+00
8.935109375000000000e+03 3.335358619689941406e+00 0.000000000000000000e+00
8.937169921875000000e+03 3.338664531707763672e+00 0.000000000000000000e+00
8.939225585937500000e+03 2.743762016296386719e+00 0.000000000000000000e+00
8.941287109375000000e+03 3.178645372390747070e+00 0.000000000000000000e+00
8.943343750000000000e+03 4.464167594909667969e+00 0.000000000000000000e+00
8.945406250000000000e+03 4.439090728759765625e+00 0.000000000000000000e+00
8.947463867187500000e+03 2.324849605560302734e+00 0.000000000000000000e+00
8.949522460937500000e+03 2.760304450988769531e+00 0.000000000000000000e+00
8.951585937500000000e+03 3.272345066070556641e+00 0.000000000000000000e+00
8.953645507812500000e+03 3.112871885299682617e+00 0.000000000000000000e+00
8.955709960937500000e+03 1.823287487030029297e+00 0.000000000000000000e+00
8.957770507812500000e+03 1.558877825736999512e+00 0.000000000000000000e+00
8.959835937500000000e+03 5.790444850921630859e+00 0.000000000000000000e+00
8.961897460937500000e+03 1.840121507644653320e+00 0.000000000000000000e+00
8.963958984375000000e+03 2.905619859695434570e+00 0.000000000000000000e+00
8.966026367187500000e+03 4.018913745880126953e+00 0.000000000000000000e+00
8.968088867187500000e+03 2.885688304901123047e+00 0.000000000000000000e+00
8.970157226562500000e+03 2.657024145126342773e+00 0.000000000000000000e+00
8.972220703125000000e+03 2.911478281021118164e+00 0.000000000000000000e+00
8.974289062500000000e+03 2.886451959609985352e+00 0.000000000000000000e+00
8.976353515625000000e+03 2.932710886001586914e+00 0.000000000000000000e+00
8.978418945312500000e+03 3.458040952682495117e+00 0.000000000000000000e+00
8.980489257812500000e+03 3.636854410171508789e+00 0.000000000000000000e+00
8.982555664062500000e+03 2.990662336349487305e+00 0.000000000000000000e+00
8.984626953125000000e+03 2.909327268600463867e+00 0.000000000000000000e+00
8.986693359375000000e+03 2.722737073898315430e+00 0.000000000000000000e+00
8.988765625000000000e+03 5.486189365386962891e+00 0.000000000000000000e+00
8.990833984375000000e+03 6.101809501647949219e+00 0.000000000000000000e+00
8.992902343750000000e+03 3.717067480087280273e+00 0.000000000000000000e+00
8.994975585937500000e+03 2.708570718765258789e+00 0.000000000000000000e+00
8.997044921875000000e+03 4.558093547821044922e+00 0.000000000000000000e+00
8.999120117187500000e+03 1.111803650856018066e+00 0.000000000000000000e+00
9.001190429687500000e+03 -5.197982192039489746e-01 0.000000000000000000e+00
9.003265625000000000e+03 3.285837650299072266e+00 0.000000000000000000e+00
9.005336914062500000e+03 6.237557411193847656e+00 0.000000000000000000e+00
9.007408203125000000e+03 3.681775569915771484e+00 0.000000000000000000e+00
9.009485351562500000e+03 3.692887306213378906e+00 0.000000000000000000e+00
9.011558593750000000e+03 3.319224596023559570e+00 0.000000000000000000e+00
9.013635742187500000e+03 3.594471931457519531e+00 0.000000000000000000e+00
9.015709960937500000e+03 3.397711753845214844e+00 0.000000000000000000e+00
9.017789062500000000e+03 2.731099128723144531e+00 0.000000000000000000e+00
9.019863281250000000e+03 2.808440923690795898e+00 0.000000000000000000e+00
9.021943359375000000e+03 3.655431747436523438e+00 0.000000000000000000e+00
9.024018554687500000e+03 3.549915075302124023e+00 0.000000000000000000e+00
9.026094726562500000e+03 3.016235828399658203e+00 0.000000000000000000e+00
9.028175781250000000e+03 2.853389978408813477e+00 0.000000000000000000e+00
9.030252929687500000e+03 3.211147546768188477e+00 0.000000000000000000e+00
9.032334960937500000e+03 3.400686740875244141e+00 0.000000000000000000e+00
9.034413085937500000e+03 2.816359043121337891e+00 0.000000000000000000e+00
9.036497070312500000e+03 3.701504707336425781e+00 0.000000000000000000e+00
9.038575195312500000e+03 2.798844814300537109e+00 0.000000000000000000e+00
9.040654296875000000e+03 2.638797283172607422e+00 0.000000000000000000e+00
9.042739257812500000e+03 3.421555280685424805e+00 0.000000000000000000e+00
9.044819335937500000e+03 3.357242584228515625e+00 0.000000000000000000e+00
9.046905273437500000e+03 3.593148946762084961e+00 0.000000000000000000e+00
9.048986328125000000e+03 4.551355838775634766e+00 0.000000000000000000e+00
9.051073242187500000e+03 6.712401866912841797e+00 0.000000000000000000e+00
9.053155273437500000e+03 7.423125743865966797e+00 0.000000000000000000e+00
9.055238281250000000e+03 5.517740249633789062e+00 0.000000000000000000e+00
9.057326171875000000e+03 3.084958076477050781e+00 0.000000000000000000e+00
9.059410156250000000e+03 3.280793905258178711e+00 0.000000000000000000e+00
9.061499023437500000e+03 3.155926227569580078e+00 0.000000000000000000e+00
9.063583984375000000e+03 3.208637475967407227e+00 0.000000000000000000e+00
9.065673828125000000e+03 3.126959800720214844e+00 0.000000000000000000e+00
9.067758789062500000e+03 3.017649173736572266e+00 0.000000000000000000e+00
9.069845703125000000e+03 3.306139230728149414e+00 0.000000000000000000e+00
9.071936523437500000e+03 3.702379703521728516e+00 0.000000000000000000e+00
9.074023437500000000e+03 4.113153457641601562e+00 0.000000000000000000e+00
9.076116210937500000e+03 3.502679586410522461e+00 0.000000000000000000e+00
9.078204101562500000e+03 3.179166078567504883e+00 0.000000000000000000e+00
9.080297851562500000e+03 3.265993833541870117e+00 0.000000000000000000e+00
9.082386718750000000e+03 2.898492336273193359e+00 0.000000000000000000e+00
9.084475585937500000e+03 2.608016014099121094e+00 0.000000000000000000e+00
9.086570312500000000e+03 3.174287319183349609e+00 0.000000000000000000e+00
9.088661132812500000e+03 3.579271316528320312e+00 0.000000000000000000e+00
9.090756835937500000e+03 3.548314571380615234e+00 0.000000000000000000e+00
9.092848632812500000e+03 3.114334344863891602e+00 0.000000000000000000e+00
9.094945312500000000e+03 2.884947299957275391e+00 0.000000000000000000e+00
9.097037109375000000e+03 3.878410100936889648e+00 0.000000000000000000e+00
9.099129882812500000e+03 3.748879432678222656e+00 0.000000000000000000e+00
9.101228515625000000e+03 3.477165460586547852e+00 0.000000000000000000e+00
9.103322265625000000e+03 3.107104778289794922e+00 0.000000000000000000e+00
9.105420898437500000e+03 2.905864477157592773e+00 0.000000000000000000e+00
9.107515625000000000e+03 3.296801090240478516e+00 0.000000000000000000e+00
9.109616210937500000e+03 3.687532186508178711e+00 0.000000000000000000e+00
9.111711914062500000e+03 3.307098627090454102e+00 0.000000000000000000e+00
9.113807617187500000e+03 3.795983076095581055e+00 0.000000000000000000e+00
9.115909179687500000e+03 3.664550065994262695e+00 0.000000000000000000e+00
9.118006835937500000e+03 3.135669231414794922e+00 0.000000000000000000e+00
9.120109375000000000e+03 3.524489164352416992e+00 0.000000000000000000e+00
9.122207031250000000e+03 3.567193031311035156e+00 0.000000000000000000e+00
9.124310546875000000e+03 2.795456409454345703e+00 0.000000000000000000e+00
9.126410156250000000e+03 3.034883022308349609e+00 0.000000000000000000e+00
9.128509765625000000e+03 3.375684022903442383e+00 0.000000000000000000e+00
9.130614257812500000e+03 2.820371627807617188e+00 0.000000000000000000e+00
9.132714843750000000e+03 2.322140693664550781e+00 0.000000000000000000e+00
9.134821289062500000e+03 3.878749608993530273e+00 0.000000000000000000e+00
9.136921875000000000e+03 3.769356727600097656e+00 0.000000000000000000e+00
9.139029296875000000e+03 2.426034927368164062e+00 0.000000000000000000e+00
9.141131835937500000e+03 2.782602310180664062e+00 0.000000000000000000e+00
9.143234375000000000e+03 3.940503358840942383e+00 0.000000000000000000e+00
9.145342773437500000e+03 3.599306344985961914e+00 0.000000000000000000e+00
9.147447265625000000e+03 3.623275518417358398e+00 0.000000000000000000e+00
9.149556640625000000e+03 2.869408845901489258e+00 0.000000000000000000e+00
9.151661132812500000e+03 2.778111696243286133e+00 0.000000000000000000e+00
9.153771484375000000e+03 4.034552574157714844e+00 0.000000000000000000e+00
9.155876953125000000e+03 4.340235233306884766e+00 0.000000000000000000e+00
9.157983398437500000e+03 2.694960355758666992e+00 0.000000000000000000e+00
9.160095703125000000e+03 3.522303104400634766e+00 0.000000000000000000e+00
9.162203125000000000e+03 2.958037853240966797e+00 0.000000000000000000e+00
9.164315429687500000e+03 3.670518875122070312e+00 0.000000000000000000e+00
9.166423828125000000e+03 3.976243972778320312e+00 0.000000000000000000e+00
9.168537109375000000e+03 3.108044147491455078e+00 0.000000000000000000e+00
9.170646484375000000e+03 2.606434822082519531e+00 0.000000000000000000e+00
9.172761718750000000e+03 3.262194871902465820e+00 0.000000000000000000e+00
9.174871093750000000e+03 3.465002775192260742e+00 0.000000000000000000e+00
9.176982421875000000e+03 3.592825889587402344e+00 0.000000000000000000e+00
9.179098632812500000e+03 3.207794427871704102e+00 0.000000000000000000e+00
9.181209960937500000e+03 2.794671773910522461e+00 0.000000000000000000e+00
9.183327148437500000e+03 3.179347753524780273e+00 0.000000000000000000e+00
9.185439453125000000e+03 3.444759607315063477e+00 0.000000000000000000e+00
9.187557617187500000e+03 2.796022176742553711e+00 0.000000000000000000e+00
9.189671875000000000e+03 3.100523233413696289e+00 0.000000000000000000e+00
9.191785156250000000e+03 3.082089662551879883e+00 0.000000000000000000e+00
9.193905273437500000e+03 2.659698963165283203e+00 0.000000000000000000e+00
9.196020507812500000e+03 3.075367212295532227e+00 0.000000000000000000e+00
9.198140625000000000e+03 3.657562732696533203e+00 0.000000000000000000e+00
9.200256835937500000e+03 3.128660202026367188e+00 0.000000000000000000e+00
9.202378906250000000e+03 3.300168037414550781e+00 0.000000000000000000e+00
9.204495117187500000e+03 3.113093137741088867e+00 0.000000000000000000e+00
9.206613281250000000e+03 2.909876585006713867e+00 0.000000000000000000e+00
9.208736328125000000e+03 3.538040399551391602e+00 0.000000000000000000e+00
9.210854492187500000e+03 2.854871511459350586e+00 0.000000000000000000e+00
9.212978515625000000e+03 2.463144540786743164e+00 0.000000000000000000e+00
9.215097656250000000e+03 3.111222028732299805e+00 0.000000000000000000e+00
9.217222656250000000e+03 3.108532905578613281e+00 0.000000000000000000e+00
9.219342773437500000e+03 2.600729942321777344e+00 0.000000000000000000e+00
9.221463867187500000e+03 3.069207429885864258e+00 0.000000000000000000e+00
9.223590820312500000e+03 3.742834568023681641e+00 0.000000000000000000e+00
9.225712890625000000e+03 3.466955661773681641e+00 0.000000000000000000e+00
9.227839843750000000e+03 3.066494703292846680e+00 0.000000000000000000e+00
9.229962890625000000e+03 3.678916931152343750e+00 0.000000000000000000e+00
9.232090820312500000e+03 3.848665475845336914e+00 0.000000000000000000e+00
9.234214843750000000e+03 2.594710111618041992e+00 0.000000000000000000e+00
9.236338867187500000e+03 3.421516895294189453e+00 0.000000000000000000e+00
9.238468750000000000e+03 2.834630727767944336e+00 0.000000000000000000e+00
9.240594726562500000e+03 2.708006381988525391e+00 0.000000000000000000e+00
9.242725585937500000e+03 3.183219909667968750e+00 0.000000000000000000e+00
9.244851562500000000e+03 3.202278852462768555e+00 0.000000000000000000e+00
9.246983398437500000e+03 2.716101169586181641e+00 0.000000000000000000e+00
9.249110351562500000e+03 3.475180149078369141e+00 0.000000000000000000e+00
9.251238281250000000e+03 3.262953519821166992e+00 0.000000000000000000e+00
9.253372070312500000e+03 3.073370933532714844e+00 0.000000000000000000e+00
9.255500976562500000e+03 2.791377544403076172e+00 0.000000000000000000e+00
9.257634765625000000e+03 2.858741760253906250e+00 0.000000000000000000e+00
9.259764648437500000e+03 3.648635864257812500e+00 0.000000000000000000e+00
9.261899414062500000e+03 3.573944568634033203e+00 0.000000000000000000e+00
9.264030273437500000e+03 3.597139835357666016e+00 0.000000000000000000e+00
9.266162109375000000e+03 3.457122325897216797e+00 0.000000000000000000e+00
9.268298828125000000e+03 3.444835424423217773e+00 0.000000000000000000e+00
9.270430664062500000e+03 3.268306732177734375e+00 0.000000000000000000e+00
9.272568359375000000e+03 2.795533180236816406e+00 0.000000000000000000e+00
9.274701171875000000e+03 3.267718553543090820e+00 0.000000000000000000e+00
9.276839843750000000e+03 2.604561805725097656e+00 0.000000000000000000e+00
9.278974609375000000e+03 2.862850666046142578e+00 0.000000000000000000e+00
9.281109375000000000e+03 3.404795408248901367e+00 0.000000000000000000e+00
9.283249023437500000e+03 3.410098075866699219e+00 0.000000000000000000e+00
9.285384765625000000e+03 3.308593988418579102e+00 0.000000000000000000e+00
9.287526367187500000e+03 3.625473260879516602e+00 0.000000000000000000e+00
9.289662109375000000e+03 2.658422231674194336e+00 0.000000000000000000e+00
9.291804687500000000e+03 2.939479351043701172e+00 0.000000000000000000e+00
9.293942382812500000e+03 3.223004341125488281e+00 0.000000000000000000e+00
9.296080078125000000e+03 3.081316947937011719e+00 0.000000000000000000e+00
9.298223632812500000e+03 3.320847988128662109e+00 0.000000000000000000e+00
9.300363281250000000e+03 2.975617170333862305e+00 0.000000000000000000e+00
9.302507812500000000e+03 3.652098894119262695e+00 0.000000000000000000e+00
9.304647460937500000e+03 1.482189297676086426e+00 0.000000000000000000e+00
9.306792968750000000e+03 1.268380045890808105e+00 0.000000000000000000e+00
9.308934570312500000e+03 1.589499831199645996e+00 0.000000000000000000e+00
9.311076171875000000e+03 -3.554948568344116211e-01 0.000000000000000000e+00
9.313222656250000000e+03 4.787309169769287109e+00 0.000000000000000000e+00
9.315365234375000000e+03 2.360277652740478516e+00 0.000000000000000000e+00
9.317513671875000000e+03 5.098502635955810547e+00 0.000000000000000000e+00
9.319657226562500000e+03 6.707757472991943359e+00 0.000000000000000000e+00
9.321805664062500000e+03 2.968322515487670898e+00 0.000000000000000000e+00
9.323950195312500000e+03 8.274005055427551270e-01 0.000000000000000000e+00
9.326095703125000000e+03 5.517381668090820312e+00 0.000000000000000000e+00
9.328246093750000000e+03 5.626998901367187500e+00 0.000000000000000000e+00
9.330391601562500000e+03 3.860252618789672852e+00 0.000000000000000000e+00
9.332543945312500000e+03 2.579842805862426758e+00 0.000000000000000000e+00
9.334690429687500000e+03 1.708911895751953125e+00 0.000000000000000000e+00
9.336842773437500000e+03 6.502946615219116211e-01 0.000000000000000000e+00
9.338991210937500000e+03 3.602568209171295166e-01 0.000000000000000000e+00
9.341144531250000000e+03 1.770214915275573730e+00 0.000000000000000000e+00
9.343293945312500000e+03 3.299673557281494141e+00 0.000000000000000000e+00
9.345443359375000000e+03 3.709317207336425781e+00 0.000000000000000000e+00
9.347597656250000000e+03 2.908763647079467773e+00 0.000000000000000000e+00
9.349748046875000000e+03 2.380980968475341797e+00 0.000000000000000000e+00
9.351904296875000000e+03 3.978884935379028320e+00 0.000000000000000000e+00
9.354055664062500000e+03 2.982684850692749023e+00 0.000000000000000000e+00
9.356212890625000000e+03 3.595140457153320312e+00 0.000000000000000000e+00
9.358365234375000000e+03 3.388365983963012695e+00 0.000000000000000000e+00
9.360518554687500000e+03 2.755727052688598633e+00 0.000000000000000000e+00
9.362676757812500000e+03 4.204302787780761719e+00 0.000000000000000000e+00
9.364830078125000000e+03 3.455867052078247070e+00 0.000000000000000000e+00
9.366990234375000000e+03 3.876760482788085938e+00 0.000000000000000000e+00
9.369144531250000000e+03 2.348663568496704102e+00 0.000000000000000000e+00
9.371305664062500000e+03 3.430665969848632812e+00 0.000000000000000000e+00
9.373460937500000000e+03 -2.693113803863525391e+00 0.000000000000000000e+00
9.375617187500000000e+03 -1.444127178192138672e+01 0.000000000000000000e+00
9.377779296875000000e+03 1.270798110961914062e+01 0.000000000000000000e+00
9.379936523437500000e+03 9.125722885131835938e+00 0.000000000000000000e+00
9.382099609375000000e+03 7.417259216308593750e+00 0.000000000000000000e+00
9.384257812500000000e+03 6.441173076629638672e+00 0.000000000000000000e+00
9.386421875000000000e+03 2.153244972229003906e+00 0.000000000000000000e+00
9.388582031250000000e+03 2.428440332412719727e+00 0.000000000000000000e+00
9.390741210937500000e+03 3.058856725692749023e+00 0.000000000000000000e+00
9.392907226562500000e+03 3.548357248306274414e+00 0.000000000000000000e+00
9.395067382812500000e+03 3.472198963165283203e+00 0.000000000000000000e+00
9.397234375000000000e+03 3.238860130310058594e+00 0.000000000000000000e+00
9.399396484375000000e+03 3.691103458404541016e+00 0.000000000000000000e+00
9.401563476562500000e+03 5.005681514739990234e+00 0.000000000000000000e+00
9.403726562500000000e+03 5.416259765625000000e+00 0.000000000000000000e+00
9.405889648437500000e+03 3.151001453399658203e+00 0.000000000000000000e+00
9.408058593750000000e+03 3.033108472824096680e+00 0.000000000000000000e+00
9.410222656250000000e+03 3.067611694335937500e+00 0.000000000000000000e+00
9.412392578125000000e+03 2.612738847732543945e+00 0.000000000000000000e+00
9.414558593750000000e+03 3.202975511550903320e+00 0.000000000000000000e+00
9.416729492187500000e+03 2.392642974853515625e+00 0.000000000000000000e+00
9.418895507812500000e+03 4.118641853332519531e+00 0.000000000000000000e+00
9.421062500000000000e+03 4.110338211059570312e+00 0.000000000000000000e+00
9.423234375000000000e+03 3.644099473953247070e+00 0.000000000000000000e+00
9.425402343750000000e+03 3.581413507461547852e+00 0.000000000000000000e+00
9.427576171875000000e+03 2.823901653289794922e+00 0.000000000000000000e+00
9.429745117187500000e+03 2.862348794937133789e+00 0.000000000000000000e+00
9.431918945312500000e+03 3.182077407836914062e+00 0.000000000000000000e+00
9.434088867187500000e+03 3.694489955902099609e+00 0.000000000000000000e+00
9.436259765625000000e+03 2.686942338943481445e+00 0.000000000000000000e+00
9.438435546875000000e+03 2.056424140930175781e+00 0.000000000000000000e+00
9.440606445312500000e+03 1.507524132728576660e+00 0.000000000000000000e+00
9.442783203125000000e+03 -7.448060035705566406e+00 0.000000000000000000e+00
9.444956054687500000e+03 2.395144224166870117e+00 0.000000000000000000e+00
9.447133789062500000e+03 4.842420578002929688e+00 0.000000000000000000e+00
9.449307617187500000e+03 2.296403884887695312e+00 0.000000000000000000e+00
9.451481445312500000e+03 2.879514932632446289e+00 0.000000000000000000e+00
9.453660156250000000e+03 3.690129756927490234e+00 0.000000000000000000e+00
9.455834960937500000e+03 1.455764055252075195e+00 0.000000000000000000e+00
9.458015625000000000e+03 4.185698032379150391e+00 0.000000000000000000e+00
9.460191406250000000e+03 1.597036123275756836e+00 0.000000000000000000e+00
9.462373046875000000e+03 -2.008275389671325684e-01 0.000000000000000000e+00
9.464549804687500000e+03 2.427644014358520508e+00 0.000000000000000000e+00
9.466727539062500000e+03 3.795136690139770508e+00 0.000000000000000000e+00
9.468910156250000000e+03 2.529462575912475586e+00 0.000000000000000000e+00
9.471088867187500000e+03 3.677209854125976562e+00 0.000000000000000000e+00
9.473272460937500000e+03 2.200744867324829102e+00 0.000000000000000000e+00
9.475452148437500000e+03 3.359938859939575195e+00 0.000000000000000000e+00
9.477636718750000000e+03 3.177561759948730469e+00 0.000000000000000000e+00
9.479817382812500000e+03 -4.114914417266845703e+00 0.000000000000000000e+00
9.481998046875000000e+03 5.722061991691589355e-01 0.000000000000000000e+00
9.484184570312500000e+03 3.047290563583374023e+00 0.000000000000000000e+00
9.486366210937500000e+03 2.519869804382324219e+00 0.000000000000000000e+00
9.488553710937500000e+03 2.785094022750854492e+00 0.000000000000000000e+00
9.490736328125000000e+03 3.447852849960327148e+00 0.000000000000000000e+00
9.492925781250000000e+03 2.034913301467895508e+00 0.000000000000000000e+00
9.495109375000000000e+03 2.272179126739501953e+00 0.000000000000000000e+00
9.497293945312500000e+03 3.001263618469238281e+00 0.000000000000000000e+00
9.499483398437500000e+03 1.195702433586120605e+00 0.000000000000000000e+00
9.501668945312500000e+03 2.760891437530517578e+00 0.000000000000000000e+00
9.503860351562500000e+03 6.217201709747314453e+00 0.000000000000000000e+00
9.506045898437500000e+03 4.362160205841064453e+00 0.000000000000000000e+00
9.508238281250000000e+03 3.320624828338623047e+00 0.000000000000000000e+00
9.510425781250000000e+03 3.215170383453369141e+00 0.000000000000000000e+00
9.512619140625000000e+03 3.123559236526489258e+00 0.000000000000000000e+00
9.514807617187500000e+03 3.002300739288330078e+00 0.000000000000000000e+00
9.516996093750000000e+03 2.002072811126708984e+00 0.000000000000000000e+00
9.519190429687500000e+03 2.245556712150573730e-01 0.000000000000000000e+00
9.521380859375000000e+03 1.772171258926391602e+00 0.000000000000000000e+00
9.523576171875000000e+03 2.219291687011718750e+00 0.000000000000000000e+00
9.525766601562500000e+03 2.902705430984497070e+00 0.000000000000000000e+00
9.527963867187500000e+03 2.967372417449951172e+00 0.000000000000000000e+00
9.530155273437500000e+03 2.231153964996337891e+00 0.000000000000000000e+00
9.532347656250000000e+03 2.274340867996215820e+00 0.000000000000000000e+00
9.534545898437500000e+03 3.170124053955078125e+00 0.000000000000000000e+00
9.536739257812500000e+03 2.951322793960571289e+00 0.000000000000000000e+00
9.538938476562500000e+03 2.638208866119384766e+00 0.000000000000000000e+00
9.541132812500000000e+03 2.088819265365600586e+00 0.000000000000000000e+00
9.543333007812500000e+03 2.165070772171020508e+00 0.000000000000000000e+00
9.545528320312500000e+03 3.687363386154174805e+00 0.000000000000000000e+00
9.547724609375000000e+03 3.364107370376586914e+00 0.000000000000000000e+00
9.549926757812500000e+03 2.257748126983642578e+00 0.000000000000000000e+00
9.552123046875000000e+03 4.039914608001708984e+00 0.000000000000000000e+00
9.554326171875000000e+03 3.693428277969360352e+00 0.000000000000000000e+00
9.556523437500000000e+03 9.013100266456604004e-01 0.000000000000000000e+00
9.558727539062500000e+03 1.370409131050109863e+00 0.000000000000000000e+00
9.560926757812500000e+03 2.869196176528930664e+00 0.000000000000000000e+00
9.563125976562500000e+03 2.165884971618652344e+00 0.000000000000000000e+00
9.565331054687500000e+03 -1.517300754785537720e-01 0.000000000000000000e+00
9.567532226562500000e+03 2.659064531326293945e-01 0.000000000000000000e+00
9.569738281250000000e+03 1.968018651008605957e+00 0.000000000000000000e+00
9.571939453125000000e+03 8.605865836143493652e-01 0.000000000000000000e+00
9.574146484375000000e+03 3.295932531356811523e+00 0.000000000000000000e+00
9.576349609375000000e+03 3.454298257827758789e+00 0.000000000000000000e+00
9.578552734375000000e+03 2.614717960357666016e+00 0.000000000000000000e+00
9.580760742187500000e+03 2.704457998275756836e+00 0.000000000000000000e+00
9.582964843750000000e+03 3.099778175354003906e+00 0.000000000000000000e+00
9.585174804687500000e+03 2.209187984466552734e+00 0.000000000000000000e+00
9.587379882812500000e+03 1.700163483619689941e+00 0.000000000000000000e+00
9.589590820312500000e+03 2.046364307403564453e+00 0.000000000000000000e+00
9.591796875000000000e+03 2.438381671905517578e+00 0.000000000000000000e+00
9.594003906250000000e+03 3.126015663146972656e+00 0.000000000000000000e+00
9.596215820312500000e+03 3.446443557739257812e+00 0.000000000000000000e+00
9.598423828125000000e+03 2.431849002838134766e+00 0.000000000000000000e+00
9.600636718750000000e+03 2.269433736801147461e+00 0.000000000000000000e+00
9.602845703125000000e+03 3.410241127014160156e+00 0.000000000000000000e+00
9.605059570312500000e+03 1.888798594474792480e+00 0.000000000000000000e+00
9.607269531250000000e+03 1.279280185699462891e+00 0.000000000000000000e+00
9.609479492187500000e+03 2.437149763107299805e+00 0.000000000000000000e+00
9.611695312500000000e+03 2.070205926895141602e+00 0.000000000000000000e+00
9.613906250000000000e+03 3.207777976989746094e+00 0.000000000000000000e+00
9.616124023437500000e+03 3.743133544921875000e+00 0.000000000000000000e+00
9.618335937500000000e+03 2.223698854446411133e+00 0.000000000000000000e+00
9.620553710937500000e+03 1.836771130561828613e+00 0.000000000000000000e+00
9.622766601562500000e+03 2.053556680679321289e+00 0.000000000000000000e+00
9.624980468750000000e+03 2.363118231296539307e-01 0.000000000000000000e+00
9.627200195312500000e+03 2.469640731811523438e+00 0.000000000000000000e+00
9.629415039062500000e+03 2.976941108703613281e+00 0.000000000000000000e+00
9.631635742187500000e+03 2.223419427871704102e+00 0.000000000000000000e+00
9.633851562500000000e+03 2.279232978820800781e+00 0.000000000000000000e+00
9.636072265625000000e+03 3.028727769851684570e+00 0.000000000000000000e+00
9.638289062500000000e+03 3.026887178421020508e+00 0.000000000000000000e+00
9.640506835937500000e+03 3.494563817977905273e+00 0.000000000000000000e+00
9.642729492187500000e+03 3.566745758056640625e+00 0.000000000000000000e+00
9.644948242187500000e+03 2.839690923690795898e+00 0.000000000000000000e+00
9.647171875000000000e+03 2.065676450729370117e+00 0.000000000000000000e+00
9.649391601562500000e+03 2.475029706954956055e+00 0.000000000000000000e+00
9.651617187500000000e+03 3.667483568191528320e+00 0.000000000000000000e+00
9.653836914062500000e+03 2.173204183578491211e+00 0.000000000000000000e+00
9.656057617187500000e+03 2.410105705261230469e+00 0.000000000000000000e+00
9.658284179687500000e+03 2.774974346160888672e+00 0.000000000000000000e+00
9.660506835937500000e+03 2.712199687957763672e+00 0.000000000000000000e+00
9.662734375000000000e+03 2.900329113006591797e+00 0.000000000000000000e+00
9.664957031250000000e+03 3.363866329193115234e+00 0.000000000000000000e+00
9.667185546875000000e+03 2.595255374908447266e+00 0.000000000000000000e+00
9.669410156250000000e+03 2.949326276779174805e+00 0.000000000000000000e+00
9.671633789062500000e+03 1.696140527725219727e+00 0.000000000000000000e+00
9.673864257812500000e+03 1.282345890998840332e+00 0.000000000000000000e+00
9.676089843750000000e+03 2.977579116821289062e+00 0.000000000000000000e+00
9.678321289062500000e+03 3.122328281402587891e+00 0.000000000000000000e+00
9.680547851562500000e+03 -4.088832139968872070e-01 0.000000000000000000e+00
9.682780273437500000e+03 4.711277484893798828e+00 0.000000000000000000e+00
9.685007812500000000e+03 4.530938148498535156e+00 0.000000000000000000e+00
9.687241210937500000e+03 1.813300967216491699e+00 0.000000000000000000e+00
9.689469726562500000e+03 1.904788494110107422e+00 0.000000000000000000e+00
9.691698242187500000e+03 2.554916381835937500e+00 0.000000000000000000e+00
9.693933593750000000e+03 3.353211164474487305e+00 0.000000000000000000e+00
9.696163085937500000e+03 1.040868401527404785e+00 0.000000000000000000e+00
9.698399414062500000e+03 1.548344969749450684e+00 0.000000000000000000e+00
9.700629882812500000e+03 3.369390726089477539e+00 0.000000000000000000e+00
9.702867187500000000e+03 3.442364692687988281e+00 0.000000000000000000e+00
9.705099609375000000e+03 2.832688093185424805e+00 0.000000000000000000e+00
9.707332031250000000e+03 4.092467308044433594e+00 0.000000000000000000e+00
9.709570312500000000e+03 2.281547069549560547e+00 0.000000000000000000e+00
9.711804687500000000e+03 2.965352296829223633e+00 0.000000000000000000e+00
9.714043945312500000e+03 2.616415739059448242e+00 0.000000000000000000e+00
9.716278320312500000e+03 9.894301183521747589e-03 0.000000000000000000e+00
9.718518554687500000e+03 1.471617937088012695e+00 0.000000000000000000e+00
9.720754882812500000e+03 7.201278209686279297e+00 0.000000000000000000e+00
9.722991210937500000e+03 1.520552515983581543e+00 0.000000000000000000e+00
9.725233398437500000e+03 1.852254509925842285e+00 0.000000000000000000e+00
9.727470703125000000e+03 3.184278488159179688e+00 0.000000000000000000e+00
9.729713867187500000e+03 9.629527926445007324e-01 0.000000000000000000e+00
9.731952148437500000e+03 2.316376209259033203e+00 0.000000000000000000e+00
9.734196289062500000e+03 2.513375520706176758e+00 0.000000000000000000e+00
9.736435546875000000e+03 4.459266662597656250e+00 0.000000000000000000e+00
9.738674804687500000e+03 5.110585689544677734e+00 0.000000000000000000e+00
9.740920898437500000e+03 2.629799604415893555e+00 0.000000000000000000e+00
9.743162109375000000e+03 8.309748172760009766e-01 0.000000000000000000e+00
9.745408203125000000e+03 3.920199155807495117e+00 0.000000000000000000e+00
9.747650390625000000e+03 3.884496688842773438e+00 0.000000000000000000e+00
9.749898437500000000e+03 1.993810892105102539e+00 0.000000000000000000e+00
9.752141601562500000e+03 2.079234600067138672e+00 0.000000000000000000e+00
9.754384765625000000e+03 2.281136035919189453e+00 0.000000000000000000e+00
9.756633789062500000e+03 1.511907696723937988e+00 0.000000000000000000e+00
9.758878906250000000e+03 1.991859912872314453e+00 0.000000000000000000e+00
9.761128906250000000e+03 3.065885543823242188e+00 0.000000000000000000e+00
9.763374023437500000e+03 2.306387186050415039e+00 0.000000000000000000e+00
9.765625976562500000e+03 2.294796705245971680e+00 0.000000000000000000e+00
9.767872070312500000e+03 2.975828409194946289e+00 0.000000000000000000e+00
9.770119140625000000e+03 3.126510620117187500e+00 0.000000000000000000e+00
9.772372070312500000e+03 2.775161981582641602e+00 0.000000000000000000e+00
9.774620117187500000e+03 3.076688289642333984e+00 0.000000000000000000e+00
9.776875000000000000e+03 2.486345767974853516e+00 0.000000000000000000e+00
9.779124023437500000e+03 2.421472072601318359e+00 0.000000000000000000e+00
9.781378906250000000e+03 3.236706256866455078e+00 0.000000000000000000e+00
9.783628906250000000e+03 3.569976329803466797e+00 0.000000000000000000e+00
9.785879882812500000e+03 2.110084295272827148e+00 0.000000000000000000e+00
9.788136718750000000e+03 1.277000308036804199e+00 0.000000000000000000e+00
9.790387695312500000e+03 5.523205280303955078e+00 0.000000000000000000e+00
9.792645507812500000e+03 -6.115477085113525391e-01 0.000000000000000000e+00
9.794898437500000000e+03 -3.589323759078979492e+00 0.000000000000000000e+00
9.797157226562500000e+03 2.639176607131958008e+00 0.000000000000000000e+00
9.799411132812500000e+03 3.086289644241333008e+00 0.000000000000000000e+00
9.801665039062500000e+03 2.492067575454711914e+00 0.000000000000000000e+00
9.803925781250000000e+03 2.244217634201049805e+00 0.000000000000000000e+00
9.806180664062500000e+03 2.276176452636718750e+00 0.000000000000000000e+00
9.808442382812500000e+03 2.098341226577758789e+00 0.000000000000000000e+00
9.810698242187500000e+03 2.359949350357055664e+00 0.000000000000000000e+00
9.812960937500000000e+03 3.771191120147705078e+00 0.000000000000000000e+00
9.815218750000000000e+03 3.524410486221313477e+00 0.000000000000000000e+00
9.817476562500000000e+03 2.559946775436401367e+00 0.000000000000000000e+00
9.819740234375000000e+03 1.822785496711730957e+00 0.000000000000000000e+00
9.821999023437500000e+03 1.854997158050537109e+00 0.000000000000000000e+00
9.824264648437500000e+03 2.182874202728271484e+00 0.000000000000000000e+00
9.826524414062500000e+03 2.163522720336914062e+00 0.000000000000000000e+00
9.828790039062500000e+03 3.128880739212036133e+00 0.000000000000000000e+00
9.831051757812500000e+03 2.732047796249389648e+00 0.000000000000000000e+00
9.833312500000000000e+03 1.795745611190795898e+00 0.000000000000000000e+00
9.835580078125000000e+03 2.230513572692871094e+00 0.000000000000000000e+00
9.837842773437500000e+03 3.239461183547973633e+00 0.000000000000000000e+00
9.840111328125000000e+03 2.701500177383422852e+00 0.000000000000000000e+00
9.842375000000000000e+03 3.686960458755493164e+00 0.000000000000000000e+00
9.844645507812500000e+03 1.913867950439453125e+00 0.000000000000000000e+00
9.846910156250000000e+03 2.400494575500488281e+00 0.000000000000000000e+00
9.849174804687500000e+03 3.311415433883666992e+00 0.000000000000000000e+00
9.851446289062500000e+03 2.522822141647338867e+00 0.000000000000000000e+00
9.853712890625000000e+03 2.482753515243530273e+00 0.000000000000000000e+00
9.855984375000000000e+03 3.486167430877685547e+00 0.000000000000000000e+00
9.858251953125000000e+03 2.948618650436401367e+00 0.000000000000000000e+00
9.860525390625000000e+03 2.862474441528320312e+00 0.000000000000000000e+00
9.862793945312500000e+03 3.412670135498046875e+00 0.000000000000000000e+00
9.865068359375000000e+03 3.084153890609741211e+00 0.000000000000000000e+00
9.867337890625000000e+03 1.469014286994934082e+00 0.000000000000000000e+00
9.869607421875000000e+03 3.641253948211669922e+00 0.000000000000000000e+00
9.871883789062500000e+03 1.966615295410156250e+01 0.000000000000000000e+00
9.874154296875000000e+03 6.955496311187744141e+00 0.000000000000000000e+00
9.876431640625000000e+03 -4.793763637542724609e+00 0.000000000000000000e+00
9.878703125000000000e+03 4.508069992065429688e+00 0.000000000000000000e+00
9.880981445312500000e+03 4.255105018615722656e+00 0.000000000000000000e+00
9.883254882812500000e+03 3.643548011779785156e+00 0.000000000000000000e+00
9.885528320312500000e+03 2.539170980453491211e+00 0.000000000000000000e+00
9.887807617187500000e+03 1.460894584655761719e+00 0.000000000000000000e+00
9.890083007812500000e+03 2.041637420654296875e+00 0.000000000000000000e+00
9.892363281250000000e+03 3.605902671813964844e+00 0.000000000000000000e+00
9.894638671875000000e+03 2.433096885681152344e+00 0.000000000000000000e+00
9.896920898437500000e+03 -2.289373636245727539e+00 0.000000000000000000e+00
9.899197265625000000e+03 -5.989545583724975586e-01 0.000000000000000000e+00
9.901474609375000000e+03 2.144383668899536133e+00 0.000000000000000000e+00
9.903757812500000000e+03 2.822886228561401367e+00 0.000000000000000000e+00
9.906036132812500000e+03 2.923497676849365234e+00 0.000000000000000000e+00
9.908320312500000000e+03 3.854494571685791016e+00 0.000000000000000000e+00
9.910599609375000000e+03 2.129917383193969727e+00 0.000000000000000000e+00
9.912885742187500000e+03 3.450121879577636719e+00 0.000000000000000000e+00
9.915166015625000000e+03 1.103582000732421875e+01 0.000000000000000000e+00
9.917447265625000000e+03 1.654567718505859375e+01 0.000000000000000000e+00
9.919733398437500000e+03 9.696949958801269531e+00 0.000000000000000000e+00
9.922015625000000000e+03 2.848222255706787109e+00 0.000000000000000000e+00
9.924303710937500000e+03 2.181391954421997070e+00 0.000000000000000000e+00
9.926586914062500000e+03 2.580306053161621094e+00 0.000000000000000000e+00
9.928875976562500000e+03 3.669306993484497070e+00 0.000000000000000000e+00
9.931160156250000000e+03 3.781018733978271484e+00 0.000000000000000000e+00
9.933444335937500000e+03 2.919510364532470703e+00 0.000000000000000000e+00
9.935735351562500000e+03 3.452064514160156250e+00 0.000000000000000000e+00
9.938020507812500000e+03 2.403941631317138672e+00 0.000000000000000000e+00
9.940312500000000000e+03 4.274099349975585938e+00 0.000000000000000000e+00
9.942599609375000000e+03 7.089599609375000000e+00 0.000000000000000000e+00
9.944892578125000000e+03 6.816252708435058594e+00 0.000000000000000000e+00
9.947179687500000000e+03 3.783945560455322266e+00 0.000000000000000000e+00
9.949468750000000000e+03 2.694551229476928711e+00 0.000000000000000000e+00
9.951762695312500000e+03 3.097091913223266602e+00 0.000000000000000000e+00
9.954051757812500000e+03 2.765970945358276367e+00 0.000000000000000000e+00
9.956347656250000000e+03 5.568675518035888672e+00 0.000000000000000000e+00
9.958637695312500000e+03 4.152807235717773438e+00 0.000000000000000000e+00
9.960934570312500000e+03 7.917463779449462891e-01 0.000000000000000000e+00
9.963225585937500000e+03 7.204802989959716797e+00 0.000000000000000000e+00
9.965517578125000000e+03 3.897207021713256836e+00 0.000000000000000000e+00
9.967815429687500000e+03 5.381002902984619141e+00 0.000000000000000000e+00
9.970109375000000000e+03 4.901892662048339844e+00 0.000000000000000000e+00
9.972408203125000000e+03 3.199980735778808594e+00 0.000000000000000000e+00
9.974702148437500000e+03 3.709103107452392578e+00 0.000000000000000000e+00
9.977001953125000000e+03 4.184532642364501953e+00 0.000000000000000000e+00
9.979297851562500000e+03 2.850457668304443359e+00 0.000000000000000000e+00
9.981592773437500000e+03 3.264311790466308594e+00 0.000000000000000000e+00
9.983894531250000000e+03 3.358674526214599609e+00 0.000000000000000000e+00
9.986191406250000000e+03 3.421830654144287109e+00 0.000000000000000000e+00
9.988494140625000000e+03 3.950467348098754883e+00 0.000000000000000000e+00
9.990791992187500000e+03 3.889271736145019531e+00 0.000000000000000000e+00
9.993096679687500000e+03 4.290083408355712891e+00 0.000000000000000000e+00
9.995395507812500000e+03 3.131416082382202148e+00 0.000000000000000000e+00
9.997694335937500000e+03 2.797352075576782227e+00 0.000000000000000000e+00
1.000000000000000000e+04 3.402086257934570312e+00 0.000000000000000000e+00
1.000230566406250000e+04 3.264880180358886719e+00 0.000000000000000000e+00
1.000460156250000000e+04 2.034952878952026367e+00 0.000000000000000000e+00
1.000690820312500000e+04 2.797301292419433594e+00 0.000000000000000000e+00
1.000921582031250000e+04 3.176004648208618164e+00 0.000000000000000000e+00
1.001152441406250000e+04 7.784310340881347656e+00 0.000000000000000000e+00
1.001382226562500000e+04 9.008404731750488281e+00 0.000000000000000000e+00
1.001613085937500000e+04 3.323357343673706055e+00 0.000000000000000000e+00
1.001844042968750000e+04 2.064614057540893555e+00 0.000000000000000000e+00
1.002074023437500000e+04 9.633698463439941406e+00 0.000000000000000000e+00
1.002305078125000000e+04 1.884225606918334961e+00 0.000000000000000000e+00
1.002536230468750000e+04 3.150604724884033203e+00 0.000000000000000000e+00
1.002767382812500000e+04 6.799251079559326172e+00 0.000000000000000000e+00
1.002997558593750000e+04 3.323598861694335938e+00 0.000000000000000000e+00
1.003228808593750000e+04 4.735547065734863281e+00 0.000000000000000000e+00
1.003460156250000000e+04 4.270999431610107422e+00 0.000000000000000000e+00
1.003690429687500000e+04 4.485287666320800781e+00 0.000000000000000000e+00
1.003921875000000000e+04 2.917065858840942383e+00 0.000000000000000000e+00
1.004153417968750000e+04 2.730660200119018555e+00 0.000000000000000000e+00
1.004384960937500000e+04 5.231263637542724609e+00 0.000000000000000000e+00
1.004615429687500000e+04 5.267018795013427734e+00 0.000000000000000000e+00
1.004847070312500000e+04 2.850842714309692383e+00 0.000000000000000000e+00
1.005078808593750000e+04 4.122063159942626953e+00 0.000000000000000000e+00
1.005309472656250000e+04 4.684472084045410156e+00 0.000000000000000000e+00
1.005541308593750000e+04 3.476724624633789062e+00 0.000000000000000000e+00
1.005773242187500000e+04 3.693591117858886719e+00 0.000000000000000000e+00
1.006005078125000000e+04 6.424191951751708984e+00 0.000000000000000000e+00
1.006236035156250000e+04 3.620419025421142578e+00 0.000000000000000000e+00
1.006468066406250000e+04 2.078169345855712891e+00 0.000000000000000000e+00
1.006700097656250000e+04 4.375838279724121094e+00 0.000000000000000000e+00
1.006931152343750000e+04 5.326769351959228516e+00 0.000000000000000000e+00
1.007163378906250000e+04 3.411542654037475586e+00 0.000000000000000000e+00
1.007395605468750000e+04 4.021188735961914062e+00 0.000000000000000000e+00
1.007627929687500000e+04 3.676863193511962891e+00 0.000000000000000000e+00
1.007859179687500000e+04 2.022597312927246094e+00 0.000000000000000000e+00
1.008091601562500000e+04 5.061404228210449219e+00 0.000000000000000000e+00
1.008324023437500000e+04 8.526975631713867188e+00 0.000000000000000000e+00
1.008555468750000000e+04 6.815237522125244141e+00 0.000000000000000000e+00
1.008787988281250000e+04 3.582942008972167969e+00 0.000000000000000000e+00
1.009020605468750000e+04 6.867062091827392578e+00 0.000000000000000000e+00
1.009253320312500000e+04 5.037608146667480469e+00 0.000000000000000000e+00
1.009484960937500000e+04 6.449190616607666016e+00 0.000000000000000000e+00
1.009717773437500000e+04 6.591248035430908203e+00 0.000000000000000000e+00
1.009950585937500000e+04 2.741387605667114258e+00 0.000000000000000000e+00
1.010182324218750000e+04 5.032282352447509766e+00 0.000000000000000000e+00
1.010415332031250000e+04 9.356721878051757812e+00 0.000000000000000000e+00
1.010648339843750000e+04 5.562001705169677734e+00 0.000000000000000000e+00
1.010881347656250000e+04 1.625914812088012695e+00 0.000000000000000000e+00
1.011113378906250000e+04 1.360510230064392090e+00 0.000000000000000000e+00
1.011346484375000000e+04 2.546477317810058594e+00 0.000000000000000000e+00
1.011579687500000000e+04 2.782150268554687500e+00 0.000000000000000000e+00
1.011811914062500000e+04 3.274034976959228516e+00 0.000000000000000000e+00
1.012045214843750000e+04 2.321161478757858276e-01 0.000000000000000000e+00
1.012278613281250000e+04 2.039820104837417603e-01 0.000000000000000000e+00
1.012512011718750000e+04 3.289869308471679688e+00 0.000000000000000000e+00
1.012744335937500000e+04 4.556336879730224609e+00 0.000000000000000000e+00
1.012977929687500000e+04 3.025270700454711914e+00 0.000000000000000000e+00
1.013211523437500000e+04 7.112366676330566406e+00 0.000000000000000000e+00
1.013444042968750000e+04 1.292373776435852051e+00 0.000000000000000000e+00
1.013677734375000000e+04 3.374294519424438477e+00 0.000000000000000000e+00
1.013911523437500000e+04 6.318142890930175781e+00 0.000000000000000000e+00
1.014145312500000000e+04 1.843372702598571777e+00 0.000000000000000000e+00
1.014378027343750000e+04 3.098791599273681641e+00 0.000000000000000000e+00
1.014611914062500000e+04 6.417690277099609375e+00 0.000000000000000000e+00
1.014845898437500000e+04 1.680017828941345215e+00 0.000000000000000000e+00
1.015078808593750000e+04 1.162214636802673340e+00 0.000000000000000000e+00
1.015312890625000000e+04 2.434754133224487305e+00 0.000000000000000000e+00
1.015547070312500000e+04 1.512457489967346191e+00 0.000000000000000000e+00
1.015781250000000000e+04 4.403998374938964844e+00 0.000000000000000000e+00
1.016014355468750000e+04 3.039968490600585938e+00 0.000000000000000000e+00
1.016248632812500000e+04 6.538004279136657715e-01 0.000000000000000000e+00
1.016483007812500000e+04 2.529716730117797852e+00 0.000000000000000000e+00
1.016716210937500000e+04 4.020243644714355469e+00 0.000000000000000000e+00
1.016950683593750000e+04 2.748328685760498047e+00 0.000000000000000000e+00
1.017185253906250000e+04 4.604637145996093750e+00 0.000000000000000000e+00
1.017419726562500000e+04 4.706245422363281250e+00 0.000000000000000000e+00
1.017653222656250000e+04 9.675613403320312500e+00 0.000000000000000000e+00
1.017887890625000000e+04 8.831982612609863281e+00 0.000000000000000000e+00
1.018122656250000000e+04 3.223204612731933594e+00 0.000000000000000000e+00
1.018356347656250000e+04 -2.965320944786071777e-01 0.000000000000000000e+00
1.018591113281250000e+04 -3.190913796424865723e-01 0.000000000000000000e+00
1.018826074218750000e+04 3.681503295898437500e+00 0.000000000000000000e+00
1.019060937500000000e+04 7.291868209838867188e+00 0.000000000000000000e+00
1.019294824218750000e+04 3.743254423141479492e+00 0.000000000000000000e+00
1.019529882812500000e+04 4.003651618957519531e+00 0.000000000000000000e+00
1.019765039062500000e+04 9.421650886535644531e+00 0.000000000000000000e+00
1.019999023437500000e+04 2.000265836715698242e+00 0.000000000000000000e+00
1.020234277343750000e+04 -1.249804496765136719e+00 0.000000000000000000e+00
1.020469531250000000e+04 3.633707046508789062e+00 0.000000000000000000e+00
1.020704785156250000e+04 3.337092876434326172e+00 0.000000000000000000e+00
1.020939062500000000e+04 5.677864074707031250e+00 0.000000000000000000e+00
1.021174511718750000e+04 1.259899139404296875e+01 0.000000000000000000e+00
1.021409960937500000e+04 6.763624668121337891e+00 0.000000000000000000e+00
1.021644433593750000e+04 7.421896934509277344e+00 0.000000000000000000e+00
1.021879980468750000e+04 5.240439414978027344e+00 0.000000000000000000e+00
1.022115625000000000e+04 3.572908401489257812e+00 0.000000000000000000e+00
1.022351367187500000e+04 3.486632585525512695e+00 0.000000000000000000e+00
1.022585937500000000e+04 4.124909877777099609e+00 0.000000000000000000e+00
1.022821777343750000e+04 4.330162525177001953e+00 0.000000000000000000e+00
1.023057617187500000e+04 -3.869155406951904297e+00 0.000000000000000000e+00
1.023292382812500000e+04 3.456812143325805664e+00 0.000000000000000000e+00
1.023528417968750000e+04 5.827537536621093750e+00 0.000000000000000000e+00
1.023764355468750000e+04 3.848228454589843750e+00 0.000000000000000000e+00
1.024000488281250000e+04 5.319810390472412109e+00 0.000000000000000000e+00
1.024235449218750000e+04 2.225853919982910156e+00 0.000000000000000000e+00
1.024471679687500000e+04 -7.465953230857849121e-01 0.000000000000000000e+00
1.024707910156250000e+04 -1.335880517959594727e+00 0.000000000000000000e+00
1.024943066406250000e+04 2.075172662734985352e+00 0.000000000000000000e+00
1.025179394531250000e+04 5.047729492187500000e+00 0.000000000000000000e+00
1.025415820312500000e+04 3.128226280212402344e+00 0.000000000000000000e+00
1.025652343750000000e+04 -6.235452294349670410e-01 0.000000000000000000e+00
1.025887695312500000e+04 1.877861618995666504e+00 0.000000000000000000e+00
1.026124218750000000e+04 4.055274486541748047e+00 0.000000000000000000e+00
1.026360839843750000e+04 1.415688991546630859e+00 0.000000000000000000e+00
1.026596386718750000e+04 1.695486426353454590e+00 0.000000000000000000e+00
1.026833105468750000e+04 5.918648719787597656e+00 0.000000000000000000e+00
1.027069921875000000e+04 2.587657690048217773e+00 0.000000000000000000e+00
1.027306738281250000e+04 5.539679527282714844e+00 0.000000000000000000e+00
1.027542578125000000e+04 -3.807470947504043579e-02 0.000000000000000000e+00
1.027779492187500000e+04 -1.539950728416442871e+00 0.000000000000000000e+00
1.028016503906250000e+04 2.200143486261367798e-01 0.000000000000000000e+00
1.028252441406250000e+04 -5.390838980674743652e-01 0.000000000000000000e+00
1.028489550781250000e+04 3.503405809402465820e+00 0.000000000000000000e+00
1.028726660156250000e+04 1.637163352966308594e+01 0.000000000000000000e+00
1.028963964843750000e+04 8.728900909423828125e+00 0.000000000000000000e+00
1.029200097656250000e+04 4.769849300384521484e+00 0.000000000000000000e+00
1.029437402343750000e+04 3.924767494201660156e+00 0.000000000000000000e+00
1.029674804687500000e+04 1.826833844184875488e+00 0.000000000000000000e+00
1.029911132812500000e+04 1.246312332153320312e+01 0.000000000000000000e+00
1.030148632812500000e+04 5.571610450744628906e+00 0.000000000000000000e+00
1.030386132812500000e+04 1.895299553871154785e+00 0.000000000000000000e+00
1.030623730468750000e+04 -4.964024126529693604e-01 0.000000000000000000e+00
1.030860253906250000e+04 -1.048904061317443848e+00 0.000000000000000000e+00
1.031097949218750000e+04 1.246896266937255859e+00 0.000000000000000000e+00
1.031335742187500000e+04 1.294378757476806641e+00 0.000000000000000000e+00
1.031573632812500000e+04 4.550673484802246094e+00 0.000000000000000000e+00
1.031810351562500000e+04 4.993103981018066406e+00 0.000000000000000000e+00
1.032048242187500000e+04 -6.473948001861572266e+00 0.000000000000000000e+00
1.032286230468750000e+04 -9.655688285827636719e+00 0.000000000000000000e+00
1.032523144531250000e+04 3.257320165634155273e+00 0.000000000000000000e+00
1.032761230468750000e+04 4.254317283630371094e+00 0.000000000000000000e+00
1.032999414062500000e+04 9.903323173522949219e+00 0.000000000000000000e+00
1.033237597656250000e+04 3.637337923049926758e+00 0.000000000000000000e+00
1.033474707031250000e+04 3.637337923049926758e+00 0.000000000000000000e+00
1.033713085937500000e+04 3.637337923049926758e+00 0.000000000000000000e+00
1.033951464843750000e+04 3.637337923049926758e+00 0.000000000000000000e+00
1.034188769531250000e+04 3.637337923049926758e+00 0.000000000000000000e+00
1.034427246093750000e+04 3.637337923049926758e+00 0.000000000000000000e+00
1.034665722656250000e+04 3.637337923049926758e+00 0.000000000000000000e+00
1.034904296875000000e+04 3.637337923049926758e+00 0.000000000000000000e+00
1.035141894531250000e+04 3.637337923049926758e+00 0.000000000000000000e+00
1.035380566406250000e+04 3.637337923049926758e+00 0.000000000000000000e+00
1.035619335937500000e+04 3.637337923049926758e+00 0.000000000000000000e+00
1.035856933593750000e+04 3.637337923049926758e+00 0.000000000000000000e+00
1.036095800781250000e+04 3.637337923049926758e+00 0.000000000000000000e+00
1.036334765625000000e+04 3.637337923049926758e+00 0.000000000000000000e+00
1.036573730468750000e+04 3.637337923049926758e+00 0.000000000000000000e+00
1.036811621093750000e+04 3.637337923049926758e+00 0.000000000000000000e+00
1.037050683593750000e+04 3.637337923049926758e+00 0.000000000000000000e+00
1.037289843750000000e+04 3.637337923049926758e+00 0.000000000000000000e+00
1.037527929687500000e+04 3.637337923049926758e+00 0.000000000000000000e+00
1.037767187500000000e+04 3.637337923049926758e+00 0.000000000000000000e+00
1.038006445312500000e+04 3.637337923049926758e+00 0.000000000000000000e+00
1.038245800781250000e+04 3.637337923049926758e+00 0.000000000000000000e+00
1.038484082031250000e+04 3.637337923049926758e+00 0.000000000000000000e+00
1.038723632812500000e+04 3.637337923049926758e+00 0.000000000000000000e+00
1.038963085937500000e+04 3.637337923049926758e+00 0.000000000000000000e+00
1.039201562500000000e+04 3.637337923049926758e+00 0.000000000000000000e+00
1.039441210937500000e+04 3.637337923049926758e+00 0.000000000000000000e+00
1.039680859375000000e+04 3.637337923049926758e+00 0.000000000000000000e+00
1.039920605468750000e+04 3.637337923049926758e+00 0.000000000000000000e+00
