#wavelengths flux error
3.566974365234375000e+03 -7.626427612304687500e+02 0.000000000000000000e+00
3.567794921875000000e+03 -7.626427612304687500e+02 0.000000000000000000e+00
3.568617675781250000e+03 -7.626427612304687500e+02 0.000000000000000000e+00
3.569438476562500000e+03 -7.626427612304687500e+02 0.000000000000000000e+00
3.570261718750000000e+03 -7.626427612304687500e+02 0.000000000000000000e+00
3.571083007812500000e+03 -7.626427612304687500e+02 0.000000000000000000e+00
3.571906494140625000e+03 -7.626427612304687500e+02 0.000000000000000000e+00
3.572728271484375000e+03 -7.626427612304687500e+02 0.000000000000000000e+00
3.573550048828125000e+03 -7.626427612304687500e+02 0.000000000000000000e+00
3.574374023437500000e+03 -7.626427612304687500e+02 0.000000000000000000e+00
3.575196289062500000e+03 -7.626427612304687500e+02 0.000000000000000000e+00
3.576020751953125000e+03 -7.626427612304687500e+02 0.000000000000000000e+00
3.576843505859375000e+03 -7.626427612304687500e+02 0.000000000000000000e+00
3.577668212890625000e+03 -7.626427612304687500e+02 0.000000000000000000e+00
3.578491455078125000e+03 -7.626427612304687500e+02 0.000000000000000000e+00
3.579314453125000000e+03 -7.626427612304687500e+02 0.000000000000000000e+00
3.580139892578125000e+03 8.478013305664062500e+02 0.000000000000000000e+00
3.580963623046875000e+03 -7.437815551757812500e+02 0.000000000000000000e+00
3.581789306640625000e+03 5.923608398437500000e+02 0.000000000000000000e+00
3.582613281250000000e+03 -1.921842346191406250e+02 0.000000000000000000e+00
3.583439453125000000e+03 -1.158923435211181641e+01 0.000000000000000000e+00
3.584263916015625000e+03 3.263355712890625000e+02 0.000000000000000000e+00
3.585088378906250000e+03 -4.601832580566406250e+02 0.000000000000000000e+00
3.585915039062500000e+03 4.130111083984375000e+02 0.000000000000000000e+00
3.586739990234375000e+03 -1.775518035888671875e+02 0.000000000000000000e+00
3.587567138671875000e+03 3.081093597412109375e+01 0.000000000000000000e+00
3.588392333984375000e+03 4.748060226440429688e+01 0.000000000000000000e+00
3.589219970703125000e+03 -7.369320678710937500e+01 0.000000000000000000e+00
3.590045654296875000e+03 1.243541717529296875e+02 0.000000000000000000e+00
3.590871582031250000e+03 -5.848523330688476562e+01 0.000000000000000000e+00
3.591699462890625000e+03 4.383151245117187500e+01 0.000000000000000000e+00
3.592525878906250000e+03 -2.299621582031250000e+01 0.000000000000000000e+00
3.593354248046875000e+03 3.555089187622070312e+01 0.000000000000000000e+00
3.594180908203125000e+03 4.602233123779296875e+01 0.000000000000000000e+00
3.595009765625000000e+03 -8.076509857177734375e+01 0.000000000000000000e+00
3.595836669921875000e+03 1.093426971435546875e+02 0.000000000000000000e+00
3.596663818359375000e+03 -8.186672973632812500e+01 0.000000000000000000e+00
3.597493408203125000e+03 4.164212799072265625e+01 0.000000000000000000e+00
3.598320800781250000e+03 1.184458351135253906e+01 0.000000000000000000e+00
3.599150634765625000e+03 -3.191545295715332031e+01 0.000000000000000000e+00
3.599978759765625000e+03 8.489824676513671875e+01 0.000000000000000000e+00
3.600808837890625000e+03 -1.061200485229492188e+02 0.000000000000000000e+00
3.601637207031250000e+03 7.628997039794921875e+01 0.000000000000000000e+00
3.602467773437500000e+03 -1.471120834350585938e+01 0.000000000000000000e+00
3.603296386718750000e+03 1.571427345275878906e+01 0.000000000000000000e+00
3.604125244140625000e+03 5.728787231445312500e+01 0.000000000000000000e+00
3.604956542968750000e+03 -5.627552413940429688e+01 0.000000000000000000e+00
3.605785888671875000e+03 7.577270507812500000e+01 0.000000000000000000e+00
3.606617187500000000e+03 -3.937802505493164062e+01 0.000000000000000000e+00
3.607447021484375000e+03 2.613498306274414062e+01 0.000000000000000000e+00
3.608278808593750000e+03 1.594594573974609375e+01 0.000000000000000000e+00
3.609108886718750000e+03 -1.796494674682617188e+01 0.000000000000000000e+00
3.609939208984375000e+03 4.288631057739257812e+01 0.000000000000000000e+00
3.610771728515625000e+03 -2.937328338623046875e+01 0.000000000000000000e+00
3.611602294921875000e+03 2.095632743835449219e+01 0.000000000000000000e+00
3.612435058593750000e+03 1.535020446777343750e+01 0.000000000000000000e+00
3.613266113281250000e+03 1.446812820434570312e+01 0.000000000000000000e+00
3.614099365234375000e+03 1.411139678955078125e+01 0.000000000000000000e+00
3.614930664062500000e+03 -6.145123004913330078e+00 0.000000000000000000e+00
3.615762451171875000e+03 2.134711456298828125e+01 0.000000000000000000e+00
3.616596191406250000e+03 -1.333067131042480469e+01 0.000000000000000000e+00
3.617428222656250000e+03 1.325454425811767578e+01 0.000000000000000000e+00
3.618262451171875000e+03 5.684627294540405273e-01 0.000000000000000000e+00
3.619094726562500000e+03 -1.190200328826904297e+01 0.000000000000000000e+00
3.619929199218750000e+03 2.883571052551269531e+01 0.000000000000000000e+00
3.620761962890625000e+03 7.109571933746337891e+00 0.000000000000000000e+00
3.621594970703125000e+03 2.624260425567626953e+00 0.000000000000000000e+00
3.622430175781250000e+03 2.386989355087280273e+00 0.000000000000000000e+00
3.623263427734375000e+03 -1.472607851028442383e+00 0.000000000000000000e+00
3.624098876953125000e+03 7.761305809020996094e+00 0.000000000000000000e+00
3.624932617187500000e+03 2.108919525146484375e+01 0.000000000000000000e+00
3.625768554687500000e+03 -4.034339904785156250e+00 0.000000000000000000e+00
3.626602783203125000e+03 4.927513599395751953e+00 0.000000000000000000e+00
3.627437011718750000e+03 -4.404939174652099609e+00 0.000000000000000000e+00
3.628273437500000000e+03 9.557614326477050781e+00 0.000000000000000000e+00
3.629108154296875000e+03 2.002058982849121094e+01 0.000000000000000000e+00
3.629945068359375000e+03 1.270066738128662109e+00 0.000000000000000000e+00
3.630780029296875000e+03 1.519445228576660156e+01 0.000000000000000000e+00
3.631617431640625000e+03 -1.027140691876411438e-01 0.000000000000000000e+00
3.632452880859375000e+03 7.903001785278320312e+00 0.000000000000000000e+00
3.633288330078125000e+03 4.283010005950927734e+00 0.000000000000000000e+00
3.634126220703125000e+03 9.404588937759399414e-01 0.000000000000000000e+00
3.634962158203125000e+03 1.314674186706542969e+01 0.000000000000000000e+00
3.635800537109375000e+03 -4.642930030822753906e+00 0.000000000000000000e+00
3.636636962890625000e+03 -2.047637701034545898e+00 0.000000000000000000e+00
3.637475585937500000e+03 9.473134875297546387e-01 0.000000000000000000e+00
3.638312255859375000e+03 1.757382011413574219e+01 0.000000000000000000e+00
3.639149169921875000e+03 1.719577407836914062e+01 0.000000000000000000e+00
3.639988525390625000e+03 -4.660562038421630859e+00 0.000000000000000000e+00
3.640825927734375000e+03 2.123049736022949219e+01 0.000000000000000000e+00
3.641665283203125000e+03 9.930214881896972656e+00 0.000000000000000000e+00
3.642503173828125000e+03 2.044890880584716797e+00 0.000000000000000000e+00
3.643343017578125000e+03 -4.391585350036621094e+00 0.000000000000000000e+00
3.644181152343750000e+03 -1.023255586624145508e+00 0.000000000000000000e+00
3.645019531250000000e+03 1.553608226776123047e+01 0.000000000000000000e+00
3.645860107421875000e+03 1.582512760162353516e+01 0.000000000000000000e+00
3.646698974609375000e+03 1.573218917846679688e+01 0.000000000000000000e+00
3.647539794921875000e+03 9.200304031372070312e+00 0.000000000000000000e+00
3.648378906250000000e+03 9.296835899353027344e+00 0.000000000000000000e+00
3.649220214843750000e+03 9.827038764953613281e+00 0.000000000000000000e+00
3.650059570312500000e+03 5.822010040283203125e+00 0.000000000000000000e+00
3.650899414062500000e+03 1.587524127960205078e+01 0.000000000000000000e+00
3.651741210937500000e+03 1.599462127685546875e+01 0.000000000000000000e+00
3.652581298828125000e+03 1.370256328582763672e+01 0.000000000000000000e+00
3.653423583984375000e+03 5.875692367553710938e+00 0.000000000000000000e+00
3.654264160156250000e+03 3.660443723201751709e-01 0.000000000000000000e+00
3.655106689453125000e+03 6.145647525787353516e+00 0.000000000000000000e+00
3.655947509765625000e+03 1.305618190765380859e+01 0.000000000000000000e+00
3.656788574218750000e+03 1.035530757904052734e+01 0.000000000000000000e+00
3.657631835937500000e+03 1.320227241516113281e+01 0.000000000000000000e+00
3.658473388671875000e+03 1.391726398468017578e+01 0.000000000000000000e+00
3.659316894531250000e+03 9.198926925659179688e+00 0.000000000000000000e+00
3.660158691406250000e+03 5.820096015930175781e+00 0.000000000000000000e+00
3.661002929687500000e+03 9.840220451354980469e+00 0.000000000000000000e+00
3.661844970703125000e+03 1.610235214233398438e+01 0.000000000000000000e+00
3.662687500000000000e+03 1.765258598327636719e+01 0.000000000000000000e+00
3.663531982421875000e+03 7.318100929260253906e+00 0.000000000000000000e+00
3.664374755859375000e+03 4.118525028228759766e+00 0.000000000000000000e+00
3.665219726562500000e+03 1.583513069152832031e+01 0.000000000000000000e+00
3.666062988281250000e+03 8.623632431030273438e+00 0.000000000000000000e+00
3.666908447265625000e+03 4.092758655548095703e+00 0.000000000000000000e+00
3.667751953125000000e+03 1.253866076469421387e+00 0.000000000000000000e+00
3.668597656250000000e+03 6.437435150146484375e-01 0.000000000000000000e+00
3.669441650390625000e+03 1.791249871253967285e+00 0.000000000000000000e+00
3.670285888671875000e+03 2.794126033782958984e+00 0.000000000000000000e+00
3.671132080078125000e+03 4.921692848205566406e+00 0.000000000000000000e+00
3.671976806640625000e+03 1.653880691528320312e+01 0.000000000000000000e+00
3.672823486328125000e+03 2.243103218078613281e+01 0.000000000000000000e+00
3.673668457031250000e+03 2.045086288452148438e+01 0.000000000000000000e+00
3.674515625000000000e+03 1.424053764343261719e+01 0.000000000000000000e+00
3.675360839843750000e+03 8.719661712646484375e+00 0.000000000000000000e+00
3.676206298828125000e+03 6.025672435760498047e+00 0.000000000000000000e+00
3.677054199218750000e+03 -4.777158737182617188e+00 0.000000000000000000e+00
3.677899902343750000e+03 8.668557167053222656e+00 0.000000000000000000e+00
3.678748046875000000e+03 5.769959449768066406e+00 0.000000000000000000e+00
3.679594482421875000e+03 -5.844801664352416992e-01 0.000000000000000000e+00
3.680442871093750000e+03 1.521841049194335938e+01 0.000000000000000000e+00
3.681289550781250000e+03 1.032545948028564453e+01 0.000000000000000000e+00
3.682136474609375000e+03 1.215549659729003906e+01 0.000000000000000000e+00
3.682985595703125000e+03 1.034412002563476562e+01 0.000000000000000000e+00
3.683832763671875000e+03 2.787442922592163086e+00 0.000000000000000000e+00
3.684682373046875000e+03 -8.364147543907165527e-01 0.000000000000000000e+00
3.685530029296875000e+03 3.530735731124877930e+00 0.000000000000000000e+00
3.686379882812500000e+03 3.850129842758178711e+00 0.000000000000000000e+00
3.687227783203125000e+03 7.969155788421630859e+00 0.000000000000000000e+00
3.688076171875000000e+03 7.723105907440185547e+00 0.000000000000000000e+00
3.688926513671875000e+03 7.374658584594726562e+00 0.000000000000000000e+00
3.689775146484375000e+03 9.994990348815917969e+00 0.000000000000000000e+00
3.690625976562500000e+03 1.180714035034179688e+01 0.000000000000000000e+00
3.691475097656250000e+03 8.542416572570800781e+00 0.000000000000000000e+00
3.692326416015625000e+03 1.076095867156982422e+01 0.000000000000000000e+00
3.693175781250000000e+03 6.157334804534912109e+00 0.000000000000000000e+00
3.694025390625000000e+03 2.663098812103271484e+00 0.000000000000000000e+00
3.694877197265625000e+03 2.285397291183471680e+00 0.000000000000000000e+00
3.695727294921875000e+03 3.733209609985351562e+00 0.000000000000000000e+00
3.696579345703125000e+03 1.305154132843017578e+01 0.000000000000000000e+00
3.697429931640625000e+03 1.258481693267822266e+01 0.000000000000000000e+00
3.698282470703125000e+03 9.482770919799804688e+00 0.000000000000000000e+00
3.699133300781250000e+03 8.255800247192382812e+00 0.000000000000000000e+00
3.699984130859375000e+03 8.776411056518554688e+00 0.000000000000000000e+00
3.700837402343750000e+03 1.014630413055419922e+01 0.000000000000000000e+00
3.701688720703125000e+03 1.290392017364501953e+01 0.000000000000000000e+00
3.702542480468750000e+03 1.441045475006103516e+01 0.000000000000000000e+00
3.703394287109375000e+03 1.332089614868164062e+01 0.000000000000000000e+00
3.704248291015625000e+03 1.009554290771484375e+01 0.000000000000000000e+00
3.705100341796875000e+03 7.827445030212402344e+00 0.000000000000000000e+00
3.705952636718750000e+03 8.437773704528808594e+00 0.000000000000000000e+00
3.706807373046875000e+03 8.889532089233398438e+00 0.000000000000000000e+00
3.707659912109375000e+03 9.137104988098144531e+00 0.000000000000000000e+00
3.708514892578125000e+03 9.051071166992187500e+00 0.000000000000000000e+00
3.709368164062500000e+03 3.525641679763793945e+00 0.000000000000000000e+00
3.710223388671875000e+03 -6.914185881614685059e-01 0.000000000000000000e+00
3.711077148437500000e+03 1.588053345680236816e+00 0.000000000000000000e+00
3.711930664062500000e+03 -3.435905933380126953e+00 0.000000000000000000e+00
3.712786621093750000e+03 -7.575209617614746094e+00 0.000000000000000000e+00
3.713640869140625000e+03 -8.591105461120605469e+00 0.000000000000000000e+00
3.714497314453125000e+03 -6.203987121582031250e+00 0.000000000000000000e+00
3.715351806640625000e+03 7.385506033897399902e-01 0.000000000000000000e+00
3.716208496093750000e+03 8.447815895080566406e+00 0.000000000000000000e+00
3.717063476562500000e+03 6.944169521331787109e+00 0.000000000000000000e+00
3.717918457031250000e+03 8.297863960266113281e+00 0.000000000000000000e+00
3.718775878906250000e+03 5.952118396759033203e+00 0.000000000000000000e+00
3.719631347656250000e+03 4.853481292724609375e+00 0.000000000000000000e+00
3.720489013671875000e+03 8.013712882995605469e+00 0.000000000000000000e+00
3.721344970703125000e+03 1.084638977050781250e+01 0.000000000000000000e+00
3.722203125000000000e+03 8.419499397277832031e+00 0.000000000000000000e+00
3.723059326171875000e+03 1.194964504241943359e+01 0.000000000000000000e+00
3.723915771484375000e+03 9.650842666625976562e+00 0.000000000000000000e+00
3.724774658203125000e+03 8.372264862060546875e+00 0.000000000000000000e+00
3.725631591796875000e+03 8.509106636047363281e+00 0.000000000000000000e+00
3.726490478515625000e+03 7.045755863189697266e+00 0.000000000000000000e+00
3.727347900390625000e+03 1.068939876556396484e+01 0.000000000000000000e+00
3.728207275390625000e+03 2.635358333587646484e+00 0.000000000000000000e+00
3.729064941406250000e+03 2.172836303710937500e+00 0.000000000000000000e+00
3.729922851562500000e+03 8.352499961853027344e+00 0.000000000000000000e+00
3.730782958984375000e+03 7.942551136016845703e+00 0.000000000000000000e+00
3.731641357421875000e+03 2.243253231048583984e+00 0.000000000000000000e+00
3.732501708984375000e+03 1.371048736572265625e+01 0.000000000000000000e+00
3.733360351562500000e+03 6.167791366577148438e+00 0.000000000000000000e+00
3.734221435546875000e+03 -2.629098892211914062e-01 0.000000000000000000e+00
3.735080322265625000e+03 9.851802825927734375e+00 0.000000000000000000e+00
3.735941650390625000e+03 1.950593376159667969e+01 0.000000000000000000e+00
3.736801269531250000e+03 1.207943439483642578e+01 0.000000000000000000e+00
3.737660888671875000e+03 1.300805091857910156e+01 0.000000000000000000e+00
3.738522705078125000e+03 2.052427291870117188e+01 0.000000000000000000e+00
3.739382812500000000e+03 1.342631530761718750e+01 0.000000000000000000e+00
3.740245117187500000e+03 3.367094755172729492e+00 0.000000000000000000e+00
3.741105468750000000e+03 8.839932441711425781e+00 0.000000000000000000e+00
3.741968261718750000e+03 2.165785408020019531e+01 0.000000000000000000e+00
3.742829101562500000e+03 7.259765148162841797e+00 0.000000000000000000e+00
3.743689941406250000e+03 1.525624370574951172e+01 0.000000000000000000e+00
3.744553222656250000e+03 1.404609012603759766e+01 0.000000000000000000e+00
3.745414794921875000e+03 1.020060348510742188e+01 0.000000000000000000e+00
3.746278564453125000e+03 1.378523445129394531e+01 0.000000000000000000e+00
3.747140380859375000e+03 1.616628074645996094e+01 0.000000000000000000e+00
3.748004394531250000e+03 4.309714317321777344e+00 0.000000000000000000e+00
3.748866699218750000e+03 5.872209548950195312e+00 0.000000000000000000e+00
3.749729003906250000e+03 9.825892448425292969e+00 0.000000000000000000e+00
3.750593750000000000e+03 8.196442604064941406e+00 0.000000000000000000e+00
3.751456542968750000e+03 6.660809516906738281e+00 0.000000000000000000e+00
3.752321533203125000e+03 1.091036605834960938e+01 0.000000000000000000e+00
3.753184814453125000e+03 1.058349704742431641e+01 0.000000000000000000e+00
3.754050292968750000e+03 5.788626670837402344e+00 0.000000000000000000e+00
3.754913818359375000e+03 3.648846864700317383e+00 0.000000000000000000e+00
3.755777587890625000e+03 6.945876121520996094e+00 0.000000000000000000e+00
3.756643798828125000e+03 1.338966274261474609e+01 0.000000000000000000e+00
3.757508056640625000e+03 1.645548629760742188e+01 0.000000000000000000e+00
3.758374511718750000e+03 1.153036022186279297e+01 0.000000000000000000e+00
3.759239013671875000e+03 1.493307113647460938e+01 0.000000000000000000e+00
3.760105957031250000e+03 1.438873481750488281e+01 0.000000000000000000e+00
3.760970947265625000e+03 1.237331008911132812e+01 0.000000000000000000e+00
3.761836181640625000e+03 1.256400012969970703e+01 0.000000000000000000e+00
3.762703613281250000e+03 1.447397613525390625e+01 0.000000000000000000e+00
3.763569335937500000e+03 1.696955299377441406e+01 0.000000000000000000e+00
3.764437011718750000e+03 1.111350917816162109e+01 0.000000000000000000e+00
3.765302978515625000e+03 8.569110870361328125e+00 0.000000000000000000e+00
3.766171386718750000e+03 6.978169441223144531e+00 0.000000000000000000e+00
3.767037841796875000e+03 4.401691436767578125e+00 0.000000000000000000e+00
3.767904296875000000e+03 3.631087303161621094e+00 0.000000000000000000e+00
3.768773193359375000e+03 4.881255626678466797e+00 0.000000000000000000e+00
3.769640136718750000e+03 5.953728675842285156e+00 0.000000000000000000e+00
3.770509521484375000e+03 5.464368820190429688e+00 0.000000000000000000e+00
3.771376953125000000e+03 1.092965316772460938e+01 0.000000000000000000e+00
3.772246582031250000e+03 1.536885643005371094e+01 0.000000000000000000e+00
3.773114501953125000e+03 9.053736686706542969e+00 0.000000000000000000e+00
3.773982421875000000e+03 6.697930812835693359e+00 0.000000000000000000e+00
3.774852783203125000e+03 8.201902389526367188e+00 0.000000000000000000e+00
3.775720947265625000e+03 7.276329517364501953e+00 0.000000000000000000e+00
3.776591796875000000e+03 5.738669872283935547e+00 0.000000000000000000e+00
3.777460449218750000e+03 4.758252620697021484e+00 0.000000000000000000e+00
3.778331542968750000e+03 2.604666948318481445e+00 0.000000000000000000e+00
3.779200927734375000e+03 -2.037005722522735596e-01 0.000000000000000000e+00
3.780070312500000000e+03 2.031907081604003906e+00 0.000000000000000000e+00
3.780941894531250000e+03 1.243777942657470703e+01 0.000000000000000000e+00
3.781811767578125000e+03 2.115217781066894531e+01 0.000000000000000000e+00
3.782683837890625000e+03 2.153003120422363281e+01 0.000000000000000000e+00
3.783553955078125000e+03 1.579533290863037109e+01 0.000000000000000000e+00
3.784426513671875000e+03 1.041745758056640625e+01 0.000000000000000000e+00
3.785297119140625000e+03 8.217358589172363281e+00 0.000000000000000000e+00
3.786167968750000000e+03 1.170266056060791016e+01 0.000000000000000000e+00
3.787041015625000000e+03 8.772960662841796875e+00 0.000000000000000000e+00
3.787912109375000000e+03 2.686506748199462891e+00 0.000000000000000000e+00
3.788785644531250000e+03 5.057653903961181641e+00 0.000000000000000000e+00
3.789657226562500000e+03 7.238133907318115234e+00 0.000000000000000000e+00
3.790531005859375000e+03 1.025987720489501953e+01 0.000000000000000000e+00
3.791403076171875000e+03 9.406664848327636719e+00 0.000000000000000000e+00
3.792275390625000000e+03 7.321096420288085938e+00 0.000000000000000000e+00
3.793149902343750000e+03 7.887693405151367188e+00 0.000000000000000000e+00
3.794022460937500000e+03 1.267162704467773438e+01 0.000000000000000000e+00
3.794897216796875000e+03 1.890942573547363281e+01 0.000000000000000000e+00
3.795770263671875000e+03 1.346093463897705078e+01 0.000000000000000000e+00
3.796645507812500000e+03 1.281286525726318359e+01 0.000000000000000000e+00
3.797519042968750000e+03 1.533408832550048828e+01 0.000000000000000000e+00
3.798392578125000000e+03 1.481470489501953125e+01 0.000000000000000000e+00
3.799268554687500000e+03 1.260176277160644531e+01 0.000000000000000000e+00
3.800142578125000000e+03 1.556419849395751953e+01 0.000000000000000000e+00
3.801018798828125000e+03 1.566507053375244141e+01 0.000000000000000000e+00
3.801893310546875000e+03 1.578982257843017578e+01 0.000000000000000000e+00
3.802770019531250000e+03 1.539753437042236328e+01 0.000000000000000000e+00
3.803644775390625000e+03 1.463970279693603516e+01 0.000000000000000000e+00
3.804521972656250000e+03 1.585976123809814453e+01 0.000000000000000000e+00
3.805397216796875000e+03 1.928282546997070312e+01 0.000000000000000000e+00
3.806272705078125000e+03 1.889538955688476562e+01 0.000000000000000000e+00
3.807150390625000000e+03 1.487932205200195312e+01 0.000000000000000000e+00
3.808026123046875000e+03 1.034537601470947266e+01 0.000000000000000000e+00
3.808904296875000000e+03 8.028940200805664062e+00 0.000000000000000000e+00
3.809780517578125000e+03 8.780708312988281250e+00 0.000000000000000000e+00
3.810658935546875000e+03 1.048097705841064453e+01 0.000000000000000000e+00
3.811535644531250000e+03 8.853723526000976562e+00 0.000000000000000000e+00
3.812412597656250000e+03 1.035084438323974609e+01 0.000000000000000000e+00
3.813291748046875000e+03 1.108895874023437500e+01 0.000000000000000000e+00
3.814168945312500000e+03 1.179748535156250000e+01 0.000000000000000000e+00
3.815048339843750000e+03 1.639991760253906250e+01 0.000000000000000000e+00
3.815926025390625000e+03 1.712381935119628906e+01 0.000000000000000000e+00
3.816805908203125000e+03 1.160614967346191406e+01 0.000000000000000000e+00
3.817684082031250000e+03 1.479687786102294922e+01 0.000000000000000000e+00
3.818562255859375000e+03 1.517086410522460938e+01 0.000000000000000000e+00
3.819442871093750000e+03 1.319644832611083984e+01 0.000000000000000000e+00
3.820321533203125000e+03 1.884256744384765625e+01 0.000000000000000000e+00
3.821202392578125000e+03 1.704587745666503906e+01 0.000000000000000000e+00
3.822081542968750000e+03 1.050920104980468750e+01 0.000000000000000000e+00
3.822962890625000000e+03 1.617644119262695312e+01 0.000000000000000000e+00
3.823842285156250000e+03 1.787779998779296875e+01 0.000000000000000000e+00
3.824721923828125000e+03 1.130066204071044922e+01 0.000000000000000000e+00
3.825604003906250000e+03 9.299400329589843750e+00 0.000000000000000000e+00
3.826484130859375000e+03 9.421146392822265625e+00 0.000000000000000000e+00
3.827366455078125000e+03 1.200443840026855469e+01 0.000000000000000000e+00
3.828246826171875000e+03 1.081451511383056641e+01 0.000000000000000000e+00
3.829129638671875000e+03 9.493124008178710938e+00 0.000000000000000000e+00
3.830010498046875000e+03 9.000178337097167969e+00 0.000000000000000000e+00
3.830891601562500000e+03 7.051486968994140625e+00 0.000000000000000000e+00
3.831775146484375000e+03 7.904162406921386719e+00 0.000000000000000000e+00
3.832656494140625000e+03 8.747485160827636719e+00 0.000000000000000000e+00
3.833540283203125000e+03 1.334538078308105469e+01 0.000000000000000000e+00
3.834422363281250000e+03 1.203212928771972656e+01 0.000000000000000000e+00
3.835306396484375000e+03 8.656439781188964844e+00 0.000000000000000000e+00
3.836188720703125000e+03 1.244727802276611328e+01 0.000000000000000000e+00
3.837071289062500000e+03 7.562444210052490234e+00 0.000000000000000000e+00
3.837956054687500000e+03 7.614313125610351562e+00 0.000000000000000000e+00
3.838839111328125000e+03 6.122494220733642578e+00 0.000000000000000000e+00
3.839724365234375000e+03 1.688741326332092285e+00 0.000000000000000000e+00
3.840607666015625000e+03 -1.615321516990661621e+00 0.000000000000000000e+00
3.841493164062500000e+03 -1.737151503562927246e+00 0.000000000000000000e+00
3.842376953125000000e+03 -3.166460275650024414e+00 0.000000000000000000e+00
3.843260986328125000e+03 3.308683395385742188e+00 0.000000000000000000e+00
3.844147216796875000e+03 1.135343742370605469e+01 0.000000000000000000e+00
3.845031494140625000e+03 1.188932800292968750e+01 0.000000000000000000e+00
3.845918212890625000e+03 1.101961231231689453e+01 0.000000000000000000e+00
3.846802978515625000e+03 1.593892097473144531e+01 0.000000000000000000e+00
3.847689941406250000e+03 8.462708473205566406e+00 0.000000000000000000e+00
3.848575195312500000e+03 8.210382461547851562e+00 0.000000000000000000e+00
3.849460449218750000e+03 2.298797130584716797e+00 0.000000000000000000e+00
3.850348144531250000e+03 4.245445728302001953e+00 0.000000000000000000e+00
3.851233886718750000e+03 1.205868244171142578e+01 0.000000000000000000e+00
3.852122070312500000e+03 9.682732582092285156e+00 0.000000000000000000e+00
3.853008300781250000e+03 1.229888725280761719e+01 0.000000000000000000e+00
3.853896728515625000e+03 1.776316833496093750e+01 0.000000000000000000e+00
3.854783203125000000e+03 1.024464988708496094e+01 0.000000000000000000e+00
3.855670166015625000e+03 8.192920684814453125e+00 0.000000000000000000e+00
3.856559082031250000e+03 1.337428092956542969e+01 0.000000000000000000e+00
3.857446289062500000e+03 9.854206085205078125e+00 0.000000000000000000e+00
3.858335937500000000e+03 1.092712020874023438e+01 0.000000000000000000e+00
3.859223388671875000e+03 1.161510944366455078e+01 0.000000000000000000e+00
3.860113525390625000e+03 1.340270805358886719e+01 0.000000000000000000e+00
3.861001464843750000e+03 1.426935672760009766e+01 0.000000000000000000e+00
3.861889648437500000e+03 1.342772293090820312e+01 0.000000000000000000e+00
3.862780273437500000e+03 1.241738891601562500e+01 0.000000000000000000e+00
3.863668945312500000e+03 1.090685844421386719e+01 0.000000000000000000e+00
3.864559814453125000e+03 1.025446701049804688e+01 0.000000000000000000e+00
3.865448730468750000e+03 8.223219871520996094e+00 0.000000000000000000e+00
3.866340087890625000e+03 3.398527145385742188e+00 0.000000000000000000e+00
3.867229736328125000e+03 1.042872220277786255e-01 0.000000000000000000e+00
3.868121337890625000e+03 2.296221017837524414e+00 0.000000000000000000e+00
3.869011230468750000e+03 2.307451725006103516e+00 0.000000000000000000e+00
3.869901367187500000e+03 4.154693603515625000e+00 0.000000000000000000e+00
3.870793701171875000e+03 3.642527103424072266e+00 0.000000000000000000e+00
3.871684082031250000e+03 4.604436397552490234e+00 0.000000000000000000e+00
3.872576904296875000e+03 8.290151596069335938e+00 0.000000000000000000e+00
3.873467773437500000e+03 1.000264644622802734e+01 0.000000000000000000e+00
3.874361083984375000e+03 8.459065437316894531e+00 0.000000000000000000e+00
3.875252441406250000e+03 1.005569839477539062e+01 0.000000000000000000e+00
3.876143798828125000e+03 1.240330505371093750e+01 0.000000000000000000e+00
3.877037597656250000e+03 1.280240154266357422e+01 0.000000000000000000e+00
3.877929687500000000e+03 1.151835155487060547e+01 0.000000000000000000e+00
3.878823730468750000e+03 1.058562278747558594e+01 0.000000000000000000e+00
3.879716064453125000e+03 9.972936630249023438e+00 0.000000000000000000e+00
3.880610839843750000e+03 7.682645320892333984e+00 0.000000000000000000e+00
3.881503662109375000e+03 1.000123691558837891e+01 0.000000000000000000e+00
3.882396484375000000e+03 1.268676185607910156e+01 0.000000000000000000e+00
3.883291748046875000e+03 1.384063816070556641e+01 0.000000000000000000e+00
3.884185058593750000e+03 1.609207344055175781e+01 0.000000000000000000e+00
3.885080810546875000e+03 1.529084777832031250e+01 0.000000000000000000e+00
3.885974609375000000e+03 1.365495300292968750e+01 0.000000000000000000e+00
3.886870605468750000e+03 1.310890007019042969e+01 0.000000000000000000e+00
3.887764892578125000e+03 1.420105934143066406e+01 0.000000000000000000e+00
3.888659179687500000e+03 1.311615943908691406e+01 0.000000000000000000e+00
3.889555908203125000e+03 8.283843994140625000e+00 0.000000000000000000e+00
3.890450683593750000e+03 1.111240673065185547e+01 0.000000000000000000e+00
3.891347900390625000e+03 1.540854263305664062e+01 0.000000000000000000e+00
3.892242919921875000e+03 1.523348236083984375e+01 0.000000000000000000e+00
3.893140625000000000e+03 9.928336143493652344e+00 0.000000000000000000e+00
3.894036132812500000e+03 6.458424091339111328e+00 0.000000000000000000e+00
3.894931884765625000e+03 9.586673736572265625e+00 0.000000000000000000e+00
3.895830078125000000e+03 6.783305644989013672e+00 0.000000000000000000e+00
3.896726318359375000e+03 5.944622039794921875e+00 0.000000000000000000e+00
3.897625000000000000e+03 6.338243961334228516e+00 0.000000000000000000e+00
3.898521484375000000e+03 7.757651329040527344e+00 0.000000000000000000e+00
3.899420654296875000e+03 1.050891876220703125e+01 0.000000000000000000e+00
3.900317626953125000e+03 1.265006446838378906e+01 0.000000000000000000e+00
3.901214843750000000e+03 1.047936439514160156e+01 0.000000000000000000e+00
3.902114501953125000e+03 1.283170223236083984e+01 0.000000000000000000e+00
3.903012207031250000e+03 1.222268772125244141e+01 0.000000000000000000e+00
3.903912109375000000e+03 1.187588405609130859e+01 0.000000000000000000e+00
3.904810302734375000e+03 1.335306167602539062e+01 0.000000000000000000e+00
3.905710693359375000e+03 1.226142501831054688e+01 0.000000000000000000e+00
3.906609375000000000e+03 1.094837188720703125e+01 0.000000000000000000e+00
3.907508056640625000e+03 1.453639316558837891e+01 0.000000000000000000e+00
3.908408935546875000e+03 9.634668350219726562e+00 0.000000000000000000e+00
3.909308105468750000e+03 9.935615539550781250e+00 0.000000000000000000e+00
3.910209716796875000e+03 1.601946449279785156e+01 0.000000000000000000e+00
3.911109130859375000e+03 1.211022949218750000e+01 0.000000000000000000e+00
3.912010986328125000e+03 1.210277175903320312e+01 0.000000000000000000e+00
3.912911132812500000e+03 1.455847835540771484e+01 0.000000000000000000e+00
3.913811279296875000e+03 1.106408405303955078e+01 0.000000000000000000e+00
3.914713623046875000e+03 1.228800010681152344e+01 0.000000000000000000e+00
3.915614257812500000e+03 1.756426429748535156e+01 0.000000000000000000e+00
3.916517089843750000e+03 1.295934772491455078e+01 0.000000000000000000e+00
3.917418212890625000e+03 8.029873847961425781e+00 0.000000000000000000e+00
3.918321533203125000e+03 1.143401241302490234e+01 0.000000000000000000e+00
3.919222900390625000e+03 1.191518402099609375e+01 0.000000000000000000e+00
3.920124511718750000e+03 1.167461013793945312e+01 0.000000000000000000e+00
3.921028564453125000e+03 1.276560497283935547e+01 0.000000000000000000e+00
3.921930664062500000e+03 1.099370574951171875e+01 0.000000000000000000e+00
3.922834960937500000e+03 8.748307228088378906e+00 0.000000000000000000e+00
3.923737304687500000e+03 9.811995506286621094e+00 0.000000000000000000e+00
3.924642089843750000e+03 9.473886489868164062e+00 0.000000000000000000e+00
3.925545166015625000e+03 1.051117038726806641e+01 0.000000000000000000e+00
3.926447998046875000e+03 1.027206611633300781e+01 0.000000000000000000e+00
3.927353515625000000e+03 4.895170688629150391e+00 0.000000000000000000e+00
3.928257080078125000e+03 1.051739883422851562e+01 0.000000000000000000e+00
3.929162841796875000e+03 1.345531463623046875e+01 0.000000000000000000e+00
3.930066894531250000e+03 1.324420356750488281e+01 0.000000000000000000e+00
3.930973144531250000e+03 1.186155796051025391e+01 0.000000000000000000e+00
3.931877441406250000e+03 1.194782447814941406e+01 0.000000000000000000e+00
3.932781982421875000e+03 1.379186153411865234e+01 0.000000000000000000e+00
3.933688720703125000e+03 1.051750469207763672e+01 0.000000000000000000e+00
3.934593750000000000e+03 9.378375053405761719e+00 0.000000000000000000e+00
3.935500976562500000e+03 7.515738010406494141e+00 0.000000000000000000e+00
3.936406250000000000e+03 8.320729255676269531e+00 0.000000000000000000e+00
3.937314208984375000e+03 1.021615123748779297e+01 0.000000000000000000e+00
3.938219970703125000e+03 7.454621791839599609e+00 0.000000000000000000e+00
3.939127929687500000e+03 8.317171096801757812e+00 0.000000000000000000e+00
3.940034179687500000e+03 9.380551338195800781e+00 0.000000000000000000e+00
3.940940673828125000e+03 8.481753349304199219e+00 0.000000000000000000e+00
3.941849365234375000e+03 1.133820343017578125e+01 0.000000000000000000e+00
3.942756103515625000e+03 1.587513351440429688e+01 0.000000000000000000e+00
3.943665283203125000e+03 1.307115173339843750e+01 0.000000000000000000e+00
3.944572509765625000e+03 9.794896125793457031e+00 0.000000000000000000e+00
3.945482177734375000e+03 1.221970081329345703e+01 0.000000000000000000e+00
3.946389892578125000e+03 1.673203277587890625e+01 0.000000000000000000e+00
3.947297851562500000e+03 1.528218936920166016e+01 0.000000000000000000e+00
3.948208007812500000e+03 1.211045169830322266e+01 0.000000000000000000e+00
3.949116210937500000e+03 1.519212341308593750e+01 0.000000000000000000e+00
3.950026855468750000e+03 7.454342365264892578e+00 0.000000000000000000e+00
3.950935546875000000e+03 1.300021553039550781e+01 0.000000000000000000e+00
3.951846679687500000e+03 1.023086833953857422e+01 0.000000000000000000e+00
3.952755859375000000e+03 9.163199424743652344e+00 0.000000000000000000e+00
3.953665039062500000e+03 1.515324306488037109e+01 0.000000000000000000e+00
3.954576904296875000e+03 1.366673660278320312e+01 0.000000000000000000e+00
3.955486572265625000e+03 1.129780006408691406e+01 0.000000000000000000e+00
3.956398681640625000e+03 7.517777442932128906e+00 0.000000000000000000e+00
3.957308837890625000e+03 9.743395805358886719e+00 0.000000000000000000e+00
3.958221435546875000e+03 1.233318424224853516e+01 0.000000000000000000e+00
3.959132080078125000e+03 1.102026748657226562e+01 0.000000000000000000e+00
3.960042724609375000e+03 1.026483535766601562e+01 0.000000000000000000e+00
3.960956054687500000e+03 1.147061347961425781e+01 0.000000000000000000e+00
3.961867187500000000e+03 1.172088813781738281e+01 0.000000000000000000e+00
3.962780761718750000e+03 1.078326129913330078e+01 0.000000000000000000e+00
3.963692382812500000e+03 1.050345993041992188e+01 0.000000000000000000e+00
3.964606445312500000e+03 1.240221214294433594e+01 0.000000000000000000e+00
3.965518554687500000e+03 1.412203693389892578e+01 0.000000000000000000e+00
3.966430664062500000e+03 9.254301071166992188e+00 0.000000000000000000e+00
3.967345458984375000e+03 1.252848529815673828e+01 0.000000000000000000e+00
3.968258056640625000e+03 1.181533050537109375e+01 0.000000000000000000e+00
3.969173095703125000e+03 7.221374511718750000e+00 0.000000000000000000e+00
3.970086181640625000e+03 5.300825595855712891e+00 0.000000000000000000e+00
3.971001708984375000e+03 7.698922157287597656e+00 0.000000000000000000e+00
3.971915283203125000e+03 1.000561809539794922e+01 0.000000000000000000e+00
3.972829101562500000e+03 1.140093231201171875e+01 0.000000000000000000e+00
3.973745117187500000e+03 1.081048297882080078e+01 0.000000000000000000e+00
3.974659179687500000e+03 9.707225799560546875e+00 0.000000000000000000e+00
3.975575927734375000e+03 8.623213768005371094e+00 0.000000000000000000e+00
3.976490478515625000e+03 7.553637981414794922e+00 0.000000000000000000e+00
3.977407470703125000e+03 1.026639747619628906e+01 0.000000000000000000e+00
3.978322509765625000e+03 7.937473297119140625e+00 0.000000000000000000e+00
3.979237548828125000e+03 9.056332588195800781e+00 0.000000000000000000e+00
3.980155273437500000e+03 1.272494411468505859e+01 0.000000000000000000e+00
3.981070800781250000e+03 1.407751178741455078e+01 0.000000000000000000e+00
3.981988769531250000e+03 1.145351505279541016e+01 0.000000000000000000e+00
3.982904785156250000e+03 5.911683082580566406e+00 0.000000000000000000e+00
3.983823242187500000e+03 7.995247364044189453e+00 0.000000000000000000e+00
3.984739746093750000e+03 6.084588527679443359e+00 0.000000000000000000e+00
3.985656494140625000e+03 7.198238849639892578e+00 0.000000000000000000e+00
3.986575683593750000e+03 1.182052135467529297e+01 0.000000000000000000e+00
3.987492675781250000e+03 8.295898437500000000e+00 0.000000000000000000e+00
3.988412109375000000e+03 9.856287002563476562e+00 0.000000000000000000e+00
3.989329833984375000e+03 6.631203651428222656e+00 0.000000000000000000e+00
3.990249755859375000e+03 9.324028015136718750e+00 0.000000000000000000e+00
3.991167724609375000e+03 1.424865150451660156e+01 0.000000000000000000e+00
3.992085693359375000e+03 1.415887165069580078e+01 0.000000000000000000e+00
3.993006347656250000e+03 1.181585788726806641e+01 0.000000000000000000e+00
3.993925048828125000e+03 1.524905872344970703e+01 0.000000000000000000e+00
3.994845947265625000e+03 1.358176803588867188e+01 0.000000000000000000e+00
3.995764892578125000e+03 1.167389488220214844e+01 0.000000000000000000e+00
3.996686279296875000e+03 1.066413688659667969e+01 0.000000000000000000e+00
3.997605712890625000e+03 1.116058063507080078e+01 0.000000000000000000e+00
3.998525390625000000e+03 1.472940254211425781e+01 0.000000000000000000e+00
3.999447509765625000e+03 1.499024391174316406e+01 0.000000000000000000e+00
4.000367431640625000e+03 1.253275871276855469e+01 0.000000000000000000e+00
4.001290039062500000e+03 9.894509315490722656e+00 0.000000000000000000e+00
4.002210449218750000e+03 1.112728881835937500e+01 0.000000000000000000e+00
4.003133300781250000e+03 1.253547191619873047e+01 0.000000000000000000e+00
4.004054443359375000e+03 7.729773521423339844e+00 0.000000000000000000e+00
4.004975341796875000e+03 1.020462322235107422e+01 0.000000000000000000e+00
4.005898925781250000e+03 1.190578174591064453e+01 0.000000000000000000e+00
4.006820556640625000e+03 9.383529663085937500e+00 0.000000000000000000e+00
4.007744628906250000e+03 1.019845485687255859e+01 0.000000000000000000e+00
4.008666503906250000e+03 1.227742004394531250e+01 0.000000000000000000e+00
4.009590820312500000e+03 6.250472545623779297e+00 0.000000000000000000e+00
4.010513183593750000e+03 1.038079643249511719e+01 0.000000000000000000e+00
4.011437988281250000e+03 1.097673416137695312e+01 0.000000000000000000e+00
4.012360839843750000e+03 7.629544258117675781e+00 0.000000000000000000e+00
4.013283935546875000e+03 7.385030746459960938e+00 0.000000000000000000e+00
4.014209472656250000e+03 1.036975955963134766e+01 0.000000000000000000e+00
4.015132812500000000e+03 8.280055046081542969e+00 0.000000000000000000e+00
4.016058837890625000e+03 3.092661142349243164e+00 0.000000000000000000e+00
4.016982666015625000e+03 9.303065299987792969e+00 0.000000000000000000e+00
4.017908935546875000e+03 1.076796054840087891e+01 0.000000000000000000e+00
4.018833251953125000e+03 9.742526054382324219e+00 0.000000000000000000e+00
4.019757812500000000e+03 1.074148559570312500e+01 0.000000000000000000e+00
4.020684814453125000e+03 9.030564308166503906e+00 0.000000000000000000e+00
4.021609619140625000e+03 1.067841148376464844e+01 0.000000000000000000e+00
4.022537109375000000e+03 3.822789192199707031e+00 0.000000000000000000e+00
4.023462402343750000e+03 5.331168651580810547e+00 0.000000000000000000e+00
4.024390136718750000e+03 8.318314552307128906e+00 0.000000000000000000e+00
4.025316162109375000e+03 6.422883033752441406e+00 0.000000000000000000e+00
4.026242187500000000e+03 9.201650619506835938e+00 0.000000000000000000e+00
4.027170410156250000e+03 1.150070858001708984e+01 0.000000000000000000e+00
4.028096923828125000e+03 1.343099117279052734e+01 0.000000000000000000e+00
4.029025878906250000e+03 1.028327655792236328e+01 0.000000000000000000e+00
4.029952636718750000e+03 1.063734245300292969e+01 0.000000000000000000e+00
4.030882080078125000e+03 1.328952693939208984e+01 0.000000000000000000e+00
4.031809326171875000e+03 7.337134838104248047e+00 0.000000000000000000e+00
4.032736816406250000e+03 1.396566295623779297e+01 0.000000000000000000e+00
4.033666748046875000e+03 8.547675132751464844e+00 0.000000000000000000e+00
4.034594726562500000e+03 9.260083198547363281e+00 0.000000000000000000e+00
4.035525146484375000e+03 1.282501792907714844e+01 0.000000000000000000e+00
4.036453369140625000e+03 1.192027187347412109e+01 0.000000000000000000e+00
4.037384277343750000e+03 1.270879650115966797e+01 0.000000000000000000e+00
4.038312988281250000e+03 1.204837894439697266e+01 0.000000000000000000e+00
4.039241943359375000e+03 1.328847312927246094e+01 0.000000000000000000e+00
4.040173583984375000e+03 1.204767131805419922e+01 0.000000000000000000e+00
4.041103027343750000e+03 1.018527984619140625e+01 0.000000000000000000e+00
4.042034667968750000e+03 1.107408905029296875e+01 0.000000000000000000e+00
4.042964599609375000e+03 1.276122474670410156e+01 0.000000000000000000e+00
4.043896972656250000e+03 1.018909645080566406e+01 0.000000000000000000e+00
4.044827148437500000e+03 1.215234184265136719e+01 0.000000000000000000e+00
4.045757812500000000e+03 1.188882064819335938e+01 0.000000000000000000e+00
4.046690673828125000e+03 8.894455909729003906e+00 0.000000000000000000e+00
4.047621582031250000e+03 7.862817287445068359e+00 0.000000000000000000e+00
4.048554931640625000e+03 1.059372806549072266e+01 0.000000000000000000e+00
4.049486328125000000e+03 1.137089061737060547e+01 0.000000000000000000e+00
4.050420166015625000e+03 1.087845802307128906e+01 0.000000000000000000e+00
4.051352050781250000e+03 1.457875251770019531e+01 0.000000000000000000e+00
4.052283935546875000e+03 1.585466003417968750e+01 0.000000000000000000e+00
4.053218505859375000e+03 1.187514877319335938e+01 0.000000000000000000e+00
4.054150878906250000e+03 1.135539722442626953e+01 0.000000000000000000e+00
4.055085693359375000e+03 1.323601913452148438e+01 0.000000000000000000e+00
4.056018554687500000e+03 1.240365123748779297e+01 0.000000000000000000e+00
4.056953857421875000e+03 1.174059009552001953e+01 0.000000000000000000e+00
4.057887207031250000e+03 1.205241966247558594e+01 0.000000000000000000e+00
4.058820800781250000e+03 1.134322357177734375e+01 0.000000000000000000e+00
4.059756591796875000e+03 8.985155105590820312e+00 0.000000000000000000e+00
4.060690673828125000e+03 9.908081054687500000e+00 0.000000000000000000e+00
4.061626953125000000e+03 8.963595390319824219e+00 0.000000000000000000e+00
4.062561279296875000e+03 8.643745422363281250e+00 0.000000000000000000e+00
4.063498291015625000e+03 1.076494598388671875e+01 0.000000000000000000e+00
4.064433105468750000e+03 1.254827976226806641e+01 0.000000000000000000e+00
4.065367919921875000e+03 1.044436359405517578e+01 0.000000000000000000e+00
4.066305419921875000e+03 1.079771137237548828e+01 0.000000000000000000e+00
4.067240966796875000e+03 1.055969142913818359e+01 0.000000000000000000e+00
4.068178710937500000e+03 1.118982791900634766e+01 0.000000000000000000e+00
4.069114746093750000e+03 1.181136131286621094e+01 0.000000000000000000e+00
4.070052978515625000e+03 1.120324897766113281e+01 0.000000000000000000e+00
4.070989257812500000e+03 9.356705665588378906e+00 0.000000000000000000e+00
4.071925781250000000e+03 4.184219360351562500e+00 0.000000000000000000e+00
4.072864746093750000e+03 2.654051065444946289e+00 0.000000000000000000e+00
4.073801757812500000e+03 7.069416642189025879e-01 0.000000000000000000e+00
4.074741210937500000e+03 5.333166718482971191e-01 0.000000000000000000e+00
4.075678710937500000e+03 2.560459136962890625e+00 0.000000000000000000e+00
4.076618408203125000e+03 1.868056774139404297e+00 0.000000000000000000e+00
4.077556152343750000e+03 5.354695320129394531e+00 0.000000000000000000e+00
4.078494384765625000e+03 7.219813823699951172e+00 0.000000000000000000e+00
4.079434814453125000e+03 9.405194282531738281e+00 0.000000000000000000e+00
4.080373291015625000e+03 1.095529365539550781e+01 0.000000000000000000e+00
4.081314208984375000e+03 1.055629253387451172e+01 0.000000000000000000e+00
4.082253173828125000e+03 1.116841793060302734e+01 0.000000000000000000e+00
4.083194335937500000e+03 1.569528865814208984e+01 0.000000000000000000e+00
4.084133789062500000e+03 1.030286598205566406e+01 0.000000000000000000e+00
4.085075683593750000e+03 1.108324050903320312e+01 0.000000000000000000e+00
4.086015380859375000e+03 1.548263645172119141e+01 0.000000000000000000e+00
4.086955322265625000e+03 1.400889301300048828e+01 0.000000000000000000e+00
4.087897705078125000e+03 9.954545974731445312e+00 0.000000000000000000e+00
4.088838134765625000e+03 1.047738456726074219e+01 0.000000000000000000e+00
4.089781005859375000e+03 9.113389015197753906e+00 0.000000000000000000e+00
4.090721923828125000e+03 7.992276191711425781e+00 0.000000000000000000e+00
4.091665283203125000e+03 8.934250831604003906e+00 0.000000000000000000e+00
4.092606445312500000e+03 1.124163532257080078e+01 0.000000000000000000e+00
4.093548095703125000e+03 1.308345031738281250e+01 0.000000000000000000e+00
4.094491943359375000e+03 1.314121818542480469e+01 0.000000000000000000e+00
4.095433837890625000e+03 9.405467987060546875e+00 0.000000000000000000e+00
4.096378417968750000e+03 1.009639835357666016e+01 0.000000000000000000e+00
4.097320800781250000e+03 1.056262588500976562e+01 0.000000000000000000e+00
4.098265625000000000e+03 7.835021018981933594e+00 0.000000000000000000e+00
4.099208496093750000e+03 8.888373374938964844e+00 0.000000000000000000e+00
4.100151367187500000e+03 5.549435138702392578e+00 0.000000000000000000e+00
4.101096679687500000e+03 5.796656608581542969e+00 0.000000000000000000e+00
4.102040039062500000e+03 3.300881385803222656e+00 0.000000000000000000e+00
4.102986328125000000e+03 -5.812320113182067871e-02 0.000000000000000000e+00
4.103930175781250000e+03 -8.871694207191467285e-01 0.000000000000000000e+00
4.104876464843750000e+03 -1.663836836814880371e+00 0.000000000000000000e+00
4.105820800781250000e+03 1.702006578445434570e+00 0.000000000000000000e+00
4.106765136718750000e+03 9.127036094665527344e+00 0.000000000000000000e+00
4.107712402343750000e+03 1.183997917175292969e+01 0.000000000000000000e+00
4.108657226562500000e+03 9.783392906188964844e+00 0.000000000000000000e+00
4.109604492187500000e+03 9.131738662719726562e+00 0.000000000000000000e+00
4.110550292968750000e+03 1.224474239349365234e+01 0.000000000000000000e+00
4.111498046875000000e+03 1.031800460815429688e+01 0.000000000000000000e+00
4.112443847656250000e+03 1.026475620269775391e+01 0.000000000000000000e+00
4.113389648437500000e+03 7.644407272338867188e+00 0.000000000000000000e+00
4.114338378906250000e+03 6.488044738769531250e+00 0.000000000000000000e+00
4.115285156250000000e+03 1.026126194000244141e+01 0.000000000000000000e+00
4.116233886718750000e+03 1.198754119873046875e+01 0.000000000000000000e+00
4.117180664062500000e+03 8.626608848571777344e+00 0.000000000000000000e+00
4.118130371093750000e+03 9.489806175231933594e+00 0.000000000000000000e+00
4.119077636718750000e+03 1.238547134399414062e+01 0.000000000000000000e+00
4.120025390625000000e+03 1.270042133331298828e+01 0.000000000000000000e+00
4.120975097656250000e+03 1.057096004486083984e+01 0.000000000000000000e+00
4.121923339843750000e+03 1.101881980895996094e+01 0.000000000000000000e+00
4.122874023437500000e+03 1.365518474578857422e+01 0.000000000000000000e+00
4.123822265625000000e+03 1.274726390838623047e+01 0.000000000000000000e+00
4.124773437500000000e+03 1.035979461669921875e+01 0.000000000000000000e+00
4.125722167968750000e+03 1.005272388458251953e+01 0.000000000000000000e+00
4.126671386718750000e+03 1.227355957031250000e+01 0.000000000000000000e+00
4.127623046875000000e+03 1.359016609191894531e+01 0.000000000000000000e+00
4.128572265625000000e+03 1.240886020660400391e+01 0.000000000000000000e+00
4.129524414062500000e+03 1.584838199615478516e+01 0.000000000000000000e+00
4.130474609375000000e+03 1.159651470184326172e+01 0.000000000000000000e+00
4.131426757812500000e+03 8.244643211364746094e+00 0.000000000000000000e+00
4.132377441406250000e+03 1.140882968902587891e+01 0.000000000000000000e+00
4.133328125000000000e+03 6.504826545715332031e+00 0.000000000000000000e+00
4.134281250000000000e+03 6.073375701904296875e+00 0.000000000000000000e+00
4.135232421875000000e+03 1.102641963958740234e+01 0.000000000000000000e+00
4.136185546875000000e+03 1.303530597686767578e+01 0.000000000000000000e+00
4.137137207031250000e+03 1.228254604339599609e+01 0.000000000000000000e+00
4.138091308593750000e+03 1.129411888122558594e+01 0.000000000000000000e+00
4.139043457031250000e+03 8.784692764282226562e+00 0.000000000000000000e+00
4.139995605468750000e+03 1.024163818359375000e+01 0.000000000000000000e+00
4.140950195312500000e+03 9.966279983520507812e+00 0.000000000000000000e+00
4.141902832031250000e+03 9.491586685180664062e+00 0.000000000000000000e+00
4.142857910156250000e+03 1.099397945404052734e+01 0.000000000000000000e+00
4.143811035156250000e+03 1.186890316009521484e+01 0.000000000000000000e+00
4.144766601562500000e+03 8.922348022460937500e+00 0.000000000000000000e+00
4.145720214843750000e+03 1.413044452667236328e+01 0.000000000000000000e+00
4.146673828125000000e+03 1.269763469696044922e+01 0.000000000000000000e+00
4.147629882812500000e+03 1.119689464569091797e+01 0.000000000000000000e+00
4.148583984375000000e+03 1.170043087005615234e+01 0.000000000000000000e+00
4.149540527343750000e+03 1.051219367980957031e+01 0.000000000000000000e+00
4.150495117187500000e+03 7.252071857452392578e+00 0.000000000000000000e+00
4.151452636718750000e+03 6.950262069702148438e+00 0.000000000000000000e+00
4.152407226562500000e+03 8.956199645996093750e+00 0.000000000000000000e+00
4.153362792968750000e+03 1.151365852355957031e+01 0.000000000000000000e+00
4.154320312500000000e+03 1.245323848724365234e+01 0.000000000000000000e+00
4.155276367187500000e+03 1.109853172302246094e+01 0.000000000000000000e+00
4.156234375000000000e+03 9.790052413940429688e+00 0.000000000000000000e+00
4.157190429687500000e+03 1.114481830596923828e+01 0.000000000000000000e+00
4.158148925781250000e+03 1.013999271392822266e+01 0.000000000000000000e+00
4.159105468750000000e+03 1.103835678100585938e+01 0.000000000000000000e+00
4.160064941406250000e+03 1.266733264923095703e+01 0.000000000000000000e+00
4.161021972656250000e+03 1.085920333862304688e+01 0.000000000000000000e+00
4.161979003906250000e+03 6.413477420806884766e+00 0.000000000000000000e+00
4.162938964843750000e+03 5.265324592590332031e+00 0.000000000000000000e+00
4.163896484375000000e+03 6.893967151641845703e+00 0.000000000000000000e+00
4.164856445312500000e+03 9.008354187011718750e+00 0.000000000000000000e+00
4.165814941406250000e+03 1.000575351715087891e+01 0.000000000000000000e+00
4.166775390625000000e+03 9.593657493591308594e+00 0.000000000000000000e+00
4.167733886718750000e+03 8.648416519165039062e+00 0.000000000000000000e+00
4.168692871093750000e+03 8.322644233703613281e+00 0.000000000000000000e+00
4.169653808593750000e+03 1.187053298950195312e+01 0.000000000000000000e+00
4.170613281250000000e+03 1.221344757080078125e+01 0.000000000000000000e+00
4.171575195312500000e+03 1.056452941894531250e+01 0.000000000000000000e+00
4.172534667968750000e+03 1.141778182983398438e+01 0.000000000000000000e+00
4.173497070312500000e+03 1.223716640472412109e+01 0.000000000000000000e+00
4.174457031250000000e+03 8.738016128540039062e+00 0.000000000000000000e+00
4.175417480468750000e+03 8.478127479553222656e+00 0.000000000000000000e+00
4.176379882812500000e+03 9.340565681457519531e+00 0.000000000000000000e+00
4.177340820312500000e+03 9.833512306213378906e+00 0.000000000000000000e+00
4.178304199218750000e+03 1.060105991363525391e+01 0.000000000000000000e+00
4.179265136718750000e+03 1.118173027038574219e+01 0.000000000000000000e+00
4.180229003906250000e+03 9.443711280822753906e+00 0.000000000000000000e+00
4.181190917968750000e+03 1.047707653045654297e+01 0.000000000000000000e+00
4.182152832031250000e+03 9.918317794799804688e+00 0.000000000000000000e+00
4.183117187500000000e+03 9.641035079956054688e+00 0.000000000000000000e+00
4.184079589843750000e+03 1.105594348907470703e+01 0.000000000000000000e+00
4.185044433593750000e+03 8.797105789184570312e+00 0.000000000000000000e+00
4.186006835937500000e+03 9.541961669921875000e+00 0.000000000000000000e+00
4.186972167968750000e+03 8.031046867370605469e+00 0.000000000000000000e+00
4.187935546875000000e+03 7.412885665893554688e+00 0.000000000000000000e+00
4.188898925781250000e+03 7.806989192962646484e+00 0.000000000000000000e+00
4.189864746093750000e+03 6.628314018249511719e+00 0.000000000000000000e+00
4.190828613281250000e+03 4.246170043945312500e+00 0.000000000000000000e+00
4.191794921875000000e+03 4.857131958007812500e+00 0.000000000000000000e+00
4.192759277343750000e+03 8.473267555236816406e+00 0.000000000000000000e+00
4.193726074218750000e+03 9.869075775146484375e+00 0.000000000000000000e+00
4.194690917968750000e+03 9.643146514892578125e+00 0.000000000000000000e+00
4.195655761718750000e+03 1.062371540069580078e+01 0.000000000000000000e+00
4.196623535156250000e+03 1.136989212036132812e+01 0.000000000000000000e+00
4.197588867187500000e+03 1.045388889312744141e+01 0.000000000000000000e+00
4.198557128906250000e+03 1.145388031005859375e+01 0.000000000000000000e+00
4.199522949218750000e+03 1.037917900085449219e+01 0.000000000000000000e+00
4.200491210937500000e+03 1.023562526702880859e+01 0.000000000000000000e+00
4.201457519531250000e+03 1.214775276184082031e+01 0.000000000000000000e+00
4.202423828125000000e+03 8.897319793701171875e+00 0.000000000000000000e+00
4.203393066406250000e+03 1.078497982025146484e+01 0.000000000000000000e+00
4.204359863281250000e+03 9.560358047485351562e+00 0.000000000000000000e+00
4.205329589843750000e+03 9.936718940734863281e+00 0.000000000000000000e+00
4.206296875000000000e+03 1.206992340087890625e+01 0.000000000000000000e+00
4.207267089843750000e+03 1.229474067687988281e+01 0.000000000000000000e+00
4.208234863281250000e+03 1.111253356933593750e+01 0.000000000000000000e+00
4.209203125000000000e+03 1.057174682617187500e+01 0.000000000000000000e+00
4.210173828125000000e+03 1.031227207183837891e+01 0.000000000000000000e+00
4.211142089843750000e+03 8.889863967895507812e+00 0.000000000000000000e+00
4.212113281250000000e+03 7.990350723266601562e+00 0.000000000000000000e+00
4.213082031250000000e+03 7.700472831726074219e+00 0.000000000000000000e+00
4.214053710937500000e+03 4.217631816864013672e+00 0.000000000000000000e+00
4.215022949218750000e+03 3.920050144195556641e+00 0.000000000000000000e+00
4.215992675781250000e+03 1.006621837615966797e+01 0.000000000000000000e+00
4.216964843750000000e+03 1.247743225097656250e+01 0.000000000000000000e+00
4.217935058593750000e+03 1.054613685607910156e+01 0.000000000000000000e+00
4.218907714843750000e+03 9.473049163818359375e+00 0.000000000000000000e+00
4.219878417968750000e+03 9.076392173767089844e+00 0.000000000000000000e+00
4.220851562500000000e+03 9.332591056823730469e+00 0.000000000000000000e+00
4.221822265625000000e+03 8.248730659484863281e+00 0.000000000000000000e+00
4.222793457031250000e+03 9.717138290405273438e+00 0.000000000000000000e+00
4.223767578125000000e+03 1.139169597625732422e+01 0.000000000000000000e+00
4.224739257812500000e+03 1.039918994903564453e+01 0.000000000000000000e+00
4.225713378906250000e+03 1.108084869384765625e+01 0.000000000000000000e+00
4.226685546875000000e+03 1.197490215301513672e+01 0.000000000000000000e+00
4.227660156250000000e+03 1.017576503753662109e+01 0.000000000000000000e+00
4.228632812500000000e+03 8.604410171508789062e+00 0.000000000000000000e+00
4.229605468750000000e+03 7.449390888214111328e+00 0.000000000000000000e+00
4.230580566406250000e+03 5.808412551879882812e+00 0.000000000000000000e+00
4.231554199218750000e+03 5.948685646057128906e+00 0.000000000000000000e+00
4.232529785156250000e+03 7.989854812622070312e+00 0.000000000000000000e+00
4.233503417968750000e+03 5.941936492919921875e+00 0.000000000000000000e+00
4.234479980468750000e+03 7.255747795104980469e+00 0.000000000000000000e+00
4.235454101562500000e+03 1.063068389892578125e+01 0.000000000000000000e+00
4.236430664062500000e+03 1.050552082061767578e+01 0.000000000000000000e+00
4.237405273437500000e+03 9.757304191589355469e+00 0.000000000000000000e+00
4.238379882812500000e+03 1.080777740478515625e+01 0.000000000000000000e+00
4.239357421875000000e+03 1.071338081359863281e+01 0.000000000000000000e+00
4.240332519531250000e+03 8.401846885681152344e+00 0.000000000000000000e+00
4.241310546875000000e+03 6.626522541046142578e+00 0.000000000000000000e+00
4.242286132812500000e+03 7.757031440734863281e+00 0.000000000000000000e+00
4.243264160156250000e+03 1.000706577301025391e+01 0.000000000000000000e+00
4.244240722656250000e+03 1.243189620971679688e+01 0.000000000000000000e+00
4.245216796875000000e+03 8.651603698730468750e+00 0.000000000000000000e+00
4.246195800781250000e+03 5.980007171630859375e+00 0.000000000000000000e+00
4.247172851562500000e+03 6.658295154571533203e+00 0.000000000000000000e+00
4.248151855468750000e+03 7.522379398345947266e+00 0.000000000000000000e+00
4.249129394531250000e+03 8.381814002990722656e+00 0.000000000000000000e+00
4.250109375000000000e+03 1.133072376251220703e+01 0.000000000000000000e+00
4.251086914062500000e+03 1.188416290283203125e+01 0.000000000000000000e+00
4.252064941406250000e+03 1.192280673980712891e+01 0.000000000000000000e+00
4.253045410156250000e+03 1.156233310699462891e+01 0.000000000000000000e+00
4.254023925781250000e+03 1.095762348175048828e+01 0.000000000000000000e+00
4.255004882812500000e+03 1.228046703338623047e+01 0.000000000000000000e+00
4.255983398437500000e+03 6.997587680816650391e+00 0.000000000000000000e+00
4.256964843750000000e+03 6.619619369506835938e+00 0.000000000000000000e+00
4.257944335937500000e+03 6.667262554168701172e+00 0.000000000000000000e+00
4.258923828125000000e+03 6.499182224273681641e+00 0.000000000000000000e+00
4.259905761718750000e+03 9.226644515991210938e+00 0.000000000000000000e+00
4.260885742187500000e+03 1.171888637542724609e+01 0.000000000000000000e+00
4.261868652343750000e+03 9.954374313354492188e+00 0.000000000000000000e+00
4.262849121093750000e+03 9.477357864379882812e+00 0.000000000000000000e+00
4.263832031250000000e+03 7.128713607788085938e+00 0.000000000000000000e+00
4.264812988281250000e+03 4.799743175506591797e+00 0.000000000000000000e+00
4.265793945312500000e+03 5.641021251678466797e+00 0.000000000000000000e+00
4.266777832031250000e+03 5.213734149932861328e+00 0.000000000000000000e+00
4.267759277343750000e+03 4.171387672424316406e+00 0.000000000000000000e+00
4.268743164062500000e+03 9.794593811035156250e+00 0.000000000000000000e+00
4.269725585937500000e+03 1.177675247192382812e+01 0.000000000000000000e+00
4.270709960937500000e+03 1.027269554138183594e+01 0.000000000000000000e+00
4.271692382812500000e+03 1.106694030761718750e+01 0.000000000000000000e+00
4.272675292968750000e+03 9.902631759643554688e+00 0.000000000000000000e+00
4.273660156250000000e+03 8.882587432861328125e+00 0.000000000000000000e+00
4.274643554687500000e+03 8.633782386779785156e+00 0.000000000000000000e+00
4.275629394531250000e+03 9.697478294372558594e+00 0.000000000000000000e+00
4.276612792968750000e+03 8.859176635742187500e+00 0.000000000000000000e+00
4.277599121093750000e+03 5.995309829711914062e+00 0.000000000000000000e+00
4.278583007812500000e+03 8.041460990905761719e+00 0.000000000000000000e+00
4.279567382812500000e+03 7.062088489532470703e+00 0.000000000000000000e+00
4.280554199218750000e+03 1.187043190002441406e+01 0.000000000000000000e+00
4.281539062500000000e+03 1.154890823364257812e+01 0.000000000000000000e+00
4.282526367187500000e+03 7.216753482818603516e+00 0.000000000000000000e+00
4.283511718750000000e+03 6.849348545074462891e+00 0.000000000000000000e+00
4.284499023437500000e+03 6.728137969970703125e+00 0.000000000000000000e+00
4.285484863281250000e+03 1.079070472717285156e+01 0.000000000000000000e+00
4.286470703125000000e+03 1.048117446899414062e+01 0.000000000000000000e+00
4.287458984375000000e+03 1.136331844329833984e+01 0.000000000000000000e+00
4.288445312500000000e+03 1.305142116546630859e+01 0.000000000000000000e+00
4.289434570312500000e+03 1.201735782623291016e+01 0.000000000000000000e+00
4.290421386718750000e+03 1.263127231597900391e+01 0.000000000000000000e+00
4.291410644531250000e+03 1.165276622772216797e+01 0.000000000000000000e+00
4.292397949218750000e+03 1.089747047424316406e+01 0.000000000000000000e+00
4.293385253906250000e+03 1.116471099853515625e+01 0.000000000000000000e+00
4.294375488281250000e+03 1.167071342468261719e+01 0.000000000000000000e+00
4.295363281250000000e+03 1.228035831451416016e+01 0.000000000000000000e+00
4.296353515625000000e+03 1.393212127685546875e+01 0.000000000000000000e+00
4.297342285156250000e+03 1.181371974945068359e+01 0.000000000000000000e+00
4.298333007812500000e+03 1.199205398559570312e+01 0.000000000000000000e+00
4.299321777343750000e+03 1.281577968597412109e+01 0.000000000000000000e+00
4.300311035156250000e+03 1.334388542175292969e+01 0.000000000000000000e+00
4.301302734375000000e+03 1.352644634246826172e+01 0.000000000000000000e+00
4.302291992187500000e+03 1.169188880920410156e+01 0.000000000000000000e+00
4.303284179687500000e+03 1.374905490875244141e+01 0.000000000000000000e+00
4.304274414062500000e+03 1.116716766357421875e+01 0.000000000000000000e+00
4.305266601562500000e+03 1.039599323272705078e+01 0.000000000000000000e+00
4.306257324218750000e+03 1.145464038848876953e+01 0.000000000000000000e+00
4.307247558593750000e+03 1.046062755584716797e+01 0.000000000000000000e+00
4.308241210937500000e+03 1.208563327789306641e+01 0.000000000000000000e+00
4.309231933593750000e+03 1.306699752807617188e+01 0.000000000000000000e+00
4.310226074218750000e+03 1.170854568481445312e+01 0.000000000000000000e+00
4.311217285156250000e+03 8.351749420166015625e+00 0.000000000000000000e+00
4.312211425781250000e+03 6.694707393646240234e+00 0.000000000000000000e+00
4.313203613281250000e+03 8.534514427185058594e+00 0.000000000000000000e+00
4.314198242187500000e+03 9.362642288208007812e+00 0.000000000000000000e+00
4.315190429687500000e+03 1.162751483917236328e+01 0.000000000000000000e+00
4.316183593750000000e+03 1.161449718475341797e+01 0.000000000000000000e+00
4.317178710937500000e+03 1.287578296661376953e+01 0.000000000000000000e+00
4.318171875000000000e+03 1.401897525787353516e+01 0.000000000000000000e+00
4.319167480468750000e+03 1.178646850585937500e+01 0.000000000000000000e+00
4.320161132812500000e+03 1.032948589324951172e+01 0.000000000000000000e+00
4.321157226562500000e+03 1.029081726074218750e+01 0.000000000000000000e+00
4.322151367187500000e+03 1.234122657775878906e+01 0.000000000000000000e+00
4.323145996093750000e+03 1.079115009307861328e+01 0.000000000000000000e+00
4.324142578125000000e+03 9.375763893127441406e+00 0.000000000000000000e+00
4.325137695312500000e+03 1.347594261169433594e+01 0.000000000000000000e+00
4.326134765625000000e+03 1.496784782409667969e+01 0.000000000000000000e+00
4.327129882812500000e+03 1.303546905517578125e+01 0.000000000000000000e+00
4.328127929687500000e+03 1.369627285003662109e+01 0.000000000000000000e+00
4.329123535156250000e+03 1.405173301696777344e+01 0.000000000000000000e+00
4.330119628906250000e+03 1.299631881713867188e+01 0.000000000000000000e+00
4.331118164062500000e+03 1.266104698181152344e+01 0.000000000000000000e+00
4.332114257812500000e+03 1.350342178344726562e+01 0.000000000000000000e+00
4.333113281250000000e+03 1.537417602539062500e+01 0.000000000000000000e+00
4.334110351562500000e+03 1.114661312103271484e+01 0.000000000000000000e+00
4.335109863281250000e+03 1.154767799377441406e+01 0.000000000000000000e+00
4.336106933593750000e+03 1.470773792266845703e+01 0.000000000000000000e+00
4.337104492187500000e+03 1.244940853118896484e+01 0.000000000000000000e+00
4.338104492187500000e+03 1.189536094665527344e+01 0.000000000000000000e+00
4.339102539062500000e+03 8.540169715881347656e+00 0.000000000000000000e+00
4.340103027343750000e+03 4.626142501831054688e+00 0.000000000000000000e+00
4.341101562500000000e+03 6.164119720458984375e+00 0.000000000000000000e+00
4.342102539062500000e+03 1.050906848907470703e+01 0.000000000000000000e+00
4.343101562500000000e+03 1.110839366912841797e+01 0.000000000000000000e+00
4.344100585937500000e+03 9.036694526672363281e+00 0.000000000000000000e+00
4.345102539062500000e+03 4.708396434783935547e+00 0.000000000000000000e+00
4.346102050781250000e+03 4.558305263519287109e+00 0.000000000000000000e+00
4.347104003906250000e+03 6.706543922424316406e+00 0.000000000000000000e+00
4.348104003906250000e+03 8.839933395385742188e+00 0.000000000000000000e+00
4.349106933593750000e+03 1.018524551391601562e+01 0.000000000000000000e+00
4.350107421875000000e+03 9.560042381286621094e+00 0.000000000000000000e+00
4.351107910156250000e+03 9.621587753295898438e+00 0.000000000000000000e+00
4.352111328125000000e+03 1.022860813140869141e+01 0.000000000000000000e+00
4.353112792968750000e+03 1.283798599243164062e+01 0.000000000000000000e+00
4.354116699218750000e+03 1.505960559844970703e+01 0.000000000000000000e+00
4.355118164062500000e+03 1.372156715393066406e+01 0.000000000000000000e+00
4.356122558593750000e+03 1.140728378295898438e+01 0.000000000000000000e+00
4.357124511718750000e+03 8.669749259948730469e+00 0.000000000000000000e+00
4.358126953125000000e+03 9.886724472045898438e+00 0.000000000000000000e+00
4.359131835937500000e+03 1.151395988464355469e+01 0.000000000000000000e+00
4.360134765625000000e+03 1.035661888122558594e+01 0.000000000000000000e+00
4.361140136718750000e+03 9.424498558044433594e+00 0.000000000000000000e+00
4.362143554687500000e+03 1.429622459411621094e+01 0.000000000000000000e+00
4.363149414062500000e+03 1.118398475646972656e+01 0.000000000000000000e+00
4.364152832031250000e+03 1.171734809875488281e+01 0.000000000000000000e+00
4.365156738281250000e+03 1.170181560516357422e+01 0.000000000000000000e+00
4.366163574218750000e+03 1.094659328460693359e+01 0.000000000000000000e+00
4.367167968750000000e+03 1.419011688232421875e+01 0.000000000000000000e+00
4.368175292968750000e+03 1.711820030212402344e+01 0.000000000000000000e+00
4.369180175781250000e+03 1.653901481628417969e+01 0.000000000000000000e+00
4.370187500000000000e+03 1.581739044189453125e+01 0.000000000000000000e+00
4.371192871093750000e+03 1.668182182312011719e+01 0.000000000000000000e+00
4.372198242187500000e+03 1.801235961914062500e+01 0.000000000000000000e+00
4.373206542968750000e+03 1.750783920288085938e+01 0.000000000000000000e+00
4.374212890625000000e+03 1.528583335876464844e+01 0.000000000000000000e+00
4.375221191406250000e+03 1.723744583129882812e+01 0.000000000000000000e+00
4.376228027343750000e+03 1.750296211242675781e+01 0.000000000000000000e+00
4.377236816406250000e+03 1.890615463256835938e+01 0.000000000000000000e+00
4.378244140625000000e+03 1.986826896667480469e+01 0.000000000000000000e+00
4.379251464843750000e+03 1.762777709960937500e+01 0.000000000000000000e+00
4.380261230468750000e+03 1.926277160644531250e+01 0.000000000000000000e+00
4.381268554687500000e+03 2.032152366638183594e+01 0.000000000000000000e+00
4.382279296875000000e+03 2.211998558044433594e+01 0.000000000000000000e+00
4.383287109375000000e+03 2.085818099975585938e+01 0.000000000000000000e+00
4.384297851562500000e+03 1.931305503845214844e+01 0.000000000000000000e+00
4.385306640625000000e+03 2.105025100708007812e+01 0.000000000000000000e+00
4.386315429687500000e+03 1.874414825439453125e+01 0.000000000000000000e+00
4.387326660156250000e+03 2.149341583251953125e+01 0.000000000000000000e+00
4.388335937500000000e+03 2.065907478332519531e+01 0.000000000000000000e+00
4.389348144531250000e+03 1.930749320983886719e+01 0.000000000000000000e+00
4.390357910156250000e+03 1.970450782775878906e+01 0.000000000000000000e+00
4.391370117187500000e+03 1.986592292785644531e+01 0.000000000000000000e+00
4.392380371093750000e+03 1.955624580383300781e+01 0.000000000000000000e+00
4.393393554687500000e+03 1.645782852172851562e+01 0.000000000000000000e+00
4.394404296875000000e+03 1.279436588287353516e+01 0.000000000000000000e+00
4.395415039062500000e+03 6.195168972015380859e+00 0.000000000000000000e+00
4.396428710937500000e+03 2.997109293937683105e-01 0.000000000000000000e+00
4.397439941406250000e+03 2.704812586307525635e-01 0.000000000000000000e+00
4.398454101562500000e+03 3.787862062454223633e-01 0.000000000000000000e+00
4.399465820312500000e+03 9.669138193130493164e-01 0.000000000000000000e+00
4.400480468750000000e+03 8.266824722290039062e+00 0.000000000000000000e+00
4.401492675781250000e+03 1.363485336303710938e+01 0.000000000000000000e+00
4.402505371093750000e+03 1.274279212951660156e+01 0.000000000000000000e+00
4.403520507812500000e+03 9.931897163391113281e+00 0.000000000000000000e+00
4.404533691406250000e+03 8.208785057067871094e+00 0.000000000000000000e+00
4.405549316406250000e+03 5.843936443328857422e+00 0.000000000000000000e+00
4.406562500000000000e+03 8.910230636596679688e+00 0.000000000000000000e+00
4.407578613281250000e+03 1.410734748840332031e+01 0.000000000000000000e+00
4.408592773437500000e+03 1.758450317382812500e+01 0.000000000000000000e+00
4.409606933593750000e+03 1.801284790039062500e+01 0.000000000000000000e+00
4.410624023437500000e+03 1.454546070098876953e+01 0.000000000000000000e+00
4.411638671875000000e+03 1.262332725524902344e+01 0.000000000000000000e+00
4.412655761718750000e+03 1.379759311676025391e+01 0.000000000000000000e+00
4.413670898437500000e+03 1.939476585388183594e+01 0.000000000000000000e+00
4.414688476562500000e+03 2.221373939514160156e+01 0.000000000000000000e+00
4.415704101562500000e+03 1.921695899963378906e+01 0.000000000000000000e+00
4.416720214843750000e+03 2.652142333984375000e+01 0.000000000000000000e+00
4.417738769531250000e+03 2.396214866638183594e+01 0.000000000000000000e+00
4.418754882812500000e+03 1.720571708679199219e+01 0.000000000000000000e+00
4.419773925781250000e+03 1.407912826538085938e+01 0.000000000000000000e+00
4.420790527343750000e+03 1.583127498626708984e+01 0.000000000000000000e+00
4.421810058593750000e+03 1.932266044616699219e+01 0.000000000000000000e+00
4.422827148437500000e+03 2.302629661560058594e+01 0.000000000000000000e+00
4.423844726562500000e+03 2.642978477478027344e+01 0.000000000000000000e+00
4.424864746093750000e+03 2.201835250854492188e+01 0.000000000000000000e+00
4.425882812500000000e+03 2.184740638732910156e+01 0.000000000000000000e+00
4.426903320312500000e+03 2.669438934326171875e+01 0.000000000000000000e+00
4.427921875000000000e+03 2.617777824401855469e+01 0.000000000000000000e+00
4.428942871093750000e+03 2.352520751953125000e+01 0.000000000000000000e+00
4.429961914062500000e+03 1.909595489501953125e+01 0.000000000000000000e+00
4.430980957031250000e+03 1.895799827575683594e+01 0.000000000000000000e+00
4.432002441406250000e+03 2.099575424194335938e+01 0.000000000000000000e+00
4.433021972656250000e+03 1.946360015869140625e+01 0.000000000000000000e+00
4.434044433593750000e+03 1.400377655029296875e+01 0.000000000000000000e+00
4.435064453125000000e+03 1.528431415557861328e+01 0.000000000000000000e+00
4.436087402343750000e+03 2.354553031921386719e+01 0.000000000000000000e+00
4.437107910156250000e+03 2.480035400390625000e+01 0.000000000000000000e+00
4.438128417968750000e+03 2.579601287841796875e+01 0.000000000000000000e+00
4.439151855468750000e+03 2.773735427856445312e+01 0.000000000000000000e+00
4.440173339843750000e+03 2.699778747558593750e+01 0.000000000000000000e+00
4.441196777343750000e+03 3.354767227172851562e+01 0.000000000000000000e+00
4.442218750000000000e+03 3.050490951538085938e+01 0.000000000000000000e+00
4.443243164062500000e+03 3.204676818847656250e+01 0.000000000000000000e+00
4.444265136718750000e+03 3.449096298217773438e+01 0.000000000000000000e+00
4.445287597656250000e+03 3.495698928833007812e+01 0.000000000000000000e+00
4.446312500000000000e+03 3.565534591674804688e+01 0.000000000000000000e+00
4.447335449218750000e+03 3.219161224365234375e+01 0.000000000000000000e+00
4.448361328125000000e+03 3.417035293579101562e+01 0.000000000000000000e+00
4.449384277343750000e+03 3.691532135009765625e+01 0.000000000000000000e+00
4.450410644531250000e+03 3.984741973876953125e+01 0.000000000000000000e+00
4.451434082031250000e+03 4.137509155273437500e+01 0.000000000000000000e+00
4.452458496093750000e+03 3.911276245117187500e+01 0.000000000000000000e+00
4.453484863281250000e+03 3.588221359252929688e+01 0.000000000000000000e+00
4.454509765625000000e+03 2.933933448791503906e+01 0.000000000000000000e+00
4.455536621093750000e+03 2.618500900268554688e+01 0.000000000000000000e+00
4.456561523437500000e+03 2.944522285461425781e+01 0.000000000000000000e+00
4.457589355468750000e+03 3.412641525268554688e+01 0.000000000000000000e+00
4.458614746093750000e+03 3.472712707519531250e+01 0.000000000000000000e+00
4.459640625000000000e+03 3.646327209472656250e+01 0.000000000000000000e+00
4.460668945312500000e+03 3.612150955200195312e+01 0.000000000000000000e+00
4.461695312500000000e+03 3.473722839355468750e+01 0.000000000000000000e+00
4.462724121093750000e+03 3.251533126831054688e+01 0.000000000000000000e+00
4.463750488281250000e+03 2.542526817321777344e+01 0.000000000000000000e+00
4.464779785156250000e+03 1.448784255981445312e+01 0.000000000000000000e+00
4.465807128906250000e+03 1.629641342163085938e+01 0.000000000000000000e+00
4.466836914062500000e+03 2.333302688598632812e+01 0.000000000000000000e+00
4.467864257812500000e+03 2.987297821044921875e+01 0.000000000000000000e+00
4.468892089843750000e+03 3.558500289916992188e+01 0.000000000000000000e+00
4.469922851562500000e+03 3.904228973388671875e+01 0.000000000000000000e+00
4.470951171875000000e+03 3.868527221679687500e+01 0.000000000000000000e+00
4.471981933593750000e+03 3.863485717773437500e+01 0.000000000000000000e+00
4.473010742187500000e+03 3.762988281250000000e+01 0.000000000000000000e+00
4.474042480468750000e+03 4.171553802490234375e+01 0.000000000000000000e+00
4.475071777343750000e+03 4.266441345214843750e+01 0.000000000000000000e+00
4.476101074218750000e+03 3.922332000732421875e+01 0.000000000000000000e+00
4.477133300781250000e+03 3.837607574462890625e+01 0.000000000000000000e+00
4.478163085937500000e+03 3.690869903564453125e+01 0.000000000000000000e+00
4.479195800781250000e+03 3.617682647705078125e+01 0.000000000000000000e+00
4.480226562500000000e+03 3.580893707275390625e+01 0.000000000000000000e+00
4.481259277343750000e+03 3.554522323608398438e+01 0.000000000000000000e+00
4.482290527343750000e+03 3.484800720214843750e+01 0.000000000000000000e+00
4.483321289062500000e+03 3.408599472045898438e+01 0.000000000000000000e+00
4.484355468750000000e+03 3.528999710083007812e+01 0.000000000000000000e+00
4.485387207031250000e+03 3.239137649536132812e+01 0.000000000000000000e+00
4.486421386718750000e+03 3.119011116027832031e+01 0.000000000000000000e+00
4.487453613281250000e+03 3.118607139587402344e+01 0.000000000000000000e+00
4.488488281250000000e+03 3.270896148681640625e+01 0.000000000000000000e+00
4.489520996093750000e+03 3.531034088134765625e+01 0.000000000000000000e+00
4.490553710937500000e+03 3.033332061767578125e+01 0.000000000000000000e+00
4.491588867187500000e+03 3.041014480590820312e+01 0.000000000000000000e+00
4.492622558593750000e+03 3.403690338134765625e+01 0.000000000000000000e+00
4.493658203125000000e+03 3.234225082397460938e+01 0.000000000000000000e+00
4.494691894531250000e+03 2.842990684509277344e+01 0.000000000000000000e+00
4.495728515625000000e+03 3.102144050598144531e+01 0.000000000000000000e+00
4.496762695312500000e+03 3.048410987854003906e+01 0.000000000000000000e+00
4.497797363281250000e+03 2.760321807861328125e+01 0.000000000000000000e+00
4.498834472656250000e+03 2.859717559814453125e+01 0.000000000000000000e+00
4.499869628906250000e+03 2.918996429443359375e+01 0.000000000000000000e+00
4.500907226562500000e+03 2.792478942871093750e+01 0.000000000000000000e+00
4.501942382812500000e+03 2.791742706298828125e+01 0.000000000000000000e+00
4.502980468750000000e+03 2.557888412475585938e+01 0.000000000000000000e+00
4.504016601562500000e+03 2.095959472656250000e+01 0.000000000000000000e+00
4.505052734375000000e+03 1.822256278991699219e+01 0.000000000000000000e+00
4.506091308593750000e+03 1.770196914672851562e+01 0.000000000000000000e+00
4.507127929687500000e+03 1.883683395385742188e+01 0.000000000000000000e+00
4.508167480468750000e+03 2.110097122192382812e+01 0.000000000000000000e+00
4.509204589843750000e+03 2.199377441406250000e+01 0.000000000000000000e+00
4.510244628906250000e+03 2.162371253967285156e+01 0.000000000000000000e+00
4.511282226562500000e+03 2.310764312744140625e+01 0.000000000000000000e+00
4.512319824218750000e+03 2.248027420043945312e+01 0.000000000000000000e+00
4.513360351562500000e+03 2.171369743347167969e+01 0.000000000000000000e+00
4.514398437500000000e+03 2.579768562316894531e+01 0.000000000000000000e+00
4.515439453125000000e+03 2.594122505187988281e+01 0.000000000000000000e+00
4.516478515625000000e+03 2.532358360290527344e+01 0.000000000000000000e+00
4.517520019531250000e+03 2.271927070617675781e+01 0.000000000000000000e+00
4.518559082031250000e+03 2.063424110412597656e+01 0.000000000000000000e+00
4.519598632812500000e+03 1.957541656494140625e+01 0.000000000000000000e+00
4.520640625000000000e+03 1.852276420593261719e+01 0.000000000000000000e+00
4.521680664062500000e+03 2.093835258483886719e+01 0.000000000000000000e+00
4.522723632812500000e+03 1.979572677612304688e+01 0.000000000000000000e+00
4.523764160156250000e+03 1.994724655151367188e+01 0.000000000000000000e+00
4.524807128906250000e+03 2.182332420349121094e+01 0.000000000000000000e+00
4.525848144531250000e+03 2.291887855529785156e+01 0.000000000000000000e+00
4.526889160156250000e+03 2.274084854125976562e+01 0.000000000000000000e+00
4.527933105468750000e+03 2.500922203063964844e+01 0.000000000000000000e+00
4.528974609375000000e+03 2.715370368957519531e+01 0.000000000000000000e+00
4.530019042968750000e+03 2.567274665832519531e+01 0.000000000000000000e+00
4.531061035156250000e+03 2.473123359680175781e+01 0.000000000000000000e+00
4.532105957031250000e+03 2.565683174133300781e+01 0.000000000000000000e+00
4.533148925781250000e+03 2.470246315002441406e+01 0.000000000000000000e+00
4.534191406250000000e+03 2.259394073486328125e+01 0.000000000000000000e+00
4.535237304687500000e+03 2.425220680236816406e+01 0.000000000000000000e+00
4.536280273437500000e+03 2.373369598388671875e+01 0.000000000000000000e+00
4.537326660156250000e+03 2.316460609436035156e+01 0.000000000000000000e+00
4.538370117187500000e+03 2.384012031555175781e+01 0.000000000000000000e+00
4.539416992187500000e+03 2.351617431640625000e+01 0.000000000000000000e+00
4.540460937500000000e+03 2.442893028259277344e+01 0.000000000000000000e+00
4.541505859375000000e+03 2.495987129211425781e+01 0.000000000000000000e+00
4.542552734375000000e+03 2.478142166137695312e+01 0.000000000000000000e+00
4.543598144531250000e+03 2.323982048034667969e+01 0.000000000000000000e+00
4.544645507812500000e+03 2.209908866882324219e+01 0.000000000000000000e+00
4.545691406250000000e+03 2.218788528442382812e+01 0.000000000000000000e+00
4.546739257812500000e+03 1.761175346374511719e+01 0.000000000000000000e+00
4.547785156250000000e+03 2.029180145263671875e+01 0.000000000000000000e+00
4.548833984375000000e+03 1.965545654296875000e+01 0.000000000000000000e+00
4.549880371093750000e+03 1.796111106872558594e+01 0.000000000000000000e+00
4.550927246093750000e+03 1.831027603149414062e+01 0.000000000000000000e+00
4.551976562500000000e+03 1.885772323608398438e+01 0.000000000000000000e+00
4.553023925781250000e+03 2.255393409729003906e+01 0.000000000000000000e+00
4.554073730468750000e+03 2.389535331726074219e+01 0.000000000000000000e+00
4.555121582031250000e+03 2.186531639099121094e+01 0.000000000000000000e+00
4.556171875000000000e+03 2.107863426208496094e+01 0.000000000000000000e+00
4.557219726562500000e+03 2.290979957580566406e+01 0.000000000000000000e+00
4.558268554687500000e+03 2.325294685363769531e+01 0.000000000000000000e+00
4.559319335937500000e+03 2.024448966979980469e+01 0.000000000000000000e+00
4.560368164062500000e+03 2.091816329956054688e+01 0.000000000000000000e+00
4.561419921875000000e+03 1.871795082092285156e+01 0.000000000000000000e+00
4.562469238281250000e+03 2.012709999084472656e+01 0.000000000000000000e+00
4.563521484375000000e+03 2.313638687133789062e+01 0.000000000000000000e+00
4.564571289062500000e+03 1.825112342834472656e+01 0.000000000000000000e+00
4.565621093750000000e+03 1.872022056579589844e+01 0.000000000000000000e+00
4.566674316406250000e+03 1.984373855590820312e+01 0.000000000000000000e+00
4.567724609375000000e+03 2.171788406372070312e+01 0.000000000000000000e+00
4.568777832031250000e+03 2.210223770141601562e+01 0.000000000000000000e+00
4.569829101562500000e+03 2.193942642211914062e+01 0.000000000000000000e+00
4.570882812500000000e+03 2.339861869812011719e+01 0.000000000000000000e+00
4.571934570312500000e+03 2.029270935058593750e+01 0.000000000000000000e+00
4.572986328125000000e+03 2.150283050537109375e+01 0.000000000000000000e+00
4.574040527343750000e+03 2.029696464538574219e+01 0.000000000000000000e+00
4.575092773437500000e+03 1.974658584594726562e+01 0.000000000000000000e+00
4.576147949218750000e+03 2.167940521240234375e+01 0.000000000000000000e+00
4.577200683593750000e+03 2.148370170593261719e+01 0.000000000000000000e+00
4.578255859375000000e+03 1.946293449401855469e+01 0.000000000000000000e+00
4.579309082031250000e+03 1.938529205322265625e+01 0.000000000000000000e+00
4.580362792968750000e+03 1.810265350341796875e+01 0.000000000000000000e+00
4.581418945312500000e+03 1.741132926940917969e+01 0.000000000000000000e+00
4.582473144531250000e+03 1.799879646301269531e+01 0.000000000000000000e+00
4.583529785156250000e+03 1.778770256042480469e+01 0.000000000000000000e+00
4.584583984375000000e+03 1.872887802124023438e+01 0.000000000000000000e+00
4.585641113281250000e+03 1.842050552368164062e+01 0.000000000000000000e+00
4.586696289062500000e+03 1.771506500244140625e+01 0.000000000000000000e+00
4.587751464843750000e+03 1.745755767822265625e+01 0.000000000000000000e+00
4.588809082031250000e+03 1.777186012268066406e+01 0.000000000000000000e+00
4.589864746093750000e+03 1.845386695861816406e+01 0.000000000000000000e+00
4.590923339843750000e+03 1.956872940063476562e+01 0.000000000000000000e+00
4.591979492187500000e+03 2.115615844726562500e+01 0.000000000000000000e+00
4.593038574218750000e+03 1.899415016174316406e+01 0.000000000000000000e+00
4.594095214843750000e+03 1.867501831054687500e+01 0.000000000000000000e+00
4.595151855468750000e+03 1.958422470092773438e+01 0.000000000000000000e+00
4.596211425781250000e+03 1.551659870147705078e+01 0.000000000000000000e+00
4.597269042968750000e+03 1.696401977539062500e+01 0.000000000000000000e+00
4.598329101562500000e+03 1.639748001098632812e+01 0.000000000000000000e+00
4.599386718750000000e+03 1.714665794372558594e+01 0.000000000000000000e+00
4.600447265625000000e+03 1.664832687377929688e+01 0.000000000000000000e+00
4.601505859375000000e+03 1.485673522949218750e+01 0.000000000000000000e+00
4.602564453125000000e+03 1.610664367675781250e+01 0.000000000000000000e+00
4.603625488281250000e+03 1.663497734069824219e+01 0.000000000000000000e+00
4.604684570312500000e+03 1.622256469726562500e+01 0.000000000000000000e+00
4.605746582031250000e+03 1.779743385314941406e+01 0.000000000000000000e+00
4.606806152343750000e+03 1.880218124389648438e+01 0.000000000000000000e+00
4.607868652343750000e+03 1.754141616821289062e+01 0.000000000000000000e+00
4.608928222656250000e+03 1.621852874755859375e+01 0.000000000000000000e+00
4.609988769531250000e+03 1.594539260864257812e+01 0.000000000000000000e+00
4.611051757812500000e+03 1.766659736633300781e+01 0.000000000000000000e+00
4.612112792968750000e+03 1.620703887939453125e+01 0.000000000000000000e+00
4.613176269531250000e+03 1.406459426879882812e+01 0.000000000000000000e+00
4.614237304687500000e+03 1.437865161895751953e+01 0.000000000000000000e+00
4.615301269531250000e+03 1.589678096771240234e+01 0.000000000000000000e+00
4.616363281250000000e+03 1.677538108825683594e+01 0.000000000000000000e+00
4.617425292968750000e+03 1.585094547271728516e+01 0.000000000000000000e+00
4.618489746093750000e+03 1.505298233032226562e+01 0.000000000000000000e+00
4.619552246093750000e+03 1.487009143829345703e+01 0.000000000000000000e+00
4.620617675781250000e+03 1.499330329895019531e+01 0.000000000000000000e+00
4.621680664062500000e+03 1.549690628051757812e+01 0.000000000000000000e+00
4.622746582031250000e+03 1.646536064147949219e+01 0.000000000000000000e+00
4.623809570312500000e+03 1.556821060180664062e+01 0.000000000000000000e+00
4.624873535156250000e+03 1.369328975677490234e+01 0.000000000000000000e+00
4.625939941406250000e+03 1.377346134185791016e+01 0.000000000000000000e+00
4.627004394531250000e+03 1.468005657196044922e+01 0.000000000000000000e+00
4.628071289062500000e+03 1.324701309204101562e+01 0.000000000000000000e+00
4.629135742187500000e+03 1.488091278076171875e+01 0.000000000000000000e+00
4.630203125000000000e+03 1.450371074676513672e+01 0.000000000000000000e+00
4.631268554687500000e+03 1.399191665649414062e+01 0.000000000000000000e+00
4.632336425781250000e+03 1.464812850952148438e+01 0.000000000000000000e+00
4.633402343750000000e+03 1.501166439056396484e+01 0.000000000000000000e+00
4.634467773437500000e+03 1.365189933776855469e+01 0.000000000000000000e+00
4.635536621093750000e+03 1.445781040191650391e+01 0.000000000000000000e+00
4.636603027343750000e+03 1.709227371215820312e+01 0.000000000000000000e+00
4.637672363281250000e+03 1.520756721496582031e+01 0.000000000000000000e+00
4.638739257812500000e+03 1.354177188873291016e+01 0.000000000000000000e+00
4.639809082031250000e+03 1.484607601165771484e+01 0.000000000000000000e+00
4.640876464843750000e+03 1.420744705200195312e+01 0.000000000000000000e+00
4.641943847656250000e+03 1.267601490020751953e+01 0.000000000000000000e+00
4.643014160156250000e+03 1.313937664031982422e+01 0.000000000000000000e+00
4.644082519531250000e+03 1.510513210296630859e+01 0.000000000000000000e+00
4.645153320312500000e+03 1.507637023925781250e+01 0.000000000000000000e+00
4.646222167968750000e+03 1.358763694763183594e+01 0.000000000000000000e+00
4.647293457031250000e+03 1.466608905792236328e+01 0.000000000000000000e+00
4.648362304687500000e+03 1.478114414215087891e+01 0.000000000000000000e+00
4.649431640625000000e+03 1.455790615081787109e+01 0.000000000000000000e+00
4.650503906250000000e+03 1.323501396179199219e+01 0.000000000000000000e+00
4.651573730468750000e+03 1.325905036926269531e+01 0.000000000000000000e+00
4.652646484375000000e+03 1.451881599426269531e+01 0.000000000000000000e+00
4.653716796875000000e+03 1.407860469818115234e+01 0.000000000000000000e+00
4.654790039062500000e+03 1.522848224639892578e+01 0.000000000000000000e+00
4.655860839843750000e+03 1.308686733245849609e+01 0.000000000000000000e+00
4.656931640625000000e+03 1.331597518920898438e+01 0.000000000000000000e+00
4.658005859375000000e+03 1.463707733154296875e+01 0.000000000000000000e+00
4.659077148437500000e+03 1.405946922302246094e+01 0.000000000000000000e+00
4.660151855468750000e+03 1.243499946594238281e+01 0.000000000000000000e+00
4.661223632812500000e+03 1.098546695709228516e+01 0.000000000000000000e+00
4.662298339843750000e+03 9.886983871459960938e+00 0.000000000000000000e+00
4.663371093750000000e+03 1.022251224517822266e+01 0.000000000000000000e+00
4.664443847656250000e+03 1.099094390869140625e+01 0.000000000000000000e+00
4.665519531250000000e+03 1.140719318389892578e+01 0.000000000000000000e+00
4.666592773437500000e+03 1.245127773284912109e+01 0.000000000000000000e+00
4.667668945312500000e+03 1.450790500640869141e+01 0.000000000000000000e+00
4.668742675781250000e+03 1.338939189910888672e+01 0.000000000000000000e+00
4.669819335937500000e+03 1.266136550903320312e+01 0.000000000000000000e+00
4.670893554687500000e+03 1.302688503265380859e+01 0.000000000000000000e+00
4.671968261718750000e+03 1.329792881011962891e+01 0.000000000000000000e+00
4.673045410156250000e+03 1.276282596588134766e+01 0.000000000000000000e+00
4.674120605468750000e+03 1.112626361846923828e+01 0.000000000000000000e+00
4.675198242187500000e+03 1.308281421661376953e+01 0.000000000000000000e+00
4.676273925781250000e+03 1.277492332458496094e+01 0.000000000000000000e+00
4.677352050781250000e+03 1.259895992279052734e+01 0.000000000000000000e+00
4.678428222656250000e+03 1.447753620147705078e+01 0.000000000000000000e+00
4.679504394531250000e+03 1.446550655364990234e+01 0.000000000000000000e+00
4.680583496093750000e+03 1.371892261505126953e+01 0.000000000000000000e+00
4.681660156250000000e+03 1.122953796386718750e+01 0.000000000000000000e+00
4.682739746093750000e+03 1.196699428558349609e+01 0.000000000000000000e+00
4.683817382812500000e+03 1.214422321319580078e+01 0.000000000000000000e+00
4.684897460937500000e+03 1.091649150848388672e+01 0.000000000000000000e+00
4.685975097656250000e+03 1.334486198425292969e+01 0.000000000000000000e+00
4.687053222656250000e+03 1.222328567504882812e+01 0.000000000000000000e+00
4.688133789062500000e+03 1.246148109436035156e+01 0.000000000000000000e+00
4.689212402343750000e+03 1.242664241790771484e+01 0.000000000000000000e+00
4.690293457031250000e+03 1.149824523925781250e+01 0.000000000000000000e+00
4.691372558593750000e+03 1.100032234191894531e+01 0.000000000000000000e+00
4.692454589843750000e+03 1.227380752563476562e+01 0.000000000000000000e+00
4.693534179687500000e+03 1.419762706756591797e+01 0.000000000000000000e+00
4.694613769531250000e+03 1.292851352691650391e+01 0.000000000000000000e+00
4.695696289062500000e+03 1.253748607635498047e+01 0.000000000000000000e+00
4.696776367187500000e+03 1.147135925292968750e+01 0.000000000000000000e+00
4.697859375000000000e+03 1.007133579254150391e+01 0.000000000000000000e+00
4.698940429687500000e+03 1.278582191467285156e+01 0.000000000000000000e+00
4.700023925781250000e+03 1.331499767303466797e+01 0.000000000000000000e+00
4.701104980468750000e+03 8.714445114135742188e+00 0.000000000000000000e+00
4.702186523437500000e+03 9.585639953613281250e+00 0.000000000000000000e+00
4.703270996093750000e+03 1.108518600463867188e+01 0.000000000000000000e+00
4.704353027343750000e+03 9.652619361877441406e+00 0.000000000000000000e+00
4.705437500000000000e+03 1.204536247253417969e+01 0.000000000000000000e+00
4.706520019531250000e+03 1.266915035247802734e+01 0.000000000000000000e+00
4.707605468750000000e+03 1.146246147155761719e+01 0.000000000000000000e+00
4.708688476562500000e+03 1.154545116424560547e+01 0.000000000000000000e+00
4.709771972656250000e+03 1.281544113159179688e+01 0.000000000000000000e+00
4.710857910156250000e+03 1.320065307617187500e+01 0.000000000000000000e+00
4.711941406250000000e+03 1.201101970672607422e+01 0.000000000000000000e+00
4.713028320312500000e+03 1.200629711151123047e+01 0.000000000000000000e+00
4.714112304687500000e+03 1.074272441864013672e+01 0.000000000000000000e+00
4.715199218750000000e+03 1.043922424316406250e+01 0.000000000000000000e+00
4.716284179687500000e+03 1.041247272491455078e+01 0.000000000000000000e+00
4.717371582031250000e+03 1.056107234954833984e+01 0.000000000000000000e+00
4.718457031250000000e+03 1.225474834442138672e+01 0.000000000000000000e+00
4.719542480468750000e+03 1.085868072509765625e+01 0.000000000000000000e+00
4.720630859375000000e+03 1.083131122589111328e+01 0.000000000000000000e+00
4.721716796875000000e+03 1.262334060668945312e+01 0.000000000000000000e+00
4.722805664062500000e+03 1.243515396118164062e+01 0.000000000000000000e+00
4.723892089843750000e+03 1.025146007537841797e+01 0.000000000000000000e+00
4.724981445312500000e+03 1.112254619598388672e+01 0.000000000000000000e+00
4.726068359375000000e+03 1.234939479827880859e+01 0.000000000000000000e+00
4.727155273437500000e+03 9.035866737365722656e+00 0.000000000000000000e+00
4.728245605468750000e+03 9.410771369934082031e+00 0.000000000000000000e+00
4.729333496093750000e+03 1.075872802734375000e+01 0.000000000000000000e+00
4.730423828125000000e+03 9.376313209533691406e+00 0.000000000000000000e+00
4.731512207031250000e+03 9.336628913879394531e+00 0.000000000000000000e+00
4.732603027343750000e+03 1.030771064758300781e+01 0.000000000000000000e+00
4.733691894531250000e+03 1.148539733886718750e+01 0.000000000000000000e+00
4.734780761718750000e+03 1.154204273223876953e+01 0.000000000000000000e+00
4.735872558593750000e+03 1.023030853271484375e+01 0.000000000000000000e+00
4.736962402343750000e+03 8.883792877197265625e+00 0.000000000000000000e+00
4.738054687500000000e+03 9.423526763916015625e+00 0.000000000000000000e+00
4.739144531250000000e+03 1.108338356018066406e+01 0.000000000000000000e+00
4.740237304687500000e+03 1.104045391082763672e+01 0.000000000000000000e+00
4.741327636718750000e+03 1.070730590820312500e+01 0.000000000000000000e+00
4.742418457031250000e+03 1.100521755218505859e+01 0.000000000000000000e+00
4.743512207031250000e+03 1.128536415100097656e+01 0.000000000000000000e+00
4.744603515625000000e+03 1.084460926055908203e+01 0.000000000000000000e+00
4.745697265625000000e+03 1.142451381683349609e+01 0.000000000000000000e+00
4.746789062500000000e+03 1.117137908935546875e+01 0.000000000000000000e+00
4.747883789062500000e+03 1.155271244049072266e+01 0.000000000000000000e+00
4.748976074218750000e+03 1.255236721038818359e+01 0.000000000000000000e+00
4.750068359375000000e+03 1.285350990295410156e+01 0.000000000000000000e+00
4.751164062500000000e+03 1.181609535217285156e+01 0.000000000000000000e+00
4.752256835937500000e+03 1.095014953613281250e+01 0.000000000000000000e+00
4.753352539062500000e+03 1.156007194519042969e+01 0.000000000000000000e+00
4.754446289062500000e+03 1.110314941406250000e+01 0.000000000000000000e+00
4.755542480468750000e+03 1.110316085815429688e+01 0.000000000000000000e+00
4.756636718750000000e+03 1.200003337860107422e+01 0.000000000000000000e+00
4.757730957031250000e+03 1.094529056549072266e+01 0.000000000000000000e+00
4.758828125000000000e+03 1.180646896362304688e+01 0.000000000000000000e+00
4.759922851562500000e+03 1.307357406616210938e+01 0.000000000000000000e+00
4.761020507812500000e+03 1.234067058563232422e+01 0.000000000000000000e+00
4.762115722656250000e+03 1.115250396728515625e+01 0.000000000000000000e+00
4.763213867187500000e+03 1.093536949157714844e+01 0.000000000000000000e+00
4.764309570312500000e+03 1.076132774353027344e+01 0.000000000000000000e+00
4.765405761718750000e+03 1.236773395538330078e+01 0.000000000000000000e+00
4.766504394531250000e+03 1.195840454101562500e+01 0.000000000000000000e+00
4.767601074218750000e+03 1.126535224914550781e+01 0.000000000000000000e+00
4.768700195312500000e+03 1.129701423645019531e+01 0.000000000000000000e+00
4.769797363281250000e+03 1.247284984588623047e+01 0.000000000000000000e+00
4.770897460937500000e+03 1.445300388336181641e+01 0.000000000000000000e+00
4.771995117187500000e+03 1.243324184417724609e+01 0.000000000000000000e+00
4.773092773437500000e+03 1.241917991638183594e+01 0.000000000000000000e+00
4.774193359375000000e+03 1.282213878631591797e+01 0.000000000000000000e+00
4.775291503906250000e+03 1.237829208374023438e+01 0.000000000000000000e+00
4.776392578125000000e+03 1.157541179656982422e+01 0.000000000000000000e+00
4.777491699218750000e+03 1.110821151733398438e+01 0.000000000000000000e+00
4.778593261718750000e+03 1.097143745422363281e+01 0.000000000000000000e+00
4.779692382812500000e+03 1.097628879547119141e+01 0.000000000000000000e+00
4.780791992187500000e+03 1.118248176574707031e+01 0.000000000000000000e+00
4.781894531250000000e+03 1.104285621643066406e+01 0.000000000000000000e+00
4.782994628906250000e+03 1.027539157867431641e+01 0.000000000000000000e+00
4.784097656250000000e+03 9.952629089355468750e+00 0.000000000000000000e+00
4.785198242187500000e+03 1.171898365020751953e+01 0.000000000000000000e+00
4.786301757812500000e+03 1.189504718780517578e+01 0.000000000000000000e+00
4.787402832031250000e+03 1.144670200347900391e+01 0.000000000000000000e+00
4.788503906250000000e+03 1.162587833404541016e+01 0.000000000000000000e+00
4.789608398437500000e+03 1.224637031555175781e+01 0.000000000000000000e+00
4.790709960937500000e+03 1.239242649078369141e+01 0.000000000000000000e+00
4.791814941406250000e+03 1.267788410186767578e+01 0.000000000000000000e+00
4.792916992187500000e+03 1.295066165924072266e+01 0.000000000000000000e+00
4.794022460937500000e+03 1.315259742736816406e+01 0.000000000000000000e+00
4.795125488281250000e+03 1.256658554077148438e+01 0.000000000000000000e+00
4.796228515625000000e+03 1.173992729187011719e+01 0.000000000000000000e+00
4.797334472656250000e+03 1.215687561035156250e+01 0.000000000000000000e+00
4.798437988281250000e+03 1.079514598846435547e+01 0.000000000000000000e+00
4.799544433593750000e+03 1.180509471893310547e+01 0.000000000000000000e+00
4.800648925781250000e+03 1.291316604614257812e+01 0.000000000000000000e+00
4.801755859375000000e+03 1.282175827026367188e+01 0.000000000000000000e+00
4.802860351562500000e+03 1.257614040374755859e+01 0.000000000000000000e+00
4.803967773437500000e+03 1.302420425415039062e+01 0.000000000000000000e+00
4.805073242187500000e+03 1.177247714996337891e+01 0.000000000000000000e+00
4.806178222656250000e+03 1.247964954376220703e+01 0.000000000000000000e+00
4.807286621093750000e+03 1.310570907592773438e+01 0.000000000000000000e+00
4.808392578125000000e+03 1.278318309783935547e+01 0.000000000000000000e+00
4.809501464843750000e+03 1.193766593933105469e+01 0.000000000000000000e+00
4.810607910156250000e+03 1.045171070098876953e+01 0.000000000000000000e+00
4.811717285156250000e+03 8.878467559814453125e+00 0.000000000000000000e+00
4.812824218750000000e+03 1.039257240295410156e+01 0.000000000000000000e+00
4.813931152343750000e+03 1.049789524078369141e+01 0.000000000000000000e+00
4.815041503906250000e+03 1.142260837554931641e+01 0.000000000000000000e+00
4.816148925781250000e+03 1.405560493469238281e+01 0.000000000000000000e+00
4.817259765625000000e+03 1.233626556396484375e+01 0.000000000000000000e+00
4.818367675781250000e+03 1.119679069519042969e+01 0.000000000000000000e+00
4.819479003906250000e+03 1.116631412506103516e+01 0.000000000000000000e+00
4.820587890625000000e+03 1.024091053009033203e+01 0.000000000000000000e+00
4.821696777343750000e+03 9.748549461364746094e+00 0.000000000000000000e+00
4.822808593750000000e+03 1.118416500091552734e+01 0.000000000000000000e+00
4.823917968750000000e+03 1.225402259826660156e+01 0.000000000000000000e+00
4.825030273437500000e+03 1.028334617614746094e+01 0.000000000000000000e+00
4.826140136718750000e+03 1.080550098419189453e+01 0.000000000000000000e+00
4.827253417968750000e+03 9.226862907409667969e+00 0.000000000000000000e+00
4.828363769531250000e+03 8.156949043273925781e+00 0.000000000000000000e+00
4.829474609375000000e+03 1.076521396636962891e+01 0.000000000000000000e+00
4.830588378906250000e+03 1.176447772979736328e+01 0.000000000000000000e+00
4.831699707031250000e+03 8.976254463195800781e+00 0.000000000000000000e+00
4.832813476562500000e+03 1.036091613769531250e+01 0.000000000000000000e+00
4.833925292968750000e+03 1.100535869598388672e+01 0.000000000000000000e+00
4.835040039062500000e+03 1.046808815002441406e+01 0.000000000000000000e+00
4.836152343750000000e+03 1.128753948211669922e+01 0.000000000000000000e+00
4.837265136718750000e+03 1.216462039947509766e+01 0.000000000000000000e+00
4.838380371093750000e+03 1.076907062530517578e+01 0.000000000000000000e+00
4.839493652343750000e+03 1.047651004791259766e+01 0.000000000000000000e+00
4.840609375000000000e+03 1.129477882385253906e+01 0.000000000000000000e+00
4.841723144531250000e+03 1.122395992279052734e+01 0.000000000000000000e+00
4.842839355468750000e+03 1.039095020294189453e+01 0.000000000000000000e+00
4.843953613281250000e+03 1.146134471893310547e+01 0.000000000000000000e+00
4.845067871093750000e+03 1.137762069702148438e+01 0.000000000000000000e+00
4.846185058593750000e+03 1.154271602630615234e+01 0.000000000000000000e+00
4.847300292968750000e+03 1.140285110473632812e+01 0.000000000000000000e+00
4.848417968750000000e+03 1.024842071533203125e+01 0.000000000000000000e+00
4.849533203125000000e+03 9.103461265563964844e+00 0.000000000000000000e+00
4.850651367187500000e+03 9.966771125793457031e+00 0.000000000000000000e+00
4.851767578125000000e+03 1.043839836120605469e+01 0.000000000000000000e+00
4.852883789062500000e+03 1.008079910278320312e+01 0.000000000000000000e+00
4.854002441406250000e+03 1.097111225128173828e+01 0.000000000000000000e+00
4.855119140625000000e+03 1.196077632904052734e+01 0.000000000000000000e+00
4.856238769531250000e+03 1.154245471954345703e+01 0.000000000000000000e+00
4.857355957031250000e+03 1.105194854736328125e+01 0.000000000000000000e+00
4.858476074218750000e+03 1.019858169555664062e+01 0.000000000000000000e+00
4.859593750000000000e+03 1.063451671600341797e+01 0.000000000000000000e+00
4.860711914062500000e+03 1.208063125610351562e+01 0.000000000000000000e+00
4.861832519531250000e+03 1.231332111358642578e+01 0.000000000000000000e+00
4.862951171875000000e+03 1.150083351135253906e+01 0.000000000000000000e+00
4.864072265625000000e+03 1.274454784393310547e+01 0.000000000000000000e+00
4.865191406250000000e+03 1.138485240936279297e+01 0.000000000000000000e+00
4.866313476562500000e+03 1.094778728485107422e+01 0.000000000000000000e+00
4.867432617187500000e+03 1.110636901855468750e+01 0.000000000000000000e+00
4.868552734375000000e+03 1.106013298034667969e+01 0.000000000000000000e+00
4.869675292968750000e+03 1.079897308349609375e+01 0.000000000000000000e+00
4.870795410156250000e+03 1.063872814178466797e+01 0.000000000000000000e+00
4.871918945312500000e+03 1.081367111206054688e+01 0.000000000000000000e+00
4.873039550781250000e+03 1.127178668975830078e+01 0.000000000000000000e+00
4.874163085937500000e+03 1.201109409332275391e+01 0.000000000000000000e+00
4.875284667968750000e+03 1.174706172943115234e+01 0.000000000000000000e+00
4.876406250000000000e+03 1.053577327728271484e+01 0.000000000000000000e+00
4.877530761718750000e+03 1.077629756927490234e+01 0.000000000000000000e+00
4.878652832031250000e+03 1.040774154663085938e+01 0.000000000000000000e+00
4.879777832031250000e+03 1.059452915191650391e+01 0.000000000000000000e+00
4.880900390625000000e+03 1.122597122192382812e+01 0.000000000000000000e+00
4.882025878906250000e+03 1.160847187042236328e+01 0.000000000000000000e+00
4.883148925781250000e+03 1.184871387481689453e+01 0.000000000000000000e+00
4.884271972656250000e+03 1.225870800018310547e+01 0.000000000000000000e+00
4.885398437500000000e+03 9.581086158752441406e+00 0.000000000000000000e+00
4.886522460937500000e+03 9.760626792907714844e+00 0.000000000000000000e+00
4.887649414062500000e+03 9.698990821838378906e+00 0.000000000000000000e+00
4.888773437500000000e+03 8.289285659790039062e+00 0.000000000000000000e+00
4.889900878906250000e+03 7.254998207092285156e+00 0.000000000000000000e+00
4.891025878906250000e+03 6.702258586883544922e+00 0.000000000000000000e+00
4.892153808593750000e+03 4.083436965942382812e+00 0.000000000000000000e+00
4.893279296875000000e+03 3.325177907943725586e+00 0.000000000000000000e+00
4.894404785156250000e+03 4.206544399261474609e+00 0.000000000000000000e+00
4.895533691406250000e+03 6.457636833190917969e+00 0.000000000000000000e+00
4.896659667968750000e+03 8.884320259094238281e+00 0.000000000000000000e+00
4.897789062500000000e+03 8.515805244445800781e+00 0.000000000000000000e+00
4.898915527343750000e+03 7.306688308715820312e+00 0.000000000000000000e+00
4.900045410156250000e+03 4.303977966308593750e+00 0.000000000000000000e+00
4.901172363281250000e+03 3.969303846359252930e+00 0.000000000000000000e+00
4.902299804687500000e+03 6.191310405731201172e+00 0.000000000000000000e+00
4.903430664062500000e+03 7.959189891815185547e+00 0.000000000000000000e+00
4.904558593750000000e+03 9.164837837219238281e+00 0.000000000000000000e+00
4.905689453125000000e+03 1.168122196197509766e+01 0.000000000000000000e+00
4.906817871093750000e+03 1.142288970947265625e+01 0.000000000000000000e+00
4.907949707031250000e+03 1.142341518402099609e+01 0.000000000000000000e+00
4.909078613281250000e+03 1.209029388427734375e+01 0.000000000000000000e+00
4.910208007812500000e+03 1.199275112152099609e+01 0.000000000000000000e+00
4.911340332031250000e+03 1.169524765014648438e+01 0.000000000000000000e+00
4.912470214843750000e+03 9.866481781005859375e+00 0.000000000000000000e+00
4.913603027343750000e+03 9.556327819824218750e+00 0.000000000000000000e+00
4.914733398437500000e+03 1.120898437500000000e+01 0.000000000000000000e+00
4.915866699218750000e+03 1.179568862915039062e+01 0.000000000000000000e+00
4.916997558593750000e+03 1.068092632293701172e+01 0.000000000000000000e+00
4.918128417968750000e+03 1.203826999664306641e+01 0.000000000000000000e+00
4.919262695312500000e+03 1.151046752929687500e+01 0.000000000000000000e+00
4.920394531250000000e+03 1.141073513031005859e+01 0.000000000000000000e+00
4.921528808593750000e+03 1.099497032165527344e+01 0.000000000000000000e+00
4.922661132812500000e+03 1.069434642791748047e+01 0.000000000000000000e+00
4.923796386718750000e+03 1.116195297241210938e+01 0.000000000000000000e+00
4.924929199218750000e+03 1.122021102905273438e+01 0.000000000000000000e+00
4.926062011718750000e+03 1.189325428009033203e+01 0.000000000000000000e+00
4.927197753906250000e+03 1.147176361083984375e+01 0.000000000000000000e+00
4.928331542968750000e+03 1.092006492614746094e+01 0.000000000000000000e+00
4.929467773437500000e+03 1.106983375549316406e+01 0.000000000000000000e+00
4.930602050781250000e+03 1.148803520202636719e+01 0.000000000000000000e+00
4.931738769531250000e+03 1.148001194000244141e+01 0.000000000000000000e+00
4.932873535156250000e+03 1.258553504943847656e+01 0.000000000000000000e+00
4.934008300781250000e+03 1.130944252014160156e+01 0.000000000000000000e+00
4.935145996093750000e+03 1.031797695159912109e+01 0.000000000000000000e+00
4.936281250000000000e+03 1.062048244476318359e+01 0.000000000000000000e+00
4.937419433593750000e+03 1.073787307739257812e+01 0.000000000000000000e+00
4.938555664062500000e+03 1.008016014099121094e+01 0.000000000000000000e+00
4.939694335937500000e+03 1.047551727294921875e+01 0.000000000000000000e+00
4.940830566406250000e+03 1.118132686614990234e+01 0.000000000000000000e+00
4.941967285156250000e+03 1.101502323150634766e+01 0.000000000000000000e+00
4.943106933593750000e+03 9.970535278320312500e+00 0.000000000000000000e+00
4.944244140625000000e+03 9.474645614624023438e+00 0.000000000000000000e+00
4.945384277343750000e+03 1.101357746124267578e+01 0.000000000000000000e+00
4.946521972656250000e+03 1.216168022155761719e+01 0.000000000000000000e+00
4.947662597656250000e+03 1.137360858917236328e+01 0.000000000000000000e+00
4.948800781250000000e+03 1.070771884918212891e+01 0.000000000000000000e+00
4.949939453125000000e+03 1.158134269714355469e+01 0.000000000000000000e+00
4.951080566406250000e+03 1.267760753631591797e+01 0.000000000000000000e+00
4.952219726562500000e+03 1.127850723266601562e+01 0.000000000000000000e+00
4.953361816406250000e+03 1.016205406188964844e+01 0.000000000000000000e+00
4.954500976562500000e+03 1.076761436462402344e+01 0.000000000000000000e+00
4.955643554687500000e+03 1.171451282501220703e+01 0.000000000000000000e+00
4.956783691406250000e+03 1.124550056457519531e+01 0.000000000000000000e+00
4.957923828125000000e+03 9.539624214172363281e+00 0.000000000000000000e+00
4.959067382812500000e+03 9.148835182189941406e+00 0.000000000000000000e+00
4.960208007812500000e+03 9.874724388122558594e+00 0.000000000000000000e+00
4.961352050781250000e+03 1.080073070526123047e+01 0.000000000000000000e+00
4.962493164062500000e+03 1.037052726745605469e+01 0.000000000000000000e+00
4.963637695312500000e+03 9.426351547241210938e+00 0.000000000000000000e+00
4.964779296875000000e+03 9.850756645202636719e+00 0.000000000000000000e+00
4.965921386718750000e+03 1.112586593627929688e+01 0.000000000000000000e+00
4.967066894531250000e+03 9.886065483093261719e+00 0.000000000000000000e+00
4.968209472656250000e+03 9.846980094909667969e+00 0.000000000000000000e+00
4.969354980468750000e+03 9.629797935485839844e+00 0.000000000000000000e+00
4.970498046875000000e+03 9.511012077331542969e+00 0.000000000000000000e+00
4.971644531250000000e+03 1.044410037994384766e+01 0.000000000000000000e+00
4.972788085937500000e+03 1.051265716552734375e+01 0.000000000000000000e+00
4.973932128906250000e+03 1.076230049133300781e+01 0.000000000000000000e+00
4.975079101562500000e+03 1.172759246826171875e+01 0.000000000000000000e+00
4.976223632812500000e+03 1.071096515655517578e+01 0.000000000000000000e+00
4.977371093750000000e+03 9.478732109069824219e+00 0.000000000000000000e+00
4.978516113281250000e+03 1.055238151550292969e+01 0.000000000000000000e+00
4.979664062500000000e+03 1.094325447082519531e+01 0.000000000000000000e+00
4.980809570312500000e+03 1.049355792999267578e+01 0.000000000000000000e+00
4.981958496093750000e+03 9.658034324645996094e+00 0.000000000000000000e+00
4.983104492187500000e+03 1.083364486694335938e+01 0.000000000000000000e+00
4.984250976562500000e+03 1.190922164916992188e+01 0.000000000000000000e+00
4.985400390625000000e+03 1.051866817474365234e+01 0.000000000000000000e+00
4.986546875000000000e+03 1.015025329589843750e+01 0.000000000000000000e+00
4.987696777343750000e+03 1.062510776519775391e+01 0.000000000000000000e+00
4.988844238281250000e+03 1.013558483123779297e+01 0.000000000000000000e+00
4.989994628906250000e+03 1.097985839843750000e+01 0.000000000000000000e+00
4.991142578125000000e+03 1.167664813995361328e+01 0.000000000000000000e+00
4.992291015625000000e+03 1.013915538787841797e+01 0.000000000000000000e+00
4.993441894531250000e+03 9.514804840087890625e+00 0.000000000000000000e+00
4.994590820312500000e+03 8.935344696044921875e+00 0.000000000000000000e+00
4.995742675781250000e+03 1.022571182250976562e+01 0.000000000000000000e+00
4.996892089843750000e+03 1.132122230529785156e+01 0.000000000000000000e+00
4.998043945312500000e+03 1.061664104461669922e+01 0.000000000000000000e+00
4.999193847656250000e+03 9.571476936340332031e+00 0.000000000000000000e+00
5.000343750000000000e+03 1.134531021118164062e+01 0.000000000000000000e+00
5.001497070312500000e+03 1.263924407958984375e+01 0.000000000000000000e+00
5.002647460937500000e+03 1.115090274810791016e+01 0.000000000000000000e+00
5.003801269531250000e+03 1.127849102020263672e+01 0.000000000000000000e+00
5.004952148437500000e+03 1.138471126556396484e+01 0.000000000000000000e+00
5.006106445312500000e+03 9.045686721801757812e+00 0.000000000000000000e+00
5.007258300781250000e+03 9.977262496948242188e+00 0.000000000000000000e+00
5.008410156250000000e+03 1.004938697814941406e+01 0.000000000000000000e+00
5.009564941406250000e+03 1.110977077484130859e+01 0.000000000000000000e+00
5.010717285156250000e+03 1.075615692138671875e+01 0.000000000000000000e+00
5.011873046875000000e+03 9.577789306640625000e+00 0.000000000000000000e+00
5.013025878906250000e+03 9.647285461425781250e+00 0.000000000000000000e+00
5.014181640625000000e+03 9.623314857482910156e+00 0.000000000000000000e+00
5.015335449218750000e+03 1.082866191864013672e+01 0.000000000000000000e+00
5.016489257812500000e+03 9.720892906188964844e+00 0.000000000000000000e+00
5.017645996093750000e+03 9.597929954528808594e+00 0.000000000000000000e+00
5.018800292968750000e+03 9.952363014221191406e+00 0.000000000000000000e+00
5.019957519531250000e+03 8.765887260437011719e+00 0.000000000000000000e+00
5.021112304687500000e+03 9.630662918090820312e+00 0.000000000000000000e+00
5.022270019531250000e+03 1.145994091033935547e+01 0.000000000000000000e+00
5.023425781250000000e+03 1.125613498687744141e+01 0.000000000000000000e+00
5.024581054687500000e+03 1.066023540496826172e+01 0.000000000000000000e+00
5.025739746093750000e+03 1.134342956542968750e+01 0.000000000000000000e+00
5.026895996093750000e+03 1.208709049224853516e+01 0.000000000000000000e+00
5.028055175781250000e+03 1.018521404266357422e+01 0.000000000000000000e+00
5.029211914062500000e+03 1.020550823211669922e+01 0.000000000000000000e+00
5.030371582031250000e+03 9.993827819824218750e+00 0.000000000000000000e+00
5.031528808593750000e+03 1.047334861755371094e+01 0.000000000000000000e+00
5.032686523437500000e+03 1.093712139129638672e+01 0.000000000000000000e+00
5.033847167968750000e+03 1.028706169128417969e+01 0.000000000000000000e+00
5.035004882812500000e+03 1.058222770690917969e+01 0.000000000000000000e+00
5.036166015625000000e+03 1.040776157379150391e+01 0.000000000000000000e+00
5.037324707031250000e+03 1.012102508544921875e+01 0.000000000000000000e+00
5.038486328125000000e+03 9.885261535644531250e+00 0.000000000000000000e+00
5.039645507812500000e+03 9.961342811584472656e+00 0.000000000000000000e+00
5.040804687500000000e+03 1.022590446472167969e+01 0.000000000000000000e+00
5.041967285156250000e+03 9.607238769531250000e+00 0.000000000000000000e+00
5.043126953125000000e+03 8.311564445495605469e+00 0.000000000000000000e+00
5.044290039062500000e+03 8.244641304016113281e+00 0.000000000000000000e+00
5.045450195312500000e+03 9.632692337036132812e+00 0.000000000000000000e+00
5.046613769531250000e+03 1.021419429779052734e+01 0.000000000000000000e+00
5.047774902343750000e+03 9.235078811645507812e+00 0.000000000000000000e+00
5.048936035156250000e+03 1.033430385589599609e+01 0.000000000000000000e+00
5.050100097656250000e+03 9.939889907836914062e+00 0.000000000000000000e+00
5.051262207031250000e+03 1.071087074279785156e+01 0.000000000000000000e+00
5.052426757812500000e+03 1.060553932189941406e+01 0.000000000000000000e+00
5.053589355468750000e+03 9.832841873168945312e+00 0.000000000000000000e+00
5.054754394531250000e+03 1.021840476989746094e+01 0.000000000000000000e+00
5.055917480468750000e+03 1.035510635375976562e+01 0.000000000000000000e+00
5.057080566406250000e+03 1.079949474334716797e+01 0.000000000000000000e+00
5.058246582031250000e+03 1.123091983795166016e+01 0.000000000000000000e+00
5.059410156250000000e+03 1.029763317108154297e+01 0.000000000000000000e+00
5.060577148437500000e+03 9.906487464904785156e+00 0.000000000000000000e+00
5.061741210937500000e+03 1.168321323394775391e+01 0.000000000000000000e+00
5.062908203125000000e+03 1.173054790496826172e+01 0.000000000000000000e+00
5.064073242187500000e+03 1.110410118103027344e+01 0.000000000000000000e+00
5.065237792968750000e+03 1.057621097564697266e+01 0.000000000000000000e+00
5.066406250000000000e+03 1.115751647949218750e+01 0.000000000000000000e+00
5.067571777343750000e+03 1.178776168823242188e+01 0.000000000000000000e+00
5.068740234375000000e+03 1.101002025604248047e+01 0.000000000000000000e+00
5.069906250000000000e+03 1.041235446929931641e+01 0.000000000000000000e+00
5.071075195312500000e+03 1.155948352813720703e+01 0.000000000000000000e+00
5.072241699218750000e+03 1.179068374633789062e+01 0.000000000000000000e+00
5.073411621093750000e+03 1.096215438842773438e+01 0.000000000000000000e+00
5.074578613281250000e+03 9.967553138732910156e+00 0.000000000000000000e+00
5.075746093750000000e+03 9.505488395690917969e+00 0.000000000000000000e+00
5.076916503906250000e+03 9.759561538696289062e+00 0.000000000000000000e+00
5.078084472656250000e+03 1.005346107482910156e+01 0.000000000000000000e+00
5.079255371093750000e+03 1.031325626373291016e+01 0.000000000000000000e+00
5.080423828125000000e+03 1.103314304351806641e+01 0.000000000000000000e+00
5.081595703125000000e+03 1.112740135192871094e+01 0.000000000000000000e+00
5.082764648437500000e+03 1.040408229827880859e+01 0.000000000000000000e+00
5.083933593750000000e+03 1.186337375640869141e+01 0.000000000000000000e+00
5.085105957031250000e+03 1.102133655548095703e+01 0.000000000000000000e+00
5.086275878906250000e+03 1.201424598693847656e+01 0.000000000000000000e+00
5.087448730468750000e+03 1.220010471343994141e+01 0.000000000000000000e+00
5.088619140625000000e+03 1.198946189880371094e+01 0.000000000000000000e+00
5.089792480468750000e+03 1.289767646789550781e+01 0.000000000000000000e+00
5.090963378906250000e+03 1.067604064941406250e+01 0.000000000000000000e+00
5.092134765625000000e+03 1.215836334228515625e+01 0.000000000000000000e+00
5.093309082031250000e+03 1.278299045562744141e+01 0.000000000000000000e+00
5.094480468750000000e+03 1.212104988098144531e+01 0.000000000000000000e+00
5.095655273437500000e+03 1.177275943756103516e+01 0.000000000000000000e+00
5.096827636718750000e+03 1.198280525207519531e+01 0.000000000000000000e+00
5.098002929687500000e+03 1.128108882904052734e+01 0.000000000000000000e+00
5.099175781250000000e+03 1.227567672729492188e+01 0.000000000000000000e+00
5.100348632812500000e+03 1.170064544677734375e+01 0.000000000000000000e+00
5.101524902343750000e+03 9.636754989624023438e+00 0.000000000000000000e+00
5.102698730468750000e+03 7.542356014251708984e+00 0.000000000000000000e+00
5.103875000000000000e+03 7.039691925048828125e+00 0.000000000000000000e+00
5.105049316406250000e+03 9.407357215881347656e+00 0.000000000000000000e+00
5.106226562500000000e+03 1.170000553131103516e+01 0.000000000000000000e+00
5.107401367187500000e+03 1.280143070220947266e+01 0.000000000000000000e+00
5.108576171875000000e+03 1.270334148406982422e+01 0.000000000000000000e+00
5.109754394531250000e+03 1.266211986541748047e+01 0.000000000000000000e+00
5.110929687500000000e+03 1.341442394256591797e+01 0.000000000000000000e+00
5.112108398437500000e+03 1.306626796722412109e+01 0.000000000000000000e+00
5.113284179687500000e+03 1.192764091491699219e+01 0.000000000000000000e+00
5.114463378906250000e+03 1.226512241363525391e+01 0.000000000000000000e+00
5.115640136718750000e+03 1.236604976654052734e+01 0.000000000000000000e+00
5.116816894531250000e+03 1.252044105529785156e+01 0.000000000000000000e+00
5.117996582031250000e+03 1.353886604309082031e+01 0.000000000000000000e+00
5.119174316406250000e+03 1.198786449432373047e+01 0.000000000000000000e+00
5.120354492187500000e+03 1.117876911163330078e+01 0.000000000000000000e+00
5.121532714843750000e+03 1.208893489837646484e+01 0.000000000000000000e+00
5.122713378906250000e+03 1.232648086547851562e+01 0.000000000000000000e+00
5.123892089843750000e+03 1.253614521026611328e+01 0.000000000000000000e+00
5.125070800781250000e+03 1.361059093475341797e+01 0.000000000000000000e+00
5.126252441406250000e+03 1.136971378326416016e+01 0.000000000000000000e+00
5.127432128906250000e+03 1.204200553894042969e+01 0.000000000000000000e+00
5.128614257812500000e+03 1.289186000823974609e+01 0.000000000000000000e+00
5.129793945312500000e+03 1.308869457244873047e+01 0.000000000000000000e+00
5.130977050781250000e+03 1.235461521148681641e+01 0.000000000000000000e+00
5.132157226562500000e+03 1.130320262908935547e+01 0.000000000000000000e+00
5.133337890625000000e+03 1.258953475952148438e+01 0.000000000000000000e+00
5.134521972656250000e+03 1.236724281311035156e+01 0.000000000000000000e+00
5.135703125000000000e+03 1.200261211395263672e+01 0.000000000000000000e+00
5.136887207031250000e+03 1.346756839752197266e+01 0.000000000000000000e+00
5.138068847656250000e+03 1.375179767608642578e+01 0.000000000000000000e+00
5.139253906250000000e+03 1.081022548675537109e+01 0.000000000000000000e+00
5.140436035156250000e+03 1.217907238006591797e+01 0.000000000000000000e+00
5.141618652343750000e+03 1.353940296173095703e+01 0.000000000000000000e+00
5.142804199218750000e+03 1.364811801910400391e+01 0.000000000000000000e+00
5.143987304687500000e+03 1.264025402069091797e+01 0.000000000000000000e+00
5.145173828125000000e+03 1.152242660522460938e+01 0.000000000000000000e+00
5.146357421875000000e+03 1.177244377136230469e+01 0.000000000000000000e+00
5.147543945312500000e+03 1.329445838928222656e+01 0.000000000000000000e+00
5.148728027343750000e+03 1.057062816619873047e+01 0.000000000000000000e+00
5.149912597656250000e+03 1.244407367706298828e+01 0.000000000000000000e+00
5.151100097656250000e+03 1.329457664489746094e+01 0.000000000000000000e+00
5.152285156250000000e+03 1.179400730133056641e+01 0.000000000000000000e+00
5.153473144531250000e+03 1.287049388885498047e+01 0.000000000000000000e+00
5.154658691406250000e+03 1.379642009735107422e+01 0.000000000000000000e+00
5.155847656250000000e+03 1.318780612945556641e+01 0.000000000000000000e+00
5.157033691406250000e+03 1.241485977172851562e+01 0.000000000000000000e+00
5.158222656250000000e+03 1.251696205139160156e+01 0.000000000000000000e+00
5.159409179687500000e+03 1.245433139801025391e+01 0.000000000000000000e+00
5.160596191406250000e+03 1.156447982788085938e+01 0.000000000000000000e+00
5.161786132812500000e+03 1.263045120239257812e+01 0.000000000000000000e+00
5.162973632812500000e+03 1.278326606750488281e+01 0.000000000000000000e+00
5.164164550781250000e+03 1.342179203033447266e+01 0.000000000000000000e+00
5.165352539062500000e+03 1.324362850189208984e+01 0.000000000000000000e+00
5.166543457031250000e+03 1.172513961791992188e+01 0.000000000000000000e+00
5.167731933593750000e+03 1.074802017211914062e+01 0.000000000000000000e+00
5.168920898437500000e+03 1.185604763031005859e+01 0.000000000000000000e+00
5.170112792968750000e+03 1.065945625305175781e+01 0.000000000000000000e+00
5.171302246093750000e+03 1.166713809967041016e+01 0.000000000000000000e+00
5.172494628906250000e+03 1.291721057891845703e+01 0.000000000000000000e+00
5.173684570312500000e+03 1.210222148895263672e+01 0.000000000000000000e+00
5.174877929687500000e+03 1.059834575653076172e+01 0.000000000000000000e+00
5.176068359375000000e+03 1.133910942077636719e+01 0.000000000000000000e+00
5.177258789062500000e+03 1.186210536956787109e+01 0.000000000000000000e+00
5.178452636718750000e+03 1.144130134582519531e+01 0.000000000000000000e+00
5.179644042968750000e+03 1.119012260437011719e+01 0.000000000000000000e+00
5.180838378906250000e+03 1.105062770843505859e+01 0.000000000000000000e+00
5.182030273437500000e+03 1.065836811065673828e+01 0.000000000000000000e+00
5.183225097656250000e+03 1.176090049743652344e+01 0.000000000000000000e+00
5.184417480468750000e+03 1.129784107208251953e+01 0.000000000000000000e+00
5.185610351562500000e+03 1.039608955383300781e+01 0.000000000000000000e+00
5.186806152343750000e+03 9.820369720458984375e+00 0.000000000000000000e+00
5.187999511718750000e+03 1.018392658233642578e+01 0.000000000000000000e+00
5.189195800781250000e+03 1.119302558898925781e+01 0.000000000000000000e+00
5.190389648437500000e+03 1.067423725128173828e+01 0.000000000000000000e+00
5.191586425781250000e+03 1.126732730865478516e+01 0.000000000000000000e+00
5.192780761718750000e+03 1.095833873748779297e+01 0.000000000000000000e+00
5.193975097656250000e+03 1.062876224517822266e+01 0.000000000000000000e+00
5.195172851562500000e+03 1.064704322814941406e+01 0.000000000000000000e+00
5.196368164062500000e+03 1.032340145111083984e+01 0.000000000000000000e+00
5.197566406250000000e+03 1.053575134277343750e+01 0.000000000000000000e+00
5.198762207031250000e+03 9.999852180480957031e+00 0.000000000000000000e+00
5.199960937500000000e+03 1.037175655364990234e+01 0.000000000000000000e+00
5.201157226562500000e+03 1.114189052581787109e+01 0.000000000000000000e+00
5.202353515625000000e+03 1.195397377014160156e+01 0.000000000000000000e+00
5.203553222656250000e+03 1.246183204650878906e+01 0.000000000000000000e+00
5.204750488281250000e+03 1.050436496734619141e+01 0.000000000000000000e+00
5.205950683593750000e+03 8.976298332214355469e+00 0.000000000000000000e+00
5.207148437500000000e+03 1.035050201416015625e+01 0.000000000000000000e+00
5.208349121093750000e+03 1.107310771942138672e+01 0.000000000000000000e+00
5.209547363281250000e+03 1.041827869415283203e+01 0.000000000000000000e+00
5.210745605468750000e+03 1.084371566772460938e+01 0.000000000000000000e+00
5.211947265625000000e+03 1.084828472137451172e+01 0.000000000000000000e+00
5.213145996093750000e+03 1.147323989868164062e+01 0.000000000000000000e+00
5.214348144531250000e+03 1.044288063049316406e+01 0.000000000000000000e+00
5.215547851562500000e+03 1.024609088897705078e+01 0.000000000000000000e+00
5.216750488281250000e+03 1.105991840362548828e+01 0.000000000000000000e+00
5.217950683593750000e+03 1.046066951751708984e+01 0.000000000000000000e+00
5.219150878906250000e+03 1.002703666687011719e+01 0.000000000000000000e+00
5.220354492187500000e+03 9.382553100585937500e+00 0.000000000000000000e+00
5.221555664062500000e+03 8.606181144714355469e+00 0.000000000000000000e+00
5.222759765625000000e+03 9.216429710388183594e+00 0.000000000000000000e+00
5.223960937500000000e+03 9.933227539062500000e+00 0.000000000000000000e+00
5.225165527343750000e+03 8.720712661743164062e+00 0.000000000000000000e+00
5.226367675781250000e+03 8.859727859497070312e+00 0.000000000000000000e+00
5.227570312500000000e+03 8.456468582153320312e+00 0.000000000000000000e+00
5.228775390625000000e+03 9.500488281250000000e+00 0.000000000000000000e+00
5.229978515625000000e+03 1.031204700469970703e+01 0.000000000000000000e+00
5.231184570312500000e+03 1.041937160491943359e+01 0.000000000000000000e+00
5.232387695312500000e+03 1.088686656951904297e+01 0.000000000000000000e+00
5.233594238281250000e+03 9.863695144653320312e+00 0.000000000000000000e+00
5.234798339843750000e+03 9.418828010559082031e+00 0.000000000000000000e+00
5.236002929687500000e+03 9.913511276245117188e+00 0.000000000000000000e+00
5.237209960937500000e+03 9.725253105163574219e+00 0.000000000000000000e+00
5.238415039062500000e+03 9.437817573547363281e+00 0.000000000000000000e+00
5.239623046875000000e+03 1.068824768066406250e+01 0.000000000000000000e+00
5.240828125000000000e+03 1.087908363342285156e+01 0.000000000000000000e+00
5.242036621093750000e+03 9.797781944274902344e+00 0.000000000000000000e+00
5.243242675781250000e+03 1.128216457366943359e+01 0.000000000000000000e+00
5.244448730468750000e+03 1.149560642242431641e+01 0.000000000000000000e+00
5.245658203125000000e+03 1.009245777130126953e+01 0.000000000000000000e+00
5.246865234375000000e+03 1.043610858917236328e+01 0.000000000000000000e+00
5.248074707031250000e+03 8.989042282104492188e+00 0.000000000000000000e+00
5.249282226562500000e+03 1.017224693298339844e+01 0.000000000000000000e+00
5.250492675781250000e+03 1.103365039825439453e+01 0.000000000000000000e+00
5.251700683593750000e+03 1.007081127166748047e+01 0.000000000000000000e+00
5.252911621093750000e+03 9.829153060913085938e+00 0.000000000000000000e+00
5.254120117187500000e+03 1.204572296142578125e+01 0.000000000000000000e+00
5.255328613281250000e+03 1.080893039703369141e+01 0.000000000000000000e+00
5.256540527343750000e+03 9.947852134704589844e+00 0.000000000000000000e+00
5.257750000000000000e+03 1.034778213500976562e+01 0.000000000000000000e+00
5.258962402343750000e+03 1.016356658935546875e+01 0.000000000000000000e+00
5.260172363281250000e+03 9.537793159484863281e+00 0.000000000000000000e+00
5.261385253906250000e+03 1.005074596405029297e+01 0.000000000000000000e+00
5.262595703125000000e+03 9.981096267700195312e+00 0.000000000000000000e+00
5.263806152343750000e+03 1.045312595367431641e+01 0.000000000000000000e+00
5.265020019531250000e+03 9.345042228698730469e+00 0.000000000000000000e+00
5.266230957031250000e+03 9.125025749206542969e+00 0.000000000000000000e+00
5.267445800781250000e+03 9.848456382751464844e+00 0.000000000000000000e+00
5.268657226562500000e+03 9.217638969421386719e+00 0.000000000000000000e+00
5.269872070312500000e+03 1.019938564300537109e+01 0.000000000000000000e+00
5.271084472656250000e+03 9.937163352966308594e+00 0.000000000000000000e+00
5.272297363281250000e+03 9.222847938537597656e+00 0.000000000000000000e+00
5.273513183593750000e+03 9.561762809753417969e+00 0.000000000000000000e+00
5.274726074218750000e+03 9.937568664550781250e+00 0.000000000000000000e+00
5.275942382812500000e+03 8.880400657653808594e+00 0.000000000000000000e+00
5.277156250000000000e+03 9.682090759277343750e+00 0.000000000000000000e+00
5.278373046875000000e+03 1.069815731048583984e+01 0.000000000000000000e+00
5.279587402343750000e+03 9.698966979980468750e+00 0.000000000000000000e+00
5.280801757812500000e+03 8.700424194335937500e+00 0.000000000000000000e+00
5.282019531250000000e+03 8.950963020324707031e+00 0.000000000000000000e+00
5.283234863281250000e+03 9.299584388732910156e+00 0.000000000000000000e+00
5.284453125000000000e+03 9.616127967834472656e+00 0.000000000000000000e+00
5.285668945312500000e+03 1.031694316864013672e+01 0.000000000000000000e+00
5.286887695312500000e+03 1.073453044891357422e+01 0.000000000000000000e+00
5.288104003906250000e+03 9.862897872924804688e+00 0.000000000000000000e+00
5.289320312500000000e+03 8.708876609802246094e+00 0.000000000000000000e+00
5.290540039062500000e+03 9.208572387695312500e+00 0.000000000000000000e+00
5.291757324218750000e+03 9.963422775268554688e+00 0.000000000000000000e+00
5.292977539062500000e+03 1.010099124908447266e+01 0.000000000000000000e+00
5.294195312500000000e+03 9.649015426635742188e+00 0.000000000000000000e+00
5.295416015625000000e+03 9.193223953247070312e+00 0.000000000000000000e+00
5.296634277343750000e+03 9.224689483642578125e+00 0.000000000000000000e+00
5.297852539062500000e+03 9.500604629516601562e+00 0.000000000000000000e+00
5.299074218750000000e+03 8.991833686828613281e+00 0.000000000000000000e+00
5.300293457031250000e+03 9.072705268859863281e+00 0.000000000000000000e+00
5.301515625000000000e+03 9.190995216369628906e+00 0.000000000000000000e+00
5.302735351562500000e+03 9.238107681274414062e+00 0.000000000000000000e+00
5.303958007812500000e+03 9.545232772827148438e+00 0.000000000000000000e+00
5.305178222656250000e+03 9.956229209899902344e+00 0.000000000000000000e+00
5.306398437500000000e+03 9.288362503051757812e+00 0.000000000000000000e+00
5.307622070312500000e+03 8.853056907653808594e+00 0.000000000000000000e+00
5.308843261718750000e+03 9.540959358215332031e+00 0.000000000000000000e+00
5.310067382812500000e+03 9.783368110656738281e+00 0.000000000000000000e+00
5.311289062500000000e+03 9.024134635925292969e+00 0.000000000000000000e+00
5.312513671875000000e+03 8.731378555297851562e+00 0.000000000000000000e+00
5.313735839843750000e+03 9.432931900024414062e+00 0.000000000000000000e+00
5.314958496093750000e+03 9.575925827026367188e+00 0.000000000000000000e+00
5.316184082031250000e+03 9.132044792175292969e+00 0.000000000000000000e+00
5.317407226562500000e+03 8.878242492675781250e+00 0.000000000000000000e+00
5.318633300781250000e+03 9.075590133666992188e+00 0.000000000000000000e+00
5.319856933593750000e+03 9.311646461486816406e+00 0.000000000000000000e+00
5.321083496093750000e+03 9.458830833435058594e+00 0.000000000000000000e+00
5.322307617187500000e+03 9.363635063171386719e+00 0.000000000000000000e+00
5.323531738281250000e+03 1.067000198364257812e+01 0.000000000000000000e+00
5.324759765625000000e+03 1.023758983612060547e+01 0.000000000000000000e+00
5.325984375000000000e+03 8.399913787841796875e+00 0.000000000000000000e+00
5.327212890625000000e+03 9.130560874938964844e+00 0.000000000000000000e+00
5.328437988281250000e+03 9.314007759094238281e+00 0.000000000000000000e+00
5.329666992187500000e+03 9.865104675292968750e+00 0.000000000000000000e+00
5.330893066406250000e+03 9.847844123840332031e+00 0.000000000000000000e+00
5.332119140625000000e+03 9.843898773193359375e+00 0.000000000000000000e+00
5.333349121093750000e+03 9.818798065185546875e+00 0.000000000000000000e+00
5.334575683593750000e+03 8.942874908447265625e+00 0.000000000000000000e+00
5.335806152343750000e+03 8.644440650939941406e+00 0.000000000000000000e+00
5.337033691406250000e+03 8.864922523498535156e+00 0.000000000000000000e+00
5.338264160156250000e+03 1.020096492767333984e+01 0.000000000000000000e+00
5.339492187500000000e+03 1.011190223693847656e+01 0.000000000000000000e+00
5.340720703125000000e+03 8.401559829711914062e+00 0.000000000000000000e+00
5.341952148437500000e+03 8.256779670715332031e+00 0.000000000000000000e+00
5.343181152343750000e+03 9.767625808715820312e+00 0.000000000000000000e+00
5.344413085937500000e+03 1.095403575897216797e+01 0.000000000000000000e+00
5.345642578125000000e+03 9.763164520263671875e+00 0.000000000000000000e+00
5.346875488281250000e+03 9.372247695922851562e+00 0.000000000000000000e+00
5.348105468750000000e+03 1.050554370880126953e+01 0.000000000000000000e+00
5.349338867187500000e+03 9.997714042663574219e+00 0.000000000000000000e+00
5.350569335937500000e+03 9.181100845336914062e+00 0.000000000000000000e+00
5.351800292968750000e+03 8.585108757019042969e+00 0.000000000000000000e+00
5.353034179687500000e+03 8.340810775756835938e+00 0.000000000000000000e+00
5.354265625000000000e+03 9.081686019897460938e+00 0.000000000000000000e+00
5.355500488281250000e+03 1.004028892517089844e+01 0.000000000000000000e+00
5.356732421875000000e+03 9.505582809448242188e+00 0.000000000000000000e+00
5.357967773437500000e+03 8.740115165710449219e+00 0.000000000000000000e+00
5.359200195312500000e+03 9.443551063537597656e+00 0.000000000000000000e+00
5.360433105468750000e+03 8.910882949829101562e+00 0.000000000000000000e+00
5.361669433593750000e+03 8.032298088073730469e+00 0.000000000000000000e+00
5.362902832031250000e+03 8.703965187072753906e+00 0.000000000000000000e+00
5.364139160156250000e+03 1.004860305786132812e+01 0.000000000000000000e+00
5.365373535156250000e+03 8.448705673217773438e+00 0.000000000000000000e+00
5.366610839843750000e+03 9.093396186828613281e+00 0.000000000000000000e+00
5.367845214843750000e+03 9.927368164062500000e+00 0.000000000000000000e+00
5.369080078125000000e+03 9.570757865905761719e+00 0.000000000000000000e+00
5.370318359375000000e+03 8.904406547546386719e+00 0.000000000000000000e+00
5.371553710937500000e+03 9.175304412841796875e+00 0.000000000000000000e+00
5.372792480468750000e+03 9.049744606018066406e+00 0.000000000000000000e+00
5.374028320312500000e+03 8.536493301391601562e+00 0.000000000000000000e+00
5.375267578125000000e+03 9.599824905395507812e+00 0.000000000000000000e+00
5.376503906250000000e+03 1.008274364471435547e+01 0.000000000000000000e+00
5.377741210937500000e+03 9.574815750122070312e+00 0.000000000000000000e+00
5.378980957031250000e+03 1.063428020477294922e+01 0.000000000000000000e+00
5.380218261718750000e+03 1.113641452789306641e+01 0.000000000000000000e+00
5.381458984375000000e+03 9.550612449645996094e+00 0.000000000000000000e+00
5.382697265625000000e+03 9.742311477661132812e+00 0.000000000000000000e+00
5.383938476562500000e+03 9.902103424072265625e+00 0.000000000000000000e+00
5.385176757812500000e+03 9.269758224487304688e+00 0.000000000000000000e+00
5.386416015625000000e+03 1.003236579895019531e+01 0.000000000000000000e+00
5.387657714843750000e+03 9.087623596191406250e+00 0.000000000000000000e+00
5.388897460937500000e+03 9.386713981628417969e+00 0.000000000000000000e+00
5.390140136718750000e+03 9.862170219421386719e+00 0.000000000000000000e+00
5.391379882812500000e+03 9.255369186401367188e+00 0.000000000000000000e+00
5.392623046875000000e+03 8.446928977966308594e+00 0.000000000000000000e+00
5.393863769531250000e+03 9.072294235229492188e+00 0.000000000000000000e+00
5.395104492187500000e+03 9.087800025939941406e+00 0.000000000000000000e+00
5.396348632812500000e+03 8.493686676025390625e+00 0.000000000000000000e+00
5.397590332031250000e+03 9.560104370117187500e+00 0.000000000000000000e+00
5.398834960937500000e+03 9.665575981140136719e+00 0.000000000000000000e+00
5.400076660156250000e+03 8.504804611206054688e+00 0.000000000000000000e+00
5.401322265625000000e+03 9.303356170654296875e+00 0.000000000000000000e+00
5.402564453125000000e+03 8.946939468383789062e+00 0.000000000000000000e+00
5.403807617187500000e+03 9.580386161804199219e+00 0.000000000000000000e+00
5.405053710937500000e+03 9.308460235595703125e+00 0.000000000000000000e+00
5.406296875000000000e+03 9.463078498840332031e+00 0.000000000000000000e+00
5.407543945312500000e+03 1.006352806091308594e+01 0.000000000000000000e+00
5.408787597656250000e+03 9.103878021240234375e+00 0.000000000000000000e+00
5.410035156250000000e+03 9.902115821838378906e+00 0.000000000000000000e+00
5.411279785156250000e+03 9.556456565856933594e+00 0.000000000000000000e+00
5.412524414062500000e+03 8.938019752502441406e+00 0.000000000000000000e+00
5.413772460937500000e+03 9.298419952392578125e+00 0.000000000000000000e+00
5.415018066406250000e+03 9.602096557617187500e+00 0.000000000000000000e+00
5.416266601562500000e+03 8.407721519470214844e+00 0.000000000000000000e+00
5.417512695312500000e+03 9.304594039916992188e+00 0.000000000000000000e+00
5.418761718750000000e+03 8.857839584350585938e+00 0.000000000000000000e+00
5.420008300781250000e+03 8.027426719665527344e+00 0.000000000000000000e+00
5.421255371093750000e+03 8.334072113037109375e+00 0.000000000000000000e+00
5.422505371093750000e+03 9.198634147644042969e+00 0.000000000000000000e+00
5.423752929687500000e+03 8.952355384826660156e+00 0.000000000000000000e+00
5.425003417968750000e+03 9.146016120910644531e+00 0.000000000000000000e+00
5.426251464843750000e+03 9.294745445251464844e+00 0.000000000000000000e+00
5.427502929687500000e+03 9.878724098205566406e+00 0.000000000000000000e+00
5.428751464843750000e+03 1.014313411712646484e+01 0.000000000000000000e+00
5.430000488281250000e+03 9.699721336364746094e+00 0.000000000000000000e+00
5.431252441406250000e+03 9.410445213317871094e+00 0.000000000000000000e+00
5.432501953125000000e+03 9.475544929504394531e+00 0.000000000000000000e+00
5.433754882812500000e+03 9.008889198303222656e+00 0.000000000000000000e+00
5.435004882812500000e+03 9.307631492614746094e+00 0.000000000000000000e+00
5.436258300781250000e+03 9.407203674316406250e+00 0.000000000000000000e+00
5.437508789062500000e+03 8.899961471557617188e+00 0.000000000000000000e+00
5.438759765625000000e+03 9.314770698547363281e+00 0.000000000000000000e+00
5.440013671875000000e+03 1.019475555419921875e+01 0.000000000000000000e+00
5.441265136718750000e+03 9.248263359069824219e+00 0.000000000000000000e+00
5.442520019531250000e+03 1.012728881835937500e+01 0.000000000000000000e+00
5.443771972656250000e+03 1.062010192871093750e+01 0.000000000000000000e+00
5.445027343750000000e+03 9.157055854797363281e+00 0.000000000000000000e+00
5.446279785156250000e+03 8.583580017089843750e+00 0.000000000000000000e+00
5.447535644531250000e+03 8.423502922058105469e+00 0.000000000000000000e+00
5.448789062500000000e+03 9.016235351562500000e+00 0.000000000000000000e+00
5.450042480468750000e+03 9.988971710205078125e+00 0.000000000000000000e+00
5.451299316406250000e+03 1.025905609130859375e+01 0.000000000000000000e+00
5.452553222656250000e+03 9.245518684387207031e+00 0.000000000000000000e+00
5.453810546875000000e+03 8.094373703002929688e+00 0.000000000000000000e+00
5.455065429687500000e+03 9.253950119018554688e+00 0.000000000000000000e+00
5.456323242187500000e+03 9.136898994445800781e+00 0.000000000000000000e+00
5.457578613281250000e+03 9.919105529785156250e+00 0.000000000000000000e+00
5.458833984375000000e+03 9.805460929870605469e+00 0.000000000000000000e+00
5.460092773437500000e+03 8.430087089538574219e+00 0.000000000000000000e+00
5.461348632812500000e+03 9.002112388610839844e+00 0.000000000000000000e+00
5.462608398437500000e+03 9.066503524780273438e+00 0.000000000000000000e+00
5.463864746093750000e+03 8.747035980224609375e+00 0.000000000000000000e+00
5.465125000000000000e+03 9.030412673950195312e+00 0.000000000000000000e+00
5.466382324218750000e+03 9.401197433471679688e+00 0.000000000000000000e+00
5.467639648437500000e+03 9.473523139953613281e+00 0.000000000000000000e+00
5.468900390625000000e+03 9.879100799560546875e+00 0.000000000000000000e+00
5.470158691406250000e+03 1.023014926910400391e+01 0.000000000000000000e+00
5.471419921875000000e+03 9.080408096313476562e+00 0.000000000000000000e+00
5.472678710937500000e+03 8.550245285034179688e+00 0.000000000000000000e+00
5.473940429687500000e+03 9.196654319763183594e+00 0.000000000000000000e+00
5.475199707031250000e+03 1.004006290435791016e+01 0.000000000000000000e+00
5.476459472656250000e+03 9.965545654296875000e+00 0.000000000000000000e+00
5.477722167968750000e+03 8.944483757019042969e+00 0.000000000000000000e+00
5.478982421875000000e+03 9.278641700744628906e+00 0.000000000000000000e+00
5.480246093750000000e+03 9.087185859680175781e+00 0.000000000000000000e+00
5.481506835937500000e+03 8.710828781127929688e+00 0.000000000000000000e+00
5.482770507812500000e+03 9.014808654785156250e+00 0.000000000000000000e+00
5.484032226562500000e+03 9.347542762756347656e+00 0.000000000000000000e+00
5.485293457031250000e+03 9.514660835266113281e+00 0.000000000000000000e+00
5.486558593750000000e+03 1.024274921417236328e+01 0.000000000000000000e+00
5.487820800781250000e+03 9.613997459411621094e+00 0.000000000000000000e+00
5.489085937500000000e+03 8.761718750000000000e+00 0.000000000000000000e+00
5.490349121093750000e+03 9.032947540283203125e+00 0.000000000000000000e+00
5.491614746093750000e+03 9.536673545837402344e+00 0.000000000000000000e+00
5.492878417968750000e+03 9.688417434692382812e+00 0.000000000000000000e+00
5.494142089843750000e+03 8.655739784240722656e+00 0.000000000000000000e+00
5.495408691406250000e+03 8.725156784057617188e+00 0.000000000000000000e+00
5.496672851562500000e+03 9.953824043273925781e+00 0.000000000000000000e+00
5.497940429687500000e+03 1.055429077148437500e+01 0.000000000000000000e+00
5.499205566406250000e+03 9.616380691528320312e+00 0.000000000000000000e+00
5.500473632812500000e+03 9.637780189514160156e+00 0.000000000000000000e+00
5.501738769531250000e+03 9.443119049072265625e+00 0.000000000000000000e+00
5.503004394531250000e+03 9.443188667297363281e+00 0.000000000000000000e+00
5.504273437500000000e+03 9.789473533630371094e+00 0.000000000000000000e+00
5.505539550781250000e+03 1.012992191314697266e+01 0.000000000000000000e+00
5.506809570312500000e+03 1.008340072631835938e+01 0.000000000000000000e+00
5.508076171875000000e+03 9.648000717163085938e+00 0.000000000000000000e+00
5.509346191406250000e+03 8.874144554138183594e+00 0.000000000000000000e+00
5.510613769531250000e+03 1.032722854614257812e+01 0.000000000000000000e+00
5.511881347656250000e+03 1.124432754516601562e+01 0.000000000000000000e+00
5.513152343750000000e+03 9.440927505493164062e+00 0.000000000000000000e+00
5.514420898437500000e+03 8.002458572387695312e+00 0.000000000000000000e+00
5.515692382812500000e+03 9.334136962890625000e+00 0.000000000000000000e+00
5.516961425781250000e+03 1.077711963653564453e+01 0.000000000000000000e+00
5.518233398437500000e+03 1.051988983154296875e+01 0.000000000000000000e+00
5.519502929687500000e+03 9.466597557067871094e+00 0.000000000000000000e+00
5.520772460937500000e+03 8.999832153320312500e+00 0.000000000000000000e+00
5.522045898437500000e+03 9.050738334655761719e+00 0.000000000000000000e+00
5.523315917968750000e+03 8.855710029602050781e+00 0.000000000000000000e+00
5.524589843750000000e+03 1.001360321044921875e+01 0.000000000000000000e+00
5.525860839843750000e+03 9.462288856506347656e+00 0.000000000000000000e+00
5.527134765625000000e+03 9.017607688903808594e+00 0.000000000000000000e+00
5.528406250000000000e+03 1.027585887908935547e+01 0.000000000000000000e+00
5.529678222656250000e+03 1.037881469726562500e+01 0.000000000000000000e+00
5.530953613281250000e+03 9.082347869873046875e+00 0.000000000000000000e+00
5.532225585937500000e+03 9.743332862854003906e+00 0.000000000000000000e+00
5.533501464843750000e+03 1.047589969635009766e+01 0.000000000000000000e+00
5.534774414062500000e+03 1.061411571502685547e+01 0.000000000000000000e+00
5.536050781250000000e+03 1.060092639923095703e+01 0.000000000000000000e+00
5.537324218750000000e+03 1.016838073730468750e+01 0.000000000000000000e+00
5.538598144531250000e+03 8.871362686157226562e+00 0.000000000000000000e+00
5.539875488281250000e+03 9.469017028808593750e+00 0.000000000000000000e+00
5.541149902343750000e+03 1.038934230804443359e+01 0.000000000000000000e+00
5.542427734375000000e+03 1.023294734954833984e+01 0.000000000000000000e+00
5.543702636718750000e+03 9.525430679321289062e+00 0.000000000000000000e+00
5.544980957031250000e+03 9.807024955749511719e+00 0.000000000000000000e+00
5.546256835937500000e+03 1.038903522491455078e+01 0.000000000000000000e+00
5.547535644531250000e+03 1.048514747619628906e+01 0.000000000000000000e+00
5.548811523437500000e+03 9.694961547851562500e+00 0.000000000000000000e+00
5.550088378906250000e+03 9.646204948425292969e+00 0.000000000000000000e+00
5.551368164062500000e+03 1.061903381347656250e+01 0.000000000000000000e+00
5.552645019531250000e+03 1.043872737884521484e+01 0.000000000000000000e+00
5.553925781250000000e+03 1.039148807525634766e+01 0.000000000000000000e+00
5.555203125000000000e+03 1.027310276031494141e+01 0.000000000000000000e+00
5.556484375000000000e+03 1.034671211242675781e+01 0.000000000000000000e+00
5.557762695312500000e+03 1.024969100952148438e+01 0.000000000000000000e+00
5.559041015625000000e+03 9.860974311828613281e+00 0.000000000000000000e+00
5.560323242187500000e+03 9.943886756896972656e+00 0.000000000000000000e+00
5.561602050781250000e+03 1.061759090423583984e+01 0.000000000000000000e+00
5.562884765625000000e+03 1.051090240478515625e+01 0.000000000000000000e+00
5.564164550781250000e+03 1.137833404541015625e+01 0.000000000000000000e+00
5.565447265625000000e+03 1.212057971954345703e+01 0.000000000000000000e+00
5.566728027343750000e+03 1.142149257659912109e+01 0.000000000000000000e+00
5.568008300781250000e+03 1.053128147125244141e+01 0.000000000000000000e+00
5.569292480468750000e+03 9.978215217590332031e+00 0.000000000000000000e+00
5.570573730468750000e+03 1.122416019439697266e+01 0.000000000000000000e+00
5.571857910156250000e+03 1.065168380737304688e+01 0.000000000000000000e+00
5.573140136718750000e+03 1.034817886352539062e+01 0.000000000000000000e+00
5.574425292968750000e+03 1.266075801849365234e+01 0.000000000000000000e+00
5.575707519531250000e+03 1.371301364898681641e+01 0.000000000000000000e+00
5.576990234375000000e+03 9.352745056152343750e+00 0.000000000000000000e+00
5.578276367187500000e+03 6.410773277282714844e+00 0.000000000000000000e+00
5.579559570312500000e+03 1.131837081909179688e+01 0.000000000000000000e+00
5.580846191406250000e+03 1.553803920745849609e+01 0.000000000000000000e+00
5.582129882812500000e+03 1.264338874816894531e+01 0.000000000000000000e+00
5.583416992187500000e+03 1.078146648406982422e+01 0.000000000000000000e+00
5.584701660156250000e+03 1.206975269317626953e+01 0.000000000000000000e+00
5.585986328125000000e+03 1.087468528747558594e+01 0.000000000000000000e+00
5.587274414062500000e+03 1.011863994598388672e+01 0.000000000000000000e+00
5.588560058593750000e+03 1.052674293518066406e+01 0.000000000000000000e+00
5.589848632812500000e+03 1.082862663269042969e+01 0.000000000000000000e+00
5.591134765625000000e+03 1.091013431549072266e+01 0.000000000000000000e+00
5.592423828125000000e+03 1.078652667999267578e+01 0.000000000000000000e+00
5.593710449218750000e+03 1.129289245605468750e+01 0.000000000000000000e+00
5.594997070312500000e+03 1.040173625946044922e+01 0.000000000000000000e+00
5.596287597656250000e+03 1.018466091156005859e+01 0.000000000000000000e+00
5.597574707031250000e+03 1.140252304077148438e+01 0.000000000000000000e+00
5.598865722656250000e+03 1.066148471832275391e+01 0.000000000000000000e+00
5.600153808593750000e+03 1.148192882537841797e+01 0.000000000000000000e+00
5.601444824218750000e+03 8.954145431518554688e+00 0.000000000000000000e+00
5.602733398437500000e+03 7.957533836364746094e+00 0.000000000000000000e+00
5.604022460937500000e+03 9.959615707397460938e+00 0.000000000000000000e+00
5.605314941406250000e+03 1.203037071228027344e+01 0.000000000000000000e+00
5.606604492187500000e+03 1.184183597564697266e+01 0.000000000000000000e+00
5.607896972656250000e+03 1.211058139801025391e+01 0.000000000000000000e+00
5.609187011718750000e+03 1.183618927001953125e+01 0.000000000000000000e+00
5.610480468750000000e+03 1.050170993804931641e+01 0.000000000000000000e+00
5.611771484375000000e+03 1.075265216827392578e+01 0.000000000000000000e+00
5.613062500000000000e+03 1.288736343383789062e+01 0.000000000000000000e+00
5.614356933593750000e+03 1.294629955291748047e+01 0.000000000000000000e+00
5.615648437500000000e+03 1.381489944458007812e+01 0.000000000000000000e+00
5.616943359375000000e+03 1.299517154693603516e+01 0.000000000000000000e+00
5.618235351562500000e+03 1.392611980438232422e+01 0.000000000000000000e+00
5.619530761718750000e+03 1.452436447143554688e+01 0.000000000000000000e+00
5.620823730468750000e+03 1.290574836730957031e+01 0.000000000000000000e+00
5.622116699218750000e+03 1.288084316253662109e+01 0.000000000000000000e+00
5.623413085937500000e+03 1.277632617950439453e+01 0.000000000000000000e+00
5.624707031250000000e+03 1.306897163391113281e+01 0.000000000000000000e+00
5.626003906250000000e+03 1.377639484405517578e+01 0.000000000000000000e+00
5.627298339843750000e+03 1.279026985168457031e+01 0.000000000000000000e+00
5.628595703125000000e+03 1.005705547332763672e+01 0.000000000000000000e+00
5.629890625000000000e+03 9.339044570922851562e+00 0.000000000000000000e+00
5.631186035156250000e+03 9.702969551086425781e+00 0.000000000000000000e+00
5.632484375000000000e+03 1.130237770080566406e+01 0.000000000000000000e+00
5.633780273437500000e+03 1.254915809631347656e+01 0.000000000000000000e+00
5.635079101562500000e+03 1.320028495788574219e+01 0.000000000000000000e+00
5.636375488281250000e+03 1.284512519836425781e+01 0.000000000000000000e+00
5.637675292968750000e+03 1.032827949523925781e+01 0.000000000000000000e+00
5.638972167968750000e+03 9.087404251098632812e+00 0.000000000000000000e+00
5.640269531250000000e+03 1.026314640045166016e+01 0.000000000000000000e+00
5.641570312500000000e+03 1.146123790740966797e+01 0.000000000000000000e+00
5.642868164062500000e+03 1.248134994506835938e+01 0.000000000000000000e+00
5.644169433593750000e+03 1.393172740936279297e+01 0.000000000000000000e+00
5.645467773437500000e+03 1.483329200744628906e+01 0.000000000000000000e+00
5.646769531250000000e+03 1.500222969055175781e+01 0.000000000000000000e+00
5.648068359375000000e+03 1.422129058837890625e+01 0.000000000000000000e+00
5.649371093750000000e+03 1.463952159881591797e+01 0.000000000000000000e+00
5.650670410156250000e+03 1.556100177764892578e+01 0.000000000000000000e+00
5.651970703125000000e+03 1.571574974060058594e+01 0.000000000000000000e+00
5.653273925781250000e+03 1.606671714782714844e+01 0.000000000000000000e+00
5.654574218750000000e+03 1.613247108459472656e+01 0.000000000000000000e+00
5.655878417968750000e+03 1.672142791748046875e+01 0.000000000000000000e+00
5.657179199218750000e+03 1.804594802856445312e+01 0.000000000000000000e+00
5.658483886718750000e+03 1.840989494323730469e+01 0.000000000000000000e+00
5.659785644531250000e+03 1.759337806701660156e+01 0.000000000000000000e+00
5.661087890625000000e+03 1.812237739562988281e+01 0.000000000000000000e+00
5.662393066406250000e+03 1.761987686157226562e+01 0.000000000000000000e+00
5.663695800781250000e+03 1.694523239135742188e+01 0.000000000000000000e+00
5.665001953125000000e+03 1.614153289794921875e+01 0.000000000000000000e+00
5.666305175781250000e+03 1.622048377990722656e+01 0.000000000000000000e+00
5.667611816406250000e+03 1.799587440490722656e+01 0.000000000000000000e+00
5.668915527343750000e+03 1.962037086486816406e+01 0.000000000000000000e+00
5.670219726562500000e+03 1.712915992736816406e+01 0.000000000000000000e+00
5.671527343750000000e+03 1.736606025695800781e+01 0.000000000000000000e+00
5.672832031250000000e+03 1.821083641052246094e+01 0.000000000000000000e+00
5.674140136718750000e+03 1.809546470642089844e+01 0.000000000000000000e+00
5.675445312500000000e+03 1.794686126708984375e+01 0.000000000000000000e+00
5.676753906250000000e+03 1.822842025756835938e+01 0.000000000000000000e+00
5.678060058593750000e+03 1.695791625976562500e+01 0.000000000000000000e+00
5.679366210937500000e+03 1.833290100097656250e+01 0.000000000000000000e+00
5.680675781250000000e+03 1.840099334716796875e+01 0.000000000000000000e+00
5.681982910156250000e+03 1.676989555358886719e+01 0.000000000000000000e+00
5.683292968750000000e+03 1.549739551544189453e+01 0.000000000000000000e+00
5.684600585937500000e+03 1.409876251220703125e+01 0.000000000000000000e+00
5.685911132812500000e+03 1.246196365356445312e+01 0.000000000000000000e+00
5.687219238281250000e+03 1.124715042114257812e+01 0.000000000000000000e+00
5.688527832031250000e+03 1.325150299072265625e+01 0.000000000000000000e+00
5.689839355468750000e+03 1.613533210754394531e+01 0.000000000000000000e+00
5.691148437500000000e+03 1.692129516601562500e+01 0.000000000000000000e+00
5.692460937500000000e+03 1.703918266296386719e+01 0.000000000000000000e+00
5.693770507812500000e+03 1.504941463470458984e+01 0.000000000000000000e+00
5.695083496093750000e+03 1.368887710571289062e+01 0.000000000000000000e+00
5.696393554687500000e+03 1.443627262115478516e+01 0.000000000000000000e+00
5.697704101562500000e+03 1.579540157318115234e+01 0.000000000000000000e+00
5.699017578125000000e+03 1.662382507324218750e+01 0.000000000000000000e+00
5.700328613281250000e+03 1.810054779052734375e+01 0.000000000000000000e+00
5.701643066406250000e+03 1.774235725402832031e+01 0.000000000000000000e+00
5.702955078125000000e+03 1.676770210266113281e+01 0.000000000000000000e+00
5.704270019531250000e+03 1.668889808654785156e+01 0.000000000000000000e+00
5.705582519531250000e+03 1.724412727355957031e+01 0.000000000000000000e+00
5.706895019531250000e+03 1.698582458496093750e+01 0.000000000000000000e+00
5.708210937500000000e+03 1.516317844390869141e+01 0.000000000000000000e+00
5.709523925781250000e+03 1.398735427856445312e+01 0.000000000000000000e+00
5.710840820312500000e+03 1.584922599792480469e+01 0.000000000000000000e+00
5.712154296875000000e+03 1.545948600769042969e+01 0.000000000000000000e+00
5.713471679687500000e+03 1.415919017791748047e+01 0.000000000000000000e+00
5.714786132812500000e+03 1.523982810974121094e+01 0.000000000000000000e+00
5.716100585937500000e+03 1.573131561279296875e+01 0.000000000000000000e+00
5.717418945312500000e+03 1.555965995788574219e+01 0.000000000000000000e+00
5.718733886718750000e+03 1.440405464172363281e+01 0.000000000000000000e+00
5.720052734375000000e+03 1.482894897460937500e+01 0.000000000000000000e+00
5.721368652343750000e+03 1.612253761291503906e+01 0.000000000000000000e+00
5.722687988281250000e+03 1.598063564300537109e+01 0.000000000000000000e+00
5.724004394531250000e+03 1.466058158874511719e+01 0.000000000000000000e+00
5.725321289062500000e+03 1.388153648376464844e+01 0.000000000000000000e+00
5.726641601562500000e+03 1.484633922576904297e+01 0.000000000000000000e+00
5.727958984375000000e+03 1.403155708312988281e+01 0.000000000000000000e+00
5.729279785156250000e+03 1.277416133880615234e+01 0.000000000000000000e+00
5.730597656250000000e+03 1.428998374938964844e+01 0.000000000000000000e+00
5.731919433593750000e+03 1.636535263061523438e+01 0.000000000000000000e+00
5.733237792968750000e+03 1.382530307769775391e+01 0.000000000000000000e+00
5.734556640625000000e+03 1.438080978393554688e+01 0.000000000000000000e+00
5.735879394531250000e+03 1.400339603424072266e+01 0.000000000000000000e+00
5.737198730468750000e+03 1.298549747467041016e+01 0.000000000000000000e+00
5.738521484375000000e+03 1.371166229248046875e+01 0.000000000000000000e+00
5.739841796875000000e+03 1.345968246459960938e+01 0.000000000000000000e+00
5.741165527343750000e+03 1.474566555023193359e+01 0.000000000000000000e+00
5.742486328125000000e+03 1.411984062194824219e+01 0.000000000000000000e+00
5.743807128906250000e+03 1.282003021240234375e+01 0.000000000000000000e+00
5.745131835937500000e+03 1.224287605285644531e+01 0.000000000000000000e+00
5.746453613281250000e+03 1.269095993041992188e+01 0.000000000000000000e+00
5.747778320312500000e+03 1.349966526031494141e+01 0.000000000000000000e+00
5.749100585937500000e+03 1.156028556823730469e+01 0.000000000000000000e+00
5.750426757812500000e+03 1.282674789428710938e+01 0.000000000000000000e+00
5.751749511718750000e+03 1.234023857116699219e+01 0.000000000000000000e+00
5.753075683593750000e+03 1.126613235473632812e+01 0.000000000000000000e+00
5.754399414062500000e+03 1.256562519073486328e+01 0.000000000000000000e+00
5.755723144531250000e+03 1.208034896850585938e+01 0.000000000000000000e+00
5.757050292968750000e+03 1.360224819183349609e+01 0.000000000000000000e+00
5.758374511718750000e+03 1.213301658630371094e+01 0.000000000000000000e+00
5.759702636718750000e+03 1.104274940490722656e+01 0.000000000000000000e+00
5.761027343750000000e+03 1.173537063598632812e+01 0.000000000000000000e+00
5.762355957031250000e+03 1.244142532348632812e+01 0.000000000000000000e+00
5.763681640625000000e+03 1.229718399047851562e+01 0.000000000000000000e+00
5.765007812500000000e+03 1.168838977813720703e+01 0.000000000000000000e+00
5.766336914062500000e+03 1.117557811737060547e+01 0.000000000000000000e+00
5.767663574218750000e+03 1.128908061981201172e+01 0.000000000000000000e+00
5.768993652343750000e+03 1.188423919677734375e+01 0.000000000000000000e+00
5.770320800781250000e+03 1.219371891021728516e+01 0.000000000000000000e+00
5.771651367187500000e+03 1.157832527160644531e+01 0.000000000000000000e+00
5.772979003906250000e+03 1.102201175689697266e+01 0.000000000000000000e+00
5.774307128906250000e+03 1.167199134826660156e+01 0.000000000000000000e+00
5.775638671875000000e+03 1.134027576446533203e+01 0.000000000000000000e+00
5.776967285156250000e+03 1.075482654571533203e+01 0.000000000000000000e+00
5.778299316406250000e+03 1.137291240692138672e+01 0.000000000000000000e+00
5.779628906250000000e+03 1.134443569183349609e+01 0.000000000000000000e+00
5.780961425781250000e+03 1.150161266326904297e+01 0.000000000000000000e+00
5.782291503906250000e+03 1.223453998565673828e+01 0.000000000000000000e+00
5.783621582031250000e+03 1.212743568420410156e+01 0.000000000000000000e+00
5.784955566406250000e+03 1.149661922454833984e+01 0.000000000000000000e+00
5.786286132812500000e+03 1.105845737457275391e+01 0.000000000000000000e+00
5.787620605468750000e+03 1.013628864288330078e+01 0.000000000000000000e+00
5.788952148437500000e+03 1.129987239837646484e+01 0.000000000000000000e+00
5.790287109375000000e+03 9.667234420776367188e+00 0.000000000000000000e+00
5.791619140625000000e+03 8.847225189208984375e+00 0.000000000000000000e+00
5.792951171875000000e+03 1.083843231201171875e+01 0.000000000000000000e+00
5.794287109375000000e+03 1.237891578674316406e+01 0.000000000000000000e+00
5.795620117187500000e+03 9.638101577758789062e+00 0.000000000000000000e+00
5.796956542968750000e+03 9.903459548950195312e+00 0.000000000000000000e+00
5.798290039062500000e+03 1.027177047729492188e+01 0.000000000000000000e+00
5.799627441406250000e+03 1.022524070739746094e+01 0.000000000000000000e+00
5.800961425781250000e+03 1.039520549774169922e+01 0.000000000000000000e+00
5.802295898437500000e+03 1.102736282348632812e+01 0.000000000000000000e+00
5.803633789062500000e+03 1.148886299133300781e+01 0.000000000000000000e+00
5.804969238281250000e+03 1.045575332641601562e+01 0.000000000000000000e+00
5.806307617187500000e+03 1.116396999359130859e+01 0.000000000000000000e+00
5.807643554687500000e+03 1.115039157867431641e+01 0.000000000000000000e+00
5.808982421875000000e+03 1.075008583068847656e+01 0.000000000000000000e+00
5.810318847656250000e+03 1.132727813720703125e+01 0.000000000000000000e+00
5.811655761718750000e+03 1.036946773529052734e+01 0.000000000000000000e+00
5.812995605468750000e+03 9.947377204895019531e+00 0.000000000000000000e+00
5.814333007812500000e+03 1.095418357849121094e+01 0.000000000000000000e+00
5.815673828125000000e+03 1.136306762695312500e+01 0.000000000000000000e+00
5.817011718750000000e+03 1.084670066833496094e+01 0.000000000000000000e+00
5.818353027343750000e+03 1.072796344757080078e+01 0.000000000000000000e+00
5.819691406250000000e+03 1.125346374511718750e+01 0.000000000000000000e+00
5.821030273437500000e+03 1.075044155120849609e+01 0.000000000000000000e+00
5.822372558593750000e+03 1.056749629974365234e+01 0.000000000000000000e+00
5.823711914062500000e+03 9.795512199401855469e+00 0.000000000000000000e+00
5.825055175781250000e+03 9.918498992919921875e+00 0.000000000000000000e+00
5.826395019531250000e+03 1.137171649932861328e+01 0.000000000000000000e+00
5.827738769531250000e+03 9.854187965393066406e+00 0.000000000000000000e+00
5.829079101562500000e+03 9.832084655761718750e+00 0.000000000000000000e+00
5.830420410156250000e+03 1.069219207763671875e+01 0.000000000000000000e+00
5.831764648437500000e+03 1.057505893707275391e+01 0.000000000000000000e+00
5.833106445312500000e+03 1.007310295104980469e+01 0.000000000000000000e+00
5.834451660156250000e+03 1.018738842010498047e+01 0.000000000000000000e+00
5.835793457031250000e+03 9.747344017028808594e+00 0.000000000000000000e+00
5.837139648437500000e+03 1.109055423736572266e+01 0.000000000000000000e+00
5.838482421875000000e+03 1.077133178710937500e+01 0.000000000000000000e+00
5.839825195312500000e+03 1.015650367736816406e+01 0.000000000000000000e+00
5.841171875000000000e+03 1.022764396667480469e+01 0.000000000000000000e+00
5.842515625000000000e+03 1.009809684753417969e+01 0.000000000000000000e+00
5.843863281250000000e+03 9.267911911010742188e+00 0.000000000000000000e+00
5.845207519531250000e+03 9.551549911499023438e+00 0.000000000000000000e+00
5.846555175781250000e+03 9.729128837585449219e+00 0.000000000000000000e+00
5.847900390625000000e+03 9.903471946716308594e+00 0.000000000000000000e+00
5.849245605468750000e+03 1.043842411041259766e+01 0.000000000000000000e+00
5.850594238281250000e+03 1.092618942260742188e+01 0.000000000000000000e+00
5.851940429687500000e+03 1.045075511932373047e+01 0.000000000000000000e+00
5.853289550781250000e+03 1.015244007110595703e+01 0.000000000000000000e+00
5.854636230468750000e+03 9.685230255126953125e+00 0.000000000000000000e+00
5.855986328125000000e+03 9.903140068054199219e+00 0.000000000000000000e+00
5.857333496093750000e+03 1.029053783416748047e+01 0.000000000000000000e+00
5.858684082031250000e+03 1.012655925750732422e+01 0.000000000000000000e+00
5.860032226562500000e+03 1.050661849975585938e+01 0.000000000000000000e+00
5.861380371093750000e+03 9.742216110229492188e+00 0.000000000000000000e+00
5.862731933593750000e+03 1.015120029449462891e+01 0.000000000000000000e+00
5.864080566406250000e+03 1.015678787231445312e+01 0.000000000000000000e+00
5.865432617187500000e+03 9.243364334106445312e+00 0.000000000000000000e+00
5.866782226562500000e+03 8.859090805053710938e+00 0.000000000000000000e+00
5.868134765625000000e+03 9.655106544494628906e+00 0.000000000000000000e+00
5.869484863281250000e+03 9.797493934631347656e+00 0.000000000000000000e+00
5.870834960937500000e+03 9.132363319396972656e+00 0.000000000000000000e+00
5.872188964843750000e+03 9.690407752990722656e+00 0.000000000000000000e+00
5.873540039062500000e+03 1.065294456481933594e+01 0.000000000000000000e+00
5.874894042968750000e+03 1.019841384887695312e+01 0.000000000000000000e+00
5.876245605468750000e+03 9.833342552185058594e+00 0.000000000000000000e+00
5.877600585937500000e+03 9.506233215332031250e+00 0.000000000000000000e+00
5.878953125000000000e+03 9.303586006164550781e+00 0.000000000000000000e+00
5.880305175781250000e+03 1.028367805480957031e+01 0.000000000000000000e+00
5.881661132812500000e+03 1.099586200714111328e+01 0.000000000000000000e+00
5.883014648437500000e+03 1.011233425140380859e+01 0.000000000000000000e+00
5.884371093750000000e+03 1.014998531341552734e+01 0.000000000000000000e+00
5.885724609375000000e+03 8.887103080749511719e+00 0.000000000000000000e+00
5.887082031250000000e+03 9.587016105651855469e+00 0.000000000000000000e+00
5.888436523437500000e+03 1.008619213104248047e+01 0.000000000000000000e+00
5.889791015625000000e+03 9.530241966247558594e+00 0.000000000000000000e+00
5.891148925781250000e+03 8.762814521789550781e+00 0.000000000000000000e+00
5.892504394531250000e+03 7.597825527191162109e+00 0.000000000000000000e+00
5.893863281250000000e+03 1.068926525115966797e+01 0.000000000000000000e+00
5.895219238281250000e+03 1.038484001159667969e+01 0.000000000000000000e+00
5.896578613281250000e+03 9.341534614562988281e+00 0.000000000000000000e+00
5.897935058593750000e+03 9.651768684387207031e+00 0.000000000000000000e+00
5.899291992187500000e+03 9.697328567504882812e+00 0.000000000000000000e+00
5.900652343750000000e+03 9.188307762145996094e+00 0.000000000000000000e+00
5.902009765625000000e+03 1.094456672668457031e+01 0.000000000000000000e+00
5.903370605468750000e+03 8.129547119140625000e+00 0.000000000000000000e+00
5.904728515625000000e+03 6.600178718566894531e+00 0.000000000000000000e+00
5.906090332031250000e+03 9.082345962524414062e+00 0.000000000000000000e+00
5.907448730468750000e+03 1.105806922912597656e+01 0.000000000000000000e+00
5.908808105468750000e+03 9.164639472961425781e+00 0.000000000000000000e+00
5.910170410156250000e+03 9.761798858642578125e+00 0.000000000000000000e+00
5.911530273437500000e+03 9.232901573181152344e+00 0.000000000000000000e+00
5.912893066406250000e+03 8.783503532409667969e+00 0.000000000000000000e+00
5.914253417968750000e+03 9.292052268981933594e+00 0.000000000000000000e+00
5.915617187500000000e+03 9.287023544311523438e+00 0.000000000000000000e+00
5.916978027343750000e+03 8.061077117919921875e+00 0.000000000000000000e+00
5.918339355468750000e+03 9.339663505554199219e+00 0.000000000000000000e+00
5.919704101562500000e+03 9.343091964721679688e+00 0.000000000000000000e+00
5.921065917968750000e+03 9.294111251831054688e+00 0.000000000000000000e+00
5.922431152343750000e+03 9.766464233398437500e+00 0.000000000000000000e+00
5.923793945312500000e+03 1.011951160430908203e+01 0.000000000000000000e+00
5.925159667968750000e+03 1.111027908325195312e+01 0.000000000000000000e+00
5.926522949218750000e+03 8.959433555603027344e+00 0.000000000000000000e+00
5.927886230468750000e+03 8.629821777343750000e+00 0.000000000000000000e+00
5.929253417968750000e+03 9.492112159729003906e+00 0.000000000000000000e+00
5.930617187500000000e+03 1.001165103912353516e+01 0.000000000000000000e+00
5.931984863281250000e+03 1.011708831787109375e+01 0.000000000000000000e+00
5.933349609375000000e+03 9.978067398071289062e+00 0.000000000000000000e+00
5.934717773437500000e+03 9.654321670532226562e+00 0.000000000000000000e+00
5.936083007812500000e+03 9.503464698791503906e+00 0.000000000000000000e+00
5.937448730468750000e+03 9.937970161437988281e+00 0.000000000000000000e+00
5.938817871093750000e+03 1.032246494293212891e+01 0.000000000000000000e+00
5.940184082031250000e+03 9.876657485961914062e+00 0.000000000000000000e+00
5.941553710937500000e+03 9.357331275939941406e+00 0.000000000000000000e+00
5.942920410156250000e+03 8.858320236206054688e+00 0.000000000000000000e+00
5.944291015625000000e+03 8.310593605041503906e+00 0.000000000000000000e+00
5.945658691406250000e+03 8.962938308715820312e+00 0.000000000000000000e+00
5.947026367187500000e+03 1.028909492492675781e+01 0.000000000000000000e+00
5.948397460937500000e+03 1.060519504547119141e+01 0.000000000000000000e+00
5.949766113281250000e+03 1.024017238616943359e+01 0.000000000000000000e+00
5.951138183593750000e+03 1.035204696655273438e+01 0.000000000000000000e+00
5.952507324218750000e+03 1.057369232177734375e+01 0.000000000000000000e+00
5.953879882812500000e+03 1.052845382690429688e+01 0.000000000000000000e+00
5.955249511718750000e+03 9.973485946655273438e+00 0.000000000000000000e+00
5.956622558593750000e+03 8.871722221374511719e+00 0.000000000000000000e+00
5.957993164062500000e+03 7.994222640991210938e+00 0.000000000000000000e+00
5.959363769531250000e+03 9.571289062500000000e+00 0.000000000000000000e+00
5.960737792968750000e+03 9.462505340576171875e+00 0.000000000000000000e+00
5.962109375000000000e+03 8.980251312255859375e+00 0.000000000000000000e+00
5.963483886718750000e+03 9.821537971496582031e+00 0.000000000000000000e+00
5.964855957031250000e+03 1.098934555053710938e+01 0.000000000000000000e+00
5.966231445312500000e+03 1.051863098144531250e+01 0.000000000000000000e+00
5.967604003906250000e+03 1.128282165527343750e+01 0.000000000000000000e+00
5.968976562500000000e+03 9.525475502014160156e+00 0.000000000000000000e+00
5.970353027343750000e+03 9.287284851074218750e+00 0.000000000000000000e+00
5.971726562500000000e+03 1.036198806762695312e+01 0.000000000000000000e+00
5.973103515625000000e+03 8.958210945129394531e+00 0.000000000000000000e+00
5.974478027343750000e+03 8.166735649108886719e+00 0.000000000000000000e+00
5.975855468750000000e+03 9.667192459106445312e+00 0.000000000000000000e+00
5.977230468750000000e+03 1.004843330383300781e+01 0.000000000000000000e+00
5.978605468750000000e+03 9.682479858398437500e+00 0.000000000000000000e+00
5.979983886718750000e+03 9.231441497802734375e+00 0.000000000000000000e+00
5.981359863281250000e+03 8.749784469604492188e+00 0.000000000000000000e+00
5.982738769531250000e+03 9.263154983520507812e+00 0.000000000000000000e+00
5.984115234375000000e+03 9.400497436523437500e+00 0.000000000000000000e+00
5.985495117187500000e+03 8.739319801330566406e+00 0.000000000000000000e+00
5.986872070312500000e+03 8.522305488586425781e+00 0.000000000000000000e+00
5.988249511718750000e+03 9.090690612792968750e+00 0.000000000000000000e+00
5.989630371093750000e+03 9.625685691833496094e+00 0.000000000000000000e+00
5.991008300781250000e+03 9.661656379699707031e+00 0.000000000000000000e+00
5.992389648437500000e+03 9.025082588195800781e+00 0.000000000000000000e+00
5.993768066406250000e+03 1.016405963897705078e+01 0.000000000000000000e+00
5.995150390625000000e+03 9.765634536743164062e+00 0.000000000000000000e+00
5.996529785156250000e+03 8.756514549255371094e+00 0.000000000000000000e+00
5.997909179687500000e+03 1.029790592193603516e+01 0.000000000000000000e+00
5.999291992187500000e+03 9.970831871032714844e+00 0.000000000000000000e+00
6.000672363281250000e+03 8.951212882995605469e+00 0.000000000000000000e+00
6.002056152343750000e+03 8.666132926940917969e+00 0.000000000000000000e+00
6.003437011718750000e+03 9.826999664306640625e+00 0.000000000000000000e+00
6.004821289062500000e+03 1.053346157073974609e+01 0.000000000000000000e+00
6.006202636718750000e+03 9.118171691894531250e+00 0.000000000000000000e+00
6.007584472656250000e+03 8.981854438781738281e+00 0.000000000000000000e+00
6.008969726562500000e+03 1.058473110198974609e+01 0.000000000000000000e+00
6.010352050781250000e+03 1.026721572875976562e+01 0.000000000000000000e+00
6.011737792968750000e+03 9.699037551879882812e+00 0.000000000000000000e+00
6.013121093750000000e+03 9.792658805847167969e+00 0.000000000000000000e+00
6.014507812500000000e+03 9.514844894409179688e+00 0.000000000000000000e+00
6.015891113281250000e+03 9.575714111328125000e+00 0.000000000000000000e+00
6.017275390625000000e+03 9.384891510009765625e+00 0.000000000000000000e+00
6.018662597656250000e+03 1.000839710235595703e+01 0.000000000000000000e+00
6.020047363281250000e+03 1.030055141448974609e+01 0.000000000000000000e+00
6.021435546875000000e+03 9.687867164611816406e+00 0.000000000000000000e+00
6.022820800781250000e+03 9.363212585449218750e+00 0.000000000000000000e+00
6.024209472656250000e+03 1.023158550262451172e+01 0.000000000000000000e+00
6.025595703125000000e+03 8.542109489440917969e+00 0.000000000000000000e+00
6.026981445312500000e+03 9.145218849182128906e+00 0.000000000000000000e+00
6.028371582031250000e+03 1.011465930938720703e+01 0.000000000000000000e+00
6.029758300781250000e+03 9.586159706115722656e+00 0.000000000000000000e+00
6.031148925781250000e+03 9.106517791748046875e+00 0.000000000000000000e+00
6.032536132812500000e+03 1.004561424255371094e+01 0.000000000000000000e+00
6.033927246093750000e+03 9.690583229064941406e+00 0.000000000000000000e+00
6.035315429687500000e+03 9.452119827270507812e+00 0.000000000000000000e+00
6.036703613281250000e+03 9.489778518676757812e+00 0.000000000000000000e+00
6.038095703125000000e+03 9.496725082397460938e+00 0.000000000000000000e+00
6.039484863281250000e+03 9.672209739685058594e+00 0.000000000000000000e+00
6.040877441406250000e+03 1.017454528808593750e+01 0.000000000000000000e+00
6.042267089843750000e+03 9.010885238647460938e+00 0.000000000000000000e+00
6.043660644531250000e+03 9.371874809265136719e+00 0.000000000000000000e+00
6.045050781250000000e+03 9.982726097106933594e+00 0.000000000000000000e+00
6.046441406250000000e+03 9.926374435424804688e+00 0.000000000000000000e+00
6.047835937500000000e+03 1.012792396545410156e+01 0.000000000000000000e+00
6.049227050781250000e+03 1.021699142456054688e+01 0.000000000000000000e+00
6.050622070312500000e+03 9.846909523010253906e+00 0.000000000000000000e+00
6.052014160156250000e+03 9.491668701171875000e+00 0.000000000000000000e+00
6.053409667968750000e+03 9.637082099914550781e+00 0.000000000000000000e+00
6.054802246093750000e+03 9.856874465942382812e+00 0.000000000000000000e+00
6.056195312500000000e+03 9.294713973999023438e+00 0.000000000000000000e+00
6.057591796875000000e+03 8.428140640258789062e+00 0.000000000000000000e+00
6.058985351562500000e+03 9.165298461914062500e+00 0.000000000000000000e+00
6.060382324218750000e+03 9.203480720520019531e+00 0.000000000000000000e+00
6.061776367187500000e+03 9.199337005615234375e+00 0.000000000000000000e+00
6.063174316406250000e+03 9.377053260803222656e+00 0.000000000000000000e+00
6.064569335937500000e+03 8.899734497070312500e+00 0.000000000000000000e+00
6.065967773437500000e+03 8.745470046997070312e+00 0.000000000000000000e+00
6.067363281250000000e+03 8.975238800048828125e+00 0.000000000000000000e+00
6.068758789062500000e+03 9.573593139648437500e+00 0.000000000000000000e+00
6.070158203125000000e+03 9.564631462097167969e+00 0.000000000000000000e+00
6.071554687500000000e+03 9.458302497863769531e+00 0.000000000000000000e+00
6.072955078125000000e+03 1.017143154144287109e+01 0.000000000000000000e+00
6.074352050781250000e+03 9.623514175415039062e+00 0.000000000000000000e+00
6.075752929687500000e+03 8.621575355529785156e+00 0.000000000000000000e+00
6.077150390625000000e+03 9.097141265869140625e+00 0.000000000000000000e+00
6.078548339843750000e+03 9.157935142517089844e+00 0.000000000000000000e+00
6.079950195312500000e+03 8.416881561279296875e+00 0.000000000000000000e+00
6.081349121093750000e+03 8.606628417968750000e+00 0.000000000000000000e+00
6.082751464843750000e+03 8.980407714843750000e+00 0.000000000000000000e+00
6.084150390625000000e+03 8.738016128540039062e+00 0.000000000000000000e+00
6.085553710937500000e+03 9.299865722656250000e+00 0.000000000000000000e+00
6.086953613281250000e+03 9.789516448974609375e+00 0.000000000000000000e+00
6.088354003906250000e+03 9.358420372009277344e+00 0.000000000000000000e+00
6.089757812500000000e+03 8.698796272277832031e+00 0.000000000000000000e+00
6.091158691406250000e+03 9.083240509033203125e+00 0.000000000000000000e+00
6.092563476562500000e+03 9.416202545166015625e+00 0.000000000000000000e+00
6.093964843750000000e+03 9.688718795776367188e+00 0.000000000000000000e+00
6.095370117187500000e+03 9.757247924804687500e+00 0.000000000000000000e+00
6.096772460937500000e+03 9.681218147277832031e+00 0.000000000000000000e+00
6.098174804687500000e+03 9.678228378295898438e+00 0.000000000000000000e+00
6.099581054687500000e+03 9.647313117980957031e+00 0.000000000000000000e+00
6.100984375000000000e+03 1.033159732818603516e+01 0.000000000000000000e+00
6.102391113281250000e+03 9.711525917053222656e+00 0.000000000000000000e+00
6.103794921875000000e+03 8.402727127075195312e+00 0.000000000000000000e+00
6.105202636718750000e+03 8.645223617553710938e+00 0.000000000000000000e+00
6.106606933593750000e+03 1.046128559112548828e+01 0.000000000000000000e+00
6.108011718750000000e+03 9.200214385986328125e+00 0.000000000000000000e+00
6.109420410156250000e+03 9.597699165344238281e+00 0.000000000000000000e+00
6.110825683593750000e+03 9.784081459045410156e+00 0.000000000000000000e+00
6.112234863281250000e+03 9.325479507446289062e+00 0.000000000000000000e+00
6.113641113281250000e+03 9.097197532653808594e+00 0.000000000000000000e+00
6.115050781250000000e+03 9.429189682006835938e+00 0.000000000000000000e+00
6.116457519531250000e+03 9.278045654296875000e+00 0.000000000000000000e+00
6.117864746093750000e+03 9.399126052856445312e+00 0.000000000000000000e+00
6.119275390625000000e+03 9.325081825256347656e+00 0.000000000000000000e+00
6.120683105468750000e+03 9.708957672119140625e+00 0.000000000000000000e+00
6.122094726562500000e+03 9.922358512878417969e+00 0.000000000000000000e+00
6.123502929687500000e+03 8.876380920410156250e+00 0.000000000000000000e+00
6.124915039062500000e+03 8.789626121520996094e+00 0.000000000000000000e+00
6.126324218750000000e+03 9.245519638061523438e+00 0.000000000000000000e+00
6.127733398437500000e+03 1.064854526519775391e+01 0.000000000000000000e+00
6.129146484375000000e+03 1.061333084106445312e+01 0.000000000000000000e+00
6.130556640625000000e+03 8.870221138000488281e+00 0.000000000000000000e+00
6.131970214843750000e+03 8.303359985351562500e+00 0.000000000000000000e+00
6.133380859375000000e+03 9.795081138610839844e+00 0.000000000000000000e+00
6.134795410156250000e+03 9.158043861389160156e+00 0.000000000000000000e+00
6.136206542968750000e+03 8.336620330810546875e+00 0.000000000000000000e+00
6.137618164062500000e+03 8.203305244445800781e+00 0.000000000000000000e+00
6.139033691406250000e+03 8.870203018188476562e+00 0.000000000000000000e+00
6.140445800781250000e+03 1.014993190765380859e+01 0.000000000000000000e+00
6.141861816406250000e+03 1.040225601196289062e+01 0.000000000000000000e+00
6.143274902343750000e+03 8.528966903686523438e+00 0.000000000000000000e+00
6.144691406250000000e+03 9.141641616821289062e+00 0.000000000000000000e+00
6.146104980468750000e+03 9.331512451171875000e+00 0.000000000000000000e+00
6.147518554687500000e+03 8.381752967834472656e+00 0.000000000000000000e+00
6.148936523437500000e+03 9.245347023010253906e+00 0.000000000000000000e+00
6.150351074218750000e+03 9.073124885559082031e+00 0.000000000000000000e+00
6.151769042968750000e+03 1.004777717590332031e+01 0.000000000000000000e+00
6.153184570312500000e+03 8.444790840148925781e+00 0.000000000000000000e+00
6.154603515625000000e+03 7.924662590026855469e+00 0.000000000000000000e+00
6.156019042968750000e+03 9.461215019226074219e+00 0.000000000000000000e+00
6.157435546875000000e+03 9.370960235595703125e+00 0.000000000000000000e+00
6.158855468750000000e+03 9.468379974365234375e+00 0.000000000000000000e+00
6.160271972656250000e+03 9.432544708251953125e+00 0.000000000000000000e+00
6.161692871093750000e+03 9.387221336364746094e+00 0.000000000000000000e+00
6.163110351562500000e+03 9.324728965759277344e+00 0.000000000000000000e+00
6.164531250000000000e+03 9.412901878356933594e+00 0.000000000000000000e+00
6.165949707031250000e+03 9.523658752441406250e+00 0.000000000000000000e+00
6.167368164062500000e+03 8.459383010864257812e+00 0.000000000000000000e+00
6.168790039062500000e+03 8.012276649475097656e+00 0.000000000000000000e+00
6.170209472656250000e+03 8.836645126342773438e+00 0.000000000000000000e+00
6.171632324218750000e+03 9.341189384460449219e+00 0.000000000000000000e+00
6.173051757812500000e+03 8.816070556640625000e+00 0.000000000000000000e+00
6.174475585937500000e+03 8.275210380554199219e+00 0.000000000000000000e+00
6.175895996093750000e+03 8.096045494079589844e+00 0.000000000000000000e+00
6.177319824218750000e+03 7.531460285186767578e+00 0.000000000000000000e+00
6.178741210937500000e+03 8.214980125427246094e+00 0.000000000000000000e+00
6.180162597656250000e+03 8.910004615783691406e+00 0.000000000000000000e+00
6.181587402343750000e+03 8.650869369506835938e+00 0.000000000000000000e+00
6.183009765625000000e+03 8.527547836303710938e+00 0.000000000000000000e+00
6.184435546875000000e+03 9.324705123901367188e+00 0.000000000000000000e+00
6.185857910156250000e+03 8.377338409423828125e+00 0.000000000000000000e+00
6.187284667968750000e+03 8.439816474914550781e+00 0.000000000000000000e+00
6.188708007812500000e+03 8.254251480102539062e+00 0.000000000000000000e+00
6.190131835937500000e+03 7.707919120788574219e+00 0.000000000000000000e+00
6.191559082031250000e+03 8.683693885803222656e+00 0.000000000000000000e+00
6.192983398437500000e+03 8.550328254699707031e+00 0.000000000000000000e+00
6.194411621093750000e+03 7.856812953948974609e+00 0.000000000000000000e+00
6.195836425781250000e+03 8.520530700683593750e+00 0.000000000000000000e+00
6.197265136718750000e+03 8.808882713317871094e+00 0.000000000000000000e+00
6.198690917968750000e+03 8.090889930725097656e+00 0.000000000000000000e+00
6.200117187500000000e+03 8.122620582580566406e+00 0.000000000000000000e+00
6.201546875000000000e+03 8.498636245727539062e+00 0.000000000000000000e+00
6.202973144531250000e+03 8.635153770446777344e+00 0.000000000000000000e+00
6.204403808593750000e+03 9.177775382995605469e+00 0.000000000000000000e+00
6.205831054687500000e+03 8.877793312072753906e+00 0.000000000000000000e+00
6.207262207031250000e+03 7.374182701110839844e+00 0.000000000000000000e+00
6.208689941406250000e+03 6.628345489501953125e+00 0.000000000000000000e+00
6.210118164062500000e+03 8.204220771789550781e+00 0.000000000000000000e+00
6.211550292968750000e+03 8.218675613403320312e+00 0.000000000000000000e+00
6.212979492187500000e+03 8.641852378845214844e+00 0.000000000000000000e+00
6.214412109375000000e+03 8.638909339904785156e+00 0.000000000000000000e+00
6.215841796875000000e+03 7.627619743347167969e+00 0.000000000000000000e+00
6.217274902343750000e+03 7.211616039276123047e+00 0.000000000000000000e+00
6.218705566406250000e+03 7.989468097686767578e+00 0.000000000000000000e+00
6.220135742187500000e+03 8.826324462890625000e+00 0.000000000000000000e+00
6.221570312500000000e+03 8.368451118469238281e+00 0.000000000000000000e+00
6.223001464843750000e+03 8.097525596618652344e+00 0.000000000000000000e+00
6.224436523437500000e+03 8.405453681945800781e+00 0.000000000000000000e+00
6.225868652343750000e+03 8.255470275878906250e+00 0.000000000000000000e+00
6.227304199218750000e+03 9.387926101684570312e+00 0.000000000000000000e+00
6.228736816406250000e+03 8.395694732666015625e+00 0.000000000000000000e+00
6.230169433593750000e+03 8.500534057617187500e+00 0.000000000000000000e+00
6.231606445312500000e+03 9.087423324584960938e+00 0.000000000000000000e+00
6.233040039062500000e+03 8.686820983886718750e+00 0.000000000000000000e+00
6.234477050781250000e+03 7.945278644561767578e+00 0.000000000000000000e+00
6.235911621093750000e+03 7.906294822692871094e+00 0.000000000000000000e+00
6.237349609375000000e+03 7.610049247741699219e+00 0.000000000000000000e+00
6.238784179687500000e+03 7.519266605377197266e+00 0.000000000000000000e+00
6.240219726562500000e+03 7.302099227905273438e+00 0.000000000000000000e+00
6.241658691406250000e+03 7.824272632598876953e+00 0.000000000000000000e+00
6.243094238281250000e+03 9.479023933410644531e+00 0.000000000000000000e+00
6.244534179687500000e+03 7.558405399322509766e+00 0.000000000000000000e+00
6.245970703125000000e+03 8.891666412353515625e+00 0.000000000000000000e+00
6.247411132812500000e+03 9.600949287414550781e+00 0.000000000000000000e+00
6.248848144531250000e+03 8.575312614440917969e+00 0.000000000000000000e+00
6.250285644531250000e+03 7.980842113494873047e+00 0.000000000000000000e+00
6.251727050781250000e+03 8.902780532836914062e+00 0.000000000000000000e+00
6.253165039062500000e+03 7.841352939605712891e+00 0.000000000000000000e+00
6.254606933593750000e+03 8.192745208740234375e+00 0.000000000000000000e+00
6.256045898437500000e+03 7.273297786712646484e+00 0.000000000000000000e+00
6.257488769531250000e+03 7.072645664215087891e+00 0.000000000000000000e+00
6.258928222656250000e+03 8.767784118652343750e+00 0.000000000000000000e+00
6.260368164062500000e+03 9.503223419189453125e+00 0.000000000000000000e+00
6.261811523437500000e+03 8.366085052490234375e+00 0.000000000000000000e+00
6.263251953125000000e+03 9.465939521789550781e+00 0.000000000000000000e+00
6.264696289062500000e+03 9.278238296508789062e+00 0.000000000000000000e+00
6.266137695312500000e+03 7.999353885650634766e+00 0.000000000000000000e+00
6.267582519531250000e+03 7.841685771942138672e+00 0.000000000000000000e+00
6.269024414062500000e+03 9.033627510070800781e+00 0.000000000000000000e+00
6.270466796875000000e+03 8.748509407043457031e+00 0.000000000000000000e+00
6.271912597656250000e+03 8.450514793395996094e+00 0.000000000000000000e+00
6.273355468750000000e+03 8.714990615844726562e+00 0.000000000000000000e+00
6.274802246093750000e+03 9.023343086242675781e+00 0.000000000000000000e+00
6.276245605468750000e+03 8.499849319458007812e+00 0.000000000000000000e+00
6.277692871093750000e+03 7.711469650268554688e+00 0.000000000000000000e+00
6.279137207031250000e+03 9.737936019897460938e+00 0.000000000000000000e+00
6.280581542968750000e+03 8.210693359375000000e+00 0.000000000000000000e+00
6.282029785156250000e+03 8.363533020019531250e+00 0.000000000000000000e+00
6.283475097656250000e+03 9.321152687072753906e+00 0.000000000000000000e+00
6.284923828125000000e+03 8.713665008544921875e+00 0.000000000000000000e+00
6.286369628906250000e+03 7.805013656616210938e+00 0.000000000000000000e+00
6.287819335937500000e+03 8.100313186645507812e+00 0.000000000000000000e+00
6.289266113281250000e+03 8.111999511718750000e+00 0.000000000000000000e+00
6.290716308593750000e+03 8.406370162963867188e+00 0.000000000000000000e+00
6.292163574218750000e+03 8.734714508056640625e+00 0.000000000000000000e+00
6.293610839843750000e+03 8.686470985412597656e+00 0.000000000000000000e+00
6.295062011718750000e+03 8.321709632873535156e+00 0.000000000000000000e+00
6.296510253906250000e+03 7.428108215332031250e+00 0.000000000000000000e+00
6.297962402343750000e+03 6.589190006256103516e+00 0.000000000000000000e+00
6.299411132812500000e+03 1.142377758026123047e+01 0.000000000000000000e+00
6.300863769531250000e+03 1.651539993286132812e+01 0.000000000000000000e+00
6.302313476562500000e+03 1.360134887695312500e+01 0.000000000000000000e+00
6.303763183593750000e+03 4.593434810638427734e+00 0.000000000000000000e+00
6.305216796875000000e+03 6.169269561767578125e+00 0.000000000000000000e+00
6.306667480468750000e+03 8.068465232849121094e+00 0.000000000000000000e+00
6.308121582031250000e+03 8.173929214477539062e+00 0.000000000000000000e+00
6.309572753906250000e+03 7.816224098205566406e+00 0.000000000000000000e+00
6.311027832031250000e+03 7.897880554199218750e+00 0.000000000000000000e+00
6.312479492187500000e+03 8.207489013671875000e+00 0.000000000000000000e+00
6.313931640625000000e+03 8.468210220336914062e+00 0.000000000000000000e+00
6.315387695312500000e+03 7.541059494018554688e+00 0.000000000000000000e+00
6.316840332031250000e+03 7.910248279571533203e+00 0.000000000000000000e+00
6.318297363281250000e+03 8.301010131835937500e+00 0.000000000000000000e+00
6.319750976562500000e+03 7.745604038238525391e+00 0.000000000000000000e+00
6.321208007812500000e+03 7.802289009094238281e+00 0.000000000000000000e+00
6.322662109375000000e+03 7.833321571350097656e+00 0.000000000000000000e+00
6.324116699218750000e+03 7.687913417816162109e+00 0.000000000000000000e+00
6.325575195312500000e+03 7.911402225494384766e+00 0.000000000000000000e+00
6.327030273437500000e+03 8.861000061035156250e+00 0.000000000000000000e+00
6.328489257812500000e+03 9.443870544433593750e+00 0.000000000000000000e+00
6.329945312500000000e+03 8.629507064819335938e+00 0.000000000000000000e+00
6.331404785156250000e+03 9.454056739807128906e+00 0.000000000000000000e+00
6.332861328125000000e+03 7.797202587127685547e+00 0.000000000000000000e+00
6.334318359375000000e+03 7.566283226013183594e+00 0.000000000000000000e+00
6.335778808593750000e+03 7.820590496063232422e+00 0.000000000000000000e+00
6.337236328125000000e+03 7.060323238372802734e+00 0.000000000000000000e+00
6.338697753906250000e+03 7.083673477172851562e+00 0.000000000000000000e+00
6.340155761718750000e+03 8.023559570312500000e+00 0.000000000000000000e+00
6.341618164062500000e+03 8.733355522155761719e+00 0.000000000000000000e+00
6.343076660156250000e+03 9.041839599609375000e+00 0.000000000000000000e+00
6.344536132812500000e+03 9.183094978332519531e+00 0.000000000000000000e+00
6.345999023437500000e+03 9.106070518493652344e+00 0.000000000000000000e+00
6.347458984375000000e+03 8.345311164855957031e+00 0.000000000000000000e+00
6.348922851562500000e+03 7.085724830627441406e+00 0.000000000000000000e+00
6.350383300781250000e+03 8.435544967651367188e+00 0.000000000000000000e+00
6.351847656250000000e+03 8.903360366821289062e+00 0.000000000000000000e+00
6.353309082031250000e+03 8.005106925964355469e+00 0.000000000000000000e+00
6.354770507812500000e+03 7.512231349945068359e+00 0.000000000000000000e+00
6.356235839843750000e+03 8.087832450866699219e+00 0.000000000000000000e+00
6.357698242187500000e+03 7.850103855133056641e+00 0.000000000000000000e+00
6.359164062500000000e+03 7.744918823242187500e+00 0.000000000000000000e+00
6.360626953125000000e+03 7.431317329406738281e+00 0.000000000000000000e+00
6.362093750000000000e+03 7.521900653839111328e+00 0.000000000000000000e+00
6.363557617187500000e+03 8.955817222595214844e+00 0.000000000000000000e+00
6.365021484375000000e+03 1.050391006469726562e+01 0.000000000000000000e+00
6.366489257812500000e+03 7.623732566833496094e+00 0.000000000000000000e+00
6.367953613281250000e+03 8.445205688476562500e+00 0.000000000000000000e+00
6.369422363281250000e+03 8.225245475769042969e+00 0.000000000000000000e+00
6.370887695312500000e+03 7.108068943023681641e+00 0.000000000000000000e+00
6.372356445312500000e+03 7.752118587493896484e+00 0.000000000000000000e+00
6.373822753906250000e+03 9.291262626647949219e+00 0.000000000000000000e+00
6.375288574218750000e+03 8.241465568542480469e+00 0.000000000000000000e+00
6.376758789062500000e+03 7.823287010192871094e+00 0.000000000000000000e+00
6.378226074218750000e+03 7.869667053222656250e+00 0.000000000000000000e+00
6.379696777343750000e+03 8.402373313903808594e+00 0.000000000000000000e+00
6.381164550781250000e+03 8.625452041625976562e+00 0.000000000000000000e+00
6.382635742187500000e+03 7.434780597686767578e+00 0.000000000000000000e+00
6.384104003906250000e+03 8.037128448486328125e+00 0.000000000000000000e+00
6.385572753906250000e+03 7.937440872192382812e+00 0.000000000000000000e+00
6.387045410156250000e+03 8.819060325622558594e+00 0.000000000000000000e+00
6.388514648437500000e+03 9.063255310058593750e+00 0.000000000000000000e+00
6.389987792968750000e+03 8.368542671203613281e+00 0.000000000000000000e+00
6.391458007812500000e+03 9.137258529663085938e+00 0.000000000000000000e+00
6.392931640625000000e+03 7.629329204559326172e+00 0.000000000000000000e+00
6.394402343750000000e+03 8.205032348632812500e+00 0.000000000000000000e+00
6.395873535156250000e+03 8.710760116577148438e+00 0.000000000000000000e+00
6.397348144531250000e+03 8.739886283874511719e+00 0.000000000000000000e+00
6.398819824218750000e+03 8.733829498291015625e+00 0.000000000000000000e+00
6.400295410156250000e+03 8.200586318969726562e+00 0.000000000000000000e+00
6.401768066406250000e+03 8.130371093750000000e+00 0.000000000000000000e+00
6.403244140625000000e+03 8.645094871520996094e+00 0.000000000000000000e+00
6.404717285156250000e+03 8.564971923828125000e+00 0.000000000000000000e+00
6.406194335937500000e+03 8.148967742919921875e+00 0.000000000000000000e+00
6.407667968750000000e+03 8.130504608154296875e+00 0.000000000000000000e+00
6.409142089843750000e+03 8.551034927368164062e+00 0.000000000000000000e+00
6.410619628906250000e+03 9.097134590148925781e+00 0.000000000000000000e+00
6.412094726562500000e+03 8.523724555969238281e+00 0.000000000000000000e+00
6.413573242187500000e+03 8.773942947387695312e+00 0.000000000000000000e+00
6.415048828125000000e+03 8.531438827514648438e+00 0.000000000000000000e+00
6.416527832031250000e+03 7.574419498443603516e+00 0.000000000000000000e+00
6.418003906250000000e+03 8.534072875976562500e+00 0.000000000000000000e+00
6.419480468750000000e+03 8.674585342407226562e+00 0.000000000000000000e+00
6.420960937500000000e+03 8.059824943542480469e+00 0.000000000000000000e+00
6.422437988281250000e+03 8.479500770568847656e+00 0.000000000000000000e+00
6.423918945312500000e+03 8.740348815917968750e+00 0.000000000000000000e+00
6.425396972656250000e+03 8.331682205200195312e+00 0.000000000000000000e+00
6.426878417968750000e+03 8.921621322631835938e+00 0.000000000000000000e+00
6.428356933593750000e+03 8.323338508605957031e+00 0.000000000000000000e+00
6.429835937500000000e+03 8.530568122863769531e+00 0.000000000000000000e+00
6.431318359375000000e+03 8.652882575988769531e+00 0.000000000000000000e+00
6.432797851562500000e+03 8.628473281860351562e+00 0.000000000000000000e+00
6.434281250000000000e+03 8.331408500671386719e+00 0.000000000000000000e+00
6.435761718750000000e+03 7.436373710632324219e+00 0.000000000000000000e+00
6.437245605468750000e+03 8.655261993408203125e+00 0.000000000000000000e+00
6.438726562500000000e+03 8.476436614990234375e+00 0.000000000000000000e+00
6.440208007812500000e+03 8.650273323059082031e+00 0.000000000000000000e+00
6.441692871093750000e+03 8.778315544128417969e+00 0.000000000000000000e+00
6.443174804687500000e+03 7.814095020294189453e+00 0.000000000000000000e+00
6.444660644531250000e+03 7.026158809661865234e+00 0.000000000000000000e+00
6.446143066406250000e+03 8.186805725097656250e+00 0.000000000000000000e+00
6.447629394531250000e+03 8.783653259277343750e+00 0.000000000000000000e+00
6.449112792968750000e+03 8.526583671569824219e+00 0.000000000000000000e+00
6.450596679687500000e+03 8.375269889831542969e+00 0.000000000000000000e+00
6.452083984375000000e+03 8.742448806762695312e+00 0.000000000000000000e+00
6.453568359375000000e+03 8.845913887023925781e+00 0.000000000000000000e+00
6.455056640625000000e+03 8.329203605651855469e+00 0.000000000000000000e+00
6.456541503906250000e+03 8.586264610290527344e+00 0.000000000000000000e+00
6.458030273437500000e+03 8.093480110168457031e+00 0.000000000000000000e+00
6.459516113281250000e+03 7.469128131866455078e+00 0.000000000000000000e+00
6.461001953125000000e+03 7.743640899658203125e+00 0.000000000000000000e+00
6.462491699218750000e+03 8.162483215332031250e+00 0.000000000000000000e+00
6.463978515625000000e+03 8.099307060241699219e+00 0.000000000000000000e+00
6.465469238281250000e+03 7.336308956146240234e+00 0.000000000000000000e+00
6.466956542968750000e+03 7.650577545166015625e+00 0.000000000000000000e+00
6.468447753906250000e+03 8.144371986389160156e+00 0.000000000000000000e+00
6.469936035156250000e+03 7.613075733184814453e+00 0.000000000000000000e+00
6.471424316406250000e+03 7.316733360290527344e+00 0.000000000000000000e+00
6.472916503906250000e+03 8.701374053955078125e+00 0.000000000000000000e+00
6.474405761718750000e+03 8.183894157409667969e+00 0.000000000000000000e+00
6.475898437500000000e+03 7.974428653717041016e+00 0.000000000000000000e+00
6.477388183593750000e+03 8.660887718200683594e+00 0.000000000000000000e+00
6.478881835937500000e+03 8.950193405151367188e+00 0.000000000000000000e+00
6.480372558593750000e+03 8.110081672668457031e+00 0.000000000000000000e+00
6.481863281250000000e+03 7.366742134094238281e+00 0.000000000000000000e+00
6.483357910156250000e+03 8.274595260620117188e+00 0.000000000000000000e+00
6.484849609375000000e+03 8.881066322326660156e+00 0.000000000000000000e+00
6.486344726562500000e+03 8.547727584838867188e+00 0.000000000000000000e+00
6.487836914062500000e+03 8.401124000549316406e+00 0.000000000000000000e+00
6.489333007812500000e+03 9.125195503234863281e+00 0.000000000000000000e+00
6.490826171875000000e+03 8.213183403015136719e+00 0.000000000000000000e+00
6.492319335937500000e+03 8.614018440246582031e+00 0.000000000000000000e+00
6.493816406250000000e+03 8.173983573913574219e+00 0.000000000000000000e+00
6.495310058593750000e+03 7.892556190490722656e+00 0.000000000000000000e+00
6.496808105468750000e+03 8.460515975952148438e+00 0.000000000000000000e+00
6.498302734375000000e+03 7.632466793060302734e+00 0.000000000000000000e+00
6.499801269531250000e+03 8.148162841796875000e+00 0.000000000000000000e+00
6.501296386718750000e+03 7.889812946319580078e+00 0.000000000000000000e+00
6.502791992187500000e+03 7.526030063629150391e+00 0.000000000000000000e+00
6.504291503906250000e+03 7.818336963653564453e+00 0.000000000000000000e+00
6.505787597656250000e+03 8.332628250122070312e+00 0.000000000000000000e+00
6.507288085937500000e+03 8.196269035339355469e+00 0.000000000000000000e+00
6.508785156250000000e+03 8.444182395935058594e+00 0.000000000000000000e+00
6.510286132812500000e+03 7.065935134887695312e+00 0.000000000000000000e+00
6.511783691406250000e+03 8.193073272705078125e+00 0.000000000000000000e+00
6.513281738281250000e+03 8.819640159606933594e+00 0.000000000000000000e+00
6.514783691406250000e+03 7.052693843841552734e+00 0.000000000000000000e+00
6.516282226562500000e+03 7.866639614105224609e+00 0.000000000000000000e+00
6.517785156250000000e+03 7.072598457336425781e+00 0.000000000000000000e+00
6.519284179687500000e+03 8.490324974060058594e+00 0.000000000000000000e+00
6.520787597656250000e+03 8.386574745178222656e+00 0.000000000000000000e+00
6.522287597656250000e+03 7.458371639251708984e+00 0.000000000000000000e+00
6.523791992187500000e+03 7.701484680175781250e+00 0.000000000000000000e+00
6.525292480468750000e+03 7.536202907562255859e+00 0.000000000000000000e+00
6.526793945312500000e+03 7.593273162841796875e+00 0.000000000000000000e+00
6.528298828125000000e+03 8.562064170837402344e+00 0.000000000000000000e+00
6.529800781250000000e+03 8.309723854064941406e+00 0.000000000000000000e+00
6.531306152343750000e+03 8.101008415222167969e+00 0.000000000000000000e+00
6.532809082031250000e+03 8.990631103515625000e+00 0.000000000000000000e+00
6.534315429687500000e+03 8.786559104919433594e+00 0.000000000000000000e+00
6.535818359375000000e+03 8.704468727111816406e+00 0.000000000000000000e+00
6.537322265625000000e+03 8.396142005920410156e+00 0.000000000000000000e+00
6.538829589843750000e+03 8.465464591979980469e+00 0.000000000000000000e+00
6.540333984375000000e+03 8.497595787048339844e+00 0.000000000000000000e+00
6.541842285156250000e+03 8.260347366333007812e+00 0.000000000000000000e+00
6.543347167968750000e+03 8.580817222595214844e+00 0.000000000000000000e+00
6.544855957031250000e+03 8.597081184387207031e+00 0.000000000000000000e+00
6.546361328125000000e+03 8.286261558532714844e+00 0.000000000000000000e+00
6.547867675781250000e+03 7.255474567413330078e+00 0.000000000000000000e+00
6.549377441406250000e+03 7.299969673156738281e+00 0.000000000000000000e+00
6.550884277343750000e+03 8.756620407104492188e+00 0.000000000000000000e+00
6.552394531250000000e+03 8.727524757385253906e+00 0.000000000000000000e+00
6.553901855468750000e+03 8.871580123901367188e+00 0.000000000000000000e+00
6.555413574218750000e+03 8.831844329833984375e+00 0.000000000000000000e+00
6.556921386718750000e+03 8.451830863952636719e+00 0.000000000000000000e+00
6.558429687500000000e+03 8.350983619689941406e+00 0.000000000000000000e+00
6.559942382812500000e+03 8.762199401855468750e+00 0.000000000000000000e+00
6.561451171875000000e+03 8.773442268371582031e+00 0.000000000000000000e+00
6.562964355468750000e+03 8.200896263122558594e+00 0.000000000000000000e+00
6.564474121093750000e+03 9.033170700073242188e+00 0.000000000000000000e+00
6.565987792968750000e+03 9.411112785339355469e+00 0.000000000000000000e+00
6.567498535156250000e+03 8.906229019165039062e+00 0.000000000000000000e+00
6.569009277343750000e+03 8.448515892028808594e+00 0.000000000000000000e+00
6.570523925781250000e+03 8.307043075561523438e+00 0.000000000000000000e+00
6.572035644531250000e+03 7.993308544158935547e+00 0.000000000000000000e+00
6.573551269531250000e+03 8.329612731933593750e+00 0.000000000000000000e+00
6.575063476562500000e+03 8.365108489990234375e+00 0.000000000000000000e+00
6.576579589843750000e+03 7.907064914703369141e+00 0.000000000000000000e+00
6.578092285156250000e+03 7.744386196136474609e+00 0.000000000000000000e+00
6.579605957031250000e+03 8.379906654357910156e+00 0.000000000000000000e+00
6.581123046875000000e+03 8.466425895690917969e+00 0.000000000000000000e+00
6.582637207031250000e+03 8.159440040588378906e+00 0.000000000000000000e+00
6.584154785156250000e+03 7.803674221038818359e+00 0.000000000000000000e+00
6.585669433593750000e+03 7.945461750030517578e+00 0.000000000000000000e+00
6.587188476562500000e+03 8.532163619995117188e+00 0.000000000000000000e+00
6.588703613281250000e+03 8.620934486389160156e+00 0.000000000000000000e+00
6.590219238281250000e+03 8.415771484375000000e+00 0.000000000000000000e+00
6.591739257812500000e+03 8.065243721008300781e+00 0.000000000000000000e+00
6.593255371093750000e+03 8.062482833862304688e+00 0.000000000000000000e+00
6.594775878906250000e+03 8.035441398620605469e+00 0.000000000000000000e+00
6.596292968750000000e+03 7.687472343444824219e+00 0.000000000000000000e+00
6.597813964843750000e+03 7.643617630004882812e+00 0.000000000000000000e+00
6.599332031250000000e+03 7.714207649230957031e+00 0.000000000000000000e+00
6.600850097656250000e+03 8.178025245666503906e+00 0.000000000000000000e+00
6.602372070312500000e+03 8.105639457702636719e+00 0.000000000000000000e+00
6.603891113281250000e+03 7.786880493164062500e+00 0.000000000000000000e+00
6.605414062500000000e+03 7.780173301696777344e+00 0.000000000000000000e+00
6.606933593750000000e+03 7.486439228057861328e+00 0.000000000000000000e+00
6.608457031250000000e+03 6.873304367065429688e+00 0.000000000000000000e+00
6.609977050781250000e+03 7.575191974639892578e+00 0.000000000000000000e+00
6.611498046875000000e+03 8.020194053649902344e+00 0.000000000000000000e+00
6.613022460937500000e+03 7.936720848083496094e+00 0.000000000000000000e+00
6.614543945312500000e+03 7.821523189544677734e+00 0.000000000000000000e+00
6.616069335937500000e+03 7.415377616882324219e+00 0.000000000000000000e+00
6.617591308593750000e+03 7.847281932830810547e+00 0.000000000000000000e+00
6.619117187500000000e+03 7.615602970123291016e+00 0.000000000000000000e+00
6.620639648437500000e+03 7.569537162780761719e+00 0.000000000000000000e+00
6.622163085937500000e+03 7.791457176208496094e+00 0.000000000000000000e+00
6.623689941406250000e+03 7.851991653442382812e+00 0.000000000000000000e+00
6.625213867187500000e+03 8.001208305358886719e+00 0.000000000000000000e+00
6.626741699218750000e+03 7.848386287689208984e+00 0.000000000000000000e+00
6.628266113281250000e+03 7.527178287506103516e+00 0.000000000000000000e+00
6.629794433593750000e+03 7.946320056915283203e+00 0.000000000000000000e+00
6.631319824218750000e+03 8.779329299926757812e+00 0.000000000000000000e+00
6.632845214843750000e+03 8.917993545532226562e+00 0.000000000000000000e+00
6.634374511718750000e+03 8.043032646179199219e+00 0.000000000000000000e+00
6.635900878906250000e+03 7.531536102294921875e+00 0.000000000000000000e+00
6.637431152343750000e+03 7.828129768371582031e+00 0.000000000000000000e+00
6.638958007812500000e+03 7.960124015808105469e+00 0.000000000000000000e+00
6.640488769531250000e+03 7.852764606475830078e+00 0.000000000000000000e+00
6.642016601562500000e+03 7.731378078460693359e+00 0.000000000000000000e+00
6.643548339843750000e+03 7.326901435852050781e+00 0.000000000000000000e+00
6.645076660156250000e+03 7.847474575042724609e+00 0.000000000000000000e+00
6.646605468750000000e+03 8.110145568847656250e+00 0.000000000000000000e+00
6.648138183593750000e+03 8.071070671081542969e+00 0.000000000000000000e+00
6.649667480468750000e+03 8.037578582763671875e+00 0.000000000000000000e+00
6.651200683593750000e+03 8.121940612792968750e+00 0.000000000000000000e+00
6.652730957031250000e+03 8.102164268493652344e+00 0.000000000000000000e+00
6.654265136718750000e+03 7.592267513275146484e+00 0.000000000000000000e+00
6.655795898437500000e+03 7.762757778167724609e+00 0.000000000000000000e+00
6.657327148437500000e+03 8.488042831420898438e+00 0.000000000000000000e+00
6.658862304687500000e+03 8.465381622314453125e+00 0.000000000000000000e+00
6.660394042968750000e+03 7.705624580383300781e+00 0.000000000000000000e+00
6.661929687500000000e+03 8.257287979125976562e+00 0.000000000000000000e+00
6.663462402343750000e+03 7.943357467651367188e+00 0.000000000000000000e+00
6.664999023437500000e+03 7.397160530090332031e+00 0.000000000000000000e+00
6.666532226562500000e+03 7.408430576324462891e+00 0.000000000000000000e+00
6.668065917968750000e+03 7.712847232818603516e+00 0.000000000000000000e+00
6.669603515625000000e+03 7.668467521667480469e+00 0.000000000000000000e+00
6.671137695312500000e+03 7.388805866241455078e+00 0.000000000000000000e+00
6.672676269531250000e+03 7.668688774108886719e+00 0.000000000000000000e+00
6.674211425781250000e+03 7.476290225982666016e+00 0.000000000000000000e+00
6.675750488281250000e+03 7.498076438903808594e+00 0.000000000000000000e+00
6.677286132812500000e+03 7.870982646942138672e+00 0.000000000000000000e+00
6.678822265625000000e+03 8.085511207580566406e+00 0.000000000000000000e+00
6.680362304687500000e+03 8.005639076232910156e+00 0.000000000000000000e+00
6.681898925781250000e+03 7.861124038696289062e+00 0.000000000000000000e+00
6.683439941406250000e+03 7.171247482299804688e+00 0.000000000000000000e+00
6.684977539062500000e+03 7.307339668273925781e+00 0.000000000000000000e+00
6.686519042968750000e+03 7.751996517181396484e+00 0.000000000000000000e+00
6.688057128906250000e+03 7.516292095184326172e+00 0.000000000000000000e+00
6.689595703125000000e+03 7.489019393920898438e+00 0.000000000000000000e+00
6.691138183593750000e+03 7.097892761230468750e+00 0.000000000000000000e+00
6.692677734375000000e+03 7.629023075103759766e+00 0.000000000000000000e+00
6.694221191406250000e+03 7.575185775756835938e+00 0.000000000000000000e+00
6.695760742187500000e+03 7.411736488342285156e+00 0.000000000000000000e+00
6.697305175781250000e+03 7.987997055053710938e+00 0.000000000000000000e+00
6.698845703125000000e+03 7.523766517639160156e+00 0.000000000000000000e+00
6.700386718750000000e+03 6.228453636169433594e+00 0.000000000000000000e+00
6.701931640625000000e+03 7.222738265991210938e+00 0.000000000000000000e+00
6.703473632812500000e+03 7.897699356079101562e+00 0.000000000000000000e+00
6.705019531250000000e+03 7.590070724487304688e+00 0.000000000000000000e+00
6.706562011718750000e+03 7.675916671752929688e+00 0.000000000000000000e+00
6.708108398437500000e+03 8.088585853576660156e+00 0.000000000000000000e+00
6.709651855468750000e+03 8.057363510131835938e+00 0.000000000000000000e+00
6.711195312500000000e+03 7.792702674865722656e+00 0.000000000000000000e+00
6.712742675781250000e+03 7.902202129364013672e+00 0.000000000000000000e+00
6.714287109375000000e+03 8.221316337585449219e+00 0.000000000000000000e+00
6.715835449218750000e+03 8.361004829406738281e+00 0.000000000000000000e+00
6.717380371093750000e+03 8.336731910705566406e+00 0.000000000000000000e+00
6.718929199218750000e+03 7.306127071380615234e+00 0.000000000000000000e+00
6.720475097656250000e+03 8.343005180358886719e+00 0.000000000000000000e+00
6.722020996093750000e+03 8.476966857910156250e+00 0.000000000000000000e+00
6.723571289062500000e+03 7.520769596099853516e+00 0.000000000000000000e+00
6.725117675781250000e+03 7.492652893066406250e+00 0.000000000000000000e+00
6.726668457031250000e+03 7.855122089385986328e+00 0.000000000000000000e+00
6.728216308593750000e+03 7.806068897247314453e+00 0.000000000000000000e+00
6.729767578125000000e+03 8.188072204589843750e+00 0.000000000000000000e+00
6.731315917968750000e+03 7.859173774719238281e+00 0.000000000000000000e+00
6.732864257812500000e+03 7.320562839508056641e+00 0.000000000000000000e+00
6.734416992187500000e+03 7.566840648651123047e+00 0.000000000000000000e+00
6.735966308593750000e+03 7.554628372192382812e+00 0.000000000000000000e+00
6.737519531250000000e+03 7.376519680023193359e+00 0.000000000000000000e+00
6.739069335937500000e+03 8.303104400634765625e+00 0.000000000000000000e+00
6.740623535156250000e+03 8.031902313232421875e+00 0.000000000000000000e+00
6.742174316406250000e+03 7.371847152709960938e+00 0.000000000000000000e+00
6.743725097656250000e+03 8.130951881408691406e+00 0.000000000000000000e+00
6.745280273437500000e+03 8.300940513610839844e+00 0.000000000000000000e+00
6.746832031250000000e+03 7.403651714324951172e+00 0.000000000000000000e+00
6.748387695312500000e+03 7.600049972534179688e+00 0.000000000000000000e+00
6.749940429687500000e+03 8.670764923095703125e+00 0.000000000000000000e+00
6.751496582031250000e+03 8.617255210876464844e+00 0.000000000000000000e+00
6.753049804687500000e+03 7.160697460174560547e+00 0.000000000000000000e+00
6.754603515625000000e+03 7.514904975891113281e+00 0.000000000000000000e+00
6.756161132812500000e+03 8.353158950805664062e+00 0.000000000000000000e+00
6.757715332031250000e+03 7.833564758300781250e+00 0.000000000000000000e+00
6.759273437500000000e+03 7.668241024017333984e+00 0.000000000000000000e+00
6.760828613281250000e+03 8.211508750915527344e+00 0.000000000000000000e+00
6.762387695312500000e+03 8.297320365905761719e+00 0.000000000000000000e+00
6.763943359375000000e+03 7.801104545593261719e+00 0.000000000000000000e+00
6.765502929687500000e+03 7.905547142028808594e+00 0.000000000000000000e+00
6.767059570312500000e+03 7.949580192565917969e+00 0.000000000000000000e+00
6.768616210937500000e+03 7.995682239532470703e+00 0.000000000000000000e+00
6.770176757812500000e+03 8.039136886596679688e+00 0.000000000000000000e+00
6.771734375000000000e+03 7.854167938232421875e+00 0.000000000000000000e+00
6.773295898437500000e+03 7.545904636383056641e+00 0.000000000000000000e+00
6.774854003906250000e+03 7.803226470947265625e+00 0.000000000000000000e+00
6.776416503906250000e+03 7.500500202178955078e+00 0.000000000000000000e+00
6.777975585937500000e+03 7.373174667358398438e+00 0.000000000000000000e+00
6.779534667968750000e+03 7.591445922851562500e+00 0.000000000000000000e+00
6.781098144531250000e+03 7.612043380737304688e+00 0.000000000000000000e+00
6.782658203125000000e+03 7.544627666473388672e+00 0.000000000000000000e+00
6.784222167968750000e+03 8.019486427307128906e+00 0.000000000000000000e+00
6.785782714843750000e+03 7.744936466217041016e+00 0.000000000000000000e+00
6.787347656250000000e+03 7.947926044464111328e+00 0.000000000000000000e+00
6.788909179687500000e+03 8.343850135803222656e+00 0.000000000000000000e+00
6.790470703125000000e+03 7.990801811218261719e+00 0.000000000000000000e+00
6.792036621093750000e+03 7.958334445953369141e+00 0.000000000000000000e+00
6.793599121093750000e+03 7.856158256530761719e+00 0.000000000000000000e+00
6.795165527343750000e+03 8.427657127380371094e+00 0.000000000000000000e+00
6.796729003906250000e+03 8.629997253417968750e+00 0.000000000000000000e+00
6.798296386718750000e+03 8.328996658325195312e+00 0.000000000000000000e+00
6.799860351562500000e+03 8.273394584655761719e+00 0.000000000000000000e+00
6.801424316406250000e+03 8.472696304321289062e+00 0.000000000000000000e+00
6.802992675781250000e+03 8.569950103759765625e+00 0.000000000000000000e+00
6.804557617187500000e+03 8.783829689025878906e+00 0.000000000000000000e+00
6.806126953125000000e+03 8.808732032775878906e+00 0.000000000000000000e+00
6.807692871093750000e+03 8.652157783508300781e+00 0.000000000000000000e+00
6.809262695312500000e+03 8.584774017333984375e+00 0.000000000000000000e+00
6.810829101562500000e+03 8.525020599365234375e+00 0.000000000000000000e+00
6.812395996093750000e+03 8.204539299011230469e+00 0.000000000000000000e+00
6.813966796875000000e+03 8.454323768615722656e+00 0.000000000000000000e+00
6.815534179687500000e+03 8.880978584289550781e+00 0.000000000000000000e+00
6.817105957031250000e+03 8.954572677612304688e+00 0.000000000000000000e+00
6.818674316406250000e+03 8.701724052429199219e+00 0.000000000000000000e+00
6.820246582031250000e+03 8.552564620971679688e+00 0.000000000000000000e+00
6.821815429687500000e+03 8.145771980285644531e+00 0.000000000000000000e+00
6.823384765625000000e+03 8.280288696289062500e+00 0.000000000000000000e+00
6.824958496093750000e+03 8.383147239685058594e+00 0.000000000000000000e+00
6.826528320312500000e+03 8.130249977111816406e+00 0.000000000000000000e+00
6.828102539062500000e+03 7.940682411193847656e+00 0.000000000000000000e+00
6.829673339843750000e+03 8.181965827941894531e+00 0.000000000000000000e+00
6.831248535156250000e+03 8.028525352478027344e+00 0.000000000000000000e+00
6.832819824218750000e+03 8.918437004089355469e+00 0.000000000000000000e+00
6.834391601562500000e+03 8.866650581359863281e+00 0.000000000000000000e+00
6.835967773437500000e+03 7.903298377990722656e+00 0.000000000000000000e+00
6.837540527343750000e+03 7.880162715911865234e+00 0.000000000000000000e+00
6.839117187500000000e+03 8.541098594665527344e+00 0.000000000000000000e+00
6.840690429687500000e+03 8.191510200500488281e+00 0.000000000000000000e+00
6.842268066406250000e+03 8.739896774291992188e+00 0.000000000000000000e+00
6.843841796875000000e+03 8.702558517456054688e+00 0.000000000000000000e+00
6.845416503906250000e+03 7.923932075500488281e+00 0.000000000000000000e+00
6.846994628906250000e+03 7.993877410888671875e+00 0.000000000000000000e+00
6.848569824218750000e+03 8.967093467712402344e+00 0.000000000000000000e+00
6.850149414062500000e+03 8.369945526123046875e+00 0.000000000000000000e+00
6.851725097656250000e+03 7.988648414611816406e+00 0.000000000000000000e+00
6.853305175781250000e+03 9.058552742004394531e+00 0.000000000000000000e+00
6.854881835937500000e+03 9.633930206298828125e+00 0.000000000000000000e+00
6.856458496093750000e+03 8.320108413696289062e+00 0.000000000000000000e+00
6.858039550781250000e+03 8.527328491210937500e+00 0.000000000000000000e+00
6.859617675781250000e+03 8.891585350036621094e+00 0.000000000000000000e+00
6.861199218750000000e+03 8.186097145080566406e+00 0.000000000000000000e+00
6.862777832031250000e+03 8.222993850708007812e+00 0.000000000000000000e+00
6.864360351562500000e+03 9.154041290283203125e+00 0.000000000000000000e+00
6.865939453125000000e+03 9.696561813354492188e+00 0.000000000000000000e+00
6.867519042968750000e+03 9.930598258972167969e+00 0.000000000000000000e+00
6.869102539062500000e+03 8.942427635192871094e+00 0.000000000000000000e+00
6.870682617187500000e+03 8.773461341857910156e+00 0.000000000000000000e+00
6.872267089843750000e+03 8.165514945983886719e+00 0.000000000000000000e+00
6.873848144531250000e+03 7.535835742950439453e+00 0.000000000000000000e+00
6.875433105468750000e+03 8.185483932495117188e+00 0.000000000000000000e+00
6.877014648437500000e+03 8.427797317504882812e+00 0.000000000000000000e+00
6.878600585937500000e+03 8.595009803771972656e+00 0.000000000000000000e+00
6.880183105468750000e+03 8.767662048339843750e+00 0.000000000000000000e+00
6.881765625000000000e+03 8.551690101623535156e+00 0.000000000000000000e+00
6.883352539062500000e+03 8.573911666870117188e+00 0.000000000000000000e+00
6.884936035156250000e+03 9.111092567443847656e+00 0.000000000000000000e+00
6.886523925781250000e+03 8.435778617858886719e+00 0.000000000000000000e+00
6.888107910156250000e+03 8.446583747863769531e+00 0.000000000000000000e+00
6.889696289062500000e+03 9.028438568115234375e+00 0.000000000000000000e+00
6.891281250000000000e+03 8.856040954589843750e+00 0.000000000000000000e+00
6.892866699218750000e+03 8.389356613159179688e+00 0.000000000000000000e+00
6.894456542968750000e+03 8.762326240539550781e+00 0.000000000000000000e+00
6.896042480468750000e+03 8.948874473571777344e+00 0.000000000000000000e+00
6.897632812500000000e+03 8.817932128906250000e+00 0.000000000000000000e+00
6.899219238281250000e+03 8.485196113586425781e+00 0.000000000000000000e+00
6.900810546875000000e+03 8.821855545043945312e+00 0.000000000000000000e+00
6.902397949218750000e+03 9.067010879516601562e+00 0.000000000000000000e+00
6.903985839843750000e+03 8.162236213684082031e+00 0.000000000000000000e+00
6.905577636718750000e+03 7.909380912780761719e+00 0.000000000000000000e+00
6.907166503906250000e+03 9.571772575378417969e+00 0.000000000000000000e+00
6.908759277343750000e+03 9.129787445068359375e+00 0.000000000000000000e+00
6.910348632812500000e+03 8.773534774780273438e+00 0.000000000000000000e+00
6.911941894531250000e+03 9.419965744018554688e+00 0.000000000000000000e+00
6.913532226562500000e+03 9.465979576110839844e+00 0.000000000000000000e+00
6.915122558593750000e+03 9.194373130798339844e+00 0.000000000000000000e+00
6.916717285156250000e+03 9.911906242370605469e+00 0.000000000000000000e+00
6.918308105468750000e+03 9.066436767578125000e+00 0.000000000000000000e+00
6.919903808593750000e+03 8.598113059997558594e+00 0.000000000000000000e+00
6.921495605468750000e+03 9.281353950500488281e+00 0.000000000000000000e+00
6.923091796875000000e+03 9.585202217102050781e+00 0.000000000000000000e+00
6.924684570312500000e+03 9.000737190246582031e+00 0.000000000000000000e+00
6.926277343750000000e+03 8.611907005310058594e+00 0.000000000000000000e+00
6.927874511718750000e+03 8.919257164001464844e+00 0.000000000000000000e+00
6.929468261718750000e+03 8.956352233886718750e+00 0.000000000000000000e+00
6.931066406250000000e+03 8.864981651306152344e+00 0.000000000000000000e+00
6.932660644531250000e+03 9.522493362426757812e+00 0.000000000000000000e+00
6.934259277343750000e+03 1.021415138244628906e+01 0.000000000000000000e+00
6.935854492187500000e+03 9.887646675109863281e+00 0.000000000000000000e+00
6.937450195312500000e+03 9.643047332763671875e+00 0.000000000000000000e+00
6.939049804687500000e+03 1.008052635192871094e+01 0.000000000000000000e+00
6.940645996093750000e+03 1.019674396514892578e+01 0.000000000000000000e+00
6.942246582031250000e+03 9.143168449401855469e+00 0.000000000000000000e+00
6.943843750000000000e+03 8.715774536132812500e+00 0.000000000000000000e+00
6.945444824218750000e+03 9.376138687133789062e+00 0.000000000000000000e+00
6.947042968750000000e+03 1.037212276458740234e+01 0.000000000000000000e+00
6.948641113281250000e+03 1.014100265502929688e+01 0.000000000000000000e+00
6.950243164062500000e+03 9.592158317565917969e+00 0.000000000000000000e+00
6.951842285156250000e+03 1.023570442199707031e+01 0.000000000000000000e+00
6.953445312500000000e+03 1.005076503753662109e+01 0.000000000000000000e+00
6.955044921875000000e+03 9.636730194091796875e+00 0.000000000000000000e+00
6.956648925781250000e+03 1.037931156158447266e+01 0.000000000000000000e+00
6.958249023437500000e+03 1.012136459350585938e+01 0.000000000000000000e+00
6.959849609375000000e+03 9.395524978637695312e+00 0.000000000000000000e+00
6.961454589843750000e+03 1.014177227020263672e+01 0.000000000000000000e+00
6.963056152343750000e+03 1.019398212432861328e+01 0.000000000000000000e+00
6.964662109375000000e+03 1.130048465728759766e+01 0.000000000000000000e+00
6.966264160156250000e+03 5.713038444519042969e+00 0.000000000000000000e+00
6.967870605468750000e+03 1.489848613739013672e+01 0.000000000000000000e+00
6.969473632812500000e+03 2.565962028503417969e+01 0.000000000000000000e+00
6.971076660156250000e+03 1.260145473480224609e+01 0.000000000000000000e+00
6.972684082031250000e+03 1.026922893524169922e+01 0.000000000000000000e+00
6.974288574218750000e+03 1.237107753753662109e+01 0.000000000000000000e+00
6.975896484375000000e+03 1.045165824890136719e+01 0.000000000000000000e+00
6.977501464843750000e+03 9.625552177429199219e+00 0.000000000000000000e+00
6.979110351562500000e+03 1.066283988952636719e+01 0.000000000000000000e+00
6.980715820312500000e+03 9.706516265869140625e+00 0.000000000000000000e+00
6.982321777343750000e+03 1.062245750427246094e+01 0.000000000000000000e+00
6.983932128906250000e+03 1.075979042053222656e+01 0.000000000000000000e+00
6.985538574218750000e+03 1.072469520568847656e+01 0.000000000000000000e+00
6.987149414062500000e+03 1.067893028259277344e+01 0.000000000000000000e+00
6.988756835937500000e+03 1.069613170623779297e+01 0.000000000000000000e+00
6.990368164062500000e+03 1.072656059265136719e+01 0.000000000000000000e+00
6.991976562500000000e+03 1.020795154571533203e+01 0.000000000000000000e+00
6.993584960937500000e+03 1.064899063110351562e+01 0.000000000000000000e+00
6.995197753906250000e+03 1.026044654846191406e+01 0.000000000000000000e+00
6.996807128906250000e+03 1.069092559814453125e+01 0.000000000000000000e+00
6.998420410156250000e+03 1.160836696624755859e+01 0.000000000000000000e+00
7.000030273437500000e+03 1.097147846221923828e+01 0.000000000000000000e+00
7.001644531250000000e+03 1.038019084930419922e+01 0.000000000000000000e+00
7.003255371093750000e+03 1.087938404083251953e+01 0.000000000000000000e+00
7.004870117187500000e+03 1.080386257171630859e+01 0.000000000000000000e+00
7.006481933593750000e+03 1.074044036865234375e+01 0.000000000000000000e+00
7.008093750000000000e+03 1.078204536437988281e+01 0.000000000000000000e+00
7.009709472656250000e+03 1.050252437591552734e+01 0.000000000000000000e+00
7.011322265625000000e+03 1.114963626861572266e+01 0.000000000000000000e+00
7.012938964843750000e+03 1.154935359954833984e+01 0.000000000000000000e+00
7.014552246093750000e+03 1.070270156860351562e+01 0.000000000000000000e+00
7.016169921875000000e+03 1.011595249176025391e+01 0.000000000000000000e+00
7.017783691406250000e+03 1.049068927764892578e+01 0.000000000000000000e+00
7.019398437500000000e+03 1.096073532104492188e+01 0.000000000000000000e+00
7.021017089843750000e+03 1.096439743041992188e+01 0.000000000000000000e+00
7.022632324218750000e+03 1.064843273162841797e+01 0.000000000000000000e+00
7.024251464843750000e+03 1.050841140747070312e+01 0.000000000000000000e+00
7.025867675781250000e+03 1.003778457641601562e+01 0.000000000000000000e+00
7.027487792968750000e+03 9.995040893554687500e+00 0.000000000000000000e+00
7.029104492187500000e+03 1.128938674926757812e+01 0.000000000000000000e+00
7.030721191406250000e+03 1.176536655426025391e+01 0.000000000000000000e+00
7.032342773437500000e+03 1.152738189697265625e+01 0.000000000000000000e+00
7.033960449218750000e+03 1.107408523559570312e+01 0.000000000000000000e+00
7.035582519531250000e+03 1.072347259521484375e+01 0.000000000000000000e+00
7.037200683593750000e+03 1.041602611541748047e+01 0.000000000000000000e+00
7.038823730468750000e+03 1.022152709960937500e+01 0.000000000000000000e+00
7.040442871093750000e+03 1.078537178039550781e+01 0.000000000000000000e+00
7.042062500000000000e+03 1.088300704956054688e+01 0.000000000000000000e+00
7.043686523437500000e+03 1.032863521575927734e+01 0.000000000000000000e+00
7.045306640625000000e+03 9.814559936523437500e+00 0.000000000000000000e+00
7.046931640625000000e+03 9.842091560363769531e+00 0.000000000000000000e+00
7.048552734375000000e+03 1.025891971588134766e+01 0.000000000000000000e+00
7.050178222656250000e+03 1.037477016448974609e+01 0.000000000000000000e+00
7.051799804687500000e+03 9.708502769470214844e+00 0.000000000000000000e+00
7.053422363281250000e+03 9.720132827758789062e+00 0.000000000000000000e+00
7.055048828125000000e+03 1.001602840423583984e+01 0.000000000000000000e+00
7.056671875000000000e+03 9.902259826660156250e+00 0.000000000000000000e+00
7.058298828125000000e+03 9.378750801086425781e+00 0.000000000000000000e+00
7.059922851562500000e+03 8.911049842834472656e+00 0.000000000000000000e+00
7.061550781250000000e+03 9.468103408813476562e+00 0.000000000000000000e+00
7.063175292968750000e+03 9.262609481811523438e+00 0.000000000000000000e+00
7.064799804687500000e+03 9.104017257690429688e+00 0.000000000000000000e+00
7.066429199218750000e+03 9.067979812622070312e+00 0.000000000000000000e+00
7.068054687500000000e+03 8.515233039855957031e+00 0.000000000000000000e+00
7.069684570312500000e+03 9.006525039672851562e+00 0.000000000000000000e+00
7.071311035156250000e+03 8.123703002929687500e+00 0.000000000000000000e+00
7.072941894531250000e+03 9.443417549133300781e+00 0.000000000000000000e+00
7.074568847656250000e+03 1.012524795532226562e+01 0.000000000000000000e+00
7.076196289062500000e+03 9.146956443786621094e+00 0.000000000000000000e+00
7.077828125000000000e+03 9.060534477233886719e+00 0.000000000000000000e+00
7.079456054687500000e+03 9.312014579772949219e+00 0.000000000000000000e+00
7.081088867187500000e+03 9.504896163940429688e+00 0.000000000000000000e+00
7.082717773437500000e+03 9.097106933593750000e+00 0.000000000000000000e+00
7.084351074218750000e+03 8.822714805603027344e+00 0.000000000000000000e+00
7.085980957031250000e+03 8.982096672058105469e+00 0.000000000000000000e+00
7.087610839843750000e+03 8.929287910461425781e+00 0.000000000000000000e+00
7.089245117187500000e+03 8.357097625732421875e+00 0.000000000000000000e+00
7.090875976562500000e+03 8.376733779907226562e+00 0.000000000000000000e+00
7.092511230468750000e+03 8.408065795898437500e+00 0.000000000000000000e+00
7.094143066406250000e+03 8.449793815612792969e+00 0.000000000000000000e+00
7.095778808593750000e+03 8.670134544372558594e+00 0.000000000000000000e+00
7.097411132812500000e+03 8.843740463256835938e+00 0.000000000000000000e+00
7.099043945312500000e+03 8.618206024169921875e+00 0.000000000000000000e+00
7.100681152343750000e+03 9.195567131042480469e+00 0.000000000000000000e+00
7.102314453125000000e+03 9.205503463745117188e+00 0.000000000000000000e+00
7.103952148437500000e+03 8.757888793945312500e+00 0.000000000000000000e+00
7.105586425781250000e+03 8.352803230285644531e+00 0.000000000000000000e+00
7.107225097656250000e+03 8.083952903747558594e+00 0.000000000000000000e+00
7.108859863281250000e+03 8.030331611633300781e+00 0.000000000000000000e+00
7.110495605468750000e+03 7.915259838104248047e+00 0.000000000000000000e+00
7.112135253906250000e+03 8.373218536376953125e+00 0.000000000000000000e+00
7.113771484375000000e+03 8.432028770446777344e+00 0.000000000000000000e+00
7.115411621093750000e+03 7.974401473999023438e+00 0.000000000000000000e+00
7.117048339843750000e+03 7.994841575622558594e+00 0.000000000000000000e+00
7.118689941406250000e+03 8.124041557312011719e+00 0.000000000000000000e+00
7.120327148437500000e+03 8.039223670959472656e+00 0.000000000000000000e+00
7.121965332031250000e+03 7.988169670104980469e+00 0.000000000000000000e+00
7.123607910156250000e+03 8.497818946838378906e+00 0.000000000000000000e+00
7.125246582031250000e+03 8.803694725036621094e+00 0.000000000000000000e+00
7.126889648437500000e+03 7.817045688629150391e+00 0.000000000000000000e+00
7.128529296875000000e+03 7.166233062744140625e+00 0.000000000000000000e+00
7.130172851562500000e+03 7.573154926300048828e+00 0.000000000000000000e+00
7.131812988281250000e+03 7.974313735961914062e+00 0.000000000000000000e+00
7.133458007812500000e+03 7.872333526611328125e+00 0.000000000000000000e+00
7.135098632812500000e+03 7.525885105133056641e+00 0.000000000000000000e+00
7.136740234375000000e+03 7.334732055664062500e+00 0.000000000000000000e+00
7.138385742187500000e+03 7.236686229705810547e+00 0.000000000000000000e+00
7.140028320312500000e+03 8.048316001892089844e+00 0.000000000000000000e+00
7.141674804687500000e+03 7.985001564025878906e+00 0.000000000000000000e+00
7.143317382812500000e+03 8.158627510070800781e+00 0.000000000000000000e+00
7.144964843750000000e+03 8.361405372619628906e+00 0.000000000000000000e+00
7.146608398437500000e+03 7.343715667724609375e+00 0.000000000000000000e+00
7.148252441406250000e+03 7.919051647186279297e+00 0.000000000000000000e+00
7.149900878906250000e+03 8.150985717773437500e+00 0.000000000000000000e+00
7.151545898437500000e+03 7.551063537597656250e+00 0.000000000000000000e+00
7.153194824218750000e+03 7.443096637725830078e+00 0.000000000000000000e+00
7.154840332031250000e+03 7.772233009338378906e+00 0.000000000000000000e+00
7.156490234375000000e+03 7.175001144409179688e+00 0.000000000000000000e+00
7.158136718750000000e+03 6.451324462890625000e+00 0.000000000000000000e+00
7.159783203125000000e+03 6.252781867980957031e+00 0.000000000000000000e+00
7.161434570312500000e+03 6.488796234130859375e+00 0.000000000000000000e+00
7.163082031250000000e+03 6.701755523681640625e+00 0.000000000000000000e+00
7.164733886718750000e+03 6.792540550231933594e+00 0.000000000000000000e+00
7.166381835937500000e+03 6.995333671569824219e+00 0.000000000000000000e+00
7.168034667968750000e+03 7.225706577301025391e+00 0.000000000000000000e+00
7.169683593750000000e+03 7.712823867797851562e+00 0.000000000000000000e+00
7.171333007812500000e+03 7.480254650115966797e+00 0.000000000000000000e+00
7.172986328125000000e+03 6.739531517028808594e+00 0.000000000000000000e+00
7.174636718750000000e+03 6.611053943634033203e+00 0.000000000000000000e+00
7.176291015625000000e+03 7.591540813446044922e+00 0.000000000000000000e+00
7.177941894531250000e+03 7.958827972412109375e+00 0.000000000000000000e+00
7.179597167968750000e+03 7.852837562561035156e+00 0.000000000000000000e+00
7.181249023437500000e+03 8.432400703430175781e+00 0.000000000000000000e+00
7.182900878906250000e+03 8.080144882202148438e+00 0.000000000000000000e+00
7.184557128906250000e+03 7.206453800201416016e+00 0.000000000000000000e+00
7.186209960937500000e+03 7.719177722930908203e+00 0.000000000000000000e+00
7.187867187500000000e+03 6.778368949890136719e+00 0.000000000000000000e+00
7.189520996093750000e+03 7.167367935180664062e+00 0.000000000000000000e+00
7.191178710937500000e+03 7.537455081939697266e+00 0.000000000000000000e+00
7.192833007812500000e+03 7.390017509460449219e+00 0.000000000000000000e+00
7.194487792968750000e+03 6.937413215637207031e+00 0.000000000000000000e+00
7.196146972656250000e+03 6.711116313934326172e+00 0.000000000000000000e+00
7.197802246093750000e+03 7.620535850524902344e+00 0.000000000000000000e+00
7.199461914062500000e+03 6.793561458587646484e+00 0.000000000000000000e+00
7.201118164062500000e+03 6.619193553924560547e+00 0.000000000000000000e+00
7.202778808593750000e+03 7.179200172424316406e+00 0.000000000000000000e+00
7.204435546875000000e+03 7.442382812500000000e+00 0.000000000000000000e+00
7.206093261718750000e+03 7.212975978851318359e+00 0.000000000000000000e+00
7.207754882812500000e+03 7.140511512756347656e+00 0.000000000000000000e+00
7.209413085937500000e+03 6.847607612609863281e+00 0.000000000000000000e+00
7.211075683593750000e+03 6.530835628509521484e+00 0.000000000000000000e+00
7.212734375000000000e+03 6.822535991668701172e+00 0.000000000000000000e+00
7.214397460937500000e+03 7.253225326538085938e+00 0.000000000000000000e+00
7.216057128906250000e+03 6.859775066375732422e+00 0.000000000000000000e+00
7.217717285156250000e+03 6.895633220672607422e+00 0.000000000000000000e+00
7.219381835937500000e+03 7.074559211730957031e+00 0.000000000000000000e+00
7.221042480468750000e+03 7.128121852874755859e+00 0.000000000000000000e+00
7.222707519531250000e+03 7.389152050018310547e+00 0.000000000000000000e+00
7.224369140625000000e+03 7.483663082122802734e+00 0.000000000000000000e+00
7.226035156250000000e+03 6.847563743591308594e+00 0.000000000000000000e+00
7.227697265625000000e+03 7.115212440490722656e+00 0.000000000000000000e+00
7.229360351562500000e+03 7.944424629211425781e+00 0.000000000000000000e+00
7.231027343750000000e+03 7.258478164672851562e+00 0.000000000000000000e+00
7.232690917968750000e+03 6.552485466003417969e+00 0.000000000000000000e+00
7.234358398437500000e+03 6.717178344726562500e+00 0.000000000000000000e+00
7.236022949218750000e+03 6.537347793579101562e+00 0.000000000000000000e+00
7.237691406250000000e+03 6.247246265411376953e+00 0.000000000000000000e+00
7.239356445312500000e+03 5.143684864044189453e+00 0.000000000000000000e+00
7.241021972656250000e+03 6.275236129760742188e+00 0.000000000000000000e+00
7.242691894531250000e+03 7.257288932800292969e+00 0.000000000000000000e+00
7.244357910156250000e+03 6.464986801147460938e+00 0.000000000000000000e+00
7.246028320312500000e+03 6.108903408050537109e+00 0.000000000000000000e+00
7.247695312500000000e+03 6.903757095336914062e+00 0.000000000000000000e+00
7.249366699218750000e+03 6.129024505615234375e+00 0.000000000000000000e+00
7.251034179687500000e+03 6.249626636505126953e+00 0.000000000000000000e+00
7.252702636718750000e+03 6.594226360321044922e+00 0.000000000000000000e+00
7.254375000000000000e+03 6.472584724426269531e+00 0.000000000000000000e+00
7.256043945312500000e+03 6.971629142761230469e+00 0.000000000000000000e+00
7.257716796875000000e+03 7.521434783935546875e+00 0.000000000000000000e+00
7.259386718750000000e+03 6.593045234680175781e+00 0.000000000000000000e+00
7.261060546875000000e+03 6.537787914276123047e+00 0.000000000000000000e+00
7.262730957031250000e+03 6.835019588470458984e+00 0.000000000000000000e+00
7.264405761718750000e+03 6.516637325286865234e+00 0.000000000000000000e+00
7.266077148437500000e+03 6.160440444946289062e+00 0.000000000000000000e+00
7.267748535156250000e+03 6.337810516357421875e+00 0.000000000000000000e+00
7.269424316406250000e+03 6.875995635986328125e+00 0.000000000000000000e+00
7.271096679687500000e+03 7.170379161834716797e+00 0.000000000000000000e+00
7.272773437500000000e+03 6.157712459564208984e+00 0.000000000000000000e+00
7.274446289062500000e+03 4.661211013793945312e+00 0.000000000000000000e+00
7.276124023437500000e+03 5.056032657623291016e+00 0.000000000000000000e+00
7.277797851562500000e+03 6.613563060760498047e+00 0.000000000000000000e+00
7.279472167968750000e+03 5.967166423797607422e+00 0.000000000000000000e+00
7.281150878906250000e+03 5.906343460083007812e+00 0.000000000000000000e+00
7.282825683593750000e+03 6.523955821990966797e+00 0.000000000000000000e+00
7.284505371093750000e+03 6.917935848236083984e+00 0.000000000000000000e+00
7.286181152343750000e+03 7.168993473052978516e+00 0.000000000000000000e+00
7.287861328125000000e+03 7.036803722381591797e+00 0.000000000000000000e+00
7.289537597656250000e+03 6.717104434967041016e+00 0.000000000000000000e+00
7.291214843750000000e+03 6.787402153015136719e+00 0.000000000000000000e+00
7.292895996093750000e+03 6.980017662048339844e+00 0.000000000000000000e+00
7.294573730468750000e+03 6.866432666778564453e+00 0.000000000000000000e+00
7.296255859375000000e+03 6.647715091705322266e+00 0.000000000000000000e+00
7.297934082031250000e+03 7.023725032806396484e+00 0.000000000000000000e+00
7.299617187500000000e+03 6.551722049713134766e+00 0.000000000000000000e+00
7.301296386718750000e+03 6.616004467010498047e+00 0.000000000000000000e+00
7.302976074218750000e+03 7.121503353118896484e+00 0.000000000000000000e+00
7.304660156250000000e+03 7.117772579193115234e+00 0.000000000000000000e+00
7.306340820312500000e+03 6.538360595703125000e+00 0.000000000000000000e+00
7.308025390625000000e+03 6.768594264984130859e+00 0.000000000000000000e+00
7.309706542968750000e+03 5.941022396087646484e+00 0.000000000000000000e+00
7.311392089843750000e+03 6.001869201660156250e+00 0.000000000000000000e+00
7.313074218750000000e+03 6.448034763336181641e+00 0.000000000000000000e+00
7.314756347656250000e+03 6.639438629150390625e+00 0.000000000000000000e+00
7.316443359375000000e+03 7.249011993408203125e+00 0.000000000000000000e+00
7.318126464843750000e+03 7.367209434509277344e+00 0.000000000000000000e+00
7.319813964843750000e+03 5.752933025360107422e+00 0.000000000000000000e+00
7.321498046875000000e+03 6.129714488983154297e+00 0.000000000000000000e+00
7.323186035156250000e+03 6.928905963897705078e+00 0.000000000000000000e+00
7.324871093750000000e+03 6.429387569427490234e+00 0.000000000000000000e+00
7.326556152343750000e+03 6.277873039245605469e+00 0.000000000000000000e+00
7.328245605468750000e+03 6.867340564727783203e+00 0.000000000000000000e+00
7.329931152343750000e+03 6.436860084533691406e+00 0.000000000000000000e+00
7.331621582031250000e+03 6.587259292602539062e+00 0.000000000000000000e+00
7.333308105468750000e+03 6.605855464935302734e+00 0.000000000000000000e+00
7.334999511718750000e+03 6.305925846099853516e+00 0.000000000000000000e+00
7.336686523437500000e+03 6.894022941589355469e+00 0.000000000000000000e+00
7.338374511718750000e+03 6.475779533386230469e+00 0.000000000000000000e+00
7.340066894531250000e+03 5.598736286163330078e+00 0.000000000000000000e+00
7.341755371093750000e+03 7.698879241943359375e+00 0.000000000000000000e+00
7.343448242187500000e+03 8.388670921325683594e+00 0.000000000000000000e+00
7.345137695312500000e+03 6.199373722076416016e+00 0.000000000000000000e+00
7.346831542968750000e+03 6.215701580047607422e+00 0.000000000000000000e+00
7.348521484375000000e+03 6.683223724365234375e+00 0.000000000000000000e+00
7.350211914062500000e+03 7.192707538604736328e+00 0.000000000000000000e+00
7.351906738281250000e+03 6.863626003265380859e+00 0.000000000000000000e+00
7.353598144531250000e+03 6.412981033325195312e+00 0.000000000000000000e+00
7.355293945312500000e+03 6.824943065643310547e+00 0.000000000000000000e+00
7.356985839843750000e+03 7.619291782379150391e+00 0.000000000000000000e+00
7.358682617187500000e+03 6.877665996551513672e+00 0.000000000000000000e+00
7.360375488281250000e+03 7.266040325164794922e+00 0.000000000000000000e+00
7.362068847656250000e+03 7.367045879364013672e+00 0.000000000000000000e+00
7.363766601562500000e+03 7.161662101745605469e+00 0.000000000000000000e+00
7.365460449218750000e+03 6.846212387084960938e+00 0.000000000000000000e+00
7.367158691406250000e+03 5.906410217285156250e+00 0.000000000000000000e+00
7.368853515625000000e+03 5.669981956481933594e+00 0.000000000000000000e+00
7.370552734375000000e+03 7.661125183105468750e+00 0.000000000000000000e+00
7.372248535156250000e+03 7.023128032684326172e+00 0.000000000000000000e+00
7.373944335937500000e+03 6.175870895385742188e+00 0.000000000000000000e+00
7.375645019531250000e+03 7.096685886383056641e+00 0.000000000000000000e+00
7.377341796875000000e+03 6.909755229949951172e+00 0.000000000000000000e+00
7.379042968750000000e+03 6.894826412200927734e+00 0.000000000000000000e+00
7.380740234375000000e+03 6.930685997009277344e+00 0.000000000000000000e+00
7.382442382812500000e+03 6.444328784942626953e+00 0.000000000000000000e+00
7.384140625000000000e+03 6.461038112640380859e+00 0.000000000000000000e+00
7.385839355468750000e+03 7.025829315185546875e+00 0.000000000000000000e+00
7.387542480468750000e+03 6.773134231567382812e+00 0.000000000000000000e+00
7.389242187500000000e+03 6.979075908660888672e+00 0.000000000000000000e+00
7.390945800781250000e+03 6.458440303802490234e+00 0.000000000000000000e+00
7.392646484375000000e+03 6.454808235168457031e+00 0.000000000000000000e+00
7.394351074218750000e+03 6.380387306213378906e+00 0.000000000000000000e+00
7.396052246093750000e+03 6.132456302642822266e+00 0.000000000000000000e+00
7.397757324218750000e+03 6.806765079498291016e+00 0.000000000000000000e+00
7.399459472656250000e+03 6.611104011535644531e+00 0.000000000000000000e+00
7.401161621093750000e+03 7.025787353515625000e+00 0.000000000000000000e+00
7.402868164062500000e+03 7.329644203186035156e+00 0.000000000000000000e+00
7.404571289062500000e+03 6.569707393646240234e+00 0.000000000000000000e+00
7.406278808593750000e+03 5.921689510345458984e+00 0.000000000000000000e+00
7.407982421875000000e+03 7.124268054962158203e+00 0.000000000000000000e+00
7.409690917968750000e+03 6.433748722076416016e+00 0.000000000000000000e+00
7.411395507812500000e+03 5.554571151733398438e+00 0.000000000000000000e+00
7.413100585937500000e+03 5.912569046020507812e+00 0.000000000000000000e+00
7.414810058593750000e+03 6.544967174530029297e+00 0.000000000000000000e+00
7.416515625000000000e+03 6.658539295196533203e+00 0.000000000000000000e+00
7.418226074218750000e+03 6.727810382843017578e+00 0.000000000000000000e+00
7.419932617187500000e+03 6.128582954406738281e+00 0.000000000000000000e+00
7.421643554687500000e+03 6.729925155639648438e+00 0.000000000000000000e+00
7.423350585937500000e+03 6.212255954742431641e+00 0.000000000000000000e+00
7.425058593750000000e+03 5.948429107666015625e+00 0.000000000000000000e+00
7.426770507812500000e+03 7.162824153900146484e+00 0.000000000000000000e+00
7.428479492187500000e+03 7.539263248443603516e+00 0.000000000000000000e+00
7.430192382812500000e+03 5.831691741943359375e+00 0.000000000000000000e+00
7.431901367187500000e+03 6.452962398529052734e+00 0.000000000000000000e+00
7.433615234375000000e+03 6.735949039459228516e+00 0.000000000000000000e+00
7.435325683593750000e+03 6.262811660766601562e+00 0.000000000000000000e+00
7.437036132812500000e+03 6.321288585662841797e+00 0.000000000000000000e+00
7.438750976562500000e+03 7.110448360443115234e+00 0.000000000000000000e+00
7.440462402343750000e+03 7.438456058502197266e+00 0.000000000000000000e+00
7.442177734375000000e+03 6.561680316925048828e+00 0.000000000000000000e+00
7.443890136718750000e+03 6.033002376556396484e+00 0.000000000000000000e+00
7.445606445312500000e+03 6.379918098449707031e+00 0.000000000000000000e+00
7.447319335937500000e+03 6.809852123260498047e+00 0.000000000000000000e+00
7.449032714843750000e+03 6.324735164642333984e+00 0.000000000000000000e+00
7.450750488281250000e+03 5.586006641387939453e+00 0.000000000000000000e+00
7.452464355468750000e+03 6.403647422790527344e+00 0.000000000000000000e+00
7.454183105468750000e+03 6.491528987884521484e+00 0.000000000000000000e+00
7.455897949218750000e+03 6.319047451019287109e+00 0.000000000000000000e+00
7.457617187500000000e+03 6.753930091857910156e+00 0.000000000000000000e+00
7.459332519531250000e+03 6.777253150939941406e+00 0.000000000000000000e+00
7.461048828125000000e+03 6.685384750366210938e+00 0.000000000000000000e+00
7.462769042968750000e+03 6.823221206665039062e+00 0.000000000000000000e+00
7.464485839843750000e+03 6.783978939056396484e+00 0.000000000000000000e+00
7.466207031250000000e+03 6.137590408325195312e+00 0.000000000000000000e+00
7.467924804687500000e+03 5.939761638641357422e+00 0.000000000000000000e+00
7.469646972656250000e+03 7.278042316436767578e+00 0.000000000000000000e+00
7.471365234375000000e+03 6.126805782318115234e+00 0.000000000000000000e+00
7.473083984375000000e+03 6.327740669250488281e+00 0.000000000000000000e+00
7.474807617187500000e+03 6.816952228546142578e+00 0.000000000000000000e+00
7.476526855468750000e+03 6.556873321533203125e+00 0.000000000000000000e+00
7.478250976562500000e+03 5.976988792419433594e+00 0.000000000000000000e+00
7.479971191406250000e+03 6.081411838531494141e+00 0.000000000000000000e+00
7.481696289062500000e+03 6.634310245513916016e+00 0.000000000000000000e+00
7.483417480468750000e+03 7.069752216339111328e+00 0.000000000000000000e+00
7.485139160156250000e+03 6.315401554107666016e+00 0.000000000000000000e+00
7.486865234375000000e+03 5.930234909057617188e+00 0.000000000000000000e+00
7.488587402343750000e+03 6.345279216766357422e+00 0.000000000000000000e+00
7.490313964843750000e+03 5.798548698425292969e+00 0.000000000000000000e+00
7.492037109375000000e+03 6.896291255950927734e+00 0.000000000000000000e+00
7.493765136718750000e+03 6.442781448364257812e+00 0.000000000000000000e+00
7.495488769531250000e+03 6.322717189788818359e+00 0.000000000000000000e+00
7.497213378906250000e+03 6.718660831451416016e+00 0.000000000000000000e+00
7.498941894531250000e+03 6.508640766143798828e+00 0.000000000000000000e+00
7.500666992187500000e+03 5.789816856384277344e+00 0.000000000000000000e+00
7.502396972656250000e+03 6.177593231201171875e+00 0.000000000000000000e+00
7.504122558593750000e+03 6.268764019012451172e+00 0.000000000000000000e+00
7.505853027343750000e+03 6.612692832946777344e+00 0.000000000000000000e+00
7.507580078125000000e+03 6.758382320404052734e+00 0.000000000000000000e+00
7.509307128906250000e+03 6.530453205108642578e+00 0.000000000000000000e+00
7.511038574218750000e+03 6.672214031219482422e+00 0.000000000000000000e+00
7.512766601562500000e+03 5.860782623291015625e+00 0.000000000000000000e+00
7.514499023437500000e+03 6.156989574432373047e+00 0.000000000000000000e+00
7.516227539062500000e+03 6.521508693695068359e+00 0.000000000000000000e+00
7.517960937500000000e+03 6.761632919311523438e+00 0.000000000000000000e+00
7.519690429687500000e+03 7.083076953887939453e+00 0.000000000000000000e+00
7.521420410156250000e+03 6.871500015258789062e+00 0.000000000000000000e+00
7.523154785156250000e+03 5.956246376037597656e+00 0.000000000000000000e+00
7.524885253906250000e+03 6.320666790008544922e+00 0.000000000000000000e+00
7.526620605468750000e+03 6.662254810333251953e+00 0.000000000000000000e+00
7.528352050781250000e+03 6.217512130737304688e+00 0.000000000000000000e+00
7.530088378906250000e+03 6.008971214294433594e+00 0.000000000000000000e+00
7.531820312500000000e+03 7.004888057708740234e+00 0.000000000000000000e+00
7.533557128906250000e+03 6.023707389831542969e+00 0.000000000000000000e+00
7.535290527343750000e+03 5.514836788177490234e+00 0.000000000000000000e+00
7.537023925781250000e+03 6.225556373596191406e+00 0.000000000000000000e+00
7.538761718750000000e+03 6.916141510009765625e+00 0.000000000000000000e+00
7.540496093750000000e+03 6.699383735656738281e+00 0.000000000000000000e+00
7.542234863281250000e+03 6.366681098937988281e+00 0.000000000000000000e+00
7.543970214843750000e+03 6.479928493499755859e+00 0.000000000000000000e+00
7.545709472656250000e+03 6.092369079589843750e+00 0.000000000000000000e+00
7.547445312500000000e+03 6.234157562255859375e+00 0.000000000000000000e+00
7.549181640625000000e+03 6.390181064605712891e+00 0.000000000000000000e+00
7.550922851562500000e+03 6.120822906494140625e+00 0.000000000000000000e+00
7.552659667968750000e+03 6.373213768005371094e+00 0.000000000000000000e+00
7.554401367187500000e+03 6.258491039276123047e+00 0.000000000000000000e+00
7.556139160156250000e+03 5.592639446258544922e+00 0.000000000000000000e+00
7.557881835937500000e+03 6.164614200592041016e+00 0.000000000000000000e+00
7.559620117187500000e+03 6.773157119750976562e+00 0.000000000000000000e+00
7.561359375000000000e+03 6.269183158874511719e+00 0.000000000000000000e+00
7.563103027343750000e+03 6.250074863433837891e+00 0.000000000000000000e+00
7.564842773437500000e+03 6.653986930847167969e+00 0.000000000000000000e+00
7.566587402343750000e+03 6.001534938812255859e+00 0.000000000000000000e+00
7.568328125000000000e+03 6.504071235656738281e+00 0.000000000000000000e+00
7.570073242187500000e+03 7.330996513366699219e+00 0.000000000000000000e+00
7.571814941406250000e+03 6.889889240264892578e+00 0.000000000000000000e+00
7.573556640625000000e+03 6.060655117034912109e+00 0.000000000000000000e+00
7.575303222656250000e+03 5.705251216888427734e+00 0.000000000000000000e+00
7.577045898437500000e+03 6.463820457458496094e+00 0.000000000000000000e+00
7.578792968750000000e+03 6.848963260650634766e+00 0.000000000000000000e+00
7.580536621093750000e+03 6.695419311523437500e+00 0.000000000000000000e+00
7.582284667968750000e+03 6.591917991638183594e+00 0.000000000000000000e+00
7.584028808593750000e+03 6.691207408905029297e+00 0.000000000000000000e+00
7.585773437500000000e+03 7.319398880004882812e+00 0.000000000000000000e+00
7.587522949218750000e+03 6.852061748504638672e+00 0.000000000000000000e+00
7.589268554687500000e+03 7.036203384399414062e+00 0.000000000000000000e+00
7.591018554687500000e+03 7.350618839263916016e+00 0.000000000000000000e+00
7.592764648437500000e+03 6.711222171783447266e+00 0.000000000000000000e+00
7.594515625000000000e+03 6.333380222320556641e+00 0.000000000000000000e+00
7.596262695312500000e+03 7.445101261138916016e+00 0.000000000000000000e+00
7.598010253906250000e+03 7.269209384918212891e+00 0.000000000000000000e+00
7.599762207031250000e+03 7.541163921356201172e+00 0.000000000000000000e+00
7.601510742187500000e+03 8.382350921630859375e+00 0.000000000000000000e+00
7.603263671875000000e+03 8.469219207763671875e+00 0.000000000000000000e+00
7.605012695312500000e+03 7.309867858886718750e+00 0.000000000000000000e+00
7.606766113281250000e+03 5.733281612396240234e+00 0.000000000000000000e+00
7.608516113281250000e+03 6.630343437194824219e+00 0.000000000000000000e+00
7.610266601562500000e+03 7.446401119232177734e+00 0.000000000000000000e+00
7.612021484375000000e+03 7.180718421936035156e+00 0.000000000000000000e+00
7.613772460937500000e+03 6.729351997375488281e+00 0.000000000000000000e+00
7.615528320312500000e+03 6.726315498352050781e+00 0.000000000000000000e+00
7.617280273437500000e+03 6.819704532623291016e+00 0.000000000000000000e+00
7.619036621093750000e+03 6.599133968353271484e+00 0.000000000000000000e+00
7.620789550781250000e+03 6.792243003845214844e+00 0.000000000000000000e+00
7.622542480468750000e+03 7.260167121887207031e+00 0.000000000000000000e+00
7.624300292968750000e+03 6.988775253295898438e+00 0.000000000000000000e+00
7.626054199218750000e+03 5.946914672851562500e+00 0.000000000000000000e+00
7.627812988281250000e+03 7.571022510528564453e+00 0.000000000000000000e+00
7.629567871093750000e+03 7.939642429351806641e+00 0.000000000000000000e+00
7.631327148437500000e+03 6.084871768951416016e+00 0.000000000000000000e+00
7.633082519531250000e+03 5.668572902679443359e+00 0.000000000000000000e+00
7.634838867187500000e+03 7.497217178344726562e+00 0.000000000000000000e+00
7.636599121093750000e+03 6.781517982482910156e+00 0.000000000000000000e+00
7.638355957031250000e+03 7.160305023193359375e+00 0.000000000000000000e+00
7.640117187500000000e+03 7.487725257873535156e+00 0.000000000000000000e+00
7.641875000000000000e+03 7.104436874389648438e+00 0.000000000000000000e+00
7.643637207031250000e+03 6.710134983062744141e+00 0.000000000000000000e+00
7.645395507812500000e+03 6.675925254821777344e+00 0.000000000000000000e+00
7.647154296875000000e+03 6.388587951660156250e+00 0.000000000000000000e+00
7.648917968750000000e+03 7.064635753631591797e+00 0.000000000000000000e+00
7.650677246093750000e+03 6.653989315032958984e+00 0.000000000000000000e+00
7.652441894531250000e+03 6.604786396026611328e+00 0.000000000000000000e+00
7.654202148437500000e+03 7.156228065490722656e+00 0.000000000000000000e+00
7.655967285156250000e+03 7.127677440643310547e+00 0.000000000000000000e+00
7.657728515625000000e+03 6.249178886413574219e+00 0.000000000000000000e+00
7.659490234375000000e+03 6.828384876251220703e+00 0.000000000000000000e+00
7.661256347656250000e+03 6.675397396087646484e+00 0.000000000000000000e+00
7.663018554687500000e+03 6.563187599182128906e+00 0.000000000000000000e+00
7.664785644531250000e+03 6.454386234283447266e+00 0.000000000000000000e+00
7.666549316406250000e+03 6.078900814056396484e+00 0.000000000000000000e+00
7.668316894531250000e+03 6.451736927032470703e+00 0.000000000000000000e+00
7.670081054687500000e+03 7.408677577972412109e+00 0.000000000000000000e+00
7.671849609375000000e+03 6.447292327880859375e+00 0.000000000000000000e+00
7.673614746093750000e+03 6.595681190490722656e+00 0.000000000000000000e+00
7.675379882812500000e+03 7.427360057830810547e+00 0.000000000000000000e+00
7.677149902343750000e+03 7.106523990631103516e+00 0.000000000000000000e+00
7.678916015625000000e+03 6.784802913665771484e+00 0.000000000000000000e+00
7.680687011718750000e+03 7.059011936187744141e+00 0.000000000000000000e+00
7.682453613281250000e+03 7.359200000762939453e+00 0.000000000000000000e+00
7.684225097656250000e+03 6.956422328948974609e+00 0.000000000000000000e+00
7.685993164062500000e+03 6.332486629486083984e+00 0.000000000000000000e+00
7.687761230468750000e+03 6.157513141632080078e+00 0.000000000000000000e+00
7.689534179687500000e+03 6.242316722869873047e+00 0.000000000000000000e+00
7.691302734375000000e+03 6.771305084228515625e+00 0.000000000000000000e+00
7.693076660156250000e+03 6.581869602203369141e+00 0.000000000000000000e+00
7.694846191406250000e+03 6.352600574493408203e+00 0.000000000000000000e+00
7.696620605468750000e+03 6.425864696502685547e+00 0.000000000000000000e+00
7.698391113281250000e+03 6.549891948699951172e+00 0.000000000000000000e+00
7.700162109375000000e+03 6.746608734130859375e+00 0.000000000000000000e+00
7.701937988281250000e+03 7.638765811920166016e+00 0.000000000000000000e+00
7.703709960937500000e+03 6.464502811431884766e+00 0.000000000000000000e+00
7.705486328125000000e+03 5.606928825378417969e+00 0.000000000000000000e+00
7.707258789062500000e+03 6.071361541748046875e+00 0.000000000000000000e+00
7.709036132812500000e+03 6.654900074005126953e+00 0.000000000000000000e+00
7.710809570312500000e+03 6.314183235168457031e+00 0.000000000000000000e+00
7.712583496093750000e+03 6.105560779571533203e+00 0.000000000000000000e+00
7.714361816406250000e+03 6.372704029083251953e+00 0.000000000000000000e+00
7.716136718750000000e+03 6.014217376708984375e+00 0.000000000000000000e+00
7.717916015625000000e+03 6.138493061065673828e+00 0.000000000000000000e+00
7.719691406250000000e+03 7.226738929748535156e+00 0.000000000000000000e+00
7.721471679687500000e+03 6.671018600463867188e+00 0.000000000000000000e+00
7.723248046875000000e+03 5.654692649841308594e+00 0.000000000000000000e+00
7.725024902343750000e+03 6.246383190155029297e+00 0.000000000000000000e+00
7.726806152343750000e+03 6.264254093170166016e+00 0.000000000000000000e+00
7.728583496093750000e+03 6.070643901824951172e+00 0.000000000000000000e+00
7.730365722656250000e+03 6.866234779357910156e+00 0.000000000000000000e+00
7.732144042968750000e+03 7.080169677734375000e+00 0.000000000000000000e+00
7.733927246093750000e+03 6.232708454132080078e+00 0.000000000000000000e+00
7.735706542968750000e+03 5.486732006072998047e+00 0.000000000000000000e+00
7.737485839843750000e+03 6.005890369415283203e+00 0.000000000000000000e+00
7.739270019531250000e+03 6.924973011016845703e+00 0.000000000000000000e+00
7.741050781250000000e+03 6.879888057708740234e+00 0.000000000000000000e+00
7.742835449218750000e+03 6.292581558227539062e+00 0.000000000000000000e+00
7.744616699218750000e+03 6.513257980346679688e+00 0.000000000000000000e+00
7.746402832031250000e+03 5.891623973846435547e+00 0.000000000000000000e+00
7.748185058593750000e+03 5.111552238464355469e+00 0.000000000000000000e+00
7.749967285156250000e+03 4.632511615753173828e+00 0.000000000000000000e+00
7.751754394531250000e+03 5.031950473785400391e+00 0.000000000000000000e+00
7.753537597656250000e+03 7.041511058807373047e+00 0.000000000000000000e+00
7.755325683593750000e+03 6.949673652648925781e+00 0.000000000000000000e+00
7.757109863281250000e+03 6.151338100433349609e+00 0.000000000000000000e+00
7.758898437500000000e+03 5.810460567474365234e+00 0.000000000000000000e+00
7.760683593750000000e+03 6.473476409912109375e+00 0.000000000000000000e+00
7.762468750000000000e+03 6.974081516265869141e+00 0.000000000000000000e+00
7.764258789062500000e+03 5.302576541900634766e+00 0.000000000000000000e+00
7.766044921875000000e+03 5.734266757965087891e+00 0.000000000000000000e+00
7.767835937500000000e+03 5.758037567138671875e+00 0.000000000000000000e+00
7.769622558593750000e+03 5.982004165649414062e+00 0.000000000000000000e+00
7.771414550781250000e+03 6.394915103912353516e+00 0.000000000000000000e+00
7.773202148437500000e+03 6.048658847808837891e+00 0.000000000000000000e+00
7.774990234375000000e+03 5.237896442413330078e+00 0.000000000000000000e+00
7.776783203125000000e+03 6.130029201507568359e+00 0.000000000000000000e+00
7.778572265625000000e+03 6.333760261535644531e+00 0.000000000000000000e+00
7.780366210937500000e+03 6.328697204589843750e+00 0.000000000000000000e+00
7.782155761718750000e+03 6.388978004455566406e+00 0.000000000000000000e+00
7.783950683593750000e+03 6.412432193756103516e+00 0.000000000000000000e+00
7.785741210937500000e+03 6.768487930297851562e+00 0.000000000000000000e+00
7.787532226562500000e+03 6.346716403961181641e+00 0.000000000000000000e+00
7.789328125000000000e+03 6.748414993286132812e+00 0.000000000000000000e+00
7.791120117187500000e+03 6.143672466278076172e+00 0.000000000000000000e+00
7.792916503906250000e+03 4.737062454223632812e+00 0.000000000000000000e+00
7.794709472656250000e+03 4.900750637054443359e+00 0.000000000000000000e+00
7.796506835937500000e+03 7.059781551361083984e+00 0.000000000000000000e+00
7.798300292968750000e+03 5.732553958892822266e+00 0.000000000000000000e+00
7.800094238281250000e+03 5.562684059143066406e+00 0.000000000000000000e+00
7.801893066406250000e+03 6.104999542236328125e+00 0.000000000000000000e+00
7.803687988281250000e+03 6.469608783721923828e+00 0.000000000000000000e+00
7.805487304687500000e+03 6.546643257141113281e+00 0.000000000000000000e+00
7.807283203125000000e+03 6.022492885589599609e+00 0.000000000000000000e+00
7.809083496093750000e+03 6.084846019744873047e+00 0.000000000000000000e+00
7.810879882812500000e+03 6.306886196136474609e+00 0.000000000000000000e+00
7.812681152343750000e+03 5.962327003479003906e+00 0.000000000000000000e+00
7.814478515625000000e+03 5.697644233703613281e+00 0.000000000000000000e+00
7.816275878906250000e+03 6.256757259368896484e+00 0.000000000000000000e+00
7.818078613281250000e+03 6.723043918609619141e+00 0.000000000000000000e+00
7.819876953125000000e+03 6.318552970886230469e+00 0.000000000000000000e+00
7.821680175781250000e+03 5.036561012268066406e+00 0.000000000000000000e+00
7.823479492187500000e+03 5.978861808776855469e+00 0.000000000000000000e+00
7.825283691406250000e+03 6.939576148986816406e+00 0.000000000000000000e+00
7.827083984375000000e+03 5.592393875122070312e+00 0.000000000000000000e+00
7.828884277343750000e+03 6.042874336242675781e+00 0.000000000000000000e+00
7.830689941406250000e+03 5.488133430480957031e+00 0.000000000000000000e+00
7.832491210937500000e+03 6.321128368377685547e+00 0.000000000000000000e+00
7.834297363281250000e+03 6.491975307464599609e+00 0.000000000000000000e+00
7.836099609375000000e+03 5.766669750213623047e+00 0.000000000000000000e+00
7.837906738281250000e+03 5.737945556640625000e+00 0.000000000000000000e+00
7.839709960937500000e+03 6.281642436981201172e+00 0.000000000000000000e+00
7.841513183593750000e+03 6.013870716094970703e+00 0.000000000000000000e+00
7.843321289062500000e+03 6.641859531402587891e+00 0.000000000000000000e+00
7.845125976562500000e+03 6.443407535552978516e+00 0.000000000000000000e+00
7.846935058593750000e+03 5.739096641540527344e+00 0.000000000000000000e+00
7.848740234375000000e+03 5.765322685241699219e+00 0.000000000000000000e+00
7.850549804687500000e+03 5.333775997161865234e+00 0.000000000000000000e+00
7.852355957031250000e+03 5.037446498870849609e+00 0.000000000000000000e+00
7.854162597656250000e+03 6.793801784515380859e+00 0.000000000000000000e+00
7.855973632812500000e+03 6.201356887817382812e+00 0.000000000000000000e+00
7.857780761718750000e+03 4.715653896331787109e+00 0.000000000000000000e+00
7.859592773437500000e+03 6.088919639587402344e+00 0.000000000000000000e+00
7.861400878906250000e+03 7.361933708190917969e+00 0.000000000000000000e+00
7.863213867187500000e+03 6.801160812377929688e+00 0.000000000000000000e+00
7.865022460937500000e+03 6.346369743347167969e+00 0.000000000000000000e+00
7.866832031250000000e+03 6.079366207122802734e+00 0.000000000000000000e+00
7.868645996093750000e+03 5.516685962677001953e+00 0.000000000000000000e+00
7.870456054687500000e+03 5.301963806152343750e+00 0.000000000000000000e+00
7.872270996093750000e+03 6.560903549194335938e+00 0.000000000000000000e+00
7.874082031250000000e+03 5.409457683563232422e+00 0.000000000000000000e+00
7.875897949218750000e+03 6.186390876770019531e+00 0.000000000000000000e+00
7.877709960937500000e+03 6.726419448852539062e+00 0.000000000000000000e+00
7.879521972656250000e+03 6.315335750579833984e+00 0.000000000000000000e+00
7.881338867187500000e+03 6.342043876647949219e+00 0.000000000000000000e+00
7.883151855468750000e+03 6.409253120422363281e+00 0.000000000000000000e+00
7.884969726562500000e+03 5.893823623657226562e+00 0.000000000000000000e+00
7.886783691406250000e+03 5.162669181823730469e+00 0.000000000000000000e+00
7.888602539062500000e+03 5.865276336669921875e+00 0.000000000000000000e+00
7.890417480468750000e+03 6.878009796142578125e+00 0.000000000000000000e+00
7.892232421875000000e+03 6.237078189849853516e+00 0.000000000000000000e+00
7.894052246093750000e+03 5.274702548980712891e+00 0.000000000000000000e+00
7.895868652343750000e+03 5.877042770385742188e+00 0.000000000000000000e+00
7.897688964843750000e+03 6.351527214050292969e+00 0.000000000000000000e+00
7.899505859375000000e+03 5.431359291076660156e+00 0.000000000000000000e+00
7.901327636718750000e+03 4.638524532318115234e+00 0.000000000000000000e+00
7.903145507812500000e+03 5.595652580261230469e+00 0.000000000000000000e+00
7.904963378906250000e+03 6.366852760314941406e+00 0.000000000000000000e+00
7.906786132812500000e+03 5.619287490844726562e+00 0.000000000000000000e+00
7.908605468750000000e+03 6.567689895629882812e+00 0.000000000000000000e+00
7.910429199218750000e+03 6.080313682556152344e+00 0.000000000000000000e+00
7.912248535156250000e+03 5.220080852508544922e+00 0.000000000000000000e+00
7.914073242187500000e+03 6.874871730804443359e+00 0.000000000000000000e+00
7.915894042968750000e+03 7.495069026947021484e+00 0.000000000000000000e+00
7.917714843750000000e+03 4.659720897674560547e+00 0.000000000000000000e+00
7.919540527343750000e+03 3.892411470413208008e+00 0.000000000000000000e+00
7.921362792968750000e+03 6.287430763244628906e+00 0.000000000000000000e+00
7.923189453125000000e+03 7.720518112182617188e+00 0.000000000000000000e+00
7.925012207031250000e+03 5.872689247131347656e+00 0.000000000000000000e+00
7.926839355468750000e+03 5.780477523803710938e+00 0.000000000000000000e+00
7.928663085937500000e+03 5.659980297088623047e+00 0.000000000000000000e+00
7.930486816406250000e+03 5.921972274780273438e+00 0.000000000000000000e+00
7.932315917968750000e+03 5.989412307739257812e+00 0.000000000000000000e+00
7.934140625000000000e+03 5.977714061737060547e+00 0.000000000000000000e+00
7.935970214843750000e+03 6.159360408782958984e+00 0.000000000000000000e+00
7.937795898437500000e+03 5.628465652465820312e+00 0.000000000000000000e+00
7.939626464843750000e+03 4.941065311431884766e+00 0.000000000000000000e+00
7.941452636718750000e+03 4.449925422668457031e+00 0.000000000000000000e+00
7.943284179687500000e+03 4.836172580718994141e+00 0.000000000000000000e+00
7.945111328125000000e+03 5.468382358551025391e+00 0.000000000000000000e+00
7.946938964843750000e+03 5.558546543121337891e+00 0.000000000000000000e+00
7.948771972656250000e+03 5.880950927734375000e+00 0.000000000000000000e+00
7.950600585937500000e+03 5.337803840637207031e+00 0.000000000000000000e+00
7.952433593750000000e+03 5.533204078674316406e+00 0.000000000000000000e+00
7.954263183593750000e+03 5.663168907165527344e+00 0.000000000000000000e+00
7.956097656250000000e+03 5.372678756713867188e+00 0.000000000000000000e+00
7.957927734375000000e+03 5.461430072784423828e+00 0.000000000000000000e+00
7.959758300781250000e+03 6.156507968902587891e+00 0.000000000000000000e+00
7.961593750000000000e+03 5.350963115692138672e+00 0.000000000000000000e+00
7.963425292968750000e+03 5.254361152648925781e+00 0.000000000000000000e+00
7.965261718750000000e+03 6.023540019989013672e+00 0.000000000000000000e+00
7.967094238281250000e+03 6.452976703643798828e+00 0.000000000000000000e+00
7.968931640625000000e+03 5.885088443756103516e+00 0.000000000000000000e+00
7.970764648437500000e+03 5.448452472686767578e+00 0.000000000000000000e+00
7.972598144531250000e+03 5.746754169464111328e+00 0.000000000000000000e+00
7.974437011718750000e+03 6.029749393463134766e+00 0.000000000000000000e+00
7.976271484375000000e+03 6.087149143218994141e+00 0.000000000000000000e+00
7.978110839843750000e+03 6.334146022796630859e+00 0.000000000000000000e+00
7.979945800781250000e+03 6.507925987243652344e+00 0.000000000000000000e+00
7.981786132812500000e+03 5.353043079376220703e+00 0.000000000000000000e+00
7.983622558593750000e+03 5.876858234405517578e+00 0.000000000000000000e+00
7.985458984375000000e+03 6.292885780334472656e+00 0.000000000000000000e+00
7.987300292968750000e+03 5.590106010437011719e+00 0.000000000000000000e+00
7.989137695312500000e+03 5.109757423400878906e+00 0.000000000000000000e+00
7.990979980468750000e+03 5.747766971588134766e+00 0.000000000000000000e+00
7.992818359375000000e+03 5.485611438751220703e+00 0.000000000000000000e+00
7.994661621093750000e+03 6.974752902984619141e+00 0.000000000000000000e+00
7.996500488281250000e+03 5.981822490692138672e+00 0.000000000000000000e+00
7.998340332031250000e+03 5.182905673980712891e+00 0.000000000000000000e+00
8.000184570312500000e+03 5.780041694641113281e+00 0.000000000000000000e+00
8.002024902343750000e+03 6.147605895996093750e+00 0.000000000000000000e+00
8.003870605468750000e+03 6.225159645080566406e+00 0.000000000000000000e+00
8.005711425781250000e+03 6.152420043945312500e+00 0.000000000000000000e+00
8.007557617187500000e+03 5.668687820434570312e+00 0.000000000000000000e+00
8.009399902343750000e+03 5.712090492248535156e+00 0.000000000000000000e+00
8.011242675781250000e+03 5.825889587402343750e+00 0.000000000000000000e+00
8.013089843750000000e+03 5.187589645385742188e+00 0.000000000000000000e+00
8.014933105468750000e+03 5.488379001617431641e+00 0.000000000000000000e+00
8.016781250000000000e+03 7.818042755126953125e+00 0.000000000000000000e+00
8.018625488281250000e+03 7.039790153503417969e+00 0.000000000000000000e+00
8.020474609375000000e+03 5.799591541290283203e+00 0.000000000000000000e+00
8.022319824218750000e+03 5.992623805999755859e+00 0.000000000000000000e+00
8.024165527343750000e+03 6.449473857879638672e+00 0.000000000000000000e+00
8.026015625000000000e+03 6.520083427429199219e+00 0.000000000000000000e+00
8.027862304687500000e+03 6.039548873901367188e+00 0.000000000000000000e+00
8.029713378906250000e+03 4.955948829650878906e+00 0.000000000000000000e+00
8.031560546875000000e+03 4.748629093170166016e+00 0.000000000000000000e+00
8.033412597656250000e+03 5.558409690856933594e+00 0.000000000000000000e+00
8.035260742187500000e+03 6.100510597229003906e+00 0.000000000000000000e+00
8.037109375000000000e+03 5.756573200225830078e+00 0.000000000000000000e+00
8.038962402343750000e+03 5.252865791320800781e+00 0.000000000000000000e+00
8.040812011718750000e+03 5.528115749359130859e+00 0.000000000000000000e+00
8.042666015625000000e+03 5.567542076110839844e+00 0.000000000000000000e+00
8.044516113281250000e+03 5.515972614288330078e+00 0.000000000000000000e+00
8.046371093750000000e+03 6.055174350738525391e+00 0.000000000000000000e+00
8.048222167968750000e+03 5.907159328460693359e+00 0.000000000000000000e+00
8.050073730468750000e+03 5.603607654571533203e+00 0.000000000000000000e+00
8.051930175781250000e+03 5.858026981353759766e+00 0.000000000000000000e+00
8.053782714843750000e+03 5.960335254669189453e+00 0.000000000000000000e+00
8.055639648437500000e+03 5.685078144073486328e+00 0.000000000000000000e+00
8.057492675781250000e+03 5.531141281127929688e+00 0.000000000000000000e+00
8.059351074218750000e+03 5.394934654235839844e+00 0.000000000000000000e+00
8.061205078125000000e+03 4.213806629180908203e+00 0.000000000000000000e+00
8.063059570312500000e+03 5.223458766937255859e+00 0.000000000000000000e+00
8.064918945312500000e+03 5.794540882110595703e+00 0.000000000000000000e+00
8.066773925781250000e+03 5.271319866180419922e+00 0.000000000000000000e+00
8.068634277343750000e+03 5.577362537384033203e+00 0.000000000000000000e+00
8.070490234375000000e+03 5.863098144531250000e+00 0.000000000000000000e+00
8.072351562500000000e+03 5.271071434020996094e+00 0.000000000000000000e+00
8.074208496093750000e+03 5.446451663970947266e+00 0.000000000000000000e+00
8.076065917968750000e+03 5.784884452819824219e+00 0.000000000000000000e+00
8.077928222656250000e+03 5.520974636077880859e+00 0.000000000000000000e+00
8.079786621093750000e+03 5.156361103057861328e+00 0.000000000000000000e+00
8.081649902343750000e+03 5.756048679351806641e+00 0.000000000000000000e+00
8.083508789062500000e+03 5.458720684051513672e+00 0.000000000000000000e+00
8.085373046875000000e+03 5.754439830780029297e+00 0.000000000000000000e+00
8.087232910156250000e+03 5.909492492675781250e+00 0.000000000000000000e+00
8.089098144531250000e+03 5.788192749023437500e+00 0.000000000000000000e+00
8.090958984375000000e+03 5.972823619842529297e+00 0.000000000000000000e+00
8.092820312500000000e+03 5.696750164031982422e+00 0.000000000000000000e+00
8.094686523437500000e+03 5.703909873962402344e+00 0.000000000000000000e+00
8.096548339843750000e+03 5.586517810821533203e+00 0.000000000000000000e+00
8.098415527343750000e+03 5.893853664398193359e+00 0.000000000000000000e+00
8.100278808593750000e+03 6.003081798553466797e+00 0.000000000000000000e+00
8.102146484375000000e+03 5.207944393157958984e+00 0.000000000000000000e+00
8.104010253906250000e+03 5.340987205505371094e+00 0.000000000000000000e+00
8.105874511718750000e+03 5.558352470397949219e+00 0.000000000000000000e+00
8.107744140625000000e+03 5.034069538116455078e+00 0.000000000000000000e+00
8.109608886718750000e+03 5.395888805389404297e+00 0.000000000000000000e+00
8.111479003906250000e+03 5.829480648040771484e+00 0.000000000000000000e+00
8.113345214843750000e+03 5.035526752471923828e+00 0.000000000000000000e+00
8.115216308593750000e+03 6.095204830169677734e+00 0.000000000000000000e+00
8.117083007812500000e+03 5.432557106018066406e+00 0.000000000000000000e+00
8.118950195312500000e+03 5.652892112731933594e+00 0.000000000000000000e+00
8.120822753906250000e+03 5.526467323303222656e+00 0.000000000000000000e+00
8.122690917968750000e+03 4.998124122619628906e+00 0.000000000000000000e+00
8.124563964843750000e+03 5.504214763641357422e+00 0.000000000000000000e+00
8.126432617187500000e+03 5.811659812927246094e+00 0.000000000000000000e+00
8.128306640625000000e+03 6.302615165710449219e+00 0.000000000000000000e+00
8.130176757812500000e+03 5.740838527679443359e+00 0.000000000000000000e+00
8.132046875000000000e+03 5.397529125213623047e+00 0.000000000000000000e+00
8.133922363281250000e+03 5.605671405792236328e+00 0.000000000000000000e+00
8.135793457031250000e+03 5.505505561828613281e+00 0.000000000000000000e+00
8.137669433593750000e+03 5.668766975402832031e+00 0.000000000000000000e+00
8.139541503906250000e+03 6.203286647796630859e+00 0.000000000000000000e+00
8.141418457031250000e+03 5.213174819946289062e+00 0.000000000000000000e+00
8.143291503906250000e+03 4.671790122985839844e+00 0.000000000000000000e+00
8.145165039062500000e+03 5.474721431732177734e+00 0.000000000000000000e+00
8.147042968750000000e+03 6.073090076446533203e+00 0.000000000000000000e+00
8.148917480468750000e+03 5.548407554626464844e+00 0.000000000000000000e+00
8.150796386718750000e+03 5.513930320739746094e+00 0.000000000000000000e+00
8.152671386718750000e+03 6.074332237243652344e+00 0.000000000000000000e+00
8.154551269531250000e+03 5.974693298339843750e+00 0.000000000000000000e+00
8.156427246093750000e+03 5.515396118164062500e+00 0.000000000000000000e+00
8.158303710937500000e+03 5.705703258514404297e+00 0.000000000000000000e+00
8.160185058593750000e+03 5.414287567138671875e+00 0.000000000000000000e+00
8.162062500000000000e+03 5.998875141143798828e+00 0.000000000000000000e+00
8.163944335937500000e+03 5.762333393096923828e+00 0.000000000000000000e+00
8.165822753906250000e+03 5.787046909332275391e+00 0.000000000000000000e+00
8.167705566406250000e+03 6.241262435913085938e+00 0.000000000000000000e+00
8.169584472656250000e+03 5.888080596923828125e+00 0.000000000000000000e+00
8.171463867187500000e+03 5.306237697601318359e+00 0.000000000000000000e+00
8.173348144531250000e+03 5.622087478637695312e+00 0.000000000000000000e+00
8.175228515625000000e+03 5.720349788665771484e+00 0.000000000000000000e+00
8.177113769531250000e+03 5.660937786102294922e+00 0.000000000000000000e+00
8.178995117187500000e+03 5.651554584503173828e+00 0.000000000000000000e+00
8.180880859375000000e+03 5.693938732147216797e+00 0.000000000000000000e+00
8.182763183593750000e+03 6.047533512115478516e+00 0.000000000000000000e+00
8.184645507812500000e+03 5.537302494049072266e+00 0.000000000000000000e+00
8.186532714843750000e+03 5.461863040924072266e+00 0.000000000000000000e+00
8.188416015625000000e+03 5.602617740631103516e+00 0.000000000000000000e+00
8.190304199218750000e+03 5.325257778167724609e+00 0.000000000000000000e+00
8.192188476562500000e+03 4.833004474639892578e+00 0.000000000000000000e+00
8.194077148437500000e+03 5.256934165954589844e+00 0.000000000000000000e+00
8.195962890625000000e+03 6.266986370086669922e+00 0.000000000000000000e+00
8.197847656250000000e+03 5.169126510620117188e+00 0.000000000000000000e+00
8.199738281250000000e+03 4.710384845733642578e+00 0.000000000000000000e+00
8.201625000000000000e+03 6.025291919708251953e+00 0.000000000000000000e+00
8.203515625000000000e+03 6.756031513214111328e+00 0.000000000000000000e+00
8.205403320312500000e+03 5.935680389404296875e+00 0.000000000000000000e+00
8.207295898437500000e+03 5.555232048034667969e+00 0.000000000000000000e+00
8.209183593750000000e+03 5.812310695648193359e+00 0.000000000000000000e+00
8.211072265625000000e+03 5.539070129394531250e+00 0.000000000000000000e+00
8.212965820312500000e+03 5.295650005340576172e+00 0.000000000000000000e+00
8.214854492187500000e+03 6.049990653991699219e+00 0.000000000000000000e+00
8.216749023437500000e+03 5.670549869537353516e+00 0.000000000000000000e+00
8.218639648437500000e+03 6.806182861328125000e+00 0.000000000000000000e+00
8.220534179687500000e+03 6.967734336853027344e+00 0.000000000000000000e+00
8.222425781250000000e+03 5.809865951538085938e+00 0.000000000000000000e+00
8.224317382812500000e+03 5.425536632537841797e+00 0.000000000000000000e+00
8.226213867187500000e+03 6.708060741424560547e+00 0.000000000000000000e+00
8.228106445312500000e+03 5.949681758880615234e+00 0.000000000000000000e+00
8.230003906250000000e+03 5.825570583343505859e+00 0.000000000000000000e+00
8.231896484375000000e+03 5.759807586669921875e+00 0.000000000000000000e+00
8.233794921875000000e+03 5.808486461639404297e+00 0.000000000000000000e+00
8.235689453125000000e+03 5.789570808410644531e+00 0.000000000000000000e+00
8.237588867187500000e+03 5.228808879852294922e+00 0.000000000000000000e+00
8.239483398437500000e+03 4.984423637390136719e+00 0.000000000000000000e+00
8.241378906250000000e+03 6.248152732849121094e+00 0.000000000000000000e+00
8.243279296875000000e+03 6.035620212554931641e+00 0.000000000000000000e+00
8.245175781250000000e+03 5.525996685028076172e+00 0.000000000000000000e+00
8.247077148437500000e+03 5.676702499389648438e+00 0.000000000000000000e+00
8.248974609375000000e+03 5.779118537902832031e+00 0.000000000000000000e+00
8.250876953125000000e+03 6.167961120605468750e+00 0.000000000000000000e+00
8.252774414062500000e+03 5.463323593139648438e+00 0.000000000000000000e+00
8.254672851562500000e+03 5.181683063507080078e+00 0.000000000000000000e+00
8.256577148437500000e+03 5.638395786285400391e+00 0.000000000000000000e+00
8.258476562500000000e+03 5.844779491424560547e+00 0.000000000000000000e+00
8.260380859375000000e+03 5.441559791564941406e+00 0.000000000000000000e+00
8.262281250000000000e+03 6.346917152404785156e+00 0.000000000000000000e+00
8.264186523437500000e+03 6.374448776245117188e+00 0.000000000000000000e+00
8.266086914062500000e+03 5.612803459167480469e+00 0.000000000000000000e+00
8.267989257812500000e+03 5.489596366882324219e+00 0.000000000000000000e+00
8.269895507812500000e+03 5.815173149108886719e+00 0.000000000000000000e+00
8.271797851562500000e+03 5.403598785400390625e+00 0.000000000000000000e+00
8.273705078125000000e+03 5.389219284057617188e+00 0.000000000000000000e+00
8.275608398437500000e+03 5.548600196838378906e+00 0.000000000000000000e+00
8.277516601562500000e+03 6.103824615478515625e+00 0.000000000000000000e+00
8.279420898437500000e+03 5.612629890441894531e+00 0.000000000000000000e+00
8.281326171875000000e+03 4.678034305572509766e+00 0.000000000000000000e+00
8.283235351562500000e+03 5.168748855590820312e+00 0.000000000000000000e+00
8.285141601562500000e+03 5.314872741699218750e+00 0.000000000000000000e+00
8.287051757812500000e+03 5.984901905059814453e+00 0.000000000000000000e+00
8.288958007812500000e+03 5.798508644104003906e+00 0.000000000000000000e+00
8.290869140625000000e+03 5.202421665191650391e+00 0.000000000000000000e+00
8.292777343750000000e+03 4.798858642578125000e+00 0.000000000000000000e+00
8.294684570312500000e+03 4.503451347351074219e+00 0.000000000000000000e+00
8.296597656250000000e+03 4.720635890960693359e+00 0.000000000000000000e+00
8.298505859375000000e+03 6.246885299682617188e+00 0.000000000000000000e+00
8.300419921875000000e+03 5.341937065124511719e+00 0.000000000000000000e+00
8.302329101562500000e+03 4.230630397796630859e+00 0.000000000000000000e+00
8.304243164062500000e+03 4.783195972442626953e+00 0.000000000000000000e+00
8.306154296875000000e+03 5.512124061584472656e+00 0.000000000000000000e+00
8.308064453125000000e+03 5.475929260253906250e+00 0.000000000000000000e+00
8.309980468750000000e+03 6.206203937530517578e+00 0.000000000000000000e+00
8.311892578125000000e+03 7.007194042205810547e+00 0.000000000000000000e+00
8.313808593750000000e+03 6.248448848724365234e+00 0.000000000000000000e+00
8.315721679687500000e+03 5.243407249450683594e+00 0.000000000000000000e+00
8.317639648437500000e+03 6.045350074768066406e+00 0.000000000000000000e+00
8.319552734375000000e+03 5.153037071228027344e+00 0.000000000000000000e+00
8.321466796875000000e+03 5.825608253479003906e+00 0.000000000000000000e+00
8.323385742187500000e+03 6.351878166198730469e+00 0.000000000000000000e+00
8.325299804687500000e+03 5.695168018341064453e+00 0.000000000000000000e+00
8.327219726562500000e+03 5.298109531402587891e+00 0.000000000000000000e+00
8.329135742187500000e+03 6.254444599151611328e+00 0.000000000000000000e+00
8.331056640625000000e+03 5.184479713439941406e+00 0.000000000000000000e+00
8.332972656250000000e+03 5.648889064788818359e+00 0.000000000000000000e+00
8.334889648437500000e+03 5.956588745117187500e+00 0.000000000000000000e+00
8.336811523437500000e+03 5.700725555419921875e+00 0.000000000000000000e+00
8.338729492187500000e+03 5.616246700286865234e+00 0.000000000000000000e+00
8.340652343750000000e+03 5.502105236053466797e+00 0.000000000000000000e+00
8.342571289062500000e+03 4.433218479156494141e+00 0.000000000000000000e+00
8.344495117187500000e+03 1.113339900970458984e+01 0.000000000000000000e+00
8.346415039062500000e+03 6.663037300109863281e+00 0.000000000000000000e+00
8.348334960937500000e+03 1.291426062583923340e+00 0.000000000000000000e+00
8.350259765625000000e+03 3.527482748031616211e+00 0.000000000000000000e+00
8.352180664062500000e+03 5.752849102020263672e+00 0.000000000000000000e+00
8.354107421875000000e+03 6.494181632995605469e+00 0.000000000000000000e+00
8.356029296875000000e+03 5.027452468872070312e+00 0.000000000000000000e+00
8.357956054687500000e+03 4.389261245727539062e+00 0.000000000000000000e+00
8.359878906250000000e+03 4.949166774749755859e+00 0.000000000000000000e+00
8.361801757812500000e+03 5.680602073669433594e+00 0.000000000000000000e+00
8.363729492187500000e+03 6.280479431152343750e+00 0.000000000000000000e+00
8.365654296875000000e+03 7.420928478240966797e+00 0.000000000000000000e+00
8.367583007812500000e+03 6.177082538604736328e+00 0.000000000000000000e+00
8.369507812500000000e+03 5.448658466339111328e+00 0.000000000000000000e+00
8.371437500000000000e+03 5.769571304321289062e+00 0.000000000000000000e+00
8.373364257812500000e+03 5.403654575347900391e+00 0.000000000000000000e+00
8.375290039062500000e+03 4.203157901763916016e+00 0.000000000000000000e+00
8.377221679687500000e+03 6.411784172058105469e+00 0.000000000000000000e+00
8.379148437500000000e+03 5.696156501770019531e+00 0.000000000000000000e+00
8.381081054687500000e+03 5.423113822937011719e+00 0.000000000000000000e+00
8.383008789062500000e+03 5.838110446929931641e+00 0.000000000000000000e+00
8.384942382812500000e+03 5.694318294525146484e+00 0.000000000000000000e+00
8.386871093750000000e+03 5.226061820983886719e+00 0.000000000000000000e+00
8.388804687500000000e+03 5.616580009460449219e+00 0.000000000000000000e+00
8.390734375000000000e+03 5.607426643371582031e+00 0.000000000000000000e+00
8.392665039062500000e+03 6.433876514434814453e+00 0.000000000000000000e+00
8.394600585937500000e+03 5.546805858612060547e+00 0.000000000000000000e+00
8.396531250000000000e+03 4.159145832061767578e+00 0.000000000000000000e+00
8.398467773437500000e+03 6.327691078186035156e+00 0.000000000000000000e+00
8.400399414062500000e+03 6.821035861968994141e+00 0.000000000000000000e+00
8.402336914062500000e+03 4.030017852783203125e+00 0.000000000000000000e+00
8.404269531250000000e+03 4.012250423431396484e+00 0.000000000000000000e+00
8.406203125000000000e+03 5.113188743591308594e+00 0.000000000000000000e+00
8.408141601562500000e+03 5.499606609344482422e+00 0.000000000000000000e+00
8.410076171875000000e+03 6.200720787048339844e+00 0.000000000000000000e+00
8.412015625000000000e+03 4.939898490905761719e+00 0.000000000000000000e+00
8.413950195312500000e+03 6.158084392547607422e+00 0.000000000000000000e+00
8.415890625000000000e+03 5.868332386016845703e+00 0.000000000000000000e+00
8.417827148437500000e+03 4.860620498657226562e+00 0.000000000000000000e+00
8.419763671875000000e+03 5.059426784515380859e+00 0.000000000000000000e+00
8.421705078125000000e+03 5.678312778472900391e+00 0.000000000000000000e+00
8.423642578125000000e+03 5.196615695953369141e+00 0.000000000000000000e+00
8.425584960937500000e+03 6.366924762725830078e+00 0.000000000000000000e+00
8.427523437500000000e+03 5.119390964508056641e+00 0.000000000000000000e+00
8.429466796875000000e+03 4.153642654418945312e+00 0.000000000000000000e+00
8.431405273437500000e+03 5.367376327514648438e+00 0.000000000000000000e+00
8.433345703125000000e+03 5.680037021636962891e+00 0.000000000000000000e+00
8.435290039062500000e+03 4.024345874786376953e+00 0.000000000000000000e+00
8.437230468750000000e+03 5.090379238128662109e+00 0.000000000000000000e+00
8.439175781250000000e+03 5.386131286621093750e+00 0.000000000000000000e+00
8.441117187500000000e+03 5.400828361511230469e+00 0.000000000000000000e+00
8.443064453125000000e+03 6.078706741333007812e+00 0.000000000000000000e+00
8.445005859375000000e+03 6.159327983856201172e+00 0.000000000000000000e+00
8.446949218750000000e+03 5.600388050079345703e+00 0.000000000000000000e+00
8.448896484375000000e+03 4.955111980438232422e+00 0.000000000000000000e+00
8.450840820312500000e+03 6.451736450195312500e+00 0.000000000000000000e+00
8.452789062500000000e+03 6.618737220764160156e+00 0.000000000000000000e+00
8.454734375000000000e+03 5.058196544647216797e+00 0.000000000000000000e+00
8.456683593750000000e+03 5.692024230957031250e+00 0.000000000000000000e+00
8.458628906250000000e+03 5.625184059143066406e+00 0.000000000000000000e+00
8.460575195312500000e+03 5.436626911163330078e+00 0.000000000000000000e+00
8.462525390625000000e+03 5.004252910614013672e+00 0.000000000000000000e+00
8.464472656250000000e+03 6.340867519378662109e+00 0.000000000000000000e+00
8.466424804687500000e+03 7.460010528564453125e+00 0.000000000000000000e+00
8.468372070312500000e+03 4.456126213073730469e+00 0.000000000000000000e+00
8.470325195312500000e+03 4.162711620330810547e+00 0.000000000000000000e+00
8.472273437500000000e+03 5.650491714477539062e+00 0.000000000000000000e+00
8.474222656250000000e+03 6.456644535064697266e+00 0.000000000000000000e+00
8.476176757812500000e+03 6.114720344543457031e+00 0.000000000000000000e+00
8.478126953125000000e+03 5.748497486114501953e+00 0.000000000000000000e+00
8.480082031250000000e+03 6.052939414978027344e+00 0.000000000000000000e+00
8.482032226562500000e+03 5.203065872192382812e+00 0.000000000000000000e+00
8.483988281250000000e+03 5.342342376708984375e+00 0.000000000000000000e+00
8.485940429687500000e+03 5.691007137298583984e+00 0.000000000000000000e+00
8.487892578125000000e+03 6.092803478240966797e+00 0.000000000000000000e+00
8.489849609375000000e+03 6.095799446105957031e+00 0.000000000000000000e+00
8.491802734375000000e+03 5.314980030059814453e+00 0.000000000000000000e+00
8.493760742187500000e+03 6.059381008148193359e+00 0.000000000000000000e+00
8.495714843750000000e+03 5.813451290130615234e+00 0.000000000000000000e+00
8.497673828125000000e+03 5.592605113983154297e+00 0.000000000000000000e+00
8.499628906250000000e+03 5.944651126861572266e+00 0.000000000000000000e+00
8.501583984375000000e+03 6.230888843536376953e+00 0.000000000000000000e+00
8.503544921875000000e+03 5.946807384490966797e+00 0.000000000000000000e+00
8.505500976562500000e+03 6.486141204833984375e+00 0.000000000000000000e+00
8.507461914062500000e+03 6.612439632415771484e+00 0.000000000000000000e+00
8.509419921875000000e+03 5.724908828735351562e+00 0.000000000000000000e+00
8.511381835937500000e+03 5.376022338867187500e+00 0.000000000000000000e+00
8.513339843750000000e+03 6.007982730865478516e+00 0.000000000000000000e+00
8.515297851562500000e+03 6.077184200286865234e+00 0.000000000000000000e+00
8.517261718750000000e+03 5.690174102783203125e+00 0.000000000000000000e+00
8.519221679687500000e+03 5.693700790405273438e+00 0.000000000000000000e+00
8.521185546875000000e+03 5.902326107025146484e+00 0.000000000000000000e+00
8.523146484375000000e+03 5.984366416931152344e+00 0.000000000000000000e+00
8.525111328125000000e+03 5.823894023895263672e+00 0.000000000000000000e+00
8.527072265625000000e+03 5.783096313476562500e+00 0.000000000000000000e+00
8.529034179687500000e+03 6.540175914764404297e+00 0.000000000000000000e+00
8.531000976562500000e+03 5.864992141723632812e+00 0.000000000000000000e+00
8.532963867187500000e+03 6.343124866485595703e+00 0.000000000000000000e+00
8.534931640625000000e+03 6.505324840545654297e+00 0.000000000000000000e+00
8.536894531250000000e+03 5.173214912414550781e+00 0.000000000000000000e+00
8.538863281250000000e+03 3.698363542556762695e+00 0.000000000000000000e+00
8.540828125000000000e+03 1.268889307975769043e+00 0.000000000000000000e+00
8.542796875000000000e+03 2.366374969482421875e+00 0.000000000000000000e+00
8.544762695312500000e+03 4.607297420501708984e+00 0.000000000000000000e+00
8.546728515625000000e+03 5.736609458923339844e+00 0.000000000000000000e+00
8.548699218750000000e+03 6.213153839111328125e+00 0.000000000000000000e+00
8.550666015625000000e+03 7.042652130126953125e+00 0.000000000000000000e+00
8.552637695312500000e+03 5.332522869110107422e+00 0.000000000000000000e+00
8.554604492187500000e+03 6.003235816955566406e+00 0.000000000000000000e+00
8.556577148437500000e+03 6.178075790405273438e+00 0.000000000000000000e+00
8.558545898437500000e+03 5.408561706542968750e+00 0.000000000000000000e+00
8.560514648437500000e+03 4.140390396118164062e+00 0.000000000000000000e+00
8.562489257812500000e+03 2.266345739364624023e+00 0.000000000000000000e+00
8.564458984375000000e+03 2.516680717468261719e+00 0.000000000000000000e+00
8.566433593750000000e+03 4.620947360992431641e+00 0.000000000000000000e+00
8.568404296875000000e+03 6.029536724090576172e+00 0.000000000000000000e+00
8.570379882812500000e+03 6.348801612854003906e+00 0.000000000000000000e+00
8.572351562500000000e+03 6.336026191711425781e+00 0.000000000000000000e+00
8.574324218750000000e+03 6.293532848358154297e+00 0.000000000000000000e+00
8.576300781250000000e+03 5.931127548217773438e+00 0.000000000000000000e+00
8.578274414062500000e+03 5.901493072509765625e+00 0.000000000000000000e+00
8.580251953125000000e+03 4.820065498352050781e+00 0.000000000000000000e+00
8.582225585937500000e+03 6.860688686370849609e+00 0.000000000000000000e+00
8.584205078125000000e+03 9.768041610717773438e+00 0.000000000000000000e+00
8.586179687500000000e+03 5.998726844787597656e+00 0.000000000000000000e+00
8.588155273437500000e+03 6.857078552246093750e+00 0.000000000000000000e+00
8.590135742187500000e+03 5.876000404357910156e+00 0.000000000000000000e+00
8.592111328125000000e+03 5.862238407135009766e+00 0.000000000000000000e+00
8.594092773437500000e+03 6.043498992919921875e+00 0.000000000000000000e+00
8.596070312500000000e+03 5.971280574798583984e+00 0.000000000000000000e+00
8.598052734375000000e+03 7.360011577606201172e+00 0.000000000000000000e+00
8.600030273437500000e+03 5.956729412078857422e+00 0.000000000000000000e+00
8.602008789062500000e+03 5.789349079132080078e+00 0.000000000000000000e+00
8.603992187500000000e+03 5.745451927185058594e+00 0.000000000000000000e+00
8.605971679687500000e+03 6.000769615173339844e+00 0.000000000000000000e+00
8.607956054687500000e+03 6.445810317993164062e+00 0.000000000000000000e+00
8.609936523437500000e+03 5.826487064361572266e+00 0.000000000000000000e+00
8.611921875000000000e+03 5.833656311035156250e+00 0.000000000000000000e+00
8.613903320312500000e+03 5.667083740234375000e+00 0.000000000000000000e+00
8.615884765625000000e+03 6.077428817749023438e+00 0.000000000000000000e+00
8.617871093750000000e+03 6.356674671173095703e+00 0.000000000000000000e+00
8.619853515625000000e+03 6.108675956726074219e+00 0.000000000000000000e+00
8.621841796875000000e+03 6.100624561309814453e+00 0.000000000000000000e+00
8.623825195312500000e+03 5.568973541259765625e+00 0.000000000000000000e+00
8.625813476562500000e+03 5.091886997222900391e+00 0.000000000000000000e+00
8.627797851562500000e+03 5.285783290863037109e+00 0.000000000000000000e+00
8.629783203125000000e+03 5.965972423553466797e+00 0.000000000000000000e+00
8.631772460937500000e+03 5.998646736145019531e+00 0.000000000000000000e+00
8.633758789062500000e+03 4.931252002716064453e+00 0.000000000000000000e+00
8.635750000000000000e+03 5.823338508605957031e+00 0.000000000000000000e+00
8.637736328125000000e+03 5.441807270050048828e+00 0.000000000000000000e+00
8.639728515625000000e+03 5.361156940460205078e+00 0.000000000000000000e+00
8.641715820312500000e+03 5.652280330657958984e+00 0.000000000000000000e+00
8.643704101562500000e+03 5.641586780548095703e+00 0.000000000000000000e+00
8.645697265625000000e+03 5.533988952636718750e+00 0.000000000000000000e+00
8.647685546875000000e+03 5.297403812408447266e+00 0.000000000000000000e+00
8.649679687500000000e+03 5.750802040100097656e+00 0.000000000000000000e+00
8.651669921875000000e+03 5.435829162597656250e+00 0.000000000000000000e+00
8.653665039062500000e+03 5.090654373168945312e+00 0.000000000000000000e+00
8.655655273437500000e+03 5.533602714538574219e+00 0.000000000000000000e+00
8.657646484375000000e+03 5.681227207183837891e+00 0.000000000000000000e+00
8.659643554687500000e+03 4.976889133453369141e+00 0.000000000000000000e+00
8.661635742187500000e+03 6.355566978454589844e+00 0.000000000000000000e+00
8.663632812500000000e+03 6.540146350860595703e+00 0.000000000000000000e+00
8.665625976562500000e+03 5.494422912597656250e+00 0.000000000000000000e+00
8.667624023437500000e+03 5.037313938140869141e+00 0.000000000000000000e+00
8.669618164062500000e+03 5.635185241699218750e+00 0.000000000000000000e+00
8.671612304687500000e+03 6.444653511047363281e+00 0.000000000000000000e+00
8.673612304687500000e+03 5.121276855468750000e+00 0.000000000000000000e+00
8.675607421875000000e+03 4.731737613677978516e+00 0.000000000000000000e+00
8.677608398437500000e+03 5.163187026977539062e+00 0.000000000000000000e+00
8.679604492187500000e+03 5.362713813781738281e+00 0.000000000000000000e+00
8.681605468750000000e+03 5.804673671722412109e+00 0.000000000000000000e+00
8.683602539062500000e+03 5.468576431274414062e+00 0.000000000000000000e+00
8.685600585937500000e+03 5.559508323669433594e+00 0.000000000000000000e+00
8.687603515625000000e+03 5.424911499023437500e+00 0.000000000000000000e+00
8.689602539062500000e+03 5.747059822082519531e+00 0.000000000000000000e+00
8.691605468750000000e+03 6.211995601654052734e+00 0.000000000000000000e+00
8.693605468750000000e+03 5.344922065734863281e+00 0.000000000000000000e+00
8.695610351562500000e+03 6.197833061218261719e+00 0.000000000000000000e+00
8.697610351562500000e+03 5.834489822387695312e+00 0.000000000000000000e+00
8.699616210937500000e+03 5.298888206481933594e+00 0.000000000000000000e+00
8.701617187500000000e+03 5.836452007293701172e+00 0.000000000000000000e+00
8.703619140625000000e+03 6.447395324707031250e+00 0.000000000000000000e+00
8.705625976562500000e+03 5.323203086853027344e+00 0.000000000000000000e+00
8.707628906250000000e+03 5.406455993652343750e+00 0.000000000000000000e+00
8.709636718750000000e+03 5.375551700592041016e+00 0.000000000000000000e+00
8.711640625000000000e+03 5.559020996093750000e+00 0.000000000000000000e+00
8.713649414062500000e+03 5.430715084075927734e+00 0.000000000000000000e+00
8.715654296875000000e+03 5.143601417541503906e+00 0.000000000000000000e+00
8.717659179687500000e+03 5.918776512145996094e+00 0.000000000000000000e+00
8.719669921875000000e+03 5.989027023315429688e+00 0.000000000000000000e+00
8.721675781250000000e+03 5.562853336334228516e+00 0.000000000000000000e+00
8.723686523437500000e+03 5.633314132690429688e+00 0.000000000000000000e+00
8.725693359375000000e+03 6.040328502655029297e+00 0.000000000000000000e+00
8.727706054687500000e+03 6.107735633850097656e+00 0.000000000000000000e+00
8.729712890625000000e+03 5.766202449798583984e+00 0.000000000000000000e+00
8.731721679687500000e+03 5.749751567840576172e+00 0.000000000000000000e+00
8.733735351562500000e+03 5.116071224212646484e+00 0.000000000000000000e+00
8.735744140625000000e+03 5.568882942199707031e+00 0.000000000000000000e+00
8.737758789062500000e+03 6.055512905120849609e+00 0.000000000000000000e+00
8.739768554687500000e+03 5.570966720581054688e+00 0.000000000000000000e+00
8.741784179687500000e+03 5.356572151184082031e+00 0.000000000000000000e+00
8.743794921875000000e+03 4.811267852783203125e+00 0.000000000000000000e+00
8.745806640625000000e+03 5.813137054443359375e+00 0.000000000000000000e+00
8.747823242187500000e+03 5.642115592956542969e+00 0.000000000000000000e+00
8.749835937500000000e+03 5.400114536285400391e+00 0.000000000000000000e+00
8.751853515625000000e+03 5.917414665222167969e+00 0.000000000000000000e+00
8.753867187500000000e+03 5.021041870117187500e+00 0.000000000000000000e+00
8.755885742187500000e+03 5.288868904113769531e+00 0.000000000000000000e+00
8.757900390625000000e+03 5.375152587890625000e+00 0.000000000000000000e+00
8.759915039062500000e+03 5.578394412994384766e+00 0.000000000000000000e+00
8.761934570312500000e+03 6.866968154907226562e+00 0.000000000000000000e+00
8.763950195312500000e+03 6.975184440612792969e+00 0.000000000000000000e+00
8.765971679687500000e+03 3.208400726318359375e+00 0.000000000000000000e+00
8.767988281250000000e+03 5.474736213684082031e+00 0.000000000000000000e+00
8.770009765625000000e+03 5.379669666290283203e+00 0.000000000000000000e+00
8.772027343750000000e+03 5.557436466217041016e+00 0.000000000000000000e+00
8.774044921875000000e+03 5.827185630798339844e+00 0.000000000000000000e+00
8.776068359375000000e+03 5.095782756805419922e+00 0.000000000000000000e+00
8.778087890625000000e+03 5.977010726928710938e+00 0.000000000000000000e+00
8.780111328125000000e+03 8.855663299560546875e+00 0.000000000000000000e+00
8.782131835937500000e+03 5.472015380859375000e+00 0.000000000000000000e+00
8.784156250000000000e+03 4.414880275726318359e+00 0.000000000000000000e+00
8.786177734375000000e+03 5.946675300598144531e+00 0.000000000000000000e+00
8.788199218750000000e+03 5.874840259552001953e+00 0.000000000000000000e+00
8.790225585937500000e+03 5.297994136810302734e+00 0.000000000000000000e+00
8.792247070312500000e+03 6.761240005493164062e+00 0.000000000000000000e+00
8.794275390625000000e+03 5.980601787567138672e+00 0.000000000000000000e+00
8.796297851562500000e+03 5.117239475250244141e+00 0.000000000000000000e+00
8.798326171875000000e+03 5.684120178222656250e+00 0.000000000000000000e+00
8.800350585937500000e+03 6.401050090789794922e+00 0.000000000000000000e+00
8.802375000000000000e+03 5.544638156890869141e+00 0.000000000000000000e+00
8.804405273437500000e+03 6.004287242889404297e+00 0.000000000000000000e+00
8.806430664062500000e+03 5.759394645690917969e+00 0.000000000000000000e+00
8.808460937500000000e+03 5.648042678833007812e+00 0.000000000000000000e+00
8.810487304687500000e+03 5.742451190948486328e+00 0.000000000000000000e+00
8.812519531250000000e+03 5.690669536590576172e+00 0.000000000000000000e+00
8.814545898437500000e+03 5.754664421081542969e+00 0.000000000000000000e+00
8.816574218750000000e+03 5.491375923156738281e+00 0.000000000000000000e+00
8.818607421875000000e+03 5.801139354705810547e+00 0.000000000000000000e+00
8.820635742187500000e+03 5.088855266571044922e+00 0.000000000000000000e+00
8.822669921875000000e+03 5.193894386291503906e+00 0.000000000000000000e+00
8.824699218750000000e+03 5.275093555450439453e+00 0.000000000000000000e+00
8.826734375000000000e+03 2.749357700347900391e+00 0.000000000000000000e+00
8.828764648437500000e+03 1.144478607177734375e+01 0.000000000000000000e+00
8.830795898437500000e+03 5.229274272918701172e+00 0.000000000000000000e+00
8.832833007812500000e+03 3.214314699172973633e+00 0.000000000000000000e+00
8.834864257812500000e+03 5.392227172851562500e+00 0.000000000000000000e+00
8.836901367187500000e+03 4.631371974945068359e+00 0.000000000000000000e+00
8.838934570312500000e+03 7.695590496063232422e+00 0.000000000000000000e+00
8.840972656250000000e+03 4.890134334564208984e+00 0.000000000000000000e+00
8.843006835937500000e+03 5.380662441253662109e+00 0.000000000000000000e+00
8.845041015625000000e+03 6.158565044403076172e+00 0.000000000000000000e+00
8.847081054687500000e+03 6.039171695709228516e+00 0.000000000000000000e+00
8.849116210937500000e+03 6.321913719177246094e+00 0.000000000000000000e+00
8.851156250000000000e+03 6.405473232269287109e+00 0.000000000000000000e+00
8.853192382812500000e+03 5.035459995269775391e+00 0.000000000000000000e+00
8.855234375000000000e+03 5.009468555450439453e+00 0.000000000000000000e+00
8.857271484375000000e+03 5.628555297851562500e+00 0.000000000000000000e+00
8.859314453125000000e+03 6.135426044464111328e+00 0.000000000000000000e+00
8.861351562500000000e+03 6.175037384033203125e+00 0.000000000000000000e+00
8.863390625000000000e+03 5.373426914215087891e+00 0.000000000000000000e+00
8.865434570312500000e+03 4.603457450866699219e+00 0.000000000000000000e+00
8.867473632812500000e+03 4.901984214782714844e+00 0.000000000000000000e+00
8.869518554687500000e+03 5.679574489593505859e+00 0.000000000000000000e+00
8.871559570312500000e+03 5.928787231445312500e+00 0.000000000000000000e+00
8.873604492187500000e+03 5.539723396301269531e+00 0.000000000000000000e+00
8.875646484375000000e+03 5.485546588897705078e+00 0.000000000000000000e+00
8.877688476562500000e+03 5.645525455474853516e+00 0.000000000000000000e+00
8.879735351562500000e+03 6.251869201660156250e+00 0.000000000000000000e+00
8.881778320312500000e+03 5.985833168029785156e+00 0.000000000000000000e+00
8.883826171875000000e+03 5.719796657562255859e+00 0.000000000000000000e+00
8.885870117187500000e+03 5.453760623931884766e+00 0.000000000000000000e+00
8.887918945312500000e+03 5.187724113464355469e+00 0.000000000000000000e+00
8.889963867187500000e+03 4.921688079833984375e+00 0.000000000000000000e+00
8.892008789062500000e+03 4.230288028717041016e+00 0.000000000000000000e+00
8.894059570312500000e+03 5.616703033447265625e+00 0.000000000000000000e+00
8.896105468750000000e+03 5.670658111572265625e+00 0.000000000000000000e+00
8.898156250000000000e+03 6.049177169799804688e+00 0.000000000000000000e+00
8.900204101562500000e+03 5.632164001464843750e+00 0.000000000000000000e+00
8.902255859375000000e+03 5.673248767852783203e+00 0.000000000000000000e+00
8.904303710937500000e+03 6.961628913879394531e+00 0.000000000000000000e+00
8.906352539062500000e+03 6.377836704254150391e+00 0.000000000000000000e+00
8.908406250000000000e+03 4.582673549652099609e+00 0.000000000000000000e+00
8.910456054687500000e+03 5.824425220489501953e+00 0.000000000000000000e+00
8.912510742187500000e+03 6.184813976287841797e+00 0.000000000000000000e+00
8.914560546875000000e+03 5.723417758941650391e+00 0.000000000000000000e+00
8.916616210937500000e+03 5.184293746948242188e+00 0.000000000000000000e+00
8.918667968750000000e+03 1.639991164207458496e+00 0.000000000000000000e+00
8.920719726562500000e+03 6.788804054260253906e+00 0.000000000000000000e+00
8.922776367187500000e+03 5.086696147918701172e+00 0.000000000000000000e+00
8.924829101562500000e+03 3.188003540039062500e+00 0.000000000000000000e+00
8.926886718750000000e+03 4.996357440948486328e+00 0.000000000000000000e+00
8.928940429687500000e+03 6.314627170562744141e+00 0.000000000000000000e+00
8.931000000000000000e+03 5.560511589050292969e+00 0.000000000000000000e+00
8.933054687500000000e+03 5.369031429290771484e+00 0.000000000000000000e+00
8.935109375000000000e+03 5.819158554077148438e+00 0.000000000000000000e+00
8.937169921875000000e+03 6.128863334655761719e+00 0.000000000000000000e+00
8.939225585937500000e+03 5.745064258575439453e+00 0.000000000000000000e+00
8.941287109375000000e+03 4.973034381866455078e+00 0.000000000000000000e+00
8.943343750000000000e+03 5.142832756042480469e+00 0.000000000000000000e+00
8.945406250000000000e+03 6.458087444305419922e+00 0.000000000000000000e+00
8.947463867187500000e+03 5.214668750762939453e+00 0.000000000000000000e+00
8.949522460937500000e+03 4.700995445251464844e+00 0.000000000000000000e+00
8.951585937500000000e+03 6.021269321441650391e+00 0.000000000000000000e+00
8.953645507812500000e+03 6.338514804840087891e+00 0.000000000000000000e+00
8.955709960937500000e+03 5.476025581359863281e+00 0.000000000000000000e+00
8.957770507812500000e+03 7.160810470581054688e+00 0.000000000000000000e+00
8.959835937500000000e+03 6.200727462768554688e+00 0.000000000000000000e+00
8.961897460937500000e+03 4.560695171356201172e+00 0.000000000000000000e+00
8.963958984375000000e+03 4.373291015625000000e+00 0.000000000000000000e+00
8.966026367187500000e+03 4.795494556427001953e+00 0.000000000000000000e+00
8.968088867187500000e+03 5.747434616088867188e+00 0.000000000000000000e+00
8.970157226562500000e+03 5.944088935852050781e+00 0.000000000000000000e+00
8.972220703125000000e+03 5.942394256591796875e+00 0.000000000000000000e+00
8.974289062500000000e+03 5.945519924163818359e+00 0.000000000000000000e+00
8.976353515625000000e+03 6.073663711547851562e+00 0.000000000000000000e+00
8.978418945312500000e+03 6.149828433990478516e+00 0.000000000000000000e+00
8.980489257812500000e+03 5.170140743255615234e+00 0.000000000000000000e+00
8.982555664062500000e+03 5.860727787017822266e+00 0.000000000000000000e+00
8.984626953125000000e+03 6.177367687225341797e+00 0.000000000000000000e+00
8.986693359375000000e+03 5.953764915466308594e+00 0.000000000000000000e+00
8.988765625000000000e+03 5.923022747039794922e+00 0.000000000000000000e+00
8.990833984375000000e+03 5.747174739837646484e+00 0.000000000000000000e+00
8.992902343750000000e+03 4.288293838500976562e+00 0.000000000000000000e+00
8.994975585937500000e+03 4.908036708831787109e+00 0.000000000000000000e+00
8.997044921875000000e+03 6.130166053771972656e+00 0.000000000000000000e+00
8.999120117187500000e+03 5.776502609252929688e+00 0.000000000000000000e+00
9.001190429687500000e+03 5.387941360473632812e+00 0.000000000000000000e+00
9.003265625000000000e+03 7.415000915527343750e+00 0.000000000000000000e+00
9.005336914062500000e+03 5.151628971099853516e+00 0.000000000000000000e+00
9.007408203125000000e+03 4.678427696228027344e+00 0.000000000000000000e+00
9.009485351562500000e+03 5.222507476806640625e+00 0.000000000000000000e+00
9.011558593750000000e+03 5.418871879577636719e+00 0.000000000000000000e+00
9.013635742187500000e+03 5.255931377410888672e+00 0.000000000000000000e+00
9.015709960937500000e+03 5.215703964233398438e+00 0.000000000000000000e+00
9.017789062500000000e+03 4.876827239990234375e+00 0.000000000000000000e+00
9.019863281250000000e+03 5.950700759887695312e+00 0.000000000000000000e+00
9.021943359375000000e+03 5.995974063873291016e+00 0.000000000000000000e+00
9.024018554687500000e+03 5.087155818939208984e+00 0.000000000000000000e+00
9.026094726562500000e+03 4.751124382019042969e+00 0.000000000000000000e+00
9.028175781250000000e+03 5.115347862243652344e+00 0.000000000000000000e+00
9.030252929687500000e+03 5.139538764953613281e+00 0.000000000000000000e+00
9.032334960937500000e+03 5.804268836975097656e+00 0.000000000000000000e+00
9.034413085937500000e+03 5.763624668121337891e+00 0.000000000000000000e+00
9.036497070312500000e+03 5.522984027862548828e+00 0.000000000000000000e+00
9.038575195312500000e+03 5.747682571411132812e+00 0.000000000000000000e+00
9.040654296875000000e+03 5.317946434020996094e+00 0.000000000000000000e+00
9.042739257812500000e+03 5.174835205078125000e+00 0.000000000000000000e+00
9.044819335937500000e+03 5.560588359832763672e+00 0.000000000000000000e+00
9.046905273437500000e+03 5.707992076873779297e+00 0.000000000000000000e+00
9.048986328125000000e+03 5.667851924896240234e+00 0.000000000000000000e+00
9.051073242187500000e+03 5.525154113769531250e+00 0.000000000000000000e+00
9.053155273437500000e+03 4.815557479858398438e+00 0.000000000000000000e+00
9.055238281250000000e+03 5.440117835998535156e+00 0.000000000000000000e+00
9.057326171875000000e+03 5.668690681457519531e+00 0.000000000000000000e+00
9.059410156250000000e+03 5.782732963562011719e+00 0.000000000000000000e+00
9.061499023437500000e+03 5.787674903869628906e+00 0.000000000000000000e+00
9.063583984375000000e+03 5.603225708007812500e+00 0.000000000000000000e+00
9.065673828125000000e+03 5.901170253753662109e+00 0.000000000000000000e+00
9.067758789062500000e+03 5.202467918395996094e+00 0.000000000000000000e+00
9.069845703125000000e+03 5.412595272064208984e+00 0.000000000000000000e+00
9.071936523437500000e+03 5.590270042419433594e+00 0.000000000000000000e+00
9.074023437500000000e+03 5.430596828460693359e+00 0.000000000000000000e+00
9.076116210937500000e+03 5.490955829620361328e+00 0.000000000000000000e+00
9.078204101562500000e+03 5.385682106018066406e+00 0.000000000000000000e+00
9.080297851562500000e+03 5.428972721099853516e+00 0.000000000000000000e+00
9.082386718750000000e+03 5.464066505432128906e+00 0.000000000000000000e+00
9.084475585937500000e+03 5.915060997009277344e+00 0.000000000000000000e+00
9.086570312500000000e+03 6.283595561981201172e+00 0.000000000000000000e+00
9.088661132812500000e+03 5.904800415039062500e+00 0.000000000000000000e+00
9.090756835937500000e+03 5.801671981811523438e+00 0.000000000000000000e+00
9.092848632812500000e+03 6.042515754699707031e+00 0.000000000000000000e+00
9.094945312500000000e+03 5.762697219848632812e+00 0.000000000000000000e+00
9.097037109375000000e+03 5.836080551147460938e+00 0.000000000000000000e+00
9.099129882812500000e+03 5.837164402008056641e+00 0.000000000000000000e+00
9.101228515625000000e+03 5.020502090454101562e+00 0.000000000000000000e+00
9.103322265625000000e+03 5.611744403839111328e+00 0.000000000000000000e+00
9.105420898437500000e+03 5.785424232482910156e+00 0.000000000000000000e+00
9.107515625000000000e+03 5.140482902526855469e+00 0.000000000000000000e+00
9.109616210937500000e+03 5.169716358184814453e+00 0.000000000000000000e+00
9.111711914062500000e+03 5.810150146484375000e+00 0.000000000000000000e+00
9.113807617187500000e+03 5.621056079864501953e+00 0.000000000000000000e+00
9.115909179687500000e+03 5.345982074737548828e+00 0.000000000000000000e+00
9.118006835937500000e+03 5.626540184020996094e+00 0.000000000000000000e+00
9.120109375000000000e+03 5.766426086425781250e+00 0.000000000000000000e+00
9.122207031250000000e+03 5.832205772399902344e+00 0.000000000000000000e+00
9.124310546875000000e+03 5.918127536773681641e+00 0.000000000000000000e+00
9.126410156250000000e+03 5.841724872589111328e+00 0.000000000000000000e+00
9.128509765625000000e+03 5.801263332366943359e+00 0.000000000000000000e+00
9.130614257812500000e+03 5.312761306762695312e+00 0.000000000000000000e+00
9.132714843750000000e+03 5.839407444000244141e+00 0.000000000000000000e+00
9.134821289062500000e+03 5.805305480957031250e+00 0.000000000000000000e+00
9.136921875000000000e+03 5.227949619293212891e+00 0.000000000000000000e+00
9.139029296875000000e+03 6.282490253448486328e+00 0.000000000000000000e+00
9.141131835937500000e+03 6.488539695739746094e+00 0.000000000000000000e+00
9.143234375000000000e+03 5.652813434600830078e+00 0.000000000000000000e+00
9.145342773437500000e+03 5.129570007324218750e+00 0.000000000000000000e+00
9.147447265625000000e+03 4.880602359771728516e+00 0.000000000000000000e+00
9.149556640625000000e+03 4.935673236846923828e+00 0.000000000000000000e+00
9.151661132812500000e+03 5.837832450866699219e+00 0.000000000000000000e+00
9.153771484375000000e+03 6.163640499114990234e+00 0.000000000000000000e+00
9.155876953125000000e+03 5.808152198791503906e+00 0.000000000000000000e+00
9.157983398437500000e+03 5.807369232177734375e+00 0.000000000000000000e+00
9.160095703125000000e+03 6.121976375579833984e+00 0.000000000000000000e+00
9.162203125000000000e+03 6.205256938934326172e+00 0.000000000000000000e+00
9.164315429687500000e+03 5.943975925445556641e+00 0.000000000000000000e+00
9.166423828125000000e+03 5.653726100921630859e+00 0.000000000000000000e+00
9.168537109375000000e+03 5.169281482696533203e+00 0.000000000000000000e+00
9.170646484375000000e+03 5.382698059082031250e+00 0.000000000000000000e+00
9.172761718750000000e+03 5.340433120727539062e+00 0.000000000000000000e+00
9.174871093750000000e+03 4.932856082916259766e+00 0.000000000000000000e+00
9.176982421875000000e+03 5.930028438568115234e+00 0.000000000000000000e+00
9.179098632812500000e+03 5.827235221862792969e+00 0.000000000000000000e+00
9.181209960937500000e+03 5.648438453674316406e+00 0.000000000000000000e+00
9.183327148437500000e+03 5.926144599914550781e+00 0.000000000000000000e+00
9.185439453125000000e+03 6.189060211181640625e+00 0.000000000000000000e+00
9.187557617187500000e+03 6.087091445922851562e+00 0.000000000000000000e+00
9.189671875000000000e+03 6.017962455749511719e+00 0.000000000000000000e+00
9.191785156250000000e+03 5.569490432739257812e+00 0.000000000000000000e+00
9.193905273437500000e+03 5.214068889617919922e+00 0.000000000000000000e+00
9.196020507812500000e+03 5.071224212646484375e+00 0.000000000000000000e+00
9.198140625000000000e+03 5.114763259887695312e+00 0.000000000000000000e+00
9.200256835937500000e+03 5.397738933563232422e+00 0.000000000000000000e+00
9.202378906250000000e+03 5.848618030548095703e+00 0.000000000000000000e+00
9.204495117187500000e+03 5.522633552551269531e+00 0.000000000000000000e+00
9.206613281250000000e+03 5.638940334320068359e+00 0.000000000000000000e+00
9.208736328125000000e+03 5.782773494720458984e+00 0.000000000000000000e+00
9.210854492187500000e+03 5.723656654357910156e+00 0.000000000000000000e+00
9.212978515625000000e+03 5.807142734527587891e+00 0.000000000000000000e+00
9.215097656250000000e+03 5.944432258605957031e+00 0.000000000000000000e+00
9.217222656250000000e+03 4.749808311462402344e+00 0.000000000000000000e+00
9.219342773437500000e+03 5.277340412139892578e+00 0.000000000000000000e+00
9.221463867187500000e+03 6.175066947937011719e+00 0.000000000000000000e+00
9.223590820312500000e+03 6.235910415649414062e+00 0.000000000000000000e+00
9.225712890625000000e+03 5.898454666137695312e+00 0.000000000000000000e+00
9.227839843750000000e+03 5.801682949066162109e+00 0.000000000000000000e+00
9.229962890625000000e+03 5.908634662628173828e+00 0.000000000000000000e+00
9.232090820312500000e+03 5.645046234130859375e+00 0.000000000000000000e+00
9.234214843750000000e+03 5.829869270324707031e+00 0.000000000000000000e+00
9.236338867187500000e+03 6.103887557983398438e+00 0.000000000000000000e+00
9.238468750000000000e+03 5.540746212005615234e+00 0.000000000000000000e+00
9.240594726562500000e+03 5.289265155792236328e+00 0.000000000000000000e+00
9.242725585937500000e+03 6.147095680236816406e+00 0.000000000000000000e+00
9.244851562500000000e+03 5.620402336120605469e+00 0.000000000000000000e+00
9.246983398437500000e+03 5.328952312469482422e+00 0.000000000000000000e+00
9.249110351562500000e+03 5.670749664306640625e+00 0.000000000000000000e+00
9.251238281250000000e+03 5.469985008239746094e+00 0.000000000000000000e+00
9.253372070312500000e+03 6.000156402587890625e+00 0.000000000000000000e+00
9.255500976562500000e+03 5.318284511566162109e+00 0.000000000000000000e+00
9.257634765625000000e+03 5.525341510772705078e+00 0.000000000000000000e+00
9.259764648437500000e+03 5.953430175781250000e+00 0.000000000000000000e+00
9.261899414062500000e+03 5.533882141113281250e+00 0.000000000000000000e+00
9.264030273437500000e+03 4.974071025848388672e+00 0.000000000000000000e+00
9.266162109375000000e+03 5.935356140136718750e+00 0.000000000000000000e+00
9.268298828125000000e+03 5.591088771820068359e+00 0.000000000000000000e+00
9.270430664062500000e+03 5.545182704925537109e+00 0.000000000000000000e+00
9.272568359375000000e+03 5.574002265930175781e+00 0.000000000000000000e+00
9.274701171875000000e+03 5.174911975860595703e+00 0.000000000000000000e+00
9.276839843750000000e+03 5.009220123291015625e+00 0.000000000000000000e+00
9.278974609375000000e+03 5.589188098907470703e+00 0.000000000000000000e+00
9.281109375000000000e+03 5.056676387786865234e+00 0.000000000000000000e+00
9.283249023437500000e+03 4.930669784545898438e+00 0.000000000000000000e+00
9.285384765625000000e+03 5.089673519134521484e+00 0.000000000000000000e+00
9.287526367187500000e+03 5.185249328613281250e+00 0.000000000000000000e+00
9.289662109375000000e+03 5.542074203491210938e+00 0.000000000000000000e+00
9.291804687500000000e+03 5.348114967346191406e+00 0.000000000000000000e+00
9.293942382812500000e+03 4.817117691040039062e+00 0.000000000000000000e+00
9.296080078125000000e+03 4.917245388031005859e+00 0.000000000000000000e+00
9.298223632812500000e+03 5.433269500732421875e+00 0.000000000000000000e+00
9.300363281250000000e+03 5.805922031402587891e+00 0.000000000000000000e+00
9.302507812500000000e+03 5.635042667388916016e+00 0.000000000000000000e+00
9.304647460937500000e+03 4.428908824920654297e+00 0.000000000000000000e+00
9.306792968750000000e+03 6.591325283050537109e+00 0.000000000000000000e+00
9.308934570312500000e+03 6.950197219848632812e+00 0.000000000000000000e+00
9.311076171875000000e+03 4.254624843597412109e+00 0.000000000000000000e+00
9.313222656250000000e+03 1.267542600631713867e+00 0.000000000000000000e+00
9.315365234375000000e+03 1.786255121231079102e+00 0.000000000000000000e+00
9.317513671875000000e+03 2.304967641830444336e+00 0.000000000000000000e+00
9.319657226562500000e+03 1.985409617424011230e+00 0.000000000000000000e+00
9.321805664062500000e+03 2.893846273422241211e+00 0.000000000000000000e+00
9.323950195312500000e+03 6.919868469238281250e+00 0.000000000000000000e+00
9.326095703125000000e+03 9.790336608886718750e+00 0.000000000000000000e+00
9.328246093750000000e+03 5.484782218933105469e+00 0.000000000000000000e+00
9.330391601562500000e+03 4.494444847106933594e+00 0.000000000000000000e+00
9.332543945312500000e+03 5.622123241424560547e+00 0.000000000000000000e+00
9.334690429687500000e+03 4.931092262268066406e+00 0.000000000000000000e+00
9.336842773437500000e+03 4.078412532806396484e+00 0.000000000000000000e+00
9.338991210937500000e+03 5.081009864807128906e+00 0.000000000000000000e+00
9.341144531250000000e+03 5.190493106842041016e+00 0.000000000000000000e+00
9.343293945312500000e+03 5.567493438720703125e+00 0.000000000000000000e+00
9.345443359375000000e+03 4.730019092559814453e+00 0.000000000000000000e+00
9.347597656250000000e+03 5.039032459259033203e+00 0.000000000000000000e+00
9.349748046875000000e+03 6.351543426513671875e+00 0.000000000000000000e+00
9.351904296875000000e+03 6.517331600189208984e+00 0.000000000000000000e+00
9.354055664062500000e+03 5.327892780303955078e+00 0.000000000000000000e+00
9.356212890625000000e+03 5.398952484130859375e+00 0.000000000000000000e+00
9.358365234375000000e+03 5.384808063507080078e+00 0.000000000000000000e+00
9.360518554687500000e+03 5.008485794067382812e+00 0.000000000000000000e+00
9.362676757812500000e+03 5.147139072418212891e+00 0.000000000000000000e+00
9.364830078125000000e+03 5.745623588562011719e+00 0.000000000000000000e+00
9.366990234375000000e+03 4.887971878051757812e+00 0.000000000000000000e+00
9.369144531250000000e+03 4.492950439453125000e+00 0.000000000000000000e+00
9.371305664062500000e+03 5.208772182464599609e+00 0.000000000000000000e+00
9.373460937500000000e+03 3.679680347442626953e+00 0.000000000000000000e+00
9.375617187500000000e+03 2.150588274002075195e+00 0.000000000000000000e+00
9.377779296875000000e+03 2.302001190185546875e+01 0.000000000000000000e+00
9.379936523437500000e+03 -8.016042709350585938e+00 0.000000000000000000e+00
9.382099609375000000e+03 -2.126653909683227539e+00 0.000000000000000000e+00
9.384257812500000000e+03 5.563141345977783203e+00 0.000000000000000000e+00
9.386421875000000000e+03 5.752187252044677734e+00 0.000000000000000000e+00
9.388582031250000000e+03 4.720251560211181641e+00 0.000000000000000000e+00
9.390741210937500000e+03 5.082624912261962891e+00 0.000000000000000000e+00
9.392907226562500000e+03 5.028927803039550781e+00 0.000000000000000000e+00
9.395067382812500000e+03 5.694502353668212891e+00 0.000000000000000000e+00
9.397234375000000000e+03 5.469040393829345703e+00 0.000000000000000000e+00
9.399396484375000000e+03 5.008809089660644531e+00 0.000000000000000000e+00
9.401563476562500000e+03 5.206105709075927734e+00 0.000000000000000000e+00
9.403726562500000000e+03 5.240041255950927734e+00 0.000000000000000000e+00
9.405889648437500000e+03 3.525346040725708008e+00 0.000000000000000000e+00
9.408058593750000000e+03 5.479300975799560547e+00 0.000000000000000000e+00
9.410222656250000000e+03 4.890010833740234375e+00 0.000000000000000000e+00
9.412392578125000000e+03 4.598376274108886719e+00 0.000000000000000000e+00
9.414558593750000000e+03 5.635392665863037109e+00 0.000000000000000000e+00
9.416729492187500000e+03 5.136982440948486328e+00 0.000000000000000000e+00
9.418895507812500000e+03 6.857338428497314453e+00 0.000000000000000000e+00
9.421062500000000000e+03 8.345595359802246094e+00 0.000000000000000000e+00
9.423234375000000000e+03 6.765251636505126953e+00 0.000000000000000000e+00
9.425402343750000000e+03 5.069878578186035156e+00 0.000000000000000000e+00
9.427576171875000000e+03 4.675664424896240234e+00 0.000000000000000000e+00
9.429745117187500000e+03 3.844953536987304688e+00 0.000000000000000000e+00
9.431918945312500000e+03 4.568383693695068359e+00 0.000000000000000000e+00
9.434088867187500000e+03 6.202033519744873047e+00 0.000000000000000000e+00
9.436259765625000000e+03 5.365922927856445312e+00 0.000000000000000000e+00
9.438435546875000000e+03 4.617898464202880859e+00 0.000000000000000000e+00
9.440606445312500000e+03 6.788796424865722656e+00 0.000000000000000000e+00
9.442783203125000000e+03 7.632766723632812500e+00 0.000000000000000000e+00
9.444956054687500000e+03 -2.078880786895751953e+00 0.000000000000000000e+00
9.447133789062500000e+03 4.847723960876464844e+00 0.000000000000000000e+00
9.449307617187500000e+03 5.937537670135498047e+00 0.000000000000000000e+00
9.451481445312500000e+03 3.906230926513671875e+00 0.000000000000000000e+00
9.453660156250000000e+03 6.039093494415283203e+00 0.000000000000000000e+00
9.455834960937500000e+03 4.616502285003662109e+00 0.000000000000000000e+00
9.458015625000000000e+03 5.489602088928222656e+00 0.000000000000000000e+00
9.460191406250000000e+03 6.641222000122070312e+00 0.000000000000000000e+00
9.462373046875000000e+03 3.617127180099487305e+00 0.000000000000000000e+00
9.464549804687500000e+03 2.759080171585083008e+00 0.000000000000000000e+00
9.466727539062500000e+03 6.021079540252685547e+00 0.000000000000000000e+00
9.468910156250000000e+03 4.594748973846435547e+00 0.000000000000000000e+00
9.471088867187500000e+03 4.588114738464355469e+00 0.000000000000000000e+00
9.473272460937500000e+03 4.758997440338134766e+00 0.000000000000000000e+00
9.475452148437500000e+03 1.040100336074829102e+00 0.000000000000000000e+00
9.477636718750000000e+03 6.348463058471679688e+00 0.000000000000000000e+00
9.479817382812500000e+03 1.530050468444824219e+01 0.000000000000000000e+00
9.481998046875000000e+03 -6.929991245269775391e-01 0.000000000000000000e+00
9.484184570312500000e+03 3.387481451034545898e+00 0.000000000000000000e+00
9.486366210937500000e+03 6.425395011901855469e+00 0.000000000000000000e+00
9.488553710937500000e+03 4.548720359802246094e+00 0.000000000000000000e+00
9.490736328125000000e+03 4.187759399414062500e+00 0.000000000000000000e+00
9.492925781250000000e+03 6.491807460784912109e+00 0.000000000000000000e+00
9.495109375000000000e+03 4.268964290618896484e+00 0.000000000000000000e+00
9.497293945312500000e+03 4.986283302307128906e+00 0.000000000000000000e+00
9.499483398437500000e+03 3.896988868713378906e+00 0.000000000000000000e+00
9.501668945312500000e+03 3.808320522308349609e+00 0.000000000000000000e+00
9.503860351562500000e+03 5.292987823486328125e+00 0.000000000000000000e+00
9.506045898437500000e+03 5.181885719299316406e+00 0.000000000000000000e+00
9.508238281250000000e+03 2.609684467315673828e+00 0.000000000000000000e+00
9.510425781250000000e+03 5.810343742370605469e+00 0.000000000000000000e+00
9.512619140625000000e+03 5.246676445007324219e+00 0.000000000000000000e+00
9.514807617187500000e+03 4.709725856781005859e+00 0.000000000000000000e+00
9.516996093750000000e+03 5.492232322692871094e+00 0.000000000000000000e+00
9.519190429687500000e+03 5.049255371093750000e+00 0.000000000000000000e+00
9.521380859375000000e+03 4.435499191284179688e+00 0.000000000000000000e+00
9.523576171875000000e+03 3.474425792694091797e+00 0.000000000000000000e+00
9.525766601562500000e+03 4.346478462219238281e+00 0.000000000000000000e+00
9.527963867187500000e+03 5.007798194885253906e+00 0.000000000000000000e+00
9.530155273437500000e+03 4.999341011047363281e+00 0.000000000000000000e+00
9.532347656250000000e+03 5.415244102478027344e+00 0.000000000000000000e+00
9.534545898437500000e+03 5.473971843719482422e+00 0.000000000000000000e+00
9.536739257812500000e+03 6.018544197082519531e+00 0.000000000000000000e+00
9.538938476562500000e+03 5.298774719238281250e+00 0.000000000000000000e+00
9.541132812500000000e+03 4.707929611206054688e+00 0.000000000000000000e+00
9.543333007812500000e+03 4.823393821716308594e+00 0.000000000000000000e+00
9.545528320312500000e+03 4.813436031341552734e+00 0.000000000000000000e+00
9.547724609375000000e+03 4.888784408569335938e+00 0.000000000000000000e+00
9.549926757812500000e+03 4.779466629028320312e+00 0.000000000000000000e+00
9.552123046875000000e+03 5.482502937316894531e+00 0.000000000000000000e+00
9.554326171875000000e+03 4.940486907958984375e+00 0.000000000000000000e+00
9.556523437500000000e+03 3.645760059356689453e+00 0.000000000000000000e+00
9.558727539062500000e+03 4.234311103820800781e+00 0.000000000000000000e+00
9.560926757812500000e+03 5.399004459381103516e+00 0.000000000000000000e+00
9.563125976562500000e+03 6.358298778533935547e+00 0.000000000000000000e+00
9.565331054687500000e+03 2.778952360153198242e+00 0.000000000000000000e+00
9.567532226562500000e+03 4.455739021301269531e+00 0.000000000000000000e+00
9.569738281250000000e+03 8.488665580749511719e+00 0.000000000000000000e+00
9.571939453125000000e+03 3.288101673126220703e+00 0.000000000000000000e+00
9.574146484375000000e+03 3.914358377456665039e+00 0.000000000000000000e+00
9.576349609375000000e+03 4.722254753112792969e+00 0.000000000000000000e+00
9.578552734375000000e+03 4.737219810485839844e+00 0.000000000000000000e+00
9.580760742187500000e+03 4.788703918457031250e+00 0.000000000000000000e+00
9.582964843750000000e+03 5.180099010467529297e+00 0.000000000000000000e+00
9.585174804687500000e+03 5.414000511169433594e+00 0.000000000000000000e+00
9.587379882812500000e+03 5.326104164123535156e+00 0.000000000000000000e+00
9.589590820312500000e+03 5.732791423797607422e+00 0.000000000000000000e+00
9.591796875000000000e+03 5.452789306640625000e+00 0.000000000000000000e+00
9.594003906250000000e+03 5.262555599212646484e+00 0.000000000000000000e+00
9.596215820312500000e+03 5.432831287384033203e+00 0.000000000000000000e+00
9.598423828125000000e+03 4.935469627380371094e+00 0.000000000000000000e+00
9.600636718750000000e+03 4.901628017425537109e+00 0.000000000000000000e+00
9.602845703125000000e+03 4.972526550292968750e+00 0.000000000000000000e+00
9.605059570312500000e+03 4.718113422393798828e+00 0.000000000000000000e+00
9.607269531250000000e+03 4.945048809051513672e+00 0.000000000000000000e+00
9.609479492187500000e+03 5.446380138397216797e+00 0.000000000000000000e+00
9.611695312500000000e+03 4.879991531372070312e+00 0.000000000000000000e+00
9.613906250000000000e+03 5.068395137786865234e+00 0.000000000000000000e+00
9.616124023437500000e+03 4.908400535583496094e+00 0.000000000000000000e+00
9.618335937500000000e+03 5.117791652679443359e+00 0.000000000000000000e+00
9.620553710937500000e+03 4.882805824279785156e+00 0.000000000000000000e+00
9.622766601562500000e+03 4.035113334655761719e+00 0.000000000000000000e+00
9.624980468750000000e+03 4.283855915069580078e+00 0.000000000000000000e+00
9.627200195312500000e+03 4.744238376617431641e+00 0.000000000000000000e+00
9.629415039062500000e+03 5.821177005767822266e+00 0.000000000000000000e+00
9.631635742187500000e+03 5.797833442687988281e+00 0.000000000000000000e+00
9.633851562500000000e+03 5.084669589996337891e+00 0.000000000000000000e+00
9.636072265625000000e+03 4.880635261535644531e+00 0.000000000000000000e+00
9.638289062500000000e+03 4.975119590759277344e+00 0.000000000000000000e+00
9.640506835937500000e+03 5.159725666046142578e+00 0.000000000000000000e+00
9.642729492187500000e+03 5.150645732879638672e+00 0.000000000000000000e+00
9.644948242187500000e+03 4.546116352081298828e+00 0.000000000000000000e+00
9.647171875000000000e+03 3.990353584289550781e+00 0.000000000000000000e+00
9.649391601562500000e+03 4.380699157714843750e+00 0.000000000000000000e+00
9.651617187500000000e+03 5.267295837402343750e+00 0.000000000000000000e+00
9.653836914062500000e+03 4.564262390136718750e+00 0.000000000000000000e+00
9.656057617187500000e+03 4.855293750762939453e+00 0.000000000000000000e+00
9.658284179687500000e+03 4.655957698822021484e+00 0.000000000000000000e+00
9.660506835937500000e+03 4.518040180206298828e+00 0.000000000000000000e+00
9.662734375000000000e+03 5.529029369354248047e+00 0.000000000000000000e+00
9.664957031250000000e+03 5.458470344543457031e+00 0.000000000000000000e+00
9.667185546875000000e+03 3.884442806243896484e+00 0.000000000000000000e+00
9.669410156250000000e+03 4.810672760009765625e+00 0.000000000000000000e+00
9.671633789062500000e+03 4.995150089263916016e+00 0.000000000000000000e+00
9.673864257812500000e+03 4.290775299072265625e+00 0.000000000000000000e+00
9.676089843750000000e+03 4.902941703796386719e+00 0.000000000000000000e+00
9.678321289062500000e+03 5.116766452789306641e+00 0.000000000000000000e+00
9.680547851562500000e+03 4.364912986755371094e+00 0.000000000000000000e+00
9.682780273437500000e+03 5.839019775390625000e+00 0.000000000000000000e+00
9.685007812500000000e+03 6.567265033721923828e+00 0.000000000000000000e+00
9.687241210937500000e+03 5.061489105224609375e+00 0.000000000000000000e+00
9.689469726562500000e+03 3.963409662246704102e+00 0.000000000000000000e+00
9.691698242187500000e+03 5.642483234405517578e+00 0.000000000000000000e+00
9.693933593750000000e+03 3.056667566299438477e+00 0.000000000000000000e+00
9.696163085937500000e+03 4.333663463592529297e+00 0.000000000000000000e+00
9.698399414062500000e+03 3.441237688064575195e+00 0.000000000000000000e+00
9.700629882812500000e+03 2.146584272384643555e+00 0.000000000000000000e+00
9.702867187500000000e+03 6.011808395385742188e+00 0.000000000000000000e+00
9.705099609375000000e+03 3.631970167160034180e+00 0.000000000000000000e+00
9.707332031250000000e+03 4.426428318023681641e+00 0.000000000000000000e+00
9.709570312500000000e+03 3.268962860107421875e+00 0.000000000000000000e+00
9.711804687500000000e+03 4.533762931823730469e+00 0.000000000000000000e+00
9.714043945312500000e+03 6.627626895904541016e+00 0.000000000000000000e+00
9.716278320312500000e+03 3.042922258377075195e+00 0.000000000000000000e+00
9.718518554687500000e+03 1.825620412826538086e+00 0.000000000000000000e+00
9.720754882812500000e+03 8.195318222045898438e+00 0.000000000000000000e+00
9.722991210937500000e+03 6.579617977142333984e+00 0.000000000000000000e+00
9.725233398437500000e+03 3.113187789916992188e+00 0.000000000000000000e+00
9.727470703125000000e+03 4.122581481933593750e+00 0.000000000000000000e+00
9.729713867187500000e+03 5.421755313873291016e+00 0.000000000000000000e+00
9.731952148437500000e+03 5.520534515380859375e+00 0.000000000000000000e+00
9.734196289062500000e+03 4.788855075836181641e+00 0.000000000000000000e+00
9.736435546875000000e+03 4.479490280151367188e+00 0.000000000000000000e+00
9.738674804687500000e+03 5.130506992340087891e+00 0.000000000000000000e+00
9.740920898437500000e+03 5.467766761779785156e+00 0.000000000000000000e+00
9.743162109375000000e+03 4.251584529876708984e+00 0.000000000000000000e+00
9.745408203125000000e+03 4.453083515167236328e+00 0.000000000000000000e+00
9.747650390625000000e+03 4.643655300140380859e+00 0.000000000000000000e+00
9.749898437500000000e+03 4.660192966461181641e+00 0.000000000000000000e+00
9.752141601562500000e+03 4.876448154449462891e+00 0.000000000000000000e+00
9.754384765625000000e+03 5.030235290527343750e+00 0.000000000000000000e+00
9.756633789062500000e+03 4.764416694641113281e+00 0.000000000000000000e+00
9.758878906250000000e+03 5.568323612213134766e+00 0.000000000000000000e+00
9.761128906250000000e+03 4.728340148925781250e+00 0.000000000000000000e+00
9.763374023437500000e+03 4.733154296875000000e+00 0.000000000000000000e+00
9.765625976562500000e+03 5.175284862518310547e+00 0.000000000000000000e+00
9.767872070312500000e+03 4.749532699584960938e+00 0.000000000000000000e+00
9.770119140625000000e+03 4.400133132934570312e+00 0.000000000000000000e+00
9.772372070312500000e+03 5.655846595764160156e+00 0.000000000000000000e+00
9.774620117187500000e+03 4.737484455108642578e+00 0.000000000000000000e+00
9.776875000000000000e+03 4.423450946807861328e+00 0.000000000000000000e+00
9.779124023437500000e+03 5.172911167144775391e+00 0.000000000000000000e+00
9.781378906250000000e+03 5.281806945800781250e+00 0.000000000000000000e+00
9.783628906250000000e+03 4.379373073577880859e+00 0.000000000000000000e+00
9.785879882812500000e+03 4.898853778839111328e+00 0.000000000000000000e+00
9.788136718750000000e+03 3.113022565841674805e+00 0.000000000000000000e+00
9.790387695312500000e+03 3.114722967147827148e+00 0.000000000000000000e+00
9.792645507812500000e+03 3.116423368453979492e+00 0.000000000000000000e+00
9.794898437500000000e+03 3.118123531341552734e+00 0.000000000000000000e+00
9.797157226562500000e+03 3.119823932647705078e+00 0.000000000000000000e+00
9.799411132812500000e+03 3.121524333953857422e+00 0.000000000000000000e+00
9.801665039062500000e+03 8.183917045593261719e+00 0.000000000000000000e+00
9.803925781250000000e+03 3.943067073822021484e+00 0.000000000000000000e+00
9.806180664062500000e+03 3.684917211532592773e+00 0.000000000000000000e+00
9.808442382812500000e+03 5.017241477966308594e+00 0.000000000000000000e+00
9.810698242187500000e+03 3.798846006393432617e+00 0.000000000000000000e+00
9.812960937500000000e+03 3.574785947799682617e+00 0.000000000000000000e+00
9.815218750000000000e+03 5.838026046752929688e+00 0.000000000000000000e+00
9.817476562500000000e+03 4.003204822540283203e+00 0.000000000000000000e+00
9.819740234375000000e+03 5.050755023956298828e+00 0.000000000000000000e+00
9.821999023437500000e+03 5.802002906799316406e+00 0.000000000000000000e+00
9.824264648437500000e+03 4.999598026275634766e+00 0.000000000000000000e+00
9.826524414062500000e+03 4.138715744018554688e+00 0.000000000000000000e+00
9.828790039062500000e+03 4.597919940948486328e+00 0.000000000000000000e+00
9.831051757812500000e+03 5.188437938690185547e+00 0.000000000000000000e+00
9.833312500000000000e+03 4.326108455657958984e+00 0.000000000000000000e+00
9.835580078125000000e+03 4.301236152648925781e+00 0.000000000000000000e+00
9.837842773437500000e+03 4.441174507141113281e+00 0.000000000000000000e+00
9.840111328125000000e+03 4.655202388763427734e+00 0.000000000000000000e+00
9.842375000000000000e+03 4.925349235534667969e+00 0.000000000000000000e+00
9.844645507812500000e+03 4.041220188140869141e+00 0.000000000000000000e+00
9.846910156250000000e+03 4.204146862030029297e+00 0.000000000000000000e+00
9.849174804687500000e+03 5.874160289764404297e+00 0.000000000000000000e+00
9.851446289062500000e+03 5.522464752197265625e+00 0.000000000000000000e+00
9.853712890625000000e+03 4.008452892303466797e+00 0.000000000000000000e+00
9.855984375000000000e+03 4.130738258361816406e+00 0.000000000000000000e+00
9.858251953125000000e+03 4.437597274780273438e+00 0.000000000000000000e+00
9.860525390625000000e+03 4.203601837158203125e+00 0.000000000000000000e+00
9.862793945312500000e+03 4.593607902526855469e+00 0.000000000000000000e+00
9.865068359375000000e+03 5.379497528076171875e+00 0.000000000000000000e+00
9.867337890625000000e+03 4.868972778320312500e+00 0.000000000000000000e+00
9.869607421875000000e+03 2.908761739730834961e+00 0.000000000000000000e+00
9.871883789062500000e+03 3.899288415908813477e+00 0.000000000000000000e+00
9.874154296875000000e+03 1.017861461639404297e+01 0.000000000000000000e+00
9.876431640625000000e+03 5.221359729766845703e+00 0.000000000000000000e+00
9.878703125000000000e+03 2.641050815582275391e-01 0.000000000000000000e+00
9.880981445312500000e+03 3.574709653854370117e+00 0.000000000000000000e+00
9.883254882812500000e+03 4.301370620727539062e+00 0.000000000000000000e+00
9.885528320312500000e+03 4.554135322570800781e+00 0.000000000000000000e+00
9.887807617187500000e+03 5.592227458953857422e+00 0.000000000000000000e+00
9.890083007812500000e+03 5.626200675964355469e+00 0.000000000000000000e+00
9.892363281250000000e+03 4.126367092132568359e+00 0.000000000000000000e+00
9.894638671875000000e+03 5.084067821502685547e+00 0.000000000000000000e+00
9.896920898437500000e+03 8.575568199157714844e+00 0.000000000000000000e+00
9.899197265625000000e+03 3.835023641586303711e+00 0.000000000000000000e+00
9.901474609375000000e+03 4.645285606384277344e+00 0.000000000000000000e+00
9.903757812500000000e+03 5.094674110412597656e+00 0.000000000000000000e+00
9.906036132812500000e+03 4.078359127044677734e+00 0.000000000000000000e+00
9.908320312500000000e+03 4.490799903869628906e+00 0.000000000000000000e+00
9.910599609375000000e+03 4.809187889099121094e+00 0.000000000000000000e+00
9.912885742187500000e+03 -1.197485327720642090e+00 0.000000000000000000e+00
9.915166015625000000e+03 1.211773300170898438e+01 0.000000000000000000e+00
9.917447265625000000e+03 8.311618804931640625e+00 0.000000000000000000e+00
9.919733398437500000e+03 9.468895196914672852e-01 0.000000000000000000e+00
9.922015625000000000e+03 2.718768835067749023e+00 0.000000000000000000e+00
9.924303710937500000e+03 4.682591438293457031e+00 0.000000000000000000e+00
9.926586914062500000e+03 4.304163932800292969e+00 0.000000000000000000e+00
9.928875976562500000e+03 4.936710357666015625e+00 0.000000000000000000e+00
9.931160156250000000e+03 5.809018611907958984e+00 0.000000000000000000e+00
9.933444335937500000e+03 5.049238681793212891e+00 0.000000000000000000e+00
9.935735351562500000e+03 4.195470809936523438e+00 0.000000000000000000e+00
9.938020507812500000e+03 4.841663837432861328e+00 0.000000000000000000e+00
9.940312500000000000e+03 2.139198303222656250e+00 0.000000000000000000e+00
9.942599609375000000e+03 3.701904535293579102e+00 0.000000000000000000e+00
9.944892578125000000e+03 5.129537105560302734e+00 0.000000000000000000e+00
9.947179687500000000e+03 6.991480827331542969e+00 0.000000000000000000e+00
9.949468750000000000e+03 7.225108146667480469e+00 0.000000000000000000e+00
9.951762695312500000e+03 2.530973672866821289e+00 0.000000000000000000e+00
9.954051757812500000e+03 1.267381668090820312e+00 0.000000000000000000e+00
9.956347656250000000e+03 3.369980335235595703e+00 0.000000000000000000e+00
9.958637695312500000e+03 9.173589706420898438e+00 0.000000000000000000e+00
9.960934570312500000e+03 9.114737510681152344e+00 0.000000000000000000e+00
9.963225585937500000e+03 9.055885314941406250e+00 0.000000000000000000e+00
9.965517578125000000e+03 2.894932270050048828e+00 0.000000000000000000e+00
9.967815429687500000e+03 2.234102249145507812e+00 0.000000000000000000e+00
9.970109375000000000e+03 3.955649375915527344e+00 0.000000000000000000e+00
9.972408203125000000e+03 5.532512664794921875e+00 0.000000000000000000e+00
9.974702148437500000e+03 5.864705562591552734e+00 0.000000000000000000e+00
9.977001953125000000e+03 5.165347099304199219e+00 0.000000000000000000e+00
9.979297851562500000e+03 4.687250137329101562e+00 0.000000000000000000e+00
9.981592773437500000e+03 5.312596321105957031e+00 0.000000000000000000e+00
9.983894531250000000e+03 4.252743244171142578e+00 0.000000000000000000e+00
9.986191406250000000e+03 4.759343147277832031e+00 0.000000000000000000e+00
9.988494140625000000e+03 5.471780776977539062e+00 0.000000000000000000e+00
9.990791992187500000e+03 4.637943744659423828e+00 0.000000000000000000e+00
9.993096679687500000e+03 3.690178871154785156e+00 0.000000000000000000e+00
9.995395507812500000e+03 4.007188320159912109e+00 0.000000000000000000e+00
9.997694335937500000e+03 3.878057003021240234e+00 0.000000000000000000e+00
1.000000000000000000e+04 4.861561775207519531e+00 0.000000000000000000e+00
1.000230566406250000e+04 4.669704437255859375e+00 0.000000000000000000e+00
1.000460156250000000e+04 3.327619552612304688e+00 0.000000000000000000e+00
1.000690820312500000e+04 4.143429756164550781e+00 0.000000000000000000e+00
1.000921582031250000e+04 3.254784345626831055e+00 0.000000000000000000e+00
1.001152441406250000e+04 4.248854637145996094e+00 0.000000000000000000e+00
1.001382226562500000e+04 1.009675788879394531e+01 0.000000000000000000e+00
1.001613085937500000e+04 7.741286277770996094e+00 0.000000000000000000e+00
1.001844042968750000e+04 -1.767952084541320801e+00 0.000000000000000000e+00
1.002074023437500000e+04 2.025666952133178711e+00 0.000000000000000000e+00
1.002305078125000000e+04 5.147499084472656250e+00 0.000000000000000000e+00
1.002536230468750000e+04 7.866049289703369141e+00 0.000000000000000000e+00
1.002767382812500000e+04 4.915439605712890625e+00 0.000000000000000000e+00
1.002997558593750000e+04 2.768915891647338867e+00 0.000000000000000000e+00
1.003228808593750000e+04 4.894412517547607422e+00 0.000000000000000000e+00
1.003460156250000000e+04 3.802509069442749023e+00 0.000000000000000000e+00
1.003690429687500000e+04 3.967607259750366211e+00 0.000000000000000000e+00
1.003921875000000000e+04 4.626426696777343750e+00 0.000000000000000000e+00
1.004153417968750000e+04 3.929261445999145508e+00 0.000000000000000000e+00
1.004384960937500000e+04 5.067574977874755859e+00 0.000000000000000000e+00
1.004615429687500000e+04 7.989030838012695312e+00 0.000000000000000000e+00
1.004847070312500000e+04 6.363335609436035156e+00 0.000000000000000000e+00
1.005078808593750000e+04 4.515914440155029297e+00 0.000000000000000000e+00
1.005309472656250000e+04 3.799539327621459961e+00 0.000000000000000000e+00
1.005541308593750000e+04 4.566395759582519531e+00 0.000000000000000000e+00
1.005773242187500000e+04 4.768123626708984375e+00 0.000000000000000000e+00
1.006005078125000000e+04 3.974072456359863281e+00 0.000000000000000000e+00
1.006236035156250000e+04 4.755700111389160156e+00 0.000000000000000000e+00
1.006468066406250000e+04 4.319222450256347656e+00 0.000000000000000000e+00
1.006700097656250000e+04 4.596877098083496094e+00 0.000000000000000000e+00
1.006931152343750000e+04 4.938686370849609375e+00 0.000000000000000000e+00
1.007163378906250000e+04 5.281498432159423828e+00 0.000000000000000000e+00
1.007395605468750000e+04 5.203667640686035156e+00 0.000000000000000000e+00
1.007627929687500000e+04 3.601905584335327148e+00 0.000000000000000000e+00
1.007859179687500000e+04 3.734292507171630859e+00 0.000000000000000000e+00
1.008091601562500000e+04 1.840314418077468872e-01 0.000000000000000000e+00
1.008324023437500000e+04 5.002271175384521484e+00 0.000000000000000000e+00
1.008555468750000000e+04 7.958015441894531250e+00 0.000000000000000000e+00
1.008787988281250000e+04 1.438414096832275391e+00 0.000000000000000000e+00
1.009020605468750000e+04 5.301037311553955078e+00 0.000000000000000000e+00
1.009253320312500000e+04 5.528550148010253906e+00 0.000000000000000000e+00
1.009484960937500000e+04 4.556055545806884766e+00 0.000000000000000000e+00
1.009717773437500000e+04 5.803237915039062500e+00 0.000000000000000000e+00
1.009950585937500000e+04 5.707979679107666016e+00 0.000000000000000000e+00
1.010182324218750000e+04 3.678994178771972656e+00 0.000000000000000000e+00
1.010415332031250000e+04 7.198138713836669922e+00 0.000000000000000000e+00
1.010648339843750000e+04 3.365962505340576172e+00 0.000000000000000000e+00
1.010881347656250000e+04 4.397139072418212891e+00 0.000000000000000000e+00
1.011113378906250000e+04 4.889322757720947266e+00 0.000000000000000000e+00
1.011346484375000000e+04 4.119616985321044922e+00 0.000000000000000000e+00
1.011579687500000000e+04 5.296825408935546875e+00 0.000000000000000000e+00
1.011811914062500000e+04 4.739806175231933594e+00 0.000000000000000000e+00
1.012045214843750000e+04 4.674390316009521484e+00 0.000000000000000000e+00
1.012278613281250000e+04 -3.838940262794494629e-01 0.000000000000000000e+00
1.012512011718750000e+04 4.785398960113525391e+00 0.000000000000000000e+00
1.012744335937500000e+04 8.390908241271972656e+00 0.000000000000000000e+00
1.012977929687500000e+04 -1.458800196647644043e+00 0.000000000000000000e+00
1.013211523437500000e+04 3.833116292953491211e+00 0.000000000000000000e+00
1.013444042968750000e+04 5.988822937011718750e+00 0.000000000000000000e+00
1.013677734375000000e+04 5.669350147247314453e+00 0.000000000000000000e+00
1.013911523437500000e+04 5.535464286804199219e+00 0.000000000000000000e+00
1.014145312500000000e+04 5.077320098876953125e+00 0.000000000000000000e+00
1.014378027343750000e+04 3.513485908508300781e+00 0.000000000000000000e+00
1.014611914062500000e+04 3.792823791503906250e+00 0.000000000000000000e+00
1.014845898437500000e+04 6.572191238403320312e+00 0.000000000000000000e+00
1.015078808593750000e+04 3.716408491134643555e+00 0.000000000000000000e+00
1.015312890625000000e+04 3.552454233169555664e+00 0.000000000000000000e+00
1.015547070312500000e+04 6.233963966369628906e+00 0.000000000000000000e+00
1.015781250000000000e+04 4.660959243774414062e+00 0.000000000000000000e+00
1.016014355468750000e+04 2.722290754318237305e+00 0.000000000000000000e+00
1.016248632812500000e+04 4.503449916839599609e+00 0.000000000000000000e+00
1.016483007812500000e+04 4.944510936737060547e+00 0.000000000000000000e+00
1.016716210937500000e+04 4.292851448059082031e+00 0.000000000000000000e+00
1.016950683593750000e+04 5.423964500427246094e+00 0.000000000000000000e+00
1.017185253906250000e+04 1.169526290893554688e+01 0.000000000000000000e+00
1.017419726562500000e+04 2.050918579101562500e+01 0.000000000000000000e+00
1.017653222656250000e+04 2.185373067855834961e+00 0.000000000000000000e+00
1.017887890625000000e+04 1.839555025100708008e+00 0.000000000000000000e+00
1.018122656250000000e+04 6.972375392913818359e+00 0.000000000000000000e+00
1.018356347656250000e+04 6.481757164001464844e+00 0.000000000000000000e+00
1.018591113281250000e+04 6.577512264251708984e+00 0.000000000000000000e+00
1.018826074218750000e+04 -1.826326698064804077e-01 0.000000000000000000e+00
1.019060937500000000e+04 1.400378513336181641e+01 0.000000000000000000e+00
1.019294824218750000e+04 8.570388793945312500e+00 0.000000000000000000e+00
1.019529882812500000e+04 1.772295117378234863e+00 0.000000000000000000e+00
1.019765039062500000e+04 5.759228229522705078e+00 0.000000000000000000e+00
1.019999023437500000e+04 5.864364624023437500e+00 0.000000000000000000e+00
1.020234277343750000e+04 5.790326118469238281e+00 0.000000000000000000e+00
1.020469531250000000e+04 8.643335342407226562e+00 0.000000000000000000e+00
1.020704785156250000e+04 3.903663873672485352e+00 0.000000000000000000e+00
1.020939062500000000e+04 -8.132380843162536621e-01 0.000000000000000000e+00
1.021174511718750000e+04 6.607478857040405273e-01 0.000000000000000000e+00
1.021409960937500000e+04 3.619516134262084961e+00 0.000000000000000000e+00
1.021644433593750000e+04 3.242840290069580078e+00 0.000000000000000000e+00
1.021879980468750000e+04 2.931317806243896484e+00 0.000000000000000000e+00
1.022115625000000000e+04 7.661572933197021484e+00 0.000000000000000000e+00
1.022351367187500000e+04 6.045774936676025391e+00 0.000000000000000000e+00
1.022585937500000000e+04 3.167689085006713867e+00 0.000000000000000000e+00
1.022821777343750000e+04 1.195965194702148438e+01 0.000000000000000000e+00
1.023057617187500000e+04 5.404993534088134766e+00 0.000000000000000000e+00
1.023292382812500000e+04 8.246479988098144531e+00 0.000000000000000000e+00
1.023528417968750000e+04 6.518762111663818359e+00 0.000000000000000000e+00
1.023764355468750000e+04 4.658958435058593750e+00 0.000000000000000000e+00
1.024000488281250000e+04 7.214048862457275391e+00 0.000000000000000000e+00
1.024235449218750000e+04 7.422644615173339844e+00 0.000000000000000000e+00
1.024471679687500000e+04 6.239759445190429688e+00 0.000000000000000000e+00
1.024707910156250000e+04 6.654000759124755859e+00 0.000000000000000000e+00
1.024943066406250000e+04 5.994055271148681641e+00 0.000000000000000000e+00
1.025179394531250000e+04 5.290586948394775391e+00 0.000000000000000000e+00
1.025415820312500000e+04 5.886981964111328125e+00 0.000000000000000000e+00
1.025652343750000000e+04 7.057165622711181641e+00 0.000000000000000000e+00
1.025887695312500000e+04 8.585851669311523438e+00 0.000000000000000000e+00
1.026124218750000000e+04 8.204169273376464844e+00 0.000000000000000000e+00
1.026360839843750000e+04 8.175948143005371094e+00 0.000000000000000000e+00
1.026596386718750000e+04 8.602054595947265625e+00 0.000000000000000000e+00
1.026833105468750000e+04 8.974449157714843750e+00 0.000000000000000000e+00
1.027069921875000000e+04 9.645420074462890625e+00 0.000000000000000000e+00
1.027306738281250000e+04 9.846632957458496094e+00 0.000000000000000000e+00
1.027542578125000000e+04 8.914583206176757812e+00 0.000000000000000000e+00
1.027779492187500000e+04 4.248497009277343750e+00 0.000000000000000000e+00
1.028016503906250000e+04 4.703361511230468750e+00 0.000000000000000000e+00
1.028252441406250000e+04 8.355894088745117188e+00 0.000000000000000000e+00
1.028489550781250000e+04 2.014592409133911133e+00 0.000000000000000000e+00
1.028726660156250000e+04 2.183757066726684570e+00 0.000000000000000000e+00
1.028963964843750000e+04 -5.192884922027587891e+00 0.000000000000000000e+00
1.029200097656250000e+04 -5.279422760009765625e+00 0.000000000000000000e+00
1.029437402343750000e+04 -4.671989977359771729e-01 0.000000000000000000e+00
1.029674804687500000e+04 3.253236293792724609e+00 0.000000000000000000e+00
1.029911132812500000e+04 7.516525268554687500e+00 0.000000000000000000e+00
1.030148632812500000e+04 -6.732360124588012695e-01 0.000000000000000000e+00
1.030386132812500000e+04 4.179582118988037109e+00 0.000000000000000000e+00
1.030623730468750000e+04 5.889015197753906250e+00 0.000000000000000000e+00
1.030860253906250000e+04 4.580641269683837891e+00 0.000000000000000000e+00
1.031097949218750000e+04 7.705414295196533203e+00 0.000000000000000000e+00
1.031335742187500000e+04 9.525626182556152344e+00 0.000000000000000000e+00
1.031573632812500000e+04 3.774538278579711914e+00 0.000000000000000000e+00
1.031810351562500000e+04 9.009552001953125000e+00 0.000000000000000000e+00
1.032048242187500000e+04 8.400778770446777344e+00 0.000000000000000000e+00
1.032286230468750000e+04 3.504887342453002930e+00 0.000000000000000000e+00
1.032523144531250000e+04 4.519698619842529297e+00 0.000000000000000000e+00
1.032761230468750000e+04 7.600866317749023438e+00 0.000000000000000000e+00
1.032999414062500000e+04 5.726035594940185547e+00 0.000000000000000000e+00
1.033237597656250000e+04 5.726035594940185547e+00 0.000000000000000000e+00
1.033474707031250000e+04 5.726035594940185547e+00 0.000000000000000000e+00
1.033713085937500000e+04 5.726035594940185547e+00 0.000000000000000000e+00
1.033951464843750000e+04 5.726035594940185547e+00 0.000000000000000000e+00
1.034188769531250000e+04 5.726035594940185547e+00 0.000000000000000000e+00
1.034427246093750000e+04 5.726035594940185547e+00 0.000000000000000000e+00
1.034665722656250000e+04 5.726035594940185547e+00 0.000000000000000000e+00
1.034904296875000000e+04 5.726035594940185547e+00 0.000000000000000000e+00
1.035141894531250000e+04 5.726035594940185547e+00 0.000000000000000000e+00
1.035380566406250000e+04 5.726035594940185547e+00 0.000000000000000000e+00
1.035619335937500000e+04 5.726035594940185547e+00 0.000000000000000000e+00
1.035856933593750000e+04 5.726035594940185547e+00 0.000000000000000000e+00
1.036095800781250000e+04 5.726035594940185547e+00 0.000000000000000000e+00
1.036334765625000000e+04 5.726035594940185547e+00 0.000000000000000000e+00
1.036573730468750000e+04 5.726035594940185547e+00 0.000000000000000000e+00
1.036811621093750000e+04 5.726035594940185547e+00 0.000000000000000000e+00
1.037050683593750000e+04 5.726035594940185547e+00 0.000000000000000000e+00
1.037289843750000000e+04 5.726035594940185547e+00 0.000000000000000000e+00
1.037527929687500000e+04 5.726035594940185547e+00 0.000000000000000000e+00
1.037767187500000000e+04 5.726035594940185547e+00 0.000000000000000000e+00
1.038006445312500000e+04 5.726035594940185547e+00 0.000000000000000000e+00
1.038245800781250000e+04 5.726035594940185547e+00 0.000000000000000000e+00
1.038484082031250000e+04 5.726035594940185547e+00 0.000000000000000000e+00
1.038723632812500000e+04 5.726035594940185547e+00 0.000000000000000000e+00
1.038963085937500000e+04 5.726035594940185547e+00 0.000000000000000000e+00
1.039201562500000000e+04 5.726035594940185547e+00 0.000000000000000000e+00
1.039441210937500000e+04 5.726035594940185547e+00 0.000000000000000000e+00
1.039680859375000000e+04 5.726035594940185547e+00 0.000000000000000000e+00
1.039920605468750000e+04 5.726035594940185547e+00 0.000000000000000000e+00
